timestamp,fermentador,T,SP,banda,cold,hot,nutricion_activa,freq_nut
2026-02-12 12:28:21,F1,23.1,20.00,0.50,1,0,0,1000.0
2026-02-12 12:28:22,F2,23.1,20.00,0.50,1,0,0,1000.0
2026-02-12 12:28:23,F3,25.4,20.00,0.50,1,0,0,1000.0
2026-02-12 12:28:25,F1,23.1,20.00,0.50,1,0,0,1000.0
2026-02-12 12:28:25,F2,23.0,20.00,0.50,1,0,0,1000.0
2026-02-12 12:28:26,F3,25.4,20.00,0.50,1,0,0,1000.0
2026-02-12 12:28:28,F1,23.1,20.00,0.50,1,0,0,1000.0
2026-02-12 12:28:29,F2,23.0,20.00,0.50,1,0,0,1000.0
2026-02-12 12:28:30,F3,25.4,20.00,0.50,1,0,0,1000.0
2026-02-12 12:28:31,F1,23.1,20.00,0.50,1,0,0,1000.0
2026-02-12 12:28:32,F2,23.0,20.00,0.50,1,0,0,1000.0
2026-02-12 12:28:33,F3,25.4,20.00,0.50,1,0,0,1000.0
2026-02-12 12:28:35,F1,23.1,20.00,0.50,1,0,0,1000.0
2026-02-12 12:28:36,F2,23.0,20.00,0.50,1,0,0,1000.0
2026-02-12 12:28:37,F3,25.4,20.00,0.50,1,0,0,1000.0
2026-02-12 12:28:38,F1,23.1,20.00,0.50,1,0,0,1000.0
2026-02-12 12:28:39,F2,22.9,20.00,0.50,1,0,0,1000.0
2026-02-12 12:28:40,F3,25.4,20.00,0.50,1,0,0,1000.0
2026-02-12 12:28:42,F1,23.1,20.00,0.50,1,0,0,1000.0
2026-02-12 12:28:43,F2,22.9,20.00,0.50,1,0,0,1000.0
2026-02-12 12:28:44,F3,25.4,20.00,0.50,1,0,0,1000.0
2026-02-12 12:28:46,F1,23.1,20.00,0.50,1,0,0,1000.0
2026-02-12 12:28:47,F2,22.9,20.00,0.50,1,0,0,1000.0
2026-02-12 12:28:47,F3,25.4,20.00,0.50,1,0,0,1000.0
2026-02-12 12:28:49,F1,23.1,20.00,0.50,1,0,0,1000.0
2026-02-12 12:28:50,F2,22.9,20.00,0.50,1,0,0,1000.0
2026-02-12 12:28:51,F3,25.4,20.00,0.50,1,0,0,1000.0
2026-02-12 12:28:53,F1,23.1,20.00,0.50,1,0,0,1000.0
2026-02-12 12:28:54,F2,22.9,20.00,0.50,1,0,0,1000.0
2026-02-12 12:28:54,F3,25.4,20.00,0.50,1,0,0,1000.0
2026-02-12 12:28:56,F1,23.1,20.00,0.50,1,0,0,1000.0
2026-02-12 12:28:57,F2,22.9,20.00,0.50,1,0,0,1000.0
2026-02-12 12:28:58,F3,25.4,20.00,0.50,1,0,0,1000.0
2026-02-12 12:29:00,F1,23.1,20.00,0.50,0,0,0,1000.0
2026-02-12 12:29:00,F2,22.9,20.00,0.50,1,0,0,1000.0
2026-02-12 12:29:01,F3,25.4,20.00,0.50,0,0,0,1000.0
2026-02-12 12:29:03,F1,23.1,20.00,0.50,0,0,0,1000.0
2026-02-12 12:29:04,F2,22.9,20.00,0.50,1,0,0,1000.0
2026-02-12 12:29:05,F3,25.4,20.00,0.50,0,0,0,1000.0
2026-02-12 12:29:06,F1,23.1,20.00,0.50,0,0,0,1000.0
2026-02-12 12:29:07,F2,22.8,20.00,0.50,1,0,0,1000.0
2026-02-12 12:29:08,F3,25.4,20.00,0.50,0,0,0,1000.0
2026-02-12 12:29:10,F1,23.1,20.00,0.50,0,0,0,1000.0
2026-02-12 12:29:11,F2,22.8,20.00,0.50,1,0,0,1000.0
2026-02-12 12:29:11,F3,25.4,20.00,0.50,0,0,0,1000.0
2026-02-12 12:29:13,F1,23.1,20.00,0.50,0,0,0,1000.0
2026-02-12 12:29:14,F2,22.8,20.00,0.50,1,0,0,1000.0
2026-02-12 12:29:15,F3,25.4,20.00,0.50,0,0,0,1000.0
2026-02-12 12:29:17,F1,23.1,20.00,0.50,0,0,0,1000.0
2026-02-12 12:29:17,F2,22.8,20.00,0.50,1,0,0,1000.0
2026-02-12 12:29:18,F3,25.4,20.00,0.50,0,0,0,1000.0
2026-02-12 12:29:20,F1,23.1,20.00,0.50,0,0,0,1000.0
2026-02-12 12:29:21,F2,22.8,20.00,0.50,1,0,0,1000.0
2026-02-12 12:29:22,F3,25.4,20.00,0.50,0,0,0,1000.0
2026-02-12 12:29:23,F1,23.1,20.00,0.50,0,0,0,1000.0
2026-02-12 12:29:24,F2,22.8,20.00,0.50,1,0,0,1000.0
2026-02-12 12:29:25,F3,25.4,20.00,0.50,0,0,0,1000.0
2026-02-12 12:29:27,F1,23.1,20.00,0.50,0,0,0,1000.0
2026-02-12 12:29:28,F2,22.7,20.00,0.50,1,0,0,1000.0
2026-02-12 12:29:28,F3,25.4,20.00,0.50,0,0,0,1000.0
2026-02-12 12:29:30,F1,23.1,20.00,0.50,0,0,0,1000.0
2026-02-12 12:29:31,F2,22.6,20.00,0.50,1,0,0,1000.0
2026-02-12 12:29:32,F3,25.4,20.00,0.50,0,0,0,1000.0
2026-02-12 12:29:34,F1,23.1,20.00,0.50,0,0,0,1000.0
2026-02-12 12:29:34,F2,22.6,20.00,0.50,1,0,0,1000.0
2026-02-12 12:29:35,F3,25.4,20.00,0.50,0,0,0,1000.0
2026-02-12 12:29:37,F1,23.1,20.00,0.50,0,0,0,1000.0
2026-02-12 12:29:38,F2,22.6,20.00,0.50,1,0,0,1000.0
2026-02-12 12:29:39,F3,25.4,20.00,0.50,0,0,0,1000.0
2026-02-12 12:29:40,F1,23.1,20.00,0.50,0,0,0,1000.0
2026-02-12 12:29:41,F2,22.6,20.00,0.50,1,0,0,1000.0
2026-02-12 12:29:42,F3,25.4,20.00,0.50,0,0,0,1000.0
2026-02-12 12:29:44,F1,23.1,20.00,0.50,0,0,0,1000.0
2026-02-12 12:29:45,F2,22.6,20.00,0.50,1,0,0,1000.0
2026-02-12 12:29:45,F3,25.4,20.00,0.50,0,0,0,1000.0
2026-02-12 12:29:47,F1,23.1,20.00,0.50,0,0,0,1000.0
2026-02-12 12:29:48,F2,22.6,20.00,0.50,1,0,0,1000.0
2026-02-12 12:29:49,F3,25.4,20.00,0.50,0,0,0,1000.0
2026-02-12 12:29:51,F1,23.1,20.00,0.50,0,0,0,1000.0
2026-02-12 12:29:51,F2,22.6,20.00,0.50,1,0,0,1000.0
2026-02-12 12:29:52,F3,25.4,20.00,0.50,0,0,0,1000.0
2026-02-12 12:29:54,F1,23.1,20.00,0.50,0,0,0,1000.0
2026-02-12 12:29:55,F2,22.5,20.00,0.50,1,0,0,1000.0
2026-02-12 12:29:56,F3,25.4,20.00,0.50,0,0,0,1000.0
2026-02-12 12:29:57,F1,23.1,20.00,0.50,0,0,0,1000.0
2026-02-12 12:29:58,F2,22.5,20.00,0.50,1,0,0,1000.0
2026-02-12 12:29:59,F3,25.4,20.00,0.50,0,0,0,1000.0
2026-02-12 12:30:01,F1,23.1,20.00,0.50,0,0,0,1000.0
2026-02-12 12:30:02,F2,22.5,20.00,0.50,1,0,0,1000.0
2026-02-12 12:30:02,F3,25.3,20.00,0.50,0,0,0,1000.0
2026-02-12 12:30:04,F1,23.1,20.00,0.50,0,0,0,1000.0
2026-02-12 12:30:05,F2,22.4,20.00,0.50,1,0,0,1000.0
2026-02-12 12:30:06,F3,25.3,20.00,0.50,0,0,0,1000.0
2026-02-12 12:30:08,F1,23.1,20.00,0.50,0,0,0,1000.0
2026-02-12 12:30:08,F2,22.4,20.00,0.50,1,0,0,1000.0
2026-02-12 12:30:09,F3,25.3,20.00,0.50,0,0,0,1000.0
2026-02-12 12:30:11,F1,23.1,20.00,0.50,0,0,0,1000.0
2026-02-12 12:30:12,F2,22.4,20.00,0.50,1,0,0,1000.0
2026-02-12 12:30:13,F3,25.3,20.00,0.50,0,0,0,1000.0
2026-02-12 12:30:14,F1,23.1,20.00,0.50,0,0,0,1000.0
2026-02-12 12:30:15,F2,22.4,20.00,0.50,1,0,0,1000.0
2026-02-12 12:30:16,F3,25.3,20.00,0.50,0,0,0,1000.0
2026-02-12 12:30:18,F1,23.1,20.00,0.50,0,0,0,1000.0
2026-02-12 12:30:19,F2,22.4,20.00,0.50,1,0,0,1000.0
2026-02-12 12:30:19,F3,25.2,20.00,0.50,0,0,0,1000.0
2026-02-12 12:30:21,F1,23.1,20.00,0.50,0,0,0,1000.0
2026-02-12 12:30:22,F2,22.4,20.00,0.50,1,0,0,1000.0
2026-02-12 12:30:23,F3,25.3,20.00,0.50,0,0,0,1000.0
2026-02-12 12:30:25,F1,23.1,20.00,0.50,0,0,0,1000.0
2026-02-12 12:30:25,F2,22.3,20.00,0.50,1,0,0,1000.0
2026-02-12 12:30:26,F3,25.3,20.00,0.50,0,0,0,1000.0
2026-02-12 12:30:28,F1,23.1,20.00,0.50,0,0,0,1000.0
2026-02-12 12:30:29,F2,22.3,20.00,0.50,1,0,0,1000.0
2026-02-12 12:30:30,F3,25.3,20.00,0.50,0,0,0,1000.0
2026-02-12 12:30:31,F1,23.1,20.00,0.50,0,0,0,1000.0
2026-02-12 12:30:32,F2,22.2,20.00,0.50,1,0,0,1000.0
2026-02-12 12:30:33,F3,25.3,20.00,0.50,0,0,0,1000.0
2026-02-12 12:30:35,F1,23.1,20.00,0.50,0,0,0,1000.0
2026-02-12 12:30:36,F2,22.3,20.00,0.50,1,0,0,1000.0
2026-02-12 12:30:36,F3,25.3,20.00,0.50,0,0,0,1000.0
2026-02-12 12:30:38,F1,23.1,20.00,0.50,0,0,0,1000.0
2026-02-12 12:30:39,F2,22.2,20.00,0.50,1,0,0,1000.0
2026-02-12 12:30:40,F3,25.3,20.00,0.50,0,0,0,1000.0
2026-02-12 12:30:42,F1,23.1,20.00,0.50,0,0,0,1000.0
2026-02-12 12:30:42,F2,22.2,20.00,0.50,1,0,0,1000.0
2026-02-12 12:30:43,F3,25.3,20.00,0.50,0,0,0,1000.0
2026-02-12 12:30:45,F1,23.1,20.00,0.50,0,0,0,1000.0
2026-02-12 12:30:46,F2,22.2,20.00,0.50,1,0,0,1000.0
2026-02-12 12:30:47,F3,25.3,20.00,0.50,0,0,0,1000.0
2026-02-12 12:30:48,F1,23.1,20.00,0.50,0,0,0,1000.0
2026-02-12 12:30:49,F2,22.2,20.00,0.50,1,0,0,1000.0
2026-02-12 12:30:50,F3,25.3,20.00,0.50,0,0,0,1000.0
2026-02-12 12:30:52,F1,23.1,20.00,0.50,0,0,0,1000.0
2026-02-12 12:30:53,F2,22.2,20.00,0.50,1,0,0,1000.0
2026-02-12 12:30:53,F3,25.3,20.00,0.50,0,0,0,1000.0
2026-02-12 12:30:55,F1,23.1,20.00,0.50,0,0,0,1000.0
2026-02-12 12:30:56,F2,22.1,20.00,0.50,1,0,0,1000.0
2026-02-12 12:30:57,F3,25.3,20.00,0.50,0,0,0,1000.0
2026-02-12 12:30:59,F1,23.1,20.00,0.50,0,0,0,1000.0
2026-02-12 12:31:00,F2,22.1,20.00,0.50,1,0,0,1000.0
2026-02-12 12:31:00,F3,25.2,20.00,0.50,0,0,0,1000.0
2026-02-12 12:31:02,F1,23.1,20.00,0.50,0,0,0,1000.0
2026-02-12 12:31:03,F2,22.1,20.00,0.50,1,0,0,1000.0
2026-02-12 12:31:04,F3,25.3,20.00,0.50,0,0,0,1000.0
2026-02-12 12:31:06,F1,23.1,20.00,0.50,0,0,0,1000.0
2026-02-12 12:31:06,F2,22.1,20.00,0.50,1,0,0,1000.0
2026-02-12 12:31:07,F3,25.3,20.00,0.50,0,0,0,1000.0
2026-02-12 12:31:09,F1,23.2,20.00,0.50,0,0,0,1000.0
2026-02-12 12:31:10,F2,22.1,20.00,0.50,1,0,0,1000.0
2026-02-12 12:31:11,F3,25.4,20.00,0.50,0,0,0,1000.0
2026-02-12 12:31:12,F1,23.2,20.00,0.50,0,0,0,1000.0
2026-02-12 12:31:13,F2,22.1,20.00,0.50,1,0,0,1000.0
2026-02-12 12:31:14,F3,25.3,20.00,0.50,0,0,0,1000.0
2026-02-12 12:31:16,F1,23.1,20.00,0.50,0,0,0,1000.0
2026-02-12 12:31:17,F2,22.1,20.00,0.50,1,0,0,1000.0
2026-02-12 12:31:17,F3,25.3,20.00,0.50,0,0,0,1000.0
2026-02-12 12:31:19,F1,23.2,20.00,0.50,0,0,0,1000.0
2026-02-12 12:31:20,F2,22.0,20.00,0.50,1,0,0,1000.0
2026-02-12 12:31:21,F3,25.3,20.00,0.50,0,0,0,1000.0
2026-02-12 12:31:23,F1,23.2,20.00,0.50,0,0,0,1000.0
2026-02-12 12:31:23,F2,22.0,20.00,0.50,1,0,0,1000.0
2026-02-12 12:31:24,F3,25.3,20.00,0.50,0,0,0,1000.0
2026-02-12 12:31:26,F1,23.2,20.00,0.50,0,0,0,1000.0
2026-02-12 12:31:27,F2,22.0,20.00,0.50,1,0,0,1000.0
2026-02-12 12:31:28,F3,25.3,20.00,0.50,0,0,0,1000.0
2026-02-12 12:31:29,F1,23.2,20.00,0.50,0,0,0,1000.0
2026-02-12 12:31:30,F2,21.9,20.00,0.50,1,0,0,1000.0
2026-02-12 12:31:31,F3,25.3,20.00,0.50,0,0,0,1000.0
2026-02-12 12:31:33,F1,23.2,20.00,0.50,0,0,0,1000.0
2026-02-12 12:31:34,F2,21.9,20.00,0.50,1,0,0,1000.0
2026-02-12 12:31:34,F3,25.3,20.00,0.50,0,0,0,1000.0
2026-02-12 12:31:36,F1,23.2,20.00,0.50,0,0,0,1000.0
2026-02-12 12:31:37,F2,21.9,20.00,0.50,1,0,0,1000.0
2026-02-12 12:31:38,F3,25.3,20.00,0.50,0,0,0,1000.0
2026-02-12 12:31:40,F1,23.2,20.00,0.50,0,0,0,1000.0
2026-02-12 12:31:40,F2,21.9,20.00,0.50,1,0,0,1000.0
2026-02-12 12:31:41,F3,25.3,20.00,0.50,0,0,0,1000.0
2026-02-12 12:31:43,F1,23.2,20.00,0.50,0,0,0,1000.0
2026-02-12 12:31:44,F2,21.9,20.00,0.50,1,0,0,1000.0
2026-02-12 12:31:45,F3,25.3,20.00,0.50,0,0,0,1000.0
2026-02-12 12:31:46,F1,23.2,20.00,0.50,0,0,0,1000.0
2026-02-12 12:31:47,F2,21.9,20.00,0.50,1,0,0,1000.0
2026-02-12 12:31:48,F3,25.3,20.00,0.50,0,0,0,1000.0
2026-02-12 12:31:50,F1,23.2,20.00,0.50,0,0,0,1000.0
2026-02-12 12:31:51,F2,21.8,20.00,0.50,1,0,0,1000.0
2026-02-12 12:31:51,F3,25.4,20.00,0.50,0,0,0,1000.0
2026-02-12 12:31:53,F1,23.2,20.00,0.50,0,0,0,1000.0
2026-02-12 12:31:54,F2,21.8,20.00,0.50,1,0,0,1000.0
2026-02-12 12:31:55,F3,25.3,20.00,0.50,0,0,0,1000.0
2026-02-12 12:31:57,F1,23.2,20.00,0.50,0,0,0,1000.0
2026-02-12 12:31:57,F2,21.8,20.00,0.50,1,0,0,1000.0
2026-02-12 12:31:58,F3,25.3,20.00,0.50,0,0,0,1000.0
2026-02-12 12:32:00,F1,23.2,20.00,0.50,0,0,0,1000.0
2026-02-12 12:32:01,F2,21.8,20.00,0.50,1,0,0,1000.0
2026-02-12 12:32:02,F3,25.3,20.00,0.50,0,0,0,1000.0
2026-02-12 12:32:03,F1,23.2,20.00,0.50,0,0,0,1000.0
2026-02-12 12:32:04,F2,21.8,20.00,0.50,1,0,0,1000.0
2026-02-12 12:32:05,F3,25.3,20.00,0.50,0,0,0,1000.0
2026-02-12 12:32:07,F1,23.2,20.00,0.50,0,0,0,1000.0
2026-02-12 12:32:08,F2,21.8,20.00,0.50,1,0,0,1000.0
2026-02-12 12:32:08,F3,25.3,20.00,0.50,0,0,0,1000.0
2026-02-12 12:32:10,F1,23.2,20.00,0.50,0,0,0,1000.0
2026-02-12 12:32:11,F2,21.8,20.00,0.50,1,0,0,1000.0
2026-02-12 12:32:12,F3,25.2,20.00,0.50,0,0,0,1000.0
2026-02-12 12:32:14,F1,23.2,20.00,0.50,0,0,0,1000.0
2026-02-12 12:32:14,F2,21.7,20.00,0.50,1,0,0,1000.0
2026-02-12 12:32:15,F3,25.2,20.00,0.50,0,0,0,1000.0
2026-02-12 12:32:17,F1,23.2,20.00,0.50,0,0,0,1000.0
2026-02-12 12:32:18,F2,21.7,20.00,0.50,1,0,0,1000.0
2026-02-12 12:32:19,F3,25.2,20.00,0.50,0,0,0,1000.0
2026-02-12 12:32:20,F1,23.2,20.00,0.50,0,0,0,1000.0
2026-02-12 12:32:21,F2,21.7,20.00,0.50,1,0,0,1000.0
2026-02-12 12:32:22,F3,25.2,20.00,0.50,0,0,0,1000.0
2026-02-12 12:32:24,F1,23.2,20.00,0.50,0,0,0,1000.0
2026-02-12 12:32:25,F2,21.7,20.00,0.50,1,0,0,1000.0
2026-02-12 12:32:25,F3,25.2,20.00,0.50,0,0,0,1000.0
2026-02-12 12:32:27,F1,23.2,20.00,0.50,0,0,0,1000.0
2026-02-12 12:32:28,F2,21.6,20.00,0.50,1,0,0,1000.0
2026-02-12 12:32:29,F3,25.2,20.00,0.50,0,0,0,1000.0
2026-02-12 12:32:31,F1,23.2,20.00,0.50,0,0,0,1000.0
2026-02-12 12:32:31,F2,21.6,20.00,0.50,1,0,0,1000.0
2026-02-12 12:32:32,F3,25.2,20.00,0.50,0,0,0,1000.0
2026-02-12 12:32:34,F1,23.2,20.00,0.50,0,0,0,1000.0
2026-02-12 12:32:35,F2,21.6,20.00,0.50,1,0,0,1000.0
2026-02-12 12:32:36,F3,25.3,20.00,0.50,0,0,0,1000.0
2026-02-12 12:32:37,F1,23.2,20.00,0.50,0,0,0,1000.0
2026-02-12 12:32:38,F2,21.6,20.00,0.50,1,0,0,1000.0
2026-02-12 12:32:39,F3,25.2,20.00,0.50,0,0,0,1000.0
2026-02-12 12:32:41,F1,23.2,20.00,0.50,0,0,0,1000.0
2026-02-12 12:32:42,F2,21.6,20.00,0.50,1,0,0,1000.0
2026-02-12 12:32:42,F3,25.2,20.00,0.50,0,0,0,1000.0
2026-02-12 12:32:44,F1,23.2,20.00,0.50,0,0,0,1000.0
2026-02-12 12:32:45,F2,21.6,20.00,0.50,1,0,0,1000.0
2026-02-12 12:32:46,F3,25.2,20.00,0.50,0,0,0,1000.0
2026-02-12 12:32:48,F1,23.2,20.00,0.50,0,0,0,1000.0
2026-02-12 12:32:48,F2,21.6,20.00,0.50,1,0,0,1000.0
2026-02-12 12:32:49,F3,25.2,20.00,0.50,0,0,0,1000.0
2026-02-12 12:32:51,F1,23.2,20.00,0.50,0,0,0,1000.0
2026-02-12 12:32:52,F2,21.6,20.00,0.50,1,0,0,1000.0
2026-02-12 12:32:53,F3,25.2,20.00,0.50,0,0,0,1000.0
2026-02-12 12:32:54,F1,23.2,20.00,0.50,0,0,0,1000.0
2026-02-12 12:32:55,F2,21.5,20.00,0.50,1,0,0,1000.0
2026-02-12 12:32:56,F3,25.2,20.00,0.50,0,0,0,1000.0
2026-02-12 12:32:58,F1,23.2,20.00,0.50,0,0,0,1000.0
2026-02-12 12:32:59,F2,21.4,20.00,0.50,1,0,0,1000.0
2026-02-12 12:32:59,F3,25.2,20.00,0.50,0,0,0,1000.0
2026-02-12 12:33:01,F1,23.2,20.00,0.50,0,0,0,1000.0
2026-02-12 12:33:02,F2,21.4,20.00,0.50,1,0,0,1000.0
2026-02-12 12:33:03,F3,25.2,20.00,0.50,0,0,0,1000.0
2026-02-12 12:33:05,F1,23.2,20.00,0.50,0,0,0,1000.0
2026-02-12 12:33:05,F2,21.4,20.00,0.50,1,0,0,1000.0
2026-02-12 12:33:06,F3,25.2,20.00,0.50,0,0,0,1000.0
2026-02-12 12:33:08,F1,23.2,20.00,0.50,0,0,0,1000.0
2026-02-12 12:33:09,F2,21.4,20.00,0.50,1,0,0,1000.0
2026-02-12 12:33:10,F3,25.2,20.00,0.50,0,0,0,1000.0
2026-02-12 12:33:11,F1,23.2,20.00,0.50,0,0,0,1000.0
2026-02-12 12:33:12,F2,21.4,20.00,0.50,1,0,0,1000.0
2026-02-12 12:33:13,F3,25.2,20.00,0.50,0,0,0,1000.0
2026-02-12 12:33:15,F1,23.2,20.00,0.50,0,0,0,1000.0
2026-02-12 12:33:16,F2,21.4,20.00,0.50,1,0,0,1000.0
2026-02-12 12:33:16,F3,25.2,20.00,0.50,0,0,0,1000.0
2026-02-12 12:33:18,F1,23.1,20.00,0.50,0,0,0,1000.0
2026-02-12 12:33:19,F2,21.4,20.00,0.50,1,0,0,1000.0
2026-02-12 12:33:20,F3,25.2,20.00,0.50,0,0,0,1000.0
2026-02-12 12:33:22,F1,23.1,20.00,0.50,0,0,0,1000.0
2026-02-12 12:33:22,F2,21.4,20.00,0.50,1,0,0,1000.0
2026-02-12 12:33:23,F3,25.2,20.00,0.50,0,0,0,1000.0
2026-02-12 12:33:25,F1,23.2,20.00,0.50,0,0,0,1000.0
2026-02-12 12:33:26,F2,21.3,20.00,0.50,1,0,0,1000.0
2026-02-12 12:33:27,F3,25.3,20.00,0.50,0,0,0,1000.0
2026-02-12 12:33:28,F1,23.2,20.00,0.50,0,0,0,1000.0
2026-02-12 12:33:29,F2,21.3,20.00,0.50,1,0,0,1000.0
2026-02-12 12:33:30,F3,25.3,20.00,0.50,0,0,0,1000.0
2026-02-12 12:33:32,F1,23.2,20.00,0.50,0,0,0,1000.0
2026-02-12 12:33:33,F2,21.3,20.00,0.50,1,0,0,1000.0
2026-02-12 12:33:33,F3,25.3,20.00,0.50,0,0,0,1000.0
2026-02-12 12:33:35,F1,23.1,20.00,0.50,0,0,0,1000.0
2026-02-12 12:33:36,F2,21.3,20.00,0.50,1,0,0,1000.0
2026-02-12 12:33:37,F3,25.2,20.00,0.50,0,0,0,1000.0
2026-02-12 12:33:39,F1,23.1,20.00,0.50,0,0,0,1000.0
2026-02-12 12:33:39,F2,21.3,20.00,0.50,1,0,0,1000.0
2026-02-12 12:33:40,F3,25.3,20.00,0.50,0,0,0,1000.0
2026-02-12 12:33:42,F1,23.1,20.00,0.50,0,0,0,1000.0
2026-02-12 12:33:43,F2,21.2,20.00,0.50,1,0,0,1000.0
2026-02-12 12:33:44,F3,25.3,20.00,0.50,0,0,0,1000.0
2026-02-12 12:33:45,F1,23.1,20.00,0.50,0,0,0,1000.0
2026-02-12 12:33:46,F2,21.2,20.00,0.50,1,0,0,1000.0
2026-02-12 12:33:47,F3,25.3,20.00,0.50,0,0,0,1000.0
2026-02-12 12:33:49,F1,23.1,20.00,0.50,0,0,0,1000.0
2026-02-12 12:33:50,F2,21.2,20.00,0.50,1,0,0,1000.0
2026-02-12 12:33:50,F3,25.3,20.00,0.50,0,0,0,1000.0
2026-02-12 12:33:52,F1,23.1,20.00,0.50,0,0,0,1000.0
2026-02-12 12:33:53,F2,21.2,20.00,0.50,1,0,0,1000.0
2026-02-12 12:33:54,F3,25.3,20.00,0.50,0,0,0,1000.0
2026-02-12 12:33:56,F1,23.1,20.00,0.50,0,0,0,1000.0
2026-02-12 12:33:56,F2,21.2,20.00,0.50,1,0,0,1000.0
2026-02-12 12:33:57,F3,25.3,20.00,0.50,0,0,0,1000.0
2026-02-12 12:33:59,F1,23.1,20.00,0.50,0,0,0,1000.0
2026-02-12 12:34:00,F2,21.2,20.00,0.50,1,0,0,1000.0
2026-02-12 12:34:01,F3,25.3,20.00,0.50,0,0,0,1000.0
2026-02-12 12:34:03,F1,23.1,20.00,0.50,0,0,0,1000.0
2026-02-12 12:34:03,F2,21.2,20.00,0.50,1,0,0,1000.0
2026-02-12 12:34:04,F3,25.3,20.00,0.50,0,0,0,1000.0
2026-02-12 12:34:06,F1,23.1,20.00,0.50,0,0,0,1000.0
2026-02-12 12:34:07,F2,21.2,20.00,0.50,1,0,0,1000.0
2026-02-12 12:34:07,F3,25.3,20.00,0.50,0,0,0,1000.0
2026-02-12 12:34:09,F1,23.1,20.00,0.50,0,0,0,1000.0
2026-02-12 12:34:10,F2,21.1,20.00,0.50,1,0,0,1000.0
2026-02-12 12:34:11,F3,25.3,20.00,0.50,0,0,0,1000.0
2026-02-12 12:34:13,F1,23.1,20.00,0.50,0,0,0,1000.0
2026-02-12 12:34:14,F2,21.1,20.00,0.50,1,0,0,1000.0
2026-02-12 12:34:14,F3,25.3,20.00,0.50,0,0,0,1000.0
2026-02-12 12:34:16,F1,23.1,20.00,0.50,0,0,0,1000.0
2026-02-12 12:34:17,F2,21.1,20.00,0.50,1,0,0,1000.0
2026-02-12 12:34:18,F3,25.3,20.00,0.50,0,0,0,1000.0
2026-02-12 12:34:19,F1,23.1,20.00,0.50,0,0,0,1000.0
2026-02-12 12:34:20,F2,21.1,20.00,0.50,1,0,0,1000.0
2026-02-12 12:34:21,F3,25.4,20.00,0.50,0,0,0,1000.0
2026-02-12 12:34:23,F1,23.1,20.00,0.50,0,0,0,1000.0
2026-02-12 12:34:24,F2,21.1,20.00,0.50,1,0,0,1000.0
2026-02-12 12:34:25,F3,25.4,20.00,0.50,0,0,0,1000.0
2026-02-12 12:34:26,F1,23.1,20.00,0.50,0,0,0,1000.0
2026-02-12 12:34:27,F2,21.1,20.00,0.50,1,0,0,1000.0
2026-02-12 12:34:28,F3,25.3,20.00,0.50,0,0,0,1000.0
2026-02-12 12:34:30,F1,23.1,20.00,0.50,0,0,0,1000.0
2026-02-12 12:34:31,F2,21.1,20.00,0.50,1,0,0,1000.0
2026-02-12 12:34:31,F3,25.4,20.00,0.50,0,0,0,1000.0
2026-02-12 12:34:33,F1,23.1,20.00,0.50,0,0,0,1000.0
2026-02-12 12:34:34,F2,21.1,20.00,0.50,1,0,0,1000.0
2026-02-12 12:34:35,F3,25.3,20.00,0.50,0,0,0,1000.0
2026-02-12 12:34:37,F1,23.1,20.00,0.50,0,0,0,1000.0
2026-02-12 12:34:37,F2,21.0,20.00,0.50,1,0,0,1000.0
2026-02-12 12:34:38,F3,25.4,20.00,0.50,0,0,0,1000.0
2026-02-12 12:34:40,F1,23.0,20.00,0.50,0,0,0,1000.0
2026-02-12 12:34:41,F2,21.0,20.00,0.50,1,0,0,1000.0
2026-02-12 12:34:42,F3,25.4,20.00,0.50,0,0,0,1000.0
2026-02-12 12:34:43,F1,23.0,20.00,0.50,0,0,0,1000.0
2026-02-12 12:34:44,F2,21.0,20.00,0.50,1,0,0,1000.0
2026-02-12 12:34:45,F3,25.4,20.00,0.50,0,0,0,1000.0
2026-02-12 12:34:47,F1,23.1,20.00,0.50,0,0,0,1000.0
2026-02-12 12:34:48,F2,21.0,20.00,0.50,1,0,0,1000.0
2026-02-12 12:34:48,F3,25.4,20.00,0.50,0,0,0,1000.0
2026-02-12 12:34:50,F1,23.1,20.00,0.50,0,0,0,1000.0
2026-02-12 12:34:51,F2,20.9,20.00,0.50,1,0,0,1000.0
2026-02-12 12:34:52,F3,25.4,20.00,0.50,0,0,0,1000.0
2026-02-12 12:34:54,F1,23.1,20.00,0.50,0,0,0,1000.0
2026-02-12 12:34:54,F2,20.9,20.00,0.50,1,0,0,1000.0
2026-02-12 12:34:55,F3,25.4,20.00,0.50,0,0,0,1000.0
2026-02-12 12:34:57,F1,23.0,20.00,0.50,0,0,0,1000.0
2026-02-12 12:34:58,F2,20.9,20.00,0.50,1,0,0,1000.0
2026-02-12 12:34:59,F3,25.3,20.00,0.50,0,0,0,1000.0
2026-02-12 12:35:00,F1,23.0,20.00,0.50,0,0,0,1000.0
2026-02-12 12:35:01,F2,20.9,20.00,0.50,1,0,0,1000.0
2026-02-12 12:35:02,F3,25.4,20.00,0.50,0,0,0,1000.0
2026-02-12 12:35:04,F1,23.0,20.00,0.50,0,0,0,1000.0
2026-02-12 12:35:05,F2,20.9,20.00,0.50,1,0,0,1000.0
2026-02-12 12:35:05,F3,25.4,20.00,0.50,0,0,0,1000.0
2026-02-12 12:35:07,F1,23.0,20.00,0.50,0,0,0,1000.0
2026-02-12 12:35:08,F2,20.9,20.00,0.50,1,0,0,1000.0
2026-02-12 12:35:09,F3,25.4,20.00,0.50,0,0,0,1000.0
2026-02-12 12:35:11,F1,23.0,20.00,0.50,0,0,0,1000.0
2026-02-12 12:35:11,F2,20.8,20.00,0.50,1,0,0,1000.0
2026-02-12 12:35:12,F3,25.4,20.00,0.50,0,0,0,1000.0
2026-02-12 12:35:14,F1,23.0,20.00,0.50,0,0,0,1000.0
2026-02-12 12:35:15,F2,20.8,20.00,0.50,1,0,0,1000.0
2026-02-12 12:35:16,F3,25.4,20.00,0.50,0,0,0,1000.0
2026-02-12 12:35:17,F1,23.0,20.00,0.50,0,0,0,1000.0
2026-02-12 12:35:18,F2,20.8,20.00,0.50,1,0,0,1000.0
2026-02-12 12:35:19,F3,25.4,20.00,0.50,0,0,0,1000.0
2026-02-12 12:35:21,F1,23.0,20.00,0.50,0,0,0,1000.0
2026-02-12 12:35:22,F2,20.8,20.00,0.50,1,0,0,1000.0
2026-02-12 12:35:22,F3,25.4,20.00,0.50,0,0,0,1000.0
2026-02-12 12:35:24,F1,23.0,20.00,0.50,0,0,0,1000.0
2026-02-12 12:35:25,F2,20.8,20.00,0.50,1,0,0,1000.0
2026-02-12 12:35:26,F3,25.4,20.00,0.50,0,0,0,1000.0
2026-02-12 12:35:28,F1,23.1,20.00,0.50,0,0,0,1000.0
2026-02-12 12:35:29,F2,20.8,20.00,0.50,1,0,0,1000.0
2026-02-12 12:35:29,F3,25.4,20.00,0.50,0,0,0,1000.0
2026-02-12 12:35:31,F1,23.1,20.00,0.50,0,0,0,1000.0
2026-02-12 12:35:32,F2,20.8,20.00,0.50,1,0,0,1000.0
2026-02-12 12:35:33,F3,25.4,20.00,0.50,0,0,0,1000.0
2026-02-12 12:35:35,F1,23.0,20.00,0.50,0,0,0,1000.0
2026-02-12 12:35:35,F2,20.8,20.00,0.50,1,0,0,1000.0
2026-02-12 12:35:36,F3,25.4,20.00,0.50,0,0,0,1000.0
2026-02-12 12:35:38,F1,23.1,20.00,0.50,0,0,0,1000.0
2026-02-12 12:35:39,F2,20.8,20.00,0.50,1,0,0,1000.0
2026-02-12 12:35:40,F3,25.4,20.00,0.50,0,0,0,1000.0
2026-02-12 12:35:41,F1,23.1,20.00,0.50,0,0,0,1000.0
2026-02-12 12:35:42,F2,20.7,20.00,0.50,1,0,0,1000.0
2026-02-12 12:35:43,F3,25.4,20.00,0.50,0,0,0,1000.0
2026-02-12 12:35:45,F1,23.1,20.00,0.50,0,0,0,1000.0
2026-02-12 12:35:46,F2,20.7,20.00,0.50,1,0,0,1000.0
2026-02-12 12:35:46,F3,25.4,20.00,0.50,0,0,0,1000.0
2026-02-12 12:35:48,F1,23.1,20.00,0.50,0,0,0,1000.0
2026-02-12 12:35:49,F2,20.7,20.00,0.50,1,0,0,1000.0
2026-02-12 12:35:50,F3,25.4,20.00,0.50,0,0,0,1000.0
2026-02-12 12:35:52,F1,23.1,20.00,0.50,0,0,0,1000.0
2026-02-12 12:35:52,F2,20.7,20.00,0.50,1,0,0,1000.0
2026-02-12 12:35:53,F3,25.4,20.00,0.50,0,0,0,1000.0
2026-02-12 12:35:55,F1,23.1,20.00,0.50,0,0,0,1000.0
2026-02-12 12:35:56,F2,20.6,20.00,0.50,1,0,0,1000.0
2026-02-12 12:35:57,F3,25.4,20.00,0.50,0,0,0,1000.0
2026-02-12 12:35:58,F1,23.1,20.00,0.50,0,0,0,1000.0
2026-02-12 12:35:59,F2,20.6,20.00,0.50,1,0,0,1000.0
2026-02-12 12:36:00,F3,25.4,20.00,0.50,0,0,0,1000.0
2026-02-12 12:36:02,F1,23.1,20.00,0.50,0,0,0,1000.0
2026-02-12 12:36:03,F2,20.6,20.00,0.50,1,0,0,1000.0
2026-02-12 12:36:03,F3,25.4,20.00,0.50,0,0,0,1000.0
2026-02-12 12:36:05,F1,23.1,20.00,0.50,0,0,0,1000.0
2026-02-12 12:36:06,F2,20.6,20.00,0.50,1,0,0,1000.0
2026-02-12 12:36:07,F3,25.4,20.00,0.50,0,0,0,1000.0
2026-02-12 12:36:09,F1,23.2,20.00,0.50,0,0,0,1000.0
2026-02-12 12:36:09,F2,20.6,20.00,0.50,1,0,0,1000.0
2026-02-12 12:36:10,F3,25.4,20.00,0.50,0,0,0,1000.0
2026-02-12 12:36:12,F1,23.1,20.00,0.50,0,0,0,1000.0
2026-02-12 12:36:13,F2,20.6,20.00,0.50,1,0,0,1000.0
2026-02-12 12:36:14,F3,25.4,20.00,0.50,0,0,0,1000.0
2026-02-12 12:36:15,F1,23.1,20.00,0.50,0,0,0,1000.0
2026-02-12 12:36:16,F2,20.6,20.00,0.50,1,0,0,1000.0
2026-02-12 12:36:17,F3,25.4,20.00,0.50,0,0,0,1000.0
2026-02-12 12:36:19,F1,23.1,20.00,0.50,0,0,0,1000.0
2026-02-12 12:36:20,F2,20.6,20.00,0.50,1,0,0,1000.0
2026-02-12 12:36:20,F3,25.4,20.00,0.50,0,0,0,1000.0
2026-02-12 12:36:22,F1,23.2,20.00,0.50,0,0,0,1000.0
2026-02-12 12:36:23,F2,20.5,20.00,0.50,1,0,0,1000.0
2026-02-12 12:36:24,F3,25.4,20.00,0.50,0,0,0,1000.0
2026-02-12 12:36:26,F1,23.2,20.00,0.50,0,0,0,1000.0
2026-02-12 12:36:26,F2,20.5,20.00,0.50,1,0,0,1000.0
2026-02-12 12:36:27,F3,25.4,20.00,0.50,0,0,0,1000.0
2026-02-12 12:36:29,F1,23.2,20.00,0.50,0,0,0,1000.0
2026-02-12 12:36:30,F2,20.5,20.00,0.50,1,0,0,1000.0
2026-02-12 12:36:31,F3,25.4,20.00,0.50,0,0,0,1000.0
2026-02-12 12:36:32,F1,23.2,20.00,0.50,0,0,0,1000.0
2026-02-12 12:36:33,F2,20.4,20.00,0.50,1,0,0,1000.0
2026-02-12 12:36:34,F3,25.4,20.00,0.50,0,0,0,1000.0
2026-02-12 12:36:36,F1,23.2,20.00,0.50,0,0,0,1000.0
2026-02-12 12:36:37,F2,20.4,20.00,0.50,1,0,0,1000.0
2026-02-12 12:36:37,F3,25.4,20.00,0.50,0,0,0,1000.0
2026-02-12 12:36:39,F1,23.2,20.00,0.50,0,0,0,1000.0
2026-02-12 12:36:40,F2,20.4,20.00,0.50,1,0,0,1000.0
2026-02-12 12:36:41,F3,25.4,20.00,0.50,0,0,0,1000.0
2026-02-12 12:36:43,F1,23.2,20.00,0.50,0,0,0,1000.0
2026-02-12 12:36:43,F2,20.4,20.00,0.50,1,0,0,1000.0
2026-02-12 12:36:44,F3,25.4,20.00,0.50,0,0,0,1000.0
2026-02-12 12:36:46,F1,23.3,20.00,0.50,0,0,0,1000.0
2026-02-12 12:36:47,F2,20.4,20.00,0.50,1,0,0,1000.0
2026-02-12 12:36:48,F3,25.4,20.00,0.50,0,0,0,1000.0
2026-02-12 12:36:49,F1,23.3,20.00,0.50,0,0,0,1000.0
2026-02-12 12:36:50,F2,20.4,20.00,0.50,1,0,0,1000.0
2026-02-12 12:36:51,F3,25.4,20.00,0.50,0,0,0,1000.0
2026-02-12 12:36:53,F1,23.4,20.00,0.50,0,0,0,1000.0
2026-02-12 12:36:54,F2,20.4,20.00,0.50,1,0,0,1000.0
2026-02-12 12:36:54,F3,25.3,20.00,0.50,0,0,0,1000.0
2026-02-12 12:36:56,F1,23.3,20.00,0.50,0,0,0,1000.0
2026-02-12 12:36:57,F2,20.4,20.00,0.50,1,0,0,1000.0
2026-02-12 12:36:58,F3,25.4,20.00,0.50,0,0,0,1000.0
2026-02-12 12:37:00,F1,23.3,20.00,0.50,0,0,0,1000.0
2026-02-12 12:37:00,F2,20.4,20.00,0.50,1,0,0,1000.0
2026-02-12 12:37:01,F3,25.4,20.00,0.50,0,0,0,1000.0
2026-02-12 12:37:03,F1,23.3,20.00,0.50,0,0,0,1000.0
2026-02-12 12:37:04,F2,20.4,20.00,0.50,1,0,0,1000.0
2026-02-12 12:37:05,F3,25.4,20.00,0.50,0,0,0,1000.0
2026-02-12 12:37:06,F1,23.2,20.00,0.50,0,0,0,1000.0
2026-02-12 12:37:07,F2,20.4,20.00,0.50,1,0,0,1000.0
2026-02-12 12:37:08,F3,25.4,20.00,0.50,0,0,0,1000.0
2026-02-12 12:37:10,F1,23.2,20.00,0.50,0,0,0,1000.0
2026-02-12 12:37:11,F2,20.3,20.00,0.50,1,0,0,1000.0
2026-02-12 12:37:11,F3,25.4,20.00,0.50,0,0,0,1000.0
2026-02-12 12:37:13,F1,23.2,20.00,0.50,0,0,0,1000.0
2026-02-12 12:37:14,F2,20.3,20.00,0.50,1,0,0,1000.0
2026-02-12 12:37:15,F3,25.4,20.00,0.50,0,0,0,1000.0
2026-02-12 12:37:17,F1,23.3,20.00,0.50,0,0,0,1000.0
2026-02-12 12:37:17,F2,20.3,20.00,0.50,1,0,0,1000.0
2026-02-12 12:37:18,F3,25.4,20.00,0.50,0,0,0,1000.0
2026-02-12 12:37:20,F1,23.2,20.00,0.50,0,0,0,1000.0
2026-02-12 12:37:21,F2,20.2,20.00,0.50,1,0,0,1000.0
2026-02-12 12:37:22,F3,25.4,20.00,0.50,0,0,0,1000.0
2026-02-12 12:37:23,F1,23.2,20.00,0.50,0,0,0,1000.0
2026-02-12 12:37:24,F2,20.3,20.00,0.50,1,0,0,1000.0
2026-02-12 12:37:25,F3,25.4,20.00,0.50,0,0,0,1000.0
2026-02-12 12:37:27,F1,23.2,20.00,0.50,0,0,0,1000.0
2026-02-12 12:37:28,F2,20.2,20.00,0.50,1,0,0,1000.0
2026-02-12 12:37:28,F3,25.4,20.00,0.50,0,0,0,1000.0
2026-02-12 12:37:30,F1,23.2,20.00,0.50,0,0,0,1000.0
2026-02-12 12:37:31,F2,20.2,20.00,0.50,1,0,0,1000.0
2026-02-12 12:37:32,F3,25.4,20.00,0.50,0,0,0,1000.0
2026-02-12 12:37:34,F1,23.3,20.00,0.50,0,0,0,1000.0
2026-02-12 12:37:34,F2,20.2,20.00,0.50,1,0,0,1000.0
2026-02-12 12:37:35,F3,25.4,20.00,0.50,0,0,0,1000.0
2026-02-12 12:37:37,F1,23.2,20.00,0.50,0,0,0,1000.0
2026-02-12 12:37:38,F2,20.2,20.00,0.50,1,0,0,1000.0
2026-02-12 12:37:39,F3,25.4,20.00,0.50,0,0,0,1000.0
2026-02-12 12:37:40,F1,23.2,20.00,0.50,0,0,0,1000.0
2026-02-12 12:37:41,F2,20.2,20.00,0.50,1,0,0,1000.0
2026-02-12 12:37:42,F3,25.4,20.00,0.50,0,0,0,1000.0
2026-02-12 12:37:44,F1,23.2,20.00,0.50,0,0,0,1000.0
2026-02-12 12:37:45,F2,20.2,20.00,0.50,1,0,0,1000.0
2026-02-12 12:37:45,F3,25.4,20.00,0.50,0,0,0,1000.0
2026-02-12 12:37:47,F1,23.2,20.00,0.50,0,0,0,1000.0
2026-02-12 12:37:48,F2,20.2,20.00,0.50,1,0,0,1000.0
2026-02-12 12:37:49,F3,25.4,20.00,0.50,0,0,0,1000.0
2026-02-12 12:37:51,F1,23.2,20.00,0.50,0,0,0,1000.0
2026-02-12 12:37:51,F2,20.2,20.00,0.50,1,0,0,1000.0
2026-02-12 12:37:52,F3,25.4,20.00,0.50,0,0,0,1000.0
2026-02-12 12:37:54,F1,23.2,20.00,0.50,0,0,0,1000.0
2026-02-12 12:37:55,F2,20.1,20.00,0.50,1,0,0,1000.0
2026-02-12 12:37:56,F3,25.5,20.00,0.50,0,0,0,1000.0
2026-02-12 12:37:58,F1,23.2,20.00,0.50,0,0,0,1000.0
2026-02-12 12:37:58,F2,20.1,20.00,0.50,1,0,0,1000.0
2026-02-12 12:37:59,F3,25.5,20.00,0.50,0,0,0,1000.0
2026-02-12 12:38:01,F1,23.2,20.00,0.50,0,0,0,1000.0
2026-02-12 12:38:02,F2,20.1,20.00,0.50,1,0,0,1000.0
2026-02-12 12:38:03,F3,25.4,20.00,0.50,0,0,0,1000.0
2026-02-12 12:38:04,F1,23.2,20.00,0.50,0,0,0,1000.0
2026-02-12 12:38:05,F2,20.1,20.00,0.50,1,0,0,1000.0
2026-02-12 12:38:06,F3,25.4,20.00,0.50,0,0,0,1000.0
2026-02-12 12:38:08,F1,23.2,20.00,0.50,0,0,0,1000.0
2026-02-12 12:38:09,F2,20.1,20.00,0.50,1,0,0,1000.0
2026-02-12 12:38:09,F3,25.4,20.00,0.50,0,0,0,1000.0
2026-02-12 12:38:11,F1,23.2,20.00,0.50,0,0,0,1000.0
2026-02-12 12:38:12,F2,20.1,20.00,0.50,1,0,0,1000.0
2026-02-12 12:38:13,F3,25.4,20.00,0.50,0,0,0,1000.0
2026-02-12 12:38:15,F1,23.2,20.00,0.50,0,0,0,1000.0
2026-02-12 12:38:15,F2,20.1,20.00,0.50,1,0,0,1000.0
2026-02-12 12:38:16,F3,25.4,20.00,0.50,0,0,0,1000.0
2026-02-12 12:38:18,F1,23.2,20.00,0.50,0,0,0,1000.0
2026-02-12 12:38:19,F2,20.1,20.00,0.50,1,0,0,1000.0
2026-02-12 12:38:20,F3,25.4,20.00,0.50,0,0,0,1000.0
2026-02-12 12:38:21,F1,23.1,20.00,0.50,0,0,0,1000.0
2026-02-12 12:38:22,F2,20.1,20.00,0.50,1,0,0,1000.0
2026-02-12 12:38:23,F3,25.5,20.00,0.50,0,0,0,1000.0
2026-02-12 12:38:25,F1,23.1,20.00,0.50,0,0,0,1000.0
2026-02-12 12:38:26,F2,20.1,20.00,0.50,1,0,0,1000.0
2026-02-12 12:38:26,F3,25.4,20.00,0.50,0,0,0,1000.0
2026-02-12 12:38:28,F1,23.2,20.00,0.50,0,0,0,1000.0
2026-02-12 12:38:29,F2,20.1,20.00,0.50,1,0,0,1000.0
2026-02-12 12:38:30,F3,25.4,20.00,0.50,0,0,0,1000.0
2026-02-12 12:38:32,F1,23.2,20.00,0.50,0,0,0,1000.0
2026-02-12 12:38:32,F2,20.0,20.00,0.50,1,0,0,1000.0
2026-02-12 12:38:33,F3,25.5,20.00,0.50,0,0,0,1000.0
2026-02-12 12:38:35,F1,23.2,20.00,0.50,0,0,0,1000.0
2026-02-12 12:38:36,F2,20.0,20.00,0.50,1,0,0,1000.0
2026-02-12 12:38:37,F3,25.6,20.00,0.50,0,0,0,1000.0
2026-02-12 12:38:39,F1,23.2,20.00,0.50,0,0,0,1000.0
2026-02-12 12:38:39,F2,19.9,20.00,0.50,1,0,0,1000.0
2026-02-12 12:38:40,F3,25.5,20.00,0.50,0,0,0,1000.0
2026-02-12 12:38:42,F1,23.2,20.00,0.50,0,0,0,1000.0
2026-02-12 12:38:43,F2,19.9,20.00,0.50,1,0,0,1000.0
2026-02-12 12:38:44,F3,25.5,20.00,0.50,0,0,0,1000.0
2026-02-12 12:38:45,F1,23.2,20.00,0.50,0,0,0,1000.0
2026-02-12 12:38:46,F2,19.9,20.00,0.50,1,0,0,1000.0
2026-02-12 12:38:47,F3,25.5,20.00,0.50,0,0,0,1000.0
2026-02-12 12:38:49,F1,23.2,20.00,0.50,0,0,0,1000.0
2026-02-12 12:38:50,F2,19.9,20.00,0.50,1,0,0,1000.0
2026-02-12 12:38:50,F3,25.5,20.00,0.50,0,0,0,1000.0
2026-02-12 12:38:52,F1,23.2,20.00,0.50,0,0,0,1000.0
2026-02-12 12:38:53,F2,19.9,20.00,0.50,1,0,0,1000.0
2026-02-12 12:38:54,F3,25.6,20.00,0.50,0,0,0,1000.0
2026-02-12 12:38:56,F1,23.2,20.00,0.50,0,0,0,1000.0
2026-02-12 12:38:56,F2,19.9,20.00,0.50,1,0,0,1000.0
2026-02-12 12:38:57,F3,25.5,20.00,0.50,0,0,0,1000.0
2026-02-12 12:38:59,F1,23.2,20.00,0.50,0,0,0,1000.0
2026-02-12 12:39:00,F2,19.9,20.00,0.50,1,0,0,1000.0
2026-02-12 12:39:01,F3,25.6,20.00,0.50,0,0,0,1000.0
2026-02-12 12:39:02,F1,23.2,20.00,0.50,0,0,0,1000.0
2026-02-12 12:39:03,F2,19.9,20.00,0.50,1,0,0,1000.0
2026-02-12 12:39:04,F3,25.5,20.00,0.50,0,0,0,1000.0
2026-02-12 12:39:06,F1,23.2,20.00,0.50,0,0,0,1000.0
2026-02-12 12:39:07,F2,19.9,20.00,0.50,1,0,0,1000.0
2026-02-12 12:39:07,F3,25.6,20.00,0.50,0,0,0,1000.0
2026-02-12 12:39:09,F1,23.2,20.00,0.50,0,0,0,1000.0
2026-02-12 12:39:10,F2,19.9,20.00,0.50,1,0,0,1000.0
2026-02-12 12:39:11,F3,25.6,20.00,0.50,0,0,0,1000.0
2026-02-12 12:39:13,F1,23.2,20.00,0.50,0,0,0,1000.0
2026-02-12 12:39:13,F2,19.9,20.00,0.50,1,0,0,1000.0
2026-02-12 12:39:14,F3,25.6,20.00,0.50,0,0,0,1000.0
2026-02-12 12:39:16,F1,23.2,20.00,0.50,0,0,0,1000.0
2026-02-12 12:39:17,F2,19.8,20.00,0.50,1,0,0,1000.0
2026-02-12 12:39:18,F3,25.6,20.00,0.50,0,0,0,1000.0
2026-02-12 12:39:19,F1,23.2,20.00,0.50,0,0,0,1000.0
2026-02-12 12:39:20,F2,19.8,20.00,0.50,1,0,0,1000.0
2026-02-12 12:39:21,F3,25.6,20.00,0.50,0,0,0,1000.0
2026-02-12 12:39:23,F1,23.2,20.00,0.50,0,0,0,1000.0
2026-02-12 12:39:24,F2,19.8,20.00,0.50,1,0,0,1000.0
2026-02-12 12:39:24,F3,25.6,20.00,0.50,0,0,0,1000.0
2026-02-12 12:39:26,F1,23.2,20.00,0.50,0,0,0,1000.0
2026-02-12 12:39:27,F2,19.8,20.00,0.50,1,0,0,1000.0
2026-02-12 12:39:28,F3,25.6,20.00,0.50,0,0,0,1000.0
2026-02-12 12:39:30,F1,23.2,20.00,0.50,0,0,0,1000.0
2026-02-12 12:39:30,F2,19.8,20.00,0.50,1,0,0,1000.0
2026-02-12 12:39:31,F3,25.6,20.00,0.50,0,0,0,1000.0
2026-02-12 12:39:33,F1,23.2,20.00,0.50,0,0,0,1000.0
2026-02-12 12:39:34,F2,19.8,20.00,0.50,1,0,0,1000.0
2026-02-12 12:39:35,F3,25.6,20.00,0.50,0,0,0,1000.0
2026-02-12 12:39:36,F1,23.2,20.00,0.50,0,0,0,1000.0
2026-02-12 12:39:37,F2,19.8,20.00,0.50,1,0,0,1000.0
2026-02-12 12:39:38,F3,25.6,20.00,0.50,0,0,0,1000.0
2026-02-12 12:39:40,F1,23.2,20.00,0.50,0,0,0,1000.0
2026-02-12 12:39:41,F2,19.8,20.00,0.50,1,0,0,1000.0
2026-02-12 12:39:41,F3,25.6,20.00,0.50,0,0,0,1000.0
2026-02-12 12:39:43,F1,23.2,20.00,0.50,0,0,0,1000.0
2026-02-12 12:39:44,F2,19.8,20.00,0.50,1,0,0,1000.0
2026-02-12 12:39:45,F3,25.6,20.00,0.50,0,0,0,1000.0
2026-02-12 12:39:47,F1,23.2,20.00,0.50,0,0,0,1000.0
2026-02-12 12:39:47,F2,19.8,20.00,0.50,1,0,0,1000.0
2026-02-12 12:39:48,F3,25.6,20.00,0.50,0,0,0,1000.0
2026-02-12 12:39:50,F1,23.2,20.00,0.50,0,0,0,1000.0
2026-02-12 12:39:51,F2,19.8,20.00,0.50,1,0,0,1000.0
2026-02-12 12:39:52,F3,25.6,20.00,0.50,0,0,0,1000.0
2026-02-12 12:39:53,F1,23.2,20.00,0.50,0,0,0,1000.0
2026-02-12 12:39:54,F2,19.8,20.00,0.50,1,0,0,1000.0
2026-02-12 12:39:55,F3,25.6,20.00,0.50,0,0,0,1000.0
2026-02-12 12:39:57,F1,23.2,20.00,0.50,0,0,0,1000.0
2026-02-12 12:39:58,F2,19.7,20.00,0.50,1,0,0,1000.0
2026-02-12 12:39:58,F3,25.6,20.00,0.50,0,0,0,1000.0
2026-02-12 12:40:00,F1,23.2,20.00,0.50,0,0,0,1000.0
2026-02-12 12:40:01,F2,19.7,20.00,0.50,1,0,0,1000.0
2026-02-12 12:40:02,F3,25.6,20.00,0.50,0,0,0,1000.0
2026-02-12 12:40:04,F1,23.2,20.00,0.50,0,0,0,1000.0
2026-02-12 12:40:04,F2,19.7,20.00,0.50,1,0,0,1000.0
2026-02-12 12:40:05,F3,25.6,20.00,0.50,0,0,0,1000.0
2026-02-12 12:40:07,F1,23.2,20.00,0.50,0,0,0,1000.0
2026-02-12 12:40:08,F2,19.7,20.00,0.50,1,0,0,1000.0
2026-02-12 12:40:09,F3,25.6,20.00,0.50,0,0,0,1000.0
2026-02-12 12:40:10,F1,23.2,20.00,0.50,0,0,0,1000.0
2026-02-12 12:40:11,F2,19.7,20.00,0.50,1,0,0,1000.0
2026-02-12 12:40:12,F3,25.6,20.00,0.50,0,0,0,1000.0
2026-02-12 12:40:14,F1,23.2,20.00,0.50,0,0,0,1000.0
2026-02-12 12:40:15,F2,19.6,20.00,0.50,1,0,0,1000.0
2026-02-12 12:40:15,F3,25.6,20.00,0.50,0,0,0,1000.0
2026-02-12 12:40:17,F1,23.2,20.00,0.50,0,0,0,1000.0
2026-02-12 12:40:18,F2,19.6,20.00,0.50,1,0,0,1000.0
2026-02-12 12:40:19,F3,25.6,20.00,0.50,0,0,0,1000.0
2026-02-12 12:40:21,F1,23.2,20.00,0.50,0,0,0,1000.0
2026-02-12 12:40:21,F2,19.6,20.00,0.50,1,0,0,1000.0
2026-02-12 12:40:22,F3,25.6,20.00,0.50,0,0,0,1000.0
2026-02-12 12:40:24,F1,23.2,20.00,0.50,0,0,0,1000.0
2026-02-12 12:40:25,F2,19.6,20.00,0.50,1,0,0,1000.0
2026-02-12 12:40:26,F3,25.6,20.00,0.50,0,0,0,1000.0
2026-02-12 12:40:27,F1,23.2,20.00,0.50,0,0,0,1000.0
2026-02-12 12:40:28,F2,19.6,20.00,0.50,1,0,0,1000.0
2026-02-12 12:40:29,F3,25.6,20.00,0.50,0,0,0,1000.0
2026-02-12 12:40:31,F1,23.2,20.00,0.50,0,0,0,1000.0
2026-02-12 12:40:32,F2,19.6,20.00,0.50,1,0,0,1000.0
2026-02-12 12:40:32,F3,25.6,20.00,0.50,0,0,0,1000.0
2026-02-12 12:40:34,F1,23.2,20.00,0.50,0,0,0,1000.0
2026-02-12 12:40:35,F2,19.6,20.00,0.50,1,0,0,1000.0
2026-02-12 12:40:36,F3,25.6,20.00,0.50,0,0,0,1000.0
2026-02-12 12:40:38,F1,23.2,20.00,0.50,0,0,0,1000.0
2026-02-12 12:40:38,F2,19.6,20.00,0.50,1,0,0,1000.0
2026-02-12 12:40:39,F3,25.6,20.00,0.50,0,0,0,1000.0
2026-02-12 12:40:41,F1,23.2,20.00,0.50,0,0,0,1000.0
2026-02-12 12:40:42,F2,19.6,20.00,0.50,1,0,0,1000.0
2026-02-12 12:40:43,F3,25.6,20.00,0.50,0,0,0,1000.0
2026-02-12 12:40:44,F1,23.2,20.00,0.50,0,0,0,1000.0
2026-02-12 12:40:45,F2,19.6,20.00,0.50,1,0,0,1000.0
2026-02-12 12:40:46,F3,25.6,20.00,0.50,0,0,0,1000.0
2026-02-12 12:40:48,F1,23.2,20.00,0.50,0,0,0,1000.0
2026-02-12 12:40:49,F2,19.5,20.00,0.50,0,1,0,1000.0
2026-02-12 12:40:49,F3,25.6,20.00,0.50,0,0,0,1000.0
2026-02-12 12:40:51,F1,23.2,20.00,0.50,0,0,0,1000.0
2026-02-12 12:40:52,F2,19.5,20.00,0.50,0,1,0,1000.0
2026-02-12 12:40:53,F3,25.6,20.00,0.50,0,0,0,1000.0
2026-02-12 12:40:55,F1,23.2,20.00,0.50,0,0,0,1000.0
2026-02-12 12:40:55,F2,19.4,20.00,0.50,0,1,0,1000.0
2026-02-12 12:40:56,F3,25.6,20.00,0.50,0,0,0,1000.0
2026-02-12 12:40:58,F1,23.2,20.00,0.50,0,0,0,1000.0
2026-02-12 12:40:59,F2,19.4,20.00,0.50,0,1,0,1000.0
2026-02-12 12:41:00,F3,25.6,20.00,0.50,0,0,0,1000.0
2026-02-12 12:41:02,F1,23.2,20.00,0.50,0,0,0,1000.0
2026-02-12 12:41:02,F2,19.5,20.00,0.50,0,1,0,1000.0
2026-02-12 12:41:03,F3,25.6,20.00,0.50,0,0,0,1000.0
2026-02-12 12:41:05,F1,23.2,20.00,0.50,0,0,0,1000.0
2026-02-12 12:41:06,F2,19.4,20.00,0.50,0,1,0,1000.0
2026-02-12 12:41:07,F3,25.6,20.00,0.50,0,0,0,1000.0
2026-02-12 12:41:08,F1,23.2,20.00,0.50,0,0,0,1000.0
2026-02-12 12:41:09,F2,19.4,20.00,0.50,0,1,0,1000.0
2026-02-12 12:41:10,F3,25.6,20.00,0.50,0,0,0,1000.0
2026-02-12 12:41:12,F1,23.2,20.00,0.50,0,0,0,1000.0
2026-02-12 12:41:13,F2,19.4,20.00,0.50,0,1,0,1000.0
2026-02-12 12:41:13,F3,25.6,20.00,0.50,0,0,0,1000.0
2026-02-12 12:41:15,F1,23.2,20.00,0.50,0,0,0,1000.0
2026-02-12 12:41:16,F2,19.4,20.00,0.50,0,1,0,1000.0
2026-02-12 12:41:17,F3,25.6,20.00,0.50,0,0,0,1000.0
2026-02-12 12:41:19,F1,23.2,20.00,0.50,0,0,0,1000.0
2026-02-12 12:41:19,F2,19.4,20.00,0.50,0,1,0,1000.0
2026-02-12 12:41:20,F3,25.6,20.00,0.50,0,0,0,1000.0
2026-02-12 12:41:22,F1,23.2,20.00,0.50,0,0,0,1000.0
2026-02-12 12:41:23,F2,19.4,20.00,0.50,0,1,0,1000.0
2026-02-12 12:41:24,F3,25.6,20.00,0.50,0,0,0,1000.0
2026-02-12 12:41:25,F1,23.2,20.00,0.50,0,0,0,1000.0
2026-02-12 12:41:26,F2,19.4,20.00,0.50,0,1,0,1000.0
2026-02-12 12:41:27,F3,25.6,20.00,0.50,0,0,0,1000.0
2026-02-12 12:41:29,F1,23.2,20.00,0.50,0,0,0,1000.0
2026-02-12 12:41:30,F2,19.4,20.00,0.50,0,1,0,1000.0
2026-02-12 12:41:30,F3,25.6,20.00,0.50,0,0,0,1000.0
2026-02-12 12:41:32,F1,23.2,20.00,0.50,0,0,0,1000.0
2026-02-12 12:41:33,F2,19.4,20.00,0.50,0,1,0,1000.0
2026-02-12 12:41:34,F3,25.6,20.00,0.50,0,0,0,1000.0
2026-02-12 12:41:36,F1,23.2,20.00,0.50,0,0,0,1000.0
2026-02-12 12:41:36,F2,19.4,20.00,0.50,0,1,0,1000.0
2026-02-12 12:41:37,F3,25.6,20.00,0.50,0,0,0,1000.0
2026-02-12 12:41:39,F1,23.2,20.00,0.50,0,0,0,1000.0
2026-02-12 12:41:40,F2,19.4,20.00,0.50,0,1,0,1000.0
2026-02-12 12:41:41,F3,25.6,20.00,0.50,0,0,0,1000.0
2026-02-12 12:41:42,F1,23.1,20.00,0.50,0,0,0,1000.0
2026-02-12 12:41:43,F2,19.4,20.00,0.50,0,1,0,1000.0
2026-02-12 12:41:44,F3,25.6,20.00,0.50,0,0,0,1000.0
2026-02-12 12:41:46,F1,23.1,20.00,0.50,0,0,0,1000.0
2026-02-12 12:41:47,F2,19.4,20.00,0.50,0,1,0,1000.0
2026-02-12 12:41:47,F3,25.6,20.00,0.50,0,0,0,1000.0
2026-02-12 12:41:49,F1,23.2,20.00,0.50,0,0,0,1000.0
2026-02-12 12:41:50,F2,19.4,20.00,0.50,0,1,0,1000.0
2026-02-12 12:41:51,F3,25.6,20.00,0.50,0,0,0,1000.0
2026-02-12 12:41:53,F1,23.2,20.00,0.50,0,0,0,1000.0
2026-02-12 12:41:53,F2,19.4,20.00,0.50,0,1,0,1000.0
2026-02-12 12:41:54,F3,25.6,20.00,0.50,0,0,0,1000.0
2026-02-12 12:41:56,F1,23.2,20.00,0.50,0,0,0,1000.0
2026-02-12 12:41:57,F2,19.4,20.00,0.50,0,1,0,1000.0
2026-02-12 12:41:58,F3,25.6,20.00,0.50,0,0,0,1000.0
2026-02-12 12:41:59,F1,23.2,20.00,0.50,0,0,0,1000.0
2026-02-12 12:42:00,F2,19.4,20.00,0.50,0,1,0,1000.0
2026-02-12 12:42:01,F3,25.6,20.00,0.50,0,0,0,1000.0
2026-02-12 12:42:03,F1,23.2,20.00,0.50,0,0,0,1000.0
2026-02-12 12:42:04,F2,19.5,20.00,0.50,0,1,0,1000.0
2026-02-12 12:42:04,F3,25.6,20.00,0.50,0,0,0,1000.0
2026-02-12 12:42:06,F1,23.2,20.00,0.50,0,0,0,1000.0
2026-02-12 12:42:07,F2,19.5,20.00,0.50,0,1,0,1000.0
2026-02-12 12:42:08,F3,25.6,20.00,0.50,0,0,0,1000.0
2026-02-12 12:42:10,F1,23.2,20.00,0.50,0,0,0,1000.0
2026-02-12 12:42:10,F2,19.4,20.00,0.50,0,1,0,1000.0
2026-02-12 12:42:11,F3,25.6,20.00,0.50,0,0,0,1000.0
2026-02-12 12:42:13,F1,23.1,20.00,0.50,0,0,0,1000.0
2026-02-12 12:42:14,F2,19.5,20.00,0.50,0,1,0,1000.0
2026-02-12 12:42:15,F3,25.6,20.00,0.50,0,0,0,1000.0
2026-02-12 12:42:16,F1,23.2,20.00,0.50,0,0,0,1000.0
2026-02-12 12:42:17,F2,19.6,20.00,0.50,0,1,0,1000.0
2026-02-12 12:42:18,F3,25.6,20.00,0.50,0,0,0,1000.0
2026-02-12 12:42:20,F1,23.2,20.00,0.50,0,0,0,1000.0
2026-02-12 12:42:21,F2,19.6,20.00,0.50,0,1,0,1000.0
2026-02-12 12:42:21,F3,25.6,20.00,0.50,0,0,0,1000.0
2026-02-12 12:42:23,F1,23.2,20.00,0.50,0,0,0,1000.0
2026-02-12 12:42:24,F2,19.6,20.00,0.50,0,1,0,1000.0
2026-02-12 12:42:25,F3,25.6,20.00,0.50,0,0,0,1000.0
2026-02-12 12:42:27,F1,23.1,20.00,0.50,0,0,0,1000.0
2026-02-12 12:42:27,F2,19.6,20.00,0.50,0,1,0,1000.0
2026-02-12 12:42:28,F3,25.6,20.00,0.50,0,0,0,1000.0
2026-02-12 12:42:30,F1,23.1,20.00,0.50,0,0,0,1000.0
2026-02-12 12:42:31,F2,19.6,20.00,0.50,0,1,0,1000.0
2026-02-12 12:42:32,F3,25.6,20.00,0.50,0,0,0,1000.0
2026-02-12 12:42:33,F1,23.2,20.00,0.50,0,0,0,1000.0
2026-02-12 12:42:34,F2,19.6,20.00,0.50,0,1,0,1000.0
2026-02-12 12:42:35,F3,25.6,20.00,0.50,0,0,0,1000.0
2026-02-12 12:42:37,F1,23.2,20.00,0.50,0,0,0,1000.0
2026-02-12 12:42:38,F2,19.7,20.00,0.50,0,1,0,1000.0
2026-02-12 12:42:38,F3,25.6,20.00,0.50,0,0,0,1000.0
2026-02-12 12:42:40,F1,23.2,20.00,0.50,0,0,0,1000.0
2026-02-12 12:42:41,F2,19.7,20.00,0.50,0,1,0,1000.0
2026-02-12 12:42:42,F3,25.6,20.00,0.50,0,0,0,1000.0
2026-02-12 12:42:44,F1,23.2,20.00,0.50,0,0,0,1000.0
2026-02-12 12:42:44,F2,19.8,20.00,0.50,0,1,0,1000.0
2026-02-12 12:42:45,F3,25.6,20.00,0.50,0,0,0,1000.0
2026-02-12 12:42:47,F1,23.2,20.00,0.50,0,0,0,1000.0
2026-02-12 12:42:48,F2,19.8,20.00,0.50,0,1,0,1000.0
2026-02-12 12:42:49,F3,25.6,20.00,0.50,0,0,0,1000.0
2026-02-12 12:42:50,F1,23.2,20.00,0.50,0,0,0,1000.0
2026-02-12 12:42:51,F2,19.8,20.00,0.50,0,1,0,1000.0
2026-02-12 12:42:52,F3,25.6,20.00,0.50,0,0,0,1000.0
2026-02-12 12:42:54,F1,23.2,20.00,0.50,0,0,0,1000.0
2026-02-12 12:42:55,F2,19.8,20.00,0.50,0,1,0,1000.0
2026-02-12 12:42:56,F3,25.6,20.00,0.50,0,0,0,1000.0
2026-02-12 12:42:57,F1,23.2,20.00,0.50,0,0,0,1000.0
2026-02-12 12:42:58,F2,19.9,20.00,0.50,0,1,0,1000.0
2026-02-12 12:42:59,F3,25.6,20.00,0.50,0,0,0,1000.0
2026-02-12 12:43:01,F1,23.2,20.00,0.50,0,0,0,1000.0
2026-02-12 12:43:02,F2,19.9,20.00,0.50,0,1,0,1000.0
2026-02-12 12:43:02,F3,25.6,20.00,0.50,0,0,0,1000.0
2026-02-12 12:43:04,F1,23.2,20.00,0.50,0,0,0,1000.0
2026-02-12 12:43:05,F2,19.9,20.00,0.50,0,1,0,1000.0
2026-02-12 12:43:06,F3,25.6,20.00,0.50,0,0,0,1000.0
2026-02-12 12:43:08,F1,23.2,20.00,0.50,0,0,0,1000.0
2026-02-12 12:43:08,F2,20.0,20.00,0.50,0,1,0,1000.0
2026-02-12 12:43:09,F3,25.6,20.00,0.50,0,0,0,1000.0
2026-02-12 12:43:11,F1,23.2,20.00,0.50,0,0,0,1000.0
2026-02-12 12:43:12,F2,20.1,20.00,0.50,0,1,0,1000.0
2026-02-12 12:43:13,F3,25.6,20.00,0.50,0,0,0,1000.0
2026-02-12 12:43:14,F1,23.2,20.00,0.50,0,0,0,1000.0
2026-02-12 12:43:15,F2,20.0,20.00,0.50,0,1,0,1000.0
2026-02-12 12:43:16,F3,25.6,20.00,0.50,0,0,0,1000.0
2026-02-12 12:43:18,F1,23.2,20.00,0.50,0,0,0,1000.0
2026-02-12 12:43:19,F2,20.1,20.00,0.50,0,1,0,1000.0
2026-02-12 12:43:19,F3,25.6,20.00,0.50,0,0,0,1000.0
2026-02-12 12:43:21,F1,23.2,20.00,0.50,0,0,0,1000.0
2026-02-12 12:43:22,F2,20.1,20.00,0.50,0,1,0,1000.0
2026-02-12 12:43:23,F3,25.6,20.00,0.50,0,0,0,1000.0
2026-02-12 12:43:25,F1,23.2,20.00,0.50,0,0,0,1000.0
2026-02-12 12:43:25,F2,20.1,20.00,0.50,0,1,0,1000.0
2026-02-12 12:43:26,F3,25.6,20.00,0.50,0,0,0,1000.0
2026-02-12 12:43:28,F1,23.2,20.00,0.50,0,0,0,1000.0
2026-02-12 12:43:29,F2,20.1,20.00,0.50,0,1,0,1000.0
2026-02-12 12:43:30,F3,25.6,20.00,0.50,0,0,0,1000.0
2026-02-12 12:43:31,F1,23.2,20.00,0.50,0,0,0,1000.0
2026-02-12 12:43:32,F2,20.2,20.00,0.50,0,1,0,1000.0
2026-02-12 12:43:33,F3,25.6,20.00,0.50,0,0,0,1000.0
2026-02-12 12:43:35,F1,23.2,20.00,0.50,0,0,0,1000.0
2026-02-12 12:43:36,F2,20.2,20.00,0.50,0,1,0,1000.0
2026-02-12 12:43:36,F3,25.6,20.00,0.50,0,0,0,1000.0
2026-02-12 12:43:38,F1,23.2,20.00,0.50,0,0,0,1000.0
2026-02-12 12:43:39,F2,20.2,20.00,0.50,0,1,0,1000.0
2026-02-12 12:43:40,F3,25.5,20.00,0.50,0,0,0,1000.0
2026-02-12 12:43:42,F1,23.2,20.00,0.50,0,0,0,1000.0
2026-02-12 12:43:42,F2,20.2,20.00,0.50,0,1,0,1000.0
2026-02-12 12:43:43,F3,25.5,20.00,0.50,0,0,0,1000.0
2026-02-12 12:43:45,F1,23.2,20.00,0.50,0,0,0,1000.0
2026-02-12 12:43:46,F2,20.3,20.00,0.50,0,1,0,1000.0
2026-02-12 12:43:47,F3,25.6,20.00,0.50,0,0,0,1000.0
2026-02-12 12:43:48,F1,23.2,20.00,0.50,0,0,0,1000.0
2026-02-12 12:43:49,F2,20.3,20.00,0.50,0,1,0,1000.0
2026-02-12 12:43:50,F3,25.6,20.00,0.50,0,0,0,1000.0
2026-02-12 12:43:52,F1,23.2,20.00,0.50,0,0,0,1000.0
2026-02-12 12:43:53,F2,20.4,20.00,0.50,0,1,0,1000.0
2026-02-12 12:43:53,F3,25.6,20.00,0.50,0,0,0,1000.0
2026-02-12 12:43:55,F1,23.2,20.00,0.50,0,0,0,1000.0
2026-02-12 12:43:56,F2,20.4,20.00,0.50,0,1,0,1000.0
2026-02-12 12:43:57,F3,25.6,20.00,0.50,0,0,0,1000.0
2026-02-12 12:43:59,F1,23.2,20.00,0.50,0,0,0,1000.0
2026-02-12 12:43:59,F2,20.4,20.00,0.50,0,1,0,1000.0
2026-02-12 12:44:00,F3,25.6,20.00,0.50,0,0,0,1000.0
2026-02-12 12:44:02,F1,23.3,20.00,0.50,0,0,0,1000.0
2026-02-12 12:44:03,F2,20.4,20.00,0.50,0,1,0,1000.0
2026-02-12 12:44:04,F3,25.6,20.00,0.50,0,0,0,1000.0
2026-02-12 12:44:06,F1,23.3,20.00,0.50,0,0,0,1000.0
2026-02-12 12:44:06,F2,20.5,20.00,0.50,1,0,0,1000.0
2026-02-12 12:44:07,F3,25.6,20.00,0.50,0,0,0,1000.0
2026-02-12 12:44:09,F1,23.3,20.00,0.50,0,0,0,1000.0
2026-02-12 12:44:10,F2,20.5,20.00,0.50,1,0,0,1000.0
2026-02-12 12:44:11,F3,25.6,20.00,0.50,0,0,0,1000.0
2026-02-12 12:44:12,F1,23.3,20.00,0.50,0,0,0,1000.0
2026-02-12 12:44:13,F2,20.5,20.00,0.50,1,0,0,1000.0
2026-02-12 12:44:14,F3,25.6,20.00,0.50,0,0,0,1000.0
2026-02-12 12:44:16,F1,23.3,20.00,0.50,0,0,0,1000.0
2026-02-12 12:44:17,F2,20.6,20.00,0.50,1,0,0,1000.0
2026-02-12 12:44:17,F3,25.6,20.00,0.50,0,0,0,1000.0
2026-02-12 12:44:19,F1,23.3,20.00,0.50,0,0,0,1000.0
2026-02-12 12:44:20,F2,20.6,20.00,0.50,1,0,0,1000.0
2026-02-12 12:44:21,F3,25.6,20.00,0.50,0,0,0,1000.0
2026-02-12 12:44:23,F1,23.4,20.00,0.50,0,0,0,1000.0
2026-02-12 12:44:23,F2,20.6,20.00,0.50,1,0,0,1000.0
2026-02-12 12:44:24,F3,25.6,20.00,0.50,0,0,0,1000.0
2026-02-12 12:44:26,F1,23.4,20.00,0.50,0,0,0,1000.0
2026-02-12 12:44:27,F2,20.6,20.00,0.50,1,0,0,1000.0
2026-02-12 12:44:28,F3,25.6,20.00,0.50,0,0,0,1000.0
2026-02-12 12:44:29,F1,23.4,20.00,0.50,0,0,0,1000.0
2026-02-12 12:44:30,F2,20.7,20.00,0.50,1,0,0,1000.0
2026-02-12 12:44:31,F3,25.6,20.00,0.50,0,0,0,1000.0
2026-02-12 12:44:33,F1,23.4,20.00,0.50,0,0,0,1000.0
2026-02-12 12:44:34,F2,20.7,20.00,0.50,1,0,0,1000.0
2026-02-12 12:44:34,F3,25.6,20.00,0.50,0,0,0,1000.0
2026-02-12 12:44:36,F1,23.4,20.00,0.50,0,0,0,1000.0
2026-02-12 12:44:37,F2,20.7,20.00,0.50,1,0,0,1000.0
2026-02-12 12:44:38,F3,25.6,20.00,0.50,0,0,0,1000.0
2026-02-12 12:44:40,F1,23.4,20.00,0.50,0,0,0,1000.0
2026-02-12 12:44:40,F2,20.8,20.00,0.50,1,0,0,1000.0
2026-02-12 12:44:41,F3,25.6,20.00,0.50,0,0,0,1000.0
2026-02-12 12:44:43,F1,23.3,20.00,0.50,0,0,0,1000.0
2026-02-12 12:44:44,F2,20.8,20.00,0.50,1,0,0,1000.0
2026-02-12 12:44:45,F3,25.6,20.00,0.50,0,0,0,1000.0
2026-02-12 12:44:46,F1,23.3,20.00,0.50,0,0,0,1000.0
2026-02-12 12:44:47,F2,20.8,20.00,0.50,1,0,0,1000.0
2026-02-12 12:44:48,F3,25.6,20.00,0.50,0,0,0,1000.0
2026-02-12 12:44:50,F1,23.2,20.00,0.50,0,0,0,1000.0
2026-02-12 12:44:51,F2,20.8,20.00,0.50,1,0,0,1000.0
2026-02-12 12:44:51,F3,25.6,20.00,0.50,0,0,0,1000.0
2026-02-12 12:44:53,F1,23.3,20.00,0.50,0,0,0,1000.0
2026-02-12 12:44:54,F2,20.8,20.00,0.50,1,0,0,1000.0
2026-02-12 12:44:55,F3,25.6,20.00,0.50,0,0,0,1000.0
2026-02-12 12:44:57,F1,23.3,20.00,0.50,0,0,0,1000.0
2026-02-12 12:44:57,F2,20.8,20.00,0.50,1,0,0,1000.0
2026-02-12 12:44:58,F3,25.7,20.00,0.50,0,0,0,1000.0
2026-02-12 12:45:00,F1,23.2,20.00,0.50,0,0,0,1000.0
2026-02-12 12:45:01,F2,20.8,20.00,0.50,1,0,0,1000.0
2026-02-12 12:45:02,F3,25.7,20.00,0.50,0,0,0,1000.0
2026-02-12 12:45:03,F1,23.3,20.00,0.50,0,0,0,1000.0
2026-02-12 12:45:04,F2,20.9,20.00,0.50,1,0,0,1000.0
2026-02-12 12:45:05,F3,25.7,20.00,0.50,0,0,0,1000.0
2026-02-12 12:45:07,F1,23.2,20.00,0.50,0,0,0,1000.0
2026-02-12 12:45:08,F2,20.9,20.00,0.50,1,0,0,1000.0
2026-02-12 12:45:08,F3,25.7,20.00,0.50,0,0,0,1000.0
2026-02-12 12:45:10,F1,23.2,20.00,0.50,0,0,0,1000.0
2026-02-12 12:45:11,F2,20.9,20.00,0.50,1,0,0,1000.0
2026-02-12 12:45:12,F3,25.7,20.00,0.50,0,0,0,1000.0
2026-02-12 12:45:14,F1,23.2,20.00,0.50,0,0,0,1000.0
2026-02-12 12:45:14,F2,20.9,20.00,0.50,1,0,0,1000.0
2026-02-12 12:45:15,F3,25.6,20.00,0.50,0,0,0,1000.0
2026-02-12 12:45:17,F1,23.2,20.00,0.50,0,0,0,1000.0
2026-02-12 12:45:18,F2,20.9,20.00,0.50,1,0,0,1000.0
2026-02-12 12:45:19,F3,25.7,20.00,0.50,0,0,0,1000.0
2026-02-12 12:45:20,F1,23.2,20.00,0.50,0,0,0,1000.0
2026-02-12 12:45:21,F2,20.9,20.00,0.50,1,0,0,1000.0
2026-02-12 12:45:22,F3,25.7,20.00,0.50,0,0,0,1000.0
2026-02-12 12:45:24,F1,23.2,20.00,0.50,0,0,0,1000.0
2026-02-12 12:45:25,F2,20.9,20.00,0.50,1,0,0,1000.0
2026-02-12 12:45:25,F3,25.6,20.00,0.50,0,0,0,1000.0
2026-02-12 12:45:27,F1,23.2,20.00,0.50,0,0,0,1000.0
2026-02-12 12:45:28,F2,20.9,20.00,0.50,1,0,0,1000.0
2026-02-12 12:45:29,F3,25.6,20.00,0.50,0,0,0,1000.0
2026-02-12 12:45:31,F1,23.2,20.00,0.50,0,0,0,1000.0
2026-02-12 12:45:31,F2,20.9,20.00,0.50,1,0,0,1000.0
2026-02-12 12:45:32,F3,25.6,20.00,0.50,0,0,0,1000.0
2026-02-12 12:45:34,F1,23.2,20.00,0.50,0,0,0,1000.0
2026-02-12 12:45:35,F2,20.9,20.00,0.50,1,0,0,1000.0
2026-02-12 12:45:36,F3,25.6,20.00,0.50,0,0,0,1000.0
2026-02-12 12:45:37,F1,23.2,20.00,0.50,0,0,0,1000.0
2026-02-12 12:45:38,F2,20.9,20.00,0.50,1,0,0,1000.0
2026-02-12 12:45:39,F3,25.7,20.00,0.50,0,0,0,1000.0
2026-02-12 12:45:41,F1,23.1,20.00,0.50,0,0,0,1000.0
2026-02-12 12:45:42,F2,20.9,20.00,0.50,1,0,0,1000.0
2026-02-12 12:45:42,F3,25.7,20.00,0.50,0,0,0,1000.0
2026-02-12 12:45:44,F1,23.2,20.00,0.50,0,0,0,1000.0
2026-02-12 12:45:45,F2,20.9,20.00,0.50,1,0,0,1000.0
2026-02-12 12:45:46,F3,25.7,20.00,0.50,0,0,0,1000.0
2026-02-12 12:45:48,F1,23.2,20.00,0.50,0,0,0,1000.0
2026-02-12 12:45:48,F2,20.8,20.00,0.50,1,0,0,1000.0
2026-02-12 12:45:49,F3,25.7,20.00,0.50,0,0,0,1000.0
2026-02-12 12:45:51,F1,23.1,20.00,0.50,0,0,0,1000.0
2026-02-12 12:45:52,F2,20.9,20.00,0.50,1,0,0,1000.0
2026-02-12 12:45:53,F3,25.7,20.00,0.50,0,0,0,1000.0
2026-02-12 12:45:54,F1,23.1,20.00,0.50,0,0,0,1000.0
2026-02-12 12:45:55,F2,20.9,20.00,0.50,1,0,0,1000.0
2026-02-12 12:45:56,F3,25.7,20.00,0.50,0,0,0,1000.0
2026-02-12 12:45:58,F1,23.2,20.00,0.50,0,0,0,1000.0
2026-02-12 12:45:59,F2,20.8,20.00,0.50,1,0,0,1000.0
2026-02-12 12:45:59,F3,25.7,20.00,0.50,0,0,0,1000.0
2026-02-12 12:46:01,F1,23.1,20.00,0.50,0,0,0,1000.0
2026-02-12 12:46:02,F2,20.9,20.00,0.50,1,0,0,1000.0
2026-02-12 12:46:03,F3,25.7,20.00,0.50,0,0,0,1000.0
2026-02-12 12:46:05,F1,23.2,20.00,0.50,0,0,0,1000.0
2026-02-12 12:46:05,F2,20.8,20.00,0.50,1,0,0,1000.0
2026-02-12 12:46:06,F3,25.8,20.00,0.50,0,0,0,1000.0
2026-02-12 12:46:08,F1,23.1,20.00,0.50,0,0,0,1000.0
2026-02-12 12:46:09,F2,20.8,20.00,0.50,1,0,0,1000.0
2026-02-12 12:46:10,F3,25.8,20.00,0.50,0,0,0,1000.0
2026-02-12 12:46:11,F1,23.1,20.00,0.50,0,0,0,1000.0
2026-02-12 12:46:12,F2,20.8,20.00,0.50,1,0,0,1000.0
2026-02-12 12:46:13,F3,25.8,20.00,0.50,0,0,0,1000.0
2026-02-12 12:46:15,F1,23.1,20.00,0.50,0,0,0,1000.0
2026-02-12 12:46:16,F2,20.8,20.00,0.50,1,0,0,1000.0
2026-02-12 12:46:16,F3,25.8,20.00,0.50,0,0,0,1000.0
2026-02-12 12:46:18,F1,23.1,20.00,0.50,0,0,0,1000.0
2026-02-12 12:46:19,F2,20.8,20.00,0.50,1,0,0,1000.0
2026-02-12 12:46:20,F3,25.8,20.00,0.50,0,0,0,1000.0
2026-02-12 12:46:22,F1,23.2,20.00,0.50,0,0,0,1000.0
2026-02-12 12:46:22,F2,20.8,20.00,0.50,1,0,0,1000.0
2026-02-12 12:46:23,F3,25.8,20.00,0.50,0,0,0,1000.0
2026-02-12 12:46:25,F1,23.1,20.00,0.50,0,0,0,1000.0
2026-02-12 12:46:26,F2,20.7,20.00,0.50,1,0,0,1000.0
2026-02-12 12:46:27,F3,25.8,20.00,0.50,0,0,0,1000.0
2026-02-12 12:46:28,F1,23.1,20.00,0.50,0,0,0,1000.0
2026-02-12 12:46:29,F2,20.8,20.00,0.50,1,0,0,1000.0
2026-02-12 12:46:30,F3,25.8,20.00,0.50,0,0,0,1000.0
2026-02-12 12:46:32,F1,23.1,20.00,0.50,0,0,0,1000.0
2026-02-12 12:46:33,F2,20.7,20.00,0.50,1,0,0,1000.0
2026-02-12 12:46:33,F3,25.8,20.00,0.50,0,0,0,1000.0
2026-02-12 12:46:35,F1,23.1,20.00,0.50,0,0,0,1000.0
2026-02-12 12:46:36,F2,20.7,20.00,0.50,1,0,0,1000.0
2026-02-12 12:46:37,F3,25.8,20.00,0.50,0,0,0,1000.0
2026-02-12 12:46:39,F1,23.1,20.00,0.50,0,0,0,1000.0
2026-02-12 12:46:39,F2,20.7,20.00,0.50,1,0,0,1000.0
2026-02-12 12:46:40,F3,25.8,20.00,0.50,0,0,0,1000.0
2026-02-12 12:46:42,F1,23.1,20.00,0.50,0,0,0,1000.0
2026-02-12 12:46:43,F2,20.7,20.00,0.50,1,0,0,1000.0
2026-02-12 12:46:44,F3,25.8,20.00,0.50,0,0,0,1000.0
2026-02-12 12:46:45,F1,23.1,20.00,0.50,0,0,0,1000.0
2026-02-12 12:46:46,F2,20.6,20.00,0.50,1,0,0,1000.0
2026-02-12 12:46:47,F3,25.8,20.00,0.50,0,0,0,1000.0
2026-02-12 12:46:49,F1,23.1,20.00,0.50,0,0,0,1000.0
2026-02-12 12:46:50,F2,20.6,20.00,0.50,1,0,0,1000.0
2026-02-12 12:46:50,F3,25.8,20.00,0.50,0,0,0,1000.0
2026-02-12 12:46:52,F1,23.1,20.00,0.50,0,0,0,1000.0
2026-02-12 12:46:53,F2,20.6,20.00,0.50,1,0,0,1000.0
2026-02-12 12:46:54,F3,25.8,20.00,0.50,0,0,0,1000.0
2026-02-12 12:46:56,F1,23.1,20.00,0.50,0,0,0,1000.0
2026-02-12 12:46:56,F2,20.6,20.00,0.50,1,0,0,1000.0
2026-02-12 12:46:57,F3,25.8,20.00,0.50,0,0,0,1000.0
2026-02-12 12:46:59,F1,23.1,20.00,0.50,0,0,0,1000.0
2026-02-12 12:47:00,F2,20.6,20.00,0.50,1,0,0,1000.0
2026-02-12 12:47:01,F3,25.8,20.00,0.50,0,0,0,1000.0
2026-02-12 12:47:02,F1,23.1,20.00,0.50,0,0,0,1000.0
2026-02-12 12:47:03,F2,20.6,20.00,0.50,1,0,0,1000.0
2026-02-12 12:47:04,F3,25.8,20.00,0.50,0,0,0,1000.0
2026-02-12 12:47:06,F1,23.1,20.00,0.50,0,0,0,1000.0
2026-02-12 12:47:07,F2,20.6,20.00,0.50,1,0,0,1000.0
2026-02-12 12:47:07,F3,25.8,20.00,0.50,0,0,0,1000.0
2026-02-12 12:47:09,F1,23.1,20.00,0.50,0,0,0,1000.0
2026-02-12 12:47:10,F2,20.6,20.00,0.50,1,0,0,1000.0
2026-02-12 12:47:11,F3,25.8,20.00,0.50,0,0,0,1000.0
2026-02-12 12:47:13,F1,23.1,20.00,0.50,0,0,0,1000.0
2026-02-12 12:47:13,F2,20.6,20.00,0.50,1,0,0,1000.0
2026-02-12 12:47:14,F3,25.8,20.00,0.50,0,0,0,1000.0
2026-02-12 12:47:16,F1,23.1,20.00,0.50,0,0,0,1000.0
2026-02-12 12:47:17,F2,20.6,20.00,0.50,1,0,0,1000.0
2026-02-12 12:47:18,F3,25.8,20.00,0.50,0,0,0,1000.0
2026-02-12 12:47:19,F1,23.1,20.00,0.50,0,0,0,1000.0
2026-02-12 12:47:20,F2,20.5,20.00,0.50,1,0,0,1000.0
2026-02-12 12:47:21,F3,25.8,20.00,0.50,0,0,0,1000.0
2026-02-12 12:47:23,F1,23.1,20.00,0.50,0,0,0,1000.0
2026-02-12 12:47:24,F2,20.5,20.00,0.50,1,0,0,1000.0
2026-02-12 12:47:24,F3,25.8,20.00,0.50,0,0,0,1000.0
2026-02-12 12:47:26,F1,23.1,20.00,0.50,0,0,0,1000.0
2026-02-12 12:47:27,F2,20.5,20.00,0.50,1,0,0,1000.0
2026-02-12 12:47:28,F3,25.8,20.00,0.50,0,0,0,1000.0
2026-02-12 12:47:30,F1,23.2,20.00,0.50,0,0,0,1000.0
2026-02-12 12:47:31,F2,20.5,20.00,0.50,1,0,0,1000.0
2026-02-12 12:47:31,F3,25.8,20.00,0.50,0,0,0,1000.0
2026-02-12 12:47:33,F1,23.2,20.00,0.50,0,0,0,1000.0
2026-02-12 12:47:34,F2,20.5,20.00,0.50,1,0,0,1000.0
2026-02-12 12:47:35,F3,25.8,20.00,0.50,0,0,0,1000.0
2026-02-12 12:47:36,F1,23.1,20.00,0.50,0,0,0,1000.0
2026-02-12 12:47:37,F2,20.4,20.00,0.50,1,0,0,1000.0
2026-02-12 12:47:38,F3,25.8,20.00,0.50,0,0,0,1000.0
2026-02-12 12:47:40,F1,23.2,20.00,0.50,0,0,0,1000.0
2026-02-12 12:47:41,F2,20.4,20.00,0.50,1,0,0,1000.0
2026-02-12 12:47:42,F3,25.8,20.00,0.50,0,0,0,1000.0
2026-02-12 12:47:43,F1,23.2,20.00,0.50,0,0,0,1000.0
2026-02-12 12:47:44,F2,20.4,20.00,0.50,1,0,0,1000.0
2026-02-12 12:47:45,F3,25.8,20.00,0.50,0,0,0,1000.0
2026-02-12 12:47:47,F1,23.1,20.00,0.50,0,0,0,1000.0
2026-02-12 12:47:47,F2,20.4,20.00,0.50,1,0,0,1000.0
2026-02-12 12:47:48,F3,25.8,20.00,0.50,0,0,0,1000.0
2026-02-12 12:47:50,F1,23.1,20.00,0.50,0,0,0,1000.0
2026-02-12 12:47:51,F2,20.4,20.00,0.50,1,0,0,1000.0
2026-02-12 12:47:52,F3,25.8,20.00,0.50,0,0,0,1000.0
2026-02-12 12:47:54,F1,23.1,20.00,0.50,0,0,0,1000.0
2026-02-12 12:47:54,F2,20.4,20.00,0.50,1,0,0,1000.0
2026-02-12 12:47:55,F3,25.8,20.00,0.50,0,0,0,1000.0
2026-02-12 12:47:57,F1,23.1,20.00,0.50,0,0,0,1000.0
2026-02-12 12:47:58,F2,20.4,20.00,0.50,1,0,0,1000.0
2026-02-12 12:47:59,F3,25.8,20.00,0.50,0,0,0,1000.0
2026-02-12 12:48:00,F1,23.2,20.00,0.50,0,0,0,1000.0
2026-02-12 12:48:01,F2,20.4,20.00,0.50,1,0,0,1000.0
2026-02-12 12:48:02,F3,25.8,20.00,0.50,0,0,0,1000.0
2026-02-12 12:48:04,F1,23.2,20.00,0.50,0,0,0,1000.0
2026-02-12 12:48:05,F2,20.4,20.00,0.50,1,0,0,1000.0
2026-02-12 12:48:05,F3,25.8,20.00,0.50,0,0,0,1000.0
2026-02-12 12:48:07,F1,23.2,20.00,0.50,0,0,0,1000.0
2026-02-12 12:48:08,F2,20.3,20.00,0.50,1,0,0,1000.0
2026-02-12 12:48:09,F3,25.8,20.00,0.50,0,0,0,1000.0
2026-02-12 12:48:11,F1,23.2,20.00,0.50,0,0,0,1000.0
2026-02-12 12:48:11,F2,20.3,20.00,0.50,1,0,0,1000.0
2026-02-12 12:48:12,F3,25.8,20.00,0.50,0,0,0,1000.0
2026-02-12 12:48:14,F1,23.2,20.00,0.50,0,0,0,1000.0
2026-02-12 12:48:15,F2,20.3,20.00,0.50,1,0,0,1000.0
2026-02-12 12:48:16,F3,25.8,20.00,0.50,0,0,0,1000.0
2026-02-12 12:48:17,F1,23.2,20.00,0.50,0,0,0,1000.0
2026-02-12 12:48:18,F2,20.2,20.00,0.50,1,0,0,1000.0
2026-02-12 12:48:19,F3,25.8,20.00,0.50,0,0,0,1000.0
2026-02-12 12:48:21,F1,23.1,20.00,0.50,0,0,0,1000.0
2026-02-12 12:48:22,F2,20.2,20.00,0.50,1,0,0,1000.0
2026-02-12 12:48:22,F3,25.8,20.00,0.50,0,0,0,1000.0
2026-02-12 12:48:24,F1,23.2,20.00,0.50,0,0,0,1000.0
2026-02-12 12:48:25,F2,20.2,20.00,0.50,1,0,0,1000.0
2026-02-12 12:48:26,F3,25.8,20.00,0.50,0,0,0,1000.0
2026-02-12 12:48:28,F1,23.1,20.00,0.50,0,0,0,1000.0
2026-02-12 12:48:28,F2,20.2,20.00,0.50,1,0,0,1000.0
2026-02-12 12:48:29,F3,25.8,20.00,0.50,0,0,0,1000.0
2026-02-12 12:48:31,F1,23.1,20.00,0.50,0,0,0,1000.0
2026-02-12 12:48:32,F2,20.2,20.00,0.50,1,0,0,1000.0
2026-02-12 12:48:33,F3,25.8,20.00,0.50,0,0,0,1000.0
2026-02-12 12:48:34,F1,23.2,20.00,0.50,0,0,0,1000.0
2026-02-12 12:48:35,F2,20.2,20.00,0.50,1,0,0,1000.0
2026-02-12 12:48:36,F3,25.8,20.00,0.50,0,0,0,1000.0
2026-02-12 12:48:38,F1,23.1,20.00,0.50,0,0,0,1000.0
2026-02-12 12:48:39,F2,20.1,20.00,0.50,1,0,0,1000.0
2026-02-12 12:48:39,F3,25.8,20.00,0.50,0,0,0,1000.0
2026-02-12 12:48:41,F1,23.2,20.00,0.50,0,0,0,1000.0
2026-02-12 12:48:42,F2,20.1,20.00,0.50,1,0,0,1000.0
2026-02-12 12:48:43,F3,25.8,20.00,0.50,0,0,0,1000.0
2026-02-12 12:48:45,F1,23.2,20.00,0.50,0,0,0,1000.0
2026-02-12 12:48:45,F2,20.1,20.00,0.50,1,0,0,1000.0
2026-02-12 12:48:46,F3,25.8,20.00,0.50,0,0,0,1000.0
2026-02-12 12:48:48,F1,23.2,20.00,0.50,0,0,0,1000.0
2026-02-12 12:48:49,F2,20.1,20.00,0.50,1,0,0,1000.0
2026-02-12 12:48:50,F3,25.8,20.00,0.50,0,0,0,1000.0
2026-02-12 12:48:52,F1,23.2,20.00,0.50,0,0,0,1000.0
2026-02-12 12:48:52,F2,20.1,20.00,0.50,1,0,0,1000.0
2026-02-12 12:48:53,F3,25.8,20.00,0.50,0,0,0,1000.0
2026-02-12 12:48:55,F1,23.2,20.00,0.50,0,0,0,1000.0
2026-02-12 12:48:56,F2,20.1,20.00,0.50,1,0,0,1000.0
2026-02-12 12:48:57,F3,25.8,20.00,0.50,0,0,0,1000.0
2026-02-12 12:48:58,F1,23.2,20.00,0.50,0,0,0,1000.0
2026-02-12 12:48:59,F2,20.1,20.00,0.50,1,0,0,1000.0
2026-02-12 12:49:00,F3,25.8,20.00,0.50,0,0,0,1000.0
2026-02-12 12:49:02,F1,23.2,20.00,0.50,0,0,0,1000.0
2026-02-12 12:49:03,F2,20.1,20.00,0.50,1,0,0,1000.0
2026-02-12 12:49:03,F3,25.9,20.00,0.50,0,0,0,1000.0
2026-02-12 12:49:05,F1,23.2,20.00,0.50,0,0,0,1000.0
2026-02-12 12:49:06,F2,20.1,20.00,0.50,1,0,0,1000.0
2026-02-12 12:49:07,F3,25.9,20.00,0.50,0,0,0,1000.0
2026-02-12 12:49:09,F1,23.3,20.00,0.50,0,0,0,1000.0
2026-02-12 12:49:09,F2,20.1,20.00,0.50,1,0,0,1000.0
2026-02-12 12:49:10,F3,25.9,20.00,0.50,0,0,0,1000.0
2026-02-12 12:49:12,F1,23.3,20.00,0.50,0,0,0,1000.0
2026-02-12 12:49:13,F2,20.1,20.00,0.50,1,0,0,1000.0
2026-02-12 12:49:14,F3,25.9,20.00,0.50,0,0,0,1000.0
2026-02-12 12:49:15,F1,23.2,20.00,0.50,0,0,0,1000.0
2026-02-12 12:49:16,F2,20.0,20.00,0.50,1,0,0,1000.0
2026-02-12 12:49:17,F3,25.9,20.00,0.50,0,0,0,1000.0
2026-02-12 12:49:19,F1,23.3,20.00,0.50,0,0,0,1000.0
2026-02-12 12:49:20,F2,20.0,20.00,0.50,1,0,0,1000.0
2026-02-12 12:49:20,F3,25.9,20.00,0.50,0,0,0,1000.0
2026-02-12 12:49:22,F1,23.3,20.00,0.50,0,0,0,1000.0
2026-02-12 12:49:23,F2,19.9,20.00,0.50,1,0,0,1000.0
2026-02-12 12:49:24,F3,25.9,20.00,0.50,0,0,0,1000.0
2026-02-12 12:49:26,F1,23.3,20.00,0.50,0,0,0,1000.0
2026-02-12 12:49:26,F2,20.0,20.00,0.50,1,0,0,1000.0
2026-02-12 12:49:27,F3,25.9,20.00,0.50,0,0,0,1000.0
2026-02-12 12:49:29,F1,23.2,20.00,0.50,0,0,0,1000.0
2026-02-12 12:49:30,F2,19.9,20.00,0.50,1,0,0,1000.0
2026-02-12 12:49:31,F3,25.9,20.00,0.50,0,0,0,1000.0
2026-02-12 12:49:32,F1,23.2,20.00,0.50,0,0,0,1000.0
2026-02-12 12:49:33,F2,19.9,20.00,0.50,1,0,0,1000.0
2026-02-12 12:49:34,F3,25.9,20.00,0.50,0,0,0,1000.0
2026-02-12 12:49:36,F1,23.2,20.00,0.50,0,0,0,1000.0
2026-02-12 12:49:37,F2,19.9,20.00,0.50,1,0,0,1000.0
2026-02-12 12:49:37,F3,25.9,20.00,0.50,0,0,0,1000.0
2026-02-12 12:49:39,F1,23.2,20.00,0.50,0,0,0,1000.0
2026-02-12 12:49:40,F2,19.9,20.00,0.50,1,0,0,1000.0
2026-02-12 12:49:41,F3,25.9,20.00,0.50,0,0,0,1000.0
2026-02-12 12:49:43,F1,23.2,20.00,0.50,0,0,0,1000.0
2026-02-12 12:49:43,F2,19.9,20.00,0.50,1,0,0,1000.0
2026-02-12 12:49:44,F3,25.9,20.00,0.50,0,0,0,1000.0
2026-02-12 12:49:46,F1,23.3,20.00,0.50,0,0,0,1000.0
2026-02-12 12:49:47,F2,19.9,20.00,0.50,1,0,0,1000.0
2026-02-12 12:49:48,F3,25.9,20.00,0.50,0,0,0,1000.0
2026-02-12 12:49:49,F1,23.4,20.00,0.50,0,0,0,1000.0
2026-02-12 12:49:50,F2,19.9,20.00,0.50,1,0,0,1000.0
2026-02-12 12:49:51,F3,25.9,20.00,0.50,0,0,0,1000.0
2026-02-12 12:49:53,F1,23.4,20.00,0.50,0,0,0,1000.0
2026-02-12 12:49:54,F2,19.9,20.00,0.50,1,0,0,1000.0
2026-02-12 12:49:54,F3,25.9,20.00,0.50,0,0,0,1000.0
2026-02-12 12:49:56,F1,23.4,20.00,0.50,0,0,0,1000.0
2026-02-12 12:49:57,F2,19.9,20.00,0.50,1,0,0,1000.0
2026-02-12 12:49:58,F3,25.9,20.00,0.50,0,0,0,1000.0
2026-02-12 12:50:00,F1,23.4,20.00,0.50,0,0,0,1000.0
2026-02-12 12:50:00,F2,19.9,20.00,0.50,1,0,0,1000.0
2026-02-12 12:50:01,F3,25.9,20.00,0.50,0,0,0,1000.0
2026-02-12 12:50:03,F1,23.4,20.00,0.50,0,0,0,1000.0
2026-02-12 12:50:04,F2,19.8,20.00,0.50,1,0,0,1000.0
2026-02-12 12:50:05,F3,25.9,20.00,0.50,0,0,0,1000.0
2026-02-12 12:50:06,F1,23.4,20.00,0.50,0,0,0,1000.0
2026-02-12 12:50:07,F2,19.8,20.00,0.50,1,0,0,1000.0
2026-02-12 12:50:08,F3,25.9,20.00,0.50,0,0,0,1000.0
2026-02-12 12:50:10,F1,23.4,20.00,0.50,0,0,0,1000.0
2026-02-12 12:50:11,F2,19.8,20.00,0.50,1,0,0,1000.0
2026-02-12 12:50:11,F3,25.9,20.00,0.50,0,0,0,1000.0
2026-02-12 12:50:13,F1,23.4,20.00,0.50,0,0,0,1000.0
2026-02-12 12:50:14,F2,19.8,20.00,0.50,1,0,0,1000.0
2026-02-12 12:50:15,F3,25.9,20.00,0.50,0,0,0,1000.0
2026-02-12 12:50:17,F1,23.4,20.00,0.50,0,0,0,1000.0
2026-02-12 12:50:17,F2,19.8,20.00,0.50,1,0,0,1000.0
2026-02-12 12:50:18,F3,25.9,20.00,0.50,0,0,0,1000.0
2026-02-12 12:50:20,F1,23.4,20.00,0.50,0,0,0,1000.0
2026-02-12 12:50:21,F2,19.8,20.00,0.50,1,0,0,1000.0
2026-02-12 12:50:22,F3,25.9,20.00,0.50,0,0,0,1000.0
2026-02-12 12:50:23,F1,23.5,20.00,0.50,0,0,0,1000.0
2026-02-12 12:50:24,F2,19.8,20.00,0.50,1,0,0,1000.0
2026-02-12 12:50:25,F3,25.9,20.00,0.50,0,0,0,1000.0
2026-02-12 12:50:27,F1,23.6,20.00,0.50,0,0,0,1000.0
2026-02-12 12:50:28,F2,19.8,20.00,0.50,1,0,0,1000.0
2026-02-12 12:50:28,F3,25.9,20.00,0.50,0,0,0,1000.0
2026-02-12 12:50:30,F1,23.5,20.00,0.50,0,0,0,1000.0
2026-02-12 12:50:31,F2,19.8,20.00,0.50,1,0,0,1000.0
2026-02-12 12:50:32,F3,25.9,20.00,0.50,0,0,0,1000.0
2026-02-12 12:50:34,F1,23.5,20.00,0.50,0,0,0,1000.0
2026-02-12 12:50:34,F2,19.8,20.00,0.50,1,0,0,1000.0
2026-02-12 12:50:35,F3,25.9,20.00,0.50,0,0,0,1000.0
2026-02-12 12:50:37,F1,23.5,20.00,0.50,0,0,0,1000.0
2026-02-12 12:50:38,F2,19.7,20.00,0.50,1,0,0,1000.0
2026-02-12 12:50:39,F3,25.9,20.00,0.50,0,0,0,1000.0
2026-02-12 12:50:40,F1,23.5,20.00,0.50,0,0,0,1000.0
2026-02-12 12:50:41,F2,19.7,20.00,0.50,1,0,0,1000.0
2026-02-12 12:50:42,F3,25.9,20.00,0.50,0,0,0,1000.0
2026-02-12 12:50:44,F1,23.5,20.00,0.50,0,0,0,1000.0
2026-02-12 12:50:45,F2,19.7,20.00,0.50,1,0,0,1000.0
2026-02-12 12:50:45,F3,25.9,20.00,0.50,0,0,0,1000.0
2026-02-12 12:50:47,F1,23.4,20.00,0.50,0,0,0,1000.0
2026-02-12 12:50:48,F2,19.7,20.00,0.50,1,0,0,1000.0
2026-02-12 12:50:49,F3,25.9,20.00,0.50,0,0,0,1000.0
2026-02-12 12:50:51,F1,23.5,20.00,0.50,0,0,0,1000.0
2026-02-12 12:50:51,F2,19.7,20.00,0.50,1,0,0,1000.0
2026-02-12 12:50:52,F3,25.9,20.00,0.50,0,0,0,1000.0
2026-02-12 12:50:54,F1,23.5,20.00,0.50,0,0,0,1000.0
2026-02-12 12:50:55,F2,19.6,20.00,0.50,1,0,0,1000.0
2026-02-12 12:50:56,F3,25.9,20.00,0.50,0,0,0,1000.0
2026-02-12 12:50:57,F1,23.5,20.00,0.50,0,0,0,1000.0
2026-02-12 12:50:58,F2,19.6,20.00,0.50,1,0,0,1000.0
2026-02-12 12:50:59,F3,25.9,20.00,0.50,0,0,0,1000.0
2026-02-12 12:51:01,F1,23.6,20.00,0.50,0,0,0,1000.0
2026-02-12 12:51:02,F2,19.7,20.00,0.50,1,0,0,1000.0
2026-02-12 12:51:02,F3,25.9,20.00,0.50,0,0,0,1000.0
2026-02-12 12:51:04,F1,23.6,20.00,0.50,0,0,0,1000.0
2026-02-12 12:51:05,F2,19.6,20.00,0.50,1,0,0,1000.0
2026-02-12 12:51:06,F3,25.9,20.00,0.50,0,0,0,1000.0
2026-02-12 12:51:08,F1,23.6,20.00,0.50,0,0,0,1000.0
2026-02-12 12:51:08,F2,19.6,20.00,0.50,1,0,0,1000.0
2026-02-12 12:51:09,F3,25.9,20.00,0.50,0,0,0,1000.0
2026-02-12 12:51:11,F1,23.6,20.00,0.50,0,0,0,1000.0
2026-02-12 12:51:12,F2,19.6,20.00,0.50,1,0,0,1000.0
2026-02-12 12:51:13,F3,25.9,20.00,0.50,0,0,0,1000.0
2026-02-12 12:51:15,F1,23.6,20.00,0.50,0,0,0,1000.0
2026-02-12 12:51:15,F2,19.6,20.00,0.50,1,0,0,1000.0
2026-02-12 12:51:16,F3,26.0,20.00,0.50,0,0,0,1000.0
2026-02-12 12:51:18,F1,23.6,20.00,0.50,0,0,0,1000.0
2026-02-12 12:51:19,F2,19.6,20.00,0.50,1,0,0,1000.0
2026-02-12 12:51:19,F3,25.9,20.00,0.50,0,0,0,1000.0
2026-02-12 12:51:21,F1,23.6,20.00,0.50,0,0,0,1000.0
2026-02-12 12:51:22,F2,19.6,20.00,0.50,1,0,0,1000.0
2026-02-12 12:51:23,F3,26.0,20.00,0.50,0,0,0,1000.0
2026-02-12 12:51:25,F1,23.5,20.00,0.50,0,0,0,1000.0
2026-02-12 12:51:26,F2,19.6,20.00,0.50,1,0,0,1000.0
2026-02-12 12:51:26,F3,26.0,20.00,0.50,0,0,0,1000.0
2026-02-12 12:51:28,F1,23.5,20.00,0.50,0,0,0,1000.0
2026-02-12 12:51:29,F2,19.6,20.00,0.50,1,0,0,1000.0
2026-02-12 12:51:30,F3,26.0,20.00,0.50,0,0,0,1000.0
2026-02-12 12:51:31,F1,23.5,20.00,0.50,0,0,0,1000.0
2026-02-12 12:51:32,F2,19.5,20.00,0.50,0,1,0,1000.0
2026-02-12 12:51:33,F3,26.0,20.00,0.50,0,0,0,1000.0
2026-02-12 12:51:35,F1,23.5,20.00,0.50,0,0,0,1000.0
2026-02-12 12:51:36,F2,19.5,20.00,0.50,0,1,0,1000.0
2026-02-12 12:51:37,F3,26.0,20.00,0.50,0,0,0,1000.0
2026-02-12 12:51:38,F1,23.5,20.00,0.50,0,0,0,1000.0
2026-02-12 12:51:39,F2,19.5,20.00,0.50,0,1,0,1000.0
2026-02-12 12:51:40,F3,25.9,20.00,0.50,0,0,0,1000.0
2026-02-12 12:51:42,F1,23.5,20.00,0.50,0,0,0,1000.0
2026-02-12 12:51:43,F2,19.5,20.00,0.50,0,1,0,1000.0
2026-02-12 12:51:43,F3,26.0,20.00,0.50,0,0,0,1000.0
2026-02-12 12:51:45,F1,23.4,20.00,0.50,0,0,0,1000.0
2026-02-12 12:51:46,F2,19.4,20.00,0.50,0,1,0,1000.0
2026-02-12 12:51:47,F3,26.0,20.00,0.50,0,0,0,1000.0
2026-02-12 12:51:49,F1,23.4,20.00,0.50,0,0,0,1000.0
2026-02-12 12:51:49,F2,19.4,20.00,0.50,0,1,0,1000.0
2026-02-12 12:51:50,F3,26.0,20.00,0.50,0,0,0,1000.0
2026-02-12 12:51:52,F1,23.4,20.00,0.50,0,0,0,1000.0
2026-02-12 12:51:53,F2,19.4,20.00,0.50,0,1,0,1000.0
2026-02-12 12:51:54,F3,26.0,20.00,0.50,0,0,0,1000.0
2026-02-12 12:51:55,F1,23.4,20.00,0.50,0,0,0,1000.0
2026-02-12 12:51:56,F2,19.4,20.00,0.50,0,1,0,1000.0
2026-02-12 12:51:57,F3,26.1,20.00,0.50,0,0,0,1000.0
2026-02-12 12:51:59,F1,23.4,20.00,0.50,0,0,0,1000.0
2026-02-12 12:52:00,F2,19.4,20.00,0.50,0,1,0,1000.0
2026-02-12 12:52:00,F3,26.1,20.00,0.50,0,0,0,1000.0
2026-02-12 12:52:02,F1,23.4,20.00,0.50,0,0,0,1000.0
2026-02-12 12:52:03,F2,19.4,20.00,0.50,0,1,0,1000.0
2026-02-12 12:52:04,F3,26.1,20.00,0.50,0,0,0,1000.0
2026-02-12 12:52:06,F1,23.4,20.00,0.50,0,0,0,1000.0
2026-02-12 12:52:06,F2,19.4,20.00,0.50,0,1,0,1000.0
2026-02-12 12:52:07,F3,26.1,20.00,0.50,0,0,0,1000.0
2026-02-12 12:52:09,F1,23.4,20.00,0.50,0,0,0,1000.0
2026-02-12 12:52:10,F2,19.4,20.00,0.50,0,1,0,1000.0
2026-02-12 12:52:11,F3,26.1,20.00,0.50,0,0,0,1000.0
2026-02-12 12:52:12,F1,23.4,20.00,0.50,0,0,0,1000.0
2026-02-12 12:52:13,F2,19.4,20.00,0.50,0,1,0,1000.0
2026-02-12 12:52:14,F3,26.1,20.00,0.50,0,0,0,1000.0
2026-02-12 12:52:16,F1,23.5,20.00,0.50,0,0,0,1000.0
2026-02-12 12:52:17,F2,19.4,20.00,0.50,0,1,0,1000.0
2026-02-12 12:52:17,F3,26.1,20.00,0.50,0,0,0,1000.0
2026-02-12 12:52:19,F1,23.5,20.00,0.50,0,0,0,1000.0
2026-02-12 12:52:20,F2,19.4,20.00,0.50,0,1,0,1000.0
2026-02-12 12:52:21,F3,26.1,20.00,0.50,0,0,0,1000.0
2026-02-12 12:52:23,F1,23.6,20.00,0.50,0,0,0,1000.0
2026-02-12 12:52:23,F2,19.4,20.00,0.50,0,1,0,1000.0
2026-02-12 12:52:24,F3,26.1,20.00,0.50,0,0,0,1000.0
2026-02-12 12:52:26,F1,23.5,20.00,0.50,0,0,0,1000.0
2026-02-12 12:52:27,F2,19.4,20.00,0.50,0,1,0,1000.0
2026-02-12 12:52:28,F3,26.1,20.00,0.50,0,0,0,1000.0
2026-02-12 12:52:29,F1,23.6,20.00,0.50,0,0,0,1000.0
2026-02-12 12:52:30,F2,19.4,20.00,0.50,0,1,0,1000.0
2026-02-12 12:52:31,F3,26.1,20.00,0.50,0,0,0,1000.0
2026-02-12 12:52:33,F1,23.5,20.00,0.50,0,0,0,1000.0
2026-02-12 12:52:34,F2,19.4,20.00,0.50,0,1,0,1000.0
2026-02-12 12:52:34,F3,26.1,20.00,0.50,0,0,0,1000.0
2026-02-12 12:52:36,F1,23.5,20.00,0.50,0,0,0,1000.0
2026-02-12 12:52:37,F2,19.4,20.00,0.50,0,1,0,1000.0
2026-02-12 12:52:38,F3,26.1,20.00,0.50,0,0,0,1000.0
2026-02-12 12:52:40,F1,23.5,20.00,0.50,0,0,0,1000.0
2026-02-12 12:52:40,F2,19.4,20.00,0.50,0,1,0,1000.0
2026-02-12 12:52:41,F3,26.1,20.00,0.50,0,0,0,1000.0
2026-02-12 12:52:43,F1,23.5,20.00,0.50,0,0,0,1000.0
2026-02-12 12:52:44,F2,19.4,20.00,0.50,0,1,0,1000.0
2026-02-12 12:52:45,F3,26.1,20.00,0.50,0,0,0,1000.0
2026-02-12 12:52:46,F1,23.4,20.00,0.50,0,0,0,1000.0
2026-02-12 12:52:47,F2,19.4,20.00,0.50,0,1,0,1000.0
2026-02-12 12:52:48,F3,26.1,20.00,0.50,0,0,0,1000.0
2026-02-12 12:52:50,F1,23.4,20.00,0.50,0,0,0,1000.0
2026-02-12 12:52:51,F2,19.4,20.00,0.50,0,1,0,1000.0
2026-02-12 12:52:51,F3,26.1,20.00,0.50,0,0,0,1000.0
2026-02-12 12:52:53,F1,23.4,20.00,0.50,0,0,0,1000.0
2026-02-12 12:52:54,F2,19.5,20.00,0.50,0,1,0,1000.0
2026-02-12 12:52:55,F3,26.1,20.00,0.50,0,0,0,1000.0
2026-02-12 12:52:57,F1,23.4,20.00,0.50,0,0,0,1000.0
2026-02-12 12:52:57,F2,19.5,20.00,0.50,0,1,0,1000.0
2026-02-12 12:52:58,F3,26.1,20.00,0.50,0,0,0,1000.0
2026-02-12 12:53:00,F1,23.4,20.00,0.50,0,0,0,1000.0
2026-02-12 12:53:01,F2,19.5,20.00,0.50,0,1,0,1000.0
2026-02-12 12:53:02,F3,26.1,20.00,0.50,0,0,0,1000.0
2026-02-12 12:53:03,F1,23.4,20.00,0.50,0,0,0,1000.0
2026-02-12 12:53:04,F2,19.5,20.00,0.50,0,1,0,1000.0
2026-02-12 12:53:05,F3,26.1,20.00,0.50,0,0,0,1000.0
2026-02-12 12:53:07,F1,23.4,20.00,0.50,0,0,0,1000.0
2026-02-12 12:53:08,F2,19.5,20.00,0.50,0,1,0,1000.0
2026-02-12 12:53:08,F3,26.1,20.00,0.50,0,0,0,1000.0
2026-02-12 12:53:10,F1,23.4,20.00,0.50,0,0,0,1000.0
2026-02-12 12:53:11,F2,19.6,20.00,0.50,0,1,0,1000.0
2026-02-12 12:53:12,F3,26.1,20.00,0.50,0,0,0,1000.0
2026-02-12 12:53:14,F1,23.4,20.00,0.50,0,0,0,1000.0
2026-02-12 12:53:14,F2,19.6,20.00,0.50,0,1,0,1000.0
2026-02-12 12:53:15,F3,26.1,20.00,0.50,0,0,0,1000.0
2026-02-12 12:53:17,F1,23.4,20.00,0.50,0,0,0,1000.0
2026-02-12 12:53:18,F2,19.6,20.00,0.50,0,1,0,1000.0
2026-02-12 12:53:19,F3,26.1,20.00,0.50,0,0,0,1000.0
2026-02-12 12:53:20,F1,23.5,20.00,0.50,0,0,0,1000.0
2026-02-12 12:53:21,F2,19.6,20.00,0.50,0,1,0,1000.0
2026-02-12 12:53:22,F3,26.1,20.00,0.50,0,0,0,1000.0
2026-02-12 12:53:24,F1,23.5,20.00,0.50,0,0,0,1000.0
2026-02-12 12:53:25,F2,19.7,20.00,0.50,0,1,0,1000.0
2026-02-12 12:53:25,F3,26.1,20.00,0.50,0,0,0,1000.0
2026-02-12 12:53:27,F1,23.5,20.00,0.50,0,0,0,1000.0
2026-02-12 12:53:28,F2,19.8,20.00,0.50,0,1,0,1000.0
2026-02-12 12:53:29,F3,26.1,20.00,0.50,0,0,0,1000.0
2026-02-12 12:53:31,F1,23.5,20.00,0.50,0,0,0,1000.0
2026-02-12 12:53:31,F2,19.7,20.00,0.50,0,1,0,1000.0
2026-02-12 12:53:32,F3,26.1,20.00,0.50,0,0,0,1000.0
2026-02-12 12:53:34,F1,23.6,20.00,0.50,0,0,0,1000.0
2026-02-12 12:53:35,F2,19.8,20.00,0.50,0,1,0,1000.0
2026-02-12 12:53:36,F3,26.1,20.00,0.50,0,0,0,1000.0
2026-02-12 12:53:37,F1,23.5,20.00,0.50,0,0,0,1000.0
2026-02-12 12:53:38,F2,19.8,20.00,0.50,0,1,0,1000.0
2026-02-12 12:53:39,F3,26.1,20.00,0.50,0,0,0,1000.0
2026-02-12 12:53:41,F1,23.5,20.00,0.50,0,0,0,1000.0
2026-02-12 12:53:42,F2,19.8,20.00,0.50,0,1,0,1000.0
2026-02-12 12:53:42,F3,26.1,20.00,0.50,0,0,0,1000.0
2026-02-12 12:53:44,F1,23.5,20.00,0.50,0,0,0,1000.0
2026-02-12 12:53:45,F2,19.9,20.00,0.50,0,1,0,1000.0
2026-02-12 12:53:46,F3,26.1,20.00,0.50,0,0,0,1000.0
2026-02-12 12:53:48,F1,23.5,20.00,0.50,0,0,0,1000.0
2026-02-12 12:53:48,F2,19.9,20.00,0.50,0,1,0,1000.0
2026-02-12 12:53:49,F3,26.1,20.00,0.50,0,0,0,1000.0
2026-02-12 12:53:51,F1,23.5,20.00,0.50,0,0,0,1000.0
2026-02-12 12:53:52,F2,19.9,20.00,0.50,0,1,0,1000.0
2026-02-12 12:53:53,F3,26.1,20.00,0.50,0,0,0,1000.0
2026-02-12 12:53:54,F1,23.4,20.00,0.50,0,0,0,1000.0
2026-02-12 12:53:55,F2,19.9,20.00,0.50,0,1,0,1000.0
2026-02-12 12:53:56,F3,26.1,20.00,0.50,0,0,0,1000.0
2026-02-12 12:53:58,F1,23.5,20.00,0.50,0,0,0,1000.0
2026-02-12 12:53:59,F2,19.9,20.00,0.50,0,1,0,1000.0
2026-02-12 12:53:59,F3,26.1,20.00,0.50,0,0,0,1000.0
2026-02-12 12:54:01,F1,23.5,20.00,0.50,0,0,0,1000.0
2026-02-12 12:54:02,F2,20.0,20.00,0.50,0,1,0,1000.0
2026-02-12 12:54:03,F3,26.1,20.00,0.50,0,0,0,1000.0
2026-02-12 12:54:05,F1,23.4,20.00,0.50,0,0,0,1000.0
2026-02-12 12:54:05,F2,20.0,20.00,0.50,0,1,0,1000.0
2026-02-12 12:54:06,F3,26.1,20.00,0.50,0,0,0,1000.0
2026-02-12 12:54:08,F1,23.4,20.00,0.50,0,0,0,1000.0
2026-02-12 12:54:09,F2,20.1,20.00,0.50,0,1,0,1000.0
2026-02-12 12:54:10,F3,26.1,20.00,0.50,0,0,0,1000.0
2026-02-12 12:54:11,F1,23.4,20.00,0.50,0,0,0,1000.0
2026-02-12 12:54:12,F2,20.1,20.00,0.50,0,1,0,1000.0
2026-02-12 12:54:13,F3,26.1,20.00,0.50,0,0,0,1000.0
2026-02-12 12:54:15,F1,23.4,20.00,0.50,0,0,0,1000.0
2026-02-12 12:54:16,F2,20.1,20.00,0.50,0,1,0,1000.0
2026-02-12 12:54:17,F3,26.1,20.00,0.50,0,0,0,1000.0
2026-02-12 12:54:18,F1,23.4,20.00,0.50,0,0,0,1000.0
2026-02-12 12:54:19,F2,20.1,20.00,0.50,0,1,0,1000.0
2026-02-12 12:54:20,F3,26.1,20.00,0.50,0,0,0,1000.0
2026-02-12 12:54:22,F1,23.4,20.00,0.50,0,0,0,1000.0
2026-02-12 12:54:23,F2,20.2,20.00,0.50,0,1,0,1000.0
2026-02-12 12:54:23,F3,26.1,20.00,0.50,0,0,0,1000.0
2026-02-12 12:54:25,F1,23.4,20.00,0.50,0,0,0,1000.0
2026-02-12 12:54:26,F2,20.2,20.00,0.50,0,1,0,1000.0
2026-02-12 12:54:27,F3,26.1,20.00,0.50,0,0,0,1000.0
2026-02-12 12:54:29,F1,23.4,20.00,0.50,0,0,0,1000.0
2026-02-12 12:54:29,F2,20.2,20.00,0.50,0,1,0,1000.0
2026-02-12 12:54:30,F3,26.1,20.00,0.50,0,0,0,1000.0
2026-02-12 12:54:32,F1,23.4,20.00,0.50,0,0,0,1000.0
2026-02-12 12:54:33,F2,20.2,20.00,0.50,0,1,0,1000.0
2026-02-12 12:54:34,F3,26.1,20.00,0.50,0,0,0,1000.0
2026-02-12 12:54:35,F1,23.4,20.00,0.50,0,0,0,1000.0
2026-02-12 12:54:36,F2,20.3,20.00,0.50,0,1,0,1000.0
2026-02-12 12:54:37,F3,26.1,20.00,0.50,0,0,0,1000.0
2026-02-12 12:54:39,F1,23.4,20.00,0.50,0,0,0,1000.0
2026-02-12 12:54:40,F2,20.3,20.00,0.50,0,1,0,1000.0
2026-02-12 12:54:40,F3,26.1,20.00,0.50,0,0,0,1000.0
2026-02-12 12:54:42,F1,23.4,20.00,0.50,0,0,0,1000.0
2026-02-12 12:54:43,F2,20.4,20.00,0.50,0,1,0,1000.0
2026-02-12 12:54:44,F3,26.1,20.00,0.50,0,0,0,1000.0
2026-02-12 12:54:46,F1,23.4,20.00,0.50,0,0,0,1000.0
2026-02-12 12:54:46,F2,20.4,20.00,0.50,0,1,0,1000.0
2026-02-12 12:54:47,F3,26.1,20.00,0.50,0,0,0,1000.0
2026-02-12 12:54:49,F1,23.4,20.00,0.50,0,0,0,1000.0
2026-02-12 12:54:50,F2,20.4,20.00,0.50,0,1,0,1000.0
2026-02-12 12:54:51,F3,26.1,20.00,0.50,0,0,0,1000.0
2026-02-12 12:54:52,F1,23.4,20.00,0.50,0,0,0,1000.0
2026-02-12 12:54:53,F2,20.4,20.00,0.50,0,1,0,1000.0
2026-02-12 12:54:54,F3,26.1,20.00,0.50,0,0,0,1000.0
2026-02-12 12:54:56,F1,23.4,20.00,0.50,0,0,0,1000.0
2026-02-12 12:54:57,F2,20.5,20.00,0.50,1,0,0,1000.0
2026-02-12 12:54:57,F3,26.1,20.00,0.50,0,0,0,1000.0
2026-02-12 12:54:59,F1,23.4,20.00,0.50,0,0,0,1000.0
2026-02-12 12:55:00,F2,20.5,20.00,0.50,1,0,0,1000.0
2026-02-12 12:55:01,F3,26.1,20.00,0.50,0,0,0,1000.0
2026-02-12 12:55:03,F1,23.4,20.00,0.50,0,0,0,1000.0
2026-02-12 12:55:03,F2,20.6,20.00,0.50,1,0,0,1000.0
2026-02-12 12:55:04,F3,26.1,20.00,0.50,0,0,0,1000.0
2026-02-12 12:55:06,F1,23.4,20.00,0.50,0,0,0,1000.0
2026-02-12 12:55:07,F2,20.6,20.00,0.50,1,0,0,1000.0
2026-02-12 12:55:08,F3,26.1,20.00,0.50,0,0,0,1000.0
2026-02-12 12:55:09,F1,23.5,20.00,0.50,0,0,0,1000.0
2026-02-12 12:55:10,F2,20.6,20.00,0.50,1,0,0,1000.0
2026-02-12 12:55:11,F3,26.1,20.00,0.50,0,0,0,1000.0
2026-02-12 12:55:13,F1,23.4,20.00,0.50,0,0,0,1000.0
2026-02-12 12:55:14,F2,20.6,20.00,0.50,1,0,0,1000.0
2026-02-12 12:55:14,F3,26.1,20.00,0.50,0,0,0,1000.0
2026-02-12 12:55:16,F1,23.5,20.00,0.50,0,0,0,1000.0
2026-02-12 12:55:17,F2,20.6,20.00,0.50,1,0,0,1000.0
2026-02-12 12:55:18,F3,26.1,20.00,0.50,0,0,0,1000.0
2026-02-12 12:55:20,F1,23.5,20.00,0.50,0,0,0,1000.0
2026-02-12 12:55:20,F2,20.7,20.00,0.50,1,0,0,1000.0
2026-02-12 12:55:21,F3,26.0,20.00,0.50,0,0,0,1000.0
2026-02-12 12:55:23,F1,23.5,20.00,0.50,0,0,0,1000.0
2026-02-12 12:55:24,F2,20.7,20.00,0.50,1,0,0,1000.0
2026-02-12 12:55:25,F3,26.0,20.00,0.50,0,0,0,1000.0
2026-02-12 12:55:26,F1,23.6,20.00,0.50,0,0,0,1000.0
2026-02-12 12:55:27,F2,20.8,20.00,0.50,1,0,0,1000.0
2026-02-12 12:55:28,F3,26.0,20.00,0.50,0,0,0,1000.0
2026-02-12 12:55:30,F1,23.5,20.00,0.50,0,0,0,1000.0
2026-02-12 12:55:31,F2,20.8,20.00,0.50,1,0,0,1000.0
2026-02-12 12:55:31,F3,26.0,20.00,0.50,0,0,0,1000.0
2026-02-12 12:55:33,F1,23.5,20.00,0.50,0,0,0,1000.0
2026-02-12 12:55:34,F2,20.8,20.00,0.50,1,0,0,1000.0
2026-02-12 12:55:35,F3,26.1,20.00,0.50,0,0,0,1000.0
2026-02-12 12:55:37,F1,23.5,20.00,0.50,0,0,0,1000.0
2026-02-12 12:55:37,F2,20.8,20.00,0.50,1,0,0,1000.0
2026-02-12 12:55:38,F3,26.1,20.00,0.50,0,0,0,1000.0
2026-02-12 12:55:40,F1,23.4,20.00,0.50,0,0,0,1000.0
2026-02-12 12:55:41,F2,20.9,20.00,0.50,1,0,0,1000.0
2026-02-12 12:55:42,F3,26.1,20.00,0.50,0,0,0,1000.0
2026-02-12 12:55:43,F1,23.5,20.00,0.50,0,0,0,1000.0
2026-02-12 12:55:44,F2,20.9,20.00,0.50,1,0,0,1000.0
2026-02-12 12:55:45,F3,26.1,20.00,0.50,0,0,0,1000.0
2026-02-12 12:55:47,F1,23.5,20.00,0.50,0,0,0,1000.0
2026-02-12 12:55:48,F2,20.9,20.00,0.50,1,0,0,1000.0
2026-02-12 12:55:48,F3,26.1,20.00,0.50,0,0,0,1000.0
2026-02-12 12:55:50,F1,23.5,20.00,0.50,0,0,0,1000.0
2026-02-12 12:55:51,F2,20.9,20.00,0.50,1,0,0,1000.0
2026-02-12 12:55:52,F3,26.1,20.00,0.50,0,0,0,1000.0
2026-02-12 12:55:54,F1,23.6,20.00,0.50,0,0,0,1000.0
2026-02-12 12:55:54,F2,20.9,20.00,0.50,1,0,0,1000.0
2026-02-12 12:55:55,F3,26.1,20.00,0.50,0,0,0,1000.0
2026-02-12 12:55:57,F1,23.5,20.00,0.50,0,0,0,1000.0
2026-02-12 12:55:58,F2,20.9,20.00,0.50,1,0,0,1000.0
2026-02-12 12:55:59,F3,26.1,20.00,0.50,0,0,0,1000.0
2026-02-12 12:56:00,F1,23.5,20.00,0.50,0,0,0,1000.0
2026-02-12 12:56:01,F2,20.9,20.00,0.50,1,0,0,1000.0
2026-02-12 12:56:02,F3,26.1,20.00,0.50,0,0,0,1000.0
2026-02-12 12:56:04,F1,23.5,20.00,0.50,0,0,0,1000.0
2026-02-12 12:56:05,F2,20.9,20.00,0.50,1,0,0,1000.0
2026-02-12 12:56:05,F3,26.0,20.00,0.50,0,0,0,1000.0
2026-02-12 12:56:07,F1,23.5,20.00,0.50,0,0,0,1000.0
2026-02-12 12:56:08,F2,20.9,20.00,0.50,1,0,0,1000.0
2026-02-12 12:56:09,F3,26.0,20.00,0.50,0,0,0,1000.0
2026-02-12 12:56:11,F1,23.5,20.00,0.50,0,0,0,1000.0
2026-02-12 12:56:11,F2,21.0,20.00,0.50,1,0,0,1000.0
2026-02-12 12:56:12,F3,26.0,20.00,0.50,0,0,0,1000.0
2026-02-12 12:56:14,F1,23.5,20.00,0.50,0,0,0,1000.0
2026-02-12 12:56:15,F2,21.0,20.00,0.50,1,0,0,1000.0
2026-02-12 12:56:16,F3,26.0,20.00,0.50,0,0,0,1000.0
2026-02-12 12:56:17,F1,23.5,20.00,0.50,0,0,0,1000.0
2026-02-12 12:56:18,F2,20.9,20.00,0.50,1,0,0,1000.0
2026-02-12 12:56:19,F3,26.0,20.00,0.50,0,0,0,1000.0
2026-02-12 12:56:21,F1,23.5,20.00,0.50,0,0,0,1000.0
2026-02-12 12:56:22,F2,20.9,20.00,0.50,1,0,0,1000.0
2026-02-12 12:56:23,F3,26.0,20.00,0.50,0,0,0,1000.0
2026-02-12 12:56:24,F1,23.5,20.00,0.50,0,0,0,1000.0
2026-02-12 12:56:25,F2,20.9,20.00,0.50,1,0,0,1000.0
2026-02-12 12:56:26,F3,26.0,20.00,0.50,0,0,0,1000.0
2026-02-12 12:56:28,F1,23.5,20.00,0.50,0,0,0,1000.0
2026-02-12 12:56:28,F2,20.9,20.00,0.50,1,0,0,1000.0
2026-02-12 12:56:29,F3,26.0,20.00,0.50,0,0,0,1000.0
2026-02-12 12:56:31,F1,23.5,20.00,0.50,0,0,0,1000.0
2026-02-12 12:56:32,F2,20.9,20.00,0.50,1,0,0,1000.0
2026-02-12 12:56:33,F3,26.0,20.00,0.50,0,0,0,1000.0
2026-02-12 12:56:35,F1,23.5,20.00,0.50,0,0,0,1000.0
2026-02-12 12:56:35,F2,20.9,20.00,0.50,1,0,0,1000.0
2026-02-12 12:56:36,F3,26.0,20.00,0.50,0,0,0,1000.0
2026-02-12 12:56:38,F1,23.5,20.00,0.50,0,0,0,1000.0
2026-02-12 12:56:39,F2,20.9,20.00,0.50,1,0,0,1000.0
2026-02-12 12:56:39,F3,26.0,20.00,0.50,0,0,0,1000.0
2026-02-12 12:56:41,F1,23.5,20.00,0.50,0,0,0,1000.0
2026-02-12 12:56:42,F2,20.9,20.00,0.50,1,0,0,1000.0
2026-02-12 12:56:43,F3,26.0,20.00,0.50,0,0,0,1000.0
2026-02-12 12:56:45,F1,23.4,20.00,0.50,0,0,0,1000.0
2026-02-12 12:56:46,F2,20.9,20.00,0.50,1,0,0,1000.0
2026-02-12 12:56:46,F3,26.0,20.00,0.50,0,0,0,1000.0
2026-02-12 12:56:48,F1,23.4,20.00,0.50,0,0,0,1000.0
2026-02-12 12:56:49,F2,20.9,20.00,0.50,1,0,0,1000.0
2026-02-12 12:56:50,F3,26.0,20.00,0.50,0,0,0,1000.0
2026-02-12 12:56:52,F1,23.4,20.00,0.50,0,0,0,1000.0
2026-02-12 12:56:52,F2,20.9,20.00,0.50,1,0,0,1000.0
2026-02-12 12:56:53,F3,26.0,20.00,0.50,0,0,0,1000.0
2026-02-12 12:56:55,F1,23.4,20.00,0.50,0,0,0,1000.0
2026-02-12 12:56:56,F2,20.9,20.00,0.50,1,0,0,1000.0
2026-02-12 12:56:57,F3,26.0,20.00,0.50,0,0,0,1000.0
2026-02-12 12:56:58,F1,23.4,20.00,0.50,0,0,0,1000.0
2026-02-12 12:56:59,F2,20.9,20.00,0.50,1,0,0,1000.0
2026-02-12 12:57:00,F3,26.0,20.00,0.50,0,0,0,1000.0
2026-02-12 12:57:02,F1,23.4,20.00,0.50,0,0,0,1000.0
2026-02-12 12:57:03,F2,20.9,20.00,0.50,1,0,0,1000.0
2026-02-12 12:57:03,F3,26.0,20.00,0.50,0,0,0,1000.0
2026-02-12 12:57:05,F1,23.4,20.00,0.50,0,0,0,1000.0
2026-02-12 12:57:06,F2,20.9,20.00,0.50,1,0,0,1000.0
2026-02-12 12:57:07,F3,26.1,20.00,0.50,0,0,0,1000.0
2026-02-12 12:57:09,F1,23.4,20.00,0.50,0,0,0,1000.0
2026-02-12 12:57:09,F2,20.9,20.00,0.50,1,0,0,1000.0
2026-02-12 12:57:10,F3,26.1,20.00,0.50,0,0,0,1000.0
2026-02-12 12:57:12,F1,23.4,20.00,0.50,0,0,0,1000.0
2026-02-12 12:57:13,F2,20.8,20.00,0.50,1,0,0,1000.0
2026-02-12 12:57:14,F3,26.1,20.00,0.50,0,0,0,1000.0
2026-02-12 12:57:15,F1,23.4,20.00,0.50,0,0,0,1000.0
2026-02-12 12:57:16,F2,20.8,20.00,0.50,1,0,0,1000.0
2026-02-12 12:57:17,F3,26.1,20.00,0.50,0,0,0,1000.0
2026-02-12 12:57:19,F1,23.4,20.00,0.50,0,0,0,1000.0
2026-02-12 12:57:20,F2,20.8,20.00,0.50,1,0,0,1000.0
2026-02-12 12:57:20,F3,26.1,20.00,0.50,0,0,0,1000.0
2026-02-12 12:57:22,F1,23.4,20.00,0.50,0,0,0,1000.0
2026-02-12 12:57:23,F2,20.8,20.00,0.50,1,0,0,1000.0
2026-02-12 12:57:24,F3,26.1,20.00,0.50,0,0,0,1000.0
2026-02-12 12:57:26,F1,23.5,20.00,0.50,0,0,0,1000.0
2026-02-12 12:57:26,F2,20.8,20.00,0.50,1,0,0,1000.0
2026-02-12 12:57:27,F3,26.1,20.00,0.50,0,0,0,1000.0
2026-02-12 12:57:29,F1,23.5,20.00,0.50,0,0,0,1000.0
2026-02-12 12:57:30,F2,20.8,20.00,0.50,1,0,0,1000.0
2026-02-12 12:57:31,F3,26.1,20.00,0.50,0,0,0,1000.0
2026-02-12 12:57:32,F1,23.5,20.00,0.50,0,0,0,1000.0
2026-02-12 12:57:33,F2,20.8,20.00,0.50,1,0,0,1000.0
2026-02-12 12:57:34,F3,26.1,20.00,0.50,0,0,0,1000.0
2026-02-12 12:57:36,F1,23.6,20.00,0.50,0,0,0,1000.0
2026-02-12 12:57:37,F2,20.8,20.00,0.50,1,0,0,1000.0
2026-02-12 12:57:37,F3,26.1,20.00,0.50,0,0,0,1000.0
2026-02-12 12:57:39,F1,23.6,20.00,0.50,0,0,0,1000.0
2026-02-12 12:57:40,F2,20.7,20.00,0.50,1,0,0,1000.0
2026-02-12 12:57:41,F3,26.1,20.00,0.50,0,0,0,1000.0
2026-02-12 12:57:43,F1,23.6,20.00,0.50,0,0,0,1000.0
2026-02-12 12:57:43,F2,20.7,20.00,0.50,1,0,0,1000.0
2026-02-12 12:57:44,F3,26.1,20.00,0.50,0,0,0,1000.0
2026-02-12 12:57:46,F1,23.6,20.00,0.50,0,0,0,1000.0
2026-02-12 12:57:47,F2,20.6,20.00,0.50,1,0,0,1000.0
2026-02-12 12:57:48,F3,26.1,20.00,0.50,0,0,0,1000.0
2026-02-12 12:57:49,F1,23.6,20.00,0.50,0,0,0,1000.0
2026-02-12 12:57:50,F2,20.6,20.00,0.50,1,0,0,1000.0
2026-02-12 12:57:51,F3,26.1,20.00,0.50,0,0,0,1000.0
2026-02-12 12:57:53,F1,23.6,20.00,0.50,0,0,0,1000.0
2026-02-12 12:57:54,F2,20.6,20.00,0.50,1,0,0,1000.0
2026-02-12 12:57:54,F3,26.1,20.00,0.50,0,0,0,1000.0
2026-02-12 12:57:56,F1,23.6,20.00,0.50,0,0,0,1000.0
2026-02-12 12:57:57,F2,20.6,20.00,0.50,1,0,0,1000.0
2026-02-12 12:57:58,F3,26.0,20.00,0.50,0,0,0,1000.0
2026-02-12 12:58:00,F1,23.6,20.00,0.50,0,0,0,1000.0
2026-02-12 12:58:00,F2,20.6,20.00,0.50,1,0,0,1000.0
2026-02-12 12:58:01,F3,26.1,20.00,0.50,0,0,0,1000.0
2026-02-12 12:58:03,F1,23.6,20.00,0.50,0,0,0,1000.0
2026-02-12 12:58:04,F2,20.6,20.00,0.50,1,0,0,1000.0
2026-02-12 12:58:05,F3,26.0,20.00,0.50,0,0,0,1000.0
2026-02-12 12:58:06,F1,23.6,20.00,0.50,0,0,0,1000.0
2026-02-12 12:58:07,F2,20.6,20.00,0.50,1,0,0,1000.0
2026-02-12 12:58:08,F3,26.0,20.00,0.50,0,0,0,1000.0
2026-02-12 12:58:10,F1,23.7,20.00,0.50,0,0,0,1000.0
2026-02-12 12:58:11,F2,20.6,20.00,0.50,1,0,0,1000.0
2026-02-12 12:58:11,F3,26.0,20.00,0.50,0,0,0,1000.0
2026-02-12 12:58:13,F1,23.7,20.00,0.50,0,0,0,1000.0
2026-02-12 12:58:14,F2,20.6,20.00,0.50,1,0,0,1000.0
2026-02-12 12:58:15,F3,26.1,20.00,0.50,0,0,0,1000.0
2026-02-12 12:58:17,F1,23.7,20.00,0.50,0,0,0,1000.0
2026-02-12 12:58:17,F2,20.5,20.00,0.50,1,0,0,1000.0
2026-02-12 12:58:18,F3,26.1,20.00,0.50,0,0,0,1000.0
2026-02-12 12:58:20,F1,23.7,20.00,0.50,0,0,0,1000.0
2026-02-12 12:58:21,F2,20.5,20.00,0.50,1,0,0,1000.0
2026-02-12 12:58:22,F3,26.1,20.00,0.50,0,0,0,1000.0
2026-02-12 12:58:23,F1,23.7,20.00,0.50,0,0,0,1000.0
2026-02-12 12:58:24,F2,20.5,20.00,0.50,1,0,0,1000.0
2026-02-12 12:58:25,F3,26.1,20.00,0.50,0,0,0,1000.0
2026-02-12 12:58:27,F1,23.7,20.00,0.50,0,0,0,1000.0
2026-02-12 12:58:28,F2,20.4,20.00,0.50,1,0,0,1000.0
2026-02-12 12:58:28,F3,26.1,20.00,0.50,0,0,0,1000.0
2026-02-12 12:58:30,F1,23.8,20.00,0.50,0,0,0,1000.0
2026-02-12 12:58:31,F2,20.5,20.00,0.50,1,0,0,1000.0
2026-02-12 12:58:32,F3,26.1,20.00,0.50,0,0,0,1000.0
2026-02-12 12:58:34,F1,23.7,20.00,0.50,0,0,0,1000.0
2026-02-12 12:58:34,F2,20.4,20.00,0.50,1,0,0,1000.0
2026-02-12 12:58:35,F3,26.1,20.00,0.50,0,0,0,1000.0
2026-02-12 12:58:37,F1,23.7,20.00,0.50,0,0,0,1000.0
2026-02-12 12:58:38,F2,20.4,20.00,0.50,1,0,0,1000.0
2026-02-12 12:58:39,F3,26.1,20.00,0.50,0,0,0,1000.0
2026-02-12 12:58:40,F1,23.7,20.00,0.50,0,0,0,1000.0
2026-02-12 12:58:41,F2,20.5,20.00,0.50,1,0,0,1000.0
2026-02-12 12:58:42,F3,26.1,20.00,0.50,0,0,0,1000.0
2026-02-12 12:58:44,F1,23.6,20.00,0.50,0,0,0,1000.0
2026-02-12 12:58:45,F2,20.4,20.00,0.50,1,0,0,1000.0
2026-02-12 12:58:45,F3,26.0,20.00,0.50,0,0,0,1000.0
2026-02-12 12:58:47,F1,23.6,20.00,0.50,0,0,0,1000.0
2026-02-12 12:58:48,F2,20.4,20.00,0.50,1,0,0,1000.0
2026-02-12 12:58:49,F3,26.0,20.00,0.50,0,0,0,1000.0
2026-02-12 12:58:51,F1,23.7,20.00,0.50,0,0,0,1000.0
2026-02-12 12:58:51,F2,20.4,20.00,0.50,1,0,0,1000.0
2026-02-12 12:58:52,F3,26.1,20.00,0.50,0,0,0,1000.0
2026-02-12 12:58:54,F1,23.6,20.00,0.50,0,0,0,1000.0
2026-02-12 12:58:55,F2,20.4,20.00,0.50,1,0,0,1000.0
2026-02-12 12:58:56,F3,26.0,20.00,0.50,0,0,0,1000.0
2026-02-12 12:58:57,F1,23.6,20.00,0.50,0,0,0,1000.0
2026-02-12 12:58:58,F2,20.4,20.00,0.50,1,0,0,1000.0
2026-02-12 12:58:59,F3,26.1,20.00,0.50,0,0,0,1000.0
2026-02-12 12:59:01,F1,23.6,20.00,0.50,0,0,0,1000.0
2026-02-12 12:59:02,F2,20.4,20.00,0.50,1,0,0,1000.0
2026-02-12 12:59:02,F3,26.1,20.00,0.50,0,0,0,1000.0
2026-02-12 12:59:04,F1,23.6,20.00,0.50,0,0,0,1000.0
2026-02-12 12:59:05,F2,20.3,20.00,0.50,1,0,0,1000.0
2026-02-12 12:59:06,F3,26.1,20.00,0.50,0,0,0,1000.0
2026-02-12 12:59:08,F1,23.6,20.00,0.50,0,0,0,1000.0
2026-02-12 12:59:08,F2,20.3,20.00,0.50,1,0,0,1000.0
2026-02-12 12:59:09,F3,26.1,20.00,0.50,0,0,0,1000.0
2026-02-12 12:59:11,F1,23.6,20.00,0.50,0,0,0,1000.0
2026-02-12 12:59:12,F2,20.3,20.00,0.50,1,0,0,1000.0
2026-02-12 12:59:13,F3,26.1,20.00,0.50,0,0,0,1000.0
2026-02-12 12:59:14,F1,23.6,20.00,0.50,0,0,0,1000.0
2026-02-12 12:59:15,F2,20.2,20.00,0.50,1,0,0,1000.0
2026-02-12 12:59:16,F3,26.0,20.00,0.50,0,0,0,1000.0
2026-02-12 12:59:18,F1,23.6,20.00,0.50,0,0,0,1000.0
2026-02-12 12:59:19,F2,20.2,20.00,0.50,1,0,0,1000.0
2026-02-12 12:59:19,F3,26.1,20.00,0.50,0,0,0,1000.0
2026-02-12 12:59:21,F1,23.6,20.00,0.50,0,0,0,1000.0
2026-02-12 12:59:22,F2,20.2,20.00,0.50,1,0,0,1000.0
2026-02-12 12:59:23,F3,26.0,20.00,0.50,0,0,0,1000.0
2026-02-12 12:59:25,F1,23.6,20.00,0.50,0,0,0,1000.0
2026-02-12 12:59:25,F2,20.2,20.00,0.50,1,0,0,1000.0
2026-02-12 12:59:26,F3,26.1,20.00,0.50,0,0,0,1000.0
2026-02-12 12:59:28,F1,23.6,20.00,0.50,0,0,0,1000.0
2026-02-12 12:59:29,F2,20.2,20.00,0.50,1,0,0,1000.0
2026-02-12 12:59:30,F3,26.0,20.00,0.50,0,0,0,1000.0
2026-02-12 12:59:31,F1,23.6,20.00,0.50,0,0,0,1000.0
2026-02-12 12:59:32,F2,20.2,20.00,0.50,1,0,0,1000.0
2026-02-12 12:59:33,F3,26.0,20.00,0.50,0,0,0,1000.0
2026-02-12 12:59:35,F1,23.6,20.00,0.50,0,0,0,1000.0
2026-02-12 12:59:36,F2,20.2,20.00,0.50,1,0,0,1000.0
2026-02-12 12:59:36,F3,26.0,20.00,0.50,0,0,0,1000.0
2026-02-12 12:59:38,F1,23.6,20.00,0.50,0,0,0,1000.0
2026-02-12 12:59:39,F2,20.2,20.00,0.50,1,0,0,1000.0
2026-02-12 12:59:40,F3,26.1,20.00,0.50,0,0,0,1000.0
2026-02-12 12:59:42,F1,23.6,20.00,0.50,0,0,0,1000.0
2026-02-12 12:59:42,F2,20.2,20.00,0.50,1,0,0,1000.0
2026-02-12 12:59:43,F3,26.1,20.00,0.50,0,0,0,1000.0
2026-02-12 12:59:45,F1,23.6,20.00,0.50,0,0,0,1000.0
2026-02-12 12:59:46,F2,20.2,20.00,0.50,1,0,0,1000.0
2026-02-12 12:59:47,F3,26.1,20.00,0.50,0,0,0,1000.0
2026-02-12 12:59:48,F1,23.6,20.00,0.50,0,0,0,1000.0
2026-02-12 12:59:49,F2,20.2,20.00,0.50,1,0,0,1000.0
2026-02-12 12:59:50,F3,26.1,20.00,0.50,0,0,0,1000.0
2026-02-12 12:59:52,F1,23.6,20.00,0.50,0,0,0,1000.0
2026-02-12 12:59:53,F2,20.1,20.00,0.50,1,0,0,1000.0
2026-02-12 12:59:53,F3,26.1,20.00,0.50,0,0,0,1000.0
2026-02-12 12:59:55,F1,23.6,20.00,0.50,0,0,0,1000.0
2026-02-12 12:59:56,F2,20.1,20.00,0.50,1,0,0,1000.0
2026-02-12 12:59:57,F3,26.1,20.00,0.50,0,0,0,1000.0
2026-02-12 12:59:59,F1,23.6,20.00,0.50,0,0,0,1000.0
2026-02-12 12:59:59,F2,20.1,20.00,0.50,1,0,0,1000.0
2026-02-12 13:00:00,F3,26.1,20.00,0.50,0,0,0,1000.0
2026-02-12 13:00:02,F1,23.6,20.00,0.50,0,0,0,1000.0
2026-02-12 13:00:03,F2,20.1,20.00,0.50,1,0,0,1000.0
2026-02-12 13:00:04,F3,26.1,20.00,0.50,0,0,0,1000.0
2026-02-12 13:00:06,F1,23.6,20.00,0.50,0,0,0,1000.0
2026-02-12 13:00:06,F2,20.1,20.00,0.50,1,0,0,1000.0
2026-02-12 13:00:07,F3,26.1,20.00,0.50,0,0,0,1000.0
2026-02-12 13:00:09,F1,23.6,20.00,0.50,0,0,0,1000.0
2026-02-12 13:00:10,F2,20.0,20.00,0.50,1,0,0,1000.0
2026-02-12 13:00:11,F3,26.1,20.00,0.50,0,0,0,1000.0
2026-02-12 13:00:12,F1,23.6,20.00,0.50,0,0,0,1000.0
2026-02-12 13:00:13,F2,20.0,20.00,0.50,1,0,0,1000.0
2026-02-12 13:00:14,F3,26.1,20.00,0.50,0,0,0,1000.0
2026-02-12 13:00:16,F1,23.6,20.00,0.50,0,0,0,1000.0
2026-02-12 13:00:17,F2,20.0,20.00,0.50,1,0,0,1000.0
2026-02-12 13:00:17,F3,26.1,20.00,0.50,0,0,0,1000.0
2026-02-12 13:00:19,F1,23.6,20.00,0.50,0,0,0,1000.0
2026-02-12 13:00:20,F2,20.0,20.00,0.50,1,0,0,1000.0
2026-02-12 13:00:21,F3,26.1,20.00,0.50,0,0,0,1000.0
2026-02-12 13:00:23,F1,23.6,20.00,0.50,0,0,0,1000.0
2026-02-12 13:00:23,F2,19.9,20.00,0.50,1,0,0,1000.0
2026-02-12 13:00:24,F3,26.1,20.00,0.50,0,0,0,1000.0
2026-02-12 13:00:26,F1,23.7,20.00,0.50,0,0,0,1000.0
2026-02-12 13:00:27,F2,19.9,20.00,0.50,1,0,0,1000.0
2026-02-12 13:00:28,F3,26.1,20.00,0.50,0,0,0,1000.0
2026-02-12 13:00:29,F1,23.6,20.00,0.50,0,0,0,1000.0
2026-02-12 13:00:30,F2,19.9,20.00,0.50,1,0,0,1000.0
2026-02-12 13:00:31,F3,26.0,20.00,0.50,0,0,0,1000.0
2026-02-12 13:00:33,F1,23.6,20.00,0.50,0,0,0,1000.0
2026-02-12 13:00:34,F2,19.9,20.00,0.50,1,0,0,1000.0
2026-02-12 13:00:34,F3,26.1,20.00,0.50,0,0,0,1000.0
2026-02-12 13:00:36,F1,23.6,20.00,0.50,0,0,0,1000.0
2026-02-12 13:00:37,F2,19.9,20.00,0.50,1,0,0,1000.0
2026-02-12 13:00:38,F3,26.1,20.00,0.50,0,0,0,1000.0
2026-02-12 13:00:40,F1,23.6,20.00,0.50,0,0,0,1000.0
2026-02-12 13:00:40,F2,19.9,20.00,0.50,1,0,0,1000.0
2026-02-12 13:00:41,F3,26.1,20.00,0.50,0,0,0,1000.0
2026-02-12 13:00:43,F1,23.6,20.00,0.50,0,0,0,1000.0
2026-02-12 13:00:44,F2,19.9,20.00,0.50,1,0,0,1000.0
2026-02-12 13:00:45,F3,26.0,20.00,0.50,0,0,0,1000.0
2026-02-12 13:00:46,F1,23.6,20.00,0.50,0,0,0,1000.0
2026-02-12 13:00:47,F2,19.9,20.00,0.50,1,0,0,1000.0
2026-02-12 13:00:48,F3,26.1,20.00,0.50,0,0,0,1000.0
2026-02-12 13:00:50,F1,23.6,20.00,0.50,0,0,0,1000.0
2026-02-12 13:00:51,F2,19.9,20.00,0.50,1,0,0,1000.0
2026-02-12 13:00:51,F3,26.1,20.00,0.50,0,0,0,1000.0
2026-02-12 13:00:53,F1,23.6,20.00,0.50,0,0,0,1000.0
2026-02-12 13:00:54,F2,19.9,20.00,0.50,1,0,0,1000.0
2026-02-12 13:00:55,F3,26.1,20.00,0.50,0,0,0,1000.0
2026-02-12 13:00:57,F1,23.6,20.00,0.50,0,0,0,1000.0
2026-02-12 13:00:57,F2,19.9,20.00,0.50,1,0,0,1000.0
2026-02-12 13:00:58,F3,26.1,20.00,0.50,0,0,0,1000.0
2026-02-12 13:01:00,F1,23.6,20.00,0.50,0,0,0,1000.0
2026-02-12 13:01:01,F2,19.9,20.00,0.50,1,0,0,1000.0
2026-02-12 13:01:02,F3,26.1,20.00,0.50,0,0,0,1000.0
2026-02-12 13:01:03,F1,23.6,20.00,0.50,0,0,0,1000.0
2026-02-12 13:01:04,F2,19.8,20.00,0.50,1,0,0,1000.0
2026-02-12 13:01:05,F3,26.1,20.00,0.50,0,0,0,1000.0
2026-02-12 13:01:07,F1,23.6,20.00,0.50,0,0,0,1000.0
2026-02-12 13:01:08,F2,19.8,20.00,0.50,1,0,0,1000.0
2026-02-12 13:01:08,F3,26.1,20.00,0.50,0,0,0,1000.0
2026-02-12 13:01:10,F1,23.7,20.00,0.50,0,0,0,1000.0
2026-02-12 13:01:11,F2,19.8,20.00,0.50,1,0,0,1000.0
2026-02-12 13:01:12,F3,26.1,20.00,0.50,0,0,0,1000.0
2026-02-12 13:01:14,F1,23.7,20.00,0.50,0,0,0,1000.0
2026-02-12 13:01:14,F2,19.8,20.00,0.50,1,0,0,1000.0
2026-02-12 13:01:15,F3,26.1,20.00,0.50,0,0,0,1000.0
2026-02-12 13:01:17,F1,23.6,20.00,0.50,0,0,0,1000.0
2026-02-12 13:01:18,F2,19.8,20.00,0.50,1,0,0,1000.0
2026-02-12 13:01:19,F3,26.1,20.00,0.50,0,0,0,1000.0
2026-02-12 13:01:20,F1,23.6,20.00,0.50,0,0,0,1000.0
2026-02-12 13:01:21,F2,19.8,20.00,0.50,1,0,0,1000.0
2026-02-12 13:01:22,F3,26.1,20.00,0.50,0,0,0,1000.0
2026-02-12 13:01:24,F1,23.6,20.00,0.50,0,0,0,1000.0
2026-02-12 13:01:25,F2,19.8,20.00,0.50,1,0,0,1000.0
2026-02-12 13:01:25,F3,26.1,20.00,0.50,0,0,0,1000.0
2026-02-12 13:01:27,F1,23.7,20.00,0.50,0,0,0,1000.0
2026-02-12 13:01:28,F2,19.7,20.00,0.50,1,0,0,1000.0
2026-02-12 13:01:29,F3,26.1,20.00,0.50,0,0,0,1000.0
2026-02-12 13:01:31,F1,23.6,20.00,0.50,0,0,0,1000.0
2026-02-12 13:01:32,F2,19.8,20.00,0.50,1,0,0,1000.0
2026-02-12 13:01:32,F3,26.1,20.00,0.50,0,0,0,1000.0
2026-02-12 13:01:34,F1,23.7,20.00,0.50,0,0,0,1000.0
2026-02-12 13:01:35,F2,19.8,20.00,0.50,1,0,0,1000.0
2026-02-12 13:01:36,F3,26.1,20.00,0.50,0,0,0,1000.0
2026-02-12 13:01:38,F1,23.7,20.00,0.50,0,0,0,1000.0
2026-02-12 13:01:38,F2,19.7,20.00,0.50,1,0,0,1000.0
2026-02-12 13:01:39,F3,26.1,20.00,0.50,0,0,0,1000.0
2026-02-12 13:01:41,F1,23.7,20.00,0.50,0,0,0,1000.0
2026-02-12 13:01:42,F2,19.7,20.00,0.50,1,0,0,1000.0
2026-02-12 13:01:43,F3,26.1,20.00,0.50,0,0,0,1000.0
2026-02-12 13:01:44,F1,23.7,20.00,0.50,0,0,0,1000.0
2026-02-12 13:01:45,F2,19.7,20.00,0.50,1,0,0,1000.0
2026-02-12 13:01:46,F3,26.1,20.00,0.50,0,0,0,1000.0
2026-02-12 13:01:48,F1,23.6,20.00,0.50,0,0,0,1000.0
2026-02-12 13:01:49,F2,19.7,20.00,0.50,1,0,0,1000.0
2026-02-12 13:01:49,F3,26.1,20.00,0.50,0,0,0,1000.0
2026-02-12 13:01:51,F1,23.6,20.00,0.50,0,0,0,1000.0
2026-02-12 13:01:52,F2,19.6,20.00,0.50,1,0,0,1000.0
2026-02-12 13:01:53,F3,26.1,20.00,0.50,0,0,0,1000.0
2026-02-12 13:01:55,F1,23.6,20.00,0.50,0,0,0,1000.0
2026-02-12 13:01:55,F2,19.6,20.00,0.50,1,0,0,1000.0
2026-02-12 13:01:56,F3,26.1,20.00,0.50,0,0,0,1000.0
2026-02-12 13:01:58,F1,23.6,20.00,0.50,0,0,0,1000.0
2026-02-12 13:01:59,F2,19.6,20.00,0.50,1,0,0,1000.0
2026-02-12 13:02:00,F3,26.1,20.00,0.50,0,0,0,1000.0
2026-02-12 13:02:01,F1,23.6,20.00,0.50,0,0,0,1000.0
2026-02-12 13:02:02,F2,19.6,20.00,0.50,1,0,0,1000.0
2026-02-12 13:02:03,F3,26.1,20.00,0.50,0,0,0,1000.0
2026-02-12 13:02:05,F1,23.6,20.00,0.50,0,0,0,1000.0
2026-02-12 13:02:06,F2,19.6,20.00,0.50,1,0,0,1000.0
2026-02-12 13:02:06,F3,26.1,20.00,0.50,0,0,0,1000.0
2026-02-12 13:02:08,F1,23.6,20.00,0.50,0,0,0,1000.0
2026-02-12 13:02:09,F2,19.6,20.00,0.50,1,0,0,1000.0
2026-02-12 13:02:10,F3,26.1,20.00,0.50,0,0,0,1000.0
2026-02-12 13:02:12,F1,23.7,20.00,0.50,0,0,0,1000.0
2026-02-12 13:02:12,F2,19.6,20.00,0.50,1,0,0,1000.0
2026-02-12 13:02:13,F3,26.1,20.00,0.50,0,0,0,1000.0
2026-02-12 13:02:15,F1,23.6,20.00,0.50,0,0,0,1000.0
2026-02-12 13:02:16,F2,19.6,20.00,0.50,1,0,0,1000.0
2026-02-12 13:02:17,F3,26.1,20.00,0.50,0,0,0,1000.0
2026-02-12 13:02:18,F1,23.6,20.00,0.50,0,0,0,1000.0
2026-02-12 13:02:19,F2,19.6,20.00,0.50,1,0,0,1000.0
2026-02-12 13:02:20,F3,26.1,20.00,0.50,0,0,0,1000.0
2026-02-12 13:02:22,F1,23.7,20.00,0.50,0,0,0,1000.0
2026-02-12 13:02:23,F2,19.5,20.00,0.50,0,1,0,1000.0
2026-02-12 13:02:23,F3,26.1,20.00,0.50,0,0,0,1000.0
2026-02-12 13:02:25,F1,23.6,20.00,0.50,0,0,0,1000.0
2026-02-12 13:02:26,F2,19.5,20.00,0.50,0,1,0,1000.0
2026-02-12 13:02:27,F3,26.1,20.00,0.50,0,0,0,1000.0
2026-02-12 13:02:29,F1,23.7,20.00,0.50,0,0,0,1000.0
2026-02-12 13:02:29,F2,19.5,20.00,0.50,0,1,0,1000.0
2026-02-12 13:02:30,F3,26.1,20.00,0.50,0,0,0,1000.0
2026-02-12 13:02:32,F1,23.7,20.00,0.50,0,0,0,1000.0
2026-02-12 13:02:33,F2,19.5,20.00,0.50,0,1,0,1000.0
2026-02-12 13:02:34,F3,26.1,20.00,0.50,0,0,0,1000.0
2026-02-12 13:02:35,F1,23.7,20.00,0.50,0,0,0,1000.0
2026-02-12 13:02:36,F2,19.5,20.00,0.50,0,1,0,1000.0
2026-02-12 13:02:37,F3,26.1,20.00,0.50,0,0,0,1000.0
2026-02-12 13:02:39,F1,23.6,20.00,0.50,0,0,0,1000.0
2026-02-12 13:02:40,F2,19.5,20.00,0.50,0,1,0,1000.0
2026-02-12 13:02:40,F3,26.1,20.00,0.50,0,0,0,1000.0
2026-02-12 13:02:42,F1,23.6,20.00,0.50,0,0,0,1000.0
2026-02-12 13:02:43,F2,19.4,20.00,0.50,0,1,0,1000.0
2026-02-12 13:02:44,F3,26.1,20.00,0.50,0,0,0,1000.0
2026-02-12 13:02:46,F1,23.7,20.00,0.50,0,0,0,1000.0
2026-02-12 13:02:46,F2,19.4,20.00,0.50,0,1,0,1000.0
2026-02-12 13:02:47,F3,26.1,20.00,0.50,0,0,0,1000.0
2026-02-12 13:02:49,F1,23.7,20.00,0.50,0,0,0,1000.0
2026-02-12 13:02:50,F2,19.4,20.00,0.50,0,1,0,1000.0
2026-02-12 13:02:51,F3,26.1,20.00,0.50,0,0,0,1000.0
2026-02-12 13:02:52,F1,23.8,20.00,0.50,0,0,0,1000.0
2026-02-12 13:02:53,F2,19.4,20.00,0.50,0,1,0,1000.0
2026-02-12 13:02:54,F3,26.1,20.00,0.50,0,0,0,1000.0
2026-02-12 13:02:56,F1,23.8,20.00,0.50,0,0,0,1000.0
2026-02-12 13:02:57,F2,19.4,20.00,0.50,0,1,0,1000.0
2026-02-12 13:02:57,F3,26.1,20.00,0.50,0,0,0,1000.0
2026-02-12 13:02:59,F1,23.8,20.00,0.50,0,0,0,1000.0
2026-02-12 13:03:00,F2,19.4,20.00,0.50,0,1,0,1000.0
2026-02-12 13:03:01,F3,26.1,20.00,0.50,0,0,0,1000.0
2026-02-12 13:03:03,F1,23.7,20.00,0.50,0,0,0,1000.0
2026-02-12 13:03:03,F2,19.4,20.00,0.50,0,1,0,1000.0
2026-02-12 13:03:04,F3,26.1,20.00,0.50,0,0,0,1000.0
2026-02-12 13:03:06,F1,23.8,20.00,0.50,0,0,0,1000.0
2026-02-12 13:03:07,F2,19.4,20.00,0.50,0,1,0,1000.0
2026-02-12 13:03:08,F3,26.1,20.00,0.50,0,0,0,1000.0
2026-02-12 13:03:09,F1,23.7,20.00,0.50,0,0,0,1000.0
2026-02-12 13:03:10,F2,19.4,20.00,0.50,0,1,0,1000.0
2026-02-12 13:03:11,F3,26.1,20.00,0.50,0,0,0,1000.0
2026-02-12 13:03:13,F1,23.7,20.00,0.50,0,0,0,1000.0
2026-02-12 13:03:14,F2,19.4,20.00,0.50,0,1,0,1000.0
2026-02-12 13:03:14,F3,26.1,20.00,0.50,0,0,0,1000.0
2026-02-12 13:03:16,F1,23.8,20.00,0.50,0,0,0,1000.0
2026-02-12 13:03:17,F2,19.4,20.00,0.50,0,1,0,1000.0
2026-02-12 13:03:18,F3,26.2,20.00,0.50,0,0,0,1000.0
2026-02-12 13:03:20,F1,23.7,20.00,0.50,0,0,0,1000.0
2026-02-12 13:03:20,F2,19.4,20.00,0.50,0,1,0,1000.0
2026-02-12 13:03:21,F3,26.1,20.00,0.50,0,0,0,1000.0
2026-02-12 13:03:23,F1,23.7,20.00,0.50,0,0,0,1000.0
2026-02-12 13:03:24,F2,19.4,20.00,0.50,0,1,0,1000.0
2026-02-12 13:03:25,F3,26.1,20.00,0.50,0,0,0,1000.0
2026-02-12 13:03:26,F1,23.7,20.00,0.50,0,0,0,1000.0
2026-02-12 13:03:27,F2,19.4,20.00,0.50,0,1,0,1000.0
2026-02-12 13:03:28,F3,26.1,20.00,0.50,0,0,0,1000.0
2026-02-12 13:03:30,F1,23.7,20.00,0.50,0,0,0,1000.0
2026-02-12 13:03:31,F2,19.4,20.00,0.50,0,1,0,1000.0
2026-02-12 13:03:31,F3,26.2,20.00,0.50,0,0,0,1000.0
2026-02-12 13:03:33,F1,23.7,20.00,0.50,0,0,0,1000.0
2026-02-12 13:03:34,F2,19.4,20.00,0.50,0,1,0,1000.0
2026-02-12 13:03:35,F3,26.1,20.00,0.50,0,0,0,1000.0
2026-02-12 13:03:37,F1,23.7,20.00,0.50,0,0,0,1000.0
2026-02-12 13:03:37,F2,19.4,20.00,0.50,0,1,0,1000.0
2026-02-12 13:03:38,F3,26.2,20.00,0.50,0,0,0,1000.0
2026-02-12 13:03:40,F1,23.8,20.00,0.50,0,0,0,1000.0
2026-02-12 13:03:41,F2,19.5,20.00,0.50,0,1,0,1000.0
2026-02-12 13:03:42,F3,26.1,20.00,0.50,0,0,0,1000.0
2026-02-12 13:03:43,F1,23.7,20.00,0.50,0,0,0,1000.0
2026-02-12 13:03:44,F2,19.5,20.00,0.50,0,1,0,1000.0
2026-02-12 13:03:45,F3,26.1,20.00,0.50,0,0,0,1000.0
2026-02-12 13:03:47,F1,23.7,20.00,0.50,0,0,0,1000.0
2026-02-12 13:03:48,F2,19.5,20.00,0.50,0,1,0,1000.0
2026-02-12 13:03:48,F3,26.1,20.00,0.50,0,0,0,1000.0
2026-02-12 13:03:50,F1,23.7,20.00,0.50,0,0,0,1000.0
2026-02-12 13:03:51,F2,19.5,20.00,0.50,0,1,0,1000.0
2026-02-12 13:03:52,F3,26.1,20.00,0.50,0,0,0,1000.0
2026-02-12 13:03:54,F1,23.7,20.00,0.50,0,0,0,1000.0
2026-02-12 13:03:55,F2,19.5,20.00,0.50,0,1,0,1000.0
2026-02-12 13:03:55,F3,26.1,20.00,0.50,0,0,0,1000.0
2026-02-12 13:03:57,F1,23.7,20.00,0.50,0,0,0,1000.0
2026-02-12 13:03:58,F2,19.6,20.00,0.50,0,1,0,1000.0
2026-02-12 13:03:59,F3,26.1,20.00,0.50,0,0,0,1000.0
2026-02-12 13:04:01,F1,23.7,20.00,0.50,0,0,0,1000.0
2026-02-12 13:04:01,F2,19.6,20.00,0.50,0,1,0,1000.0
2026-02-12 13:04:02,F3,26.1,20.00,0.50,0,0,0,1000.0
2026-02-12 13:04:04,F1,23.7,20.00,0.50,0,0,0,1000.0
2026-02-12 13:04:05,F2,19.6,20.00,0.50,0,1,0,1000.0
2026-02-12 13:04:06,F3,26.1,20.00,0.50,0,0,0,1000.0
2026-02-12 13:04:07,F1,23.7,20.00,0.50,0,0,0,1000.0
2026-02-12 13:04:08,F2,19.6,20.00,0.50,0,1,0,1000.0
2026-02-12 13:04:09,F3,26.2,20.00,0.50,0,0,0,1000.0
2026-02-12 13:04:11,F1,23.7,20.00,0.50,0,0,0,1000.0
2026-02-12 13:04:12,F2,19.6,20.00,0.50,0,1,0,1000.0
2026-02-12 13:04:12,F3,26.2,20.00,0.50,0,0,0,1000.0
2026-02-12 13:04:14,F1,23.7,20.00,0.50,0,0,0,1000.0
2026-02-12 13:04:15,F2,19.7,20.00,0.50,0,1,0,1000.0
2026-02-12 13:04:16,F3,26.2,20.00,0.50,0,0,0,1000.0
2026-02-12 13:04:18,F1,23.6,20.00,0.50,0,0,0,1000.0
2026-02-12 13:04:18,F2,19.7,20.00,0.50,0,1,0,1000.0
2026-02-12 13:04:19,F3,26.1,20.00,0.50,0,0,0,1000.0
2026-02-12 13:04:21,F1,23.6,20.00,0.50,0,0,0,1000.0
2026-02-12 13:04:22,F2,19.7,20.00,0.50,0,1,0,1000.0
2026-02-12 13:04:23,F3,26.2,20.00,0.50,0,0,0,1000.0
2026-02-12 13:04:24,F1,23.6,20.00,0.50,0,0,0,1000.0
2026-02-12 13:04:25,F2,19.8,20.00,0.50,0,1,0,1000.0
2026-02-12 13:04:26,F3,26.1,20.00,0.50,0,0,0,1000.0
2026-02-12 13:04:28,F1,23.6,20.00,0.50,0,0,0,1000.0
2026-02-12 13:04:29,F2,19.8,20.00,0.50,0,1,0,1000.0
2026-02-12 13:04:29,F3,26.2,20.00,0.50,0,0,0,1000.0
2026-02-12 13:04:31,F1,23.6,20.00,0.50,0,0,0,1000.0
2026-02-12 13:04:32,F2,19.8,20.00,0.50,0,1,0,1000.0
2026-02-12 13:04:33,F3,26.2,20.00,0.50,0,0,0,1000.0
2026-02-12 13:04:35,F1,23.6,20.00,0.50,0,0,0,1000.0
2026-02-12 13:04:35,F2,19.8,20.00,0.50,0,1,0,1000.0
2026-02-12 13:04:36,F3,26.2,20.00,0.50,0,0,0,1000.0
2026-02-12 13:04:38,F1,23.6,20.00,0.50,0,0,0,1000.0
2026-02-12 13:04:39,F2,19.9,20.00,0.50,0,1,0,1000.0
2026-02-12 13:04:40,F3,26.1,20.00,0.50,0,0,0,1000.0
2026-02-12 13:04:41,F1,23.6,20.00,0.50,0,0,0,1000.0
2026-02-12 13:04:42,F2,19.9,20.00,0.50,0,1,0,1000.0
2026-02-12 13:04:43,F3,26.1,20.00,0.50,0,0,0,1000.0
2026-02-12 13:04:45,F1,23.6,20.00,0.50,0,0,0,1000.0
2026-02-12 13:04:46,F2,19.9,20.00,0.50,0,1,0,1000.0
2026-02-12 13:04:46,F3,26.2,20.00,0.50,0,0,0,1000.0
2026-02-12 13:04:48,F1,23.6,20.00,0.50,0,0,0,1000.0
2026-02-12 13:04:49,F2,19.9,20.00,0.50,0,1,0,1000.0
2026-02-12 13:04:50,F3,26.2,20.00,0.50,0,0,0,1000.0
2026-02-12 13:04:52,F1,23.6,20.00,0.50,0,0,0,1000.0
2026-02-12 13:04:52,F2,19.9,20.00,0.50,0,1,0,1000.0
2026-02-12 13:04:53,F3,26.2,20.00,0.50,0,0,0,1000.0
2026-02-12 13:04:55,F1,23.6,20.00,0.50,0,0,0,1000.0
2026-02-12 13:04:56,F2,20.0,20.00,0.50,0,1,0,1000.0
2026-02-12 13:04:57,F3,26.2,20.00,0.50,0,0,0,1000.0
2026-02-12 13:04:58,F1,23.6,20.00,0.50,0,0,0,1000.0
2026-02-12 13:04:59,F2,20.1,20.00,0.50,0,1,0,1000.0
2026-02-12 13:05:00,F3,26.2,20.00,0.50,0,0,0,1000.0
2026-02-12 13:05:02,F1,23.6,20.00,0.50,0,0,0,1000.0
2026-02-12 13:05:03,F2,20.1,20.00,0.50,0,1,0,1000.0
2026-02-12 13:05:03,F3,26.2,20.00,0.50,0,0,0,1000.0
2026-02-12 13:05:05,F1,23.6,20.00,0.50,0,0,0,1000.0
2026-02-12 13:05:06,F2,20.1,20.00,0.50,0,1,0,1000.0
2026-02-12 13:05:07,F3,26.2,20.00,0.50,0,0,0,1000.0
2026-02-12 13:05:09,F1,23.6,20.00,0.50,0,0,0,1000.0
2026-02-12 13:05:09,F2,20.1,20.00,0.50,0,1,0,1000.0
2026-02-12 13:05:10,F3,26.2,20.00,0.50,0,0,0,1000.0
2026-02-12 13:05:12,F1,23.6,20.00,0.50,0,0,0,1000.0
2026-02-12 13:05:13,F2,20.1,20.00,0.50,0,1,0,1000.0
2026-02-12 13:05:14,F3,26.2,20.00,0.50,0,0,0,1000.0
2026-02-12 13:05:15,F1,23.6,20.00,0.50,0,0,0,1000.0
2026-02-12 13:05:16,F2,20.1,20.00,0.50,0,1,0,1000.0
2026-02-12 13:05:17,F3,26.2,20.00,0.50,0,0,0,1000.0
2026-02-12 13:05:19,F1,23.6,20.00,0.50,0,0,0,1000.0
2026-02-12 13:05:20,F2,20.2,20.00,0.50,0,1,0,1000.0
2026-02-12 13:05:20,F3,26.2,20.00,0.50,0,0,0,1000.0
2026-02-12 13:05:22,F1,23.6,20.00,0.50,0,0,0,1000.0
2026-02-12 13:05:23,F2,20.2,20.00,0.50,0,1,0,1000.0
2026-02-12 13:05:24,F3,26.2,20.00,0.50,0,0,0,1000.0
2026-02-12 13:05:26,F1,23.6,20.00,0.50,0,0,0,1000.0
2026-02-12 13:05:26,F2,20.2,20.00,0.50,0,1,0,1000.0
2026-02-12 13:05:27,F3,26.3,20.00,0.50,0,0,0,1000.0
2026-02-12 13:05:29,F1,23.7,20.00,0.50,0,0,0,1000.0
2026-02-12 13:05:30,F2,20.3,20.00,0.50,0,1,0,1000.0
2026-02-12 13:05:31,F3,26.3,20.00,0.50,0,0,0,1000.0
2026-02-12 13:05:32,F1,23.7,20.00,0.50,0,0,0,1000.0
2026-02-12 13:05:33,F2,20.3,20.00,0.50,0,1,0,1000.0
2026-02-12 13:05:34,F3,26.3,20.00,0.50,0,0,0,1000.0
2026-02-12 13:05:36,F1,23.7,20.00,0.50,0,0,0,1000.0
2026-02-12 13:05:37,F2,20.4,20.00,0.50,0,1,0,1000.0
2026-02-12 13:05:37,F3,26.3,20.00,0.50,0,0,0,1000.0
2026-02-12 13:05:39,F1,23.8,20.00,0.50,0,0,0,1000.0
2026-02-12 13:05:40,F2,20.4,20.00,0.50,0,1,0,1000.0
2026-02-12 13:05:41,F3,26.4,20.00,0.50,0,0,0,1000.0
2026-02-12 13:05:43,F1,23.8,20.00,0.50,0,0,0,1000.0
2026-02-12 13:05:43,F2,20.4,20.00,0.50,0,1,0,1000.0
2026-02-12 13:05:44,F3,26.3,20.00,0.50,0,0,0,1000.0
2026-02-12 13:05:46,F1,23.8,20.00,0.50,0,0,0,1000.0
2026-02-12 13:05:47,F2,20.4,20.00,0.50,0,1,0,1000.0
2026-02-12 13:05:48,F3,26.3,20.00,0.50,0,0,0,1000.0
2026-02-12 13:05:49,F1,23.8,20.00,0.50,0,0,0,1000.0
2026-02-12 13:05:50,F2,20.5,20.00,0.50,1,0,0,1000.0
2026-02-12 13:05:51,F3,26.3,20.00,0.50,0,0,0,1000.0
2026-02-12 13:05:53,F1,23.8,20.00,0.50,0,0,0,1000.0
2026-02-12 13:05:54,F2,20.5,20.00,0.50,1,0,0,1000.0
2026-02-12 13:05:54,F3,26.3,20.00,0.50,0,0,0,1000.0
2026-02-12 13:05:56,F1,23.8,20.00,0.50,0,0,0,1000.0
2026-02-12 13:05:57,F2,20.6,20.00,0.50,1,0,0,1000.0
2026-02-12 13:05:58,F3,26.3,20.00,0.50,0,0,0,1000.0
2026-02-12 13:06:00,F1,23.8,20.00,0.50,0,0,0,1000.0
2026-02-12 13:06:00,F2,20.6,20.00,0.50,1,0,0,1000.0
2026-02-12 13:06:01,F3,26.3,20.00,0.50,0,0,0,1000.0
2026-02-12 13:06:03,F1,23.8,20.00,0.50,0,0,0,1000.0
2026-02-12 13:06:04,F2,20.6,20.00,0.50,1,0,0,1000.0
2026-02-12 13:06:05,F3,26.4,20.00,0.50,0,0,0,1000.0
2026-02-12 13:06:06,F1,23.7,20.00,0.50,0,0,0,1000.0
2026-02-12 13:06:07,F2,20.6,20.00,0.50,1,0,0,1000.0
2026-02-12 13:06:08,F3,26.3,20.00,0.50,0,0,0,1000.0
2026-02-12 13:06:10,F1,23.7,20.00,0.50,0,0,0,1000.0
2026-02-12 13:06:11,F2,20.7,20.00,0.50,1,0,0,1000.0
2026-02-12 13:06:11,F3,26.3,20.00,0.50,0,0,0,1000.0
2026-02-12 13:06:13,F1,23.7,20.00,0.50,0,0,0,1000.0
2026-02-12 13:06:14,F2,20.8,20.00,0.50,1,0,0,1000.0
2026-02-12 13:06:15,F3,26.4,20.00,0.50,0,0,0,1000.0
2026-02-12 13:06:17,F1,23.7,20.00,0.50,0,0,0,1000.0
2026-02-12 13:06:17,F2,20.7,20.00,0.50,1,0,0,1000.0
2026-02-12 13:06:18,F3,26.3,20.00,0.50,0,0,0,1000.0
2026-02-12 13:06:20,F1,23.7,20.00,0.50,0,0,0,1000.0
2026-02-12 13:06:21,F2,20.8,20.00,0.50,1,0,0,1000.0
2026-02-12 13:06:22,F3,26.3,20.00,0.50,0,0,0,1000.0
2026-02-12 13:06:23,F1,23.7,20.00,0.50,0,0,0,1000.0
2026-02-12 13:06:24,F2,20.8,20.00,0.50,1,0,0,1000.0
2026-02-12 13:06:25,F3,26.3,20.00,0.50,0,0,0,1000.0
2026-02-12 13:06:27,F1,23.7,20.00,0.50,0,0,0,1000.0
2026-02-12 13:06:28,F2,20.8,20.00,0.50,1,0,0,1000.0
2026-02-12 13:06:28,F3,26.3,20.00,0.50,0,0,0,1000.0
2026-02-12 13:06:30,F1,23.7,20.00,0.50,0,0,0,1000.0
2026-02-12 13:06:31,F2,20.8,20.00,0.50,1,0,0,1000.0
2026-02-12 13:06:32,F3,26.3,20.00,0.50,0,0,0,1000.0
2026-02-12 13:06:34,F1,23.8,20.00,0.50,0,0,0,1000.0
2026-02-12 13:06:34,F2,20.8,20.00,0.50,1,0,0,1000.0
2026-02-12 13:06:35,F3,26.3,20.00,0.50,0,0,0,1000.0
2026-02-12 13:06:37,F1,23.8,20.00,0.50,0,0,0,1000.0
2026-02-12 13:06:38,F2,20.9,20.00,0.50,1,0,0,1000.0
2026-02-12 13:06:39,F3,26.3,20.00,0.50,0,0,0,1000.0
2026-02-12 13:06:40,F1,23.8,20.00,0.50,0,0,0,1000.0
2026-02-12 13:06:41,F2,20.9,20.00,0.50,1,0,0,1000.0
2026-02-12 13:06:42,F3,26.3,20.00,0.50,0,0,0,1000.0
2026-02-12 13:06:44,F1,23.8,20.00,0.50,0,0,0,1000.0
2026-02-12 13:06:45,F2,20.9,20.00,0.50,1,0,0,1000.0
2026-02-12 13:06:45,F3,26.3,20.00,0.50,0,0,0,1000.0
2026-02-12 13:06:47,F1,23.8,20.00,0.50,0,0,0,1000.0
2026-02-12 13:06:48,F2,20.9,20.00,0.50,1,0,0,1000.0
2026-02-12 13:06:49,F3,26.3,20.00,0.50,0,0,0,1000.0
2026-02-12 13:06:51,F1,23.8,20.00,0.50,0,0,0,1000.0
2026-02-12 13:06:51,F2,20.9,20.00,0.50,1,0,0,1000.0
2026-02-12 13:06:52,F3,26.4,20.00,0.50,0,0,0,1000.0
2026-02-12 13:06:54,F1,23.8,20.00,0.50,0,0,0,1000.0
2026-02-12 13:06:55,F2,20.9,20.00,0.50,1,0,0,1000.0
2026-02-12 13:06:56,F3,26.4,20.00,0.50,0,0,0,1000.0
2026-02-12 13:06:58,F1,23.8,20.00,0.50,0,0,0,1000.0
2026-02-12 13:06:58,F2,20.9,20.00,0.50,1,0,0,1000.0
2026-02-12 13:06:59,F3,26.4,20.00,0.50,0,0,0,1000.0
2026-02-12 13:07:01,F1,23.8,20.00,0.50,0,0,0,1000.0
2026-02-12 13:07:02,F2,20.9,20.00,0.50,1,0,0,1000.0
2026-02-12 13:07:03,F3,26.4,20.00,0.50,0,0,0,1000.0
2026-02-12 13:07:04,F1,23.7,20.00,0.50,0,0,0,1000.0
2026-02-12 13:07:05,F2,20.9,20.00,0.50,1,0,0,1000.0
2026-02-12 13:07:06,F3,26.4,20.00,0.50,0,0,0,1000.0
2026-02-12 13:07:08,F1,23.7,20.00,0.50,0,0,0,1000.0
2026-02-12 13:07:09,F2,20.9,20.00,0.50,1,0,0,1000.0
2026-02-12 13:07:09,F3,26.4,20.00,0.50,0,0,0,1000.0
2026-02-12 13:07:11,F1,23.7,20.00,0.50,0,0,0,1000.0
2026-02-12 13:07:12,F2,20.9,20.00,0.50,1,0,0,1000.0
2026-02-12 13:07:13,F3,26.4,20.00,0.50,0,0,0,1000.0
2026-02-12 13:07:15,F1,23.7,20.00,0.50,0,0,0,1000.0
2026-02-12 13:07:15,F2,20.9,20.00,0.50,1,0,0,1000.0
2026-02-12 13:07:16,F3,26.4,20.00,0.50,0,0,0,1000.0
2026-02-12 13:07:18,F1,23.7,20.00,0.50,0,0,0,1000.0
2026-02-12 13:07:19,F2,21.0,20.00,0.50,1,0,0,1000.0
2026-02-12 13:07:20,F3,26.3,20.00,0.50,0,0,0,1000.0
2026-02-12 13:07:21,F1,23.7,20.00,0.50,0,0,0,1000.0
2026-02-12 13:07:22,F2,20.9,20.00,0.50,1,0,0,1000.0
2026-02-12 13:07:23,F3,26.3,20.00,0.50,0,0,0,1000.0
2026-02-12 13:07:25,F1,23.7,20.00,0.50,0,0,0,1000.0
2026-02-12 13:07:26,F2,20.9,20.00,0.50,1,0,0,1000.0
2026-02-12 13:07:26,F3,26.3,20.00,0.50,0,0,0,1000.0
2026-02-12 13:07:28,F1,23.7,20.00,0.50,0,0,0,1000.0
2026-02-12 13:07:29,F2,20.9,20.00,0.50,1,0,0,1000.0
2026-02-12 13:07:30,F3,26.2,20.00,0.50,0,0,0,1000.0
2026-02-12 13:07:32,F1,23.7,20.00,0.50,0,0,0,1000.0
2026-02-12 13:07:32,F2,20.9,20.00,0.50,1,0,0,1000.0
2026-02-12 13:07:33,F3,26.3,20.00,0.50,0,0,0,1000.0
2026-02-12 13:07:35,F1,23.7,20.00,0.50,0,0,0,1000.0
2026-02-12 13:07:36,F2,20.9,20.00,0.50,1,0,0,1000.0
2026-02-12 13:07:37,F3,26.3,20.00,0.50,0,0,0,1000.0
2026-02-12 13:07:38,F1,23.7,20.00,0.50,0,0,0,1000.0
2026-02-12 13:07:39,F2,20.9,20.00,0.50,1,0,0,1000.0
2026-02-12 13:07:40,F3,26.3,20.00,0.50,0,0,0,1000.0
2026-02-12 13:07:42,F1,23.6,20.00,0.50,0,0,0,1000.0
2026-02-12 13:07:43,F2,20.9,20.00,0.50,1,0,0,1000.0
2026-02-12 13:07:43,F3,26.3,20.00,0.50,0,0,0,1000.0
2026-02-12 13:07:45,F1,23.7,20.00,0.50,0,0,0,1000.0
2026-02-12 13:07:46,F2,20.9,20.00,0.50,1,0,0,1000.0
2026-02-12 13:07:47,F3,26.3,20.00,0.50,0,0,0,1000.0
2026-02-12 13:07:49,F1,23.6,20.00,0.50,0,0,0,1000.0
2026-02-12 13:07:49,F2,20.9,20.00,0.50,1,0,0,1000.0
2026-02-12 13:07:50,F3,26.2,20.00,0.50,0,0,0,1000.0
2026-02-12 13:07:52,F1,23.6,20.00,0.50,0,0,0,1000.0
2026-02-12 13:07:53,F2,20.9,20.00,0.50,1,0,0,1000.0
2026-02-12 13:07:54,F3,26.3,20.00,0.50,0,0,0,1000.0
2026-02-12 13:07:55,F1,23.6,20.00,0.50,0,0,0,1000.0
2026-02-12 13:07:56,F2,20.8,20.00,0.50,1,0,0,1000.0
2026-02-12 13:07:57,F3,26.3,20.00,0.50,0,0,0,1000.0
2026-02-12 13:07:59,F1,23.6,20.00,0.50,0,0,0,1000.0
2026-02-12 13:08:00,F2,20.8,20.00,0.50,1,0,0,1000.0
2026-02-12 13:08:00,F3,26.3,20.00,0.50,0,0,0,1000.0
2026-02-12 13:08:02,F1,23.6,20.00,0.50,0,0,0,1000.0
2026-02-12 13:08:03,F2,20.8,20.00,0.50,1,0,0,1000.0
2026-02-12 13:08:04,F3,26.3,20.00,0.50,0,0,0,1000.0
2026-02-12 13:08:06,F1,23.6,20.00,0.50,0,0,0,1000.0
2026-02-12 13:08:07,F2,20.8,20.00,0.50,1,0,0,1000.0
2026-02-12 13:08:07,F3,26.3,20.00,0.50,0,0,0,1000.0
2026-02-12 13:08:09,F1,23.6,20.00,0.50,0,0,0,1000.0
2026-02-12 13:08:10,F2,20.8,20.00,0.50,1,0,0,1000.0
2026-02-12 13:08:11,F3,26.3,20.00,0.50,0,0,0,1000.0
2026-02-12 13:08:12,F1,23.6,20.00,0.50,0,0,0,1000.0
2026-02-12 13:08:13,F2,20.8,20.00,0.50,1,0,0,1000.0
2026-02-12 13:08:14,F3,26.3,20.00,0.50,0,0,0,1000.0
2026-02-12 13:08:16,F1,23.6,20.00,0.50,0,0,0,1000.0
2026-02-12 13:08:17,F2,20.8,20.00,0.50,1,0,0,1000.0
2026-02-12 13:08:18,F3,26.3,20.00,0.50,0,0,0,1000.0
2026-02-12 13:08:19,F1,23.6,20.00,0.50,0,0,0,1000.0
2026-02-12 13:08:20,F2,20.8,20.00,0.50,1,0,0,1000.0
2026-02-12 13:08:21,F3,26.3,20.00,0.50,0,0,0,1000.0
2026-02-12 13:08:23,F1,23.6,20.00,0.50,0,0,0,1000.0
2026-02-12 13:08:24,F2,20.7,20.00,0.50,1,0,0,1000.0
2026-02-12 13:08:24,F3,26.3,20.00,0.50,0,0,0,1000.0
2026-02-12 13:08:26,F1,23.6,20.00,0.50,0,0,0,1000.0
2026-02-12 13:08:27,F2,20.7,20.00,0.50,1,0,0,1000.0
2026-02-12 13:08:28,F3,26.2,20.00,0.50,0,0,0,1000.0
2026-02-12 13:08:30,F1,23.6,20.00,0.50,0,0,0,1000.0
2026-02-12 13:08:30,F2,20.7,20.00,0.50,1,0,0,1000.0
2026-02-12 13:08:31,F3,26.3,20.00,0.50,0,0,0,1000.0
2026-02-12 13:08:33,F1,23.6,20.00,0.50,0,0,0,1000.0
2026-02-12 13:08:34,F2,20.7,20.00,0.50,1,0,0,1000.0
2026-02-12 13:08:35,F3,26.3,20.00,0.50,0,0,0,1000.0
2026-02-12 13:08:36,F1,23.6,20.00,0.50,0,0,0,1000.0
2026-02-12 13:08:37,F2,20.6,20.00,0.50,1,0,0,1000.0
2026-02-12 13:08:38,F3,26.2,20.00,0.50,0,0,0,1000.0
2026-02-12 13:08:40,F1,23.6,20.00,0.50,0,0,0,1000.0
2026-02-12 13:08:41,F2,20.6,20.00,0.50,1,0,0,1000.0
2026-02-12 13:08:41,F3,26.3,20.00,0.50,0,0,0,1000.0
2026-02-12 13:08:43,F1,23.6,20.00,0.50,0,0,0,1000.0
2026-02-12 13:08:44,F2,20.6,20.00,0.50,1,0,0,1000.0
2026-02-12 13:08:45,F3,26.3,20.00,0.50,0,0,0,1000.0
2026-02-12 13:08:47,F1,23.6,20.00,0.50,0,0,0,1000.0
2026-02-12 13:08:47,F2,20.6,20.00,0.50,1,0,0,1000.0
2026-02-12 13:08:48,F3,26.3,20.00,0.50,0,0,0,1000.0
2026-02-12 13:08:50,F1,23.5,20.00,0.50,0,0,0,1000.0
2026-02-12 13:08:51,F2,20.6,20.00,0.50,1,0,0,1000.0
2026-02-12 13:08:52,F3,26.3,20.00,0.50,0,0,0,1000.0
2026-02-12 13:08:53,F1,23.6,20.00,0.50,0,0,0,1000.0
2026-02-12 13:08:54,F2,20.6,20.00,0.50,1,0,0,1000.0
2026-02-12 13:08:55,F3,26.3,20.00,0.50,0,0,0,1000.0
2026-02-12 13:08:57,F1,23.6,20.00,0.50,0,0,0,1000.0
2026-02-12 13:08:58,F2,20.6,20.00,0.50,1,0,0,1000.0
2026-02-12 13:08:58,F3,26.3,20.00,0.50,0,0,0,1000.0
2026-02-12 13:09:00,F1,23.6,20.00,0.50,0,0,0,1000.0
2026-02-12 13:09:01,F2,20.6,20.00,0.50,1,0,0,1000.0
2026-02-12 13:09:02,F3,26.3,20.00,0.50,0,0,0,1000.0
2026-02-12 13:09:04,F1,23.6,20.00,0.50,0,0,0,1000.0
2026-02-12 13:09:05,F2,20.6,20.00,0.50,1,0,0,1000.0
2026-02-12 13:09:05,F3,26.3,20.00,0.50,0,0,0,1000.0
2026-02-12 13:09:07,F1,23.6,20.00,0.50,0,0,0,1000.0
2026-02-12 13:09:08,F2,20.5,20.00,0.50,1,0,0,1000.0
2026-02-12 13:09:09,F3,26.3,20.00,0.50,0,0,0,1000.0
2026-02-12 13:09:11,F1,23.5,20.00,0.50,0,0,0,1000.0
2026-02-12 13:09:11,F2,20.5,20.00,0.50,1,0,0,1000.0
2026-02-12 13:09:12,F3,26.3,20.00,0.50,0,0,0,1000.0
2026-02-12 13:09:14,F1,23.6,20.00,0.50,0,0,0,1000.0
2026-02-12 13:09:15,F2,20.5,20.00,0.50,1,0,0,1000.0
2026-02-12 13:09:16,F3,26.2,20.00,0.50,0,0,0,1000.0
2026-02-12 13:09:17,F1,23.6,20.00,0.50,0,0,0,1000.0
2026-02-12 13:09:18,F2,20.5,20.00,0.50,1,0,0,1000.0
2026-02-12 13:09:19,F3,26.2,20.00,0.50,0,0,0,1000.0
2026-02-12 13:09:21,F1,23.6,20.00,0.50,0,0,0,1000.0
2026-02-12 13:09:22,F2,20.4,20.00,0.50,1,0,0,1000.0
2026-02-12 13:09:22,F3,26.2,20.00,0.50,0,0,0,1000.0
2026-02-12 13:09:24,F1,23.6,20.00,0.50,0,0,0,1000.0
2026-02-12 13:09:25,F2,20.4,20.00,0.50,1,0,0,1000.0
2026-02-12 13:09:26,F3,26.2,20.00,0.50,0,0,0,1000.0
2026-02-12 13:09:28,F1,23.6,20.00,0.50,0,0,0,1000.0
2026-02-12 13:09:28,F2,20.4,20.00,0.50,1,0,0,1000.0
2026-02-12 13:09:29,F3,26.2,20.00,0.50,0,0,0,1000.0
2026-02-12 13:09:31,F1,23.5,20.00,0.50,0,0,0,1000.0
2026-02-12 13:09:32,F2,20.4,20.00,0.50,1,0,0,1000.0
2026-02-12 13:09:33,F3,26.2,20.00,0.50,0,0,0,1000.0
2026-02-12 13:09:34,F1,23.5,20.00,0.50,0,0,0,1000.0
2026-02-12 13:09:35,F2,20.4,20.00,0.50,1,0,0,1000.0
2026-02-12 13:09:36,F3,26.2,20.00,0.50,0,0,0,1000.0
2026-02-12 13:09:38,F1,23.6,20.00,0.50,0,0,0,1000.0
2026-02-12 13:09:39,F2,20.4,20.00,0.50,1,0,0,1000.0
2026-02-12 13:09:39,F3,26.2,20.00,0.50,0,0,0,1000.0
2026-02-12 13:09:41,F1,23.6,20.00,0.50,0,0,0,1000.0
2026-02-12 13:09:42,F2,20.3,20.00,0.50,1,0,0,1000.0
2026-02-12 13:09:43,F3,26.2,20.00,0.50,0,0,0,1000.0
2026-02-12 13:09:45,F1,23.6,20.00,0.50,0,0,0,1000.0
2026-02-12 13:09:45,F2,20.3,20.00,0.50,1,0,0,1000.0
2026-02-12 13:09:46,F3,26.2,20.00,0.50,0,0,0,1000.0
2026-02-12 13:09:48,F1,23.6,20.00,0.50,0,0,0,1000.0
2026-02-12 13:09:49,F2,20.3,20.00,0.50,1,0,0,1000.0
2026-02-12 13:09:50,F3,26.1,20.00,0.50,0,0,0,1000.0
2026-02-12 13:09:51,F1,23.6,20.00,0.50,0,0,0,1000.0
2026-02-12 13:09:52,F2,20.3,20.00,0.50,1,0,0,1000.0
2026-02-12 13:09:53,F3,26.1,20.00,0.50,0,0,0,1000.0
2026-02-12 13:09:55,F1,23.6,20.00,0.50,0,0,0,1000.0
2026-02-12 13:09:56,F2,20.3,20.00,0.50,1,0,0,1000.0
2026-02-12 13:09:56,F3,26.1,20.00,0.50,0,0,0,1000.0
2026-02-12 13:09:58,F1,23.6,20.00,0.50,0,0,0,1000.0
2026-02-12 13:09:59,F2,20.3,20.00,0.50,1,0,0,1000.0
2026-02-12 13:10:00,F3,26.1,20.00,0.50,0,0,0,1000.0
2026-02-12 13:10:02,F1,23.6,20.00,0.50,0,0,0,1000.0
2026-02-12 13:10:03,F2,20.2,20.00,0.50,1,0,0,1000.0
2026-02-12 13:10:03,F3,26.1,20.00,0.50,0,0,0,1000.0
2026-02-12 13:10:05,F1,23.5,20.00,0.50,0,0,0,1000.0
2026-02-12 13:10:06,F2,20.2,20.00,0.50,1,0,0,1000.0
2026-02-12 13:10:07,F3,26.2,20.00,0.50,0,0,0,1000.0
2026-02-12 13:10:09,F1,23.6,20.00,0.50,0,0,0,1000.0
2026-02-12 13:10:09,F2,20.2,20.00,0.50,1,0,0,1000.0
2026-02-12 13:10:10,F3,26.1,20.00,0.50,0,0,0,1000.0
2026-02-12 13:10:12,F1,23.6,20.00,0.50,0,0,0,1000.0
2026-02-12 13:10:13,F2,20.2,20.00,0.50,1,0,0,1000.0
2026-02-12 13:10:14,F3,26.2,20.00,0.50,0,0,0,1000.0
2026-02-12 13:10:15,F1,23.5,20.00,0.50,0,0,0,1000.0
2026-02-12 13:10:16,F2,20.2,20.00,0.50,1,0,0,1000.0
2026-02-12 13:10:17,F3,26.1,20.00,0.50,0,0,0,1000.0
2026-02-12 13:10:19,F1,23.6,20.00,0.50,0,0,0,1000.0
2026-02-12 13:10:20,F2,20.2,20.00,0.50,1,0,0,1000.0
2026-02-12 13:10:20,F3,26.2,20.00,0.50,0,0,0,1000.0
2026-02-12 13:10:22,F1,23.6,20.00,0.50,0,0,0,1000.0
2026-02-12 13:10:23,F2,20.2,20.00,0.50,1,0,0,1000.0
2026-02-12 13:10:24,F3,26.2,20.00,0.50,0,0,0,1000.0
2026-02-12 13:10:26,F1,23.7,20.00,0.50,0,0,0,1000.0
2026-02-12 13:10:26,F2,20.2,20.00,0.50,1,0,0,1000.0
2026-02-12 13:10:27,F3,26.2,20.00,0.50,0,0,0,1000.0
2026-02-12 13:10:29,F1,23.6,20.00,0.50,0,0,0,1000.0
2026-02-12 13:10:30,F2,20.2,20.00,0.50,1,0,0,1000.0
2026-02-12 13:10:31,F3,26.2,20.00,0.50,0,0,0,1000.0
2026-02-12 13:10:32,F1,23.6,20.00,0.50,0,0,0,1000.0
2026-02-12 13:10:33,F2,20.1,20.00,0.50,1,0,0,1000.0
2026-02-12 13:10:34,F3,26.2,20.00,0.50,0,0,0,1000.0
2026-02-12 13:10:36,F1,23.6,20.00,0.50,0,0,0,1000.0
2026-02-12 13:10:37,F2,20.1,20.00,0.50,1,0,0,1000.0
2026-02-12 13:10:37,F3,26.2,20.00,0.50,0,0,0,1000.0
2026-02-12 13:10:39,F1,23.7,20.00,0.50,0,0,0,1000.0
2026-02-12 13:10:40,F2,20.1,20.00,0.50,1,0,0,1000.0
2026-02-12 13:10:41,F3,26.2,20.00,0.50,0,0,0,1000.0
2026-02-12 13:10:43,F1,23.7,20.00,0.50,0,0,0,1000.0
2026-02-12 13:10:43,F2,20.1,20.00,0.50,1,0,0,1000.0
2026-02-12 13:10:44,F3,26.2,20.00,0.50,0,0,0,1000.0
2026-02-12 13:10:46,F1,23.7,20.00,0.50,0,0,0,1000.0
2026-02-12 13:10:47,F2,20.1,20.00,0.50,1,0,0,1000.0
2026-02-12 13:10:48,F3,26.2,20.00,0.50,0,0,0,1000.0
2026-02-12 13:10:49,F1,23.7,20.00,0.50,0,0,0,1000.0
2026-02-12 13:10:50,F2,20.1,20.00,0.50,1,0,0,1000.0
2026-02-12 13:10:51,F3,26.2,20.00,0.50,0,0,0,1000.0
2026-02-12 13:10:53,F1,23.7,20.00,0.50,0,0,0,1000.0
2026-02-12 13:10:54,F2,20.1,20.00,0.50,1,0,0,1000.0
2026-02-12 13:10:54,F3,26.3,20.00,0.50,0,0,0,1000.0
2026-02-12 13:10:56,F1,23.7,20.00,0.50,0,0,0,1000.0
2026-02-12 13:10:57,F2,20.0,20.00,0.50,1,0,0,1000.0
2026-02-12 13:10:58,F3,26.3,20.00,0.50,0,0,0,1000.0
2026-02-12 13:11:00,F1,23.7,20.00,0.50,0,0,0,1000.0
2026-02-12 13:11:00,F2,20.0,20.00,0.50,1,0,0,1000.0
2026-02-12 13:11:01,F3,26.3,20.00,0.50,0,0,0,1000.0
2026-02-12 13:11:03,F1,23.7,20.00,0.50,0,0,0,1000.0
2026-02-12 13:11:04,F2,20.0,20.00,0.50,1,0,0,1000.0
2026-02-12 13:11:05,F3,26.3,20.00,0.50,0,0,0,1000.0
2026-02-12 13:11:06,F1,23.7,20.00,0.50,0,0,0,1000.0
2026-02-12 13:11:07,F2,20.0,20.00,0.50,1,0,0,1000.0
2026-02-12 13:11:08,F3,26.3,20.00,0.50,0,0,0,1000.0
2026-02-12 13:11:10,F1,23.8,20.00,0.50,0,0,0,1000.0
2026-02-12 13:11:11,F2,20.0,20.00,0.50,1,0,0,1000.0
2026-02-12 13:11:11,F3,26.3,20.00,0.50,0,0,0,1000.0
2026-02-12 13:11:13,F1,23.8,20.00,0.50,0,0,0,1000.0
2026-02-12 13:11:14,F2,20.0,20.00,0.50,1,0,0,1000.0
2026-02-12 13:11:15,F3,26.3,20.00,0.50,0,0,0,1000.0
2026-02-12 13:11:17,F1,23.8,20.00,0.50,0,0,0,1000.0
2026-02-12 13:11:17,F2,19.9,20.00,0.50,1,0,0,1000.0
2026-02-12 13:11:18,F3,26.3,20.00,0.50,0,0,0,1000.0
2026-02-12 13:11:20,F1,23.8,20.00,0.50,0,0,0,1000.0
2026-02-12 13:11:21,F2,20.0,20.00,0.50,1,0,0,1000.0
2026-02-12 13:11:22,F3,26.3,20.00,0.50,0,0,0,1000.0
2026-02-12 13:11:23,F1,23.8,20.00,0.50,0,0,0,1000.0
2026-02-12 13:11:24,F2,19.9,20.00,0.50,1,0,0,1000.0
2026-02-12 13:11:25,F3,26.3,20.00,0.50,0,0,0,1000.0
2026-02-12 13:11:27,F1,23.8,20.00,0.50,0,0,0,1000.0
2026-02-12 13:11:28,F2,19.9,20.00,0.50,1,0,0,1000.0
2026-02-12 13:11:28,F3,26.3,20.00,0.50,0,0,0,1000.0
2026-02-12 13:11:30,F1,23.8,20.00,0.50,0,0,0,1000.0
2026-02-12 13:11:31,F2,19.9,20.00,0.50,1,0,0,1000.0
2026-02-12 13:11:32,F3,26.3,20.00,0.50,0,0,0,1000.0
2026-02-12 13:11:34,F1,23.9,20.00,0.50,0,0,0,1000.0
2026-02-12 13:11:34,F2,19.9,20.00,0.50,1,0,0,1000.0
2026-02-12 13:11:35,F3,26.2,20.00,0.50,0,0,0,1000.0
2026-02-12 13:11:37,F1,23.9,20.00,0.50,0,0,0,1000.0
2026-02-12 13:11:38,F2,19.9,20.00,0.50,1,0,0,1000.0
2026-02-12 13:11:39,F3,26.2,20.00,0.50,0,0,0,1000.0
2026-02-12 13:11:40,F1,23.9,20.00,0.50,0,0,0,1000.0
2026-02-12 13:11:41,F2,19.9,20.00,0.50,1,0,0,1000.0
2026-02-12 13:11:42,F3,26.2,20.00,0.50,0,0,0,1000.0
2026-02-12 13:11:44,F1,23.9,20.00,0.50,0,0,0,1000.0
2026-02-12 13:11:45,F2,19.9,20.00,0.50,1,0,0,1000.0
2026-02-12 13:11:45,F3,26.1,20.00,0.50,0,0,0,1000.0
2026-02-12 13:11:47,F1,23.9,20.00,0.50,0,0,0,1000.0
2026-02-12 13:11:48,F2,19.9,20.00,0.50,1,0,0,1000.0
2026-02-12 13:11:49,F3,26.1,20.00,0.50,0,0,0,1000.0
2026-02-12 13:11:51,F1,23.9,20.00,0.50,0,0,0,1000.0
2026-02-12 13:11:51,F2,19.9,20.00,0.50,1,0,0,1000.0
2026-02-12 13:11:52,F3,26.1,20.00,0.50,0,0,0,1000.0
2026-02-12 13:11:54,F1,23.9,20.00,0.50,0,0,0,1000.0
2026-02-12 13:11:55,F2,19.8,20.00,0.50,1,0,0,1000.0
2026-02-12 13:11:56,F3,26.1,20.00,0.50,0,0,0,1000.0
2026-02-12 13:11:57,F1,23.9,20.00,0.50,0,0,0,1000.0
2026-02-12 13:11:58,F2,19.8,20.00,0.50,1,0,0,1000.0
2026-02-12 13:11:59,F3,26.1,20.00,0.50,0,0,0,1000.0
2026-02-12 13:12:01,F1,23.9,20.00,0.50,0,0,0,1000.0
2026-02-12 13:12:02,F2,19.8,20.00,0.50,1,0,0,1000.0
2026-02-12 13:12:02,F3,26.1,20.00,0.50,0,0,0,1000.0
2026-02-12 13:12:04,F1,23.9,20.00,0.50,0,0,0,1000.0
2026-02-12 13:12:05,F2,19.8,20.00,0.50,1,0,0,1000.0
2026-02-12 13:12:06,F3,26.1,20.00,0.50,0,0,0,1000.0
2026-02-12 13:12:08,F1,23.9,20.00,0.50,0,0,0,1000.0
2026-02-12 13:12:08,F2,19.8,20.00,0.50,1,0,0,1000.0
2026-02-12 13:12:09,F3,26.1,20.00,0.50,0,0,0,1000.0
2026-02-12 13:12:11,F1,23.9,20.00,0.50,0,0,0,1000.0
2026-02-12 13:12:12,F2,19.8,20.00,0.50,1,0,0,1000.0
2026-02-12 13:12:13,F3,26.1,20.00,0.50,0,0,0,1000.0
2026-02-12 13:12:14,F1,23.8,20.00,0.50,0,0,0,1000.0
2026-02-12 13:12:15,F2,19.8,20.00,0.50,1,0,0,1000.0
2026-02-12 13:12:16,F3,26.0,20.00,0.50,0,0,0,1000.0
2026-02-12 13:12:18,F1,23.8,20.00,0.50,0,0,0,1000.0
2026-02-12 13:12:19,F2,19.8,20.00,0.50,1,0,0,1000.0
2026-02-12 13:12:19,F3,26.0,20.00,0.50,0,0,0,1000.0
2026-02-12 13:12:21,F1,23.8,20.00,0.50,0,0,0,1000.0
2026-02-12 13:12:22,F2,19.7,20.00,0.50,1,0,0,1000.0
2026-02-12 13:12:23,F3,26.1,20.00,0.50,0,0,0,1000.0
2026-02-12 13:12:25,F1,23.9,20.00,0.50,0,0,0,1000.0
2026-02-12 13:12:25,F2,19.7,20.00,0.50,1,0,0,1000.0
2026-02-12 13:12:26,F3,26.0,20.00,0.50,0,0,0,1000.0
2026-02-12 13:12:28,F1,23.9,20.00,0.50,0,0,0,1000.0
2026-02-12 13:12:29,F2,19.7,20.00,0.50,1,0,0,1000.0
2026-02-12 13:12:30,F3,26.1,20.00,0.50,0,0,0,1000.0
2026-02-12 13:12:31,F1,23.8,20.00,0.50,0,0,0,1000.0
2026-02-12 13:12:32,F2,19.6,20.00,0.50,1,0,0,1000.0
2026-02-12 13:12:33,F3,26.1,20.00,0.50,0,0,0,1000.0
2026-02-12 13:12:35,F1,23.8,20.00,0.50,0,0,0,1000.0
2026-02-12 13:12:36,F2,19.7,20.00,0.50,1,0,0,1000.0
2026-02-12 13:12:36,F3,26.0,20.00,0.50,0,0,0,1000.0
2026-02-12 13:12:38,F1,23.8,20.00,0.50,0,0,0,1000.0
2026-02-12 13:12:39,F2,19.6,20.00,0.50,1,0,0,1000.0
2026-02-12 13:12:40,F3,26.1,20.00,0.50,0,0,0,1000.0
2026-02-12 13:12:42,F1,23.8,20.00,0.50,0,0,0,1000.0
2026-02-12 13:12:42,F2,19.6,20.00,0.50,1,0,0,1000.0
2026-02-12 13:12:43,F3,26.1,20.00,0.50,0,0,0,1000.0
2026-02-12 13:12:45,F1,23.8,20.00,0.50,0,0,0,1000.0
2026-02-12 13:12:46,F2,19.6,20.00,0.50,1,0,0,1000.0
2026-02-12 13:12:47,F3,26.1,20.00,0.50,0,0,0,1000.0
2026-02-12 13:12:48,F1,23.8,20.00,0.50,0,0,0,1000.0
2026-02-12 13:12:49,F2,19.6,20.00,0.50,1,0,0,1000.0
2026-02-12 13:12:50,F3,26.1,20.00,0.50,0,0,0,1000.0
2026-02-12 13:12:52,F1,23.8,20.00,0.50,0,0,0,1000.0
2026-02-12 13:12:53,F2,19.6,20.00,0.50,1,0,0,1000.0
2026-02-12 13:12:53,F3,26.1,20.00,0.50,0,0,0,1000.0
2026-02-12 13:12:55,F1,23.8,20.00,0.50,0,0,0,1000.0
2026-02-12 13:12:56,F2,19.6,20.00,0.50,1,0,0,1000.0
2026-02-12 13:12:57,F3,26.1,20.00,0.50,0,0,0,1000.0
2026-02-12 13:12:59,F1,23.8,20.00,0.50,0,0,0,1000.0
2026-02-12 13:12:59,F2,19.6,20.00,0.50,1,0,0,1000.0
2026-02-12 13:13:00,F3,26.1,20.00,0.50,0,0,0,1000.0
2026-02-12 13:13:02,F1,23.8,20.00,0.50,0,0,0,1000.0
2026-02-12 13:13:03,F2,19.6,20.00,0.50,1,0,0,1000.0
2026-02-12 13:13:04,F3,26.1,20.00,0.50,0,0,0,1000.0
2026-02-12 13:13:05,F1,23.8,20.00,0.50,0,0,0,1000.0
2026-02-12 13:13:06,F2,19.5,20.00,0.50,0,1,0,1000.0
2026-02-12 13:13:07,F3,26.1,20.00,0.50,0,0,0,1000.0
2026-02-12 13:13:09,F1,23.8,20.00,0.50,0,0,0,1000.0
2026-02-12 13:13:10,F2,19.5,20.00,0.50,0,1,0,1000.0
2026-02-12 13:13:10,F3,26.1,20.00,0.50,0,0,0,1000.0
2026-02-12 13:13:12,F1,23.8,20.00,0.50,0,0,0,1000.0
2026-02-12 13:13:13,F2,19.5,20.00,0.50,0,1,0,1000.0
2026-02-12 13:13:14,F3,26.1,20.00,0.50,0,0,0,1000.0
2026-02-12 13:13:16,F1,23.8,20.00,0.50,0,0,0,1000.0
2026-02-12 13:13:16,F2,19.5,20.00,0.50,0,1,0,1000.0
2026-02-12 13:13:17,F3,26.1,20.00,0.50,0,0,0,1000.0
2026-02-12 13:13:19,F1,23.7,20.00,0.50,0,0,0,1000.0
2026-02-12 13:13:20,F2,19.5,20.00,0.50,0,1,0,1000.0
2026-02-12 13:13:21,F3,26.1,20.00,0.50,0,0,0,1000.0
2026-02-12 13:13:22,F1,23.7,20.00,0.50,0,0,0,1000.0
2026-02-12 13:13:23,F2,19.5,20.00,0.50,0,1,0,1000.0
2026-02-12 13:13:24,F3,26.1,20.00,0.50,0,0,0,1000.0
2026-02-12 13:13:26,F1,23.7,20.00,0.50,0,0,0,1000.0
2026-02-12 13:13:27,F2,19.5,20.00,0.50,0,1,0,1000.0
2026-02-12 13:13:27,F3,26.1,20.00,0.50,0,0,0,1000.0
2026-02-12 13:13:29,F1,23.7,20.00,0.50,0,0,0,1000.0
2026-02-12 13:13:30,F2,19.4,20.00,0.50,0,1,0,1000.0
2026-02-12 13:13:31,F3,26.1,20.00,0.50,0,0,0,1000.0
2026-02-12 13:13:33,F1,23.7,20.00,0.50,0,0,0,1000.0
2026-02-12 13:13:33,F2,19.4,20.00,0.50,0,1,0,1000.0
2026-02-12 13:13:34,F3,26.1,20.00,0.50,0,0,0,1000.0
2026-02-12 13:13:36,F1,23.7,20.00,0.50,0,0,0,1000.0
2026-02-12 13:13:37,F2,19.4,20.00,0.50,0,1,0,1000.0
2026-02-12 13:13:38,F3,26.1,20.00,0.50,0,0,0,1000.0
2026-02-12 13:13:39,F1,23.7,20.00,0.50,0,0,0,1000.0
2026-02-12 13:13:40,F2,19.4,20.00,0.50,0,1,0,1000.0
2026-02-12 13:13:41,F3,26.1,20.00,0.50,0,0,0,1000.0
2026-02-12 13:13:43,F1,23.7,20.00,0.50,0,0,0,1000.0
2026-02-12 13:13:44,F2,19.4,20.00,0.50,0,1,0,1000.0
2026-02-12 13:13:44,F3,26.1,20.00,0.50,0,0,0,1000.0
2026-02-12 13:13:46,F1,23.6,20.00,0.50,0,0,0,1000.0
2026-02-12 13:13:47,F2,19.4,20.00,0.50,0,1,0,1000.0
2026-02-12 13:13:48,F3,26.1,20.00,0.50,0,0,0,1000.0
2026-02-12 13:13:50,F1,23.7,20.00,0.50,0,0,0,1000.0
2026-02-12 13:13:50,F2,19.4,20.00,0.50,0,1,0,1000.0
2026-02-12 13:13:51,F3,26.1,20.00,0.50,0,0,0,1000.0
2026-02-12 13:13:53,F1,23.6,20.00,0.50,0,0,0,1000.0
2026-02-12 13:13:54,F2,19.4,20.00,0.50,0,1,0,1000.0
2026-02-12 13:13:55,F3,26.1,20.00,0.50,0,0,0,1000.0
2026-02-12 13:13:56,F1,23.6,20.00,0.50,0,0,0,1000.0
2026-02-12 13:13:57,F2,19.4,20.00,0.50,0,1,0,1000.0
2026-02-12 13:13:58,F3,26.1,20.00,0.50,0,0,0,1000.0
2026-02-12 13:14:00,F1,23.6,20.00,0.50,0,0,0,1000.0
2026-02-12 13:14:01,F2,19.4,20.00,0.50,0,1,0,1000.0
2026-02-12 13:14:01,F3,26.1,20.00,0.50,0,0,0,1000.0
2026-02-12 13:14:03,F1,23.6,20.00,0.50,0,0,0,1000.0
2026-02-12 13:14:04,F2,19.4,20.00,0.50,0,1,0,1000.0
2026-02-12 13:14:05,F3,26.1,20.00,0.50,0,0,0,1000.0
2026-02-12 13:14:07,F1,23.6,20.00,0.50,0,0,0,1000.0
2026-02-12 13:14:07,F2,19.4,20.00,0.50,0,1,0,1000.0
2026-02-12 13:14:08,F3,26.1,20.00,0.50,0,0,0,1000.0
2026-02-12 13:14:10,F1,23.6,20.00,0.50,0,0,0,1000.0
2026-02-12 13:14:11,F2,19.4,20.00,0.50,0,1,0,1000.0
2026-02-12 13:14:12,F3,26.1,20.00,0.50,0,0,0,1000.0
2026-02-12 13:14:14,F1,23.6,20.00,0.50,0,0,0,1000.0
2026-02-12 13:14:14,F2,19.4,20.00,0.50,0,1,0,1000.0
2026-02-12 13:14:15,F3,26.1,20.00,0.50,0,0,0,1000.0
2026-02-12 13:14:17,F1,23.6,20.00,0.50,0,0,0,1000.0
2026-02-12 13:14:18,F2,19.4,20.00,0.50,0,1,0,1000.0
2026-02-12 13:14:19,F3,26.1,20.00,0.50,0,0,0,1000.0
2026-02-12 13:14:20,F1,23.6,20.00,0.50,0,0,0,1000.0
2026-02-12 13:14:21,F2,19.4,20.00,0.50,0,1,0,1000.0
2026-02-12 13:14:22,F3,26.1,20.00,0.50,0,0,0,1000.0
2026-02-12 13:14:24,F1,23.6,20.00,0.50,0,0,0,1000.0
2026-02-12 13:14:25,F2,19.5,20.00,0.50,0,1,0,1000.0
2026-02-12 13:14:25,F3,26.1,20.00,0.50,0,0,0,1000.0
2026-02-12 13:14:27,F1,23.6,20.00,0.50,0,0,0,1000.0
2026-02-12 13:14:28,F2,19.5,20.00,0.50,0,1,0,1000.0
2026-02-12 13:14:29,F3,26.1,20.00,0.50,0,0,0,1000.0
2026-02-12 13:14:31,F1,23.6,20.00,0.50,0,0,0,1000.0
2026-02-12 13:14:31,F2,19.5,20.00,0.50,0,1,0,1000.0
2026-02-12 13:14:32,F3,26.1,20.00,0.50,0,0,0,1000.0
2026-02-12 13:14:34,F1,23.6,20.00,0.50,0,0,0,1000.0
2026-02-12 13:14:35,F2,19.6,20.00,0.50,0,1,0,1000.0
2026-02-12 13:14:36,F3,26.1,20.00,0.50,0,0,0,1000.0
2026-02-12 13:14:37,F1,23.6,20.00,0.50,0,0,0,1000.0
2026-02-12 13:14:38,F2,19.6,20.00,0.50,0,1,0,1000.0
2026-02-12 13:14:39,F3,26.1,20.00,0.50,0,0,0,1000.0
2026-02-12 13:14:41,F1,23.6,20.00,0.50,0,0,0,1000.0
2026-02-12 13:14:42,F2,19.6,20.00,0.50,0,1,0,1000.0
2026-02-12 13:14:42,F3,26.1,20.00,0.50,0,0,0,1000.0
2026-02-12 13:14:44,F1,23.6,20.00,0.50,0,0,0,1000.0
2026-02-12 13:14:45,F2,19.6,20.00,0.50,0,1,0,1000.0
2026-02-12 13:14:46,F3,26.1,20.00,0.50,0,0,0,1000.0
2026-02-12 13:14:48,F1,23.6,20.00,0.50,0,0,0,1000.0
2026-02-12 13:14:48,F2,19.6,20.00,0.50,0,1,0,1000.0
2026-02-12 13:14:49,F3,26.1,20.00,0.50,0,0,0,1000.0
2026-02-12 13:14:51,F1,23.5,20.00,0.50,0,0,0,1000.0
2026-02-12 13:14:52,F2,19.6,20.00,0.50,0,1,0,1000.0
2026-02-12 13:14:53,F3,26.1,20.00,0.50,0,0,0,1000.0
2026-02-12 13:14:54,F1,23.5,20.00,0.50,0,0,0,1000.0
2026-02-12 13:14:55,F2,19.7,20.00,0.50,0,1,0,1000.0
2026-02-12 13:14:56,F3,26.2,20.00,0.50,0,0,0,1000.0
2026-02-12 13:14:58,F1,23.6,20.00,0.50,0,0,0,1000.0
2026-02-12 13:14:59,F2,19.7,20.00,0.50,0,1,0,1000.0
2026-02-12 13:14:59,F3,26.1,20.00,0.50,0,0,0,1000.0
2026-02-12 13:15:01,F1,23.6,20.00,0.50,0,0,0,1000.0
2026-02-12 13:15:02,F2,19.7,20.00,0.50,0,1,0,1000.0
2026-02-12 13:15:03,F3,26.1,20.00,0.50,0,0,0,1000.0
2026-02-12 13:15:05,F1,23.5,20.00,0.50,0,0,0,1000.0
2026-02-12 13:15:05,F2,19.8,20.00,0.50,0,1,0,1000.0
2026-02-12 13:15:06,F3,26.1,20.00,0.50,0,0,0,1000.0
2026-02-12 13:15:08,F1,23.6,20.00,0.50,0,0,0,1000.0
2026-02-12 13:15:09,F2,19.8,20.00,0.50,0,1,0,1000.0
2026-02-12 13:15:10,F3,26.1,20.00,0.50,0,0,0,1000.0
2026-02-12 13:15:11,F1,23.5,20.00,0.50,0,0,0,1000.0
2026-02-12 13:15:12,F2,19.8,20.00,0.50,0,1,0,1000.0
2026-02-12 13:15:13,F3,26.1,20.00,0.50,0,0,0,1000.0
2026-02-12 13:15:15,F1,23.5,20.00,0.50,0,0,0,1000.0
2026-02-12 13:15:16,F2,19.8,20.00,0.50,0,1,0,1000.0
2026-02-12 13:15:16,F3,26.1,20.00,0.50,0,0,0,1000.0
2026-02-12 13:15:18,F1,23.5,20.00,0.50,0,0,0,1000.0
2026-02-12 13:15:19,F2,19.8,20.00,0.50,0,1,0,1000.0
2026-02-12 13:15:20,F3,26.1,20.00,0.50,0,0,0,1000.0
2026-02-12 13:15:22,F1,23.6,20.00,0.50,0,0,0,1000.0
2026-02-12 13:15:22,F2,19.9,20.00,0.50,0,1,0,1000.0
2026-02-12 13:15:23,F3,26.1,20.00,0.50,0,0,0,1000.0
2026-02-12 13:15:25,F1,23.6,20.00,0.50,0,0,0,1000.0
2026-02-12 13:15:26,F2,19.9,20.00,0.50,0,1,0,1000.0
2026-02-12 13:15:27,F3,26.1,20.00,0.50,0,0,0,1000.0
2026-02-12 13:15:28,F1,23.6,20.00,0.50,0,0,0,1000.0
2026-02-12 13:15:29,F2,19.9,20.00,0.50,0,1,0,1000.0
2026-02-12 13:15:30,F3,26.1,20.00,0.50,0,0,0,1000.0
2026-02-12 13:15:32,F1,23.6,20.00,0.50,0,0,0,1000.0
2026-02-12 13:15:33,F2,19.9,20.00,0.50,0,1,0,1000.0
2026-02-12 13:15:33,F3,26.1,20.00,0.50,0,0,0,1000.0
2026-02-12 13:15:35,F1,23.7,20.00,0.50,0,0,0,1000.0
2026-02-12 13:15:36,F2,20.0,20.00,0.50,0,1,0,1000.0
2026-02-12 13:15:37,F3,26.1,20.00,0.50,0,0,0,1000.0
2026-02-12 13:15:39,F1,23.7,20.00,0.50,0,0,0,1000.0
2026-02-12 13:15:39,F2,20.0,20.00,0.50,0,1,0,1000.0
2026-02-12 13:15:40,F3,26.1,20.00,0.50,0,0,0,1000.0
2026-02-12 13:15:42,F1,23.7,20.00,0.50,0,0,0,1000.0
2026-02-12 13:15:43,F2,20.1,20.00,0.50,0,1,0,1000.0
2026-02-12 13:15:44,F3,26.1,20.00,0.50,0,0,0,1000.0
2026-02-12 13:15:46,F1,23.7,20.00,0.50,0,0,0,1000.0
2026-02-12 13:15:46,F2,20.1,20.00,0.50,0,1,0,1000.0
2026-02-12 13:15:47,F3,26.1,20.00,0.50,0,0,0,1000.0
2026-02-12 13:15:49,F1,23.7,20.00,0.50,0,0,0,1000.0
2026-02-12 13:15:50,F2,20.1,20.00,0.50,0,1,0,1000.0
2026-02-12 13:15:51,F3,26.2,20.00,0.50,0,0,0,1000.0
2026-02-12 13:15:52,F1,23.6,20.00,0.50,0,0,0,1000.0
2026-02-12 13:15:53,F2,20.1,20.00,0.50,0,1,0,1000.0
2026-02-12 13:15:54,F3,26.2,20.00,0.50,0,0,0,1000.0
2026-02-12 13:15:56,F1,23.7,20.00,0.50,0,0,0,1000.0
2026-02-12 13:15:57,F2,20.2,20.00,0.50,0,1,0,1000.0
2026-02-12 13:15:57,F3,26.2,20.00,0.50,0,0,0,1000.0
2026-02-12 13:15:59,F1,23.7,20.00,0.50,0,0,0,1000.0
2026-02-12 13:16:00,F2,20.2,20.00,0.50,0,1,0,1000.0
2026-02-12 13:16:01,F3,26.1,20.00,0.50,0,0,0,1000.0
2026-02-12 13:16:03,F1,23.7,20.00,0.50,0,0,0,1000.0
2026-02-12 13:16:03,F2,20.2,20.00,0.50,0,1,0,1000.0
2026-02-12 13:16:04,F3,26.1,20.00,0.50,0,0,0,1000.0
2026-02-12 13:16:06,F1,23.7,20.00,0.50,0,0,0,1000.0
2026-02-12 13:16:07,F2,20.2,20.00,0.50,0,1,0,1000.0
2026-02-12 13:16:08,F3,26.1,20.00,0.50,0,0,0,1000.0
2026-02-12 13:16:09,F1,23.7,20.00,0.50,0,0,0,1000.0
2026-02-12 13:16:10,F2,20.3,20.00,0.50,0,1,0,1000.0
2026-02-12 13:16:11,F3,26.2,20.00,0.50,0,0,0,1000.0
2026-02-12 13:16:13,F1,23.7,20.00,0.50,0,0,0,1000.0
2026-02-12 13:16:14,F2,20.3,20.00,0.50,0,1,0,1000.0
2026-02-12 13:16:14,F3,26.2,20.00,0.50,0,0,0,1000.0
2026-02-12 13:16:16,F1,23.7,20.00,0.50,0,0,0,1000.0
2026-02-12 13:16:17,F2,20.3,20.00,0.50,0,1,0,1000.0
2026-02-12 13:16:18,F3,26.2,20.00,0.50,0,0,0,1000.0
2026-02-12 13:16:20,F1,23.7,20.00,0.50,0,0,0,1000.0
2026-02-12 13:16:20,F2,20.4,20.00,0.50,0,1,0,1000.0
2026-02-12 13:16:21,F3,26.2,20.00,0.50,0,0,0,1000.0
2026-02-12 13:16:23,F1,23.7,20.00,0.50,0,0,0,1000.0
2026-02-12 13:16:24,F2,20.4,20.00,0.50,0,1,0,1000.0
2026-02-12 13:16:25,F3,26.2,20.00,0.50,0,0,0,1000.0
2026-02-12 13:16:26,F1,23.8,20.00,0.50,0,0,0,1000.0
2026-02-12 13:16:27,F2,20.4,20.00,0.50,0,1,0,1000.0
2026-02-12 13:16:28,F3,26.2,20.00,0.50,0,0,0,1000.0
2026-02-12 13:16:30,F1,23.8,20.00,0.50,0,0,0,1000.0
2026-02-12 13:16:31,F2,20.4,20.00,0.50,0,1,0,1000.0
2026-02-12 13:16:31,F3,26.2,20.00,0.50,0,0,0,1000.0
2026-02-12 13:16:33,F1,23.7,20.00,0.50,0,0,0,1000.0
2026-02-12 13:16:34,F2,20.5,20.00,0.50,1,0,0,1000.0
2026-02-12 13:16:35,F3,26.2,20.00,0.50,0,0,0,1000.0
2026-02-12 13:16:37,F1,23.7,20.00,0.50,0,0,0,1000.0
2026-02-12 13:16:37,F2,20.6,20.00,0.50,1,0,0,1000.0
2026-02-12 13:16:38,F3,26.2,20.00,0.50,0,0,0,1000.0
2026-02-12 13:16:40,F1,23.8,20.00,0.50,0,0,0,1000.0
2026-02-12 13:16:41,F2,20.6,20.00,0.50,1,0,0,1000.0
2026-02-12 13:16:42,F3,26.2,20.00,0.50,0,0,0,1000.0
2026-02-12 13:16:43,F1,23.7,20.00,0.50,0,0,0,1000.0
2026-02-12 13:16:44,F2,20.6,20.00,0.50,1,0,0,1000.0
2026-02-12 13:16:45,F3,26.2,20.00,0.50,0,0,0,1000.0
2026-02-12 13:16:47,F1,23.8,20.00,0.50,0,0,0,1000.0
2026-02-12 13:16:48,F2,20.6,20.00,0.50,1,0,0,1000.0
2026-02-12 13:16:48,F3,26.2,20.00,0.50,0,0,0,1000.0
2026-02-12 13:16:50,F1,23.8,20.00,0.50,0,0,0,1000.0
2026-02-12 13:16:51,F2,20.6,20.00,0.50,1,0,0,1000.0
2026-02-12 13:16:52,F3,26.2,20.00,0.50,0,0,0,1000.0
2026-02-12 13:16:54,F1,23.8,20.00,0.50,0,0,0,1000.0
2026-02-12 13:16:54,F2,20.6,20.00,0.50,1,0,0,1000.0
2026-02-12 13:16:55,F3,26.2,20.00,0.50,0,0,0,1000.0
2026-02-12 13:16:57,F1,23.8,20.00,0.50,0,0,0,1000.0
2026-02-12 13:16:58,F2,20.7,20.00,0.50,1,0,0,1000.0
2026-02-12 13:16:59,F3,26.2,20.00,0.50,0,0,0,1000.0
2026-02-12 13:17:00,F1,23.8,20.00,0.50,0,0,0,1000.0
2026-02-12 13:17:01,F2,20.7,20.00,0.50,1,0,0,1000.0
2026-02-12 13:17:02,F3,26.2,20.00,0.50,0,0,0,1000.0
2026-02-12 13:17:04,F1,23.8,20.00,0.50,0,0,0,1000.0
2026-02-12 13:17:05,F2,20.7,20.00,0.50,1,0,0,1000.0
2026-02-12 13:17:05,F3,26.2,20.00,0.50,0,0,0,1000.0
2026-02-12 13:17:07,F1,23.8,20.00,0.50,0,0,0,1000.0
2026-02-12 13:17:08,F2,20.8,20.00,0.50,1,0,0,1000.0
2026-02-12 13:17:09,F3,26.2,20.00,0.50,0,0,0,1000.0
2026-02-12 13:17:11,F1,23.8,20.00,0.50,0,0,0,1000.0
2026-02-12 13:17:11,F2,20.8,20.00,0.50,1,0,0,1000.0
2026-02-12 13:17:12,F3,26.2,20.00,0.50,0,0,0,1000.0
2026-02-12 13:17:14,F1,23.8,20.00,0.50,0,0,0,1000.0
2026-02-12 13:17:15,F2,20.8,20.00,0.50,1,0,0,1000.0
2026-02-12 13:17:16,F3,26.2,20.00,0.50,0,0,0,1000.0
2026-02-12 13:17:17,F1,23.8,20.00,0.50,0,0,0,1000.0
2026-02-12 13:17:18,F2,20.9,20.00,0.50,1,0,0,1000.0
2026-02-12 13:17:19,F3,26.2,20.00,0.50,0,0,0,1000.0
2026-02-12 13:17:21,F1,23.8,20.00,0.50,0,0,0,1000.0
2026-02-12 13:17:22,F2,20.9,20.00,0.50,1,0,0,1000.0
2026-02-12 13:17:22,F3,26.2,20.00,0.50,0,0,0,1000.0
2026-02-12 13:17:24,F1,23.8,20.00,0.50,0,0,0,1000.0
2026-02-12 13:17:25,F2,20.9,20.00,0.50,1,0,0,1000.0
2026-02-12 13:17:26,F3,26.2,20.00,0.50,0,0,0,1000.0
2026-02-12 13:17:28,F1,23.8,20.00,0.50,0,0,0,1000.0
2026-02-12 13:17:28,F2,20.9,20.00,0.50,1,0,0,1000.0
2026-02-12 13:17:29,F3,26.2,20.00,0.50,0,0,0,1000.0
2026-02-12 13:17:31,F1,23.8,20.00,0.50,0,0,0,1000.0
2026-02-12 13:17:32,F2,20.9,20.00,0.50,1,0,0,1000.0
2026-02-12 13:17:33,F3,26.2,20.00,0.50,0,0,0,1000.0
2026-02-12 13:17:34,F1,23.8,20.00,0.50,0,0,0,1000.0
2026-02-12 13:17:35,F2,20.9,20.00,0.50,1,0,0,1000.0
2026-02-12 13:17:36,F3,26.2,20.00,0.50,0,0,0,1000.0
2026-02-12 13:17:38,F1,23.8,20.00,0.50,0,0,0,1000.0
2026-02-12 13:17:39,F2,20.9,20.00,0.50,1,0,0,1000.0
2026-02-12 13:17:39,F3,26.2,20.00,0.50,0,0,0,1000.0
2026-02-12 13:17:41,F1,23.8,20.00,0.50,0,0,0,1000.0
2026-02-12 13:17:42,F2,20.9,20.00,0.50,1,0,0,1000.0
2026-02-12 13:17:43,F3,26.2,20.00,0.50,0,0,0,1000.0
2026-02-12 13:17:45,F1,23.8,20.00,0.50,0,0,0,1000.0
2026-02-12 13:17:45,F2,20.9,20.00,0.50,1,0,0,1000.0
2026-02-12 13:17:46,F3,26.2,20.00,0.50,0,0,0,1000.0
2026-02-12 13:17:48,F1,23.8,20.00,0.50,0,0,0,1000.0
2026-02-12 13:17:49,F2,20.9,20.00,0.50,1,0,0,1000.0
2026-02-12 13:17:50,F3,26.2,20.00,0.50,0,0,0,1000.0
2026-02-12 13:17:51,F1,23.7,20.00,0.50,0,0,0,1000.0
2026-02-12 13:17:52,F2,20.9,20.00,0.50,1,0,0,1000.0
2026-02-12 13:17:53,F3,26.2,20.00,0.50,0,0,0,1000.0
2026-02-12 13:17:55,F1,23.8,20.00,0.50,0,0,0,1000.0
2026-02-12 13:17:56,F2,20.9,20.00,0.50,1,0,0,1000.0
2026-02-12 13:17:56,F3,26.2,20.00,0.50,0,0,0,1000.0
2026-02-12 13:17:58,F1,23.8,20.00,0.50,0,0,0,1000.0
2026-02-12 13:17:59,F2,20.9,20.00,0.50,1,0,0,1000.0
2026-02-12 13:18:00,F3,26.3,20.00,0.50,0,0,0,1000.0
2026-02-12 13:18:02,F1,23.8,20.00,0.50,0,0,0,1000.0
2026-02-12 13:18:02,F2,20.9,20.00,0.50,1,0,0,1000.0
2026-02-12 13:18:03,F3,26.2,20.00,0.50,0,0,0,1000.0
2026-02-12 13:18:05,F1,23.8,20.00,0.50,0,0,0,1000.0
2026-02-12 13:18:06,F2,20.9,20.00,0.50,1,0,0,1000.0
2026-02-12 13:18:07,F3,26.2,20.00,0.50,0,0,0,1000.0
2026-02-12 13:18:08,F1,23.9,20.00,0.50,0,0,0,1000.0
2026-02-12 13:18:09,F2,20.9,20.00,0.50,1,0,0,1000.0
2026-02-12 13:18:10,F3,26.2,20.00,0.50,0,0,0,1000.0
2026-02-12 13:18:12,F1,23.8,20.00,0.50,0,0,0,1000.0
2026-02-12 13:18:13,F2,20.9,20.00,0.50,1,0,0,1000.0
2026-02-12 13:18:13,F3,26.3,20.00,0.50,0,0,0,1000.0
2026-02-12 13:18:15,F1,23.9,20.00,0.50,0,0,0,1000.0
2026-02-12 13:18:16,F2,20.9,20.00,0.50,1,0,0,1000.0
2026-02-12 13:18:17,F3,26.3,20.00,0.50,0,0,0,1000.0
2026-02-12 13:18:19,F1,23.9,20.00,0.50,0,0,0,1000.0
2026-02-12 13:18:19,F2,20.9,20.00,0.50,1,0,0,1000.0
2026-02-12 13:18:20,F3,26.3,20.00,0.50,0,0,0,1000.0
2026-02-12 13:18:22,F1,23.9,20.00,0.50,0,0,0,1000.0
2026-02-12 13:18:23,F2,20.9,20.00,0.50,1,0,0,1000.0
2026-02-12 13:18:24,F3,26.3,20.00,0.50,0,0,0,1000.0
2026-02-12 13:18:25,F1,23.8,20.00,0.50,0,0,0,1000.0
2026-02-12 13:18:26,F2,20.9,20.00,0.50,1,0,0,1000.0
2026-02-12 13:18:27,F3,26.3,20.00,0.50,0,0,0,1000.0
2026-02-12 13:18:29,F1,23.8,20.00,0.50,0,0,0,1000.0
2026-02-12 13:18:30,F2,20.9,20.00,0.50,1,0,0,1000.0
2026-02-12 13:18:31,F3,26.3,20.00,0.50,0,0,0,1000.0
2026-02-12 13:18:32,F1,23.8,20.00,0.50,0,0,0,1000.0
2026-02-12 13:18:33,F2,20.9,20.00,0.50,1,0,0,1000.0
2026-02-12 13:18:34,F3,26.3,20.00,0.50,0,0,0,1000.0
2026-02-12 13:18:36,F1,23.9,20.00,0.50,0,0,0,1000.0
2026-02-12 13:18:36,F2,20.9,20.00,0.50,1,0,0,1000.0
2026-02-12 13:18:37,F3,26.4,20.00,0.50,0,0,0,1000.0
2026-02-12 13:18:39,F1,23.8,20.00,0.50,0,0,0,1000.0
2026-02-12 13:18:40,F2,20.8,20.00,0.50,1,0,0,1000.0
2026-02-12 13:18:41,F3,26.4,20.00,0.50,0,0,0,1000.0
2026-02-12 13:18:43,F1,23.8,20.00,0.50,0,0,0,1000.0
2026-02-12 13:18:43,F2,20.8,20.00,0.50,1,0,0,1000.0
2026-02-12 13:18:44,F3,26.4,20.00,0.50,0,0,0,1000.0
2026-02-12 13:18:46,F1,23.8,20.00,0.50,0,0,0,1000.0
2026-02-12 13:18:47,F2,20.8,20.00,0.50,1,0,0,1000.0
2026-02-12 13:18:47,F3,26.4,20.00,0.50,0,0,0,1000.0
2026-02-12 13:18:49,F1,23.8,20.00,0.50,0,0,0,1000.0
2026-02-12 13:18:50,F2,20.8,20.00,0.50,1,0,0,1000.0
2026-02-12 13:18:51,F3,26.4,20.00,0.50,0,0,0,1000.0
2026-02-12 13:18:53,F1,23.8,20.00,0.50,0,0,0,1000.0
2026-02-12 13:18:54,F2,20.8,20.00,0.50,1,0,0,1000.0
2026-02-12 13:18:54,F3,26.4,20.00,0.50,0,0,0,1000.0
2026-02-12 13:18:56,F1,23.8,20.00,0.50,0,0,0,1000.0
2026-02-12 13:18:57,F2,20.8,20.00,0.50,1,0,0,1000.0
2026-02-12 13:18:58,F3,26.4,20.00,0.50,0,0,0,1000.0
2026-02-12 13:19:00,F1,23.8,20.00,0.50,0,0,0,1000.0
2026-02-12 13:19:00,F2,20.8,20.00,0.50,1,0,0,1000.0
2026-02-12 13:19:01,F3,26.4,20.00,0.50,0,0,0,1000.0
2026-02-12 13:19:03,F1,23.8,20.00,0.50,0,0,0,1000.0
2026-02-12 13:19:04,F2,20.8,20.00,0.50,1,0,0,1000.0
2026-02-12 13:19:05,F3,26.4,20.00,0.50,0,0,0,1000.0
2026-02-12 13:19:06,F1,23.8,20.00,0.50,0,0,0,1000.0
2026-02-12 13:19:07,F2,20.7,20.00,0.50,1,0,0,1000.0
2026-02-12 13:19:08,F3,26.4,20.00,0.50,0,0,0,1000.0
2026-02-12 13:19:10,F1,23.7,20.00,0.50,0,0,0,1000.0
2026-02-12 13:19:11,F2,20.8,20.00,0.50,1,0,0,1000.0
2026-02-12 13:19:11,F3,26.4,20.00,0.50,0,0,0,1000.0
2026-02-12 13:19:13,F1,23.8,20.00,0.50,0,0,0,1000.0
2026-02-12 13:19:14,F2,20.7,20.00,0.50,1,0,0,1000.0
2026-02-12 13:19:15,F3,26.4,20.00,0.50,0,0,0,1000.0
2026-02-12 13:19:17,F1,23.7,20.00,0.50,0,0,0,1000.0
2026-02-12 13:19:17,F2,20.7,20.00,0.50,1,0,0,1000.0
2026-02-12 13:19:18,F3,26.4,20.00,0.50,0,0,0,1000.0
2026-02-12 13:19:20,F1,23.7,20.00,0.50,0,0,0,1000.0
2026-02-12 13:19:21,F2,20.6,20.00,0.50,1,0,0,1000.0
2026-02-12 13:19:22,F3,26.4,20.00,0.50,0,0,0,1000.0
2026-02-12 13:19:23,F1,23.7,20.00,0.50,0,0,0,1000.0
2026-02-12 13:19:24,F2,20.6,20.00,0.50,1,0,0,1000.0
2026-02-12 13:19:25,F3,26.4,20.00,0.50,0,0,0,1000.0
2026-02-12 13:19:27,F1,23.7,20.00,0.50,0,0,0,1000.0
2026-02-12 13:19:28,F2,20.6,20.00,0.50,1,0,0,1000.0
2026-02-12 13:19:28,F3,26.4,20.00,0.50,0,0,0,1000.0
2026-02-12 13:19:30,F1,23.7,20.00,0.50,0,0,0,1000.0
2026-02-12 13:19:31,F2,20.6,20.00,0.50,1,0,0,1000.0
2026-02-12 13:19:32,F3,26.4,20.00,0.50,0,0,0,1000.0
2026-02-12 13:19:34,F1,23.7,20.00,0.50,0,0,0,1000.0
2026-02-12 13:19:34,F2,20.6,20.00,0.50,1,0,0,1000.0
2026-02-12 13:19:35,F3,26.4,20.00,0.50,0,0,0,1000.0
2026-02-12 13:19:37,F1,23.7,20.00,0.50,0,0,0,1000.0
2026-02-12 13:19:38,F2,20.6,20.00,0.50,1,0,0,1000.0
2026-02-12 13:19:39,F3,26.4,20.00,0.50,0,0,0,1000.0
2026-02-12 13:19:40,F1,23.6,20.00,0.50,0,0,0,1000.0
2026-02-12 13:19:41,F2,20.6,20.00,0.50,1,0,0,1000.0
2026-02-12 13:19:42,F3,26.4,20.00,0.50,0,0,0,1000.0
2026-02-12 13:19:44,F1,23.6,20.00,0.50,0,0,0,1000.0
2026-02-12 13:19:45,F2,20.6,20.00,0.50,1,0,0,1000.0
2026-02-12 13:19:45,F3,26.4,20.00,0.50,0,0,0,1000.0
2026-02-12 13:19:47,F1,23.7,20.00,0.50,0,0,0,1000.0
2026-02-12 13:19:48,F2,20.5,20.00,0.50,1,0,0,1000.0
2026-02-12 13:19:49,F3,26.4,20.00,0.50,0,0,0,1000.0
2026-02-12 13:19:51,F1,23.6,20.00,0.50,0,0,0,1000.0
2026-02-12 13:19:51,F2,20.6,20.00,0.50,1,0,0,1000.0
2026-02-12 13:19:52,F3,26.4,20.00,0.50,0,0,0,1000.0
2026-02-12 13:19:54,F1,23.7,20.00,0.50,0,0,0,1000.0
2026-02-12 13:19:55,F2,20.5,20.00,0.50,1,0,0,1000.0
2026-02-12 13:19:56,F3,26.4,20.00,0.50,0,0,0,1000.0
2026-02-12 13:19:57,F1,23.7,20.00,0.50,0,0,0,1000.0
2026-02-12 13:19:58,F2,20.5,20.00,0.50,1,0,0,1000.0
2026-02-12 13:19:59,F3,26.4,20.00,0.50,0,0,0,1000.0
2026-02-12 13:20:01,F1,23.8,20.00,0.50,0,0,0,1000.0
2026-02-12 13:20:02,F2,20.5,20.00,0.50,1,0,0,1000.0
2026-02-12 13:20:02,F3,26.4,20.00,0.50,0,0,0,1000.0
2026-02-12 13:20:04,F1,23.8,20.00,0.50,0,0,0,1000.0
2026-02-12 13:20:05,F2,20.4,20.00,0.50,1,0,0,1000.0
2026-02-12 13:20:06,F3,26.4,20.00,0.50,0,0,0,1000.0
2026-02-12 13:20:08,F1,23.8,20.00,0.50,0,0,0,1000.0
2026-02-12 13:20:08,F2,20.4,20.00,0.50,1,0,0,1000.0
2026-02-12 13:20:09,F3,26.4,20.00,0.50,0,0,0,1000.0
2026-02-12 13:20:11,F1,23.8,20.00,0.50,0,0,0,1000.0
2026-02-12 13:20:12,F2,20.4,20.00,0.50,1,0,0,1000.0
2026-02-12 13:20:13,F3,26.4,20.00,0.50,0,0,0,1000.0
2026-02-12 13:20:14,F1,23.8,20.00,0.50,0,0,0,1000.0
2026-02-12 13:20:15,F2,20.4,20.00,0.50,1,0,0,1000.0
2026-02-12 13:20:16,F3,26.4,20.00,0.50,0,0,0,1000.0
2026-02-12 13:20:18,F1,23.8,20.00,0.50,0,0,0,1000.0
2026-02-12 13:20:19,F2,20.4,20.00,0.50,1,0,0,1000.0
2026-02-12 13:20:19,F3,26.4,20.00,0.50,0,0,0,1000.0
2026-02-12 13:20:21,F1,23.8,20.00,0.50,0,0,0,1000.0
2026-02-12 13:20:22,F2,20.4,20.00,0.50,1,0,0,1000.0
2026-02-12 13:20:23,F3,26.4,20.00,0.50,0,0,0,1000.0
2026-02-12 13:20:25,F1,23.8,20.00,0.50,0,0,0,1000.0
2026-02-12 13:20:25,F2,20.4,20.00,0.50,1,0,0,1000.0
2026-02-12 13:20:26,F3,26.4,20.00,0.50,0,0,0,1000.0
2026-02-12 13:20:28,F1,23.8,20.00,0.50,0,0,0,1000.0
2026-02-12 13:20:29,F2,20.4,20.00,0.50,1,0,0,1000.0
2026-02-12 13:20:30,F3,26.4,20.00,0.50,0,0,0,1000.0
2026-02-12 13:20:31,F1,23.8,20.00,0.50,0,0,0,1000.0
2026-02-12 13:20:32,F2,20.4,20.00,0.50,1,0,0,1000.0
2026-02-12 13:20:33,F3,26.4,20.00,0.50,0,0,0,1000.0
2026-02-12 13:20:35,F1,23.8,20.00,0.50,0,0,0,1000.0
2026-02-12 13:20:36,F2,20.3,20.00,0.50,1,0,0,1000.0
2026-02-12 13:20:36,F3,26.3,20.00,0.50,0,0,0,1000.0
2026-02-12 13:20:38,F1,23.8,20.00,0.50,0,0,0,1000.0
2026-02-12 13:20:39,F2,20.3,20.00,0.50,1,0,0,1000.0
2026-02-12 13:20:40,F3,26.3,20.00,0.50,0,0,0,1000.0
2026-02-12 13:20:42,F1,23.8,20.00,0.50,0,0,0,1000.0
2026-02-12 13:20:42,F2,20.3,20.00,0.50,1,0,0,1000.0
2026-02-12 13:20:43,F3,26.4,20.00,0.50,0,0,0,1000.0
2026-02-12 13:20:45,F1,23.8,20.00,0.50,0,0,0,1000.0
2026-02-12 13:20:46,F2,20.3,20.00,0.50,1,0,0,1000.0
2026-02-12 13:20:47,F3,26.4,20.00,0.50,0,0,0,1000.0
2026-02-12 13:20:48,F1,23.8,20.00,0.50,0,0,0,1000.0
2026-02-12 13:20:49,F2,20.2,20.00,0.50,1,0,0,1000.0
2026-02-12 13:20:50,F3,26.4,20.00,0.50,0,0,0,1000.0
2026-02-12 13:20:52,F1,23.8,20.00,0.50,0,0,0,1000.0
2026-02-12 13:20:53,F2,20.2,20.00,0.50,1,0,0,1000.0
2026-02-12 13:20:53,F3,26.3,20.00,0.50,0,0,0,1000.0
2026-02-12 13:20:55,F1,23.8,20.00,0.50,0,0,0,1000.0
2026-02-12 13:20:56,F2,20.2,20.00,0.50,1,0,0,1000.0
2026-02-12 13:20:57,F3,26.3,20.00,0.50,0,0,0,1000.0
2026-02-12 13:20:59,F1,23.8,20.00,0.50,0,0,0,1000.0
2026-02-12 13:20:59,F2,20.2,20.00,0.50,1,0,0,1000.0
2026-02-12 13:21:00,F3,26.3,20.00,0.50,0,0,0,1000.0
2026-02-12 13:21:02,F1,23.8,20.00,0.50,0,0,0,1000.0
2026-02-12 13:21:03,F2,20.2,20.00,0.50,1,0,0,1000.0
2026-02-12 13:21:04,F3,26.3,20.00,0.50,0,0,0,1000.0
2026-02-12 13:21:05,F1,23.8,20.00,0.50,0,0,0,1000.0
2026-02-12 13:21:06,F2,20.2,20.00,0.50,1,0,0,1000.0
2026-02-12 13:21:07,F3,26.3,20.00,0.50,0,0,0,1000.0
2026-02-12 13:21:09,F1,23.8,20.00,0.50,0,0,0,1000.0
2026-02-12 13:21:10,F2,20.2,20.00,0.50,1,0,0,1000.0
2026-02-12 13:21:10,F3,26.3,20.00,0.50,0,0,0,1000.0
2026-02-12 13:21:12,F1,23.8,20.00,0.50,0,0,0,1000.0
2026-02-12 13:21:13,F2,20.2,20.00,0.50,1,0,0,1000.0
2026-02-12 13:21:14,F3,26.3,20.00,0.50,0,0,0,1000.0
2026-02-12 13:21:16,F1,23.8,20.00,0.50,0,0,0,1000.0
2026-02-12 13:21:17,F2,20.2,20.00,0.50,1,0,0,1000.0
2026-02-12 13:21:17,F3,26.3,20.00,0.50,0,0,0,1000.0
2026-02-12 13:21:19,F1,23.8,20.00,0.50,0,0,0,1000.0
2026-02-12 13:21:20,F2,20.1,20.00,0.50,1,0,0,1000.0
2026-02-12 13:21:21,F3,26.3,20.00,0.50,0,0,0,1000.0
2026-02-12 13:21:23,F1,23.8,20.00,0.50,0,0,0,1000.0
2026-02-12 13:21:23,F2,20.1,20.00,0.50,1,0,0,1000.0
2026-02-12 13:21:24,F3,26.2,20.00,0.50,0,0,0,1000.0
2026-02-12 13:21:26,F1,23.8,20.00,0.50,0,0,0,1000.0
2026-02-12 13:21:27,F2,20.1,20.00,0.50,1,0,0,1000.0
2026-02-12 13:21:28,F3,26.2,20.00,0.50,0,0,0,1000.0
2026-02-12 13:21:29,F1,23.8,20.00,0.50,0,0,0,1000.0
2026-02-12 13:21:30,F2,20.1,20.00,0.50,1,0,0,1000.0
2026-02-12 13:21:31,F3,26.3,20.00,0.50,0,0,0,1000.0
2026-02-12 13:21:33,F1,23.8,20.00,0.50,0,0,0,1000.0
2026-02-12 13:21:34,F2,20.1,20.00,0.50,1,0,0,1000.0
2026-02-12 13:21:34,F3,26.3,20.00,0.50,0,0,0,1000.0
2026-02-12 13:21:36,F1,23.7,20.00,0.50,0,0,0,1000.0
2026-02-12 13:21:37,F2,20.1,20.00,0.50,1,0,0,1000.0
2026-02-12 13:21:38,F3,26.3,20.00,0.50,0,0,0,1000.0
2026-02-12 13:21:40,F1,23.7,20.00,0.50,0,0,0,1000.0
2026-02-12 13:21:40,F2,20.1,20.00,0.50,1,0,0,1000.0
2026-02-12 13:21:41,F3,26.3,20.00,0.50,0,0,0,1000.0
2026-02-12 13:21:43,F1,23.7,20.00,0.50,0,0,0,1000.0
2026-02-12 13:21:44,F2,20.1,20.00,0.50,1,0,0,1000.0
2026-02-12 13:21:45,F3,26.4,20.00,0.50,0,0,0,1000.0
2026-02-12 13:21:46,F1,23.8,20.00,0.50,0,0,0,1000.0
2026-02-12 13:21:47,F2,20.0,20.00,0.50,1,0,0,1000.0
2026-02-12 13:21:48,F3,26.4,20.00,0.50,0,0,0,1000.0
2026-02-12 13:21:50,F1,23.8,20.00,0.50,0,0,0,1000.0
2026-02-12 13:21:51,F2,20.0,20.00,0.50,1,0,0,1000.0
2026-02-12 13:21:51,F3,26.4,20.00,0.50,0,0,0,1000.0
2026-02-12 13:21:53,F1,23.7,20.00,0.50,0,0,0,1000.0
2026-02-12 13:21:54,F2,20.0,20.00,0.50,1,0,0,1000.0
2026-02-12 13:21:55,F3,26.3,20.00,0.50,0,0,0,1000.0
2026-02-12 13:21:57,F1,23.7,20.00,0.50,0,0,0,1000.0
2026-02-12 13:21:57,F2,20.0,20.00,0.50,1,0,0,1000.0
2026-02-12 13:21:58,F3,26.3,20.00,0.50,0,0,0,1000.0
2026-02-12 13:22:00,F1,23.7,20.00,0.50,0,0,0,1000.0
2026-02-12 13:22:01,F2,20.0,20.00,0.50,1,0,0,1000.0
2026-02-12 13:22:02,F3,26.3,20.00,0.50,0,0,0,1000.0
2026-02-12 13:22:03,F1,23.7,20.00,0.50,0,0,0,1000.0
2026-02-12 13:22:04,F2,19.9,20.00,0.50,1,0,0,1000.0
2026-02-12 13:22:05,F3,26.3,20.00,0.50,0,0,0,1000.0
2026-02-12 13:22:07,F1,23.7,20.00,0.50,0,0,0,1000.0
2026-02-12 13:22:08,F2,20.0,20.00,0.50,1,0,0,1000.0
2026-02-12 13:22:08,F3,26.3,20.00,0.50,0,0,0,1000.0
2026-02-12 13:22:10,F1,23.7,20.00,0.50,0,0,0,1000.0
2026-02-12 13:22:11,F2,20.0,20.00,0.50,1,0,0,1000.0
2026-02-12 13:22:12,F3,26.3,20.00,0.50,0,0,0,1000.0
2026-02-12 13:22:14,F1,23.7,20.00,0.50,0,0,0,1000.0
2026-02-12 13:22:14,F2,19.9,20.00,0.50,1,0,0,1000.0
2026-02-12 13:22:15,F3,26.3,20.00,0.50,0,0,0,1000.0
2026-02-12 13:22:17,F1,23.7,20.00,0.50,0,0,0,1000.0
2026-02-12 13:22:18,F2,19.9,20.00,0.50,1,0,0,1000.0
2026-02-12 13:22:19,F3,26.3,20.00,0.50,0,0,0,1000.0
2026-02-12 13:22:20,F1,23.7,20.00,0.50,0,0,0,1000.0
2026-02-12 13:22:21,F2,19.9,20.00,0.50,1,0,0,1000.0
2026-02-12 13:22:22,F3,26.3,20.00,0.50,0,0,0,1000.0
2026-02-12 13:22:24,F1,23.6,20.00,0.50,0,0,0,1000.0
2026-02-12 13:22:25,F2,19.9,20.00,0.50,1,0,0,1000.0
2026-02-12 13:22:25,F3,26.2,20.00,0.50,0,0,0,1000.0
2026-02-12 13:22:27,F1,23.6,20.00,0.50,0,0,0,1000.0
2026-02-12 13:22:28,F2,19.9,20.00,0.50,1,0,0,1000.0
2026-02-12 13:22:29,F3,26.2,20.00,0.50,0,0,0,1000.0
2026-02-12 13:22:31,F1,23.6,20.00,0.50,0,0,0,1000.0
2026-02-12 13:22:31,F2,19.9,20.00,0.50,1,0,0,1000.0
2026-02-12 13:22:32,F3,26.3,20.00,0.50,0,0,0,1000.0
2026-02-12 13:22:34,F1,23.7,20.00,0.50,0,0,0,1000.0
2026-02-12 13:22:35,F2,19.9,20.00,0.50,1,0,0,1000.0
2026-02-12 13:22:36,F3,26.3,20.00,0.50,0,0,0,1000.0
2026-02-12 13:22:37,F1,23.6,20.00,0.50,0,0,0,1000.0
2026-02-12 13:22:38,F2,19.8,20.00,0.50,1,0,0,1000.0
2026-02-12 13:22:39,F3,26.3,20.00,0.50,0,0,0,1000.0
2026-02-12 13:22:41,F1,23.6,20.00,0.50,0,0,0,1000.0
2026-02-12 13:22:42,F2,19.8,20.00,0.50,1,0,0,1000.0
2026-02-12 13:22:42,F3,26.3,20.00,0.50,0,0,0,1000.0
2026-02-12 13:22:44,F1,23.6,20.00,0.50,0,0,0,1000.0
2026-02-12 13:22:45,F2,19.8,20.00,0.50,1,0,0,1000.0
2026-02-12 13:22:46,F3,26.3,20.00,0.50,0,0,0,1000.0
2026-02-12 13:22:48,F1,23.6,20.00,0.50,0,0,0,1000.0
2026-02-12 13:22:48,F2,19.8,20.00,0.50,1,0,0,1000.0
2026-02-12 13:22:49,F3,26.3,20.00,0.50,0,0,0,1000.0
2026-02-12 13:22:51,F1,23.6,20.00,0.50,0,0,0,1000.0
2026-02-12 13:22:52,F2,19.8,20.00,0.50,1,0,0,1000.0
2026-02-12 13:22:53,F3,26.3,20.00,0.50,0,0,0,1000.0
2026-02-12 13:22:55,F1,23.6,20.00,0.50,0,0,0,1000.0
2026-02-12 13:22:55,F2,19.8,20.00,0.50,1,0,0,1000.0
2026-02-12 13:22:56,F3,26.3,20.00,0.50,0,0,0,1000.0
2026-02-12 13:22:58,F1,23.6,20.00,0.50,0,0,0,1000.0
2026-02-12 13:22:59,F2,19.8,20.00,0.50,1,0,0,1000.0
2026-02-12 13:22:59,F3,26.2,20.00,0.50,0,0,0,1000.0
2026-02-12 13:23:01,F1,23.6,20.00,0.50,0,0,0,1000.0
2026-02-12 13:23:02,F2,19.8,20.00,0.50,1,0,0,1000.0
2026-02-12 13:23:03,F3,26.2,20.00,0.50,0,0,0,1000.0
2026-02-12 13:23:05,F1,23.6,20.00,0.50,0,0,0,1000.0
2026-02-12 13:23:06,F2,19.7,20.00,0.50,1,0,0,1000.0
2026-02-12 13:23:06,F3,26.2,20.00,0.50,0,0,0,1000.0
2026-02-12 13:23:08,F1,23.6,20.00,0.50,0,0,0,1000.0
2026-02-12 13:23:09,F2,19.7,20.00,0.50,1,0,0,1000.0
2026-02-12 13:23:10,F3,26.2,20.00,0.50,0,0,0,1000.0
2026-02-12 13:23:12,F1,23.6,20.00,0.50,0,0,0,1000.0
2026-02-12 13:23:12,F2,19.7,20.00,0.50,1,0,0,1000.0
2026-02-12 13:23:13,F3,26.2,20.00,0.50,0,0,0,1000.0
2026-02-12 13:23:15,F1,23.6,20.00,0.50,0,0,0,1000.0
2026-02-12 13:23:16,F2,19.6,20.00,0.50,1,0,0,1000.0
2026-02-12 13:23:17,F3,26.2,20.00,0.50,0,0,0,1000.0
2026-02-12 13:23:18,F1,23.6,20.00,0.50,0,0,0,1000.0
2026-02-12 13:23:19,F2,19.6,20.00,0.50,1,0,0,1000.0
2026-02-12 13:23:20,F3,26.2,20.00,0.50,0,0,0,1000.0
2026-02-12 13:23:22,F1,23.5,20.00,0.50,0,0,0,1000.0
2026-02-12 13:23:23,F2,19.6,20.00,0.50,1,0,0,1000.0
2026-02-12 13:23:23,F3,26.2,20.00,0.50,0,0,0,1000.0
2026-02-12 13:23:25,F1,23.5,20.00,0.50,0,0,0,1000.0
2026-02-12 13:23:26,F2,19.7,20.00,0.50,1,0,0,1000.0
2026-02-12 13:23:27,F3,26.2,20.00,0.50,0,0,0,1000.0
2026-02-12 13:23:29,F1,23.5,20.00,0.50,0,0,0,1000.0
2026-02-12 13:23:29,F2,19.6,20.00,0.50,1,0,0,1000.0
2026-02-12 13:23:30,F3,26.2,20.00,0.50,0,0,0,1000.0
2026-02-12 13:23:32,F1,23.5,20.00,0.50,0,0,0,1000.0
2026-02-12 13:23:33,F2,19.6,20.00,0.50,1,0,0,1000.0
2026-02-12 13:23:34,F3,26.2,20.00,0.50,0,0,0,1000.0
2026-02-12 13:23:35,F1,23.5,20.00,0.50,0,0,0,1000.0
2026-02-12 13:23:36,F2,19.6,20.00,0.50,1,0,0,1000.0
2026-02-12 13:23:37,F3,26.2,20.00,0.50,0,0,0,1000.0
2026-02-12 13:23:39,F1,23.6,20.00,0.50,0,0,0,1000.0
2026-02-12 13:23:40,F2,19.6,20.00,0.50,1,0,0,1000.0
2026-02-12 13:23:40,F3,26.2,20.00,0.50,0,0,0,1000.0
2026-02-12 13:23:42,F1,23.5,20.00,0.50,0,0,0,1000.0
2026-02-12 13:23:43,F2,19.6,20.00,0.50,1,0,0,1000.0
2026-02-12 13:23:44,F3,26.2,20.00,0.50,0,0,0,1000.0
2026-02-12 13:23:46,F1,23.5,20.00,0.50,0,0,0,1000.0
2026-02-12 13:23:46,F2,19.6,20.00,0.50,1,0,0,1000.0
2026-02-12 13:23:47,F3,26.2,20.00,0.50,0,0,0,1000.0
2026-02-12 13:23:49,F1,23.5,20.00,0.50,0,0,0,1000.0
2026-02-12 13:23:50,F2,19.6,20.00,0.50,1,0,0,1000.0
2026-02-12 13:23:51,F3,26.2,20.00,0.50,0,0,0,1000.0
2026-02-12 13:23:52,F1,23.5,20.00,0.50,0,0,0,1000.0
2026-02-12 13:23:53,F2,19.5,20.00,0.50,0,1,0,1000.0
2026-02-12 13:23:54,F3,26.2,20.00,0.50,0,0,0,1000.0
2026-02-12 13:23:56,F1,23.5,20.00,0.50,0,0,0,1000.0
2026-02-12 13:23:57,F2,19.5,20.00,0.50,0,1,0,1000.0
2026-02-12 13:23:57,F3,26.2,20.00,0.50,0,0,0,1000.0
2026-02-12 13:23:59,F1,23.4,20.00,0.50,0,0,0,1000.0
2026-02-12 13:24:00,F2,19.5,20.00,0.50,0,1,0,1000.0
2026-02-12 13:24:01,F3,26.2,20.00,0.50,0,0,0,1000.0
2026-02-12 13:24:03,F1,23.4,20.00,0.50,0,0,0,1000.0
2026-02-12 13:24:03,F2,19.5,20.00,0.50,0,1,0,1000.0
2026-02-12 13:24:04,F3,26.2,20.00,0.50,0,0,0,1000.0
2026-02-12 13:24:06,F1,23.4,20.00,0.50,0,0,0,1000.0
2026-02-12 13:24:07,F2,19.5,20.00,0.50,0,1,0,1000.0
2026-02-12 13:24:08,F3,26.2,20.00,0.50,0,0,0,1000.0
2026-02-12 13:24:09,F1,23.4,20.00,0.50,0,0,0,1000.0
2026-02-12 13:24:10,F2,19.4,20.00,0.50,0,1,0,1000.0
2026-02-12 13:24:11,F3,26.2,20.00,0.50,0,0,0,1000.0
2026-02-12 13:24:13,F1,23.4,20.00,0.50,0,0,0,1000.0
2026-02-12 13:24:14,F2,19.4,20.00,0.50,0,1,0,1000.0
2026-02-12 13:24:14,F3,26.2,20.00,0.50,0,0,0,1000.0
2026-02-12 13:24:16,F1,23.4,20.00,0.50,0,0,0,1000.0
2026-02-12 13:24:17,F2,19.4,20.00,0.50,0,1,0,1000.0
2026-02-12 13:24:18,F3,26.2,20.00,0.50,0,0,0,1000.0
2026-02-12 13:24:20,F1,23.4,20.00,0.50,0,0,0,1000.0
2026-02-12 13:24:20,F2,19.4,20.00,0.50,0,1,0,1000.0
2026-02-12 13:24:21,F3,26.2,20.00,0.50,0,0,0,1000.0
2026-02-12 13:24:23,F1,23.4,20.00,0.50,0,0,0,1000.0
2026-02-12 13:24:24,F2,19.4,20.00,0.50,0,1,0,1000.0
2026-02-12 13:24:25,F3,26.2,20.00,0.50,0,0,0,1000.0
2026-02-12 13:24:26,F1,23.5,20.00,0.50,0,0,0,1000.0
2026-02-12 13:24:27,F2,19.4,20.00,0.50,0,1,0,1000.0
2026-02-12 13:24:28,F3,26.2,20.00,0.50,0,0,0,1000.0
2026-02-12 13:24:30,F1,23.4,20.00,0.50,0,0,0,1000.0
2026-02-12 13:24:31,F2,19.4,20.00,0.50,0,1,0,1000.0
2026-02-12 13:24:31,F3,26.2,20.00,0.50,0,0,0,1000.0
2026-02-12 13:24:33,F1,23.4,20.00,0.50,0,0,0,1000.0
2026-02-12 13:24:34,F2,19.4,20.00,0.50,0,1,0,1000.0
2026-02-12 13:24:35,F3,26.2,20.00,0.50,0,0,0,1000.0
2026-02-12 13:24:37,F1,23.4,20.00,0.50,0,0,0,1000.0
2026-02-12 13:24:37,F2,19.4,20.00,0.50,0,1,0,1000.0
2026-02-12 13:24:38,F3,26.2,20.00,0.50,0,0,0,1000.0
2026-02-12 13:24:40,F1,23.4,20.00,0.50,0,0,0,1000.0
2026-02-12 13:24:41,F2,19.4,20.00,0.50,0,1,0,1000.0
2026-02-12 13:24:42,F3,26.2,20.00,0.50,0,0,0,1000.0
2026-02-12 13:24:43,F1,23.4,20.00,0.50,0,0,0,1000.0
2026-02-12 13:24:44,F2,19.4,20.00,0.50,0,1,0,1000.0
2026-02-12 13:24:45,F3,26.2,20.00,0.50,0,0,0,1000.0
2026-02-12 13:24:47,F1,23.4,20.00,0.50,0,0,0,1000.0
2026-02-12 13:24:48,F2,19.4,20.00,0.50,0,1,0,1000.0
2026-02-12 13:24:48,F3,26.2,20.00,0.50,0,0,0,1000.0
2026-02-12 13:24:50,F1,23.4,20.00,0.50,0,0,0,1000.0
2026-02-12 13:24:51,F2,19.4,20.00,0.50,0,1,0,1000.0
2026-02-12 13:24:52,F3,26.2,20.00,0.50,0,0,0,1000.0
2026-02-12 13:24:54,F1,23.4,20.00,0.50,0,0,0,1000.0
2026-02-12 13:24:54,F2,19.4,20.00,0.50,0,1,0,1000.0
2026-02-12 13:24:55,F3,26.2,20.00,0.50,0,0,0,1000.0
2026-02-12 13:24:57,F1,23.4,20.00,0.50,0,0,0,1000.0
2026-02-12 13:24:58,F2,19.4,20.00,0.50,0,1,0,1000.0
2026-02-12 13:24:59,F3,26.2,20.00,0.50,0,0,0,1000.0
2026-02-12 13:25:00,F1,23.4,20.00,0.50,0,0,0,1000.0
2026-02-12 13:25:01,F2,19.4,20.00,0.50,0,1,0,1000.0
2026-02-12 13:25:02,F3,26.2,20.00,0.50,0,0,0,1000.0
2026-02-12 13:25:04,F1,23.4,20.00,0.50,0,0,0,1000.0
2026-02-12 13:25:05,F2,19.4,20.00,0.50,0,1,0,1000.0
2026-02-12 13:25:05,F3,26.2,20.00,0.50,0,0,0,1000.0
2026-02-12 13:25:07,F1,23.4,20.00,0.50,0,0,0,1000.0
2026-02-12 13:25:08,F2,19.4,20.00,0.50,0,1,0,1000.0
2026-02-12 13:25:09,F3,26.2,20.00,0.50,0,0,0,1000.0
2026-02-12 13:25:11,F1,23.4,20.00,0.50,0,0,0,1000.0
2026-02-12 13:25:11,F2,19.5,20.00,0.50,0,1,0,1000.0
2026-02-12 13:25:12,F3,26.2,20.00,0.50,0,0,0,1000.0
2026-02-12 13:25:14,F1,23.4,20.00,0.50,0,0,0,1000.0
2026-02-12 13:25:15,F2,19.5,20.00,0.50,0,1,0,1000.0
2026-02-12 13:25:16,F3,26.3,20.00,0.50,0,0,0,1000.0
2026-02-12 13:25:17,F1,23.4,20.00,0.50,0,0,0,1000.0
2026-02-12 13:25:18,F2,19.5,20.00,0.50,0,1,0,1000.0
2026-02-12 13:25:19,F3,26.2,20.00,0.50,0,0,0,1000.0
2026-02-12 13:25:21,F1,23.4,20.00,0.50,0,0,0,1000.0
2026-02-12 13:25:22,F2,19.5,20.00,0.50,0,1,0,1000.0
2026-02-12 13:25:22,F3,26.2,20.00,0.50,0,0,0,1000.0
2026-02-12 13:25:24,F1,23.4,20.00,0.50,0,0,0,1000.0
2026-02-12 13:25:25,F2,19.6,20.00,0.50,0,1,0,1000.0
2026-02-12 13:25:26,F3,26.2,20.00,0.50,0,0,0,1000.0
2026-02-12 13:25:28,F1,23.4,20.00,0.50,0,0,0,1000.0
2026-02-12 13:25:28,F2,19.6,20.00,0.50,0,1,0,1000.0
2026-02-12 13:25:29,F3,26.2,20.00,0.50,0,0,0,1000.0
2026-02-12 13:25:31,F1,23.4,20.00,0.50,0,0,0,1000.0
2026-02-12 13:25:32,F2,19.6,20.00,0.50,0,1,0,1000.0
2026-02-12 13:25:33,F3,26.3,20.00,0.50,0,0,0,1000.0
2026-02-12 13:25:34,F1,23.4,20.00,0.50,0,0,0,1000.0
2026-02-12 13:25:35,F2,19.6,20.00,0.50,0,1,0,1000.0
2026-02-12 13:25:36,F3,26.2,20.00,0.50,0,0,0,1000.0
2026-02-12 13:25:38,F1,23.4,20.00,0.50,0,0,0,1000.0
2026-02-12 13:25:39,F2,19.6,20.00,0.50,0,1,0,1000.0
2026-02-12 13:25:39,F3,26.2,20.00,0.50,0,0,0,1000.0
2026-02-12 13:25:41,F1,23.4,20.00,0.50,0,0,0,1000.0
2026-02-12 13:25:42,F2,19.6,20.00,0.50,0,1,0,1000.0
2026-02-12 13:25:43,F3,26.2,20.00,0.50,0,0,0,1000.0
2026-02-12 13:25:45,F1,23.4,20.00,0.50,0,0,0,1000.0
2026-02-12 13:25:45,F2,19.7,20.00,0.50,0,1,0,1000.0
2026-02-12 13:25:46,F3,26.2,20.00,0.50,0,0,0,1000.0
2026-02-12 13:25:48,F1,23.4,20.00,0.50,0,0,0,1000.0
2026-02-12 13:25:49,F2,19.7,20.00,0.50,0,1,0,1000.0
2026-02-12 13:25:50,F3,26.2,20.00,0.50,0,0,0,1000.0
2026-02-12 13:25:51,F1,23.4,20.00,0.50,0,0,0,1000.0
2026-02-12 13:25:52,F2,19.8,20.00,0.50,0,1,0,1000.0
2026-02-12 13:25:53,F3,26.2,20.00,0.50,0,0,0,1000.0
2026-02-12 13:25:55,F1,23.4,20.00,0.50,0,0,0,1000.0
2026-02-12 13:25:56,F2,19.7,20.00,0.50,0,1,0,1000.0
2026-02-12 13:25:56,F3,26.2,20.00,0.50,0,0,0,1000.0
2026-02-12 13:25:58,F1,23.4,20.00,0.50,0,0,0,1000.0
2026-02-12 13:25:59,F2,19.8,20.00,0.50,0,1,0,1000.0
2026-02-12 13:26:00,F3,26.2,20.00,0.50,0,0,0,1000.0
2026-02-12 13:26:02,F1,23.4,20.00,0.50,0,0,0,1000.0
2026-02-12 13:26:02,F2,19.8,20.00,0.50,0,1,0,1000.0
2026-02-12 13:26:03,F3,26.2,20.00,0.50,0,0,0,1000.0
2026-02-12 13:26:05,F1,23.4,20.00,0.50,0,0,0,1000.0
2026-02-12 13:26:06,F2,19.8,20.00,0.50,0,1,0,1000.0
2026-02-12 13:26:07,F3,26.2,20.00,0.50,0,0,0,1000.0
2026-02-12 13:26:08,F1,23.4,20.00,0.50,0,0,0,1000.0
2026-02-12 13:26:09,F2,19.9,20.00,0.50,0,1,0,1000.0
2026-02-12 13:26:10,F3,26.2,20.00,0.50,0,0,0,1000.0
2026-02-12 13:26:12,F1,23.4,20.00,0.50,0,0,0,1000.0
2026-02-12 13:26:13,F2,19.9,20.00,0.50,0,1,0,1000.0
2026-02-12 13:26:13,F3,26.3,20.00,0.50,0,0,0,1000.0
2026-02-12 13:26:15,F1,23.4,20.00,0.50,0,0,0,1000.0
2026-02-12 13:26:16,F2,19.9,20.00,0.50,0,1,0,1000.0
2026-02-12 13:26:17,F3,26.2,20.00,0.50,0,0,0,1000.0
2026-02-12 13:26:19,F1,23.4,20.00,0.50,0,0,0,1000.0
2026-02-12 13:26:19,F2,19.9,20.00,0.50,0,1,0,1000.0
2026-02-12 13:26:20,F3,26.2,20.00,0.50,0,0,0,1000.0
2026-02-12 13:26:22,F1,23.4,20.00,0.50,0,0,0,1000.0
2026-02-12 13:26:23,F2,19.9,20.00,0.50,0,1,0,1000.0
2026-02-12 13:26:24,F3,26.3,20.00,0.50,0,0,0,1000.0
2026-02-12 13:26:25,F1,23.4,20.00,0.50,0,0,0,1000.0
2026-02-12 13:26:26,F2,20.0,20.00,0.50,0,1,0,1000.0
2026-02-12 13:26:27,F3,26.2,20.00,0.50,0,0,0,1000.0
2026-02-12 13:26:29,F1,23.4,20.00,0.50,0,0,0,1000.0
2026-02-12 13:26:30,F2,20.0,20.00,0.50,0,1,0,1000.0
2026-02-12 13:26:31,F3,26.2,20.00,0.50,0,0,0,1000.0
2026-02-12 13:26:32,F1,23.4,20.00,0.50,0,0,0,1000.0
2026-02-12 13:26:33,F2,20.1,20.00,0.50,0,1,0,1000.0
2026-02-12 13:26:34,F3,26.3,20.00,0.50,0,0,0,1000.0
2026-02-12 13:26:36,F1,23.4,20.00,0.50,0,0,0,1000.0
2026-02-12 13:26:37,F2,20.1,20.00,0.50,0,1,0,1000.0
2026-02-12 13:26:37,F3,26.3,20.00,0.50,0,0,0,1000.0
2026-02-12 13:26:39,F1,23.4,20.00,0.50,0,0,0,1000.0
2026-02-12 13:26:40,F2,20.1,20.00,0.50,0,1,0,1000.0
2026-02-12 13:26:41,F3,26.3,20.00,0.50,0,0,0,1000.0
2026-02-12 13:26:43,F1,23.4,20.00,0.50,0,0,0,1000.0
2026-02-12 13:26:43,F2,20.1,20.00,0.50,0,1,0,1000.0
2026-02-12 13:26:44,F3,26.3,20.00,0.50,0,0,0,1000.0
2026-02-12 13:26:46,F1,23.4,20.00,0.50,0,0,0,1000.0
2026-02-12 13:26:47,F2,20.2,20.00,0.50,0,1,0,1000.0
2026-02-12 13:26:48,F3,26.3,20.00,0.50,0,0,0,1000.0
2026-02-12 13:26:49,F1,23.4,20.00,0.50,0,0,0,1000.0
2026-02-12 13:26:50,F2,20.2,20.00,0.50,0,1,0,1000.0
2026-02-12 13:26:51,F3,26.3,20.00,0.50,0,0,0,1000.0
2026-02-12 13:26:53,F1,23.4,20.00,0.50,0,0,0,1000.0
2026-02-12 13:26:54,F2,20.2,20.00,0.50,0,1,0,1000.0
2026-02-12 13:26:54,F3,26.3,20.00,0.50,0,0,0,1000.0
2026-02-12 13:26:56,F1,23.4,20.00,0.50,0,0,0,1000.0
2026-02-12 13:26:57,F2,20.2,20.00,0.50,0,1,0,1000.0
2026-02-12 13:26:58,F3,26.3,20.00,0.50,0,0,0,1000.0
2026-02-12 13:27:00,F1,23.4,20.00,0.50,0,0,0,1000.0
2026-02-12 13:27:00,F2,20.2,20.00,0.50,0,1,0,1000.0
2026-02-12 13:27:01,F3,26.3,20.00,0.50,0,0,0,1000.0
2026-02-12 13:27:03,F1,23.4,20.00,0.50,0,0,0,1000.0
2026-02-12 13:27:04,F2,20.3,20.00,0.50,0,1,0,1000.0
2026-02-12 13:27:05,F3,26.3,20.00,0.50,0,0,0,1000.0
2026-02-12 13:27:06,F1,23.3,20.00,0.50,0,0,0,1000.0
2026-02-12 13:27:07,F2,20.3,20.00,0.50,0,1,0,1000.0
2026-02-12 13:27:08,F3,26.3,20.00,0.50,0,0,0,1000.0
2026-02-12 13:27:10,F1,23.3,20.00,0.50,0,0,0,1000.0
2026-02-12 13:27:11,F2,20.4,20.00,0.50,0,1,0,1000.0
2026-02-12 13:27:11,F3,26.3,20.00,0.50,0,0,0,1000.0
2026-02-12 13:27:13,F1,23.4,20.00,0.50,0,0,0,1000.0
2026-02-12 13:27:14,F2,20.4,20.00,0.50,0,1,0,1000.0
2026-02-12 13:27:15,F3,26.3,20.00,0.50,0,0,0,1000.0
2026-02-12 13:27:17,F1,23.4,20.00,0.50,0,0,0,1000.0
2026-02-12 13:27:17,F2,20.4,20.00,0.50,0,1,0,1000.0
2026-02-12 13:27:18,F3,26.3,20.00,0.50,0,0,0,1000.0
2026-02-12 13:27:20,F1,23.4,20.00,0.50,0,0,0,1000.0
2026-02-12 13:27:21,F2,20.4,20.00,0.50,0,1,0,1000.0
2026-02-12 13:27:22,F3,26.3,20.00,0.50,0,0,0,1000.0
2026-02-12 13:27:23,F1,23.4,20.00,0.50,0,0,0,1000.0
2026-02-12 13:27:24,F2,20.4,20.00,0.50,0,1,0,1000.0
2026-02-12 13:27:25,F3,26.3,20.00,0.50,0,0,0,1000.0
2026-02-12 13:27:27,F1,23.4,20.00,0.50,0,0,0,1000.0
2026-02-12 13:27:28,F2,20.4,20.00,0.50,0,1,0,1000.0
2026-02-12 13:27:28,F3,26.3,20.00,0.50,0,0,0,1000.0
2026-02-12 13:27:30,F1,23.4,20.00,0.50,0,0,0,1000.0
2026-02-12 13:27:31,F2,20.5,20.00,0.50,1,0,0,1000.0
2026-02-12 13:27:32,F3,26.3,20.00,0.50,0,0,0,1000.0
2026-02-12 13:27:34,F1,23.4,20.00,0.50,0,0,0,1000.0
2026-02-12 13:27:34,F2,20.5,20.00,0.50,1,0,0,1000.0
2026-02-12 13:27:35,F3,26.3,20.00,0.50,0,0,0,1000.0
2026-02-12 13:27:37,F1,23.3,20.00,0.50,0,0,0,1000.0
2026-02-12 13:27:38,F2,20.6,20.00,0.50,1,0,0,1000.0
2026-02-12 13:27:39,F3,26.3,20.00,0.50,0,0,0,1000.0
2026-02-12 13:27:40,F1,23.4,20.00,0.50,0,0,0,1000.0
2026-02-12 13:27:41,F2,20.6,20.00,0.50,1,0,0,1000.0
2026-02-12 13:27:42,F3,26.4,20.00,0.50,0,0,0,1000.0
2026-02-12 13:27:44,F1,23.4,20.00,0.50,0,0,0,1000.0
2026-02-12 13:27:45,F2,20.6,20.00,0.50,1,0,0,1000.0
2026-02-12 13:27:45,F3,26.3,20.00,0.50,0,0,0,1000.0
2026-02-12 13:27:47,F1,23.4,20.00,0.50,0,0,0,1000.0
2026-02-12 13:27:48,F2,20.7,20.00,0.50,1,0,0,1000.0
2026-02-12 13:27:49,F3,26.3,20.00,0.50,0,0,0,1000.0
2026-02-12 13:27:51,F1,23.4,20.00,0.50,0,0,0,1000.0
2026-02-12 13:27:51,F2,20.7,20.00,0.50,1,0,0,1000.0
2026-02-12 13:27:52,F3,26.3,20.00,0.50,0,0,0,1000.0
2026-02-12 13:27:54,F1,23.4,20.00,0.50,0,0,0,1000.0
2026-02-12 13:27:55,F2,20.7,20.00,0.50,1,0,0,1000.0
2026-02-12 13:27:56,F3,26.3,20.00,0.50,0,0,0,1000.0
2026-02-12 13:27:57,F1,23.4,20.00,0.50,0,0,0,1000.0
2026-02-12 13:27:58,F2,20.8,20.00,0.50,1,0,0,1000.0
2026-02-12 13:27:59,F3,26.3,20.00,0.50,0,0,0,1000.0
2026-02-12 13:28:01,F1,23.4,20.00,0.50,0,0,0,1000.0
2026-02-12 13:28:02,F2,20.7,20.00,0.50,1,0,0,1000.0
2026-02-12 13:28:03,F3,26.3,20.00,0.50,0,0,0,1000.0
2026-02-12 13:28:04,F1,23.3,20.00,0.50,0,0,0,1000.0
2026-02-12 13:28:05,F2,20.8,20.00,0.50,1,0,0,1000.0
2026-02-12 13:28:06,F3,26.3,20.00,0.50,0,0,0,1000.0
2026-02-12 13:28:08,F1,23.3,20.00,0.50,0,0,0,1000.0
2026-02-12 13:28:08,F2,20.8,20.00,0.50,1,0,0,1000.0
2026-02-12 13:28:09,F3,26.3,20.00,0.50,0,0,0,1000.0
2026-02-12 13:28:11,F1,23.3,20.00,0.50,0,0,0,1000.0
2026-02-12 13:28:12,F2,20.8,20.00,0.50,1,0,0,1000.0
2026-02-12 13:28:13,F3,26.3,20.00,0.50,0,0,0,1000.0
2026-02-12 13:28:15,F1,23.4,20.00,0.50,0,0,0,1000.0
2026-02-12 13:28:15,F2,20.9,20.00,0.50,1,0,0,1000.0
2026-02-12 13:28:16,F3,26.3,20.00,0.50,0,0,0,1000.0
2026-02-12 13:28:18,F1,23.4,20.00,0.50,0,0,0,1000.0
2026-02-12 13:28:19,F2,20.9,20.00,0.50,1,0,0,1000.0
2026-02-12 13:28:19,F3,26.3,20.00,0.50,0,0,0,1000.0
2026-02-12 13:28:21,F1,23.4,20.00,0.50,0,0,0,1000.0
2026-02-12 13:28:22,F2,20.9,20.00,0.50,1,0,0,1000.0
2026-02-12 13:28:23,F3,26.4,20.00,0.50,0,0,0,1000.0
2026-02-12 13:28:25,F1,23.4,20.00,0.50,0,0,0,1000.0
2026-02-12 13:28:26,F2,20.9,20.00,0.50,1,0,0,1000.0
2026-02-12 13:28:26,F3,26.3,20.00,0.50,0,0,0,1000.0
2026-02-12 13:28:28,F1,23.4,20.00,0.50,0,0,0,1000.0
2026-02-12 13:28:29,F2,20.9,20.00,0.50,1,0,0,1000.0
2026-02-12 13:28:30,F3,26.3,20.00,0.50,0,0,0,1000.0
2026-02-12 13:28:32,F1,23.3,20.00,0.50,0,0,0,1000.0
2026-02-12 13:28:32,F2,20.9,20.00,0.50,1,0,0,1000.0
2026-02-12 13:28:33,F3,26.4,20.00,0.50,0,0,0,1000.0
2026-02-12 13:28:35,F1,23.3,20.00,0.50,0,0,0,1000.0
2026-02-12 13:28:36,F2,20.9,20.00,0.50,1,0,0,1000.0
2026-02-12 13:28:37,F3,26.3,20.00,0.50,0,0,0,1000.0
2026-02-12 13:28:38,F1,23.3,20.00,0.50,0,0,0,1000.0
2026-02-12 13:28:39,F2,20.9,20.00,0.50,1,0,0,1000.0
2026-02-12 13:28:40,F3,26.3,20.00,0.50,0,0,0,1000.0
2026-02-12 13:28:42,F1,23.3,20.00,0.50,0,0,0,1000.0
2026-02-12 13:28:43,F2,20.9,20.00,0.50,1,0,0,1000.0
2026-02-12 13:28:43,F3,26.3,20.00,0.50,0,0,0,1000.0
2026-02-12 13:28:45,F1,23.3,20.00,0.50,0,0,0,1000.0
2026-02-12 13:28:46,F2,20.9,20.00,0.50,1,0,0,1000.0
2026-02-12 13:28:47,F3,26.3,20.00,0.50,0,0,0,1000.0
2026-02-12 13:28:49,F1,23.3,20.00,0.50,0,0,0,1000.0
2026-02-12 13:28:49,F2,20.9,20.00,0.50,1,0,0,1000.0
2026-02-12 13:28:50,F3,26.3,20.00,0.50,0,0,0,1000.0
2026-02-12 13:28:52,F1,23.3,20.00,0.50,0,0,0,1000.0
2026-02-12 13:28:53,F2,20.9,20.00,0.50,1,0,0,1000.0
2026-02-12 13:28:54,F3,26.3,20.00,0.50,0,0,0,1000.0
2026-02-12 13:28:55,F1,23.3,20.00,0.50,0,0,0,1000.0
2026-02-12 13:28:56,F2,20.9,20.00,0.50,1,0,0,1000.0
2026-02-12 13:28:57,F3,26.3,20.00,0.50,0,0,0,1000.0
2026-02-12 13:28:59,F1,23.3,20.00,0.50,0,0,0,1000.0
2026-02-12 13:29:00,F2,20.9,20.00,0.50,1,0,0,1000.0
2026-02-12 13:29:00,F3,26.2,20.00,0.50,0,0,0,1000.0
2026-02-12 13:29:02,F1,23.3,20.00,0.50,0,0,0,1000.0
2026-02-12 13:29:03,F2,20.9,20.00,0.50,1,0,0,1000.0
2026-02-12 13:29:04,F3,26.3,20.00,0.50,0,0,0,1000.0
2026-02-12 13:29:06,F1,23.3,20.00,0.50,0,0,0,1000.0
2026-02-12 13:29:06,F2,20.9,20.00,0.50,1,0,0,1000.0
2026-02-12 13:29:07,F3,26.2,20.00,0.50,0,0,0,1000.0
2026-02-12 13:29:09,F1,23.3,20.00,0.50,0,0,0,1000.0
2026-02-12 13:29:10,F2,20.9,20.00,0.50,1,0,0,1000.0
2026-02-12 13:29:11,F3,26.2,20.00,0.50,0,0,0,1000.0
2026-02-12 13:29:12,F1,23.3,20.00,0.50,0,0,0,1000.0
2026-02-12 13:29:13,F2,20.9,20.00,0.50,1,0,0,1000.0
2026-02-12 13:29:14,F3,26.2,20.00,0.50,0,0,0,1000.0
2026-02-12 13:29:16,F1,23.3,20.00,0.50,0,0,0,1000.0
2026-02-12 13:29:17,F2,20.9,20.00,0.50,1,0,0,1000.0
2026-02-12 13:29:17,F3,26.2,20.00,0.50,0,0,0,1000.0
2026-02-12 13:29:19,F1,23.3,20.00,0.50,0,0,0,1000.0
2026-02-12 13:29:20,F2,20.9,20.00,0.50,1,0,0,1000.0
2026-02-12 13:29:21,F3,26.2,20.00,0.50,0,0,0,1000.0
2026-02-12 13:29:23,F1,23.3,20.00,0.50,0,0,0,1000.0
2026-02-12 13:29:23,F2,20.9,20.00,0.50,1,0,0,1000.0
2026-02-12 13:29:24,F3,26.2,20.00,0.50,0,0,0,1000.0
2026-02-12 13:29:26,F1,23.3,20.00,0.50,0,0,0,1000.0
2026-02-12 13:29:27,F2,20.9,20.00,0.50,1,0,0,1000.0
2026-02-12 13:29:28,F3,26.2,20.00,0.50,0,0,0,1000.0
2026-02-12 13:29:29,F1,23.3,20.00,0.50,0,0,0,1000.0
2026-02-12 13:29:30,F2,20.9,20.00,0.50,1,0,0,1000.0
2026-02-12 13:29:31,F3,26.2,20.00,0.50,0,0,0,1000.0
2026-02-12 13:29:33,F1,23.3,20.00,0.50,0,0,0,1000.0
2026-02-12 13:29:34,F2,20.9,20.00,0.50,1,0,0,1000.0
2026-02-12 13:29:34,F3,26.2,20.00,0.50,0,0,0,1000.0
2026-02-12 13:29:36,F1,23.3,20.00,0.50,0,0,0,1000.0
2026-02-12 13:29:37,F2,20.9,20.00,0.50,1,0,0,1000.0
2026-02-12 13:29:38,F3,26.2,20.00,0.50,0,0,0,1000.0
2026-02-12 13:29:40,F1,23.3,20.00,0.50,0,0,0,1000.0
2026-02-12 13:29:40,F2,20.9,20.00,0.50,1,0,0,1000.0
2026-02-12 13:29:41,F3,26.2,20.00,0.50,0,0,0,1000.0
2026-02-12 13:29:43,F1,23.3,20.00,0.50,0,0,0,1000.0
2026-02-12 13:29:44,F2,20.8,20.00,0.50,1,0,0,1000.0
2026-02-12 13:29:45,F3,26.2,20.00,0.50,0,0,0,1000.0
2026-02-12 13:29:46,F1,23.3,20.00,0.50,0,0,0,1000.0
2026-02-12 13:29:47,F2,20.8,20.00,0.50,1,0,0,1000.0
2026-02-12 13:29:48,F3,26.2,20.00,0.50,0,0,0,1000.0
2026-02-12 13:29:50,F1,23.3,20.00,0.50,0,0,0,1000.0
2026-02-12 13:29:51,F2,20.8,20.00,0.50,1,0,0,1000.0
2026-02-12 13:29:51,F3,26.2,20.00,0.50,0,0,0,1000.0
2026-02-12 13:29:53,F1,23.3,20.00,0.50,0,0,0,1000.0
2026-02-12 13:29:54,F2,20.8,20.00,0.50,1,0,0,1000.0
2026-02-12 13:29:55,F3,26.2,20.00,0.50,0,0,0,1000.0
2026-02-12 13:29:57,F1,23.3,20.00,0.50,0,0,0,1000.0
2026-02-12 13:29:57,F2,20.8,20.00,0.50,1,0,0,1000.0
2026-02-12 13:29:58,F3,26.2,20.00,0.50,0,0,0,1000.0
2026-02-12 13:30:00,F1,23.3,20.00,0.50,0,0,0,1000.0
2026-02-12 13:30:01,F2,20.8,20.00,0.50,1,0,0,1000.0
2026-02-12 13:30:02,F3,26.2,20.00,0.50,0,0,0,1000.0
2026-02-12 13:30:03,F1,23.3,20.00,0.50,0,0,0,1000.0
2026-02-12 13:30:04,F2,20.8,20.00,0.50,1,0,0,1000.0
2026-02-12 13:30:05,F3,26.2,20.00,0.50,0,0,0,1000.0
2026-02-12 13:30:07,F1,23.3,20.00,0.50,0,0,0,1000.0
2026-02-12 13:30:08,F2,20.7,20.00,0.50,1,0,0,1000.0
2026-02-12 13:30:08,F3,26.2,20.00,0.50,0,0,0,1000.0
2026-02-12 13:30:10,F1,23.3,20.00,0.50,0,0,0,1000.0
2026-02-12 13:30:11,F2,20.7,20.00,0.50,1,0,0,1000.0
2026-02-12 13:30:12,F3,26.2,20.00,0.50,0,0,0,1000.0
2026-02-12 13:30:14,F1,23.3,20.00,0.50,0,0,0,1000.0
2026-02-12 13:30:14,F2,20.7,20.00,0.50,1,0,0,1000.0
2026-02-12 13:30:15,F3,26.2,20.00,0.50,0,0,0,1000.0
2026-02-12 13:30:17,F1,23.3,20.00,0.50,0,0,0,1000.0
2026-02-12 13:30:18,F2,20.7,20.00,0.50,1,0,0,1000.0
2026-02-12 13:30:19,F3,26.2,20.00,0.50,0,0,0,1000.0
2026-02-12 13:30:20,F1,23.4,20.00,0.50,0,0,0,1000.0
2026-02-12 13:30:21,F2,20.6,20.00,0.50,1,0,0,1000.0
2026-02-12 13:30:22,F3,26.2,20.00,0.50,0,0,0,1000.0
2026-02-12 13:30:24,F1,23.4,20.00,0.50,0,0,0,1000.0
2026-02-12 13:30:25,F2,20.7,20.00,0.50,1,0,0,1000.0
2026-02-12 13:30:25,F3,26.2,20.00,0.50,0,0,0,1000.0
2026-02-12 13:30:27,F1,23.3,20.00,0.50,0,0,0,1000.0
2026-02-12 13:30:28,F2,20.6,20.00,0.50,1,0,0,1000.0
2026-02-12 13:30:29,F3,26.2,20.00,0.50,0,0,0,1000.0
2026-02-12 13:30:31,F1,23.3,20.00,0.50,0,0,0,1000.0
2026-02-12 13:30:31,F2,20.6,20.00,0.50,1,0,0,1000.0
2026-02-12 13:30:32,F3,26.2,20.00,0.50,0,0,0,1000.0
2026-02-12 13:30:34,F1,23.3,20.00,0.50,0,0,0,1000.0
2026-02-12 13:30:35,F2,20.6,20.00,0.50,1,0,0,1000.0
2026-02-12 13:30:36,F3,26.2,20.00,0.50,0,0,0,1000.0
2026-02-12 13:30:37,F1,23.3,20.00,0.50,0,0,0,1000.0
2026-02-12 13:30:38,F2,20.6,20.00,0.50,1,0,0,1000.0
2026-02-12 13:30:39,F3,26.2,20.00,0.50,0,0,0,1000.0
2026-02-12 13:30:41,F1,23.3,20.00,0.50,0,0,0,1000.0
2026-02-12 13:30:42,F2,20.6,20.00,0.50,1,0,0,1000.0
2026-02-12 13:30:42,F3,26.2,20.00,0.50,0,0,0,1000.0
2026-02-12 13:30:44,F1,23.3,20.00,0.50,0,0,0,1000.0
2026-02-12 13:30:45,F2,20.6,20.00,0.50,1,0,0,1000.0
2026-02-12 13:30:46,F3,26.2,20.00,0.50,0,0,0,1000.0
2026-02-12 13:30:48,F1,23.3,20.00,0.50,0,0,0,1000.0
2026-02-12 13:30:48,F2,20.6,20.00,0.50,1,0,0,1000.0
2026-02-12 13:30:49,F3,26.2,20.00,0.50,0,0,0,1000.0
2026-02-12 13:30:51,F1,23.3,20.00,0.50,0,0,0,1000.0
2026-02-12 13:30:52,F2,20.6,20.00,0.50,1,0,0,1000.0
2026-02-12 13:30:53,F3,26.2,20.00,0.50,0,0,0,1000.0
2026-02-12 13:30:55,F1,23.3,20.00,0.50,0,0,0,1000.0
2026-02-12 13:30:55,F2,20.6,20.00,0.50,1,0,0,1000.0
2026-02-12 13:30:56,F3,26.2,20.00,0.50,0,0,0,1000.0
2026-02-12 13:30:58,F1,23.4,20.00,0.50,0,0,0,1000.0
2026-02-12 13:30:59,F2,20.5,20.00,0.50,1,0,0,1000.0
2026-02-12 13:30:59,F3,26.2,20.00,0.50,0,0,0,1000.0
2026-02-12 13:31:01,F1,23.3,20.00,0.50,0,0,0,1000.0
2026-02-12 13:31:02,F2,20.5,20.00,0.50,1,0,0,1000.0
2026-02-12 13:31:03,F3,26.2,20.00,0.50,0,0,0,1000.0
2026-02-12 13:31:05,F1,23.4,20.00,0.50,0,0,0,1000.0
2026-02-12 13:31:06,F2,20.4,20.00,0.50,1,0,0,1000.0
2026-02-12 13:31:06,F3,26.2,20.00,0.50,0,0,0,1000.0
2026-02-12 13:31:08,F1,23.4,20.00,0.50,0,0,0,1000.0
2026-02-12 13:31:09,F2,20.4,20.00,0.50,1,0,0,1000.0
2026-02-12 13:31:10,F3,26.2,20.00,0.50,0,0,0,1000.0
2026-02-12 13:31:11,F1,23.4,20.00,0.50,0,0,0,1000.0
2026-02-12 13:31:12,F2,20.4,20.00,0.50,1,0,0,1000.0
2026-02-12 13:31:13,F3,26.2,20.00,0.50,0,0,0,1000.0
2026-02-12 13:31:15,F1,23.4,20.00,0.50,0,0,0,1000.0
2026-02-12 13:31:16,F2,20.4,20.00,0.50,1,0,0,1000.0
2026-02-12 13:31:17,F3,26.2,20.00,0.50,0,0,0,1000.0
2026-02-12 13:31:18,F1,23.4,20.00,0.50,0,0,0,1000.0
2026-02-12 13:31:19,F2,20.4,20.00,0.50,1,0,0,1000.0
2026-02-12 13:31:20,F3,26.2,20.00,0.50,0,0,0,1000.0
2026-02-12 13:31:22,F1,23.4,20.00,0.50,0,0,0,1000.0
2026-02-12 13:31:23,F2,20.4,20.00,0.50,1,0,0,1000.0
2026-02-12 13:31:23,F3,26.2,20.00,0.50,0,0,0,1000.0
2026-02-12 13:31:25,F1,23.4,20.00,0.50,0,0,0,1000.0
2026-02-12 13:31:26,F2,20.4,20.00,0.50,1,0,0,1000.0
2026-02-12 13:31:27,F3,26.2,20.00,0.50,0,0,0,1000.0
2026-02-12 13:31:29,F1,23.4,20.00,0.50,0,0,0,1000.0
2026-02-12 13:31:29,F2,20.4,20.00,0.50,1,0,0,1000.0
2026-02-12 13:31:30,F3,26.1,20.00,0.50,0,0,0,1000.0
2026-02-12 13:31:32,F1,23.4,20.00,0.50,0,0,0,1000.0
2026-02-12 13:31:33,F2,20.3,20.00,0.50,1,0,0,1000.0
2026-02-12 13:31:34,F3,26.2,20.00,0.50,0,0,0,1000.0
2026-02-12 13:31:35,F1,23.4,20.00,0.50,0,0,0,1000.0
2026-02-12 13:31:36,F2,20.3,20.00,0.50,1,0,0,1000.0
2026-02-12 13:31:37,F3,26.2,20.00,0.50,0,0,0,1000.0
2026-02-12 13:31:39,F1,23.4,20.00,0.50,0,0,0,1000.0
2026-02-12 13:31:40,F2,20.3,20.00,0.50,1,0,0,1000.0
2026-02-12 13:31:40,F3,26.2,20.00,0.50,0,0,0,1000.0
2026-02-12 13:31:42,F1,23.4,20.00,0.50,0,0,0,1000.0
2026-02-12 13:31:43,F2,20.3,20.00,0.50,1,0,0,1000.0
2026-02-12 13:31:44,F3,26.1,20.00,0.50,0,0,0,1000.0
2026-02-12 13:31:46,F1,23.4,20.00,0.50,0,0,0,1000.0
2026-02-12 13:31:46,F2,20.3,20.00,0.50,1,0,0,1000.0
2026-02-12 13:31:47,F3,26.2,20.00,0.50,0,0,0,1000.0
2026-02-12 13:31:49,F1,23.4,20.00,0.50,0,0,0,1000.0
2026-02-12 13:31:50,F2,20.2,20.00,0.50,1,0,0,1000.0
2026-02-12 13:31:51,F3,26.1,20.00,0.50,0,0,0,1000.0
2026-02-12 13:31:52,F1,23.4,20.00,0.50,0,0,0,1000.0
2026-02-12 13:31:53,F2,20.2,20.00,0.50,1,0,0,1000.0
2026-02-12 13:31:54,F3,26.1,20.00,0.50,0,0,0,1000.0
2026-02-12 13:31:56,F1,23.5,20.00,0.50,0,0,0,1000.0
2026-02-12 13:31:57,F2,20.2,20.00,0.50,1,0,0,1000.0
2026-02-12 13:31:57,F3,26.1,20.00,0.50,0,0,0,1000.0
2026-02-12 13:31:59,F1,23.4,20.00,0.50,0,0,0,1000.0
2026-02-12 13:32:00,F2,20.2,20.00,0.50,1,0,0,1000.0
2026-02-12 13:32:01,F3,26.1,20.00,0.50,0,0,0,1000.0
2026-02-12 13:32:03,F1,23.4,20.00,0.50,0,0,0,1000.0
2026-02-12 13:32:03,F2,20.2,20.00,0.50,1,0,0,1000.0
2026-02-12 13:32:04,F3,26.2,20.00,0.50,0,0,0,1000.0
2026-02-12 13:32:06,F1,23.4,20.00,0.50,0,0,0,1000.0
2026-02-12 13:32:07,F2,20.2,20.00,0.50,1,0,0,1000.0
2026-02-12 13:32:08,F3,26.1,20.00,0.50,0,0,0,1000.0
2026-02-12 13:32:09,F1,23.4,20.00,0.50,0,0,0,1000.0
2026-02-12 13:32:10,F2,20.2,20.00,0.50,1,0,0,1000.0
2026-02-12 13:32:11,F3,26.2,20.00,0.50,0,0,0,1000.0
2026-02-12 13:32:13,F1,23.4,20.00,0.50,0,0,0,1000.0
2026-02-12 13:32:14,F2,20.2,20.00,0.50,1,0,0,1000.0
2026-02-12 13:32:14,F3,26.2,20.00,0.50,0,0,0,1000.0
2026-02-12 13:32:16,F1,23.4,20.00,0.50,0,0,0,1000.0
2026-02-12 13:32:17,F2,20.2,20.00,0.50,1,0,0,1000.0
2026-02-12 13:32:18,F3,26.2,20.00,0.50,0,0,0,1000.0
2026-02-12 13:32:20,F1,23.4,20.00,0.50,0,0,0,1000.0
2026-02-12 13:32:20,F2,20.1,20.00,0.50,1,0,0,1000.0
2026-02-12 13:32:21,F3,26.2,20.00,0.50,0,0,0,1000.0
2026-02-12 13:32:23,F1,23.4,20.00,0.50,0,0,0,1000.0
2026-02-12 13:32:24,F2,20.1,20.00,0.50,1,0,0,1000.0
2026-02-12 13:32:25,F3,26.2,20.00,0.50,0,0,0,1000.0
2026-02-12 13:32:27,F1,23.4,20.00,0.50,0,0,0,1000.0
2026-02-12 13:32:27,F2,20.1,20.00,0.50,1,0,0,1000.0
2026-02-12 13:32:28,F3,26.2,20.00,0.50,0,0,0,1000.0
2026-02-12 13:32:30,F1,23.4,20.00,0.50,0,0,0,1000.0
2026-02-12 13:32:31,F2,20.1,20.00,0.50,1,0,0,1000.0
2026-02-12 13:32:32,F3,26.2,20.00,0.50,0,0,0,1000.0
2026-02-12 13:32:33,F1,23.4,20.00,0.50,0,0,0,1000.0
2026-02-12 13:32:34,F2,20.1,20.00,0.50,1,0,0,1000.0
2026-02-12 13:32:35,F3,26.2,20.00,0.50,0,0,0,1000.0
2026-02-12 13:32:37,F1,23.4,20.00,0.50,0,0,0,1000.0
2026-02-12 13:32:38,F2,20.1,20.00,0.50,1,0,0,1000.0
2026-02-12 13:32:38,F3,26.2,20.00,0.50,0,0,0,1000.0
2026-02-12 13:32:40,F1,23.4,20.00,0.50,0,0,0,1000.0
2026-02-12 13:32:41,F2,20.1,20.00,0.50,1,0,0,1000.0
2026-02-12 13:32:42,F3,26.2,20.00,0.50,0,0,0,1000.0
2026-02-12 13:32:44,F1,23.4,20.00,0.50,0,0,0,1000.0
2026-02-12 13:32:44,F2,20.1,20.00,0.50,1,0,0,1000.0
2026-02-12 13:32:45,F3,26.2,20.00,0.50,0,0,0,1000.0
2026-02-12 13:32:47,F1,23.4,20.00,0.50,0,0,0,1000.0
2026-02-12 13:32:48,F2,20.0,20.00,0.50,1,0,0,1000.0
2026-02-12 13:32:49,F3,26.2,20.00,0.50,0,0,0,1000.0
2026-02-12 13:32:50,F1,23.4,20.00,0.50,0,0,0,1000.0
2026-02-12 13:32:51,F2,20.0,20.00,0.50,1,0,0,1000.0
2026-02-12 13:32:52,F3,26.1,20.00,0.50,0,0,0,1000.0
2026-02-12 13:32:54,F1,23.4,20.00,0.50,0,0,0,1000.0
2026-02-12 13:32:55,F2,20.0,20.00,0.50,1,0,0,1000.0
2026-02-12 13:32:55,F3,26.1,20.00,0.50,0,0,0,1000.0
2026-02-12 13:32:57,F1,23.4,20.00,0.50,0,0,0,1000.0
2026-02-12 13:32:58,F2,20.0,20.00,0.50,1,0,0,1000.0
2026-02-12 13:32:59,F3,26.1,20.00,0.50,0,0,0,1000.0
2026-02-12 13:33:01,F1,23.5,20.00,0.50,0,0,0,1000.0
2026-02-12 13:33:01,F2,19.9,20.00,0.50,1,0,0,1000.0
2026-02-12 13:33:02,F3,26.1,20.00,0.50,0,0,0,1000.0
2026-02-12 13:33:04,F1,23.5,20.00,0.50,0,0,0,1000.0
2026-02-12 13:33:05,F2,19.9,20.00,0.50,1,0,0,1000.0
2026-02-12 13:33:06,F3,26.1,20.00,0.50,0,0,0,1000.0
2026-02-12 13:33:07,F1,23.5,20.00,0.50,0,0,0,1000.0
2026-02-12 13:33:08,F2,19.9,20.00,0.50,1,0,0,1000.0
2026-02-12 13:33:09,F3,26.2,20.00,0.50,0,0,0,1000.0
2026-02-12 13:33:11,F1,23.5,20.00,0.50,0,0,0,1000.0
2026-02-12 13:33:12,F2,19.9,20.00,0.50,1,0,0,1000.0
2026-02-12 13:33:12,F3,26.2,20.00,0.50,0,0,0,1000.0
2026-02-12 13:33:14,F1,23.5,20.00,0.50,0,0,0,1000.0
2026-02-12 13:33:15,F2,19.9,20.00,0.50,1,0,0,1000.0
2026-02-12 13:33:16,F3,26.1,20.00,0.50,0,0,0,1000.0
2026-02-12 13:33:18,F1,23.6,20.00,0.50,0,0,0,1000.0
2026-02-12 13:33:18,F2,19.9,20.00,0.50,1,0,0,1000.0
2026-02-12 13:33:19,F3,26.1,20.00,0.50,0,0,0,1000.0
2026-02-12 13:33:21,F1,23.6,20.00,0.50,0,0,0,1000.0
2026-02-12 13:33:22,F2,19.9,20.00,0.50,1,0,0,1000.0
2026-02-12 13:33:23,F3,26.2,20.00,0.50,0,0,0,1000.0
2026-02-12 13:33:24,F1,23.6,20.00,0.50,0,0,0,1000.0
2026-02-12 13:33:25,F2,19.9,20.00,0.50,1,0,0,1000.0
2026-02-12 13:33:26,F3,26.2,20.00,0.50,0,0,0,1000.0
2026-02-12 13:33:28,F1,23.6,20.00,0.50,0,0,0,1000.0
2026-02-12 13:33:29,F2,19.9,20.00,0.50,1,0,0,1000.0
2026-02-12 13:33:29,F3,26.2,20.00,0.50,0,0,0,1000.0
2026-02-12 13:33:31,F1,23.6,20.00,0.50,0,0,0,1000.0
2026-02-12 13:33:32,F2,19.9,20.00,0.50,1,0,0,1000.0
2026-02-12 13:33:33,F3,26.2,20.00,0.50,0,0,0,1000.0
2026-02-12 13:33:35,F1,23.6,20.00,0.50,0,0,0,1000.0
2026-02-12 13:33:35,F2,19.8,20.00,0.50,1,0,0,1000.0
2026-02-12 13:33:36,F3,26.2,20.00,0.50,0,0,0,1000.0
2026-02-12 13:33:38,F1,23.6,20.00,0.50,0,0,0,1000.0
2026-02-12 13:33:39,F2,19.8,20.00,0.50,1,0,0,1000.0
2026-02-12 13:33:40,F3,26.2,20.00,0.50,0,0,0,1000.0
2026-02-12 13:33:41,F1,23.6,20.00,0.50,0,0,0,1000.0
2026-02-12 13:33:42,F2,19.8,20.00,0.50,1,0,0,1000.0
2026-02-12 13:33:43,F3,26.2,20.00,0.50,0,0,0,1000.0
2026-02-12 13:33:45,F1,23.6,20.00,0.50,0,0,0,1000.0
2026-02-12 13:33:46,F2,19.8,20.00,0.50,1,0,0,1000.0
2026-02-12 13:33:46,F3,26.2,20.00,0.50,0,0,0,1000.0
2026-02-12 13:33:48,F1,23.5,20.00,0.50,0,0,0,1000.0
2026-02-12 13:33:49,F2,19.8,20.00,0.50,1,0,0,1000.0
2026-02-12 13:33:50,F3,26.2,20.00,0.50,0,0,0,1000.0
2026-02-12 13:33:52,F1,23.6,20.00,0.50,0,0,0,1000.0
2026-02-12 13:33:52,F2,19.8,20.00,0.50,1,0,0,1000.0
2026-02-12 13:33:53,F3,26.2,20.00,0.50,0,0,0,1000.0
2026-02-12 13:33:55,F1,23.6,20.00,0.50,0,0,0,1000.0
2026-02-12 13:33:56,F2,19.8,20.00,0.50,1,0,0,1000.0
2026-02-12 13:33:57,F3,26.2,20.00,0.50,0,0,0,1000.0
2026-02-12 13:33:59,F1,23.5,20.00,0.50,0,0,0,1000.0
2026-02-12 13:33:59,F2,19.8,20.00,0.50,1,0,0,1000.0
2026-02-12 13:34:00,F3,26.2,20.00,0.50,0,0,0,1000.0
2026-02-12 13:34:02,F1,23.6,20.00,0.50,0,0,0,1000.0
2026-02-12 13:34:03,F2,19.8,20.00,0.50,1,0,0,1000.0
2026-02-12 13:34:03,F3,26.2,20.00,0.50,0,0,0,1000.0
2026-02-12 13:34:05,F1,23.6,20.00,0.50,0,0,0,1000.0
2026-02-12 13:34:06,F2,19.8,20.00,0.50,1,0,0,1000.0
2026-02-12 13:34:07,F3,26.2,20.00,0.50,0,0,0,1000.0
2026-02-12 13:34:09,F1,23.5,20.00,0.50,0,0,0,1000.0
2026-02-12 13:34:10,F2,19.7,20.00,0.50,1,0,0,1000.0
2026-02-12 13:34:10,F3,26.2,20.00,0.50,0,0,0,1000.0
2026-02-12 13:34:12,F1,23.5,20.00,0.50,0,0,0,1000.0
2026-02-12 13:34:13,F2,19.7,20.00,0.50,1,0,0,1000.0
2026-02-12 13:34:14,F3,26.2,20.00,0.50,0,0,0,1000.0
2026-02-12 13:34:15,F1,23.5,20.00,0.50,0,0,0,1000.0
2026-02-12 13:34:16,F2,19.8,20.00,0.50,1,0,0,1000.0
2026-02-12 13:34:17,F3,26.2,20.00,0.50,0,0,0,1000.0
2026-02-12 13:34:19,F1,23.5,20.00,0.50,0,0,0,1000.0
2026-02-12 13:34:20,F2,19.7,20.00,0.50,1,0,0,1000.0
2026-02-12 13:34:21,F3,26.2,20.00,0.50,0,0,0,1000.0
2026-02-12 13:34:22,F1,23.5,20.00,0.50,0,0,0,1000.0
2026-02-12 13:34:23,F2,19.7,20.00,0.50,1,0,0,1000.0
2026-02-12 13:34:24,F3,26.2,20.00,0.50,0,0,0,1000.0
2026-02-12 13:34:26,F1,23.5,20.00,0.50,0,0,0,1000.0
2026-02-12 13:34:27,F2,19.7,20.00,0.50,1,0,0,1000.0
2026-02-12 13:34:27,F3,26.2,20.00,0.50,0,0,0,1000.0
2026-02-12 13:34:29,F1,23.5,20.00,0.50,0,0,0,1000.0
2026-02-12 13:34:30,F2,19.6,20.00,0.50,1,0,0,1000.0
2026-02-12 13:34:31,F3,26.2,20.00,0.50,0,0,0,1000.0
2026-02-12 13:34:33,F1,23.5,20.00,0.50,0,0,0,1000.0
2026-02-12 13:34:33,F2,19.6,20.00,0.50,1,0,0,1000.0
2026-02-12 13:34:34,F3,26.2,20.00,0.50,0,0,0,1000.0
2026-02-12 13:34:36,F1,23.5,20.00,0.50,0,0,0,1000.0
2026-02-12 13:34:37,F2,19.6,20.00,0.50,1,0,0,1000.0
2026-02-12 13:34:38,F3,26.2,20.00,0.50,0,0,0,1000.0
2026-02-12 13:34:39,F1,23.5,20.00,0.50,0,0,0,1000.0
2026-02-12 13:34:40,F2,19.6,20.00,0.50,1,0,0,1000.0
2026-02-12 13:34:41,F3,26.2,20.00,0.50,0,0,0,1000.0
2026-02-12 13:34:43,F1,23.5,20.00,0.50,0,0,0,1000.0
2026-02-12 13:34:44,F2,19.6,20.00,0.50,1,0,0,1000.0
2026-02-12 13:34:44,F3,26.2,20.00,0.50,0,0,0,1000.0
2026-02-12 13:34:46,F1,23.5,20.00,0.50,0,0,0,1000.0
2026-02-12 13:34:47,F2,19.6,20.00,0.50,1,0,0,1000.0
2026-02-12 13:34:48,F3,26.2,20.00,0.50,0,0,0,1000.0
2026-02-12 13:34:50,F1,23.5,20.00,0.50,0,0,0,1000.0
2026-02-12 13:34:50,F2,19.6,20.00,0.50,1,0,0,1000.0
2026-02-12 13:34:51,F3,26.2,20.00,0.50,0,0,0,1000.0
2026-02-12 13:34:53,F1,23.5,20.00,0.50,0,0,0,1000.0
2026-02-12 13:34:54,F2,19.6,20.00,0.50,1,0,0,1000.0
2026-02-12 13:34:55,F3,26.2,20.00,0.50,0,0,0,1000.0
2026-02-12 13:34:56,F1,23.5,20.00,0.50,0,0,0,1000.0
2026-02-12 13:34:57,F2,19.6,20.00,0.50,1,0,0,1000.0
2026-02-12 13:34:58,F3,26.2,20.00,0.50,0,0,0,1000.0
2026-02-12 13:35:00,F1,23.5,20.00,0.50,0,0,0,1000.0
2026-02-12 13:35:01,F2,19.6,20.00,0.50,1,0,0,1000.0
2026-02-12 13:35:01,F3,26.2,20.00,0.50,0,0,0,1000.0
2026-02-12 13:35:03,F1,23.5,20.00,0.50,0,0,0,1000.0
2026-02-12 13:35:04,F2,19.5,20.00,0.50,0,1,0,1000.0
2026-02-12 13:35:05,F3,26.2,20.00,0.50,0,0,0,1000.0
2026-02-12 13:35:07,F1,23.4,20.00,0.50,0,0,0,1000.0
2026-02-12 13:35:07,F2,19.5,20.00,0.50,0,1,0,1000.0
2026-02-12 13:35:08,F3,26.2,20.00,0.50,0,0,0,1000.0
2026-02-12 13:35:10,F1,23.4,20.00,0.50,0,0,0,1000.0
2026-02-12 13:35:11,F2,19.5,20.00,0.50,0,1,0,1000.0
2026-02-12 13:35:12,F3,26.2,20.00,0.50,0,0,0,1000.0
2026-02-12 13:35:13,F1,23.5,20.00,0.50,0,0,0,1000.0
2026-02-12 13:35:14,F2,19.5,20.00,0.50,0,1,0,1000.0
2026-02-12 13:35:15,F3,26.2,20.00,0.50,0,0,0,1000.0
2026-02-12 13:35:17,F1,23.5,20.00,0.50,0,0,0,1000.0
2026-02-12 13:35:18,F2,19.5,20.00,0.50,0,1,0,1000.0
2026-02-12 13:35:18,F3,26.2,20.00,0.50,0,0,0,1000.0
2026-02-12 13:35:20,F1,23.5,20.00,0.50,0,0,0,1000.0
2026-02-12 13:35:21,F2,19.4,20.00,0.50,0,1,0,1000.0
2026-02-12 13:35:22,F3,26.2,20.00,0.50,0,0,0,1000.0
2026-02-12 13:35:24,F1,23.4,20.00,0.50,0,0,0,1000.0
2026-02-12 13:35:24,F2,19.4,20.00,0.50,0,1,0,1000.0
2026-02-12 13:35:25,F3,26.3,20.00,0.50,0,0,0,1000.0
2026-02-12 13:35:27,F1,23.5,20.00,0.50,0,0,0,1000.0
2026-02-12 13:35:28,F2,19.4,20.00,0.50,0,1,0,1000.0
2026-02-12 13:35:29,F3,26.3,20.00,0.50,0,0,0,1000.0
2026-02-12 13:35:30,F1,23.5,20.00,0.50,0,0,0,1000.0
2026-02-12 13:35:31,F2,19.4,20.00,0.50,0,1,0,1000.0
2026-02-12 13:35:32,F3,26.2,20.00,0.50,0,0,0,1000.0
2026-02-12 13:35:34,F1,23.5,20.00,0.50,0,0,0,1000.0
2026-02-12 13:35:35,F2,19.4,20.00,0.50,0,1,0,1000.0
2026-02-12 13:35:35,F3,26.2,20.00,0.50,0,0,0,1000.0
2026-02-12 13:35:37,F1,23.5,20.00,0.50,0,0,0,1000.0
2026-02-12 13:35:38,F2,19.4,20.00,0.50,0,1,0,1000.0
2026-02-12 13:35:39,F3,26.3,20.00,0.50,0,0,0,1000.0
2026-02-12 13:35:41,F1,23.5,20.00,0.50,0,0,0,1000.0
2026-02-12 13:35:41,F2,19.4,20.00,0.50,0,1,0,1000.0
2026-02-12 13:35:42,F3,26.2,20.00,0.50,0,0,0,1000.0
2026-02-12 13:35:44,F1,23.5,20.00,0.50,0,0,0,1000.0
2026-02-12 13:35:45,F2,19.4,20.00,0.50,0,1,0,1000.0
2026-02-12 13:35:46,F3,26.3,20.00,0.50,0,0,0,1000.0
2026-02-12 13:35:47,F1,23.5,20.00,0.50,0,0,0,1000.0
2026-02-12 13:35:48,F2,19.4,20.00,0.50,0,1,0,1000.0
2026-02-12 13:35:49,F3,26.3,20.00,0.50,0,0,0,1000.0
2026-02-12 13:35:51,F1,23.5,20.00,0.50,0,0,0,1000.0
2026-02-12 13:35:52,F2,19.4,20.00,0.50,0,1,0,1000.0
2026-02-12 13:35:52,F3,26.3,20.00,0.50,0,0,0,1000.0
2026-02-12 13:35:54,F1,23.5,20.00,0.50,0,0,0,1000.0
2026-02-12 13:35:55,F2,19.3,20.00,0.50,0,1,0,1000.0
2026-02-12 13:35:56,F3,26.3,20.00,0.50,0,0,0,1000.0
2026-02-12 13:35:58,F1,23.5,20.00,0.50,0,0,0,1000.0
2026-02-12 13:35:58,F2,19.4,20.00,0.50,0,1,0,1000.0
2026-02-12 13:35:59,F3,26.3,20.00,0.50,0,0,0,1000.0
2026-02-12 13:36:01,F1,23.5,20.00,0.50,0,0,0,1000.0
2026-02-12 13:36:02,F2,19.4,20.00,0.50,0,1,0,1000.0
2026-02-12 13:36:03,F3,26.3,20.00,0.50,0,0,0,1000.0
2026-02-12 13:36:04,F1,23.5,20.00,0.50,0,0,0,1000.0
2026-02-12 13:36:05,F2,19.4,20.00,0.50,0,1,0,1000.0
2026-02-12 13:36:06,F3,26.4,20.00,0.50,0,0,0,1000.0
2026-02-12 13:36:08,F1,23.5,20.00,0.50,0,0,0,1000.0
2026-02-12 13:36:09,F2,19.4,20.00,0.50,0,1,0,1000.0
2026-02-12 13:36:09,F3,26.3,20.00,0.50,0,0,0,1000.0
2026-02-12 13:36:11,F1,23.5,20.00,0.50,0,0,0,1000.0
2026-02-12 13:36:12,F2,19.4,20.00,0.50,0,1,0,1000.0
2026-02-12 13:36:13,F3,26.3,20.00,0.50,0,0,0,1000.0
2026-02-12 13:36:15,F1,23.5,20.00,0.50,0,0,0,1000.0
2026-02-12 13:36:15,F2,19.4,20.00,0.50,0,1,0,1000.0
2026-02-12 13:36:16,F3,26.3,20.00,0.50,0,0,0,1000.0
2026-02-12 13:36:18,F1,23.5,20.00,0.50,0,0,0,1000.0
2026-02-12 13:36:19,F2,19.4,20.00,0.50,0,1,0,1000.0
2026-02-12 13:36:20,F3,26.4,20.00,0.50,0,0,0,1000.0
2026-02-12 13:36:21,F1,23.5,20.00,0.50,0,0,0,1000.0
2026-02-12 13:36:22,F2,19.4,20.00,0.50,0,1,0,1000.0
2026-02-12 13:36:23,F3,26.4,20.00,0.50,0,0,0,1000.0
2026-02-12 13:36:25,F1,23.5,20.00,0.50,0,0,0,1000.0
2026-02-12 13:36:26,F2,19.4,20.00,0.50,0,1,0,1000.0
2026-02-12 13:36:26,F3,26.3,20.00,0.50,0,0,0,1000.0
2026-02-12 13:36:28,F1,23.5,20.00,0.50,0,0,0,1000.0
2026-02-12 13:36:29,F2,19.5,20.00,0.50,0,1,0,1000.0
2026-02-12 13:36:30,F3,26.4,20.00,0.50,0,0,0,1000.0
2026-02-12 13:36:32,F1,23.5,20.00,0.50,0,0,0,1000.0
2026-02-12 13:36:32,F2,19.5,20.00,0.50,0,1,0,1000.0
2026-02-12 13:36:33,F3,26.3,20.00,0.50,0,0,0,1000.0
2026-02-12 13:36:35,F1,23.5,20.00,0.50,0,0,0,1000.0
2026-02-12 13:36:36,F2,19.5,20.00,0.50,0,1,0,1000.0
2026-02-12 13:36:37,F3,26.3,20.00,0.50,0,0,0,1000.0
2026-02-12 13:36:38,F1,23.5,20.00,0.50,0,0,0,1000.0
2026-02-12 13:36:39,F2,19.5,20.00,0.50,0,1,0,1000.0
2026-02-12 13:36:40,F3,26.4,20.00,0.50,0,0,0,1000.0
2026-02-12 13:36:42,F1,23.5,20.00,0.50,0,0,0,1000.0
2026-02-12 13:36:43,F2,19.6,20.00,0.50,0,1,0,1000.0
2026-02-12 13:36:43,F3,26.4,20.00,0.50,0,0,0,1000.0
2026-02-12 13:36:45,F1,23.5,20.00,0.50,0,0,0,1000.0
2026-02-12 13:36:46,F2,19.5,20.00,0.50,0,1,0,1000.0
2026-02-12 13:36:47,F3,26.3,20.00,0.50,0,0,0,1000.0
2026-02-12 13:36:49,F1,23.5,20.00,0.50,0,0,0,1000.0
2026-02-12 13:36:49,F2,19.6,20.00,0.50,0,1,0,1000.0
2026-02-12 13:36:50,F3,26.4,20.00,0.50,0,0,0,1000.0
2026-02-12 13:36:52,F1,23.4,20.00,0.50,0,0,0,1000.0
2026-02-12 13:36:53,F2,19.6,20.00,0.50,0,1,0,1000.0
2026-02-12 13:36:54,F3,26.4,20.00,0.50,0,0,0,1000.0
2026-02-12 13:36:55,F1,23.5,20.00,0.50,0,0,0,1000.0
2026-02-12 13:36:56,F2,19.6,20.00,0.50,0,1,0,1000.0
2026-02-12 13:36:57,F3,26.4,20.00,0.50,0,0,0,1000.0
2026-02-12 13:36:59,F1,23.4,20.00,0.50,0,0,0,1000.0
2026-02-12 13:37:00,F2,19.6,20.00,0.50,0,1,0,1000.0
2026-02-12 13:37:00,F3,26.4,20.00,0.50,0,0,0,1000.0
2026-02-12 13:37:02,F1,23.4,20.00,0.50,0,0,0,1000.0
2026-02-12 13:37:03,F2,19.7,20.00,0.50,0,1,0,1000.0
2026-02-12 13:37:04,F3,26.4,20.00,0.50,0,0,0,1000.0
2026-02-12 13:37:06,F1,23.5,20.00,0.50,0,0,0,1000.0
2026-02-12 13:37:07,F2,19.7,20.00,0.50,0,1,0,1000.0
2026-02-12 13:37:07,F3,26.3,20.00,0.50,0,0,0,1000.0
2026-02-12 13:37:09,F1,23.4,20.00,0.50,0,0,0,1000.0
2026-02-12 13:37:10,F2,19.7,20.00,0.50,0,1,0,1000.0
2026-02-12 13:37:11,F3,26.4,20.00,0.50,0,0,0,1000.0
2026-02-12 13:37:13,F1,23.4,20.00,0.50,0,0,0,1000.0
2026-02-12 13:37:13,F2,19.8,20.00,0.50,0,1,0,1000.0
2026-02-12 13:37:14,F3,26.4,20.00,0.50,0,0,0,1000.0
2026-02-12 13:37:16,F1,23.5,20.00,0.50,0,0,0,1000.0
2026-02-12 13:37:17,F2,19.8,20.00,0.50,0,1,0,1000.0
2026-02-12 13:37:18,F3,26.4,20.00,0.50,0,0,0,1000.0
2026-02-12 13:37:19,F1,23.5,20.00,0.50,0,0,0,1000.0
2026-02-12 13:37:20,F2,19.8,20.00,0.50,0,1,0,1000.0
2026-02-12 13:37:21,F3,26.4,20.00,0.50,0,0,0,1000.0
2026-02-12 13:37:23,F1,23.4,20.00,0.50,0,0,0,1000.0
2026-02-12 13:37:24,F2,19.8,20.00,0.50,0,1,0,1000.0
2026-02-12 13:37:24,F3,26.4,20.00,0.50,0,0,0,1000.0
2026-02-12 13:37:26,F1,23.4,20.00,0.50,0,0,0,1000.0
2026-02-12 13:37:27,F2,19.8,20.00,0.50,0,1,0,1000.0
2026-02-12 13:37:28,F3,26.3,20.00,0.50,0,0,0,1000.0
2026-02-12 13:37:30,F1,23.5,20.00,0.50,0,0,0,1000.0
2026-02-12 13:37:30,F2,19.9,20.00,0.50,0,1,0,1000.0
2026-02-12 13:37:31,F3,26.3,20.00,0.50,0,0,0,1000.0
2026-02-12 13:37:33,F1,23.5,20.00,0.50,0,0,0,1000.0
2026-02-12 13:37:34,F2,19.9,20.00,0.50,0,1,0,1000.0
2026-02-12 13:37:35,F3,26.3,20.00,0.50,0,0,0,1000.0
2026-02-12 13:37:36,F1,23.5,20.00,0.50,0,0,0,1000.0
2026-02-12 13:37:37,F2,19.9,20.00,0.50,0,1,0,1000.0
2026-02-12 13:37:38,F3,26.4,20.00,0.50,0,0,0,1000.0
2026-02-12 13:37:40,F1,23.5,20.00,0.50,0,0,0,1000.0
2026-02-12 13:37:41,F2,19.9,20.00,0.50,0,1,0,1000.0
2026-02-12 13:37:41,F3,26.4,20.00,0.50,0,0,0,1000.0
2026-02-12 13:37:43,F1,23.5,20.00,0.50,0,0,0,1000.0
2026-02-12 13:37:44,F2,20.0,20.00,0.50,0,1,0,1000.0
2026-02-12 13:37:45,F3,26.4,20.00,0.50,0,0,0,1000.0
2026-02-12 13:37:47,F1,23.4,20.00,0.50,0,0,0,1000.0
2026-02-12 13:37:47,F2,20.0,20.00,0.50,0,1,0,1000.0
2026-02-12 13:37:48,F3,26.4,20.00,0.50,0,0,0,1000.0
2026-02-12 13:37:50,F1,23.5,20.00,0.50,0,0,0,1000.0
2026-02-12 13:37:51,F2,20.1,20.00,0.50,0,1,0,1000.0
2026-02-12 13:37:52,F3,26.4,20.00,0.50,0,0,0,1000.0
2026-02-12 13:37:53,F1,23.5,20.00,0.50,0,0,0,1000.0
2026-02-12 13:37:54,F2,20.1,20.00,0.50,0,1,0,1000.0
2026-02-12 13:37:55,F3,26.4,20.00,0.50,0,0,0,1000.0
2026-02-12 13:37:57,F1,23.5,20.00,0.50,0,0,0,1000.0
2026-02-12 13:37:58,F2,20.1,20.00,0.50,0,1,0,1000.0
2026-02-12 13:37:58,F3,26.4,20.00,0.50,0,0,0,1000.0
2026-02-12 13:38:00,F1,23.5,20.00,0.50,0,0,0,1000.0
2026-02-12 13:38:01,F2,20.2,20.00,0.50,0,1,0,1000.0
2026-02-12 13:38:02,F3,26.4,20.00,0.50,0,0,0,1000.0
2026-02-12 13:38:04,F1,23.6,20.00,0.50,0,0,0,1000.0
2026-02-12 13:38:04,F2,20.2,20.00,0.50,0,1,0,1000.0
2026-02-12 13:38:05,F3,26.4,20.00,0.50,0,0,0,1000.0
2026-02-12 13:38:07,F1,23.6,20.00,0.50,0,0,0,1000.0
2026-02-12 13:38:08,F2,20.2,20.00,0.50,0,1,0,1000.0
2026-02-12 13:38:09,F3,26.4,20.00,0.50,0,0,0,1000.0
2026-02-12 13:38:10,F1,23.6,20.00,0.50,0,0,0,1000.0
2026-02-12 13:38:11,F2,20.2,20.00,0.50,0,1,0,1000.0
2026-02-12 13:38:12,F3,26.4,20.00,0.50,0,0,0,1000.0
2026-02-12 13:38:14,F1,23.6,20.00,0.50,0,0,0,1000.0
2026-02-12 13:38:15,F2,20.2,20.00,0.50,0,1,0,1000.0
2026-02-12 13:38:15,F3,26.4,20.00,0.50,0,0,0,1000.0
2026-02-12 13:38:17,F1,23.6,20.00,0.50,0,0,0,1000.0
2026-02-12 13:38:18,F2,20.2,20.00,0.50,0,1,0,1000.0
2026-02-12 13:38:19,F3,26.4,20.00,0.50,0,0,0,1000.0
2026-02-12 13:38:21,F1,23.6,20.00,0.50,0,0,0,1000.0
2026-02-12 13:38:21,F2,20.3,20.00,0.50,0,1,0,1000.0
2026-02-12 13:38:22,F3,26.4,20.00,0.50,0,0,0,1000.0
2026-02-12 13:38:24,F1,23.6,20.00,0.50,0,0,0,1000.0
2026-02-12 13:38:25,F2,20.4,20.00,0.50,0,1,0,1000.0
2026-02-12 13:38:26,F3,26.4,20.00,0.50,0,0,0,1000.0
2026-02-12 13:38:27,F1,23.6,20.00,0.50,0,0,0,1000.0
2026-02-12 13:38:28,F2,20.4,20.00,0.50,0,1,0,1000.0
2026-02-12 13:38:29,F3,26.4,20.00,0.50,0,0,0,1000.0
2026-02-12 13:38:31,F1,23.6,20.00,0.50,0,0,0,1000.0
2026-02-12 13:38:32,F2,20.4,20.00,0.50,0,1,0,1000.0
2026-02-12 13:38:32,F3,26.4,20.00,0.50,0,0,0,1000.0
2026-02-12 13:38:34,F1,23.6,20.00,0.50,0,0,0,1000.0
2026-02-12 13:38:35,F2,20.4,20.00,0.50,0,1,0,1000.0
2026-02-12 13:38:36,F3,26.4,20.00,0.50,0,0,0,1000.0
2026-02-12 13:38:38,F1,23.6,20.00,0.50,0,0,0,1000.0
2026-02-12 13:38:38,F2,20.4,20.00,0.50,0,1,0,1000.0
2026-02-12 13:38:39,F3,26.4,20.00,0.50,0,0,0,1000.0
2026-02-12 13:38:41,F1,23.6,20.00,0.50,0,0,0,1000.0
2026-02-12 13:38:42,F2,20.5,20.00,0.50,1,0,0,1000.0
2026-02-12 13:38:43,F3,26.4,20.00,0.50,0,0,0,1000.0
2026-02-12 13:38:44,F1,23.6,20.00,0.50,0,0,0,1000.0
2026-02-12 13:38:45,F2,20.5,20.00,0.50,1,0,0,1000.0
2026-02-12 13:38:46,F3,26.4,20.00,0.50,0,0,0,1000.0
2026-02-12 13:38:48,F1,23.6,20.00,0.50,0,0,0,1000.0
2026-02-12 13:38:49,F2,20.6,20.00,0.50,1,0,0,1000.0
2026-02-12 13:38:49,F3,26.4,20.00,0.50,0,0,0,1000.0
2026-02-12 13:38:51,F1,23.6,20.00,0.50,0,0,0,1000.0
2026-02-12 13:38:52,F2,20.6,20.00,0.50,1,0,0,1000.0
2026-02-12 13:38:53,F3,26.4,20.00,0.50,0,0,0,1000.0
2026-02-12 13:38:55,F1,23.6,20.00,0.50,0,0,0,1000.0
2026-02-12 13:38:55,F2,20.6,20.00,0.50,1,0,0,1000.0
2026-02-12 13:38:56,F3,26.4,20.00,0.50,0,0,0,1000.0
2026-02-12 13:38:58,F1,23.6,20.00,0.50,0,0,0,1000.0
2026-02-12 13:38:59,F2,20.6,20.00,0.50,1,0,0,1000.0
2026-02-12 13:39:00,F3,26.4,20.00,0.50,0,0,0,1000.0
2026-02-12 13:39:01,F1,23.6,20.00,0.50,0,0,0,1000.0
2026-02-12 13:39:02,F2,20.7,20.00,0.50,1,0,0,1000.0
2026-02-12 13:39:03,F3,26.4,20.00,0.50,0,0,0,1000.0
2026-02-12 13:39:05,F1,23.6,20.00,0.50,0,0,0,1000.0
2026-02-12 13:39:06,F2,20.7,20.00,0.50,1,0,0,1000.0
2026-02-12 13:39:07,F3,26.4,20.00,0.50,0,0,0,1000.0
2026-02-12 13:39:08,F1,23.6,20.00,0.50,0,0,0,1000.0
2026-02-12 13:39:09,F2,20.7,20.00,0.50,1,0,0,1000.0
2026-02-12 13:39:10,F3,26.4,20.00,0.50,0,0,0,1000.0
2026-02-12 13:39:12,F1,23.6,20.00,0.50,0,0,0,1000.0
2026-02-12 13:39:13,F2,20.7,20.00,0.50,1,0,0,1000.0
2026-02-12 13:39:13,F3,26.4,20.00,0.50,0,0,0,1000.0
2026-02-12 13:39:15,F1,23.6,20.00,0.50,0,0,0,1000.0
2026-02-12 13:39:16,F2,20.8,20.00,0.50,1,0,0,1000.0
2026-02-12 13:39:17,F3,26.4,20.00,0.50,0,0,0,1000.0
2026-02-12 13:39:19,F1,23.6,20.00,0.50,0,0,0,1000.0
2026-02-12 13:39:19,F2,20.8,20.00,0.50,1,0,0,1000.0
2026-02-12 13:39:20,F3,26.4,20.00,0.50,0,0,0,1000.0
2026-02-12 13:39:22,F1,23.6,20.00,0.50,0,0,0,1000.0
2026-02-12 13:39:23,F2,20.8,20.00,0.50,1,0,0,1000.0
2026-02-12 13:39:24,F3,26.4,20.00,0.50,0,0,0,1000.0
2026-02-12 13:39:25,F1,23.6,20.00,0.50,0,0,0,1000.0
2026-02-12 13:39:26,F2,20.8,20.00,0.50,1,0,0,1000.0
2026-02-12 13:39:27,F3,26.4,20.00,0.50,0,0,0,1000.0
2026-02-12 13:39:29,F1,23.6,20.00,0.50,0,0,0,1000.0
2026-02-12 13:39:30,F2,20.8,20.00,0.50,1,0,0,1000.0
2026-02-12 13:39:30,F3,26.4,20.00,0.50,0,0,0,1000.0
2026-02-12 13:39:32,F1,23.6,20.00,0.50,0,0,0,1000.0
2026-02-12 13:39:33,F2,20.9,20.00,0.50,1,0,0,1000.0
2026-02-12 13:39:34,F3,26.4,20.00,0.50,0,0,0,1000.0
2026-02-12 13:39:36,F1,23.6,20.00,0.50,0,0,0,1000.0
2026-02-12 13:39:36,F2,20.9,20.00,0.50,1,0,0,1000.0
2026-02-12 13:39:37,F3,26.4,20.00,0.50,0,0,0,1000.0
2026-02-12 13:39:39,F1,23.6,20.00,0.50,0,0,0,1000.0
2026-02-12 13:39:40,F2,20.9,20.00,0.50,1,0,0,1000.0
2026-02-12 13:39:41,F3,26.4,20.00,0.50,0,0,0,1000.0
2026-02-12 13:39:43,F1,23.6,20.00,0.50,0,0,0,1000.0
2026-02-12 13:39:43,F2,20.9,20.00,0.50,1,0,0,1000.0
2026-02-12 13:39:44,F3,26.4,20.00,0.50,0,0,0,1000.0
2026-02-12 13:39:46,F1,23.6,20.00,0.50,0,0,0,1000.0
2026-02-12 13:39:47,F2,20.9,20.00,0.50,1,0,0,1000.0
2026-02-12 13:39:48,F3,26.4,20.00,0.50,0,0,0,1000.0
2026-02-12 13:39:49,F1,23.6,20.00,0.50,0,0,0,1000.0
2026-02-12 13:39:50,F2,20.9,20.00,0.50,1,0,0,1000.0
2026-02-12 13:39:51,F3,26.4,20.00,0.50,0,0,0,1000.0
2026-02-12 13:39:53,F1,23.6,20.00,0.50,0,0,0,1000.0
2026-02-12 13:39:54,F2,20.9,20.00,0.50,1,0,0,1000.0
2026-02-12 13:39:54,F3,26.4,20.00,0.50,0,0,0,1000.0
2026-02-12 13:39:56,F1,23.6,20.00,0.50,0,0,0,1000.0
2026-02-12 13:39:57,F2,20.9,20.00,0.50,1,0,0,1000.0
2026-02-12 13:39:58,F3,26.4,20.00,0.50,0,0,0,1000.0
2026-02-12 13:40:00,F1,23.6,20.00,0.50,0,0,0,1000.0
2026-02-12 13:40:00,F2,20.9,20.00,0.50,1,0,0,1000.0
2026-02-12 13:40:01,F3,26.4,20.00,0.50,0,0,0,1000.0
2026-02-12 13:40:03,F1,23.5,20.00,0.50,0,0,0,1000.0
2026-02-12 13:40:04,F2,20.9,20.00,0.50,1,0,0,1000.0
2026-02-12 13:40:05,F3,26.4,20.00,0.50,0,0,0,1000.0
2026-02-12 13:40:06,F1,23.6,20.00,0.50,0,0,0,1000.0
2026-02-12 13:40:07,F2,20.9,20.00,0.50,1,0,0,1000.0
2026-02-12 13:40:08,F3,26.4,20.00,0.50,0,0,0,1000.0
2026-02-12 13:40:10,F1,23.6,20.00,0.50,0,0,0,1000.0
2026-02-12 13:40:11,F2,20.9,20.00,0.50,1,0,0,1000.0
2026-02-12 13:40:11,F3,26.4,20.00,0.50,0,0,0,1000.0
2026-02-12 13:40:13,F1,23.6,20.00,0.50,0,0,0,1000.0
2026-02-12 13:40:14,F2,20.9,20.00,0.50,1,0,0,1000.0
2026-02-12 13:40:15,F3,26.4,20.00,0.50,0,0,0,1000.0
2026-02-12 13:40:17,F1,23.5,20.00,0.50,0,0,0,1000.0
2026-02-12 13:40:17,F2,20.9,20.00,0.50,1,0,0,1000.0
2026-02-12 13:40:18,F3,26.4,20.00,0.50,0,0,0,1000.0
2026-02-12 13:40:20,F1,23.5,20.00,0.50,0,0,0,1000.0
2026-02-12 13:40:21,F2,20.9,20.00,0.50,1,0,0,1000.0
2026-02-12 13:40:22,F3,26.4,20.00,0.50,0,0,0,1000.0
2026-02-12 13:40:23,F1,23.6,20.00,0.50,0,0,0,1000.0
2026-02-12 13:40:24,F2,20.9,20.00,0.50,1,0,0,1000.0
2026-02-12 13:40:25,F3,26.4,20.00,0.50,0,0,0,1000.0
2026-02-12 13:40:27,F1,23.6,20.00,0.50,0,0,0,1000.0
2026-02-12 13:40:28,F2,20.9,20.00,0.50,1,0,0,1000.0
2026-02-12 13:40:28,F3,26.4,20.00,0.50,0,0,0,1000.0
2026-02-12 13:40:30,F1,23.5,20.00,0.50,0,0,0,1000.0
2026-02-12 13:40:31,F2,20.9,20.00,0.50,1,0,0,1000.0
2026-02-12 13:40:32,F3,26.4,20.00,0.50,0,0,0,1000.0
2026-02-12 13:40:34,F1,23.5,20.00,0.50,0,0,0,1000.0
2026-02-12 13:40:34,F2,20.9,20.00,0.50,1,0,0,1000.0
2026-02-12 13:40:35,F3,26.4,20.00,0.50,0,0,0,1000.0
2026-02-12 13:40:37,F1,23.5,20.00,0.50,0,0,0,1000.0
2026-02-12 13:40:38,F2,20.9,20.00,0.50,1,0,0,1000.0
2026-02-12 13:40:39,F3,26.4,20.00,0.50,0,0,0,1000.0
2026-02-12 13:40:40,F1,23.5,20.00,0.50,0,0,0,1000.0
2026-02-12 13:40:41,F2,20.9,20.00,0.50,1,0,0,1000.0
2026-02-12 13:40:42,F3,26.4,20.00,0.50,0,0,0,1000.0
2026-02-12 13:40:44,F1,23.5,20.00,0.50,0,0,0,1000.0
2026-02-12 13:40:45,F2,20.9,20.00,0.50,1,0,0,1000.0
2026-02-12 13:40:45,F3,26.4,20.00,0.50,0,0,0,1000.0
2026-02-12 13:40:47,F1,23.6,20.00,0.50,0,0,0,1000.0
2026-02-12 13:40:48,F2,20.8,20.00,0.50,1,0,0,1000.0
2026-02-12 13:40:49,F3,26.4,20.00,0.50,0,0,0,1000.0
2026-02-12 13:40:51,F1,23.5,20.00,0.50,0,0,0,1000.0
2026-02-12 13:40:51,F2,20.8,20.00,0.50,1,0,0,1000.0
2026-02-12 13:40:52,F3,26.4,20.00,0.50,0,0,0,1000.0
2026-02-12 13:40:54,F1,23.6,20.00,0.50,0,0,0,1000.0
2026-02-12 13:40:55,F2,20.8,20.00,0.50,1,0,0,1000.0
2026-02-12 13:40:56,F3,26.4,20.00,0.50,0,0,0,1000.0
2026-02-12 13:40:57,F1,23.5,20.00,0.50,0,0,0,1000.0
2026-02-12 13:40:58,F2,20.8,20.00,0.50,1,0,0,1000.0
2026-02-12 13:40:59,F3,26.4,20.00,0.50,0,0,0,1000.0
2026-02-12 13:41:01,F1,23.5,20.00,0.50,0,0,0,1000.0
2026-02-12 13:41:02,F2,20.8,20.00,0.50,1,0,0,1000.0
2026-02-12 13:41:02,F3,26.4,20.00,0.50,0,0,0,1000.0
2026-02-12 13:41:04,F1,23.6,20.00,0.50,0,0,0,1000.0
2026-02-12 13:41:05,F2,20.8,20.00,0.50,1,0,0,1000.0
2026-02-12 13:41:06,F3,26.4,20.00,0.50,0,0,0,1000.0
2026-02-12 13:41:08,F1,23.6,20.00,0.50,0,0,0,1000.0
2026-02-12 13:41:08,F2,20.8,20.00,0.50,1,0,0,1000.0
2026-02-12 13:41:09,F3,26.4,20.00,0.50,0,0,0,1000.0
2026-02-12 13:41:11,F1,23.5,20.00,0.50,0,0,0,1000.0
2026-02-12 13:41:12,F2,20.8,20.00,0.50,1,0,0,1000.0
2026-02-12 13:41:13,F3,26.4,20.00,0.50,0,0,0,1000.0
2026-02-12 13:41:14,F1,23.6,20.00,0.50,0,0,0,1000.0
2026-02-12 13:41:15,F2,20.8,20.00,0.50,1,0,0,1000.0
2026-02-12 13:41:16,F3,26.4,20.00,0.50,0,0,0,1000.0
2026-02-12 13:41:18,F1,23.6,20.00,0.50,0,0,0,1000.0
2026-02-12 13:41:19,F2,20.7,20.00,0.50,1,0,0,1000.0
2026-02-12 13:41:19,F3,26.4,20.00,0.50,0,0,0,1000.0
2026-02-12 13:41:21,F1,23.6,20.00,0.50,0,0,0,1000.0
2026-02-12 13:41:22,F2,20.7,20.00,0.50,1,0,0,1000.0
2026-02-12 13:41:23,F3,26.4,20.00,0.50,0,0,0,1000.0
2026-02-12 13:41:25,F1,23.6,20.00,0.50,0,0,0,1000.0
2026-02-12 13:41:25,F2,20.7,20.00,0.50,1,0,0,1000.0
2026-02-12 13:41:26,F3,26.4,20.00,0.50,0,0,0,1000.0
2026-02-12 13:41:28,F1,23.6,20.00,0.50,0,0,0,1000.0
2026-02-12 13:41:29,F2,20.7,20.00,0.50,1,0,0,1000.0
2026-02-12 13:41:30,F3,26.4,20.00,0.50,0,0,0,1000.0
2026-02-12 13:41:31,F1,23.6,20.00,0.50,0,0,0,1000.0
2026-02-12 13:41:32,F2,20.6,20.00,0.50,1,0,0,1000.0
2026-02-12 13:41:33,F3,26.3,20.00,0.50,0,0,0,1000.0
2026-02-12 13:41:35,F1,23.6,20.00,0.50,0,0,0,1000.0
2026-02-12 13:41:36,F2,20.6,20.00,0.50,1,0,0,1000.0
2026-02-12 13:41:36,F3,26.4,20.00,0.50,0,0,0,1000.0
2026-02-12 13:41:38,F1,23.6,20.00,0.50,0,0,0,1000.0
2026-02-12 13:41:39,F2,20.6,20.00,0.50,1,0,0,1000.0
2026-02-12 13:41:40,F3,26.3,20.00,0.50,0,0,0,1000.0
2026-02-12 13:41:42,F1,23.6,20.00,0.50,0,0,0,1000.0
2026-02-12 13:41:42,F2,20.6,20.00,0.50,1,0,0,1000.0
2026-02-12 13:41:43,F3,26.3,20.00,0.50,0,0,0,1000.0
2026-02-12 13:41:45,F1,23.6,20.00,0.50,0,0,0,1000.0
2026-02-12 13:41:46,F2,20.6,20.00,0.50,1,0,0,1000.0
2026-02-12 13:41:47,F3,26.3,20.00,0.50,0,0,0,1000.0
2026-02-12 13:41:48,F1,23.6,20.00,0.50,0,0,0,1000.0
2026-02-12 13:41:49,F2,20.6,20.00,0.50,1,0,0,1000.0
2026-02-12 13:41:50,F3,26.4,20.00,0.50,0,0,0,1000.0
2026-02-12 13:41:52,F1,23.6,20.00,0.50,0,0,0,1000.0
2026-02-12 13:41:53,F2,20.6,20.00,0.50,1,0,0,1000.0
2026-02-12 13:41:53,F3,26.3,20.00,0.50,0,0,0,1000.0
2026-02-12 13:41:55,F1,23.6,20.00,0.50,0,0,0,1000.0
2026-02-12 13:41:56,F2,20.6,20.00,0.50,1,0,0,1000.0
2026-02-12 13:41:57,F3,26.4,20.00,0.50,0,0,0,1000.0
2026-02-12 13:41:59,F1,23.6,20.00,0.50,0,0,0,1000.0
2026-02-12 13:41:59,F2,20.6,20.00,0.50,1,0,0,1000.0
2026-02-12 13:42:00,F3,26.3,20.00,0.50,0,0,0,1000.0
2026-02-12 13:42:02,F1,23.5,20.00,0.50,0,0,0,1000.0
2026-02-12 13:42:03,F2,20.5,20.00,0.50,1,0,0,1000.0
2026-02-12 13:42:04,F3,26.3,20.00,0.50,0,0,0,1000.0
2026-02-12 13:42:05,F1,23.6,20.00,0.50,0,0,0,1000.0
2026-02-12 13:42:06,F2,20.5,20.00,0.50,1,0,0,1000.0
2026-02-12 13:42:07,F3,26.3,20.00,0.50,0,0,0,1000.0
2026-02-12 13:42:09,F1,23.6,20.00,0.50,0,0,0,1000.0
2026-02-12 13:42:10,F2,20.4,20.00,0.50,1,0,0,1000.0
2026-02-12 13:42:11,F3,26.3,20.00,0.50,0,0,0,1000.0
2026-02-12 13:42:12,F1,23.6,20.00,0.50,0,0,0,1000.0
2026-02-12 13:42:13,F2,20.4,20.00,0.50,1,0,0,1000.0
2026-02-12 13:42:14,F3,26.3,20.00,0.50,0,0,0,1000.0
2026-02-12 13:42:16,F1,23.5,20.00,0.50,0,0,0,1000.0
2026-02-12 13:42:16,F2,20.4,20.00,0.50,1,0,0,1000.0
2026-02-12 13:42:17,F3,26.3,20.00,0.50,0,0,0,1000.0
2026-02-12 13:42:19,F1,23.6,20.00,0.50,0,0,0,1000.0
2026-02-12 13:42:20,F2,20.4,20.00,0.50,1,0,0,1000.0
2026-02-12 13:42:21,F3,26.3,20.00,0.50,0,0,0,1000.0
2026-02-12 13:42:23,F1,23.6,20.00,0.50,0,0,0,1000.0
2026-02-12 13:42:23,F2,20.4,20.00,0.50,1,0,0,1000.0
2026-02-12 13:42:24,F3,26.4,20.00,0.50,0,0,0,1000.0
2026-02-12 13:42:26,F1,23.6,20.00,0.50,0,0,0,1000.0
2026-02-12 13:42:27,F2,20.4,20.00,0.50,1,0,0,1000.0
2026-02-12 13:42:27,F3,26.3,20.00,0.50,0,0,0,1000.0
2026-02-12 13:42:29,F1,23.6,20.00,0.50,0,0,0,1000.0
2026-02-12 13:42:30,F2,20.4,20.00,0.50,1,0,0,1000.0
2026-02-12 13:42:31,F3,26.3,20.00,0.50,0,0,0,1000.0
2026-02-12 13:42:33,F1,23.5,20.00,0.50,0,0,0,1000.0
2026-02-12 13:42:34,F2,20.4,20.00,0.50,1,0,0,1000.0
2026-02-12 13:42:34,F3,26.3,20.00,0.50,0,0,0,1000.0
2026-02-12 13:42:36,F1,23.6,20.00,0.50,0,0,0,1000.0
2026-02-12 13:42:37,F2,20.3,20.00,0.50,1,0,0,1000.0
2026-02-12 13:42:38,F3,26.3,20.00,0.50,0,0,0,1000.0
2026-02-12 13:42:40,F1,23.6,20.00,0.50,0,0,0,1000.0
2026-02-12 13:42:40,F2,20.4,20.00,0.50,1,0,0,1000.0
2026-02-12 13:42:41,F3,26.3,20.00,0.50,0,0,0,1000.0
2026-02-12 13:42:43,F1,23.5,20.00,0.50,0,0,0,1000.0
2026-02-12 13:42:44,F2,20.3,20.00,0.50,1,0,0,1000.0
2026-02-12 13:42:45,F3,26.3,20.00,0.50,0,0,0,1000.0
2026-02-12 13:42:46,F1,23.6,20.00,0.50,0,0,0,1000.0
2026-02-12 13:42:47,F2,20.3,20.00,0.50,1,0,0,1000.0
2026-02-12 13:42:48,F3,26.3,20.00,0.50,0,0,0,1000.0
2026-02-12 13:42:50,F1,23.6,20.00,0.50,0,0,0,1000.0
2026-02-12 13:42:51,F2,20.3,20.00,0.50,1,0,0,1000.0
2026-02-12 13:42:51,F3,26.3,20.00,0.50,0,0,0,1000.0
2026-02-12 13:42:53,F1,23.6,20.00,0.50,0,0,0,1000.0
2026-02-12 13:42:54,F2,20.3,20.00,0.50,1,0,0,1000.0
2026-02-12 13:42:55,F3,26.3,20.00,0.50,0,0,0,1000.0
2026-02-12 13:42:57,F1,23.6,20.00,0.50,0,0,0,1000.0
2026-02-12 13:42:57,F2,20.3,20.00,0.50,1,0,0,1000.0
2026-02-12 13:42:58,F3,26.3,20.00,0.50,0,0,0,1000.0
2026-02-12 13:43:00,F1,23.6,20.00,0.50,0,0,0,1000.0
2026-02-12 13:43:01,F2,20.3,20.00,0.50,1,0,0,1000.0
2026-02-12 13:43:02,F3,26.3,20.00,0.50,0,0,0,1000.0
2026-02-12 13:43:03,F1,23.6,20.00,0.50,0,0,0,1000.0
2026-02-12 13:43:04,F2,20.2,20.00,0.50,1,0,0,1000.0
2026-02-12 13:43:05,F3,26.3,20.00,0.50,0,0,0,1000.0
2026-02-12 13:43:07,F1,23.6,20.00,0.50,0,0,0,1000.0
2026-02-12 13:43:08,F2,20.2,20.00,0.50,1,0,0,1000.0
2026-02-12 13:43:08,F3,26.3,20.00,0.50,0,0,0,1000.0
2026-02-12 13:43:10,F1,23.6,20.00,0.50,0,0,0,1000.0
2026-02-12 13:43:11,F2,20.2,20.00,0.50,1,0,0,1000.0
2026-02-12 13:43:12,F3,26.3,20.00,0.50,0,0,0,1000.0
2026-02-12 13:43:14,F1,23.6,20.00,0.50,0,0,0,1000.0
2026-02-12 13:43:14,F2,20.2,20.00,0.50,1,0,0,1000.0
2026-02-12 13:43:15,F3,26.3,20.00,0.50,0,0,0,1000.0
2026-02-12 13:43:17,F1,23.6,20.00,0.50,0,0,0,1000.0
2026-02-12 13:43:18,F2,20.2,20.00,0.50,1,0,0,1000.0
2026-02-12 13:43:19,F3,26.2,20.00,0.50,0,0,0,1000.0
2026-02-12 13:43:20,F1,23.6,20.00,0.50,0,0,0,1000.0
2026-02-12 13:43:21,F2,20.2,20.00,0.50,1,0,0,1000.0
2026-02-12 13:43:22,F3,26.3,20.00,0.50,0,0,0,1000.0
2026-02-12 13:43:24,F1,23.6,20.00,0.50,0,0,0,1000.0
2026-02-12 13:43:25,F2,20.1,20.00,0.50,1,0,0,1000.0
2026-02-12 13:43:25,F3,26.3,20.00,0.50,0,0,0,1000.0
2026-02-12 13:43:27,F1,23.6,20.00,0.50,0,0,0,1000.0
2026-02-12 13:43:28,F2,20.1,20.00,0.50,1,0,0,1000.0
2026-02-12 13:43:29,F3,26.3,20.00,0.50,0,0,0,1000.0
2026-02-12 13:43:31,F1,23.6,20.00,0.50,0,0,0,1000.0
2026-02-12 13:43:31,F2,20.1,20.00,0.50,1,0,0,1000.0
2026-02-12 13:43:32,F3,26.3,20.00,0.50,0,0,0,1000.0
2026-02-12 13:43:34,F1,23.6,20.00,0.50,0,0,0,1000.0
2026-02-12 13:43:35,F2,20.1,20.00,0.50,1,0,0,1000.0
2026-02-12 13:43:36,F3,26.3,20.00,0.50,0,0,0,1000.0
2026-02-12 13:43:37,F1,23.6,20.00,0.50,0,0,0,1000.0
2026-02-12 13:43:38,F2,20.1,20.00,0.50,1,0,0,1000.0
2026-02-12 13:43:39,F3,26.3,20.00,0.50,0,0,0,1000.0
2026-02-12 13:43:41,F1,23.6,20.00,0.50,0,0,0,1000.0
2026-02-12 13:43:42,F2,20.1,20.00,0.50,1,0,0,1000.0
2026-02-12 13:43:42,F3,26.3,20.00,0.50,0,0,0,1000.0
2026-02-12 13:43:44,F1,23.6,20.00,0.50,0,0,0,1000.0
2026-02-12 13:43:45,F2,20.1,20.00,0.50,1,0,0,1000.0
2026-02-12 13:43:46,F3,26.3,20.00,0.50,0,0,0,1000.0
2026-02-12 13:43:48,F1,23.5,20.00,0.50,0,0,0,1000.0
2026-02-12 13:43:48,F2,20.1,20.00,0.50,1,0,0,1000.0
2026-02-12 13:43:49,F3,26.3,20.00,0.50,0,0,0,1000.0
2026-02-12 13:43:51,F1,23.6,20.00,0.50,0,0,0,1000.0
2026-02-12 13:43:52,F2,20.1,20.00,0.50,1,0,0,1000.0
2026-02-12 13:43:53,F3,26.3,20.00,0.50,0,0,0,1000.0
2026-02-12 13:43:54,F1,23.5,20.00,0.50,0,0,0,1000.0
2026-02-12 13:43:55,F2,20.0,20.00,0.50,1,0,0,1000.0
2026-02-12 13:43:56,F3,26.3,20.00,0.50,0,0,0,1000.0
2026-02-12 13:43:58,F1,23.5,20.00,0.50,0,0,0,1000.0
2026-02-12 13:43:59,F2,20.0,20.00,0.50,1,0,0,1000.0
2026-02-12 13:43:59,F3,26.4,20.00,0.50,0,0,0,1000.0
2026-02-12 13:44:01,F1,23.5,20.00,0.50,0,0,0,1000.0
2026-02-12 13:44:02,F2,20.0,20.00,0.50,1,0,0,1000.0
2026-02-12 13:44:03,F3,26.3,20.00,0.50,0,0,0,1000.0
2026-02-12 13:44:05,F1,23.5,20.00,0.50,0,0,0,1000.0
2026-02-12 13:44:05,F2,20.0,20.00,0.50,1,0,0,1000.0
2026-02-12 13:44:06,F3,26.3,20.00,0.50,0,0,0,1000.0
2026-02-12 13:44:08,F1,23.5,20.00,0.50,0,0,0,1000.0
2026-02-12 13:44:09,F2,20.0,20.00,0.50,1,0,0,1000.0
2026-02-12 13:44:10,F3,26.3,20.00,0.50,0,0,0,1000.0
2026-02-12 13:44:11,F1,23.5,20.00,0.50,0,0,0,1000.0
2026-02-12 13:44:12,F2,20.0,20.00,0.50,1,0,0,1000.0
2026-02-12 13:44:13,F3,26.3,20.00,0.50,0,0,0,1000.0
2026-02-12 13:44:15,F1,23.5,20.00,0.50,0,0,0,1000.0
2026-02-12 13:44:16,F2,19.9,20.00,0.50,1,0,0,1000.0
2026-02-12 13:44:16,F3,26.4,20.00,0.50,0,0,0,1000.0
2026-02-12 13:44:18,F1,23.5,20.00,0.50,0,0,0,1000.0
2026-02-12 13:44:19,F2,19.9,20.00,0.50,1,0,0,1000.0
2026-02-12 13:44:20,F3,26.4,20.00,0.50,0,0,0,1000.0
2026-02-12 13:44:22,F1,23.5,20.00,0.50,0,0,0,1000.0
2026-02-12 13:44:22,F2,19.9,20.00,0.50,1,0,0,1000.0
2026-02-12 13:44:23,F3,26.4,20.00,0.50,0,0,0,1000.0
2026-02-12 13:44:25,F1,23.5,20.00,0.50,0,0,0,1000.0
2026-02-12 13:44:26,F2,19.9,20.00,0.50,1,0,0,1000.0
2026-02-12 13:44:27,F3,26.4,20.00,0.50,0,0,0,1000.0
2026-02-12 13:44:28,F1,23.6,20.00,0.50,0,0,0,1000.0
2026-02-12 13:44:29,F2,19.9,20.00,0.50,1,0,0,1000.0
2026-02-12 13:44:30,F3,26.3,20.00,0.50,0,0,0,1000.0
2026-02-12 13:44:32,F1,23.6,20.00,0.50,0,0,0,1000.0
2026-02-12 13:44:33,F2,19.9,20.00,0.50,1,0,0,1000.0
2026-02-12 13:44:33,F3,26.3,20.00,0.50,0,0,0,1000.0
2026-02-12 13:44:35,F1,23.5,20.00,0.50,0,0,0,1000.0
2026-02-12 13:44:36,F2,19.9,20.00,0.50,1,0,0,1000.0
2026-02-12 13:44:37,F3,26.3,20.00,0.50,0,0,0,1000.0
2026-02-12 13:44:39,F1,23.5,20.00,0.50,0,0,0,1000.0
2026-02-12 13:44:39,F2,19.8,20.00,0.50,1,0,0,1000.0
2026-02-12 13:44:40,F3,26.4,20.00,0.50,0,0,0,1000.0
2026-02-12 13:44:42,F1,23.5,20.00,0.50,0,0,0,1000.0
2026-02-12 13:44:43,F2,19.8,20.00,0.50,1,0,0,1000.0
2026-02-12 13:44:44,F3,26.4,20.00,0.50,0,0,0,1000.0
2026-02-12 13:44:45,F1,23.6,20.00,0.50,0,0,0,1000.0
2026-02-12 13:44:46,F2,19.8,20.00,0.50,1,0,0,1000.0
2026-02-12 13:44:47,F3,26.4,20.00,0.50,0,0,0,1000.0
2026-02-12 13:44:49,F1,23.6,20.00,0.50,0,0,0,1000.0
2026-02-12 13:44:50,F2,19.8,20.00,0.50,1,0,0,1000.0
2026-02-12 13:44:50,F3,26.3,20.00,0.50,0,0,0,1000.0
2026-02-12 13:44:52,F1,23.6,20.00,0.50,0,0,0,1000.0
2026-02-12 13:44:53,F2,19.8,20.00,0.50,1,0,0,1000.0
2026-02-12 13:44:54,F3,26.3,20.00,0.50,0,0,0,1000.0
2026-02-12 13:44:56,F1,23.6,20.00,0.50,0,0,0,1000.0
2026-02-12 13:44:56,F2,19.8,20.00,0.50,1,0,0,1000.0
2026-02-12 13:44:57,F3,26.3,20.00,0.50,0,0,0,1000.0
2026-02-12 13:44:59,F1,23.6,20.00,0.50,0,0,0,1000.0
2026-02-12 13:45:00,F2,19.8,20.00,0.50,1,0,0,1000.0
2026-02-12 13:45:01,F3,26.3,20.00,0.50,0,0,0,1000.0
2026-02-12 13:45:03,F1,23.5,20.00,0.50,0,0,0,1000.0
2026-02-12 13:45:03,F2,19.8,20.00,0.50,1,0,0,1000.0
2026-02-12 13:45:04,F3,26.3,20.00,0.50,0,0,0,1000.0
2026-02-12 13:45:06,F1,23.5,20.00,0.50,0,0,0,1000.0
2026-02-12 13:45:07,F2,19.8,20.00,0.50,1,0,0,1000.0
2026-02-12 13:45:08,F3,26.3,20.00,0.50,0,0,0,1000.0
2026-02-12 13:45:09,F1,23.6,20.00,0.50,0,0,0,1000.0
2026-02-12 13:45:10,F2,19.8,20.00,0.50,1,0,0,1000.0
2026-02-12 13:45:11,F3,26.3,20.00,0.50,0,0,0,1000.0
2026-02-12 13:45:13,F1,23.6,20.00,0.50,0,0,0,1000.0
2026-02-12 13:45:14,F2,19.7,20.00,0.50,1,0,0,1000.0
2026-02-12 13:45:14,F3,26.3,20.00,0.50,0,0,0,1000.0
2026-02-12 13:45:16,F1,23.6,20.00,0.50,0,0,0,1000.0
2026-02-12 13:45:17,F2,19.7,20.00,0.50,1,0,0,1000.0
2026-02-12 13:45:18,F3,26.3,20.00,0.50,0,0,0,1000.0
2026-02-12 13:45:20,F1,23.6,20.00,0.50,0,0,0,1000.0
2026-02-12 13:45:20,F2,19.7,20.00,0.50,1,0,0,1000.0
2026-02-12 13:45:21,F3,26.4,20.00,0.50,0,0,0,1000.0
2026-02-12 13:45:23,F1,23.6,20.00,0.50,0,0,0,1000.0
2026-02-12 13:45:24,F2,19.7,20.00,0.50,1,0,0,1000.0
2026-02-12 13:45:25,F3,26.4,20.00,0.50,0,0,0,1000.0
2026-02-12 13:45:26,F1,23.6,20.00,0.50,0,0,0,1000.0
2026-02-12 13:45:27,F2,19.6,20.00,0.50,1,0,0,1000.0
2026-02-12 13:45:28,F3,26.4,20.00,0.50,0,0,0,1000.0
2026-02-12 13:45:30,F1,23.6,20.00,0.50,0,0,0,1000.0
2026-02-12 13:45:31,F2,19.7,20.00,0.50,1,0,0,1000.0
2026-02-12 13:45:31,F3,26.4,20.00,0.50,0,0,0,1000.0
2026-02-12 13:45:33,F1,23.6,20.00,0.50,0,0,0,1000.0
2026-02-12 13:45:34,F2,19.6,20.00,0.50,1,0,0,1000.0
2026-02-12 13:45:35,F3,26.4,20.00,0.50,0,0,0,1000.0
2026-02-12 13:45:37,F1,23.6,20.00,0.50,0,0,0,1000.0
2026-02-12 13:45:37,F2,19.6,20.00,0.50,1,0,0,1000.0
2026-02-12 13:45:38,F3,26.4,20.00,0.50,0,0,0,1000.0
2026-02-12 13:45:40,F1,23.6,20.00,0.50,0,0,0,1000.0
2026-02-12 13:45:41,F2,19.6,20.00,0.50,1,0,0,1000.0
2026-02-12 13:45:42,F3,26.4,20.00,0.50,0,0,0,1000.0
2026-02-12 13:45:43,F1,23.6,20.00,0.50,0,0,0,1000.0
2026-02-12 13:45:44,F2,19.6,20.00,0.50,1,0,0,1000.0
2026-02-12 13:45:45,F3,26.4,20.00,0.50,0,0,0,1000.0
2026-02-12 13:45:47,F1,23.7,20.00,0.50,0,0,0,1000.0
2026-02-12 13:45:48,F2,19.6,20.00,0.50,1,0,0,1000.0
2026-02-12 13:45:48,F3,26.4,20.00,0.50,0,0,0,1000.0
2026-02-12 13:45:50,F1,23.7,20.00,0.50,0,0,0,1000.0
2026-02-12 13:45:51,F2,19.6,20.00,0.50,1,0,0,1000.0
2026-02-12 13:45:52,F3,26.4,20.00,0.50,0,0,0,1000.0
2026-02-12 13:45:54,F1,23.7,20.00,0.50,0,0,0,1000.0
2026-02-12 13:45:54,F2,19.6,20.00,0.50,1,0,0,1000.0
2026-02-12 13:45:55,F3,26.4,20.00,0.50,0,0,0,1000.0
2026-02-12 13:45:57,F1,23.7,20.00,0.50,0,0,0,1000.0
2026-02-12 13:45:58,F2,19.6,20.00,0.50,1,0,0,1000.0
2026-02-12 13:45:59,F3,26.4,20.00,0.50,0,0,0,1000.0
2026-02-12 13:46:00,F1,23.6,20.00,0.50,0,0,0,1000.0
2026-02-12 13:46:01,F2,19.6,20.00,0.50,1,0,0,1000.0
2026-02-12 13:46:02,F3,26.4,20.00,0.50,0,0,0,1000.0
2026-02-12 13:46:04,F1,23.6,20.00,0.50,0,0,0,1000.0
2026-02-12 13:46:05,F2,19.5,20.00,0.50,0,1,0,1000.0
2026-02-12 13:46:05,F3,26.4,20.00,0.50,0,0,0,1000.0
2026-02-12 13:46:07,F1,23.6,20.00,0.50,0,0,0,1000.0
2026-02-12 13:46:08,F2,19.5,20.00,0.50,0,1,0,1000.0
2026-02-12 13:46:09,F3,26.4,20.00,0.50,0,0,0,1000.0
2026-02-12 13:46:11,F1,23.7,20.00,0.50,0,0,0,1000.0
2026-02-12 13:46:11,F2,19.5,20.00,0.50,0,1,0,1000.0
2026-02-12 13:46:12,F3,26.4,20.00,0.50,0,0,0,1000.0
2026-02-12 13:46:14,F1,23.7,20.00,0.50,0,0,0,1000.0
2026-02-12 13:46:15,F2,19.5,20.00,0.50,0,1,0,1000.0
2026-02-12 13:46:16,F3,26.4,20.00,0.50,0,0,0,1000.0
2026-02-12 13:46:17,F1,23.7,20.00,0.50,0,0,0,1000.0
2026-02-12 13:46:18,F2,19.5,20.00,0.50,0,1,0,1000.0
2026-02-12 13:46:19,F3,26.4,20.00,0.50,0,0,0,1000.0
2026-02-12 13:46:21,F1,23.6,20.00,0.50,0,0,0,1000.0
2026-02-12 13:46:22,F2,19.4,20.00,0.50,0,1,0,1000.0
2026-02-12 13:46:22,F3,26.4,20.00,0.50,0,0,0,1000.0
2026-02-12 13:46:24,F1,23.7,20.00,0.50,0,0,0,1000.0
2026-02-12 13:46:25,F2,19.5,20.00,0.50,0,1,0,1000.0
2026-02-12 13:46:26,F3,26.4,20.00,0.50,0,0,0,1000.0
2026-02-12 13:46:28,F1,23.7,20.00,0.50,0,0,0,1000.0
2026-02-12 13:46:28,F2,19.4,20.00,0.50,0,1,0,1000.0
2026-02-12 13:46:29,F3,26.4,20.00,0.50,0,0,0,1000.0
2026-02-12 13:46:31,F1,23.7,20.00,0.50,0,0,0,1000.0
2026-02-12 13:46:32,F2,19.4,20.00,0.50,0,1,0,1000.0
2026-02-12 13:46:33,F3,26.4,20.00,0.50,0,0,0,1000.0
2026-02-12 13:46:34,F1,23.8,20.00,0.50,0,0,0,1000.0
2026-02-12 13:46:35,F2,19.4,20.00,0.50,0,1,0,1000.0
2026-02-12 13:46:36,F3,26.4,20.00,0.50,0,0,0,1000.0
2026-02-12 13:46:38,F1,23.8,20.00,0.50,0,0,0,1000.0
2026-02-12 13:46:39,F2,19.4,20.00,0.50,0,1,0,1000.0
2026-02-12 13:46:39,F3,26.4,20.00,0.50,0,0,0,1000.0
2026-02-12 13:46:41,F1,23.8,20.00,0.50,0,0,0,1000.0
2026-02-12 13:46:42,F2,19.4,20.00,0.50,0,1,0,1000.0
2026-02-12 13:46:43,F3,26.5,20.00,0.50,0,0,0,1000.0
2026-02-12 13:46:45,F1,23.8,20.00,0.50,0,0,0,1000.0
2026-02-12 13:46:45,F2,19.4,20.00,0.50,0,1,0,1000.0
2026-02-12 13:46:46,F3,26.5,20.00,0.50,0,0,0,1000.0
2026-02-12 13:46:48,F1,23.8,20.00,0.50,0,0,0,1000.0
2026-02-12 13:46:49,F2,19.4,20.00,0.50,0,1,0,1000.0
2026-02-12 13:46:50,F3,26.5,20.00,0.50,0,0,0,1000.0
2026-02-12 13:46:51,F1,23.8,20.00,0.50,0,0,0,1000.0
2026-02-12 13:46:52,F2,19.4,20.00,0.50,0,1,0,1000.0
2026-02-12 13:46:53,F3,26.5,20.00,0.50,0,0,0,1000.0
2026-02-12 13:46:55,F1,23.8,20.00,0.50,0,0,0,1000.0
2026-02-12 13:46:56,F2,19.4,20.00,0.50,0,1,0,1000.0
2026-02-12 13:46:56,F3,26.5,20.00,0.50,0,0,0,1000.0
2026-02-12 13:46:58,F1,23.8,20.00,0.50,0,0,0,1000.0
2026-02-12 13:46:59,F2,19.4,20.00,0.50,0,1,0,1000.0
2026-02-12 13:47:00,F3,26.5,20.00,0.50,0,0,0,1000.0
2026-02-12 13:47:02,F1,23.8,20.00,0.50,0,0,0,1000.0
2026-02-12 13:47:02,F2,19.4,20.00,0.50,0,1,0,1000.0
2026-02-12 13:47:03,F3,26.5,20.00,0.50,0,0,0,1000.0
2026-02-12 13:47:05,F1,23.8,20.00,0.50,0,0,0,1000.0
2026-02-12 13:47:06,F2,19.4,20.00,0.50,0,1,0,1000.0
2026-02-12 13:47:07,F3,26.5,20.00,0.50,0,0,0,1000.0
2026-02-12 13:47:08,F1,23.8,20.00,0.50,0,0,0,1000.0
2026-02-12 13:47:09,F2,19.4,20.00,0.50,0,1,0,1000.0
2026-02-12 13:47:10,F3,26.5,20.00,0.50,0,0,0,1000.0
2026-02-12 13:47:12,F1,23.8,20.00,0.50,0,0,0,1000.0
2026-02-12 13:47:13,F2,19.4,20.00,0.50,0,1,0,1000.0
2026-02-12 13:47:13,F3,26.5,20.00,0.50,0,0,0,1000.0
2026-02-12 13:47:15,F1,23.8,20.00,0.50,0,0,0,1000.0
2026-02-12 13:47:16,F2,19.4,20.00,0.50,0,1,0,1000.0
2026-02-12 13:47:17,F3,26.5,20.00,0.50,0,0,0,1000.0
2026-02-12 13:47:19,F1,23.8,20.00,0.50,0,0,0,1000.0
2026-02-12 13:47:19,F2,19.4,20.00,0.50,0,1,0,1000.0
2026-02-12 13:47:20,F3,26.5,20.00,0.50,0,0,0,1000.0
2026-02-12 13:47:22,F1,23.8,20.00,0.50,0,0,0,1000.0
2026-02-12 13:47:23,F2,19.4,20.00,0.50,0,1,0,1000.0
2026-02-12 13:47:24,F3,26.6,20.00,0.50,0,0,0,1000.0
2026-02-12 13:47:26,F1,23.8,20.00,0.50,0,0,0,1000.0
2026-02-12 13:47:26,F2,19.4,20.00,0.50,0,1,0,1000.0
2026-02-12 13:47:27,F3,26.5,20.00,0.50,0,0,0,1000.0
2026-02-12 13:47:29,F1,23.8,20.00,0.50,0,0,0,1000.0
2026-02-12 13:47:30,F2,19.5,20.00,0.50,0,1,0,1000.0
2026-02-12 13:47:31,F3,26.5,20.00,0.50,0,0,0,1000.0
2026-02-12 13:47:32,F1,23.8,20.00,0.50,0,0,0,1000.0
2026-02-12 13:47:33,F2,19.5,20.00,0.50,0,1,0,1000.0
2026-02-12 13:47:34,F3,26.5,20.00,0.50,0,0,0,1000.0
2026-02-12 13:47:36,F1,23.8,20.00,0.50,0,0,0,1000.0
2026-02-12 13:47:37,F2,19.6,20.00,0.50,0,1,0,1000.0
2026-02-12 13:47:37,F3,26.5,20.00,0.50,0,0,0,1000.0
2026-02-12 13:47:39,F1,23.8,20.00,0.50,0,0,0,1000.0
2026-02-12 13:47:40,F2,19.6,20.00,0.50,0,1,0,1000.0
2026-02-12 13:47:41,F3,26.5,20.00,0.50,0,0,0,1000.0
2026-02-12 13:47:43,F1,23.8,20.00,0.50,0,0,0,1000.0
2026-02-12 13:47:43,F2,19.6,20.00,0.50,0,1,0,1000.0
2026-02-12 13:47:44,F3,26.5,20.00,0.50,0,0,0,1000.0
2026-02-12 13:47:46,F1,23.8,20.00,0.50,0,0,0,1000.0
2026-02-12 13:47:47,F2,19.6,20.00,0.50,0,1,0,1000.0
2026-02-12 13:47:48,F3,26.6,20.00,0.50,0,0,0,1000.0
2026-02-12 13:47:49,F1,23.8,20.00,0.50,0,0,0,1000.0
2026-02-12 13:47:50,F2,19.6,20.00,0.50,0,1,0,1000.0
2026-02-12 13:47:51,F3,26.6,20.00,0.50,0,0,0,1000.0
2026-02-12 13:47:53,F1,23.8,20.00,0.50,0,0,0,1000.0
2026-02-12 13:47:54,F2,19.6,20.00,0.50,0,1,0,1000.0
2026-02-12 13:47:54,F3,26.6,20.00,0.50,0,0,0,1000.0
2026-02-12 13:47:56,F1,23.8,20.00,0.50,0,0,0,1000.0
2026-02-12 13:47:57,F2,19.6,20.00,0.50,0,1,0,1000.0
2026-02-12 13:47:58,F3,26.5,20.00,0.50,0,0,0,1000.0
2026-02-12 13:48:00,F1,23.8,20.00,0.50,0,0,0,1000.0
2026-02-12 13:48:00,F2,19.7,20.00,0.50,0,1,0,1000.0
2026-02-12 13:48:01,F3,26.5,20.00,0.50,0,0,0,1000.0
2026-02-12 13:48:03,F1,23.7,20.00,0.50,0,0,0,1000.0
2026-02-12 13:48:04,F2,19.7,20.00,0.50,0,1,0,1000.0
2026-02-12 13:48:05,F3,26.6,20.00,0.50,0,0,0,1000.0
2026-02-12 13:48:06,F1,23.8,20.00,0.50,0,0,0,1000.0
2026-02-12 13:48:07,F2,19.8,20.00,0.50,0,1,0,1000.0
2026-02-12 13:48:08,F3,26.5,20.00,0.50,0,0,0,1000.0
2026-02-12 13:48:10,F1,23.7,20.00,0.50,0,0,0,1000.0
2026-02-12 13:48:11,F2,19.8,20.00,0.50,0,1,0,1000.0
2026-02-12 13:48:11,F3,26.5,20.00,0.50,0,0,0,1000.0
2026-02-12 13:48:13,F1,23.7,20.00,0.50,0,0,0,1000.0
2026-02-12 13:48:14,F2,19.8,20.00,0.50,0,1,0,1000.0
2026-02-12 13:48:15,F3,26.5,20.00,0.50,0,0,0,1000.0
2026-02-12 13:48:17,F1,23.7,20.00,0.50,0,0,0,1000.0
2026-02-12 13:48:17,F2,19.8,20.00,0.50,0,1,0,1000.0
2026-02-12 13:48:18,F3,26.5,20.00,0.50,0,0,0,1000.0
2026-02-12 13:48:20,F1,23.7,20.00,0.50,0,0,0,1000.0
2026-02-12 13:48:21,F2,19.8,20.00,0.50,0,1,0,1000.0
2026-02-12 13:48:22,F3,26.5,20.00,0.50,0,0,0,1000.0
2026-02-12 13:48:23,F1,23.7,20.00,0.50,0,0,0,1000.0
2026-02-12 13:48:24,F2,19.8,20.00,0.50,0,1,0,1000.0
2026-02-12 13:48:25,F3,26.5,20.00,0.50,0,0,0,1000.0
2026-02-12 13:48:27,F1,23.7,20.00,0.50,0,0,0,1000.0
2026-02-12 13:48:28,F2,19.9,20.00,0.50,0,1,0,1000.0
2026-02-12 13:48:28,F3,26.5,20.00,0.50,0,0,0,1000.0
2026-02-12 13:48:30,F1,23.7,20.00,0.50,0,0,0,1000.0
2026-02-12 13:48:31,F2,19.9,20.00,0.50,0,1,0,1000.0
2026-02-12 13:48:32,F3,26.5,20.00,0.50,0,0,0,1000.0
2026-02-12 13:48:34,F1,23.6,20.00,0.50,0,0,0,1000.0
2026-02-12 13:48:34,F2,19.9,20.00,0.50,0,1,0,1000.0
2026-02-12 13:48:35,F3,26.5,20.00,0.50,0,0,0,1000.0
2026-02-12 13:48:37,F1,23.7,20.00,0.50,0,0,0,1000.0
2026-02-12 13:48:38,F2,19.9,20.00,0.50,0,1,0,1000.0
2026-02-12 13:48:39,F3,26.5,20.00,0.50,0,0,0,1000.0
2026-02-12 13:48:40,F1,23.6,20.00,0.50,0,0,0,1000.0
2026-02-12 13:48:41,F2,20.0,20.00,0.50,0,1,0,1000.0
2026-02-12 13:48:42,F3,26.5,20.00,0.50,0,0,0,1000.0
2026-02-12 13:48:44,F1,23.6,20.00,0.50,0,0,0,1000.0
2026-02-12 13:48:45,F2,20.0,20.00,0.50,0,1,0,1000.0
2026-02-12 13:48:45,F3,26.5,20.00,0.50,0,0,0,1000.0
2026-02-12 13:48:47,F1,23.7,20.00,0.50,0,0,0,1000.0
2026-02-12 13:48:48,F2,20.0,20.00,0.50,0,1,0,1000.0
2026-02-12 13:48:49,F3,26.5,20.00,0.50,0,0,0,1000.0
2026-02-12 13:48:51,F1,23.7,20.00,0.50,0,0,0,1000.0
2026-02-12 13:48:51,F2,20.1,20.00,0.50,0,1,0,1000.0
2026-02-12 13:48:52,F3,26.5,20.00,0.50,0,0,0,1000.0
2026-02-12 13:48:54,F1,23.6,20.00,0.50,0,0,0,1000.0
2026-02-12 13:48:55,F2,20.1,20.00,0.50,0,1,0,1000.0
2026-02-12 13:48:56,F3,26.5,20.00,0.50,0,0,0,1000.0
2026-02-12 13:48:57,F1,23.6,20.00,0.50,0,0,0,1000.0
2026-02-12 13:48:58,F2,20.1,20.00,0.50,0,1,0,1000.0
2026-02-12 13:48:59,F3,26.5,20.00,0.50,0,0,0,1000.0
2026-02-12 13:49:01,F1,23.6,20.00,0.50,0,0,0,1000.0
2026-02-12 13:49:02,F2,20.1,20.00,0.50,0,1,0,1000.0
2026-02-12 13:49:02,F3,26.5,20.00,0.50,0,0,0,1000.0
2026-02-12 13:49:04,F1,23.6,20.00,0.50,0,0,0,1000.0
2026-02-12 13:49:05,F2,20.1,20.00,0.50,0,1,0,1000.0
2026-02-12 13:49:06,F3,26.5,20.00,0.50,0,0,0,1000.0
2026-02-12 13:49:08,F1,23.6,20.00,0.50,0,0,0,1000.0
2026-02-12 13:49:08,F2,20.2,20.00,0.50,0,1,0,1000.0
2026-02-12 13:49:09,F3,26.5,20.00,0.50,0,0,0,1000.0
2026-02-12 13:49:11,F1,23.7,20.00,0.50,0,0,0,1000.0
2026-02-12 13:49:12,F2,20.2,20.00,0.50,0,1,0,1000.0
2026-02-12 13:49:13,F3,26.5,20.00,0.50,0,0,0,1000.0
2026-02-12 13:49:14,F1,23.6,20.00,0.50,0,0,0,1000.0
2026-02-12 13:49:15,F2,20.3,20.00,0.50,0,1,0,1000.0
2026-02-12 13:49:16,F3,26.5,20.00,0.50,0,0,0,1000.0
2026-02-12 13:49:18,F1,23.7,20.00,0.50,0,0,0,1000.0
2026-02-12 13:49:19,F2,20.2,20.00,0.50,0,1,0,1000.0
2026-02-12 13:49:19,F3,26.5,20.00,0.50,0,0,0,1000.0
2026-02-12 13:49:21,F1,23.7,20.00,0.50,0,0,0,1000.0
2026-02-12 13:49:22,F2,20.3,20.00,0.50,0,1,0,1000.0
2026-02-12 13:49:23,F3,26.5,20.00,0.50,0,0,0,1000.0
2026-02-12 13:49:25,F1,23.7,20.00,0.50,0,0,0,1000.0
2026-02-12 13:49:25,F2,20.3,20.00,0.50,0,1,0,1000.0
2026-02-12 13:49:26,F3,26.5,20.00,0.50,0,0,0,1000.0
2026-02-12 13:49:28,F1,23.7,20.00,0.50,0,0,0,1000.0
2026-02-12 13:49:29,F2,20.4,20.00,0.50,0,1,0,1000.0
2026-02-12 13:49:30,F3,26.5,20.00,0.50,0,0,0,1000.0
2026-02-12 13:49:31,F1,23.8,20.00,0.50,0,0,0,1000.0
2026-02-12 13:49:32,F2,20.4,20.00,0.50,0,1,0,1000.0
2026-02-12 13:49:33,F3,26.5,20.00,0.50,0,0,0,1000.0
2026-02-12 13:49:35,F1,23.7,20.00,0.50,0,0,0,1000.0
2026-02-12 13:49:36,F2,20.4,20.00,0.50,0,1,0,1000.0
2026-02-12 13:49:36,F3,26.5,20.00,0.50,0,0,0,1000.0
2026-02-12 13:49:38,F1,23.7,20.00,0.50,0,0,0,1000.0
2026-02-12 13:49:39,F2,20.5,20.00,0.50,1,0,0,1000.0
2026-02-12 13:49:40,F3,26.5,20.00,0.50,0,0,0,1000.0
2026-02-12 13:49:42,F1,23.6,20.00,0.50,0,0,0,1000.0
2026-02-12 13:49:42,F2,20.6,20.00,0.50,1,0,0,1000.0
2026-02-12 13:49:43,F3,26.5,20.00,0.50,0,0,0,1000.0
2026-02-12 13:49:45,F1,23.7,20.00,0.50,0,0,0,1000.0
2026-02-12 13:49:46,F2,20.6,20.00,0.50,1,0,0,1000.0
2026-02-12 13:49:47,F3,26.4,20.00,0.50,0,0,0,1000.0
2026-02-12 13:49:49,F1,23.7,20.00,0.50,0,0,0,1000.0
2026-02-12 13:49:49,F2,20.6,20.00,0.50,1,0,0,1000.0
2026-02-12 13:49:50,F3,26.5,20.00,0.50,0,0,0,1000.0
2026-02-12 13:49:52,F1,23.6,20.00,0.50,0,0,0,1000.0
2026-02-12 13:49:53,F2,20.6,20.00,0.50,1,0,0,1000.0
2026-02-12 13:49:54,F3,26.5,20.00,0.50,0,0,0,1000.0
2026-02-12 13:49:55,F1,23.6,20.00,0.50,0,0,0,1000.0
2026-02-12 13:49:56,F2,20.6,20.00,0.50,1,0,0,1000.0
2026-02-12 13:49:57,F3,26.5,20.00,0.50,0,0,0,1000.0
2026-02-12 13:49:59,F1,23.6,20.00,0.50,0,0,0,1000.0
2026-02-12 13:50:00,F2,20.6,20.00,0.50,1,0,0,1000.0
2026-02-12 13:50:00,F3,26.6,20.00,0.50,0,0,0,1000.0
2026-02-12 13:50:02,F1,23.7,20.00,0.50,0,0,0,1000.0
2026-02-12 13:50:03,F2,20.6,20.00,0.50,1,0,0,1000.0
2026-02-12 13:50:04,F3,26.5,20.00,0.50,0,0,0,1000.0
2026-02-12 13:50:06,F1,23.7,20.00,0.50,0,0,0,1000.0
2026-02-12 13:50:06,F2,20.7,20.00,0.50,1,0,0,1000.0
2026-02-12 13:50:07,F3,26.5,20.00,0.50,0,0,0,1000.0
2026-02-12 13:50:09,F1,23.6,20.00,0.50,0,0,0,1000.0
2026-02-12 13:50:10,F2,20.7,20.00,0.50,1,0,0,1000.0
2026-02-12 13:50:11,F3,26.5,20.00,0.50,0,0,0,1000.0
2026-02-12 13:50:12,F1,23.7,20.00,0.50,0,0,0,1000.0
2026-02-12 13:50:13,F2,20.8,20.00,0.50,1,0,0,1000.0
2026-02-12 13:50:14,F3,26.5,20.00,0.50,0,0,0,1000.0
2026-02-12 13:50:16,F1,23.6,20.00,0.50,0,0,0,1000.0
2026-02-12 13:50:17,F2,20.8,20.00,0.50,1,0,0,1000.0
2026-02-12 13:50:17,F3,26.5,20.00,0.50,0,0,0,1000.0
2026-02-12 13:50:19,F1,23.7,20.00,0.50,0,0,0,1000.0
2026-02-12 13:50:20,F2,20.8,20.00,0.50,1,0,0,1000.0
2026-02-12 13:50:21,F3,26.5,20.00,0.50,0,0,0,1000.0
2026-02-12 13:50:23,F1,23.7,20.00,0.50,0,0,0,1000.0
2026-02-12 13:50:23,F2,20.8,20.00,0.50,1,0,0,1000.0
2026-02-12 13:50:24,F3,26.5,20.00,0.50,0,0,0,1000.0
2026-02-12 13:50:26,F1,23.7,20.00,0.50,0,0,0,1000.0
2026-02-12 13:50:27,F2,20.8,20.00,0.50,1,0,0,1000.0
2026-02-12 13:50:28,F3,26.5,20.00,0.50,0,0,0,1000.0
2026-02-12 13:50:29,F1,23.7,20.00,0.50,0,0,0,1000.0
2026-02-12 13:50:30,F2,20.9,20.00,0.50,1,0,0,1000.0
2026-02-12 13:50:31,F3,26.5,20.00,0.50,0,0,0,1000.0
2026-02-12 13:50:33,F1,23.7,20.00,0.50,0,0,0,1000.0
2026-02-12 13:50:34,F2,20.9,20.00,0.50,1,0,0,1000.0
2026-02-12 13:50:34,F3,26.5,20.00,0.50,0,0,0,1000.0
2026-02-12 13:50:36,F1,23.7,20.00,0.50,0,0,0,1000.0
2026-02-12 13:50:37,F2,20.9,20.00,0.50,1,0,0,1000.0
2026-02-12 13:50:38,F3,26.5,20.00,0.50,0,0,0,1000.0
2026-02-12 13:50:40,F1,23.7,20.00,0.50,0,0,0,1000.0
2026-02-12 13:50:40,F2,20.9,20.00,0.50,1,0,0,1000.0
2026-02-12 13:50:41,F3,26.5,20.00,0.50,0,0,0,1000.0
2026-02-12 13:50:43,F1,23.7,20.00,0.50,0,0,0,1000.0
2026-02-12 13:50:44,F2,20.9,20.00,0.50,1,0,0,1000.0
2026-02-12 13:50:45,F3,26.5,20.00,0.50,0,0,0,1000.0
2026-02-12 13:50:46,F1,23.8,20.00,0.50,0,0,0,1000.0
2026-02-12 13:50:47,F2,20.9,20.00,0.50,1,0,0,1000.0
2026-02-12 13:50:48,F3,26.5,20.00,0.50,0,0,0,1000.0
2026-02-12 13:50:50,F1,23.7,20.00,0.50,0,0,0,1000.0
2026-02-12 13:50:51,F2,20.9,20.00,0.50,1,0,0,1000.0
2026-02-12 13:50:51,F3,26.6,20.00,0.50,0,0,0,1000.0
2026-02-12 13:50:53,F1,23.8,20.00,0.50,0,0,0,1000.0
2026-02-12 13:50:54,F2,20.9,20.00,0.50,1,0,0,1000.0
2026-02-12 13:50:55,F3,26.6,20.00,0.50,0,0,0,1000.0
2026-02-12 13:50:57,F1,23.8,20.00,0.50,0,0,0,1000.0
2026-02-12 13:50:57,F2,20.9,20.00,0.50,1,0,0,1000.0
2026-02-12 13:50:58,F3,26.5,20.00,0.50,0,0,0,1000.0
2026-02-12 13:51:00,F1,23.7,20.00,0.50,0,0,0,1000.0
2026-02-12 13:51:01,F2,20.9,20.00,0.50,1,0,0,1000.0
2026-02-12 13:51:02,F3,26.5,20.00,0.50,0,0,0,1000.0
2026-02-12 13:51:03,F1,23.7,20.00,0.50,0,0,0,1000.0
2026-02-12 13:51:04,F2,20.9,20.00,0.50,1,0,0,1000.0
2026-02-12 13:51:05,F3,26.5,20.00,0.50,0,0,0,1000.0
2026-02-12 13:51:07,F1,23.7,20.00,0.50,0,0,0,1000.0
2026-02-12 13:51:08,F2,20.9,20.00,0.50,1,0,0,1000.0
2026-02-12 13:51:08,F3,26.5,20.00,0.50,0,0,0,1000.0
2026-02-12 13:51:10,F1,23.7,20.00,0.50,0,0,0,1000.0
2026-02-12 13:51:11,F2,20.9,20.00,0.50,1,0,0,1000.0
2026-02-12 13:51:12,F3,26.5,20.00,0.50,0,0,0,1000.0
2026-02-12 13:51:14,F1,23.7,20.00,0.50,0,0,0,1000.0
2026-02-12 13:51:14,F2,20.9,20.00,0.50,1,0,0,1000.0
2026-02-12 13:51:15,F3,26.5,20.00,0.50,0,0,0,1000.0
2026-02-12 13:51:17,F1,23.7,20.00,0.50,0,0,0,1000.0
2026-02-12 13:51:18,F2,20.9,20.00,0.50,1,0,0,1000.0
2026-02-12 13:51:19,F3,26.5,20.00,0.50,0,0,0,1000.0
2026-02-12 13:51:20,F1,23.7,20.00,0.50,0,0,0,1000.0
2026-02-12 13:51:21,F2,20.9,20.00,0.50,1,0,0,1000.0
2026-02-12 13:51:22,F3,26.5,20.00,0.50,0,0,0,1000.0
2026-02-12 13:51:24,F1,23.7,20.00,0.50,0,0,0,1000.0
2026-02-12 13:51:25,F2,20.9,20.00,0.50,1,0,0,1000.0
2026-02-12 13:51:25,F3,26.5,20.00,0.50,0,0,0,1000.0
2026-02-12 13:51:27,F1,23.7,20.00,0.50,0,0,0,1000.0
2026-02-12 13:51:28,F2,20.9,20.00,0.50,1,0,0,1000.0
2026-02-12 13:51:29,F3,26.5,20.00,0.50,0,0,0,1000.0
2026-02-12 13:51:31,F1,23.7,20.00,0.50,0,0,0,1000.0
2026-02-12 13:51:31,F2,20.9,20.00,0.50,1,0,0,1000.0
2026-02-12 13:51:32,F3,26.5,20.00,0.50,0,0,0,1000.0
2026-02-12 13:51:34,F1,23.7,20.00,0.50,0,0,0,1000.0
2026-02-12 13:51:35,F2,20.9,20.00,0.50,1,0,0,1000.0
2026-02-12 13:51:36,F3,26.6,20.00,0.50,0,0,0,1000.0
2026-02-12 13:51:37,F1,23.7,20.00,0.50,0,0,0,1000.0
2026-02-12 13:51:38,F2,20.9,20.00,0.50,1,0,0,1000.0
2026-02-12 13:51:39,F3,26.5,20.00,0.50,0,0,0,1000.0
2026-02-12 13:51:41,F1,23.7,20.00,0.50,0,0,0,1000.0
2026-02-12 13:51:42,F2,20.8,20.00,0.50,1,0,0,1000.0
2026-02-12 13:51:43,F3,26.6,20.00,0.50,0,0,0,1000.0
2026-02-12 13:51:44,F1,23.7,20.00,0.50,0,0,0,1000.0
2026-02-12 13:51:45,F2,20.8,20.00,0.50,1,0,0,1000.0
2026-02-12 13:51:46,F3,26.6,20.00,0.50,0,0,0,1000.0
2026-02-12 13:51:48,F1,23.7,20.00,0.50,0,0,0,1000.0
2026-02-12 13:51:48,F2,20.8,20.00,0.50,1,0,0,1000.0
2026-02-12 13:51:49,F3,26.5,20.00,0.50,0,0,0,1000.0
2026-02-12 13:51:51,F1,23.7,20.00,0.50,0,0,0,1000.0
2026-02-12 13:51:52,F2,20.8,20.00,0.50,1,0,0,1000.0
2026-02-12 13:51:53,F3,26.5,20.00,0.50,0,0,0,1000.0
2026-02-12 13:51:55,F1,23.7,20.00,0.50,0,0,0,1000.0
2026-02-12 13:51:55,F2,20.8,20.00,0.50,1,0,0,1000.0
2026-02-12 13:51:56,F3,26.5,20.00,0.50,0,0,0,1000.0
2026-02-12 13:51:58,F1,23.6,20.00,0.50,0,0,0,1000.0
2026-02-12 13:51:59,F2,20.8,20.00,0.50,1,0,0,1000.0
2026-02-12 13:51:59,F3,26.5,20.00,0.50,0,0,0,1000.0
2026-02-12 13:52:01,F1,23.7,20.00,0.50,0,0,0,1000.0
2026-02-12 13:52:02,F2,20.8,20.00,0.50,1,0,0,1000.0
2026-02-12 13:52:03,F3,26.5,20.00,0.50,0,0,0,1000.0
2026-02-12 13:52:05,F1,23.7,20.00,0.50,0,0,0,1000.0
2026-02-12 13:52:06,F2,20.8,20.00,0.50,1,0,0,1000.0
2026-02-12 13:52:06,F3,26.5,20.00,0.50,0,0,0,1000.0
2026-02-12 13:52:08,F1,23.7,20.00,0.50,0,0,0,1000.0
2026-02-12 13:52:09,F2,20.8,20.00,0.50,1,0,0,1000.0
2026-02-12 13:52:10,F3,26.6,20.00,0.50,0,0,0,1000.0
2026-02-12 13:52:12,F1,23.7,20.00,0.50,0,0,0,1000.0
2026-02-12 13:52:12,F2,20.8,20.00,0.50,1,0,0,1000.0
2026-02-12 13:52:13,F3,26.6,20.00,0.50,0,0,0,1000.0
2026-02-12 13:52:15,F1,23.7,20.00,0.50,0,0,0,1000.0
2026-02-12 13:52:16,F2,20.7,20.00,0.50,1,0,0,1000.0
2026-02-12 13:52:17,F3,26.6,20.00,0.50,0,0,0,1000.0
2026-02-12 13:52:18,F1,23.7,20.00,0.50,0,0,0,1000.0
2026-02-12 13:52:19,F2,20.7,20.00,0.50,1,0,0,1000.0
2026-02-12 13:52:20,F3,26.6,20.00,0.50,0,0,0,1000.0
2026-02-12 13:52:22,F1,23.7,20.00,0.50,0,0,0,1000.0
2026-02-12 13:52:23,F2,20.7,20.00,0.50,1,0,0,1000.0
2026-02-12 13:52:23,F3,26.5,20.00,0.50,0,0,0,1000.0
2026-02-12 13:52:25,F1,23.7,20.00,0.50,0,0,0,1000.0
2026-02-12 13:52:26,F2,20.7,20.00,0.50,1,0,0,1000.0
2026-02-12 13:52:27,F3,26.6,20.00,0.50,0,0,0,1000.0
2026-02-12 13:52:29,F1,23.7,20.00,0.50,0,0,0,1000.0
2026-02-12 13:52:29,F2,20.7,20.00,0.50,1,0,0,1000.0
2026-02-12 13:52:30,F3,26.6,20.00,0.50,0,0,0,1000.0
2026-02-12 13:52:32,F1,23.7,20.00,0.50,0,0,0,1000.0
2026-02-12 13:52:33,F2,20.7,20.00,0.50,1,0,0,1000.0
2026-02-12 13:52:34,F3,26.6,20.00,0.50,0,0,0,1000.0
2026-02-12 13:52:35,F1,23.6,20.00,0.50,0,0,0,1000.0
2026-02-12 13:52:36,F2,20.6,20.00,0.50,1,0,0,1000.0
2026-02-12 13:52:37,F3,26.6,20.00,0.50,0,0,0,1000.0
2026-02-12 13:52:39,F1,23.7,20.00,0.50,0,0,0,1000.0
2026-02-12 13:52:40,F2,20.6,20.00,0.50,1,0,0,1000.0
2026-02-12 13:52:40,F3,26.6,20.00,0.50,0,0,0,1000.0
2026-02-12 13:52:42,F1,23.6,20.00,0.50,0,0,0,1000.0
2026-02-12 13:52:43,F2,20.6,20.00,0.50,1,0,0,1000.0
2026-02-12 13:52:44,F3,26.5,20.00,0.50,0,0,0,1000.0
2026-02-12 13:52:46,F1,23.7,20.00,0.50,0,0,0,1000.0
2026-02-12 13:52:46,F2,20.6,20.00,0.50,1,0,0,1000.0
2026-02-12 13:52:47,F3,26.6,20.00,0.50,0,0,0,1000.0
2026-02-12 13:52:49,F1,23.6,20.00,0.50,0,0,0,1000.0
2026-02-12 13:52:50,F2,20.6,20.00,0.50,1,0,0,1000.0
2026-02-12 13:52:51,F3,26.6,20.00,0.50,0,0,0,1000.0
2026-02-12 13:52:52,F1,23.6,20.00,0.50,0,0,0,1000.0
2026-02-12 13:52:53,F2,20.6,20.00,0.50,1,0,0,1000.0
2026-02-12 13:52:54,F3,26.5,20.00,0.50,0,0,0,1000.0
2026-02-12 13:52:56,F1,23.7,20.00,0.50,0,0,0,1000.0
2026-02-12 13:52:57,F2,20.6,20.00,0.50,1,0,0,1000.0
2026-02-12 13:52:57,F3,26.6,20.00,0.50,0,0,0,1000.0
2026-02-12 13:52:59,F1,23.6,20.00,0.50,0,0,0,1000.0
2026-02-12 13:53:00,F2,20.6,20.00,0.50,1,0,0,1000.0
2026-02-12 13:53:01,F3,26.6,20.00,0.50,0,0,0,1000.0
2026-02-12 13:53:03,F1,23.6,20.00,0.50,0,0,0,1000.0
2026-02-12 13:53:03,F2,20.5,20.00,0.50,1,0,0,1000.0
2026-02-12 13:53:04,F3,26.6,20.00,0.50,0,0,0,1000.0
2026-02-12 13:53:06,F1,23.6,20.00,0.50,0,0,0,1000.0
2026-02-12 13:53:07,F2,20.5,20.00,0.50,1,0,0,1000.0
2026-02-12 13:53:08,F3,26.6,20.00,0.50,0,0,0,1000.0
2026-02-12 13:53:09,F1,23.6,20.00,0.50,0,0,0,1000.0
2026-02-12 13:53:10,F2,20.4,20.00,0.50,1,0,0,1000.0
2026-02-12 13:53:11,F3,26.6,20.00,0.50,0,0,0,1000.0
2026-02-12 13:53:13,F1,23.6,20.00,0.50,0,0,0,1000.0
2026-02-12 13:53:14,F2,20.5,20.00,0.50,1,0,0,1000.0
2026-02-12 13:53:15,F3,26.6,20.00,0.50,0,0,0,1000.0
2026-02-12 13:53:16,F1,23.6,20.00,0.50,0,0,0,1000.0
2026-02-12 13:53:17,F2,20.4,20.00,0.50,1,0,0,1000.0
2026-02-12 13:53:18,F3,26.6,20.00,0.50,0,0,0,1000.0
2026-02-12 13:53:20,F1,23.6,20.00,0.50,0,0,0,1000.0
2026-02-12 13:53:21,F2,20.4,20.00,0.50,1,0,0,1000.0
2026-02-12 13:53:21,F3,26.6,20.00,0.50,0,0,0,1000.0
2026-02-12 13:53:23,F1,23.6,20.00,0.50,0,0,0,1000.0
2026-02-12 13:53:24,F2,20.4,20.00,0.50,1,0,0,1000.0
2026-02-12 13:53:25,F3,26.6,20.00,0.50,0,0,0,1000.0
2026-02-12 13:53:27,F1,23.6,20.00,0.50,0,0,0,1000.0
2026-02-12 13:53:27,F2,20.4,20.00,0.50,1,0,0,1000.0
2026-02-12 13:53:28,F3,26.5,20.00,0.50,0,0,0,1000.0
2026-02-12 13:53:30,F1,23.6,20.00,0.50,0,0,0,1000.0
2026-02-12 13:53:31,F2,20.4,20.00,0.50,1,0,0,1000.0
2026-02-12 13:53:32,F3,26.6,20.00,0.50,0,0,0,1000.0
2026-02-12 13:53:33,F1,23.6,20.00,0.50,0,0,0,1000.0
2026-02-12 13:53:34,F2,20.4,20.00,0.50,1,0,0,1000.0
2026-02-12 13:53:35,F3,26.6,20.00,0.50,0,0,0,1000.0
2026-02-12 13:53:37,F1,23.6,20.00,0.50,0,0,0,1000.0
2026-02-12 13:53:38,F2,20.3,20.00,0.50,1,0,0,1000.0
2026-02-12 13:53:38,F3,26.6,20.00,0.50,0,0,0,1000.0
2026-02-12 13:53:40,F1,23.6,20.00,0.50,0,0,0,1000.0
2026-02-12 13:53:41,F2,20.4,20.00,0.50,1,0,0,1000.0
2026-02-12 13:53:42,F3,26.6,20.00,0.50,0,0,0,1000.0
2026-02-12 13:53:44,F1,23.6,20.00,0.50,0,0,0,1000.0
2026-02-12 13:53:44,F2,20.4,20.00,0.50,1,0,0,1000.0
2026-02-12 13:53:45,F3,26.6,20.00,0.50,0,0,0,1000.0
2026-02-12 13:53:47,F1,23.6,20.00,0.50,0,0,0,1000.0
2026-02-12 13:53:48,F2,20.3,20.00,0.50,1,0,0,1000.0
2026-02-12 13:53:49,F3,26.6,20.00,0.50,0,0,0,1000.0
2026-02-12 13:53:51,F1,23.6,20.00,0.50,0,0,0,1000.0
2026-02-12 13:53:51,F2,20.3,20.00,0.50,1,0,0,1000.0
2026-02-12 13:53:52,F3,26.6,20.00,0.50,0,0,0,1000.0
2026-02-12 13:53:54,F1,23.6,20.00,0.50,0,0,0,1000.0
2026-02-12 13:53:55,F2,20.2,20.00,0.50,1,0,0,1000.0
2026-02-12 13:53:56,F3,26.5,20.00,0.50,0,0,0,1000.0
2026-02-12 13:53:57,F1,23.6,20.00,0.50,0,0,0,1000.0
2026-02-12 13:53:58,F2,20.2,20.00,0.50,1,0,0,1000.0
2026-02-12 13:53:59,F3,26.5,20.00,0.50,0,0,0,1000.0
2026-02-12 13:54:01,F1,23.6,20.00,0.50,0,0,0,1000.0
2026-02-12 13:54:02,F2,20.2,20.00,0.50,1,0,0,1000.0
2026-02-12 13:54:02,F3,26.6,20.00,0.50,0,0,0,1000.0
2026-02-12 13:54:04,F1,23.6,20.00,0.50,0,0,0,1000.0
2026-02-12 13:54:05,F2,20.2,20.00,0.50,1,0,0,1000.0
2026-02-12 13:54:06,F3,26.6,20.00,0.50,0,0,0,1000.0
2026-02-12 13:54:08,F1,23.6,20.00,0.50,0,0,0,1000.0
2026-02-12 13:54:08,F2,20.2,20.00,0.50,1,0,0,1000.0
2026-02-12 13:54:09,F3,26.6,20.00,0.50,0,0,0,1000.0
2026-02-12 13:54:11,F1,23.6,20.00,0.50,0,0,0,1000.0
2026-02-12 13:54:12,F2,20.2,20.00,0.50,1,0,0,1000.0
2026-02-12 13:54:13,F3,26.6,20.00,0.50,0,0,0,1000.0
2026-02-12 13:54:14,F1,23.6,20.00,0.50,0,0,0,1000.0
2026-02-12 13:54:15,F2,20.2,20.00,0.50,1,0,0,1000.0
2026-02-12 13:54:16,F3,26.6,20.00,0.50,0,0,0,1000.0
2026-02-12 13:54:18,F1,23.6,20.00,0.50,0,0,0,1000.0
2026-02-12 13:54:19,F2,20.2,20.00,0.50,1,0,0,1000.0
2026-02-12 13:54:19,F3,26.6,20.00,0.50,0,0,0,1000.0
2026-02-12 13:54:21,F1,23.6,20.00,0.50,0,0,0,1000.0
2026-02-12 13:54:22,F2,20.2,20.00,0.50,1,0,0,1000.0
2026-02-12 13:54:23,F3,26.6,20.00,0.50,0,0,0,1000.0
2026-02-12 13:54:25,F1,23.6,20.00,0.50,0,0,0,1000.0
2026-02-12 13:54:25,F2,20.1,20.00,0.50,1,0,0,1000.0
2026-02-12 13:54:26,F3,26.6,20.00,0.50,0,0,0,1000.0
2026-02-12 13:54:28,F1,23.6,20.00,0.50,0,0,0,1000.0
2026-02-12 13:54:29,F2,20.1,20.00,0.50,1,0,0,1000.0
2026-02-12 13:54:30,F3,26.6,20.00,0.50,0,0,0,1000.0
2026-02-12 13:54:31,F1,23.6,20.00,0.50,0,0,0,1000.0
2026-02-12 13:54:32,F2,20.1,20.00,0.50,1,0,0,1000.0
2026-02-12 13:54:33,F3,26.6,20.00,0.50,0,0,0,1000.0
2026-02-12 13:54:35,F1,23.6,20.00,0.50,0,0,0,1000.0
2026-02-12 13:54:36,F2,20.1,20.00,0.50,1,0,0,1000.0
2026-02-12 13:54:36,F3,26.6,20.00,0.50,0,0,0,1000.0
2026-02-12 13:54:38,F1,23.6,20.00,0.50,0,0,0,1000.0
2026-02-12 13:54:39,F2,20.1,20.00,0.50,1,0,0,1000.0
2026-02-12 13:54:40,F3,26.6,20.00,0.50,0,0,0,1000.0
2026-02-12 13:54:42,F1,23.5,20.00,0.50,0,0,0,1000.0
2026-02-12 13:54:42,F2,20.1,20.00,0.50,1,0,0,1000.0
2026-02-12 13:54:43,F3,26.6,20.00,0.50,0,0,0,1000.0
2026-02-12 13:54:45,F1,23.6,20.00,0.50,0,0,0,1000.0
2026-02-12 13:54:46,F2,20.1,20.00,0.50,1,0,0,1000.0
2026-02-12 13:54:47,F3,26.6,20.00,0.50,0,0,0,1000.0
2026-02-12 13:54:48,F1,23.6,20.00,0.50,0,0,0,1000.0
2026-02-12 13:54:49,F2,20.1,20.00,0.50,1,0,0,1000.0
2026-02-12 13:54:50,F3,26.6,20.00,0.50,0,0,0,1000.0
2026-02-12 13:54:52,F1,23.6,20.00,0.50,0,0,0,1000.0
2026-02-12 13:54:53,F2,20.0,20.00,0.50,1,0,0,1000.0
2026-02-12 13:54:53,F3,26.6,20.00,0.50,0,0,0,1000.0
2026-02-12 13:54:55,F1,23.6,20.00,0.50,0,0,0,1000.0
2026-02-12 13:54:56,F2,20.0,20.00,0.50,1,0,0,1000.0
2026-02-12 13:54:57,F3,26.6,20.00,0.50,0,0,0,1000.0
2026-02-12 13:54:59,F1,23.6,20.00,0.50,0,0,0,1000.0
2026-02-12 13:54:59,F2,20.1,20.00,0.50,1,0,0,1000.0
2026-02-12 13:55:00,F3,26.6,20.00,0.50,0,0,0,1000.0
2026-02-12 13:55:02,F1,23.6,20.00,0.50,0,0,0,1000.0
2026-02-12 13:55:03,F2,20.0,20.00,0.50,1,0,0,1000.0
2026-02-12 13:55:04,F3,26.7,20.00,0.50,0,0,0,1000.0
2026-02-12 13:55:06,F1,23.6,20.00,0.50,0,0,0,1000.0
2026-02-12 13:55:06,F2,20.0,20.00,0.50,1,0,0,1000.0
2026-02-12 13:55:07,F3,26.7,20.00,0.50,0,0,0,1000.0
2026-02-12 13:55:09,F1,23.6,20.00,0.50,0,0,0,1000.0
2026-02-12 13:55:10,F2,20.0,20.00,0.50,1,0,0,1000.0
2026-02-12 13:55:11,F3,26.6,20.00,0.50,0,0,0,1000.0
2026-02-12 13:55:12,F1,23.6,20.00,0.50,0,0,0,1000.0
2026-02-12 13:55:13,F2,20.0,20.00,0.50,1,0,0,1000.0
2026-02-12 13:55:14,F3,26.6,20.00,0.50,0,0,0,1000.0
2026-02-12 13:55:16,F1,23.5,20.00,0.50,0,0,0,1000.0
2026-02-12 13:55:17,F2,19.9,20.00,0.50,1,0,0,1000.0
2026-02-12 13:55:17,F3,26.6,20.00,0.50,0,0,0,1000.0
2026-02-12 13:55:19,F1,23.5,20.00,0.50,0,0,0,1000.0
2026-02-12 13:55:20,F2,19.9,20.00,0.50,1,0,0,1000.0
2026-02-12 13:55:21,F3,26.6,20.00,0.50,0,0,0,1000.0
2026-02-12 13:55:23,F1,23.5,20.00,0.50,0,0,0,1000.0
2026-02-12 13:55:23,F2,19.9,20.00,0.50,1,0,0,1000.0
2026-02-12 13:55:24,F3,26.6,20.00,0.50,0,0,0,1000.0
2026-02-12 13:55:26,F1,23.5,20.00,0.50,0,0,0,1000.0
2026-02-12 13:55:27,F2,19.9,20.00,0.50,1,0,0,1000.0
2026-02-12 13:55:28,F3,26.6,20.00,0.50,0,0,0,1000.0
2026-02-12 13:55:29,F1,23.5,20.00,0.50,0,0,0,1000.0
2026-02-12 13:55:30,F2,19.9,20.00,0.50,1,0,0,1000.0
2026-02-12 13:55:31,F3,26.6,20.00,0.50,0,0,0,1000.0
2026-02-12 13:55:33,F1,23.5,20.00,0.50,0,0,0,1000.0
2026-02-12 13:55:34,F2,19.9,20.00,0.50,1,0,0,1000.0
2026-02-12 13:55:34,F3,26.7,20.00,0.50,0,0,0,1000.0
2026-02-12 13:55:36,F1,23.5,20.00,0.50,0,0,0,1000.0
2026-02-12 13:55:37,F2,19.9,20.00,0.50,1,0,0,1000.0
2026-02-12 13:55:38,F3,26.6,20.00,0.50,0,0,0,1000.0
2026-02-12 13:55:40,F1,23.5,20.00,0.50,0,0,0,1000.0
2026-02-12 13:55:40,F2,19.9,20.00,0.50,1,0,0,1000.0
2026-02-12 13:55:41,F3,26.7,20.00,0.50,0,0,0,1000.0
2026-02-12 13:55:43,F1,23.4,20.00,0.50,0,0,0,1000.0
2026-02-12 13:55:44,F2,19.8,20.00,0.50,1,0,0,1000.0
2026-02-12 13:55:45,F3,26.6,20.00,0.50,0,0,0,1000.0
2026-02-12 13:55:46,F1,23.4,20.00,0.50,0,0,0,1000.0
2026-02-12 13:55:47,F2,19.8,20.00,0.50,1,0,0,1000.0
2026-02-12 13:55:48,F3,26.6,20.00,0.50,0,0,0,1000.0
2026-02-12 13:55:50,F1,23.4,20.00,0.50,0,0,0,1000.0
2026-02-12 13:55:51,F2,19.8,20.00,0.50,1,0,0,1000.0
2026-02-12 13:55:51,F3,26.6,20.00,0.50,0,0,0,1000.0
2026-02-12 13:55:53,F1,23.4,20.00,0.50,0,0,0,1000.0
2026-02-12 13:55:54,F2,19.8,20.00,0.50,1,0,0,1000.0
2026-02-12 13:55:55,F3,26.6,20.00,0.50,0,0,0,1000.0
2026-02-12 13:55:57,F1,23.4,20.00,0.50,0,0,0,1000.0
2026-02-12 13:55:57,F2,19.8,20.00,0.50,1,0,0,1000.0
2026-02-12 13:55:58,F3,26.6,20.00,0.50,0,0,0,1000.0
2026-02-12 13:56:00,F1,23.4,20.00,0.50,0,0,0,1000.0
2026-02-12 13:56:01,F2,19.8,20.00,0.50,1,0,0,1000.0
2026-02-12 13:56:02,F3,26.6,20.00,0.50,0,0,0,1000.0
2026-02-12 13:56:03,F1,23.4,20.00,0.50,0,0,0,1000.0
2026-02-12 13:56:04,F2,19.8,20.00,0.50,1,0,0,1000.0
2026-02-12 13:56:05,F3,26.6,20.00,0.50,0,0,0,1000.0
2026-02-12 13:56:07,F1,23.4,20.00,0.50,0,0,0,1000.0
2026-02-12 13:56:08,F2,19.8,20.00,0.50,1,0,0,1000.0
2026-02-12 13:56:08,F3,26.6,20.00,0.50,0,0,0,1000.0
2026-02-12 13:56:10,F1,23.4,20.00,0.50,0,0,0,1000.0
2026-02-12 13:56:11,F2,19.7,20.00,0.50,1,0,0,1000.0
2026-02-12 13:56:12,F3,26.6,20.00,0.50,0,0,0,1000.0
2026-02-12 13:56:14,F1,23.4,20.00,0.50,0,0,0,1000.0
2026-02-12 13:56:14,F2,19.8,20.00,0.50,1,0,0,1000.0
2026-02-12 13:56:15,F3,26.6,20.00,0.50,0,0,0,1000.0
2026-02-12 13:56:17,F1,23.4,20.00,0.50,0,0,0,1000.0
2026-02-12 13:56:18,F2,19.7,20.00,0.50,1,0,0,1000.0
2026-02-12 13:56:19,F3,26.6,20.00,0.50,0,0,0,1000.0
2026-02-12 13:56:20,F1,23.4,20.00,0.50,0,0,0,1000.0
2026-02-12 13:56:21,F2,19.7,20.00,0.50,1,0,0,1000.0
2026-02-12 13:56:22,F3,26.7,20.00,0.50,0,0,0,1000.0
2026-02-12 13:56:24,F1,23.5,20.00,0.50,0,0,0,1000.0
2026-02-12 13:56:25,F2,19.7,20.00,0.50,1,0,0,1000.0
2026-02-12 13:56:25,F3,26.7,20.00,0.50,0,0,0,1000.0
2026-02-12 13:56:27,F1,23.6,20.00,0.50,0,0,0,1000.0
2026-02-12 13:56:28,F2,19.7,20.00,0.50,1,0,0,1000.0
2026-02-12 13:56:29,F3,26.7,20.00,0.50,0,0,0,1000.0
2026-02-12 13:56:31,F1,23.6,20.00,0.50,0,0,0,1000.0
2026-02-12 13:56:31,F2,19.6,20.00,0.50,1,0,0,1000.0
2026-02-12 13:56:32,F3,26.7,20.00,0.50,0,0,0,1000.0
2026-02-12 13:56:34,F1,23.6,20.00,0.50,0,0,0,1000.0
2026-02-12 13:56:35,F2,19.6,20.00,0.50,1,0,0,1000.0
2026-02-12 13:56:36,F3,26.7,20.00,0.50,0,0,0,1000.0
2026-02-12 13:56:38,F1,23.6,20.00,0.50,0,0,0,1000.0
2026-02-12 13:56:38,F2,19.6,20.00,0.50,1,0,0,1000.0
2026-02-12 13:56:39,F3,26.7,20.00,0.50,0,0,0,1000.0
2026-02-12 13:56:41,F1,23.6,20.00,0.50,0,0,0,1000.0
2026-02-12 13:56:42,F2,19.6,20.00,0.50,1,0,0,1000.0
2026-02-12 13:56:43,F3,26.6,20.00,0.50,0,0,0,1000.0
2026-02-12 13:56:44,F1,23.6,20.00,0.50,0,0,0,1000.0
2026-02-12 13:56:45,F2,19.6,20.00,0.50,1,0,0,1000.0
2026-02-12 13:56:46,F3,26.6,20.00,0.50,0,0,0,1000.0
2026-02-12 13:56:48,F1,23.6,20.00,0.50,0,0,0,1000.0
2026-02-12 13:56:49,F2,19.6,20.00,0.50,1,0,0,1000.0
2026-02-12 13:56:49,F3,26.7,20.00,0.50,0,0,0,1000.0
2026-02-12 13:56:51,F1,23.6,20.00,0.50,0,0,0,1000.0
2026-02-12 13:56:52,F2,19.6,20.00,0.50,1,0,0,1000.0
2026-02-12 13:56:53,F3,26.7,20.00,0.50,0,0,0,1000.0
2026-02-12 13:56:55,F1,23.6,20.00,0.50,0,0,0,1000.0
2026-02-12 13:56:55,F2,19.6,20.00,0.50,1,0,0,1000.0
2026-02-12 13:56:56,F3,26.6,20.00,0.50,0,0,0,1000.0
2026-02-12 13:56:58,F1,23.6,20.00,0.50,0,0,0,1000.0
2026-02-12 13:56:59,F2,19.6,20.00,0.50,1,0,0,1000.0
2026-02-12 13:57:00,F3,26.7,20.00,0.50,0,0,0,1000.0
2026-02-12 13:57:01,F1,23.6,20.00,0.50,0,0,0,1000.0
2026-02-12 13:57:02,F2,19.6,20.00,0.50,1,0,0,1000.0
2026-02-12 13:57:03,F3,26.6,20.00,0.50,0,0,0,1000.0
2026-02-12 13:57:05,F1,23.6,20.00,0.50,0,0,0,1000.0
2026-02-12 13:57:06,F2,19.5,20.00,0.50,0,1,0,1000.0
2026-02-12 13:57:06,F3,26.6,20.00,0.50,0,0,0,1000.0
2026-02-12 13:57:08,F1,23.6,20.00,0.50,0,0,0,1000.0
2026-02-12 13:57:09,F2,19.5,20.00,0.50,0,1,0,1000.0
2026-02-12 13:57:10,F3,26.6,20.00,0.50,0,0,0,1000.0
2026-02-12 13:57:12,F1,23.6,20.00,0.50,0,0,0,1000.0
2026-02-12 13:57:12,F2,19.5,20.00,0.50,0,1,0,1000.0
2026-02-12 13:57:13,F3,26.6,20.00,0.50,0,0,0,1000.0
2026-02-12 13:57:15,F1,23.6,20.00,0.50,0,0,0,1000.0
2026-02-12 13:57:16,F2,19.5,20.00,0.50,0,1,0,1000.0
2026-02-12 13:57:17,F3,26.6,20.00,0.50,0,0,0,1000.0
2026-02-12 13:57:18,F1,23.6,20.00,0.50,0,0,0,1000.0
2026-02-12 13:57:19,F2,19.5,20.00,0.50,0,1,0,1000.0
2026-02-12 13:57:20,F3,26.6,20.00,0.50,0,0,0,1000.0
2026-02-12 13:57:22,F1,23.6,20.00,0.50,0,0,0,1000.0
2026-02-12 13:57:23,F2,19.4,20.00,0.50,0,1,0,1000.0
2026-02-12 13:57:23,F3,26.6,20.00,0.50,0,0,0,1000.0
2026-02-12 13:57:25,F1,23.6,20.00,0.50,0,0,0,1000.0
2026-02-12 13:57:26,F2,19.4,20.00,0.50,0,1,0,1000.0
2026-02-12 13:57:27,F3,26.6,20.00,0.50,0,0,0,1000.0
2026-02-12 13:57:29,F1,23.6,20.00,0.50,0,0,0,1000.0
2026-02-12 13:57:29,F2,19.4,20.00,0.50,0,1,0,1000.0
2026-02-12 13:57:30,F3,26.6,20.00,0.50,0,0,0,1000.0
2026-02-12 13:57:32,F1,23.6,20.00,0.50,0,0,0,1000.0
2026-02-12 13:57:33,F2,19.4,20.00,0.50,0,1,0,1000.0
2026-02-12 13:57:34,F3,26.6,20.00,0.50,0,0,0,1000.0
2026-02-12 13:57:35,F1,23.6,20.00,0.50,0,0,0,1000.0
2026-02-12 13:57:36,F2,19.4,20.00,0.50,0,1,0,1000.0
2026-02-12 13:57:37,F3,26.6,20.00,0.50,0,0,0,1000.0
2026-02-12 13:57:39,F1,23.6,20.00,0.50,0,0,0,1000.0
2026-02-12 13:57:40,F2,19.4,20.00,0.50,0,1,0,1000.0
2026-02-12 13:57:40,F3,26.6,20.00,0.50,0,0,0,1000.0
2026-02-12 13:57:42,F1,23.6,20.00,0.50,0,0,0,1000.0
2026-02-12 13:57:43,F2,19.4,20.00,0.50,0,1,0,1000.0
2026-02-12 13:57:44,F3,26.6,20.00,0.50,0,0,0,1000.0
2026-02-12 13:57:46,F1,23.6,20.00,0.50,0,0,0,1000.0
2026-02-12 13:57:47,F2,19.4,20.00,0.50,0,1,0,1000.0
2026-02-12 13:57:47,F3,26.6,20.00,0.50,0,0,0,1000.0
2026-02-12 13:57:49,F1,23.6,20.00,0.50,0,0,0,1000.0
2026-02-12 13:57:50,F2,19.4,20.00,0.50,0,1,0,1000.0
2026-02-12 13:57:51,F3,26.6,20.00,0.50,0,0,0,1000.0
2026-02-12 13:57:53,F1,23.6,20.00,0.50,0,0,0,1000.0
2026-02-12 13:57:53,F2,19.4,20.00,0.50,0,1,0,1000.0
2026-02-12 13:57:54,F3,26.6,20.00,0.50,0,0,0,1000.0
2026-02-12 13:57:56,F1,23.6,20.00,0.50,0,0,0,1000.0
2026-02-12 13:57:57,F2,19.3,20.00,0.50,0,1,0,1000.0
2026-02-12 13:57:58,F3,26.6,20.00,0.50,0,0,0,1000.0
2026-02-12 13:57:59,F1,23.6,20.00,0.50,0,0,0,1000.0
2026-02-12 13:58:00,F2,19.4,20.00,0.50,0,1,0,1000.0
2026-02-12 13:58:01,F3,26.6,20.00,0.50,0,0,0,1000.0
2026-02-12 13:58:03,F1,23.6,20.00,0.50,0,0,0,1000.0
2026-02-12 13:58:04,F2,19.4,20.00,0.50,0,1,0,1000.0
2026-02-12 13:58:04,F3,26.6,20.00,0.50,0,0,0,1000.0
2026-02-12 13:58:06,F1,23.6,20.00,0.50,0,0,0,1000.0
2026-02-12 13:58:07,F2,19.4,20.00,0.50,0,1,0,1000.0
2026-02-12 13:58:08,F3,26.5,20.00,0.50,0,0,0,1000.0
2026-02-12 13:58:10,F1,23.6,20.00,0.50,0,0,0,1000.0
2026-02-12 13:58:10,F2,19.4,20.00,0.50,0,1,0,1000.0
2026-02-12 13:58:11,F3,26.6,20.00,0.50,0,0,0,1000.0
2026-02-12 13:58:13,F1,23.6,20.00,0.50,0,0,0,1000.0
2026-02-12 13:58:14,F2,19.4,20.00,0.50,0,1,0,1000.0
2026-02-12 13:58:15,F3,26.6,20.00,0.50,0,0,0,1000.0
2026-02-12 13:58:16,F1,23.6,20.00,0.50,0,0,0,1000.0
2026-02-12 13:58:17,F2,19.4,20.00,0.50,0,1,0,1000.0
2026-02-12 13:58:18,F3,26.6,20.00,0.50,0,0,0,1000.0
2026-02-12 13:58:20,F1,23.6,20.00,0.50,0,0,0,1000.0
2026-02-12 13:58:21,F2,19.4,20.00,0.50,0,1,0,1000.0
2026-02-12 13:58:21,F3,26.6,20.00,0.50,0,0,0,1000.0
2026-02-12 13:58:23,F1,23.6,20.00,0.50,0,0,0,1000.0
2026-02-12 13:58:24,F2,19.4,20.00,0.50,0,1,0,1000.0
2026-02-12 13:58:25,F3,26.6,20.00,0.50,0,0,0,1000.0
2026-02-12 13:58:27,F1,23.6,20.00,0.50,0,0,0,1000.0
2026-02-12 13:58:27,F2,19.4,20.00,0.50,0,1,0,1000.0
2026-02-12 13:58:28,F3,26.6,20.00,0.50,0,0,0,1000.0
2026-02-12 13:58:30,F1,23.6,20.00,0.50,0,0,0,1000.0
2026-02-12 13:58:31,F2,19.5,20.00,0.50,0,1,0,1000.0
2026-02-12 13:58:32,F3,26.5,20.00,0.50,0,0,0,1000.0
2026-02-12 13:58:33,F1,23.6,20.00,0.50,0,0,0,1000.0
2026-02-12 13:58:34,F2,19.5,20.00,0.50,0,1,0,1000.0
2026-02-12 13:58:35,F3,26.6,20.00,0.50,0,0,0,1000.0
2026-02-12 13:58:37,F1,23.6,20.00,0.50,0,0,0,1000.0
2026-02-12 13:58:38,F2,19.5,20.00,0.50,0,1,0,1000.0
2026-02-12 13:58:38,F3,26.5,20.00,0.50,0,0,0,1000.0
2026-02-12 13:58:40,F1,23.6,20.00,0.50,0,0,0,1000.0
2026-02-12 13:58:41,F2,19.6,20.00,0.50,0,1,0,1000.0
2026-02-12 13:58:42,F3,26.5,20.00,0.50,0,0,0,1000.0
2026-02-12 13:58:44,F1,23.6,20.00,0.50,0,0,0,1000.0
2026-02-12 13:58:44,F2,19.6,20.00,0.50,0,1,0,1000.0
2026-02-12 13:58:45,F3,26.5,20.00,0.50,0,0,0,1000.0
2026-02-12 13:58:47,F1,23.6,20.00,0.50,0,0,0,1000.0
2026-02-12 13:58:48,F2,19.6,20.00,0.50,0,1,0,1000.0
2026-02-12 13:58:49,F3,26.5,20.00,0.50,0,0,0,1000.0
2026-02-12 13:58:50,F1,23.6,20.00,0.50,0,0,0,1000.0
2026-02-12 13:58:51,F2,19.6,20.00,0.50,0,1,0,1000.0
2026-02-12 13:58:52,F3,26.5,20.00,0.50,0,0,0,1000.0
2026-02-12 13:58:54,F1,23.6,20.00,0.50,0,0,0,1000.0
2026-02-12 13:58:55,F2,19.6,20.00,0.50,0,1,0,1000.0
2026-02-12 13:58:55,F3,26.5,20.00,0.50,0,0,0,1000.0
2026-02-12 13:58:57,F1,23.6,20.00,0.50,0,0,0,1000.0
2026-02-12 13:58:58,F2,19.7,20.00,0.50,0,1,0,1000.0
2026-02-12 13:58:59,F3,26.5,20.00,0.50,0,0,0,1000.0
2026-02-12 13:59:01,F1,23.6,20.00,0.50,0,0,0,1000.0
2026-02-12 13:59:01,F2,19.7,20.00,0.50,0,1,0,1000.0
2026-02-12 13:59:02,F3,26.5,20.00,0.50,0,0,0,1000.0
2026-02-12 13:59:04,F1,23.6,20.00,0.50,0,0,0,1000.0
2026-02-12 13:59:05,F2,19.7,20.00,0.50,0,1,0,1000.0
2026-02-12 13:59:06,F3,26.5,20.00,0.50,0,0,0,1000.0
2026-02-12 13:59:07,F1,23.6,20.00,0.50,0,0,0,1000.0
2026-02-12 13:59:08,F2,19.7,20.00,0.50,0,1,0,1000.0
2026-02-12 13:59:09,F3,26.5,20.00,0.50,0,0,0,1000.0
2026-02-12 13:59:11,F1,23.6,20.00,0.50,0,0,0,1000.0
2026-02-12 13:59:12,F2,19.7,20.00,0.50,0,1,0,1000.0
2026-02-12 13:59:12,F3,26.5,20.00,0.50,0,0,0,1000.0
2026-02-12 13:59:14,F1,23.6,20.00,0.50,0,0,0,1000.0
2026-02-12 13:59:15,F2,19.8,20.00,0.50,0,1,0,1000.0
2026-02-12 13:59:16,F3,26.6,20.00,0.50,0,0,0,1000.0
2026-02-12 13:59:18,F1,23.6,20.00,0.50,0,0,0,1000.0
2026-02-12 13:59:18,F2,19.8,20.00,0.50,0,1,0,1000.0
2026-02-12 13:59:19,F3,26.6,20.00,0.50,0,0,0,1000.0
2026-02-12 13:59:21,F1,23.6,20.00,0.50,0,0,0,1000.0
2026-02-12 13:59:22,F2,19.8,20.00,0.50,0,1,0,1000.0
2026-02-12 13:59:23,F3,26.5,20.00,0.50,0,0,0,1000.0
2026-02-12 13:59:24,F1,23.6,20.00,0.50,0,0,0,1000.0
2026-02-12 13:59:25,F2,19.8,20.00,0.50,0,1,0,1000.0
2026-02-12 13:59:26,F3,26.6,20.00,0.50,0,0,0,1000.0
2026-02-12 13:59:28,F1,23.6,20.00,0.50,0,0,0,1000.0
2026-02-12 13:59:29,F2,19.9,20.00,0.50,0,1,0,1000.0
2026-02-12 13:59:30,F3,26.5,20.00,0.50,0,0,0,1000.0
2026-02-12 13:59:31,F1,23.6,20.00,0.50,0,0,0,1000.0
2026-02-12 13:59:32,F2,19.9,20.00,0.50,0,1,0,1000.0
2026-02-12 13:59:33,F3,26.6,20.00,0.50,0,0,0,1000.0
2026-02-12 13:59:35,F1,23.6,20.00,0.50,0,0,0,1000.0
2026-02-12 13:59:36,F2,19.9,20.00,0.50,0,1,0,1000.0
2026-02-12 13:59:36,F3,26.6,20.00,0.50,0,0,0,1000.0
2026-02-12 13:59:38,F1,23.6,20.00,0.50,0,0,0,1000.0
2026-02-12 13:59:39,F2,20.0,20.00,0.50,0,1,0,1000.0
2026-02-12 13:59:40,F3,26.6,20.00,0.50,0,0,0,1000.0
2026-02-12 13:59:42,F1,23.6,20.00,0.50,0,0,0,1000.0
2026-02-12 13:59:42,F2,20.0,20.00,0.50,0,1,0,1000.0
2026-02-12 13:59:43,F3,26.5,20.00,0.50,0,0,0,1000.0
2026-02-12 13:59:45,F1,23.7,20.00,0.50,0,0,0,1000.0
2026-02-12 13:59:46,F2,20.1,20.00,0.50,0,1,0,1000.0
2026-02-12 13:59:47,F3,26.6,20.00,0.50,0,0,0,1000.0
2026-02-12 13:59:48,F1,23.6,20.00,0.50,0,0,0,1000.0
2026-02-12 13:59:49,F2,20.1,20.00,0.50,0,1,0,1000.0
2026-02-12 13:59:50,F3,26.6,20.00,0.50,0,0,0,1000.0
2026-02-12 13:59:52,F1,23.7,20.00,0.50,0,0,0,1000.0
2026-02-12 13:59:53,F2,20.1,20.00,0.50,0,1,0,1000.0
2026-02-12 13:59:53,F3,26.6,20.00,0.50,0,0,0,1000.0
2026-02-12 13:59:55,F1,23.7,20.00,0.50,0,0,0,1000.0
2026-02-12 13:59:56,F2,20.1,20.00,0.50,0,1,0,1000.0
2026-02-12 13:59:57,F3,26.6,20.00,0.50,0,0,0,1000.0
2026-02-12 13:59:59,F1,23.7,20.00,0.50,0,0,0,1000.0
2026-02-12 13:59:59,F2,20.1,20.00,0.50,0,1,0,1000.0
2026-02-12 14:00:00,F3,26.6,20.00,0.50,0,0,0,1000.0
2026-02-12 14:00:02,F1,23.6,20.00,0.50,0,0,0,1000.0
2026-02-12 14:00:03,F2,20.1,20.00,0.50,0,1,0,1000.0
2026-02-12 14:00:04,F3,26.6,20.00,0.50,0,0,0,1000.0
2026-02-12 14:00:05,F1,23.7,20.00,0.50,0,0,0,1000.0
2026-02-12 14:00:06,F2,20.2,20.00,0.50,0,1,0,1000.0
2026-02-12 14:00:07,F3,26.6,20.00,0.50,0,0,0,1000.0
2026-02-12 14:00:09,F1,23.6,20.00,0.50,0,0,0,1000.0
2026-02-12 14:00:10,F2,20.2,20.00,0.50,0,1,0,1000.0
2026-02-12 14:00:10,F3,26.6,20.00,0.50,0,0,0,1000.0
2026-02-12 14:00:12,F1,23.7,20.00,0.50,0,0,0,1000.0
2026-02-12 14:00:13,F2,20.2,20.00,0.50,0,1,0,1000.0
2026-02-12 14:00:14,F3,26.6,20.00,0.50,0,0,0,1000.0
2026-02-12 14:00:16,F1,23.7,20.00,0.50,0,0,0,1000.0
2026-02-12 14:00:16,F2,20.3,20.00,0.50,0,1,0,1000.0
2026-02-12 14:00:17,F3,26.6,20.00,0.50,0,0,0,1000.0
2026-02-12 14:00:19,F1,23.8,20.00,0.50,0,0,0,1000.0
2026-02-12 14:00:20,F2,20.3,20.00,0.50,0,1,0,1000.0
2026-02-12 14:00:21,F3,26.6,20.00,0.50,0,0,0,1000.0
2026-02-12 14:00:22,F1,23.8,20.00,0.50,0,0,0,1000.0
2026-02-12 14:00:23,F2,20.4,20.00,0.50,0,1,0,1000.0
2026-02-12 14:00:24,F3,26.6,20.00,0.50,0,0,0,1000.0
2026-02-12 14:00:26,F1,23.8,20.00,0.50,0,0,0,1000.0
2026-02-12 14:00:27,F2,20.4,20.00,0.50,0,1,0,1000.0
2026-02-12 14:00:27,F3,26.6,20.00,0.50,0,0,0,1000.0
2026-02-12 14:00:29,F1,23.8,20.00,0.50,0,0,0,1000.0
2026-02-12 14:00:30,F2,20.4,20.00,0.50,0,1,0,1000.0
2026-02-12 14:00:31,F3,26.6,20.00,0.50,0,0,0,1000.0
2026-02-12 14:00:33,F1,23.8,20.00,0.50,0,0,0,1000.0
2026-02-12 14:00:33,F2,20.4,20.00,0.50,0,1,0,1000.0
2026-02-12 14:00:34,F3,26.6,20.00,0.50,0,0,0,1000.0
2026-02-12 14:00:36,F1,23.8,20.00,0.50,0,0,0,1000.0
2026-02-12 14:00:37,F2,20.5,20.00,0.50,1,0,0,1000.0
2026-02-12 14:00:38,F3,26.6,20.00,0.50,0,0,0,1000.0
2026-02-12 14:00:40,F1,23.8,20.00,0.50,0,0,0,1000.0
2026-02-12 14:00:40,F2,20.5,20.00,0.50,1,0,0,1000.0
2026-02-12 14:00:41,F3,26.6,20.00,0.50,0,0,0,1000.0
2026-02-12 14:00:43,F1,23.8,20.00,0.50,0,0,0,1000.0
2026-02-12 14:00:44,F2,20.5,20.00,0.50,1,0,0,1000.0
2026-02-12 14:00:45,F3,26.6,20.00,0.50,0,0,0,1000.0
2026-02-12 14:00:46,F1,23.8,20.00,0.50,0,0,0,1000.0
2026-02-12 14:00:47,F2,20.6,20.00,0.50,1,0,0,1000.0
2026-02-12 14:00:48,F3,26.6,20.00,0.50,0,0,0,1000.0
2026-02-12 14:00:50,F1,23.8,20.00,0.50,0,0,0,1000.0
2026-02-12 14:00:51,F2,20.6,20.00,0.50,1,0,0,1000.0
2026-02-12 14:00:51,F3,26.6,20.00,0.50,0,0,0,1000.0
2026-02-12 14:00:53,F1,23.7,20.00,0.50,0,0,0,1000.0
2026-02-12 14:00:54,F2,20.6,20.00,0.50,1,0,0,1000.0
2026-02-12 14:00:55,F3,26.6,20.00,0.50,0,0,0,1000.0
2026-02-12 14:00:57,F1,23.8,20.00,0.50,0,0,0,1000.0
2026-02-12 14:00:57,F2,20.6,20.00,0.50,1,0,0,1000.0
2026-02-12 14:00:58,F3,26.6,20.00,0.50,0,0,0,1000.0
2026-02-12 14:01:00,F1,23.8,20.00,0.50,0,0,0,1000.0
2026-02-12 14:01:01,F2,20.6,20.00,0.50,1,0,0,1000.0
2026-02-12 14:01:02,F3,26.6,20.00,0.50,0,0,0,1000.0
2026-02-12 14:01:03,F1,23.8,20.00,0.50,0,0,0,1000.0
2026-02-12 14:01:04,F2,20.7,20.00,0.50,1,0,0,1000.0
2026-02-12 14:01:05,F3,26.6,20.00,0.50,0,0,0,1000.0
2026-02-12 14:01:07,F1,23.8,20.00,0.50,0,0,0,1000.0
2026-02-12 14:01:08,F2,20.7,20.00,0.50,1,0,0,1000.0
2026-02-12 14:01:08,F3,26.6,20.00,0.50,0,0,0,1000.0
2026-02-12 14:01:10,F1,23.8,20.00,0.50,0,0,0,1000.0
2026-02-12 14:01:11,F2,20.8,20.00,0.50,1,0,0,1000.0
2026-02-12 14:01:12,F3,26.6,20.00,0.50,0,0,0,1000.0
2026-02-12 14:01:14,F1,23.8,20.00,0.50,0,0,0,1000.0
2026-02-12 14:01:15,F2,20.8,20.00,0.50,1,0,0,1000.0
2026-02-12 14:01:15,F3,26.6,20.00,0.50,0,0,0,1000.0
2026-02-12 14:01:17,F1,23.8,20.00,0.50,0,0,0,1000.0
2026-02-12 14:01:18,F2,20.8,20.00,0.50,1,0,0,1000.0
2026-02-12 14:01:19,F3,26.6,20.00,0.50,0,0,0,1000.0
2026-02-12 14:01:20,F1,23.8,20.00,0.50,0,0,0,1000.0
2026-02-12 14:01:21,F2,20.8,20.00,0.50,1,0,0,1000.0
2026-02-12 14:01:22,F3,26.6,20.00,0.50,0,0,0,1000.0
2026-02-12 14:01:24,F1,23.8,20.00,0.50,0,0,0,1000.0
2026-02-12 14:01:25,F2,20.9,20.00,0.50,1,0,0,1000.0
2026-02-12 14:01:26,F3,26.6,20.00,0.50,0,0,0,1000.0
2026-02-12 14:01:27,F1,23.8,20.00,0.50,0,0,0,1000.0
2026-02-12 14:01:28,F2,20.9,20.00,0.50,1,0,0,1000.0
2026-02-12 14:01:29,F3,26.6,20.00,0.50,0,0,0,1000.0
2026-02-12 14:01:31,F1,23.8,20.00,0.50,0,0,0,1000.0
2026-02-12 14:01:31,F2,20.9,20.00,0.50,1,0,0,1000.0
2026-02-12 14:01:32,F3,26.6,20.00,0.50,0,0,0,1000.0
2026-02-12 14:01:34,F1,23.8,20.00,0.50,0,0,0,1000.0
2026-02-12 14:01:35,F2,20.9,20.00,0.50,1,0,0,1000.0
2026-02-12 14:01:36,F3,26.6,20.00,0.50,0,0,0,1000.0
2026-02-12 14:01:38,F1,23.8,20.00,0.50,0,0,0,1000.0
2026-02-12 14:01:38,F2,20.9,20.00,0.50,1,0,0,1000.0
2026-02-12 14:01:39,F3,26.6,20.00,0.50,0,0,0,1000.0
2026-02-12 14:01:41,F1,23.8,20.00,0.50,0,0,0,1000.0
2026-02-12 14:01:42,F2,20.9,20.00,0.50,1,0,0,1000.0
2026-02-12 14:01:43,F3,26.6,20.00,0.50,0,0,0,1000.0
2026-02-12 14:01:44,F1,23.8,20.00,0.50,0,0,0,1000.0
2026-02-12 14:01:45,F2,20.9,20.00,0.50,1,0,0,1000.0
2026-02-12 14:01:46,F3,26.7,20.00,0.50,0,0,0,1000.0
2026-02-12 14:01:48,F1,23.8,20.00,0.50,0,0,0,1000.0
2026-02-12 14:01:49,F2,20.9,20.00,0.50,1,0,0,1000.0
2026-02-12 14:01:49,F3,26.6,20.00,0.50,0,0,0,1000.0
2026-02-12 14:01:51,F1,23.8,20.00,0.50,0,0,0,1000.0
2026-02-12 14:01:52,F2,20.9,20.00,0.50,1,0,0,1000.0
2026-02-12 14:01:53,F3,26.6,20.00,0.50,0,0,0,1000.0
2026-02-12 14:01:55,F1,23.8,20.00,0.50,0,0,0,1000.0
2026-02-12 14:01:55,F2,20.9,20.00,0.50,1,0,0,1000.0
2026-02-12 14:01:56,F3,26.6,20.00,0.50,0,0,0,1000.0
2026-02-12 14:01:58,F1,23.8,20.00,0.50,0,0,0,1000.0
2026-02-12 14:01:59,F2,20.9,20.00,0.50,1,0,0,1000.0
2026-02-12 14:02:00,F3,26.6,20.00,0.50,0,0,0,1000.0
2026-02-12 14:02:01,F1,23.8,20.00,0.50,0,0,0,1000.0
2026-02-12 14:02:02,F2,20.9,20.00,0.50,1,0,0,1000.0
2026-02-12 14:02:03,F3,26.6,20.00,0.50,0,0,0,1000.0
2026-02-12 14:02:05,F1,23.8,20.00,0.50,0,0,0,1000.0
2026-02-12 14:02:06,F2,20.9,20.00,0.50,1,0,0,1000.0
2026-02-12 14:02:06,F3,26.6,20.00,0.50,0,0,0,1000.0
2026-02-12 14:02:08,F1,23.8,20.00,0.50,0,0,0,1000.0
2026-02-12 14:02:09,F2,20.9,20.00,0.50,1,0,0,1000.0
2026-02-12 14:02:10,F3,26.6,20.00,0.50,0,0,0,1000.0
2026-02-12 14:02:12,F1,23.8,20.00,0.50,0,0,0,1000.0
2026-02-12 14:02:12,F2,20.9,20.00,0.50,1,0,0,1000.0
2026-02-12 14:02:13,F3,26.7,20.00,0.50,0,0,0,1000.0
2026-02-12 14:02:15,F1,23.8,20.00,0.50,0,0,0,1000.0
2026-02-12 14:02:16,F2,20.9,20.00,0.50,1,0,0,1000.0
2026-02-12 14:02:17,F3,26.7,20.00,0.50,0,0,0,1000.0
2026-02-12 14:02:19,F1,23.8,20.00,0.50,0,0,0,1000.0
2026-02-12 14:02:19,F2,20.9,20.00,0.50,1,0,0,1000.0
2026-02-12 14:02:20,F3,26.7,20.00,0.50,0,0,0,1000.0
2026-02-12 14:02:22,F1,23.8,20.00,0.50,0,0,0,1000.0
2026-02-12 14:02:23,F2,20.9,20.00,0.50,1,0,0,1000.0
2026-02-12 14:02:24,F3,26.7,20.00,0.50,0,0,0,1000.0
2026-02-12 14:02:25,F1,23.8,20.00,0.50,0,0,0,1000.0
2026-02-12 14:02:26,F2,20.9,20.00,0.50,1,0,0,1000.0
2026-02-12 14:02:27,F3,26.7,20.00,0.50,0,0,0,1000.0
2026-02-12 14:02:29,F1,23.8,20.00,0.50,0,0,0,1000.0
2026-02-12 14:02:30,F2,20.9,20.00,0.50,1,0,0,1000.0
2026-02-12 14:02:30,F3,26.7,20.00,0.50,0,0,0,1000.0
2026-02-12 14:02:32,F1,23.8,20.00,0.50,0,0,0,1000.0
2026-02-12 14:02:33,F2,20.8,20.00,0.50,1,0,0,1000.0
2026-02-12 14:02:34,F3,26.7,20.00,0.50,0,0,0,1000.0
2026-02-12 14:02:36,F1,23.8,20.00,0.50,0,0,0,1000.0
2026-02-12 14:02:36,F2,20.8,20.00,0.50,1,0,0,1000.0
2026-02-12 14:02:37,F3,26.8,20.00,0.50,0,0,0,1000.0
2026-02-12 14:02:39,F1,23.8,20.00,0.50,0,0,0,1000.0
2026-02-12 14:02:40,F2,20.8,20.00,0.50,1,0,0,1000.0
2026-02-12 14:02:41,F3,26.7,20.00,0.50,0,0,0,1000.0
2026-02-12 14:02:42,F1,23.8,20.00,0.50,0,0,0,1000.0
2026-02-12 14:02:43,F2,20.8,20.00,0.50,1,0,0,1000.0
2026-02-12 14:02:44,F3,26.7,20.00,0.50,0,0,0,1000.0
2026-02-12 14:02:46,F1,23.7,20.00,0.50,0,0,0,1000.0
2026-02-12 14:02:47,F2,20.8,20.00,0.50,1,0,0,1000.0
2026-02-12 14:02:47,F3,26.7,20.00,0.50,0,0,0,1000.0
2026-02-12 14:02:49,F1,23.8,20.00,0.50,0,0,0,1000.0
2026-02-12 14:02:50,F2,20.8,20.00,0.50,1,0,0,1000.0
2026-02-12 14:02:51,F3,26.7,20.00,0.50,0,0,0,1000.0
2026-02-12 14:02:53,F1,23.8,20.00,0.50,0,0,0,1000.0
2026-02-12 14:02:53,F2,20.8,20.00,0.50,1,0,0,1000.0
2026-02-12 14:02:54,F3,26.7,20.00,0.50,0,0,0,1000.0
2026-02-12 14:02:56,F1,23.8,20.00,0.50,0,0,0,1000.0
2026-02-12 14:02:57,F2,20.8,20.00,0.50,1,0,0,1000.0
2026-02-12 14:02:58,F3,26.7,20.00,0.50,0,0,0,1000.0
2026-02-12 14:02:59,F1,23.8,20.00,0.50,0,0,0,1000.0
2026-02-12 14:03:00,F2,20.8,20.00,0.50,1,0,0,1000.0
2026-02-12 14:03:01,F3,26.7,20.00,0.50,0,0,0,1000.0
2026-02-12 14:03:03,F1,23.8,20.00,0.50,0,0,0,1000.0
2026-02-12 14:03:04,F2,20.7,20.00,0.50,1,0,0,1000.0
2026-02-12 14:03:04,F3,26.7,20.00,0.50,0,0,0,1000.0
2026-02-12 14:03:06,F1,23.8,20.00,0.50,0,0,0,1000.0
2026-02-12 14:03:07,F2,20.7,20.00,0.50,1,0,0,1000.0
2026-02-12 14:03:08,F3,26.6,20.00,0.50,0,0,0,1000.0
2026-02-12 14:03:10,F1,23.7,20.00,0.50,0,0,0,1000.0
2026-02-12 14:03:11,F2,20.7,20.00,0.50,1,0,0,1000.0
2026-02-12 14:03:11,F3,26.7,20.00,0.50,0,0,0,1000.0
2026-02-12 14:03:13,F1,23.8,20.00,0.50,0,0,0,1000.0
2026-02-12 14:03:14,F2,20.7,20.00,0.50,1,0,0,1000.0
2026-02-12 14:03:15,F3,26.7,20.00,0.50,0,0,0,1000.0
2026-02-12 14:03:17,F1,23.8,20.00,0.50,0,0,0,1000.0
2026-02-12 14:03:17,F2,20.7,20.00,0.50,1,0,0,1000.0
2026-02-12 14:03:18,F3,26.7,20.00,0.50,0,0,0,1000.0
2026-02-12 14:03:20,F1,23.8,20.00,0.50,0,0,0,1000.0
2026-02-12 14:03:21,F2,20.6,20.00,0.50,1,0,0,1000.0
2026-02-12 14:03:22,F3,26.7,20.00,0.50,0,0,0,1000.0
2026-02-12 14:03:23,F1,23.8,20.00,0.50,0,0,0,1000.0
2026-02-12 14:03:24,F2,20.6,20.00,0.50,1,0,0,1000.0
2026-02-12 14:03:25,F3,26.7,20.00,0.50,0,0,0,1000.0
2026-02-12 14:03:27,F1,23.7,20.00,0.50,0,0,0,1000.0
2026-02-12 14:03:28,F2,20.6,20.00,0.50,1,0,0,1000.0
2026-02-12 14:03:28,F3,26.7,20.00,0.50,0,0,0,1000.0
2026-02-12 14:03:30,F1,23.7,20.00,0.50,0,0,0,1000.0
2026-02-12 14:03:31,F2,20.6,20.00,0.50,1,0,0,1000.0
2026-02-12 14:03:32,F3,26.7,20.00,0.50,0,0,0,1000.0
2026-02-12 14:03:34,F1,23.7,20.00,0.50,0,0,0,1000.0
2026-02-12 14:03:34,F2,20.6,20.00,0.50,1,0,0,1000.0
2026-02-12 14:03:35,F3,26.7,20.00,0.50,0,0,0,1000.0
2026-02-12 14:03:37,F1,23.7,20.00,0.50,0,0,0,1000.0
2026-02-12 14:03:38,F2,20.6,20.00,0.50,1,0,0,1000.0
2026-02-12 14:03:39,F3,26.7,20.00,0.50,0,0,0,1000.0
2026-02-12 14:03:40,F1,23.7,20.00,0.50,0,0,0,1000.0
2026-02-12 14:03:41,F2,20.5,20.00,0.50,1,0,0,1000.0
2026-02-12 14:03:42,F3,26.7,20.00,0.50,0,0,0,1000.0
2026-02-12 14:03:44,F1,23.7,20.00,0.50,0,0,0,1000.0
2026-02-12 14:03:45,F2,20.5,20.00,0.50,1,0,0,1000.0
2026-02-12 14:03:45,F3,26.7,20.00,0.50,0,0,0,1000.0
2026-02-12 14:03:47,F1,23.7,20.00,0.50,0,0,0,1000.0
2026-02-12 14:03:48,F2,20.5,20.00,0.50,1,0,0,1000.0
2026-02-12 14:03:49,F3,26.7,20.00,0.50,0,0,0,1000.0
2026-02-12 14:03:51,F1,23.7,20.00,0.50,0,0,0,1000.0
2026-02-12 14:03:51,F2,20.5,20.00,0.50,1,0,0,1000.0
2026-02-12 14:03:52,F3,26.7,20.00,0.50,0,0,0,1000.0
2026-02-12 14:03:54,F1,23.7,20.00,0.50,0,0,0,1000.0
2026-02-12 14:03:55,F2,20.5,20.00,0.50,1,0,0,1000.0
2026-02-12 14:03:56,F3,26.7,20.00,0.50,0,0,0,1000.0
2026-02-12 14:03:57,F1,23.7,20.00,0.50,0,0,0,1000.0
2026-02-12 14:03:58,F2,20.5,20.00,0.50,1,0,0,1000.0
2026-02-12 14:03:59,F3,26.7,20.00,0.50,0,0,0,1000.0
2026-02-12 14:04:01,F1,23.7,20.00,0.50,0,0,0,1000.0
2026-02-12 14:04:02,F2,20.4,20.00,0.50,1,0,0,1000.0
2026-02-12 14:04:03,F3,26.7,20.00,0.50,0,0,0,1000.0
2026-02-12 14:04:04,F1,23.7,20.00,0.50,0,0,0,1000.0
2026-02-12 14:04:05,F2,20.4,20.00,0.50,1,0,0,1000.0
2026-02-12 14:04:06,F3,26.7,20.00,0.50,0,0,0,1000.0
2026-02-12 14:04:08,F1,23.7,20.00,0.50,0,0,0,1000.0
2026-02-12 14:04:09,F2,20.4,20.00,0.50,1,0,0,1000.0
2026-02-12 14:04:09,F3,26.7,20.00,0.50,0,0,0,1000.0
2026-02-12 14:04:11,F1,23.7,20.00,0.50,0,0,0,1000.0
2026-02-12 14:04:12,F2,20.4,20.00,0.50,1,0,0,1000.0
2026-02-12 14:04:13,F3,26.7,20.00,0.50,0,0,0,1000.0
2026-02-12 14:04:15,F1,23.7,20.00,0.50,0,0,0,1000.0
2026-02-12 14:04:15,F2,20.4,20.00,0.50,1,0,0,1000.0
2026-02-12 14:04:16,F3,26.7,20.00,0.50,0,0,0,1000.0
2026-02-12 14:04:18,F1,23.7,20.00,0.50,0,0,0,1000.0
2026-02-12 14:04:19,F2,20.4,20.00,0.50,1,0,0,1000.0
2026-02-12 14:04:20,F3,26.7,20.00,0.50,0,0,0,1000.0
2026-02-12 14:04:21,F1,23.7,20.00,0.50,0,0,0,1000.0
2026-02-12 14:04:22,F2,20.4,20.00,0.50,1,0,0,1000.0
2026-02-12 14:04:23,F3,26.7,20.00,0.50,0,0,0,1000.0
2026-02-12 14:04:25,F1,23.7,20.00,0.50,0,0,0,1000.0
2026-02-12 14:04:26,F2,20.4,20.00,0.50,1,0,0,1000.0
2026-02-12 14:04:26,F3,26.7,20.00,0.50,0,0,0,1000.0
2026-02-12 14:04:28,F1,23.7,20.00,0.50,0,0,0,1000.0
2026-02-12 14:04:29,F2,20.4,20.00,0.50,1,0,0,1000.0
2026-02-12 14:04:30,F3,26.7,20.00,0.50,0,0,0,1000.0
2026-02-12 14:04:32,F1,23.7,20.00,0.50,0,0,0,1000.0
2026-02-12 14:04:32,F2,20.3,20.00,0.50,1,0,0,1000.0
2026-02-12 14:04:33,F3,26.7,20.00,0.50,0,0,0,1000.0
2026-02-12 14:04:35,F1,23.7,20.00,0.50,0,0,0,1000.0
2026-02-12 14:04:36,F2,20.3,20.00,0.50,1,0,0,1000.0
2026-02-12 14:04:37,F3,26.7,20.00,0.50,0,0,0,1000.0
2026-02-12 14:04:39,F1,23.7,20.00,0.50,0,0,0,1000.0
2026-02-12 14:04:39,F2,20.3,20.00,0.50,1,0,0,1000.0
2026-02-12 14:04:40,F3,26.7,20.00,0.50,0,0,0,1000.0
2026-02-12 14:04:42,F1,23.7,20.00,0.50,0,0,0,1000.0
2026-02-12 14:04:43,F2,20.3,20.00,0.50,1,0,0,1000.0
2026-02-12 14:04:43,F3,26.7,20.00,0.50,0,0,0,1000.0
2026-02-12 14:04:45,F1,23.7,20.00,0.50,0,0,0,1000.0
2026-02-12 14:04:46,F2,20.2,20.00,0.50,1,0,0,1000.0
2026-02-12 14:04:47,F3,26.7,20.00,0.50,0,0,0,1000.0
2026-02-12 14:04:49,F1,23.7,20.00,0.50,0,0,0,1000.0
2026-02-12 14:04:50,F2,20.2,20.00,0.50,1,0,0,1000.0
2026-02-12 14:04:50,F3,26.7,20.00,0.50,0,0,0,1000.0
2026-02-12 14:04:52,F1,23.7,20.00,0.50,0,0,0,1000.0
2026-02-12 14:04:53,F2,20.2,20.00,0.50,1,0,0,1000.0
2026-02-12 14:04:54,F3,26.6,20.00,0.50,0,0,0,1000.0
2026-02-12 14:04:55,F1,23.7,20.00,0.50,0,0,0,1000.0
2026-02-12 14:04:56,F2,20.2,20.00,0.50,1,0,0,1000.0
2026-02-12 14:04:57,F3,26.7,20.00,0.50,0,0,0,1000.0
2026-02-12 14:04:59,F1,23.7,20.00,0.50,0,0,0,1000.0
2026-02-12 14:05:00,F2,20.2,20.00,0.50,1,0,0,1000.0
2026-02-12 14:05:01,F3,26.7,20.00,0.50,0,0,0,1000.0
2026-02-12 14:05:02,F1,23.7,20.00,0.50,0,0,0,1000.0
2026-02-12 14:05:03,F2,20.2,20.00,0.50,1,0,0,1000.0
2026-02-12 14:05:04,F3,26.7,20.00,0.50,0,0,0,1000.0
2026-02-12 14:05:06,F1,23.7,20.00,0.50,0,0,0,1000.0
2026-02-12 14:05:07,F2,20.2,20.00,0.50,1,0,0,1000.0
2026-02-12 14:05:07,F3,26.7,20.00,0.50,0,0,0,1000.0
2026-02-12 14:05:09,F1,23.7,20.00,0.50,0,0,0,1000.0
2026-02-12 14:05:10,F2,20.2,20.00,0.50,1,0,0,1000.0
2026-02-12 14:05:11,F3,26.7,20.00,0.50,0,0,0,1000.0
2026-02-12 14:05:13,F1,23.7,20.00,0.50,0,0,0,1000.0
2026-02-12 14:05:13,F2,20.1,20.00,0.50,1,0,0,1000.0
2026-02-12 14:05:14,F3,26.7,20.00,0.50,0,0,0,1000.0
2026-02-12 14:05:16,F1,23.7,20.00,0.50,0,0,0,1000.0
2026-02-12 14:05:17,F2,20.1,20.00,0.50,1,0,0,1000.0
2026-02-12 14:05:18,F3,26.7,20.00,0.50,0,0,0,1000.0
2026-02-12 14:05:19,F1,23.6,20.00,0.50,0,0,0,1000.0
2026-02-12 14:05:20,F2,20.1,20.00,0.50,1,0,0,1000.0
2026-02-12 14:05:21,F3,26.7,20.00,0.50,0,0,0,1000.0
2026-02-12 14:05:23,F1,23.6,20.00,0.50,0,0,0,1000.0
2026-02-12 14:05:24,F2,20.1,20.00,0.50,1,0,0,1000.0
2026-02-12 14:05:24,F3,26.7,20.00,0.50,0,0,0,1000.0
2026-02-12 14:05:26,F1,23.7,20.00,0.50,0,0,0,1000.0
2026-02-12 14:05:27,F2,20.1,20.00,0.50,1,0,0,1000.0
2026-02-12 14:05:28,F3,26.7,20.00,0.50,0,0,0,1000.0
2026-02-12 14:05:30,F1,23.7,20.00,0.50,0,0,0,1000.0
2026-02-12 14:05:30,F2,20.1,20.00,0.50,1,0,0,1000.0
2026-02-12 14:05:31,F3,26.7,20.00,0.50,0,0,0,1000.0
2026-02-12 14:05:33,F1,23.7,20.00,0.50,0,0,0,1000.0
2026-02-12 14:05:34,F2,20.1,20.00,0.50,1,0,0,1000.0
2026-02-12 14:05:35,F3,26.7,20.00,0.50,0,0,0,1000.0
2026-02-12 14:05:36,F1,23.6,20.00,0.50,0,0,0,1000.0
2026-02-12 14:05:37,F2,20.1,20.00,0.50,1,0,0,1000.0
2026-02-12 14:05:38,F3,26.7,20.00,0.50,0,0,0,1000.0
2026-02-12 14:05:40,F1,23.7,20.00,0.50,0,0,0,1000.0
2026-02-12 14:05:41,F2,20.1,20.00,0.50,1,0,0,1000.0
2026-02-12 14:05:41,F3,26.7,20.00,0.50,0,0,0,1000.0
2026-02-12 14:05:43,F1,23.7,20.00,0.50,0,0,0,1000.0
2026-02-12 14:05:44,F2,20.0,20.00,0.50,1,0,0,1000.0
2026-02-12 14:05:45,F3,26.7,20.00,0.50,0,0,0,1000.0
2026-02-12 14:05:47,F1,23.7,20.00,0.50,0,0,0,1000.0
2026-02-12 14:05:48,F2,20.0,20.00,0.50,1,0,0,1000.0
2026-02-12 14:05:48,F3,26.7,20.00,0.50,0,0,0,1000.0
2026-02-12 14:05:50,F1,23.6,20.00,0.50,0,0,0,1000.0
2026-02-12 14:05:51,F2,20.0,20.00,0.50,1,0,0,1000.0
2026-02-12 14:05:52,F3,26.8,20.00,0.50,0,0,0,1000.0
2026-02-12 14:05:54,F1,23.7,20.00,0.50,0,0,0,1000.0
2026-02-12 14:05:54,F2,20.0,20.00,0.50,1,0,0,1000.0
2026-02-12 14:05:55,F3,26.8,20.00,0.50,0,0,0,1000.0
2026-02-12 14:05:57,F1,23.6,20.00,0.50,0,0,0,1000.0
2026-02-12 14:05:58,F2,20.0,20.00,0.50,1,0,0,1000.0
2026-02-12 14:05:59,F3,26.8,20.00,0.50,0,0,0,1000.0
2026-02-12 14:06:00,F1,23.6,20.00,0.50,0,0,0,1000.0
2026-02-12 14:06:01,F2,20.0,20.00,0.50,1,0,0,1000.0
2026-02-12 14:06:02,F3,26.8,20.00,0.50,0,0,0,1000.0
2026-02-12 14:06:04,F1,23.6,20.00,0.50,0,0,0,1000.0
2026-02-12 14:06:05,F2,19.9,20.00,0.50,1,0,0,1000.0
2026-02-12 14:06:05,F3,26.8,20.00,0.50,0,0,0,1000.0
2026-02-12 14:06:07,F1,23.6,20.00,0.50,0,0,0,1000.0
2026-02-12 14:06:08,F2,19.9,20.00,0.50,1,0,0,1000.0
2026-02-12 14:06:09,F3,26.8,20.00,0.50,0,0,0,1000.0
2026-02-12 14:06:11,F1,23.6,20.00,0.50,0,0,0,1000.0
2026-02-12 14:06:11,F2,19.9,20.00,0.50,1,0,0,1000.0
2026-02-12 14:06:12,F3,26.8,20.00,0.50,0,0,0,1000.0
2026-02-12 14:06:14,F1,23.7,20.00,0.50,0,0,0,1000.0
2026-02-12 14:06:15,F2,19.9,20.00,0.50,1,0,0,1000.0
2026-02-12 14:06:16,F3,26.8,20.00,0.50,0,0,0,1000.0
2026-02-12 14:06:18,F1,23.7,20.00,0.50,0,0,0,1000.0
2026-02-12 14:06:18,F2,19.9,20.00,0.50,1,0,0,1000.0
2026-02-12 14:06:19,F3,26.8,20.00,0.50,0,0,0,1000.0
2026-02-12 14:06:21,F1,23.7,20.00,0.50,0,0,0,1000.0
2026-02-12 14:06:22,F2,19.9,20.00,0.50,1,0,0,1000.0
2026-02-12 14:06:23,F3,26.8,20.00,0.50,0,0,0,1000.0
2026-02-12 14:06:24,F1,23.6,20.00,0.50,0,0,0,1000.0
2026-02-12 14:06:25,F2,19.9,20.00,0.50,1,0,0,1000.0
2026-02-12 14:06:26,F3,26.8,20.00,0.50,0,0,0,1000.0
2026-02-12 14:06:28,F1,23.7,20.00,0.50,0,0,0,1000.0
2026-02-12 14:06:29,F2,19.9,20.00,0.50,1,0,0,1000.0
2026-02-12 14:06:29,F3,26.8,20.00,0.50,0,0,0,1000.0
2026-02-12 14:06:31,F1,23.7,20.00,0.50,0,0,0,1000.0
2026-02-12 14:06:32,F2,19.9,20.00,0.50,1,0,0,1000.0
2026-02-12 14:06:33,F3,26.8,20.00,0.50,0,0,0,1000.0
2026-02-12 14:06:35,F1,23.7,20.00,0.50,0,0,0,1000.0
2026-02-12 14:06:35,F2,19.9,20.00,0.50,1,0,0,1000.0
2026-02-12 14:06:36,F3,26.8,20.00,0.50,0,0,0,1000.0
2026-02-12 14:06:38,F1,23.7,20.00,0.50,0,0,0,1000.0
2026-02-12 14:06:39,F2,19.8,20.00,0.50,1,0,0,1000.0
2026-02-12 14:06:40,F3,26.8,20.00,0.50,0,0,0,1000.0
2026-02-12 14:06:41,F1,23.7,20.00,0.50,0,0,0,1000.0
2026-02-12 14:06:42,F2,19.8,20.00,0.50,1,0,0,1000.0
2026-02-12 14:06:43,F3,26.8,20.00,0.50,0,0,0,1000.0
2026-02-12 14:06:45,F1,23.7,20.00,0.50,0,0,0,1000.0
2026-02-12 14:06:46,F2,19.8,20.00,0.50,1,0,0,1000.0
2026-02-12 14:06:46,F3,26.8,20.00,0.50,0,0,0,1000.0
2026-02-12 14:06:48,F1,23.7,20.00,0.50,0,0,0,1000.0
2026-02-12 14:06:49,F2,19.8,20.00,0.50,1,0,0,1000.0
2026-02-12 14:06:50,F3,26.8,20.00,0.50,0,0,0,1000.0
2026-02-12 14:06:52,F1,23.7,20.00,0.50,0,0,0,1000.0
2026-02-12 14:06:53,F2,19.8,20.00,0.50,1,0,0,1000.0
2026-02-12 14:06:53,F3,26.8,20.00,0.50,0,0,0,1000.0
2026-02-12 14:06:55,F1,23.7,20.00,0.50,0,0,0,1000.0
2026-02-12 14:06:56,F2,19.8,20.00,0.50,1,0,0,1000.0
2026-02-12 14:06:57,F3,26.8,20.00,0.50,0,0,0,1000.0
2026-02-12 14:06:59,F1,23.7,20.00,0.50,0,0,0,1000.0
2026-02-12 14:06:59,F2,19.8,20.00,0.50,1,0,0,1000.0
2026-02-12 14:07:00,F3,26.8,20.00,0.50,0,0,0,1000.0
2026-02-12 14:07:02,F1,23.7,20.00,0.50,0,0,0,1000.0
2026-02-12 14:07:03,F2,19.8,20.00,0.50,1,0,0,1000.0
2026-02-12 14:07:04,F3,26.8,20.00,0.50,0,0,0,1000.0
2026-02-12 14:07:05,F1,23.8,20.00,0.50,0,0,0,1000.0
2026-02-12 14:07:06,F2,19.8,20.00,0.50,1,0,0,1000.0
2026-02-12 14:07:07,F3,26.8,20.00,0.50,0,0,0,1000.0
2026-02-12 14:07:09,F1,23.7,20.00,0.50,0,0,0,1000.0
2026-02-12 14:07:10,F2,19.7,20.00,0.50,1,0,0,1000.0
2026-02-12 14:07:10,F3,26.8,20.00,0.50,0,0,0,1000.0
2026-02-12 14:07:12,F1,23.7,20.00,0.50,0,0,0,1000.0
2026-02-12 14:07:13,F2,19.7,20.00,0.50,1,0,0,1000.0
2026-02-12 14:07:14,F3,26.8,20.00,0.50,0,0,0,1000.0
2026-02-12 14:07:16,F1,23.8,20.00,0.50,0,0,0,1000.0
2026-02-12 14:07:16,F2,19.6,20.00,0.50,1,0,0,1000.0
2026-02-12 14:07:17,F3,26.8,20.00,0.50,0,0,0,1000.0
2026-02-12 14:07:19,F1,23.8,20.00,0.50,0,0,0,1000.0
2026-02-12 14:07:20,F2,19.7,20.00,0.50,1,0,0,1000.0
2026-02-12 14:07:21,F3,26.8,20.00,0.50,0,0,0,1000.0
2026-02-12 14:07:22,F1,23.7,20.00,0.50,0,0,0,1000.0
2026-02-12 14:07:23,F2,19.6,20.00,0.50,1,0,0,1000.0
2026-02-12 14:07:24,F3,26.8,20.00,0.50,0,0,0,1000.0
2026-02-12 14:07:26,F1,23.7,20.00,0.50,0,0,0,1000.0
2026-02-12 14:07:27,F2,19.6,20.00,0.50,1,0,0,1000.0
2026-02-12 14:07:27,F3,26.8,20.00,0.50,0,0,0,1000.0
2026-02-12 14:07:29,F1,23.8,20.00,0.50,0,0,0,1000.0
2026-02-12 14:07:30,F2,19.6,20.00,0.50,1,0,0,1000.0
2026-02-12 14:07:31,F3,26.8,20.00,0.50,0,0,0,1000.0
2026-02-12 14:07:33,F1,23.8,20.00,0.50,0,0,0,1000.0
2026-02-12 14:07:33,F2,19.6,20.00,0.50,1,0,0,1000.0
2026-02-12 14:07:34,F3,26.8,20.00,0.50,0,0,0,1000.0
2026-02-12 14:07:36,F1,23.8,20.00,0.50,0,0,0,1000.0
2026-02-12 14:07:37,F2,19.6,20.00,0.50,1,0,0,1000.0
2026-02-12 14:07:38,F3,26.8,20.00,0.50,0,0,0,1000.0
2026-02-12 14:07:39,F1,23.8,20.00,0.50,0,0,0,1000.0
2026-02-12 14:07:40,F2,19.6,20.00,0.50,1,0,0,1000.0
2026-02-12 14:07:41,F3,26.8,20.00,0.50,0,0,0,1000.0
2026-02-12 14:07:43,F1,23.8,20.00,0.50,0,0,0,1000.0
2026-02-12 14:07:44,F2,19.6,20.00,0.50,1,0,0,1000.0
2026-02-12 14:07:44,F3,26.8,20.00,0.50,0,0,0,1000.0
2026-02-12 14:07:46,F1,23.8,20.00,0.50,0,0,0,1000.0
2026-02-12 14:07:47,F2,19.6,20.00,0.50,1,0,0,1000.0
2026-02-12 14:07:48,F3,26.8,20.00,0.50,0,0,0,1000.0
2026-02-12 14:07:50,F1,23.8,20.00,0.50,0,0,0,1000.0
2026-02-12 14:07:50,F2,19.6,20.00,0.50,1,0,0,1000.0
2026-02-12 14:07:51,F3,26.8,20.00,0.50,0,0,0,1000.0
2026-02-12 14:07:53,F1,23.8,20.00,0.50,0,0,0,1000.0
2026-02-12 14:07:54,F2,19.6,20.00,0.50,1,0,0,1000.0
2026-02-12 14:07:55,F3,26.8,20.00,0.50,0,0,0,1000.0
2026-02-12 14:07:56,F1,23.8,20.00,0.50,0,0,0,1000.0
2026-02-12 14:07:57,F2,19.5,20.00,0.50,0,1,0,1000.0
2026-02-12 14:07:58,F3,26.8,20.00,0.50,0,0,0,1000.0
2026-02-12 14:08:00,F1,23.8,20.00,0.50,0,0,0,1000.0
2026-02-12 14:08:01,F2,19.5,20.00,0.50,0,1,0,1000.0
2026-02-12 14:08:02,F3,26.8,20.00,0.50,0,0,0,1000.0
2026-02-12 14:08:03,F1,23.8,20.00,0.50,0,0,0,1000.0
2026-02-12 14:08:04,F2,19.4,20.00,0.50,0,1,0,1000.0
2026-02-12 14:08:05,F3,26.8,20.00,0.50,0,0,0,1000.0
2026-02-12 14:08:07,F1,23.8,20.00,0.50,0,0,0,1000.0
2026-02-12 14:08:08,F2,19.5,20.00,0.50,0,1,0,1000.0
2026-02-12 14:08:08,F3,26.8,20.00,0.50,0,0,0,1000.0
2026-02-12 14:08:10,F1,23.8,20.00,0.50,0,0,0,1000.0
2026-02-12 14:08:11,F2,19.4,20.00,0.50,0,1,0,1000.0
2026-02-12 14:08:12,F3,26.8,20.00,0.50,0,0,0,1000.0
2026-02-12 14:08:14,F1,23.8,20.00,0.50,0,0,0,1000.0
2026-02-12 14:08:14,F2,19.4,20.00,0.50,0,1,0,1000.0
2026-02-12 14:08:15,F3,26.8,20.00,0.50,0,0,0,1000.0
2026-02-12 14:08:17,F1,23.8,20.00,0.50,0,0,0,1000.0
2026-02-12 14:08:18,F2,19.4,20.00,0.50,0,1,0,1000.0
2026-02-12 14:08:19,F3,26.8,20.00,0.50,0,0,0,1000.0
2026-02-12 14:08:20,F1,23.8,20.00,0.50,0,0,0,1000.0
2026-02-12 14:08:21,F2,19.4,20.00,0.50,0,1,0,1000.0
2026-02-12 14:08:22,F3,26.8,20.00,0.50,0,0,0,1000.0
2026-02-12 14:08:24,F1,23.8,20.00,0.50,0,0,0,1000.0
2026-02-12 14:08:25,F2,19.4,20.00,0.50,0,1,0,1000.0
2026-02-12 14:08:25,F3,26.7,20.00,0.50,0,0,0,1000.0
2026-02-12 14:08:27,F1,23.8,20.00,0.50,0,0,0,1000.0
2026-02-12 14:08:28,F2,19.4,20.00,0.50,0,1,0,1000.0
2026-02-12 14:08:29,F3,26.8,20.00,0.50,0,0,0,1000.0
2026-02-12 14:08:31,F1,23.8,20.00,0.50,0,0,0,1000.0
2026-02-12 14:08:31,F2,19.4,20.00,0.50,0,1,0,1000.0
2026-02-12 14:08:32,F3,26.7,20.00,0.50,0,0,0,1000.0
2026-02-12 14:08:34,F1,23.8,20.00,0.50,0,0,0,1000.0
2026-02-12 14:08:35,F2,19.4,20.00,0.50,0,1,0,1000.0
2026-02-12 14:08:36,F3,26.7,20.00,0.50,0,0,0,1000.0
2026-02-12 14:08:38,F1,23.8,20.00,0.50,0,0,0,1000.0
2026-02-12 14:08:38,F2,19.4,20.00,0.50,0,1,0,1000.0
2026-02-12 14:08:39,F3,26.8,20.00,0.50,0,0,0,1000.0
2026-02-12 14:08:41,F1,23.8,20.00,0.50,0,0,0,1000.0
2026-02-12 14:08:42,F2,19.4,20.00,0.50,0,1,0,1000.0
2026-02-12 14:08:43,F3,26.8,20.00,0.50,0,0,0,1000.0
2026-02-12 14:08:44,F1,23.8,20.00,0.50,0,0,0,1000.0
2026-02-12 14:08:45,F2,19.4,20.00,0.50,0,1,0,1000.0
2026-02-12 14:08:46,F3,26.7,20.00,0.50,0,0,0,1000.0
2026-02-12 14:08:48,F1,23.8,20.00,0.50,0,0,0,1000.0
2026-02-12 14:08:49,F2,19.4,20.00,0.50,0,1,0,1000.0
2026-02-12 14:08:49,F3,26.8,20.00,0.50,0,0,0,1000.0
2026-02-12 14:08:51,F1,23.8,20.00,0.50,0,0,0,1000.0
2026-02-12 14:08:52,F2,19.4,20.00,0.50,0,1,0,1000.0
2026-02-12 14:08:53,F3,26.8,20.00,0.50,0,0,0,1000.0
2026-02-12 14:08:55,F1,23.8,20.00,0.50,0,0,0,1000.0
2026-02-12 14:08:55,F2,19.4,20.00,0.50,0,1,0,1000.0
2026-02-12 14:08:56,F3,26.8,20.00,0.50,0,0,0,1000.0
2026-02-12 14:08:58,F1,23.8,20.00,0.50,0,0,0,1000.0
2026-02-12 14:08:59,F2,19.4,20.00,0.50,0,1,0,1000.0
2026-02-12 14:09:00,F3,26.8,20.00,0.50,0,0,0,1000.0
2026-02-12 14:09:01,F1,23.8,20.00,0.50,0,0,0,1000.0
2026-02-12 14:09:02,F2,19.4,20.00,0.50,0,1,0,1000.0
2026-02-12 14:09:03,F3,26.8,20.00,0.50,0,0,0,1000.0
2026-02-12 14:09:05,F1,23.8,20.00,0.50,0,0,0,1000.0
2026-02-12 14:09:06,F2,19.4,20.00,0.50,0,1,0,1000.0
2026-02-12 14:09:06,F3,26.8,20.00,0.50,0,0,0,1000.0
2026-02-12 14:09:08,F1,23.8,20.00,0.50,0,0,0,1000.0
2026-02-12 14:09:09,F2,19.3,20.00,0.50,0,1,0,1000.0
2026-02-12 14:09:10,F3,26.8,20.00,0.50,0,0,0,1000.0
2026-02-12 14:09:12,F1,23.8,20.00,0.50,0,0,0,1000.0
2026-02-12 14:09:13,F2,19.4,20.00,0.50,0,1,0,1000.0
2026-02-12 14:09:13,F3,26.8,20.00,0.50,0,0,0,1000.0
2026-02-12 14:09:15,F1,23.8,20.00,0.50,0,0,0,1000.0
2026-02-12 14:09:16,F2,19.4,20.00,0.50,0,1,0,1000.0
2026-02-12 14:09:17,F3,26.8,20.00,0.50,0,0,0,1000.0
2026-02-12 14:09:19,F1,23.9,20.00,0.50,0,0,0,1000.0
2026-02-12 14:09:19,F2,19.4,20.00,0.50,0,1,0,1000.0
2026-02-12 14:09:20,F3,26.8,20.00,0.50,0,0,0,1000.0
2026-02-12 14:09:22,F1,23.9,20.00,0.50,0,0,0,1000.0
2026-02-12 14:09:23,F2,19.4,20.00,0.50,0,1,0,1000.0
2026-02-12 14:09:24,F3,26.8,20.00,0.50,0,0,0,1000.0
2026-02-12 14:09:25,F1,23.9,20.00,0.50,0,0,0,1000.0
2026-02-12 14:09:26,F2,19.5,20.00,0.50,0,1,0,1000.0
2026-02-12 14:09:27,F3,26.8,20.00,0.50,0,0,0,1000.0
2026-02-12 14:09:29,F1,23.8,20.00,0.50,0,0,0,1000.0
2026-02-12 14:09:30,F2,19.5,20.00,0.50,0,1,0,1000.0
2026-02-12 14:09:30,F3,26.8,20.00,0.50,0,0,0,1000.0
2026-02-12 14:09:32,F1,23.9,20.00,0.50,0,0,0,1000.0
2026-02-12 14:09:33,F2,19.5,20.00,0.50,0,1,0,1000.0
2026-02-12 14:09:34,F3,26.8,20.00,0.50,0,0,0,1000.0
2026-02-12 14:09:36,F1,23.9,20.00,0.50,0,0,0,1000.0
2026-02-12 14:09:36,F2,19.5,20.00,0.50,0,1,0,1000.0
2026-02-12 14:09:37,F3,26.8,20.00,0.50,0,0,0,1000.0
2026-02-12 14:09:39,F1,23.8,20.00,0.50,0,0,0,1000.0
2026-02-12 14:09:40,F2,19.6,20.00,0.50,0,1,0,1000.0
2026-02-12 14:09:41,F3,26.8,20.00,0.50,0,0,0,1000.0
2026-02-12 14:09:42,F1,23.8,20.00,0.50,0,0,0,1000.0
2026-02-12 14:09:43,F2,19.5,20.00,0.50,0,1,0,1000.0
2026-02-12 14:09:44,F3,26.7,20.00,0.50,0,0,0,1000.0
2026-02-12 14:09:46,F1,23.8,20.00,0.50,0,0,0,1000.0
2026-02-12 14:09:47,F2,19.6,20.00,0.50,0,1,0,1000.0
2026-02-12 14:09:48,F3,26.8,20.00,0.50,0,0,0,1000.0
2026-02-12 14:09:49,F1,23.8,20.00,0.50,0,0,0,1000.0
2026-02-12 14:09:50,F2,19.6,20.00,0.50,0,1,0,1000.0
2026-02-12 14:09:51,F3,26.7,20.00,0.50,0,0,0,1000.0
2026-02-12 14:09:53,F1,23.8,20.00,0.50,0,0,0,1000.0
2026-02-12 14:09:54,F2,19.6,20.00,0.50,0,1,0,1000.0
2026-02-12 14:09:54,F3,26.7,20.00,0.50,0,0,0,1000.0
2026-02-12 14:09:56,F1,23.8,20.00,0.50,0,0,0,1000.0
2026-02-12 14:09:57,F2,19.7,20.00,0.50,0,1,0,1000.0
2026-02-12 14:09:58,F3,26.8,20.00,0.50,0,0,0,1000.0
2026-02-12 14:10:00,F1,23.8,20.00,0.50,0,0,0,1000.0
2026-02-12 14:10:00,F2,19.6,20.00,0.50,0,1,0,1000.0
2026-02-12 14:10:01,F3,26.7,20.00,0.50,0,0,0,1000.0
2026-02-12 14:10:03,F1,23.8,20.00,0.50,0,0,0,1000.0
2026-02-12 14:10:04,F2,19.7,20.00,0.50,0,1,0,1000.0
2026-02-12 14:10:05,F3,26.7,20.00,0.50,0,0,0,1000.0
2026-02-12 14:10:06,F1,23.8,20.00,0.50,0,0,0,1000.0
2026-02-12 14:10:07,F2,19.7,20.00,0.50,0,1,0,1000.0
2026-02-12 14:10:08,F3,26.8,20.00,0.50,0,0,0,1000.0
2026-02-12 14:10:10,F1,23.8,20.00,0.50,0,0,0,1000.0
2026-02-12 14:10:11,F2,19.7,20.00,0.50,0,1,0,1000.0
2026-02-12 14:10:11,F3,26.7,20.00,0.50,0,0,0,1000.0
2026-02-12 14:10:13,F1,23.8,20.00,0.50,0,0,0,1000.0
2026-02-12 14:10:14,F2,19.8,20.00,0.50,0,1,0,1000.0
2026-02-12 14:10:15,F3,26.7,20.00,0.50,0,0,0,1000.0
2026-02-12 14:10:17,F1,23.8,20.00,0.50,0,0,0,1000.0
2026-02-12 14:10:17,F2,19.8,20.00,0.50,0,1,0,1000.0
2026-02-12 14:10:18,F3,26.8,20.00,0.50,0,0,0,1000.0
2026-02-12 14:10:20,F1,23.8,20.00,0.50,0,0,0,1000.0
2026-02-12 14:10:21,F2,19.8,20.00,0.50,0,1,0,1000.0
2026-02-12 14:10:22,F3,26.7,20.00,0.50,0,0,0,1000.0
2026-02-12 14:10:23,F1,23.8,20.00,0.50,0,0,0,1000.0
2026-02-12 14:10:24,F2,19.8,20.00,0.50,0,1,0,1000.0
2026-02-12 14:10:25,F3,26.7,20.00,0.50,0,0,0,1000.0
2026-02-12 14:10:27,F1,23.8,20.00,0.50,0,0,0,1000.0
2026-02-12 14:10:28,F2,19.9,20.00,0.50,0,1,0,1000.0
2026-02-12 14:10:28,F3,26.8,20.00,0.50,0,0,0,1000.0
2026-02-12 14:10:30,F1,23.8,20.00,0.50,0,0,0,1000.0
2026-02-12 14:10:31,F2,19.9,20.00,0.50,0,1,0,1000.0
2026-02-12 14:10:32,F3,26.7,20.00,0.50,0,0,0,1000.0
2026-02-12 14:10:34,F1,23.8,20.00,0.50,0,0,0,1000.0
2026-02-12 14:10:34,F2,19.9,20.00,0.50,0,1,0,1000.0
2026-02-12 14:10:35,F3,26.7,20.00,0.50,0,0,0,1000.0
2026-02-12 14:10:37,F1,23.8,20.00,0.50,0,0,0,1000.0
2026-02-12 14:10:38,F2,20.0,20.00,0.50,0,1,0,1000.0
2026-02-12 14:10:39,F3,26.7,20.00,0.50,0,0,0,1000.0
2026-02-12 14:10:40,F1,23.8,20.00,0.50,0,0,0,1000.0
2026-02-12 14:10:41,F2,20.0,20.00,0.50,0,1,0,1000.0
2026-02-12 14:10:42,F3,26.7,20.00,0.50,0,0,0,1000.0
2026-02-12 14:10:44,F1,23.8,20.00,0.50,0,0,0,1000.0
2026-02-12 14:10:45,F2,20.0,20.00,0.50,0,1,0,1000.0
2026-02-12 14:10:45,F3,26.7,20.00,0.50,0,0,0,1000.0
2026-02-12 14:10:47,F1,23.8,20.00,0.50,0,0,0,1000.0
2026-02-12 14:10:48,F2,20.1,20.00,0.50,0,1,0,1000.0
2026-02-12 14:10:49,F3,26.7,20.00,0.50,0,0,0,1000.0
2026-02-12 14:10:51,F1,23.8,20.00,0.50,0,0,0,1000.0
2026-02-12 14:10:52,F2,20.1,20.00,0.50,0,1,0,1000.0
2026-02-12 14:10:52,F3,26.7,20.00,0.50,0,0,0,1000.0
2026-02-12 14:10:54,F1,23.8,20.00,0.50,0,0,0,1000.0
2026-02-12 14:10:55,F2,20.1,20.00,0.50,0,1,0,1000.0
2026-02-12 14:10:56,F3,26.8,20.00,0.50,0,0,0,1000.0
2026-02-12 14:10:58,F1,23.8,20.00,0.50,0,0,0,1000.0
2026-02-12 14:10:58,F2,20.1,20.00,0.50,0,1,0,1000.0
2026-02-12 14:10:59,F3,26.8,20.00,0.50,0,0,0,1000.0
2026-02-12 14:11:01,F1,23.8,20.00,0.50,0,0,0,1000.0
2026-02-12 14:11:02,F2,20.1,20.00,0.50,0,1,0,1000.0
2026-02-12 14:11:03,F3,26.8,20.00,0.50,0,0,0,1000.0
2026-02-12 14:11:04,F1,23.9,20.00,0.50,0,0,0,1000.0
2026-02-12 14:11:05,F2,20.2,20.00,0.50,0,1,0,1000.0
2026-02-12 14:11:06,F3,26.7,20.00,0.50,0,0,0,1000.0
2026-02-12 14:11:08,F1,23.9,20.00,0.50,0,0,0,1000.0
2026-02-12 14:11:09,F2,20.2,20.00,0.50,0,1,0,1000.0
2026-02-12 14:11:09,F3,26.8,20.00,0.50,0,0,0,1000.0
2026-02-12 14:11:11,F1,23.9,20.00,0.50,0,0,0,1000.0
2026-02-12 14:11:12,F2,20.2,20.00,0.50,0,1,0,1000.0
2026-02-12 14:11:13,F3,26.8,20.00,0.50,0,0,0,1000.0
2026-02-12 14:11:15,F1,23.9,20.00,0.50,0,0,0,1000.0
2026-02-12 14:11:15,F2,20.2,20.00,0.50,0,1,0,1000.0
2026-02-12 14:11:16,F3,26.8,20.00,0.50,0,0,0,1000.0
2026-02-12 14:11:18,F1,23.9,20.00,0.50,0,0,0,1000.0
2026-02-12 14:11:19,F2,20.3,20.00,0.50,0,1,0,1000.0
2026-02-12 14:11:20,F3,26.8,20.00,0.50,0,0,0,1000.0
2026-02-12 14:11:21,F1,23.9,20.00,0.50,0,0,0,1000.0
2026-02-12 14:11:22,F2,20.3,20.00,0.50,0,1,0,1000.0
2026-02-12 14:11:23,F3,26.8,20.00,0.50,0,0,0,1000.0
2026-02-12 14:11:25,F1,23.9,20.00,0.50,0,0,0,1000.0
2026-02-12 14:11:26,F2,20.4,20.00,0.50,0,1,0,1000.0
2026-02-12 14:11:26,F3,26.8,20.00,0.50,0,0,0,1000.0
2026-02-12 14:11:28,F1,23.9,20.00,0.50,0,0,0,1000.0
2026-02-12 14:11:29,F2,20.4,20.00,0.50,0,1,0,1000.0
2026-02-12 14:11:30,F3,26.8,20.00,0.50,0,0,0,1000.0
2026-02-12 14:11:32,F1,23.9,20.00,0.50,0,0,0,1000.0
2026-02-12 14:11:32,F2,20.4,20.00,0.50,0,1,0,1000.0
2026-02-12 14:11:33,F3,26.8,20.00,0.50,0,0,0,1000.0
2026-02-12 14:11:35,F1,23.9,20.00,0.50,0,0,0,1000.0
2026-02-12 14:11:36,F2,20.4,20.00,0.50,0,1,0,1000.0
2026-02-12 14:11:37,F3,26.8,20.00,0.50,0,0,0,1000.0
2026-02-12 14:11:39,F1,23.8,20.00,0.50,0,0,0,1000.0
2026-02-12 14:11:39,F2,20.4,20.00,0.50,0,1,0,1000.0
2026-02-12 14:11:40,F3,26.8,20.00,0.50,0,0,0,1000.0
2026-02-12 14:11:42,F1,23.9,20.00,0.50,0,0,0,1000.0
2026-02-12 14:11:43,F2,20.5,20.00,0.50,1,0,0,1000.0
2026-02-12 14:11:43,F3,26.8,20.00,0.50,0,0,0,1000.0
2026-02-12 14:11:45,F1,23.9,20.00,0.50,0,0,0,1000.0
2026-02-12 14:11:46,F2,20.5,20.00,0.50,1,0,0,1000.0
2026-02-12 14:11:47,F3,26.8,20.00,0.50,0,0,0,1000.0
2026-02-12 14:11:49,F1,23.9,20.00,0.50,0,0,0,1000.0
2026-02-12 14:11:50,F2,20.5,20.00,0.50,1,0,0,1000.0
2026-02-12 14:11:50,F3,26.8,20.00,0.50,0,0,0,1000.0
2026-02-12 14:11:52,F1,23.9,20.00,0.50,0,0,0,1000.0
2026-02-12 14:11:53,F2,20.6,20.00,0.50,1,0,0,1000.0
2026-02-12 14:11:54,F3,26.8,20.00,0.50,0,0,0,1000.0
2026-02-12 14:11:55,F1,23.8,20.00,0.50,0,0,0,1000.0
2026-02-12 14:11:56,F2,20.6,20.00,0.50,1,0,0,1000.0
2026-02-12 14:11:57,F3,26.8,20.00,0.50,0,0,0,1000.0
2026-02-12 14:11:59,F1,23.8,20.00,0.50,0,0,0,1000.0
2026-02-12 14:12:00,F2,20.6,20.00,0.50,1,0,0,1000.0
2026-02-12 14:12:01,F3,26.8,20.00,0.50,0,0,0,1000.0
2026-02-12 14:12:02,F1,23.9,20.00,0.50,0,0,0,1000.0
2026-02-12 14:12:03,F2,20.6,20.00,0.50,1,0,0,1000.0
2026-02-12 14:12:04,F3,26.8,20.00,0.50,0,0,0,1000.0
2026-02-12 14:12:06,F1,23.9,20.00,0.50,0,0,0,1000.0
2026-02-12 14:12:07,F2,20.6,20.00,0.50,1,0,0,1000.0
2026-02-12 14:12:07,F3,26.9,20.00,0.50,0,0,0,1000.0
2026-02-12 14:12:09,F1,23.8,20.00,0.50,0,0,0,1000.0
2026-02-12 14:12:10,F2,20.6,20.00,0.50,1,0,0,1000.0
2026-02-12 14:12:11,F3,26.9,20.00,0.50,0,0,0,1000.0
2026-02-12 14:12:13,F1,23.9,20.00,0.50,0,0,0,1000.0
2026-02-12 14:12:13,F2,20.7,20.00,0.50,1,0,0,1000.0
2026-02-12 14:12:14,F3,26.9,20.00,0.50,0,0,0,1000.0
2026-02-12 14:12:16,F1,23.9,20.00,0.50,0,0,0,1000.0
2026-02-12 14:12:17,F2,20.7,20.00,0.50,1,0,0,1000.0
2026-02-12 14:12:18,F3,26.9,20.00,0.50,0,0,0,1000.0
2026-02-12 14:12:19,F1,23.9,20.00,0.50,0,0,0,1000.0
2026-02-12 14:12:20,F2,20.8,20.00,0.50,1,0,0,1000.0
2026-02-12 14:12:21,F3,26.9,20.00,0.50,0,0,0,1000.0
2026-02-12 14:12:23,F1,23.9,20.00,0.50,0,0,0,1000.0
2026-02-12 14:12:24,F2,20.8,20.00,0.50,1,0,0,1000.0
2026-02-12 14:12:24,F3,26.9,20.00,0.50,0,0,0,1000.0
2026-02-12 14:12:26,F1,23.9,20.00,0.50,0,0,0,1000.0
2026-02-12 14:12:27,F2,20.8,20.00,0.50,1,0,0,1000.0
2026-02-12 14:12:28,F3,26.9,20.00,0.50,0,0,0,1000.0
2026-02-12 14:12:30,F1,23.9,20.00,0.50,0,0,0,1000.0
2026-02-12 14:12:30,F2,20.8,20.00,0.50,1,0,0,1000.0
2026-02-12 14:12:31,F3,26.9,20.00,0.50,0,0,0,1000.0
2026-02-12 14:12:33,F1,23.9,20.00,0.50,0,0,0,1000.0
2026-02-12 14:12:34,F2,20.8,20.00,0.50,1,0,0,1000.0
2026-02-12 14:12:35,F3,27.0,20.00,0.50,0,0,0,1000.0
2026-02-12 14:12:36,F1,23.9,20.00,0.50,0,0,0,1000.0
2026-02-12 14:12:37,F2,20.8,20.00,0.50,1,0,0,1000.0
2026-02-12 14:12:38,F3,27.0,20.00,0.50,0,0,0,1000.0
2026-02-12 14:12:40,F1,23.9,20.00,0.50,0,0,0,1000.0
2026-02-12 14:12:41,F2,20.9,20.00,0.50,1,0,0,1000.0
2026-02-12 14:12:42,F3,27.0,20.00,0.50,0,0,0,1000.0
2026-02-12 14:12:43,F1,24.0,20.00,0.50,0,0,0,1000.0
2026-02-12 14:12:44,F2,20.9,20.00,0.50,1,0,0,1000.0
2026-02-12 14:12:45,F3,27.0,20.00,0.50,0,0,0,1000.0
2026-02-12 14:12:47,F1,24.0,20.00,0.50,0,0,0,1000.0
2026-02-12 14:12:47,F2,20.9,20.00,0.50,1,0,0,1000.0
2026-02-12 14:12:48,F3,27.0,20.00,0.50,0,0,0,1000.0
2026-02-12 14:12:50,F1,24.0,20.00,0.50,0,0,0,1000.0
2026-02-12 14:12:51,F2,20.9,20.00,0.50,1,0,0,1000.0
2026-02-12 14:12:52,F3,27.0,20.00,0.50,0,0,0,1000.0
2026-02-12 14:12:54,F1,24.0,20.00,0.50,0,0,0,1000.0
2026-02-12 14:12:54,F2,20.9,20.00,0.50,1,0,0,1000.0
2026-02-12 14:12:55,F3,27.0,20.00,0.50,0,0,0,1000.0
2026-02-12 14:12:57,F1,24.0,20.00,0.50,0,0,0,1000.0
2026-02-12 14:12:58,F2,20.9,20.00,0.50,1,0,0,1000.0
2026-02-12 14:12:59,F3,26.9,20.00,0.50,0,0,0,1000.0
2026-02-12 14:13:00,F1,23.9,20.00,0.50,0,0,0,1000.0
2026-02-12 14:13:01,F2,20.9,20.00,0.50,1,0,0,1000.0
2026-02-12 14:13:02,F3,27.0,20.00,0.50,0,0,0,1000.0
2026-02-12 14:13:04,F1,23.9,20.00,0.50,0,0,0,1000.0
2026-02-12 14:13:05,F2,20.9,20.00,0.50,1,0,0,1000.0
2026-02-12 14:13:05,F3,27.0,20.00,0.50,0,0,0,1000.0
2026-02-12 14:13:07,F1,23.9,20.00,0.50,0,0,0,1000.0
2026-02-12 14:13:08,F2,20.9,20.00,0.50,1,0,0,1000.0
2026-02-12 14:13:09,F3,27.0,20.00,0.50,0,0,0,1000.0
2026-02-12 14:13:11,F1,23.9,20.00,0.50,0,0,0,1000.0
2026-02-12 14:13:12,F2,20.9,20.00,0.50,1,0,0,1000.0
2026-02-12 14:13:12,F3,27.1,20.00,0.50,0,0,0,1000.0
2026-02-12 14:13:14,F1,23.9,20.00,0.50,0,0,0,1000.0
2026-02-12 14:13:15,F2,20.9,20.00,0.50,1,0,0,1000.0
2026-02-12 14:13:16,F3,27.1,20.00,0.50,0,0,0,1000.0
2026-02-12 14:13:18,F1,23.9,20.00,0.50,0,0,0,1000.0
2026-02-12 14:13:18,F2,20.9,20.00,0.50,1,0,0,1000.0
2026-02-12 14:13:19,F3,27.1,20.00,0.50,0,0,0,1000.0
2026-02-12 14:13:21,F1,23.9,20.00,0.50,0,0,0,1000.0
2026-02-12 14:13:22,F2,20.9,20.00,0.50,1,0,0,1000.0
2026-02-12 14:13:23,F3,27.1,20.00,0.50,0,0,0,1000.0
2026-02-12 14:13:24,F1,23.9,20.00,0.50,0,0,0,1000.0
2026-02-12 14:13:25,F2,20.9,20.00,0.50,1,0,0,1000.0
2026-02-12 14:13:26,F3,27.0,20.00,0.50,0,0,0,1000.0
2026-02-12 14:13:28,F1,23.9,20.00,0.50,0,0,0,1000.0
2026-02-12 14:13:29,F2,20.8,20.00,0.50,1,0,0,1000.0
2026-02-12 14:13:29,F3,27.0,20.00,0.50,0,0,0,1000.0
2026-02-12 14:13:31,F1,23.9,20.00,0.50,0,0,0,1000.0
2026-02-12 14:13:32,F2,20.8,20.00,0.50,1,0,0,1000.0
2026-02-12 14:13:33,F3,27.0,20.00,0.50,0,0,0,1000.0
2026-02-12 14:13:35,F1,23.9,20.00,0.50,0,0,0,1000.0
2026-02-12 14:13:35,F2,20.8,20.00,0.50,1,0,0,1000.0
2026-02-12 14:13:36,F3,27.0,20.00,0.50,0,0,0,1000.0
2026-02-12 14:13:38,F1,23.9,20.00,0.50,0,0,0,1000.0
2026-02-12 14:13:39,F2,20.8,20.00,0.50,1,0,0,1000.0
2026-02-12 14:13:40,F3,27.0,20.00,0.50,0,0,0,1000.0
2026-02-12 14:13:41,F1,23.9,20.00,0.50,0,0,0,1000.0
2026-02-12 14:13:42,F2,20.8,20.00,0.50,1,0,0,1000.0
2026-02-12 14:13:43,F3,27.0,20.00,0.50,0,0,0,1000.0
2026-02-12 14:13:45,F1,23.9,20.00,0.50,0,0,0,1000.0
2026-02-12 14:13:46,F2,20.8,20.00,0.50,1,0,0,1000.0
2026-02-12 14:13:46,F3,27.0,20.00,0.50,0,0,0,1000.0
2026-02-12 14:13:48,F1,23.9,20.00,0.50,0,0,0,1000.0
2026-02-12 14:13:49,F2,20.8,20.00,0.50,1,0,0,1000.0
2026-02-12 14:13:50,F3,27.0,20.00,0.50,0,0,0,1000.0
2026-02-12 14:13:52,F1,23.9,20.00,0.50,0,0,0,1000.0
2026-02-12 14:13:52,F2,20.8,20.00,0.50,1,0,0,1000.0
2026-02-12 14:13:53,F3,27.0,20.00,0.50,0,0,0,1000.0
2026-02-12 14:13:55,F1,23.9,20.00,0.50,0,0,0,1000.0
2026-02-12 14:13:56,F2,20.8,20.00,0.50,1,0,0,1000.0
2026-02-12 14:13:57,F3,26.9,20.00,0.50,0,0,0,1000.0
2026-02-12 14:13:58,F1,23.9,20.00,0.50,0,0,0,1000.0
2026-02-12 14:13:59,F2,20.8,20.00,0.50,1,0,0,1000.0
2026-02-12 14:14:00,F3,27.0,20.00,0.50,0,0,0,1000.0
2026-02-12 14:14:02,F1,23.9,20.00,0.50,0,0,0,1000.0
2026-02-12 14:14:03,F2,20.7,20.00,0.50,1,0,0,1000.0
2026-02-12 14:14:03,F3,27.0,20.00,0.50,0,0,0,1000.0
2026-02-12 14:14:05,F1,23.9,20.00,0.50,0,0,0,1000.0
2026-02-12 14:14:06,F2,20.7,20.00,0.50,1,0,0,1000.0
2026-02-12 14:14:07,F3,27.0,20.00,0.50,0,0,0,1000.0
2026-02-12 14:14:09,F1,23.8,20.00,0.50,0,0,0,1000.0
2026-02-12 14:14:09,F2,20.7,20.00,0.50,1,0,0,1000.0
2026-02-12 14:14:10,F3,27.0,20.00,0.50,0,0,0,1000.0
2026-02-12 14:14:12,F1,23.9,20.00,0.50,0,0,0,1000.0
2026-02-12 14:14:13,F2,20.6,20.00,0.50,1,0,0,1000.0
2026-02-12 14:14:14,F3,26.9,20.00,0.50,0,0,0,1000.0
2026-02-12 14:14:16,F1,23.9,20.00,0.50,0,0,0,1000.0
2026-02-12 14:14:16,F2,20.7,20.00,0.50,1,0,0,1000.0
2026-02-12 14:14:17,F3,27.0,20.00,0.50,0,0,0,1000.0
2026-02-12 14:14:19,F1,23.8,20.00,0.50,0,0,0,1000.0
2026-02-12 14:14:20,F2,20.6,20.00,0.50,1,0,0,1000.0
2026-02-12 14:14:21,F3,27.0,20.00,0.50,0,0,0,1000.0
2026-02-12 14:14:22,F1,23.8,20.00,0.50,0,0,0,1000.0
2026-02-12 14:14:23,F2,20.6,20.00,0.50,1,0,0,1000.0
2026-02-12 14:14:24,F3,26.9,20.00,0.50,0,0,0,1000.0
2026-02-12 14:14:26,F1,23.8,20.00,0.50,0,0,0,1000.0
2026-02-12 14:14:27,F2,20.6,20.00,0.50,1,0,0,1000.0
2026-02-12 14:14:27,F3,26.9,20.00,0.50,0,0,0,1000.0
2026-02-12 14:14:29,F1,23.8,20.00,0.50,0,0,0,1000.0
2026-02-12 14:14:30,F2,20.6,20.00,0.50,1,0,0,1000.0
2026-02-12 14:14:31,F3,26.9,20.00,0.50,0,0,0,1000.0
2026-02-12 14:14:33,F1,23.8,20.00,0.50,0,0,0,1000.0
2026-02-12 14:14:33,F2,20.6,20.00,0.50,1,0,0,1000.0
2026-02-12 14:14:34,F3,26.9,20.00,0.50,0,0,0,1000.0
2026-02-12 14:14:36,F1,23.8,20.00,0.50,0,0,0,1000.0
2026-02-12 14:14:37,F2,20.6,20.00,0.50,1,0,0,1000.0
2026-02-12 14:14:38,F3,26.9,20.00,0.50,0,0,0,1000.0
2026-02-12 14:14:39,F1,23.8,20.00,0.50,0,0,0,1000.0
2026-02-12 14:14:40,F2,20.5,20.00,0.50,1,0,0,1000.0
2026-02-12 14:14:41,F3,26.9,20.00,0.50,0,0,0,1000.0
2026-02-12 14:14:43,F1,23.8,20.00,0.50,0,0,0,1000.0
2026-02-12 14:14:44,F2,20.5,20.00,0.50,1,0,0,1000.0
2026-02-12 14:14:44,F3,26.9,20.00,0.50,0,0,0,1000.0
2026-02-12 14:14:46,F1,23.8,20.00,0.50,0,0,0,1000.0
2026-02-12 14:14:47,F2,20.5,20.00,0.50,1,0,0,1000.0
2026-02-12 14:14:48,F3,26.9,20.00,0.50,0,0,0,1000.0
2026-02-12 14:14:50,F1,23.8,20.00,0.50,0,0,0,1000.0
2026-02-12 14:14:51,F2,20.5,20.00,0.50,1,0,0,1000.0
2026-02-12 14:14:51,F3,26.9,20.00,0.50,0,0,0,1000.0
2026-02-12 14:14:53,F1,23.8,20.00,0.50,0,0,0,1000.0
2026-02-12 14:14:54,F2,20.5,20.00,0.50,1,0,0,1000.0
2026-02-12 14:14:55,F3,26.9,20.00,0.50,0,0,0,1000.0
2026-02-12 14:14:57,F1,23.8,20.00,0.50,0,0,0,1000.0
2026-02-12 14:14:57,F2,20.4,20.00,0.50,1,0,0,1000.0
2026-02-12 14:14:58,F3,26.9,20.00,0.50,0,0,0,1000.0
2026-02-12 14:15:00,F1,23.8,20.00,0.50,0,0,0,1000.0
2026-02-12 14:15:01,F2,20.4,20.00,0.50,1,0,0,1000.0
2026-02-12 14:15:02,F3,26.9,20.00,0.50,0,0,0,1000.0
2026-02-12 14:15:03,F1,23.8,20.00,0.50,0,0,0,1000.0
2026-02-12 14:15:04,F2,20.4,20.00,0.50,1,0,0,1000.0
2026-02-12 14:15:05,F3,26.9,20.00,0.50,0,0,0,1000.0
2026-02-12 14:15:07,F1,23.8,20.00,0.50,0,0,0,1000.0
2026-02-12 14:15:08,F2,20.4,20.00,0.50,1,0,0,1000.0
2026-02-12 14:15:08,F3,26.9,20.00,0.50,0,0,0,1000.0
2026-02-12 14:15:10,F1,23.8,20.00,0.50,0,0,0,1000.0
2026-02-12 14:15:11,F2,20.4,20.00,0.50,1,0,0,1000.0
2026-02-12 14:15:12,F3,26.9,20.00,0.50,0,0,0,1000.0
2026-02-12 14:15:14,F1,23.8,20.00,0.50,0,0,0,1000.0
2026-02-12 14:15:14,F2,20.4,20.00,0.50,1,0,0,1000.0
2026-02-12 14:15:15,F3,26.9,20.00,0.50,0,0,0,1000.0
2026-02-12 14:15:17,F1,23.8,20.00,0.50,0,0,0,1000.0
2026-02-12 14:15:18,F2,20.4,20.00,0.50,1,0,0,1000.0
2026-02-12 14:15:19,F3,26.9,20.00,0.50,0,0,0,1000.0
2026-02-12 14:15:20,F1,23.8,20.00,0.50,0,0,0,1000.0
2026-02-12 14:15:21,F2,20.4,20.00,0.50,1,0,0,1000.0
2026-02-12 14:15:22,F3,26.9,20.00,0.50,0,0,0,1000.0
2026-02-12 14:15:24,F1,23.8,20.00,0.50,0,0,0,1000.0
2026-02-12 14:15:25,F2,20.3,20.00,0.50,1,0,0,1000.0
2026-02-12 14:15:26,F3,26.9,20.00,0.50,0,0,0,1000.0
2026-02-12 14:15:27,F1,23.8,20.00,0.50,0,0,0,1000.0
2026-02-12 14:15:28,F2,20.3,20.00,0.50,1,0,0,1000.0
2026-02-12 14:15:29,F3,26.9,20.00,0.50,0,0,0,1000.0
2026-02-12 14:15:31,F1,23.8,20.00,0.50,0,0,0,1000.0
2026-02-12 14:15:32,F2,20.3,20.00,0.50,1,0,0,1000.0
2026-02-12 14:15:32,F3,26.9,20.00,0.50,0,0,0,1000.0
2026-02-12 14:15:34,F1,23.8,20.00,0.50,0,0,0,1000.0
2026-02-12 14:15:35,F2,20.2,20.00,0.50,1,0,0,1000.0
2026-02-12 14:15:36,F3,26.9,20.00,0.50,0,0,0,1000.0
2026-02-12 14:15:38,F1,23.9,20.00,0.50,0,0,0,1000.0
2026-02-12 14:15:38,F2,20.2,20.00,0.50,1,0,0,1000.0
2026-02-12 14:15:39,F3,26.9,20.00,0.50,0,0,0,1000.0
2026-02-12 14:15:41,F1,23.9,20.00,0.50,0,0,0,1000.0
2026-02-12 14:15:42,F2,20.2,20.00,0.50,1,0,0,1000.0
2026-02-12 14:15:43,F3,26.9,20.00,0.50,0,0,0,1000.0
2026-02-12 14:15:44,F1,23.9,20.00,0.50,0,0,0,1000.0
2026-02-12 14:15:45,F2,20.2,20.00,0.50,1,0,0,1000.0
2026-02-12 14:15:46,F3,26.9,20.00,0.50,0,0,0,1000.0
2026-02-12 14:15:48,F1,24.0,20.00,0.50,0,0,0,1000.0
2026-02-12 14:15:49,F2,20.2,20.00,0.50,1,0,0,1000.0
2026-02-12 14:15:49,F3,26.9,20.00,0.50,0,0,0,1000.0
2026-02-12 14:15:51,F1,24.1,20.00,0.50,0,0,0,1000.0
2026-02-12 14:15:52,F2,20.2,20.00,0.50,1,0,0,1000.0
2026-02-12 14:15:53,F3,26.9,20.00,0.50,0,0,0,1000.0
2026-02-12 14:15:55,F1,24.0,20.00,0.50,0,0,0,1000.0
2026-02-12 14:15:55,F2,20.2,20.00,0.50,1,0,0,1000.0
2026-02-12 14:15:56,F3,26.9,20.00,0.50,0,0,0,1000.0
2026-02-12 14:15:58,F1,24.0,20.00,0.50,0,0,0,1000.0
2026-02-12 14:15:59,F2,20.2,20.00,0.50,1,0,0,1000.0
2026-02-12 14:16:00,F3,26.9,20.00,0.50,0,0,0,1000.0
2026-02-12 14:16:01,F1,24.0,20.00,0.50,0,0,0,1000.0
2026-02-12 14:16:02,F2,20.2,20.00,0.50,1,0,0,1000.0
2026-02-12 14:16:03,F3,26.9,20.00,0.50,0,0,0,1000.0
2026-02-12 14:16:05,F1,24.0,20.00,0.50,0,0,0,1000.0
2026-02-12 14:16:06,F2,20.2,20.00,0.50,1,0,0,1000.0
2026-02-12 14:16:07,F3,26.9,20.00,0.50,0,0,0,1000.0
2026-02-12 14:16:08,F1,24.0,20.00,0.50,0,0,0,1000.0
2026-02-12 14:16:09,F2,20.1,20.00,0.50,1,0,0,1000.0
2026-02-12 14:16:10,F3,26.9,20.00,0.50,0,0,0,1000.0
2026-02-12 14:16:12,F1,24.0,20.00,0.50,0,0,0,1000.0
2026-02-12 14:16:12,F2,20.1,20.00,0.50,1,0,0,1000.0
2026-02-12 14:16:13,F3,26.9,20.00,0.50,0,0,0,1000.0
2026-02-12 14:16:15,F1,24.0,20.00,0.50,0,0,0,1000.0
2026-02-12 14:16:16,F2,20.1,20.00,0.50,1,0,0,1000.0
2026-02-12 14:16:17,F3,26.9,20.00,0.50,0,0,0,1000.0
2026-02-12 14:16:19,F1,24.0,20.00,0.50,0,0,0,1000.0
2026-02-12 14:16:19,F2,20.1,20.00,0.50,1,0,0,1000.0
2026-02-12 14:16:20,F3,26.9,20.00,0.50,0,0,0,1000.0
2026-02-12 14:16:22,F1,23.9,20.00,0.50,0,0,0,1000.0
2026-02-12 14:16:23,F2,20.1,20.00,0.50,1,0,0,1000.0
2026-02-12 14:16:23,F3,26.9,20.00,0.50,0,0,0,1000.0
2026-02-12 14:16:25,F1,23.9,20.00,0.50,0,0,0,1000.0
2026-02-12 14:16:26,F2,20.1,20.00,0.50,1,0,0,1000.0
2026-02-12 14:16:27,F3,26.9,20.00,0.50,0,0,0,1000.0
2026-02-12 14:16:29,F1,23.9,20.00,0.50,0,0,0,1000.0
2026-02-12 14:16:30,F2,20.1,20.00,0.50,1,0,0,1000.0
2026-02-12 14:16:30,F3,26.9,20.00,0.50,0,0,0,1000.0
2026-02-12 14:16:32,F1,23.9,20.00,0.50,0,0,0,1000.0
2026-02-12 14:16:33,F2,20.0,20.00,0.50,1,0,0,1000.0
2026-02-12 14:16:34,F3,26.9,20.00,0.50,0,0,0,1000.0
2026-02-12 14:16:36,F1,23.9,20.00,0.50,0,0,0,1000.0
2026-02-12 14:16:36,F2,20.0,20.00,0.50,1,0,0,1000.0
2026-02-12 14:16:37,F3,26.9,20.00,0.50,0,0,0,1000.0
2026-02-12 14:16:39,F1,23.9,20.00,0.50,0,0,0,1000.0
2026-02-12 14:16:40,F2,20.0,20.00,0.50,1,0,0,1000.0
2026-02-12 14:16:41,F3,26.9,20.00,0.50,0,0,0,1000.0
2026-02-12 14:16:42,F1,23.9,20.00,0.50,0,0,0,1000.0
2026-02-12 14:16:43,F2,20.0,20.00,0.50,1,0,0,1000.0
2026-02-12 14:16:44,F3,26.9,20.00,0.50,0,0,0,1000.0
2026-02-12 14:16:46,F1,23.9,20.00,0.50,0,0,0,1000.0
2026-02-12 14:16:47,F2,20.0,20.00,0.50,1,0,0,1000.0
2026-02-12 14:16:47,F3,26.9,20.00,0.50,0,0,0,1000.0
2026-02-12 14:16:49,F1,23.9,20.00,0.50,0,0,0,1000.0
2026-02-12 14:16:50,F2,19.9,20.00,0.50,1,0,0,1000.0
2026-02-12 14:16:51,F3,26.9,20.00,0.50,0,0,0,1000.0
2026-02-12 14:16:53,F1,23.9,20.00,0.50,0,0,0,1000.0
2026-02-12 14:16:53,F2,19.9,20.00,0.50,1,0,0,1000.0
2026-02-12 14:16:54,F3,26.9,20.00,0.50,0,0,0,1000.0
2026-02-12 14:16:56,F1,23.9,20.00,0.50,0,0,0,1000.0
2026-02-12 14:16:57,F2,19.9,20.00,0.50,1,0,0,1000.0
2026-02-12 14:16:58,F3,26.9,20.00,0.50,0,0,0,1000.0
2026-02-12 14:16:59,F1,23.9,20.00,0.50,0,0,0,1000.0
2026-02-12 14:17:00,F2,19.9,20.00,0.50,1,0,0,1000.0
2026-02-12 14:17:01,F3,26.9,20.00,0.50,0,0,0,1000.0
2026-02-12 14:17:03,F1,23.9,20.00,0.50,0,0,0,1000.0
2026-02-12 14:17:04,F2,19.9,20.00,0.50,1,0,0,1000.0
2026-02-12 14:17:04,F3,26.9,20.00,0.50,0,0,0,1000.0
2026-02-12 14:17:06,F1,23.9,20.00,0.50,0,0,0,1000.0
2026-02-12 14:17:07,F2,19.9,20.00,0.50,1,0,0,1000.0
2026-02-12 14:17:08,F3,26.9,20.00,0.50,0,0,0,1000.0
2026-02-12 14:17:10,F1,23.8,20.00,0.50,0,0,0,1000.0
2026-02-12 14:17:11,F2,19.9,20.00,0.50,1,0,0,1000.0
2026-02-12 14:17:11,F3,27.0,20.00,0.50,0,0,0,1000.0
2026-02-12 14:17:13,F1,23.8,20.00,0.50,0,0,0,1000.0
2026-02-12 14:17:14,F2,19.9,20.00,0.50,1,0,0,1000.0
2026-02-12 14:17:15,F3,27.0,20.00,0.50,0,0,0,1000.0
2026-02-12 14:17:17,F1,23.8,20.00,0.50,0,0,0,1000.0
2026-02-12 14:17:17,F2,19.9,20.00,0.50,1,0,0,1000.0
2026-02-12 14:17:18,F3,27.1,20.00,0.50,0,0,0,1000.0
2026-02-12 14:17:20,F1,23.9,20.00,0.50,0,0,0,1000.0
2026-02-12 14:17:21,F2,19.8,20.00,0.50,1,0,0,1000.0
2026-02-12 14:17:22,F3,27.0,20.00,0.50,0,0,0,1000.0
2026-02-12 14:17:23,F1,23.9,20.00,0.50,0,0,0,1000.0
2026-02-12 14:17:24,F2,19.8,20.00,0.50,1,0,0,1000.0
2026-02-12 14:17:25,F3,27.0,20.00,0.50,0,0,0,1000.0
2026-02-12 14:17:27,F1,23.9,20.00,0.50,0,0,0,1000.0
2026-02-12 14:17:28,F2,19.8,20.00,0.50,1,0,0,1000.0
2026-02-12 14:17:28,F3,27.0,20.00,0.50,0,0,0,1000.0
2026-02-12 14:17:30,F1,23.8,20.00,0.50,0,0,0,1000.0
2026-02-12 14:17:31,F2,19.8,20.00,0.50,1,0,0,1000.0
2026-02-12 14:17:32,F3,27.0,20.00,0.50,0,0,0,1000.0
2026-02-12 14:17:34,F1,23.9,20.00,0.50,0,0,0,1000.0
2026-02-12 14:17:34,F2,19.8,20.00,0.50,1,0,0,1000.0
2026-02-12 14:17:35,F3,27.0,20.00,0.50,0,0,0,1000.0
2026-02-12 14:17:37,F1,23.8,20.00,0.50,0,0,0,1000.0
2026-02-12 14:17:38,F2,19.8,20.00,0.50,1,0,0,1000.0
2026-02-12 14:17:39,F3,27.0,20.00,0.50,0,0,0,1000.0
2026-02-12 14:17:41,F1,23.9,20.00,0.50,0,0,0,1000.0
2026-02-12 14:17:41,F2,19.8,20.00,0.50,1,0,0,1000.0
2026-02-12 14:17:42,F3,27.0,20.00,0.50,0,0,0,1000.0
2026-02-12 14:17:44,F1,23.9,20.00,0.50,0,0,0,1000.0
2026-02-12 14:17:45,F2,19.8,20.00,0.50,1,0,0,1000.0
2026-02-12 14:17:46,F3,27.0,20.00,0.50,0,0,0,1000.0
2026-02-12 14:17:47,F1,23.8,20.00,0.50,0,0,0,1000.0
2026-02-12 14:17:48,F2,19.8,20.00,0.50,1,0,0,1000.0
2026-02-12 14:17:49,F3,27.0,20.00,0.50,0,0,0,1000.0
2026-02-12 14:17:51,F1,23.8,20.00,0.50,0,0,0,1000.0
2026-02-12 14:17:52,F2,19.8,20.00,0.50,1,0,0,1000.0
2026-02-12 14:17:52,F3,27.0,20.00,0.50,0,0,0,1000.0
2026-02-12 14:17:54,F1,23.9,20.00,0.50,0,0,0,1000.0
2026-02-12 14:17:55,F2,19.8,20.00,0.50,1,0,0,1000.0
2026-02-12 14:17:56,F3,27.1,20.00,0.50,0,0,0,1000.0
2026-02-12 14:17:58,F1,23.8,20.00,0.50,0,0,0,1000.0
2026-02-12 14:17:58,F2,19.7,20.00,0.50,1,0,0,1000.0
2026-02-12 14:17:59,F3,27.0,20.00,0.50,0,0,0,1000.0
2026-02-12 14:18:01,F1,23.8,20.00,0.50,0,0,0,1000.0
2026-02-12 14:18:02,F2,19.7,20.00,0.50,1,0,0,1000.0
2026-02-12 14:18:03,F3,27.0,20.00,0.50,0,0,0,1000.0
2026-02-12 14:18:04,F1,23.9,20.00,0.50,0,0,0,1000.0
2026-02-12 14:18:05,F2,19.7,20.00,0.50,1,0,0,1000.0
2026-02-12 14:18:06,F3,27.1,20.00,0.50,0,0,0,1000.0
2026-02-12 14:18:08,F1,23.8,20.00,0.50,0,0,0,1000.0
2026-02-12 14:18:09,F2,19.6,20.00,0.50,1,0,0,1000.0
2026-02-12 14:18:09,F3,27.1,20.00,0.50,0,0,0,1000.0
2026-02-12 14:18:11,F1,23.8,20.00,0.50,0,0,0,1000.0
2026-02-12 14:18:12,F2,19.6,20.00,0.50,1,0,0,1000.0
2026-02-12 14:18:13,F3,27.1,20.00,0.50,0,0,0,1000.0
2026-02-12 14:18:15,F1,23.8,20.00,0.50,0,0,0,1000.0
2026-02-12 14:18:16,F2,19.6,20.00,0.50,1,0,0,1000.0
2026-02-12 14:18:16,F3,27.1,20.00,0.50,0,0,0,1000.0
2026-02-12 14:18:18,F1,23.8,20.00,0.50,0,0,0,1000.0
2026-02-12 14:18:19,F2,19.6,20.00,0.50,1,0,0,1000.0
2026-02-12 14:18:20,F3,27.1,20.00,0.50,0,0,0,1000.0
2026-02-12 14:18:22,F1,23.8,20.00,0.50,0,0,0,1000.0
2026-02-12 14:18:22,F2,19.6,20.00,0.50,1,0,0,1000.0
2026-02-12 14:18:23,F3,27.1,20.00,0.50,0,0,0,1000.0
2026-02-12 14:18:25,F1,23.8,20.00,0.50,0,0,0,1000.0
2026-02-12 14:18:26,F2,19.6,20.00,0.50,1,0,0,1000.0
2026-02-12 14:18:27,F3,27.1,20.00,0.50,0,0,0,1000.0
2026-02-12 14:18:28,F1,23.8,20.00,0.50,0,0,0,1000.0
2026-02-12 14:18:29,F2,19.6,20.00,0.50,1,0,0,1000.0
2026-02-12 14:18:30,F3,27.1,20.00,0.50,0,0,0,1000.0
2026-02-12 14:18:32,F1,23.9,20.00,0.50,0,0,0,1000.0
2026-02-12 14:18:33,F2,19.6,20.00,0.50,1,0,0,1000.0
2026-02-12 14:18:33,F3,27.1,20.00,0.50,0,0,0,1000.0
2026-02-12 14:18:35,F1,23.8,20.00,0.50,0,0,0,1000.0
2026-02-12 14:18:36,F2,19.5,20.00,0.50,0,1,0,1000.0
2026-02-12 14:18:37,F3,27.1,20.00,0.50,0,0,0,1000.0
2026-02-12 14:18:39,F1,23.8,20.00,0.50,0,0,0,1000.0
2026-02-12 14:18:39,F2,19.6,20.00,0.50,0,1,0,1000.0
2026-02-12 14:18:40,F3,27.1,20.00,0.50,0,0,0,1000.0
2026-02-12 14:18:42,F1,23.8,20.00,0.50,0,0,0,1000.0
2026-02-12 14:18:43,F2,19.6,20.00,0.50,0,1,0,1000.0
2026-02-12 14:18:44,F3,27.1,20.00,0.50,0,0,0,1000.0
2026-02-12 14:18:45,F1,23.8,20.00,0.50,0,0,0,1000.0
2026-02-12 14:18:46,F2,19.5,20.00,0.50,0,1,0,1000.0
2026-02-12 14:18:47,F3,27.1,20.00,0.50,0,0,0,1000.0
2026-02-12 14:18:49,F1,23.8,20.00,0.50,0,0,0,1000.0
2026-02-12 14:18:50,F2,19.5,20.00,0.50,0,1,0,1000.0
2026-02-12 14:18:51,F3,27.1,20.00,0.50,0,0,0,1000.0
2026-02-12 14:18:52,F1,23.8,20.00,0.50,0,0,0,1000.0
2026-02-12 14:18:53,F2,19.4,20.00,0.50,0,1,0,1000.0
2026-02-12 14:18:54,F3,27.1,20.00,0.50,0,0,0,1000.0
2026-02-12 14:18:56,F1,23.9,20.00,0.50,0,0,0,1000.0
2026-02-12 14:18:57,F2,19.5,20.00,0.50,0,1,0,1000.0
2026-02-12 14:18:57,F3,27.1,20.00,0.50,0,0,0,1000.0
2026-02-12 14:18:59,F1,23.8,20.00,0.50,0,0,0,1000.0
2026-02-12 14:19:00,F2,19.4,20.00,0.50,0,1,0,1000.0
2026-02-12 14:19:01,F3,27.1,20.00,0.50,0,0,0,1000.0
2026-02-12 14:19:03,F1,23.8,20.00,0.50,0,0,0,1000.0
2026-02-12 14:19:03,F2,19.4,20.00,0.50,0,1,0,1000.0
2026-02-12 14:19:04,F3,27.1,20.00,0.50,0,0,0,1000.0
2026-02-12 14:19:06,F1,23.8,20.00,0.50,0,0,0,1000.0
2026-02-12 14:19:07,F2,19.4,20.00,0.50,0,1,0,1000.0
2026-02-12 14:19:08,F3,27.2,20.00,0.50,0,0,0,1000.0
2026-02-12 14:19:09,F1,23.8,20.00,0.50,0,0,0,1000.0
2026-02-12 14:19:10,F2,19.4,20.00,0.50,0,1,0,1000.0
2026-02-12 14:19:11,F3,27.1,20.00,0.50,0,0,0,1000.0
2026-02-12 14:19:13,F1,23.9,20.00,0.50,0,0,0,1000.0
2026-02-12 14:19:14,F2,19.4,20.00,0.50,0,1,0,1000.0
2026-02-12 14:19:14,F3,27.1,20.00,0.50,0,0,0,1000.0
2026-02-12 14:19:16,F1,23.9,20.00,0.50,0,0,0,1000.0
2026-02-12 14:19:17,F2,19.4,20.00,0.50,0,1,0,1000.0
2026-02-12 14:19:18,F3,27.1,20.00,0.50,0,0,0,1000.0
2026-02-12 14:19:20,F1,23.9,20.00,0.50,0,0,0,1000.0
2026-02-12 14:19:20,F2,19.4,20.00,0.50,0,1,0,1000.0
2026-02-12 14:19:21,F3,27.1,20.00,0.50,0,0,0,1000.0
2026-02-12 14:19:23,F1,23.9,20.00,0.50,0,0,0,1000.0
2026-02-12 14:19:24,F2,19.4,20.00,0.50,0,1,0,1000.0
2026-02-12 14:19:25,F3,27.1,20.00,0.50,0,0,0,1000.0
2026-02-12 14:19:27,F1,23.9,20.00,0.50,0,0,0,1000.0
2026-02-12 14:19:27,F2,19.4,20.00,0.50,0,1,0,1000.0
2026-02-12 14:19:28,F3,27.1,20.00,0.50,0,0,0,1000.0
2026-02-12 14:19:30,F1,23.9,20.00,0.50,0,0,0,1000.0
2026-02-12 14:19:31,F2,19.4,20.00,0.50,0,1,0,1000.0
2026-02-12 14:19:32,F3,27.1,20.00,0.50,0,0,0,1000.0
2026-02-12 14:19:33,F1,23.9,20.00,0.50,0,0,0,1000.0
2026-02-12 14:19:34,F2,19.4,20.00,0.50,0,1,0,1000.0
2026-02-12 14:19:35,F3,27.1,20.00,0.50,0,0,0,1000.0
2026-02-12 14:19:37,F1,23.9,20.00,0.50,0,0,0,1000.0
2026-02-12 14:19:38,F2,19.4,20.00,0.50,0,1,0,1000.0
2026-02-12 14:19:38,F3,27.1,20.00,0.50,0,0,0,1000.0
2026-02-12 14:19:40,F1,23.9,20.00,0.50,0,0,0,1000.0
2026-02-12 14:19:41,F2,19.4,20.00,0.50,0,1,0,1000.0
2026-02-12 14:19:42,F3,27.1,20.00,0.50,0,0,0,1000.0
2026-02-12 14:19:44,F1,23.9,20.00,0.50,0,0,0,1000.0
2026-02-12 14:19:44,F2,19.4,20.00,0.50,0,1,0,1000.0
2026-02-12 14:19:45,F3,27.1,20.00,0.50,0,0,0,1000.0
2026-02-12 14:19:47,F1,23.9,20.00,0.50,0,0,0,1000.0
2026-02-12 14:19:48,F2,19.4,20.00,0.50,0,1,0,1000.0
2026-02-12 14:19:49,F3,27.1,20.00,0.50,0,0,0,1000.0
2026-02-12 14:19:50,F1,23.9,20.00,0.50,0,0,0,1000.0
2026-02-12 14:19:51,F2,19.4,20.00,0.50,0,1,0,1000.0
2026-02-12 14:19:52,F3,27.2,20.00,0.50,0,0,0,1000.0
2026-02-12 14:19:54,F1,23.9,20.00,0.50,0,0,0,1000.0
2026-02-12 14:19:55,F2,19.4,20.00,0.50,0,1,0,1000.0
2026-02-12 14:19:55,F3,27.2,20.00,0.50,0,0,0,1000.0
2026-02-12 14:19:57,F1,23.9,20.00,0.50,0,0,0,1000.0
2026-02-12 14:19:58,F2,19.4,20.00,0.50,0,1,0,1000.0
2026-02-12 14:19:59,F3,27.2,20.00,0.50,0,0,0,1000.0
2026-02-12 14:20:01,F1,23.9,20.00,0.50,0,0,0,1000.0
2026-02-12 14:20:01,F2,19.4,20.00,0.50,0,1,0,1000.0
2026-02-12 14:20:02,F3,27.2,20.00,0.50,0,0,0,1000.0
2026-02-12 14:20:04,F1,24.0,20.00,0.50,0,0,0,1000.0
2026-02-12 14:20:05,F2,19.5,20.00,0.50,0,1,0,1000.0
2026-02-12 14:20:06,F3,27.2,20.00,0.50,0,0,0,1000.0
2026-02-12 14:20:07,F1,24.0,20.00,0.50,0,0,0,1000.0
2026-02-12 14:20:08,F2,19.5,20.00,0.50,0,1,0,1000.0
2026-02-12 14:20:09,F3,27.2,20.00,0.50,0,0,0,1000.0
2026-02-12 14:20:11,F1,24.0,20.00,0.50,0,0,0,1000.0
2026-02-12 14:20:12,F2,19.5,20.00,0.50,0,1,0,1000.0
2026-02-12 14:20:12,F3,27.2,20.00,0.50,0,0,0,1000.0
2026-02-12 14:20:14,F1,24.1,20.00,0.50,0,0,0,1000.0
2026-02-12 14:20:15,F2,19.5,20.00,0.50,0,1,0,1000.0
2026-02-12 14:20:16,F3,27.2,20.00,0.50,0,0,0,1000.0
2026-02-12 14:20:18,F1,24.1,20.00,0.50,0,0,0,1000.0
2026-02-12 14:20:18,F2,19.5,20.00,0.50,0,1,0,1000.0
2026-02-12 14:20:19,F3,27.2,20.00,0.50,0,0,0,1000.0
2026-02-12 14:20:21,F1,24.1,20.00,0.50,0,0,0,1000.0
2026-02-12 14:20:22,F2,19.6,20.00,0.50,0,1,0,1000.0
2026-02-12 14:20:23,F3,27.2,20.00,0.50,0,0,0,1000.0
2026-02-12 14:20:24,F1,24.1,20.00,0.50,0,0,0,1000.0
2026-02-12 14:20:25,F2,19.6,20.00,0.50,0,1,0,1000.0
2026-02-12 14:20:26,F3,27.2,20.00,0.50,0,0,0,1000.0
2026-02-12 14:20:28,F1,24.1,20.00,0.50,0,0,0,1000.0
2026-02-12 14:20:29,F2,19.6,20.00,0.50,0,1,0,1000.0
2026-02-12 14:20:29,F3,27.2,20.00,0.50,0,0,0,1000.0
2026-02-12 14:20:31,F1,24.1,20.00,0.50,0,0,0,1000.0
2026-02-12 14:20:32,F2,19.6,20.00,0.50,0,1,0,1000.0
2026-02-12 14:20:33,F3,27.2,20.00,0.50,0,0,0,1000.0
2026-02-12 14:20:35,F1,24.2,20.00,0.50,0,0,0,1000.0
2026-02-12 14:20:36,F2,19.6,20.00,0.50,0,1,0,1000.0
2026-02-12 14:20:36,F3,27.2,20.00,0.50,0,0,0,1000.0
2026-02-12 14:20:38,F1,24.2,20.00,0.50,0,0,0,1000.0
2026-02-12 14:20:39,F2,19.6,20.00,0.50,0,1,0,1000.0
2026-02-12 14:20:40,F3,27.2,20.00,0.50,0,0,0,1000.0
2026-02-12 14:20:42,F1,24.1,20.00,0.50,0,0,0,1000.0
2026-02-12 14:20:42,F2,19.7,20.00,0.50,0,1,0,1000.0
2026-02-12 14:20:43,F3,27.2,20.00,0.50,0,0,0,1000.0
2026-02-12 14:20:45,F1,24.1,20.00,0.50,0,0,0,1000.0
2026-02-12 14:20:46,F2,19.7,20.00,0.50,0,1,0,1000.0
2026-02-12 14:20:47,F3,27.2,20.00,0.50,0,0,0,1000.0
2026-02-12 14:20:48,F1,24.2,20.00,0.50,0,0,0,1000.0
2026-02-12 14:20:49,F2,19.8,20.00,0.50,0,1,0,1000.0
2026-02-12 14:20:50,F3,27.2,20.00,0.50,0,0,0,1000.0
2026-02-12 14:20:52,F1,24.2,20.00,0.50,0,0,0,1000.0
2026-02-12 14:20:53,F2,19.8,20.00,0.50,0,1,0,1000.0
2026-02-12 14:20:53,F3,27.2,20.00,0.50,0,0,0,1000.0
2026-02-12 14:20:55,F1,24.2,20.00,0.50,0,0,0,1000.0
2026-02-12 14:20:56,F2,19.8,20.00,0.50,0,1,0,1000.0
2026-02-12 14:20:57,F3,27.2,20.00,0.50,0,0,0,1000.0
2026-02-12 14:20:59,F1,24.1,20.00,0.50,0,0,0,1000.0
2026-02-12 14:20:59,F2,19.8,20.00,0.50,0,1,0,1000.0
2026-02-12 14:21:00,F3,27.2,20.00,0.50,0,0,0,1000.0
2026-02-12 14:21:02,F1,24.1,20.00,0.50,0,0,0,1000.0
2026-02-12 14:21:03,F2,19.8,20.00,0.50,0,1,0,1000.0
2026-02-12 14:21:04,F3,27.2,20.00,0.50,0,0,0,1000.0
2026-02-12 14:21:06,F1,24.1,20.00,0.50,0,0,0,1000.0
2026-02-12 14:21:06,F2,19.9,20.00,0.50,0,1,0,1000.0
2026-02-12 14:21:07,F3,27.2,20.00,0.50,0,0,0,1000.0
2026-02-12 14:21:09,F1,24.1,20.00,0.50,0,0,0,1000.0
2026-02-12 14:21:10,F2,19.9,20.00,0.50,0,1,0,1000.0
2026-02-12 14:21:11,F3,27.2,20.00,0.50,0,0,0,1000.0
2026-02-12 14:21:12,F1,24.1,20.00,0.50,0,0,0,1000.0
2026-02-12 14:21:13,F2,19.9,20.00,0.50,0,1,0,1000.0
2026-02-12 14:21:14,F3,27.2,20.00,0.50,0,0,0,1000.0
2026-02-12 14:21:16,F1,24.1,20.00,0.50,0,0,0,1000.0
2026-02-12 14:21:17,F2,19.9,20.00,0.50,0,1,0,1000.0
2026-02-12 14:21:17,F3,27.2,20.00,0.50,0,0,0,1000.0
2026-02-12 14:21:19,F1,24.1,20.00,0.50,0,0,0,1000.0
2026-02-12 14:21:20,F2,19.9,20.00,0.50,0,1,0,1000.0
2026-02-12 14:21:21,F3,27.2,20.00,0.50,0,0,0,1000.0
2026-02-12 14:21:23,F1,24.1,20.00,0.50,0,0,0,1000.0
2026-02-12 14:21:23,F2,20.0,20.00,0.50,0,1,0,1000.0
2026-02-12 14:21:24,F3,27.2,20.00,0.50,0,0,0,1000.0
2026-02-12 14:21:26,F1,24.1,20.00,0.50,0,0,0,1000.0
2026-02-12 14:21:27,F2,20.0,20.00,0.50,0,1,0,1000.0
2026-02-12 14:21:28,F3,27.1,20.00,0.50,0,0,0,1000.0
2026-02-12 14:21:29,F1,24.1,20.00,0.50,0,0,0,1000.0
2026-02-12 14:21:30,F2,20.1,20.00,0.50,0,1,0,1000.0
2026-02-12 14:21:31,F3,27.2,20.00,0.50,0,0,0,1000.0
2026-02-12 14:21:33,F1,24.1,20.00,0.50,0,0,0,1000.0
2026-02-12 14:21:34,F2,20.1,20.00,0.50,0,1,0,1000.0
2026-02-12 14:21:34,F3,27.2,20.00,0.50,0,0,0,1000.0
2026-02-12 14:21:36,F1,24.1,20.00,0.50,0,0,0,1000.0
2026-02-12 14:21:37,F2,20.1,20.00,0.50,0,1,0,1000.0
2026-02-12 14:21:38,F3,27.2,20.00,0.50,0,0,0,1000.0
2026-02-12 14:21:40,F1,24.1,20.00,0.50,0,0,0,1000.0
2026-02-12 14:21:41,F2,20.1,20.00,0.50,0,1,0,1000.0
2026-02-12 14:21:41,F3,27.2,20.00,0.50,0,0,0,1000.0
2026-02-12 14:21:43,F1,24.1,20.00,0.50,0,0,0,1000.0
2026-02-12 14:21:44,F2,20.1,20.00,0.50,0,1,0,1000.0
2026-02-12 14:21:45,F3,27.2,20.00,0.50,0,0,0,1000.0
2026-02-12 14:21:47,F1,24.1,20.00,0.50,0,0,0,1000.0
2026-02-12 14:21:47,F2,20.2,20.00,0.50,0,1,0,1000.0
2026-02-12 14:21:48,F3,27.2,20.00,0.50,0,0,0,1000.0
2026-02-12 14:21:50,F1,24.1,20.00,0.50,0,0,0,1000.0
2026-02-12 14:21:51,F2,20.2,20.00,0.50,0,1,0,1000.0
2026-02-12 14:21:52,F3,27.2,20.00,0.50,0,0,0,1000.0
2026-02-12 14:21:53,F1,24.1,20.00,0.50,0,0,0,1000.0
2026-02-12 14:21:54,F2,20.2,20.00,0.50,0,1,0,1000.0
2026-02-12 14:21:55,F3,27.2,20.00,0.50,0,0,0,1000.0
2026-02-12 14:21:57,F1,24.1,20.00,0.50,0,0,0,1000.0
2026-02-12 14:21:58,F2,20.2,20.00,0.50,0,1,0,1000.0
2026-02-12 14:21:58,F3,27.2,20.00,0.50,0,0,0,1000.0
2026-02-12 14:22:00,F1,24.1,20.00,0.50,0,0,0,1000.0
2026-02-12 14:22:01,F2,20.2,20.00,0.50,0,1,0,1000.0
2026-02-12 14:22:02,F3,27.2,20.00,0.50,0,0,0,1000.0
2026-02-12 14:22:04,F1,24.1,20.00,0.50,0,0,0,1000.0
2026-02-12 14:22:04,F2,20.3,20.00,0.50,0,1,0,1000.0
2026-02-12 14:22:05,F3,27.2,20.00,0.50,0,0,0,1000.0
2026-02-12 14:22:07,F1,24.1,20.00,0.50,0,0,0,1000.0
2026-02-12 14:22:08,F2,20.3,20.00,0.50,0,1,0,1000.0
2026-02-12 14:22:09,F3,27.2,20.00,0.50,0,0,0,1000.0
2026-02-12 14:22:10,F1,24.1,20.00,0.50,0,0,0,1000.0
2026-02-12 14:22:11,F2,20.3,20.00,0.50,0,1,0,1000.0
2026-02-12 14:22:12,F3,27.2,20.00,0.50,0,0,0,1000.0
2026-02-12 14:22:14,F1,24.1,20.00,0.50,0,0,0,1000.0
2026-02-12 14:22:15,F2,20.4,20.00,0.50,0,1,0,1000.0
2026-02-12 14:22:16,F3,27.2,20.00,0.50,0,0,0,1000.0
2026-02-12 14:22:17,F1,24.1,20.00,0.50,0,0,0,1000.0
2026-02-12 14:22:18,F2,20.4,20.00,0.50,0,1,0,1000.0
2026-02-12 14:22:19,F3,27.2,20.00,0.50,0,0,0,1000.0
2026-02-12 14:22:21,F1,24.1,20.00,0.50,0,0,0,1000.0
2026-02-12 14:22:22,F2,20.4,20.00,0.50,0,1,0,1000.0
2026-02-12 14:22:22,F3,27.2,20.00,0.50,0,0,0,1000.0
2026-02-12 14:22:24,F1,24.1,20.00,0.50,0,0,0,1000.0
2026-02-12 14:22:25,F2,20.4,20.00,0.50,0,1,0,1000.0
2026-02-12 14:22:26,F3,27.2,20.00,0.50,0,0,0,1000.0
2026-02-12 14:22:28,F1,24.1,20.00,0.50,0,0,0,1000.0
2026-02-12 14:22:28,F2,20.4,20.00,0.50,0,1,0,1000.0
2026-02-12 14:22:29,F3,27.2,20.00,0.50,0,0,0,1000.0
2026-02-12 14:22:31,F1,24.1,20.00,0.50,0,0,0,1000.0
2026-02-12 14:22:32,F2,20.5,20.00,0.50,1,0,0,1000.0
2026-02-12 14:22:33,F3,27.2,20.00,0.50,0,0,0,1000.0
2026-02-12 14:22:34,F1,24.1,20.00,0.50,0,0,0,1000.0
2026-02-12 14:22:35,F2,20.6,20.00,0.50,1,0,0,1000.0
2026-02-12 14:22:36,F3,27.2,20.00,0.50,0,0,0,1000.0
2026-02-12 14:22:38,F1,24.1,20.00,0.50,0,0,0,1000.0
2026-02-12 14:22:39,F2,20.5,20.00,0.50,1,0,0,1000.0
2026-02-12 14:22:39,F3,27.2,20.00,0.50,0,0,0,1000.0
2026-02-12 14:22:41,F1,24.1,20.00,0.50,0,0,0,1000.0
2026-02-12 14:22:42,F2,20.6,20.00,0.50,1,0,0,1000.0
2026-02-12 14:22:43,F3,27.2,20.00,0.50,0,0,0,1000.0
2026-02-12 14:22:45,F1,24.1,20.00,0.50,0,0,0,1000.0
2026-02-12 14:22:45,F2,20.6,20.00,0.50,1,0,0,1000.0
2026-02-12 14:22:46,F3,27.2,20.00,0.50,0,0,0,1000.0
2026-02-12 14:22:48,F1,24.1,20.00,0.50,0,0,0,1000.0
2026-02-12 14:22:49,F2,20.6,20.00,0.50,1,0,0,1000.0
2026-02-12 14:22:50,F3,27.2,20.00,0.50,0,0,0,1000.0
2026-02-12 14:22:52,F1,24.1,20.00,0.50,0,0,0,1000.0
2026-02-12 14:22:52,F2,20.6,20.00,0.50,1,0,0,1000.0
2026-02-12 14:22:53,F3,27.2,20.00,0.50,0,0,0,1000.0
2026-02-12 14:22:55,F1,24.1,20.00,0.50,0,0,0,1000.0
2026-02-12 14:22:56,F2,20.6,20.00,0.50,1,0,0,1000.0
2026-02-12 14:22:57,F3,27.2,20.00,0.50,0,0,0,1000.0
2026-02-12 14:22:58,F1,24.1,20.00,0.50,0,0,0,1000.0
2026-02-12 14:22:59,F2,20.7,20.00,0.50,1,0,0,1000.0
2026-02-12 14:23:00,F3,27.2,20.00,0.50,0,0,0,1000.0
2026-02-12 14:23:02,F1,24.1,20.00,0.50,0,0,0,1000.0
2026-02-12 14:23:03,F2,20.8,20.00,0.50,1,0,0,1000.0
2026-02-12 14:23:03,F3,27.2,20.00,0.50,0,0,0,1000.0
2026-02-12 14:23:05,F1,24.1,20.00,0.50,0,0,0,1000.0
2026-02-12 14:23:06,F2,20.8,20.00,0.50,1,0,0,1000.0
2026-02-12 14:23:07,F3,27.2,20.00,0.50,0,0,0,1000.0
2026-02-12 14:23:09,F1,24.1,20.00,0.50,0,0,0,1000.0
2026-02-12 14:23:09,F2,20.8,20.00,0.50,1,0,0,1000.0
2026-02-12 14:23:10,F3,27.2,20.00,0.50,0,0,0,1000.0
2026-02-12 14:23:12,F1,24.1,20.00,0.50,0,0,0,1000.0
2026-02-12 14:23:13,F2,20.8,20.00,0.50,1,0,0,1000.0
2026-02-12 14:23:14,F3,27.2,20.00,0.50,0,0,0,1000.0
2026-02-12 14:23:15,F1,24.1,20.00,0.50,0,0,0,1000.0
2026-02-12 14:23:16,F2,20.8,20.00,0.50,1,0,0,1000.0
2026-02-12 14:23:17,F3,27.2,20.00,0.50,0,0,0,1000.0
2026-02-12 14:23:19,F1,24.1,20.00,0.50,0,0,0,1000.0
2026-02-12 14:23:20,F2,20.8,20.00,0.50,1,0,0,1000.0
2026-02-12 14:23:20,F3,27.2,20.00,0.50,0,0,0,1000.0
2026-02-12 14:23:22,F1,24.1,20.00,0.50,0,0,0,1000.0
2026-02-12 14:23:23,F2,20.9,20.00,0.50,1,0,0,1000.0
2026-02-12 14:23:24,F3,27.2,20.00,0.50,0,0,0,1000.0
2026-02-12 14:23:26,F1,24.1,20.00,0.50,0,0,0,1000.0
2026-02-12 14:23:27,F2,20.8,20.00,0.50,1,0,0,1000.0
2026-02-12 14:23:27,F3,27.2,20.00,0.50,0,0,0,1000.0
2026-02-12 14:23:29,F1,24.1,20.00,0.50,0,0,0,1000.0
2026-02-12 14:23:30,F2,20.9,20.00,0.50,1,0,0,1000.0
2026-02-12 14:23:31,F3,27.2,20.00,0.50,0,0,0,1000.0
2026-02-12 14:23:33,F1,24.1,20.00,0.50,0,0,0,1000.0
2026-02-12 14:23:33,F2,20.9,20.00,0.50,1,0,0,1000.0
2026-02-12 14:23:34,F3,27.3,20.00,0.50,0,0,0,1000.0
2026-02-12 14:23:36,F1,24.1,20.00,0.50,0,0,0,1000.0
2026-02-12 14:23:37,F2,20.9,20.00,0.50,1,0,0,1000.0
2026-02-12 14:23:38,F3,27.2,20.00,0.50,0,0,0,1000.0
2026-02-12 14:23:39,F1,24.1,20.00,0.50,0,0,0,1000.0
2026-02-12 14:23:40,F2,20.9,20.00,0.50,1,0,0,1000.0
2026-02-12 14:23:41,F3,27.2,20.00,0.50,0,0,0,1000.0
2026-02-12 14:23:43,F1,24.1,20.00,0.50,0,0,0,1000.0
2026-02-12 14:23:44,F2,20.9,20.00,0.50,1,0,0,1000.0
2026-02-12 14:23:44,F3,27.2,20.00,0.50,0,0,0,1000.0
2026-02-12 14:23:46,F1,24.1,20.00,0.50,0,0,0,1000.0
2026-02-12 14:23:47,F2,20.9,20.00,0.50,1,0,0,1000.0
2026-02-12 14:23:48,F3,27.3,20.00,0.50,0,0,0,1000.0
2026-02-12 14:23:50,F1,24.1,20.00,0.50,0,0,0,1000.0
2026-02-12 14:23:50,F2,20.9,20.00,0.50,1,0,0,1000.0
2026-02-12 14:23:51,F3,27.2,20.00,0.50,0,0,0,1000.0
2026-02-12 14:23:53,F1,24.1,20.00,0.50,0,0,0,1000.0
2026-02-12 14:23:54,F2,20.9,20.00,0.50,1,0,0,1000.0
2026-02-12 14:23:55,F3,27.3,20.00,0.50,0,0,0,1000.0
2026-02-12 14:23:57,F1,24.1,20.00,0.50,0,0,0,1000.0
2026-02-12 14:23:57,F2,20.9,20.00,0.50,1,0,0,1000.0
2026-02-12 14:23:58,F3,27.3,20.00,0.50,0,0,0,1000.0
2026-02-12 14:24:00,F1,24.1,20.00,0.50,0,0,0,1000.0
2026-02-12 14:24:01,F2,20.9,20.00,0.50,1,0,0,1000.0
2026-02-12 14:24:02,F3,27.3,20.00,0.50,0,0,0,1000.0
2026-02-12 14:24:03,F1,24.1,20.00,0.50,0,0,0,1000.0
2026-02-12 14:24:04,F2,20.9,20.00,0.50,1,0,0,1000.0
2026-02-12 14:24:05,F3,27.4,20.00,0.50,0,0,0,1000.0
2026-02-12 14:24:07,F1,24.1,20.00,0.50,0,0,0,1000.0
2026-02-12 14:24:08,F2,20.9,20.00,0.50,1,0,0,1000.0
2026-02-12 14:24:08,F3,27.4,20.00,0.50,0,0,0,1000.0
2026-02-12 14:24:10,F1,24.1,20.00,0.50,0,0,0,1000.0
2026-02-12 14:24:11,F2,20.9,20.00,0.50,1,0,0,1000.0
2026-02-12 14:24:12,F3,27.3,20.00,0.50,0,0,0,1000.0
2026-02-12 14:24:14,F1,24.1,20.00,0.50,0,0,0,1000.0
2026-02-12 14:24:14,F2,20.9,20.00,0.50,1,0,0,1000.0
2026-02-12 14:24:15,F3,27.4,20.00,0.50,0,0,0,1000.0
2026-02-12 14:24:17,F1,24.1,20.00,0.50,0,0,0,1000.0
2026-02-12 14:24:18,F2,20.9,20.00,0.50,1,0,0,1000.0
2026-02-12 14:24:19,F3,27.4,20.00,0.50,0,0,0,1000.0
2026-02-12 14:24:20,F1,24.1,20.00,0.50,0,0,0,1000.0
2026-02-12 14:24:21,F2,20.9,20.00,0.50,1,0,0,1000.0
2026-02-12 14:24:22,F3,27.4,20.00,0.50,0,0,0,1000.0
2026-02-12 14:24:24,F1,24.1,20.00,0.50,0,0,0,1000.0
2026-02-12 14:24:25,F2,20.9,20.00,0.50,1,0,0,1000.0
2026-02-12 14:24:25,F3,27.4,20.00,0.50,0,0,0,1000.0
2026-02-12 14:24:27,F1,24.1,20.00,0.50,0,0,0,1000.0
2026-02-12 14:24:28,F2,20.9,20.00,0.50,1,0,0,1000.0
2026-02-12 14:24:29,F3,27.4,20.00,0.50,0,0,0,1000.0
2026-02-12 14:24:31,F1,24.1,20.00,0.50,0,0,0,1000.0
2026-02-12 14:24:32,F2,20.9,20.00,0.50,1,0,0,1000.0
2026-02-12 14:24:32,F3,27.4,20.00,0.50,0,0,0,1000.0
2026-02-12 14:24:34,F1,24.1,20.00,0.50,0,0,0,1000.0
2026-02-12 14:24:35,F2,20.8,20.00,0.50,1,0,0,1000.0
2026-02-12 14:24:36,F3,27.4,20.00,0.50,0,0,0,1000.0
2026-02-12 14:24:38,F1,24.1,20.00,0.50,0,0,0,1000.0
2026-02-12 14:24:38,F2,20.8,20.00,0.50,1,0,0,1000.0
2026-02-12 14:24:39,F3,27.4,20.00,0.50,0,0,0,1000.0
2026-02-12 14:24:41,F1,24.1,20.00,0.50,0,0,0,1000.0
2026-02-12 14:24:42,F2,20.8,20.00,0.50,1,0,0,1000.0
2026-02-12 14:24:43,F3,27.4,20.00,0.50,0,0,0,1000.0
2026-02-12 14:24:44,F1,24.1,20.00,0.50,0,0,0,1000.0
2026-02-12 14:24:45,F2,20.8,20.00,0.50,1,0,0,1000.0
2026-02-12 14:24:46,F3,27.4,20.00,0.50,0,0,0,1000.0
2026-02-12 14:24:48,F1,24.1,20.00,0.50,0,0,0,1000.0
2026-02-12 14:24:49,F2,20.8,20.00,0.50,1,0,0,1000.0
2026-02-12 14:24:49,F3,27.4,20.00,0.50,0,0,0,1000.0
2026-02-12 14:24:51,F1,24.1,20.00,0.50,0,0,0,1000.0
2026-02-12 14:24:52,F2,20.8,20.00,0.50,1,0,0,1000.0
2026-02-12 14:24:53,F3,27.4,20.00,0.50,0,0,0,1000.0
2026-02-12 14:24:55,F1,24.1,20.00,0.50,0,0,0,1000.0
2026-02-12 14:24:55,F2,20.8,20.00,0.50,1,0,0,1000.0
2026-02-12 14:24:56,F3,27.4,20.00,0.50,0,0,0,1000.0
2026-02-12 14:24:58,F1,24.1,20.00,0.50,0,0,0,1000.0
2026-02-12 14:24:59,F2,20.8,20.00,0.50,1,0,0,1000.0
2026-02-12 14:25:00,F3,27.4,20.00,0.50,0,0,0,1000.0
2026-02-12 14:25:01,F1,24.1,20.00,0.50,0,0,0,1000.0
2026-02-12 14:25:02,F2,20.7,20.00,0.50,1,0,0,1000.0
2026-02-12 14:25:03,F3,27.4,20.00,0.50,0,0,0,1000.0
2026-02-12 14:25:05,F1,24.1,20.00,0.50,0,0,0,1000.0
2026-02-12 14:25:06,F2,20.7,20.00,0.50,1,0,0,1000.0
2026-02-12 14:25:07,F3,27.4,20.00,0.50,0,0,0,1000.0
2026-02-12 14:25:08,F1,24.1,20.00,0.50,0,0,0,1000.0
2026-02-12 14:25:09,F2,20.6,20.00,0.50,1,0,0,1000.0
2026-02-12 14:25:10,F3,27.4,20.00,0.50,0,0,0,1000.0
2026-02-12 14:25:12,F1,24.1,20.00,0.50,0,0,0,1000.0
2026-02-12 14:25:13,F2,20.7,20.00,0.50,1,0,0,1000.0
2026-02-12 14:25:13,F3,27.4,20.00,0.50,0,0,0,1000.0
2026-02-12 14:25:15,F1,24.1,20.00,0.50,0,0,0,1000.0
2026-02-12 14:25:16,F2,20.6,20.00,0.50,1,0,0,1000.0
2026-02-12 14:25:17,F3,27.4,20.00,0.50,0,0,0,1000.0
2026-02-12 14:25:19,F1,24.1,20.00,0.50,0,0,0,1000.0
2026-02-12 14:25:19,F2,20.6,20.00,0.50,1,0,0,1000.0
2026-02-12 14:25:20,F3,27.4,20.00,0.50,0,0,0,1000.0
2026-02-12 14:25:22,F1,24.1,20.00,0.50,0,0,0,1000.0
2026-02-12 14:25:23,F2,20.6,20.00,0.50,1,0,0,1000.0
2026-02-12 14:25:24,F3,27.4,20.00,0.50,0,0,0,1000.0
2026-02-12 14:25:25,F1,24.1,20.00,0.50,0,0,0,1000.0
2026-02-12 14:25:26,F2,20.6,20.00,0.50,1,0,0,1000.0
2026-02-12 14:25:27,F3,27.4,20.00,0.50,0,0,0,1000.0
2026-02-12 14:25:29,F1,24.2,20.00,0.50,0,0,0,1000.0
2026-02-12 14:25:30,F2,20.6,20.00,0.50,1,0,0,1000.0
2026-02-12 14:25:30,F3,27.4,20.00,0.50,0,0,0,1000.0
2026-02-12 14:25:32,F1,24.2,20.00,0.50,0,0,0,1000.0
2026-02-12 14:25:33,F2,20.6,20.00,0.50,1,0,0,1000.0
2026-02-12 14:25:34,F3,27.4,20.00,0.50,0,0,0,1000.0
2026-02-12 14:25:36,F1,24.2,20.00,0.50,0,0,0,1000.0
2026-02-12 14:25:36,F2,20.6,20.00,0.50,1,0,0,1000.0
2026-02-12 14:25:37,F3,27.4,20.00,0.50,0,0,0,1000.0
2026-02-12 14:25:39,F1,24.2,20.00,0.50,0,0,0,1000.0
2026-02-12 14:25:40,F2,20.6,20.00,0.50,1,0,0,1000.0
2026-02-12 14:25:41,F3,27.4,20.00,0.50,0,0,0,1000.0
2026-02-12 14:25:43,F1,24.2,20.00,0.50,0,0,0,1000.0
2026-02-12 14:25:43,F2,20.5,20.00,0.50,1,0,0,1000.0
2026-02-12 14:25:44,F3,27.4,20.00,0.50,0,0,0,1000.0
2026-02-12 14:25:46,F1,24.2,20.00,0.50,0,0,0,1000.0
2026-02-12 14:25:47,F2,20.5,20.00,0.50,1,0,0,1000.0
2026-02-12 14:25:48,F3,27.4,20.00,0.50,0,0,0,1000.0
2026-02-12 14:25:49,F1,24.2,20.00,0.50,0,0,0,1000.0
2026-02-12 14:25:50,F2,20.5,20.00,0.50,1,0,0,1000.0
2026-02-12 14:25:51,F3,27.4,20.00,0.50,0,0,0,1000.0
2026-02-12 14:25:53,F1,24.2,20.00,0.50,0,0,0,1000.0
2026-02-12 14:25:54,F2,20.5,20.00,0.50,1,0,0,1000.0
2026-02-12 14:25:54,F3,27.4,20.00,0.50,0,0,0,1000.0
2026-02-12 14:25:56,F1,24.2,20.00,0.50,0,0,0,1000.0
2026-02-12 14:25:57,F2,20.4,20.00,0.50,1,0,0,1000.0
2026-02-12 14:25:58,F3,27.4,20.00,0.50,0,0,0,1000.0
2026-02-12 14:26:00,F1,24.2,20.00,0.50,0,0,0,1000.0
2026-02-12 14:26:00,F2,20.5,20.00,0.50,1,0,0,1000.0
2026-02-12 14:26:01,F3,27.4,20.00,0.50,0,0,0,1000.0
2026-02-12 14:26:03,F1,24.2,20.00,0.50,0,0,0,1000.0
2026-02-12 14:26:04,F2,20.4,20.00,0.50,1,0,0,1000.0
2026-02-12 14:26:05,F3,27.4,20.00,0.50,0,0,0,1000.0
2026-02-12 14:26:06,F1,24.2,20.00,0.50,0,0,0,1000.0
2026-02-12 14:26:07,F2,20.4,20.00,0.50,1,0,0,1000.0
2026-02-12 14:26:08,F3,27.4,20.00,0.50,0,0,0,1000.0
2026-02-12 14:26:10,F1,24.2,20.00,0.50,0,0,0,1000.0
2026-02-12 14:26:11,F2,20.4,20.00,0.50,1,0,0,1000.0
2026-02-12 14:26:11,F3,27.4,20.00,0.50,0,0,0,1000.0
2026-02-12 14:26:13,F1,24.3,20.00,0.50,0,0,0,1000.0
2026-02-12 14:26:14,F2,20.4,20.00,0.50,1,0,0,1000.0
2026-02-12 14:26:15,F3,27.4,20.00,0.50,0,0,0,1000.0
2026-02-12 14:26:17,F1,24.2,20.00,0.50,0,0,0,1000.0
2026-02-12 14:26:18,F2,20.4,20.00,0.50,1,0,0,1000.0
2026-02-12 14:26:18,F3,27.4,20.00,0.50,0,0,0,1000.0
2026-02-12 14:26:20,F1,24.3,20.00,0.50,0,0,0,1000.0
2026-02-12 14:26:21,F2,20.4,20.00,0.50,1,0,0,1000.0
2026-02-12 14:26:22,F3,27.4,20.00,0.50,0,0,0,1000.0
2026-02-12 14:26:24,F1,24.3,20.00,0.50,0,0,0,1000.0
2026-02-12 14:26:25,F2,20.4,20.00,0.50,1,0,0,1000.0
2026-02-12 14:26:25,F3,27.4,20.00,0.50,0,0,0,1000.0
2026-02-12 14:26:27,F1,24.3,20.00,0.50,0,0,0,1000.0
2026-02-12 14:26:28,F2,20.3,20.00,0.50,1,0,0,1000.0
2026-02-12 14:26:29,F3,27.4,20.00,0.50,0,0,0,1000.0
2026-02-12 14:26:31,F1,24.3,20.00,0.50,0,0,0,1000.0
2026-02-12 14:26:31,F2,20.3,20.00,0.50,1,0,0,1000.0
2026-02-12 14:26:32,F3,27.4,20.00,0.50,0,0,0,1000.0
2026-02-12 14:26:34,F1,24.3,20.00,0.50,0,0,0,1000.0
2026-02-12 14:26:35,F2,20.3,20.00,0.50,1,0,0,1000.0
2026-02-12 14:26:36,F3,27.4,20.00,0.50,0,0,0,1000.0
2026-02-12 14:26:37,F1,24.3,20.00,0.50,0,0,0,1000.0
2026-02-12 14:26:38,F2,20.3,20.00,0.50,1,0,0,1000.0
2026-02-12 14:26:39,F3,27.4,20.00,0.50,0,0,0,1000.0
2026-02-12 14:26:41,F1,24.2,20.00,0.50,0,0,0,1000.0
2026-02-12 14:26:42,F2,20.3,20.00,0.50,1,0,0,1000.0
2026-02-12 14:26:42,F3,27.4,20.00,0.50,0,0,0,1000.0
2026-02-12 14:26:44,F1,24.2,20.00,0.50,0,0,0,1000.0
2026-02-12 14:26:45,F2,20.2,20.00,0.50,1,0,0,1000.0
2026-02-12 14:26:46,F3,27.4,20.00,0.50,0,0,0,1000.0
2026-02-12 14:26:48,F1,24.2,20.00,0.50,0,0,0,1000.0
2026-02-12 14:26:49,F2,20.2,20.00,0.50,1,0,0,1000.0
2026-02-12 14:26:49,F3,27.4,20.00,0.50,0,0,0,1000.0
2026-02-12 14:26:51,F1,24.2,20.00,0.50,0,0,0,1000.0
2026-02-12 14:26:52,F2,20.2,20.00,0.50,1,0,0,1000.0
2026-02-12 14:26:53,F3,27.4,20.00,0.50,0,0,0,1000.0
2026-02-12 14:26:55,F1,24.2,20.00,0.50,0,0,0,1000.0
2026-02-12 14:26:55,F2,20.2,20.00,0.50,1,0,0,1000.0
2026-02-12 14:26:56,F3,27.4,20.00,0.50,0,0,0,1000.0
2026-02-12 14:26:58,F1,24.3,20.00,0.50,0,0,0,1000.0
2026-02-12 14:26:59,F2,20.2,20.00,0.50,1,0,0,1000.0
2026-02-12 14:27:00,F3,27.5,20.00,0.50,0,0,0,1000.0
2026-02-12 14:27:01,F1,24.2,20.00,0.50,0,0,0,1000.0
2026-02-12 14:27:02,F2,20.2,20.00,0.50,1,0,0,1000.0
2026-02-12 14:27:03,F3,27.5,20.00,0.50,0,0,0,1000.0
2026-02-12 14:27:05,F1,24.3,20.00,0.50,0,0,0,1000.0
2026-02-12 14:27:06,F2,20.2,20.00,0.50,1,0,0,1000.0
2026-02-12 14:27:06,F3,27.5,20.00,0.50,0,0,0,1000.0
2026-02-12 14:27:08,F1,24.2,20.00,0.50,0,0,0,1000.0
2026-02-12 14:27:09,F2,20.2,20.00,0.50,1,0,0,1000.0
2026-02-12 14:27:10,F3,27.5,20.00,0.50,0,0,0,1000.0
2026-02-12 14:27:12,F1,24.2,20.00,0.50,0,0,0,1000.0
2026-02-12 14:27:12,F2,20.1,20.00,0.50,1,0,0,1000.0
2026-02-12 14:27:13,F3,27.5,20.00,0.50,0,0,0,1000.0
2026-02-12 14:27:15,F1,24.2,20.00,0.50,0,0,0,1000.0
2026-02-12 14:27:16,F2,20.1,20.00,0.50,1,0,0,1000.0
2026-02-12 14:27:17,F3,27.5,20.00,0.50,0,0,0,1000.0
2026-02-12 14:27:18,F1,24.2,20.00,0.50,0,0,0,1000.0
2026-02-12 14:27:19,F2,20.1,20.00,0.50,1,0,0,1000.0
2026-02-12 14:27:20,F3,27.5,20.00,0.50,0,0,0,1000.0
2026-02-12 14:27:22,F1,24.2,20.00,0.50,0,0,0,1000.0
2026-02-12 14:27:23,F2,20.1,20.00,0.50,1,0,0,1000.0
2026-02-12 14:27:24,F3,27.5,20.00,0.50,0,0,0,1000.0
2026-02-12 14:27:25,F1,24.2,20.00,0.50,0,0,0,1000.0
2026-02-12 14:27:26,F2,20.1,20.00,0.50,1,0,0,1000.0
2026-02-12 14:27:27,F3,27.5,20.00,0.50,0,0,0,1000.0
2026-02-12 14:27:29,F1,24.2,20.00,0.50,0,0,0,1000.0
2026-02-12 14:27:30,F2,20.1,20.00,0.50,1,0,0,1000.0
2026-02-12 14:27:30,F3,27.5,20.00,0.50,0,0,0,1000.0
2026-02-12 14:27:32,F1,24.2,20.00,0.50,0,0,0,1000.0
2026-02-12 14:27:33,F2,20.1,20.00,0.50,1,0,0,1000.0
2026-02-12 14:27:34,F3,27.5,20.00,0.50,0,0,0,1000.0
2026-02-12 14:27:36,F1,24.2,20.00,0.50,0,0,0,1000.0
2026-02-12 14:27:36,F2,20.1,20.00,0.50,1,0,0,1000.0
2026-02-12 14:27:37,F3,27.5,20.00,0.50,0,0,0,1000.0
2026-02-12 14:27:39,F1,24.2,20.00,0.50,0,0,0,1000.0
2026-02-12 14:27:40,F2,20.1,20.00,0.50,1,0,0,1000.0
2026-02-12 14:27:41,F3,27.5,20.00,0.50,0,0,0,1000.0
2026-02-12 14:27:42,F1,24.2,20.00,0.50,0,0,0,1000.0
2026-02-12 14:27:43,F2,20.1,20.00,0.50,1,0,0,1000.0
2026-02-12 14:27:44,F3,27.5,20.00,0.50,0,0,0,1000.0
2026-02-12 14:27:46,F1,24.3,20.00,0.50,0,0,0,1000.0
2026-02-12 14:27:47,F2,20.1,20.00,0.50,1,0,0,1000.0
2026-02-12 14:27:47,F3,27.5,20.00,0.50,0,0,0,1000.0
2026-02-12 14:27:49,F1,24.2,20.00,0.50,0,0,0,1000.0
2026-02-12 14:27:50,F2,20.1,20.00,0.50,1,0,0,1000.0
2026-02-12 14:27:51,F3,27.6,20.00,0.50,0,0,0,1000.0
2026-02-12 14:27:53,F1,24.2,20.00,0.50,0,0,0,1000.0
2026-02-12 14:27:53,F2,20.0,20.00,0.50,1,0,0,1000.0
2026-02-12 14:27:54,F3,27.6,20.00,0.50,0,0,0,1000.0
2026-02-12 14:27:56,F1,24.2,20.00,0.50,0,0,0,1000.0
2026-02-12 14:27:57,F2,20.0,20.00,0.50,1,0,0,1000.0
2026-02-12 14:27:58,F3,27.6,20.00,0.50,0,0,0,1000.0
2026-02-12 14:28:00,F1,24.2,20.00,0.50,0,0,0,1000.0
2026-02-12 14:28:00,F2,19.9,20.00,0.50,1,0,0,1000.0
2026-02-12 14:28:01,F3,27.6,20.00,0.50,0,0,0,1000.0
2026-02-12 14:28:03,F1,24.3,20.00,0.50,0,0,0,1000.0
2026-02-12 14:28:04,F2,19.9,20.00,0.50,1,0,0,1000.0
2026-02-12 14:28:05,F3,27.5,20.00,0.50,0,0,0,1000.0
2026-02-12 14:28:06,F1,24.2,20.00,0.50,0,0,0,1000.0
2026-02-12 14:28:07,F2,19.9,20.00,0.50,1,0,0,1000.0
2026-02-12 14:28:08,F3,27.4,20.00,0.50,0,0,0,1000.0
2026-02-12 14:28:10,F1,24.3,20.00,0.50,0,0,0,1000.0
2026-02-12 14:28:11,F2,19.9,20.00,0.50,1,0,0,1000.0
2026-02-12 14:28:11,F3,27.5,20.00,0.50,0,0,0,1000.0
2026-02-12 14:28:13,F1,24.3,20.00,0.50,0,0,0,1000.0
2026-02-12 14:28:14,F2,19.9,20.00,0.50,1,0,0,1000.0
2026-02-12 14:28:15,F3,27.5,20.00,0.50,0,0,0,1000.0
2026-02-12 14:28:17,F1,24.3,20.00,0.50,0,0,0,1000.0
2026-02-12 14:28:17,F2,19.9,20.00,0.50,1,0,0,1000.0
2026-02-12 14:28:18,F3,27.6,20.00,0.50,0,0,0,1000.0
2026-02-12 14:28:20,F1,24.3,20.00,0.50,0,0,0,1000.0
2026-02-12 14:28:21,F2,19.9,20.00,0.50,1,0,0,1000.0
2026-02-12 14:28:22,F3,27.5,20.00,0.50,0,0,0,1000.0
2026-02-12 14:28:23,F1,24.3,20.00,0.50,0,0,0,1000.0
2026-02-12 14:28:24,F2,19.9,20.00,0.50,1,0,0,1000.0
2026-02-12 14:28:25,F3,27.6,20.00,0.50,0,0,0,1000.0
2026-02-12 14:28:27,F1,24.3,20.00,0.50,0,0,0,1000.0
2026-02-12 14:28:28,F2,19.8,20.00,0.50,1,0,0,1000.0
2026-02-12 14:28:28,F3,27.5,20.00,0.50,0,0,0,1000.0
2026-02-12 14:28:30,F1,24.2,20.00,0.50,0,0,0,1000.0
2026-02-12 14:28:31,F2,19.9,20.00,0.50,1,0,0,1000.0
2026-02-12 14:28:32,F3,27.5,20.00,0.50,0,0,0,1000.0
2026-02-12 14:28:34,F1,24.2,20.00,0.50,0,0,0,1000.0
2026-02-12 14:28:35,F2,19.8,20.00,0.50,1,0,0,1000.0
2026-02-12 14:28:35,F3,27.5,20.00,0.50,0,0,0,1000.0
2026-02-12 14:28:37,F1,24.2,20.00,0.50,0,0,0,1000.0
2026-02-12 14:28:38,F2,19.8,20.00,0.50,1,0,0,1000.0
2026-02-12 14:28:39,F3,27.5,20.00,0.50,0,0,0,1000.0
2026-02-12 14:28:41,F1,24.2,20.00,0.50,0,0,0,1000.0
2026-02-12 14:28:41,F2,19.8,20.00,0.50,1,0,0,1000.0
2026-02-12 14:28:42,F3,27.5,20.00,0.50,0,0,0,1000.0
2026-02-12 14:28:44,F1,24.3,20.00,0.50,0,0,0,1000.0
2026-02-12 14:28:45,F2,19.8,20.00,0.50,1,0,0,1000.0
2026-02-12 14:28:46,F3,27.5,20.00,0.50,0,0,0,1000.0
2026-02-12 14:28:47,F1,24.2,20.00,0.50,0,0,0,1000.0
2026-02-12 14:28:48,F2,19.8,20.00,0.50,1,0,0,1000.0
2026-02-12 14:28:49,F3,27.5,20.00,0.50,0,0,0,1000.0
2026-02-12 14:28:51,F1,24.2,20.00,0.50,0,0,0,1000.0
2026-02-12 14:28:52,F2,19.8,20.00,0.50,1,0,0,1000.0
2026-02-12 14:28:52,F3,27.5,20.00,0.50,0,0,0,1000.0
2026-02-12 14:28:54,F1,24.2,20.00,0.50,0,0,0,1000.0
2026-02-12 14:28:55,F2,19.8,20.00,0.50,1,0,0,1000.0
2026-02-12 14:28:56,F3,27.5,20.00,0.50,0,0,0,1000.0
2026-02-12 14:28:58,F1,24.2,20.00,0.50,0,0,0,1000.0
2026-02-12 14:28:58,F2,19.8,20.00,0.50,1,0,0,1000.0
2026-02-12 14:28:59,F3,27.5,20.00,0.50,0,0,0,1000.0
2026-02-12 14:29:01,F1,24.2,20.00,0.50,0,0,0,1000.0
2026-02-12 14:29:02,F2,19.8,20.00,0.50,1,0,0,1000.0
2026-02-12 14:29:03,F3,27.5,20.00,0.50,0,0,0,1000.0
2026-02-12 14:29:05,F1,24.1,20.00,0.50,0,0,0,1000.0
2026-02-12 14:29:05,F2,19.7,20.00,0.50,1,0,0,1000.0
2026-02-12 14:29:06,F3,27.5,20.00,0.50,0,0,0,1000.0
2026-02-12 14:29:08,F1,24.1,20.00,0.50,0,0,0,1000.0
2026-02-12 14:29:09,F2,19.8,20.00,0.50,1,0,0,1000.0
2026-02-12 14:29:10,F3,27.5,20.00,0.50,0,0,0,1000.0
2026-02-12 14:29:11,F1,24.1,20.00,0.50,0,0,0,1000.0
2026-02-12 14:29:12,F2,19.7,20.00,0.50,1,0,0,1000.0
2026-02-12 14:29:13,F3,27.5,20.00,0.50,0,0,0,1000.0
2026-02-12 14:29:15,F1,24.1,20.00,0.50,0,0,0,1000.0
2026-02-12 14:29:16,F2,19.7,20.00,0.50,1,0,0,1000.0
2026-02-12 14:29:16,F3,27.6,20.00,0.50,0,0,0,1000.0
2026-02-12 14:29:18,F1,24.0,20.00,0.50,0,0,0,1000.0
2026-02-12 14:29:19,F2,19.6,20.00,0.50,1,0,0,1000.0
2026-02-12 14:29:20,F3,27.5,20.00,0.50,0,0,0,1000.0
2026-02-12 14:29:22,F1,24.0,20.00,0.50,0,0,0,1000.0
2026-02-12 14:29:22,F2,19.6,20.00,0.50,1,0,0,1000.0
2026-02-12 14:29:23,F3,27.5,20.00,0.50,0,0,0,1000.0
2026-02-12 14:29:25,F1,23.9,20.00,0.50,0,0,0,1000.0
2026-02-12 14:29:26,F2,19.6,20.00,0.50,1,0,0,1000.0
2026-02-12 14:29:27,F3,27.5,20.00,0.50,0,0,0,1000.0
2026-02-12 14:29:28,F1,23.9,20.00,0.50,0,0,0,1000.0
2026-02-12 14:29:29,F2,19.6,20.00,0.50,1,0,0,1000.0
2026-02-12 14:29:30,F3,27.5,20.00,0.50,0,0,0,1000.0
2026-02-12 14:29:32,F1,23.9,20.00,0.50,0,0,0,1000.0
2026-02-12 14:29:33,F2,19.6,20.00,0.50,1,0,0,1000.0
2026-02-12 14:29:33,F3,27.5,20.00,0.50,0,0,0,1000.0
2026-02-12 14:29:35,F1,23.9,20.00,0.50,0,0,0,1000.0
2026-02-12 14:29:36,F2,19.6,20.00,0.50,1,0,0,1000.0
2026-02-12 14:29:37,F3,27.5,20.00,0.50,0,0,0,1000.0
2026-02-12 14:29:39,F1,23.8,20.00,0.50,0,0,0,1000.0
2026-02-12 14:29:40,F2,19.6,20.00,0.50,1,0,0,1000.0
2026-02-12 14:29:40,F3,27.5,20.00,0.50,0,0,0,1000.0
2026-02-12 14:29:42,F1,23.8,20.00,0.50,0,0,0,1000.0
2026-02-12 14:29:43,F2,19.5,20.00,0.50,0,1,0,1000.0
2026-02-12 14:29:44,F3,27.4,20.00,0.50,0,0,0,1000.0
2026-02-12 14:29:46,F1,23.7,20.00,0.50,0,0,0,1000.0
2026-02-12 14:29:46,F2,19.6,20.00,0.50,0,1,0,1000.0
2026-02-12 14:29:47,F3,27.4,20.00,0.50,0,0,0,1000.0
2026-02-12 14:29:49,F1,23.7,20.00,0.50,0,0,0,1000.0
2026-02-12 14:29:50,F2,19.6,20.00,0.50,0,1,0,1000.0
2026-02-12 14:29:51,F3,27.4,20.00,0.50,0,0,0,1000.0
2026-02-12 14:29:52,F1,23.7,20.00,0.50,0,0,0,1000.0
2026-02-12 14:29:53,F2,19.6,20.00,0.50,0,1,0,1000.0
2026-02-12 14:29:54,F3,27.4,20.00,0.50,0,0,0,1000.0
2026-02-12 14:29:56,F1,23.6,20.00,0.50,0,0,0,1000.0
2026-02-12 14:29:57,F2,19.6,20.00,0.50,0,1,0,1000.0
2026-02-12 14:29:57,F3,27.5,20.00,0.50,0,0,0,1000.0
2026-02-12 14:29:59,F1,23.6,20.00,0.50,0,0,0,1000.0
2026-02-12 14:30:00,F2,19.5,20.00,0.50,0,1,0,1000.0
2026-02-12 14:30:01,F3,27.5,20.00,0.50,0,0,0,1000.0
2026-02-12 14:30:03,F1,23.6,20.00,0.50,0,0,0,1000.0
2026-02-12 14:30:03,F2,19.5,20.00,0.50,0,1,0,1000.0
2026-02-12 14:30:04,F3,27.5,20.00,0.50,0,0,0,1000.0
2026-02-12 14:30:06,F1,23.6,20.00,0.50,0,0,0,1000.0
2026-02-12 14:30:07,F2,19.5,20.00,0.50,0,1,0,1000.0
2026-02-12 14:30:08,F3,27.5,20.00,0.50,0,0,0,1000.0
2026-02-12 14:30:09,F1,23.5,20.00,0.50,0,0,0,1000.0
2026-02-12 14:30:10,F2,19.4,20.00,0.50,0,1,0,1000.0
2026-02-12 14:30:11,F3,27.5,20.00,0.50,0,0,0,1000.0
2026-02-12 14:30:13,F1,23.5,20.00,0.50,0,0,0,1000.0
2026-02-12 14:30:14,F2,19.4,20.00,0.50,0,1,0,1000.0
2026-02-12 14:30:15,F3,27.5,20.00,0.50,0,0,0,1000.0
2026-02-12 14:30:16,F1,23.4,20.00,0.50,0,0,0,1000.0
2026-02-12 14:30:17,F2,19.4,20.00,0.50,0,1,0,1000.0
2026-02-12 14:30:18,F3,27.5,20.00,0.50,0,0,0,1000.0
2026-02-12 14:30:20,F1,23.4,20.00,0.50,0,0,0,1000.0
2026-02-12 14:30:21,F2,19.4,20.00,0.50,0,1,0,1000.0
2026-02-12 14:30:21,F3,27.5,20.00,0.50,0,0,0,1000.0
2026-02-12 14:30:23,F1,23.4,20.00,0.50,0,0,0,1000.0
2026-02-12 14:30:24,F2,19.4,20.00,0.50,0,1,0,1000.0
2026-02-12 14:30:25,F3,27.5,20.00,0.50,0,0,0,1000.0
2026-02-12 14:30:27,F1,23.4,20.00,0.50,0,0,0,1000.0
2026-02-12 14:30:27,F2,19.4,20.00,0.50,0,1,0,1000.0
2026-02-12 14:30:28,F3,27.5,20.00,0.50,0,0,0,1000.0
2026-02-12 14:30:30,F1,23.3,20.00,0.50,0,0,0,1000.0
2026-02-12 14:30:31,F2,19.4,20.00,0.50,0,1,0,1000.0
2026-02-12 14:30:32,F3,27.5,20.00,0.50,0,0,0,1000.0
2026-02-12 14:30:33,F1,23.2,20.00,0.50,0,0,0,1000.0
2026-02-12 14:30:34,F2,19.4,20.00,0.50,0,1,0,1000.0
2026-02-12 14:30:35,F3,27.5,20.00,0.50,0,0,0,1000.0
2026-02-12 14:30:37,F1,23.2,20.00,0.50,0,0,0,1000.0
2026-02-12 14:30:38,F2,19.4,20.00,0.50,0,1,0,1000.0
2026-02-12 14:30:38,F3,27.5,20.00,0.50,0,0,0,1000.0
2026-02-12 14:30:40,F1,23.2,20.00,0.50,0,0,0,1000.0
2026-02-12 14:30:41,F2,19.4,20.00,0.50,0,1,0,1000.0
2026-02-12 14:30:42,F3,27.5,20.00,0.50,0,0,0,1000.0
2026-02-12 14:30:44,F1,23.2,20.00,0.50,0,0,0,1000.0
2026-02-12 14:30:44,F2,19.4,20.00,0.50,0,1,0,1000.0
2026-02-12 14:30:45,F3,27.5,20.00,0.50,0,0,0,1000.0
2026-02-12 14:30:47,F1,23.2,20.00,0.50,0,0,0,1000.0
2026-02-12 14:30:48,F2,19.4,20.00,0.50,0,1,0,1000.0
2026-02-12 14:30:49,F3,27.5,20.00,0.50,0,0,0,1000.0
2026-02-12 14:30:51,F1,23.1,20.00,0.50,0,0,0,1000.0
2026-02-12 14:30:51,F2,19.4,20.00,0.50,0,1,0,1000.0
2026-02-12 14:30:52,F3,27.5,20.00,0.50,0,0,0,1000.0
2026-02-12 14:30:54,F1,23.1,20.00,0.50,0,0,0,1000.0
2026-02-12 14:30:55,F2,19.4,20.00,0.50,0,1,0,1000.0
2026-02-12 14:30:56,F3,27.5,20.00,0.50,0,0,0,1000.0
2026-02-12 14:30:57,F1,23.1,20.00,0.50,0,0,0,1000.0
2026-02-12 14:30:58,F2,19.5,20.00,0.50,0,1,0,1000.0
2026-02-12 14:30:59,F3,27.5,20.00,0.50,0,0,0,1000.0
2026-02-12 14:31:01,F1,23.1,20.00,0.50,0,0,0,1000.0
2026-02-12 14:31:02,F2,19.5,20.00,0.50,0,1,0,1000.0
2026-02-12 14:31:02,F3,27.5,20.00,0.50,0,0,0,1000.0
2026-02-12 14:31:04,F1,23.0,20.00,0.50,0,0,0,1000.0
2026-02-12 14:31:05,F2,19.5,20.00,0.50,0,1,0,1000.0
2026-02-12 14:31:06,F3,27.6,20.00,0.50,0,0,0,1000.0
2026-02-12 14:31:08,F1,23.0,20.00,0.50,0,0,0,1000.0
2026-02-12 14:31:08,F2,19.5,20.00,0.50,0,1,0,1000.0
2026-02-12 14:31:09,F3,27.6,20.00,0.50,0,0,0,1000.0
2026-02-12 14:31:11,F1,23.0,20.00,0.50,0,0,0,1000.0
2026-02-12 14:31:12,F2,19.5,20.00,0.50,0,1,0,1000.0
2026-02-12 14:31:13,F3,27.6,20.00,0.50,0,0,0,1000.0
2026-02-12 14:31:14,F1,22.9,20.00,0.50,0,0,0,1000.0
2026-02-12 14:31:15,F2,19.6,20.00,0.50,0,1,0,1000.0
2026-02-12 14:31:16,F3,27.6,20.00,0.50,0,0,0,1000.0
2026-02-12 14:31:18,F1,22.9,20.00,0.50,0,0,0,1000.0
2026-02-12 14:31:19,F2,19.6,20.00,0.50,0,1,0,1000.0
2026-02-12 14:31:19,F3,27.6,20.00,0.50,0,0,0,1000.0
2026-02-12 14:31:21,F1,22.9,20.00,0.50,0,0,0,1000.0
2026-02-12 14:31:22,F2,19.6,20.00,0.50,0,1,0,1000.0
2026-02-12 14:31:23,F3,27.6,20.00,0.50,0,0,0,1000.0
2026-02-12 14:31:25,F1,22.9,20.00,0.50,0,0,0,1000.0
2026-02-12 14:31:26,F2,19.6,20.00,0.50,0,1,0,1000.0
2026-02-12 14:31:26,F3,27.6,20.00,0.50,0,0,0,1000.0
2026-02-12 14:31:28,F1,22.9,20.00,0.50,0,0,0,1000.0
2026-02-12 14:31:29,F2,19.6,20.00,0.50,0,1,0,1000.0
2026-02-12 14:31:30,F3,27.6,20.00,0.50,0,0,0,1000.0
2026-02-12 14:31:32,F1,22.9,20.00,0.50,0,0,0,1000.0
2026-02-12 14:31:32,F2,19.6,20.00,0.50,0,1,0,1000.0
2026-02-12 14:31:33,F3,27.6,20.00,0.50,0,0,0,1000.0
2026-02-12 14:31:35,F1,22.8,20.00,0.50,0,0,0,1000.0
2026-02-12 14:31:36,F2,19.6,20.00,0.50,0,1,0,1000.0
2026-02-12 14:31:37,F3,27.6,20.00,0.50,0,0,0,1000.0
2026-02-12 14:31:39,F1,22.8,20.00,0.50,0,0,0,1000.0
2026-02-12 14:31:39,F2,19.6,20.00,0.50,0,1,0,1000.0
2026-02-12 14:31:40,F3,27.6,20.00,0.50,0,0,0,1000.0
2026-02-12 14:31:42,F1,22.8,20.00,0.50,0,0,0,1000.0
2026-02-12 14:31:43,F2,19.7,20.00,0.50,0,1,0,1000.0
2026-02-12 14:31:43,F3,27.6,20.00,0.50,0,0,0,1000.0
2026-02-12 14:31:45,F1,22.8,20.00,0.50,0,0,0,1000.0
2026-02-12 14:31:46,F2,19.8,20.00,0.50,0,1,0,1000.0
2026-02-12 14:31:47,F3,27.6,20.00,0.50,0,0,0,1000.0
2026-02-12 14:31:49,F1,22.8,20.00,0.50,0,0,0,1000.0
2026-02-12 14:31:50,F2,19.8,20.00,0.50,0,1,0,1000.0
2026-02-12 14:31:50,F3,27.6,20.00,0.50,0,0,0,1000.0
2026-02-12 14:31:52,F1,22.7,20.00,0.50,0,0,0,1000.0
2026-02-12 14:31:53,F2,19.8,20.00,0.50,0,1,0,1000.0
2026-02-12 14:31:54,F3,27.6,20.00,0.50,0,0,0,1000.0
2026-02-12 14:31:56,F1,22.7,20.00,0.50,0,0,0,1000.0
2026-02-12 14:31:57,F2,19.9,20.00,0.50,0,1,0,1000.0
2026-02-12 14:31:57,F3,27.6,20.00,0.50,0,0,0,1000.0
2026-02-12 14:31:59,F1,22.7,20.00,0.50,0,0,0,1000.0
2026-02-12 14:32:00,F2,19.9,20.00,0.50,0,1,0,1000.0
2026-02-12 14:32:01,F3,27.6,20.00,0.50,0,0,0,1000.0
2026-02-12 14:32:03,F1,22.7,20.00,0.50,0,0,0,1000.0
2026-02-12 14:32:03,F2,19.9,20.00,0.50,0,1,0,1000.0
2026-02-12 14:32:04,F3,27.6,20.00,0.50,0,0,0,1000.0
2026-02-12 14:32:06,F1,22.7,20.00,0.50,0,0,0,1000.0
2026-02-12 14:32:07,F2,19.9,20.00,0.50,0,1,0,1000.0
2026-02-12 14:32:08,F3,27.6,20.00,0.50,0,0,0,1000.0
2026-02-12 14:32:09,F1,22.6,20.00,0.50,0,0,0,1000.0
2026-02-12 14:32:10,F2,19.9,20.00,0.50,0,1,0,1000.0
2026-02-12 14:32:11,F3,27.6,20.00,0.50,0,0,0,1000.0
2026-02-12 14:32:13,F1,22.6,20.00,0.50,0,0,0,1000.0
2026-02-12 14:32:14,F2,19.9,20.00,0.50,0,1,0,1000.0
2026-02-12 14:32:14,F3,27.6,20.00,0.50,0,0,0,1000.0
2026-02-12 14:32:16,F1,22.6,20.00,0.50,0,0,0,1000.0
2026-02-12 14:32:17,F2,19.9,20.00,0.50,0,1,0,1000.0
2026-02-12 14:32:18,F3,27.6,20.00,0.50,0,0,0,1000.0
2026-02-12 14:32:20,F1,22.7,20.00,0.50,0,0,0,1000.0
2026-02-12 14:32:20,F2,19.9,20.00,0.50,0,1,0,1000.0
2026-02-12 14:32:21,F3,27.6,20.00,0.50,0,0,0,1000.0
2026-02-12 14:32:23,F1,22.6,20.00,0.50,0,0,0,1000.0
2026-02-12 14:32:24,F2,20.1,20.00,0.50,0,1,0,1000.0
2026-02-12 14:32:25,F3,27.6,20.00,0.50,0,0,0,1000.0
2026-02-12 14:32:26,F1,22.6,20.00,0.50,0,0,0,1000.0
2026-02-12 14:32:27,F2,20.1,20.00,0.50,0,1,0,1000.0
2026-02-12 14:32:28,F3,27.6,20.00,0.50,0,0,0,1000.0
2026-02-12 14:32:30,F1,22.6,20.00,0.50,0,0,0,1000.0
2026-02-12 14:32:31,F2,20.1,20.00,0.50,0,1,0,1000.0
2026-02-12 14:32:31,F3,27.6,20.00,0.50,0,0,0,1000.0
2026-02-12 14:32:33,F1,22.6,20.00,0.50,0,0,0,1000.0
2026-02-12 14:32:34,F2,20.1,20.00,0.50,0,1,0,1000.0
2026-02-12 14:32:35,F3,27.6,20.00,0.50,0,0,0,1000.0
2026-02-12 14:32:37,F1,22.6,20.00,0.50,0,0,0,1000.0
2026-02-12 14:32:37,F2,20.2,20.00,0.50,0,1,0,1000.0
2026-02-12 14:32:38,F3,27.6,20.00,0.50,0,0,0,1000.0
2026-02-12 14:32:40,F1,22.6,20.00,0.50,0,0,0,1000.0
2026-02-12 14:32:41,F2,20.2,20.00,0.50,0,1,0,1000.0
2026-02-12 14:32:42,F3,27.6,20.00,0.50,0,0,0,1000.0
2026-02-12 14:32:43,F1,22.6,20.00,0.50,0,0,0,1000.0
2026-02-12 14:32:44,F2,20.2,20.00,0.50,0,1,0,1000.0
2026-02-12 14:32:45,F3,27.6,20.00,0.50,0,0,0,1000.0
2026-02-12 14:32:47,F1,22.6,20.00,0.50,0,0,0,1000.0
2026-02-12 14:32:48,F2,20.2,20.00,0.50,0,1,0,1000.0
2026-02-12 14:32:48,F3,27.6,20.00,0.50,0,0,0,1000.0
2026-02-12 14:32:50,F1,22.6,20.00,0.50,0,0,0,1000.0
2026-02-12 14:32:51,F2,20.3,20.00,0.50,0,1,0,1000.0
2026-02-12 14:32:52,F3,27.6,20.00,0.50,0,0,0,1000.0
2026-02-12 14:32:54,F1,22.5,20.00,0.50,0,0,0,1000.0
2026-02-12 14:32:54,F2,20.3,20.00,0.50,0,1,0,1000.0
2026-02-12 14:32:55,F3,27.6,20.00,0.50,0,0,0,1000.0
2026-02-12 14:32:57,F1,22.6,20.00,0.50,0,0,0,1000.0
2026-02-12 14:32:58,F2,20.3,20.00,0.50,0,1,0,1000.0
2026-02-12 14:32:59,F3,27.6,20.00,0.50,0,0,0,1000.0
2026-02-12 14:33:00,F1,22.5,20.00,0.50,0,0,0,1000.0
2026-02-12 14:33:01,F2,20.4,20.00,0.50,0,1,0,1000.0
2026-02-12 14:33:02,F3,27.6,20.00,0.50,0,0,0,1000.0
2026-02-12 14:33:04,F1,22.5,20.00,0.50,0,0,0,1000.0
2026-02-12 14:33:05,F2,20.4,20.00,0.50,0,1,0,1000.0
2026-02-12 14:33:06,F3,27.6,20.00,0.50,0,0,0,1000.0
2026-02-12 14:33:07,F1,22.5,20.00,0.50,0,0,0,1000.0
2026-02-12 14:33:08,F2,20.4,20.00,0.50,0,1,0,1000.0
2026-02-12 14:33:09,F3,27.6,20.00,0.50,0,0,0,1000.0
2026-02-12 14:33:11,F1,22.5,20.00,0.50,0,0,0,1000.0
2026-02-12 14:33:12,F2,20.4,20.00,0.50,0,1,0,1000.0
2026-02-12 14:33:12,F3,27.6,20.00,0.50,0,0,0,1000.0
2026-02-12 14:33:14,F1,22.5,20.00,0.50,0,0,0,1000.0
2026-02-12 14:33:15,F2,20.4,20.00,0.50,0,1,0,1000.0
2026-02-12 14:33:16,F3,27.6,20.00,0.50,0,0,0,1000.0
2026-02-12 14:33:18,F1,22.4,20.00,0.50,0,0,0,1000.0
2026-02-12 14:33:18,F2,20.5,20.00,0.50,1,0,0,1000.0
2026-02-12 14:33:19,F3,27.6,20.00,0.50,0,0,0,1000.0
2026-02-12 14:33:21,F1,22.4,20.00,0.50,0,0,0,1000.0
2026-02-12 14:33:22,F2,20.5,20.00,0.50,1,0,0,1000.0
2026-02-12 14:33:23,F3,27.6,20.00,0.50,0,0,0,1000.0
2026-02-12 14:33:24,F1,22.5,20.00,0.50,0,0,0,1000.0
2026-02-12 14:33:25,F2,20.6,20.00,0.50,1,0,0,1000.0
2026-02-12 14:33:26,F3,27.6,20.00,0.50,0,0,0,1000.0
2026-02-12 14:33:28,F1,22.5,20.00,0.50,0,0,0,1000.0
2026-02-12 14:33:29,F2,20.6,20.00,0.50,1,0,0,1000.0
2026-02-12 14:33:29,F3,27.6,20.00,0.50,0,0,0,1000.0
2026-02-12 14:33:31,F1,22.4,20.00,0.50,0,0,0,1000.0
2026-02-12 14:33:32,F2,20.6,20.00,0.50,1,0,0,1000.0
2026-02-12 14:33:33,F3,27.6,20.00,0.50,0,0,0,1000.0
2026-02-12 14:33:35,F1,22.4,20.00,0.50,0,0,0,1000.0
2026-02-12 14:33:35,F2,20.6,20.00,0.50,1,0,0,1000.0
2026-02-12 14:33:36,F3,27.6,20.00,0.50,0,0,0,1000.0
2026-02-12 14:33:38,F1,22.4,20.00,0.50,0,0,0,1000.0
2026-02-12 14:33:39,F2,20.7,20.00,0.50,1,0,0,1000.0
2026-02-12 14:33:40,F3,27.6,20.00,0.50,0,0,0,1000.0
2026-02-12 14:33:42,F1,22.4,20.00,0.50,0,0,0,1000.0
2026-02-12 14:33:43,F2,20.7,20.00,0.50,1,0,0,1000.0
2026-02-12 14:33:43,F3,27.6,20.00,0.50,0,0,0,1000.0
2026-02-12 14:33:45,F1,22.4,20.00,0.50,0,0,0,1000.0
2026-02-12 14:33:46,F2,20.8,20.00,0.50,1,0,0,1000.0
2026-02-12 14:33:47,F3,27.6,20.00,0.50,0,0,0,1000.0
2026-02-12 14:33:48,F1,22.4,20.00,0.50,0,0,0,1000.0
2026-02-12 14:33:49,F2,20.8,20.00,0.50,1,0,0,1000.0
2026-02-12 14:33:50,F3,27.6,20.00,0.50,0,0,0,1000.0
2026-02-12 14:33:52,F1,22.4,20.00,0.50,0,0,0,1000.0
2026-02-12 14:33:53,F2,20.8,20.00,0.50,1,0,0,1000.0
2026-02-12 14:33:54,F3,27.6,20.00,0.50,0,0,0,1000.0
2026-02-12 14:33:55,F1,22.4,20.00,0.50,0,0,0,1000.0
2026-02-12 14:33:56,F2,20.8,20.00,0.50,1,0,0,1000.0
2026-02-12 14:33:57,F3,27.6,20.00,0.50,0,0,0,1000.0
2026-02-12 14:33:59,F1,22.5,20.00,0.50,0,0,0,1000.0
2026-02-12 14:33:59,F2,20.8,20.00,0.50,1,0,0,1000.0
2026-02-12 14:34:00,F3,27.6,20.00,0.50,0,0,0,1000.0
2026-02-12 14:34:02,F1,22.5,20.00,0.50,0,0,0,1000.0
2026-02-12 14:34:03,F2,20.9,20.00,0.50,1,0,0,1000.0
2026-02-12 14:34:04,F3,27.6,20.00,0.50,0,0,0,1000.0
2026-02-12 14:34:06,F1,22.5,20.00,0.50,0,0,0,1000.0
2026-02-12 14:34:06,F2,20.9,20.00,0.50,1,0,0,1000.0
2026-02-12 14:34:07,F3,27.6,20.00,0.50,0,0,0,1000.0
2026-02-12 14:34:09,F1,22.5,20.00,0.50,0,0,0,1000.0
2026-02-12 14:34:10,F2,20.9,20.00,0.50,1,0,0,1000.0
2026-02-12 14:34:11,F3,27.6,20.00,0.50,0,0,0,1000.0
2026-02-12 14:34:13,F1,22.4,20.00,0.50,0,0,0,1000.0
2026-02-12 14:34:13,F2,20.9,20.00,0.50,1,0,0,1000.0
2026-02-12 14:34:14,F3,27.7,20.00,0.50,0,0,0,1000.0
2026-02-12 14:34:16,F1,22.4,20.00,0.50,0,0,0,1000.0
2026-02-12 14:34:17,F2,20.9,20.00,0.50,1,0,0,1000.0
2026-02-12 14:34:18,F3,27.7,20.00,0.50,0,0,0,1000.0
2026-02-12 14:34:19,F1,22.5,20.00,0.50,0,0,0,1000.0
2026-02-12 14:34:20,F2,20.9,20.00,0.50,1,0,0,1000.0
2026-02-12 14:34:21,F3,27.6,20.00,0.50,0,0,0,1000.0
2026-02-12 14:34:23,F1,22.4,20.00,0.50,0,0,0,1000.0
2026-02-12 14:34:24,F2,20.9,20.00,0.50,1,0,0,1000.0
2026-02-12 14:34:24,F3,27.6,20.00,0.50,0,0,0,1000.0
2026-02-12 14:34:26,F1,22.4,20.00,0.50,0,0,0,1000.0
2026-02-12 14:34:27,F2,20.9,20.00,0.50,1,0,0,1000.0
2026-02-12 14:34:28,F3,27.7,20.00,0.50,0,0,0,1000.0
2026-02-12 14:34:30,F1,22.4,20.00,0.50,0,0,0,1000.0
2026-02-12 14:34:30,F2,20.9,20.00,0.50,1,0,0,1000.0
2026-02-12 14:34:31,F3,27.7,20.00,0.50,0,0,0,1000.0
2026-02-12 14:34:33,F1,22.4,20.00,0.50,0,0,0,1000.0
2026-02-12 14:34:34,F2,20.9,20.00,0.50,1,0,0,1000.0
2026-02-12 14:34:35,F3,27.7,20.00,0.50,0,0,0,1000.0
2026-02-12 14:34:36,F1,22.4,20.00,0.50,0,0,0,1000.0
2026-02-12 14:34:37,F2,20.9,20.00,0.50,1,0,0,1000.0
2026-02-12 14:34:38,F3,27.6,20.00,0.50,0,0,0,1000.0
2026-02-12 14:34:40,F1,22.4,20.00,0.50,0,0,0,1000.0
2026-02-12 14:34:41,F2,20.9,20.00,0.50,1,0,0,1000.0
2026-02-12 14:34:41,F3,27.6,20.00,0.50,0,0,0,1000.0
2026-02-12 14:34:43,F1,22.4,20.00,0.50,0,0,0,1000.0
2026-02-12 14:34:44,F2,20.9,20.00,0.50,1,0,0,1000.0
2026-02-12 14:34:45,F3,27.6,20.00,0.50,0,0,0,1000.0
2026-02-12 14:34:47,F1,22.4,20.00,0.50,0,0,0,1000.0
2026-02-12 14:34:48,F2,20.9,20.00,0.50,1,0,0,1000.0
2026-02-12 14:34:48,F3,27.6,20.00,0.50,0,0,0,1000.0
2026-02-12 14:34:50,F1,22.4,20.00,0.50,0,0,0,1000.0
2026-02-12 14:34:51,F2,20.9,20.00,0.50,1,0,0,1000.0
2026-02-12 14:34:52,F3,27.6,20.00,0.50,0,0,0,1000.0
2026-02-12 14:34:54,F1,22.4,20.00,0.50,0,0,0,1000.0
2026-02-12 14:34:54,F2,20.9,20.00,0.50,1,0,0,1000.0
2026-02-12 14:34:55,F3,27.6,20.00,0.50,0,0,0,1000.0
2026-02-12 14:34:57,F1,22.4,20.00,0.50,0,0,0,1000.0
2026-02-12 14:34:58,F2,20.9,20.00,0.50,1,0,0,1000.0
2026-02-12 14:34:59,F3,27.7,20.00,0.50,0,0,0,1000.0
2026-02-12 14:35:00,F1,22.4,20.00,0.50,0,0,0,1000.0
2026-02-12 14:35:01,F2,20.9,20.00,0.50,1,0,0,1000.0
2026-02-12 14:35:02,F3,27.6,20.00,0.50,0,0,0,1000.0
2026-02-12 14:35:04,F1,22.4,20.00,0.50,0,0,0,1000.0
2026-02-12 14:35:05,F2,20.9,20.00,0.50,1,0,0,1000.0
2026-02-12 14:35:05,F3,27.7,20.00,0.50,0,0,0,1000.0
2026-02-12 14:35:07,F1,22.4,20.00,0.50,0,0,0,1000.0
2026-02-12 14:35:08,F2,20.9,20.00,0.50,1,0,0,1000.0
2026-02-12 14:35:09,F3,27.6,20.00,0.50,0,0,0,1000.0
2026-02-12 14:35:11,F1,22.4,20.00,0.50,0,0,0,1000.0
2026-02-12 14:35:11,F2,20.9,20.00,0.50,1,0,0,1000.0
2026-02-12 14:35:12,F3,27.7,20.00,0.50,0,0,0,1000.0
2026-02-12 14:35:14,F1,22.4,20.00,0.50,0,0,0,1000.0
2026-02-12 14:35:15,F2,20.9,20.00,0.50,1,0,0,1000.0
2026-02-12 14:35:16,F3,27.7,20.00,0.50,0,0,0,1000.0
2026-02-12 14:35:17,F1,22.4,20.00,0.50,0,0,0,1000.0
2026-02-12 14:35:18,F2,20.9,20.00,0.50,1,0,0,1000.0
2026-02-12 14:35:19,F3,27.7,20.00,0.50,0,0,0,1000.0
2026-02-12 14:35:21,F1,22.4,20.00,0.50,0,0,0,1000.0
2026-02-12 14:35:22,F2,20.8,20.00,0.50,1,0,0,1000.0
2026-02-12 14:35:23,F3,27.7,20.00,0.50,0,0,0,1000.0
2026-02-12 14:35:24,F1,22.4,20.00,0.50,0,0,0,1000.0
2026-02-12 14:35:25,F2,20.8,20.00,0.50,1,0,0,1000.0
2026-02-12 14:35:26,F3,27.7,20.00,0.50,0,0,0,1000.0
2026-02-12 14:35:28,F1,22.4,20.00,0.50,0,0,0,1000.0
2026-02-12 14:35:29,F2,20.8,20.00,0.50,1,0,0,1000.0
2026-02-12 14:35:29,F3,27.7,20.00,0.50,0,0,0,1000.0
2026-02-12 14:35:31,F1,22.4,20.00,0.50,0,0,0,1000.0
2026-02-12 14:35:32,F2,20.8,20.00,0.50,1,0,0,1000.0
2026-02-12 14:35:33,F3,27.7,20.00,0.50,0,0,0,1000.0
2026-02-12 14:35:35,F1,22.4,20.00,0.50,0,0,0,1000.0
2026-02-12 14:35:35,F2,20.8,20.00,0.50,1,0,0,1000.0
2026-02-12 14:35:36,F3,27.7,20.00,0.50,0,0,0,1000.0
2026-02-12 14:35:38,F1,22.3,20.00,0.50,0,0,0,1000.0
2026-02-12 14:35:39,F2,20.8,20.00,0.50,1,0,0,1000.0
2026-02-12 14:35:40,F3,27.7,20.00,0.50,0,0,0,1000.0
2026-02-12 14:35:41,F1,22.3,20.00,0.50,0,0,0,1000.0
2026-02-12 14:35:42,F2,20.8,20.00,0.50,1,0,0,1000.0
2026-02-12 14:35:43,F3,27.7,20.00,0.50,0,0,0,1000.0
2026-02-12 14:35:45,F1,22.3,20.00,0.50,0,0,0,1000.0
2026-02-12 14:35:46,F2,20.8,20.00,0.50,1,0,0,1000.0
2026-02-12 14:35:46,F3,27.7,20.00,0.50,0,0,0,1000.0
2026-02-12 14:35:48,F1,22.3,20.00,0.50,0,0,0,1000.0
2026-02-12 14:35:49,F2,20.8,20.00,0.50,1,0,0,1000.0
2026-02-12 14:35:50,F3,27.6,20.00,0.50,0,0,0,1000.0
2026-02-12 14:35:52,F1,22.4,20.00,0.50,0,0,0,1000.0
2026-02-12 14:35:52,F2,20.8,20.00,0.50,1,0,0,1000.0
2026-02-12 14:35:53,F3,27.6,20.00,0.50,0,0,0,1000.0
2026-02-12 14:35:55,F1,22.3,20.00,0.50,0,0,0,1000.0
2026-02-12 14:35:56,F2,20.7,20.00,0.50,1,0,0,1000.0
2026-02-12 14:35:57,F3,27.6,20.00,0.50,0,0,0,1000.0
2026-02-12 14:35:59,F1,22.4,20.00,0.50,0,0,0,1000.0
2026-02-12 14:35:59,F2,20.7,20.00,0.50,1,0,0,1000.0
2026-02-12 14:36:00,F3,27.6,20.00,0.50,0,0,0,1000.0
2026-02-12 14:36:02,F1,22.3,20.00,0.50,0,0,0,1000.0
2026-02-12 14:36:03,F2,20.7,20.00,0.50,1,0,0,1000.0
2026-02-12 14:36:04,F3,27.6,20.00,0.50,0,0,0,1000.0
2026-02-12 14:36:05,F1,22.3,20.00,0.50,0,0,0,1000.0
2026-02-12 14:36:06,F2,20.7,20.00,0.50,1,0,0,1000.0
2026-02-12 14:36:07,F3,27.7,20.00,0.50,0,0,0,1000.0
2026-02-12 14:36:09,F1,22.3,20.00,0.50,0,0,0,1000.0
2026-02-12 14:36:10,F2,20.6,20.00,0.50,1,0,0,1000.0
2026-02-12 14:36:10,F3,27.6,20.00,0.50,0,0,0,1000.0
2026-02-12 14:36:12,F1,22.3,20.00,0.50,0,0,0,1000.0
2026-02-12 14:36:13,F2,20.6,20.00,0.50,1,0,0,1000.0
2026-02-12 14:36:14,F3,27.7,20.00,0.50,0,0,0,1000.0
2026-02-12 14:36:16,F1,22.3,20.00,0.50,0,0,0,1000.0
2026-02-12 14:36:16,F2,20.6,20.00,0.50,1,0,0,1000.0
2026-02-12 14:36:17,F3,27.7,20.00,0.50,0,0,0,1000.0
2026-02-12 14:36:19,F1,22.3,20.00,0.50,0,0,0,1000.0
2026-02-12 14:36:20,F2,20.6,20.00,0.50,1,0,0,1000.0
2026-02-12 14:36:21,F3,27.6,20.00,0.50,0,0,0,1000.0
2026-02-12 14:36:22,F1,22.3,20.00,0.50,0,0,0,1000.0
2026-02-12 14:36:23,F2,20.6,20.00,0.50,1,0,0,1000.0
2026-02-12 14:36:24,F3,27.6,20.00,0.50,0,0,0,1000.0
2026-02-12 14:36:26,F1,22.3,20.00,0.50,0,0,0,1000.0
2026-02-12 14:36:27,F2,20.6,20.00,0.50,1,0,0,1000.0
2026-02-12 14:36:27,F3,27.6,20.00,0.50,0,0,0,1000.0
2026-02-12 14:36:30,F1,22.3,20.00,0.50,0,0,0,1000.0
2026-02-12 14:36:30,F2,20.6,20.00,0.50,1,0,0,1000.0
2026-02-12 14:36:31,F3,27.6,20.00,0.50,0,0,0,1000.0
2026-02-12 14:36:33,F1,22.3,20.00,0.50,0,0,0,1000.0
2026-02-12 14:36:34,F2,20.6,20.00,0.50,1,0,0,1000.0
2026-02-12 14:36:35,F3,27.6,20.00,0.50,0,0,0,1000.0
2026-02-12 14:36:36,F1,22.3,20.00,0.50,0,0,0,1000.0
2026-02-12 14:36:37,F2,20.5,20.00,0.50,1,0,0,1000.0
2026-02-12 14:36:38,F3,27.7,20.00,0.50,0,0,0,1000.0
2026-02-12 14:36:40,F1,22.3,20.00,0.50,0,0,0,1000.0
2026-02-12 14:36:41,F2,20.5,20.00,0.50,1,0,0,1000.0
2026-02-12 14:36:41,F3,27.6,20.00,0.50,0,0,0,1000.0
2026-02-12 14:36:43,F1,22.3,20.00,0.50,0,0,0,1000.0
2026-02-12 14:36:44,F2,20.5,20.00,0.50,1,0,0,1000.0
2026-02-12 14:36:45,F3,27.7,20.00,0.50,0,0,0,1000.0
2026-02-12 14:36:47,F1,22.3,20.00,0.50,0,0,0,1000.0
2026-02-12 14:36:47,F2,20.5,20.00,0.50,1,0,0,1000.0
2026-02-12 14:36:48,F3,27.6,20.00,0.50,0,0,0,1000.0
2026-02-12 14:36:50,F1,22.3,20.00,0.50,0,0,0,1000.0
2026-02-12 14:36:51,F2,20.4,20.00,0.50,1,0,0,1000.0
2026-02-12 14:36:52,F3,27.6,20.00,0.50,0,0,0,1000.0
2026-02-12 14:36:53,F1,22.3,20.00,0.50,0,0,0,1000.0
2026-02-12 14:36:54,F2,20.4,20.00,0.50,1,0,0,1000.0
2026-02-12 14:36:55,F3,27.6,20.00,0.50,0,0,0,1000.0
2026-02-12 14:36:57,F1,22.3,20.00,0.50,0,0,0,1000.0
2026-02-12 14:36:58,F2,20.4,20.00,0.50,1,0,0,1000.0
2026-02-12 14:36:58,F3,27.6,20.00,0.50,0,0,0,1000.0
2026-02-12 14:37:00,F1,22.3,20.00,0.50,0,0,0,1000.0
2026-02-12 14:37:01,F2,20.4,20.00,0.50,1,0,0,1000.0
2026-02-12 14:37:02,F3,27.6,20.00,0.50,0,0,0,1000.0
2026-02-12 14:37:04,F1,22.3,20.00,0.50,0,0,0,1000.0
2026-02-12 14:37:05,F2,20.4,20.00,0.50,1,0,0,1000.0
2026-02-12 14:37:05,F3,27.6,20.00,0.50,0,0,0,1000.0
2026-02-12 14:37:07,F1,22.3,20.00,0.50,0,0,0,1000.0
2026-02-12 14:37:08,F2,20.4,20.00,0.50,1,0,0,1000.0
2026-02-12 14:37:09,F3,27.6,20.00,0.50,0,0,0,1000.0
2026-02-12 14:37:11,F1,22.3,20.00,0.50,0,0,0,1000.0
2026-02-12 14:37:11,F2,20.4,20.00,0.50,1,0,0,1000.0
2026-02-12 14:37:12,F3,27.6,20.00,0.50,0,0,0,1000.0
2026-02-12 14:37:14,F1,22.3,20.00,0.50,0,0,0,1000.0
2026-02-12 14:37:15,F2,20.4,20.00,0.50,1,0,0,1000.0
2026-02-12 14:37:16,F3,27.6,20.00,0.50,0,0,0,1000.0
2026-02-12 14:37:17,F1,22.3,20.00,0.50,0,0,0,1000.0
2026-02-12 14:37:18,F2,20.3,20.00,0.50,1,0,0,1000.0
2026-02-12 14:37:19,F3,27.6,20.00,0.50,0,0,0,1000.0
2026-02-12 14:37:21,F1,22.3,20.00,0.50,0,0,0,1000.0
2026-02-12 14:37:22,F2,20.3,20.00,0.50,1,0,0,1000.0
2026-02-12 14:37:22,F3,27.6,20.00,0.50,0,0,0,1000.0
2026-02-12 14:37:24,F1,22.3,20.00,0.50,0,0,0,1000.0
2026-02-12 14:37:25,F2,20.3,20.00,0.50,1,0,0,1000.0
2026-02-12 14:37:26,F3,27.6,20.00,0.50,0,0,0,1000.0
2026-02-12 14:37:28,F1,22.4,20.00,0.50,0,0,0,1000.0
2026-02-12 14:37:28,F2,20.3,20.00,0.50,1,0,0,1000.0
2026-02-12 14:37:29,F3,27.6,20.00,0.50,0,0,0,1000.0
2026-02-12 14:37:31,F1,22.4,20.00,0.50,0,0,0,1000.0
2026-02-12 14:37:32,F2,20.3,20.00,0.50,1,0,0,1000.0
2026-02-12 14:37:33,F3,27.6,20.00,0.50,0,0,0,1000.0
2026-02-12 14:37:34,F1,22.3,20.00,0.50,0,0,0,1000.0
2026-02-12 14:37:35,F2,20.3,20.00,0.50,1,0,0,1000.0
2026-02-12 14:37:36,F3,27.6,20.00,0.50,0,0,0,1000.0
2026-02-12 14:37:38,F1,22.3,20.00,0.50,0,0,0,1000.0
2026-02-12 14:37:39,F2,20.3,20.00,0.50,1,0,0,1000.0
2026-02-12 14:37:39,F3,27.6,20.00,0.50,0,0,0,1000.0
2026-02-12 14:37:41,F1,22.3,20.00,0.50,0,0,0,1000.0
2026-02-12 14:37:42,F2,20.2,20.00,0.50,1,0,0,1000.0
2026-02-12 14:37:43,F3,27.6,20.00,0.50,0,0,0,1000.0
2026-02-12 14:37:45,F1,22.3,20.00,0.50,0,0,0,1000.0
2026-02-12 14:37:45,F2,20.2,20.00,0.50,1,0,0,1000.0
2026-02-12 14:37:46,F3,27.6,20.00,0.50,0,0,0,1000.0
2026-02-12 14:37:48,F1,22.3,20.00,0.50,0,0,0,1000.0
2026-02-12 14:37:49,F2,20.2,20.00,0.50,1,0,0,1000.0
2026-02-12 14:37:50,F3,27.6,20.00,0.50,0,0,0,1000.0
2026-02-12 14:37:51,F1,22.3,20.00,0.50,0,0,0,1000.0
2026-02-12 14:37:52,F2,20.2,20.00,0.50,1,0,0,1000.0
2026-02-12 14:37:53,F3,27.6,20.00,0.50,0,0,0,1000.0
2026-02-12 14:37:55,F1,22.2,20.00,0.50,0,0,0,1000.0
2026-02-12 14:37:56,F2,20.1,20.00,0.50,1,0,0,1000.0
2026-02-12 14:37:56,F3,27.6,20.00,0.50,0,0,0,1000.0
2026-02-12 14:37:58,F1,22.2,20.00,0.50,0,0,0,1000.0
2026-02-12 14:37:59,F2,20.1,20.00,0.50,1,0,0,1000.0
2026-02-12 14:38:00,F3,27.6,20.00,0.50,0,0,0,1000.0
2026-02-12 14:38:02,F1,22.2,20.00,0.50,0,0,0,1000.0
2026-02-12 14:38:03,F2,20.1,20.00,0.50,1,0,0,1000.0
2026-02-12 14:38:03,F3,27.6,20.00,0.50,0,0,0,1000.0
2026-02-12 14:38:05,F1,22.2,20.00,0.50,0,0,0,1000.0
2026-02-12 14:38:06,F2,20.1,20.00,0.50,1,0,0,1000.0
2026-02-12 14:38:07,F3,27.6,20.00,0.50,0,0,0,1000.0
2026-02-12 14:38:09,F1,22.1,20.00,0.50,0,0,0,1000.0
2026-02-12 14:38:09,F2,20.1,20.00,0.50,1,0,0,1000.0
2026-02-12 14:38:10,F3,27.6,20.00,0.50,0,0,0,1000.0
2026-02-12 14:38:12,F1,22.1,20.00,0.50,0,0,0,1000.0
2026-02-12 14:38:13,F2,20.1,20.00,0.50,1,0,0,1000.0
2026-02-12 14:38:14,F3,27.6,20.00,0.50,0,0,0,1000.0
2026-02-12 14:38:16,F1,22.1,20.00,0.50,0,0,0,1000.0
2026-02-12 14:38:16,F2,20.1,20.00,0.50,1,0,0,1000.0
2026-02-12 14:38:17,F3,27.6,20.00,0.50,0,0,0,1000.0
2026-02-12 14:38:19,F1,22.1,20.00,0.50,0,0,0,1000.0
2026-02-12 14:38:20,F2,20.1,20.00,0.50,1,0,0,1000.0
2026-02-12 14:38:21,F3,27.6,20.00,0.50,0,0,0,1000.0
2026-02-12 14:38:22,F1,22.0,20.00,0.50,0,0,0,1000.0
2026-02-12 14:38:23,F2,20.0,20.00,0.50,1,0,0,1000.0
2026-02-12 14:38:24,F3,27.6,20.00,0.50,0,0,0,1000.0
2026-02-12 14:38:26,F1,22.0,20.00,0.50,0,0,0,1000.0
2026-02-12 14:38:27,F2,20.0,20.00,0.50,1,0,0,1000.0
2026-02-12 14:38:27,F3,27.6,20.00,0.50,0,0,0,1000.0
2026-02-12 14:38:29,F1,22.0,20.00,0.50,0,0,0,1000.0
2026-02-12 14:38:30,F2,20.1,20.00,0.50,1,0,0,1000.0
2026-02-12 14:38:31,F3,27.6,20.00,0.50,0,0,0,1000.0
2026-02-12 14:38:33,F1,22.0,20.00,0.50,0,0,0,1000.0
2026-02-12 14:38:33,F2,20.1,20.00,0.50,1,0,0,1000.0
2026-02-12 14:38:34,F3,27.6,20.00,0.50,0,0,0,1000.0
2026-02-12 14:38:36,F1,22.0,20.00,0.50,0,0,0,1000.0
2026-02-12 14:38:37,F2,20.0,20.00,0.50,1,0,0,1000.0
2026-02-12 14:38:38,F3,27.6,20.00,0.50,0,0,0,1000.0
2026-02-12 14:38:39,F1,22.0,20.00,0.50,0,0,0,1000.0
2026-02-12 14:38:40,F2,20.0,20.00,0.50,1,0,0,1000.0
2026-02-12 14:38:41,F3,27.6,20.00,0.50,0,0,0,1000.0
2026-02-12 14:38:43,F1,22.0,20.00,0.50,0,0,0,1000.0
2026-02-12 14:38:44,F2,20.0,20.00,0.50,1,0,0,1000.0
2026-02-12 14:38:44,F3,27.6,20.00,0.50,0,0,0,1000.0
2026-02-12 14:38:46,F1,22.0,20.00,0.50,0,0,0,1000.0
2026-02-12 14:38:47,F2,20.0,20.00,0.50,1,0,0,1000.0
2026-02-12 14:38:48,F3,27.6,20.00,0.50,0,0,0,1000.0
2026-02-12 14:38:50,F1,22.0,20.00,0.50,0,0,0,1000.0
2026-02-12 14:38:50,F2,20.0,20.00,0.50,1,0,0,1000.0
2026-02-12 14:38:51,F3,27.6,20.00,0.50,0,0,0,1000.0
2026-02-12 14:38:53,F1,22.1,20.00,0.50,0,0,0,1000.0
2026-02-12 14:38:54,F2,19.9,20.00,0.50,1,0,0,1000.0
2026-02-12 14:38:55,F3,27.6,20.00,0.50,0,0,0,1000.0
2026-02-12 14:38:56,F1,22.1,20.00,0.50,0,0,0,1000.0
2026-02-12 14:38:57,F2,20.0,20.00,0.50,1,0,0,1000.0
2026-02-12 14:38:58,F3,27.6,20.00,0.50,0,0,0,1000.0
2026-02-12 14:39:00,F1,22.1,20.00,0.50,0,0,0,1000.0
2026-02-12 14:39:01,F2,19.9,20.00,0.50,1,0,0,1000.0
2026-02-12 14:39:01,F3,27.6,20.00,0.50,0,0,0,1000.0
2026-02-12 14:39:03,F1,22.1,20.00,0.50,0,0,0,1000.0
2026-02-12 14:39:04,F2,19.9,20.00,0.50,1,0,0,1000.0
2026-02-12 14:39:05,F3,27.6,20.00,0.50,0,0,0,1000.0
2026-02-12 14:39:07,F1,22.1,20.00,0.50,0,0,0,1000.0
2026-02-12 14:39:07,F2,19.9,20.00,0.50,1,0,0,1000.0
2026-02-12 14:39:08,F3,27.6,20.00,0.50,0,0,0,1000.0
2026-02-12 14:39:10,F1,22.1,20.00,0.50,0,0,0,1000.0
2026-02-12 14:39:11,F2,19.9,20.00,0.50,1,0,0,1000.0
2026-02-12 14:39:12,F3,27.6,20.00,0.50,0,0,0,1000.0
2026-02-12 14:39:13,F1,22.1,20.00,0.50,0,0,0,1000.0
2026-02-12 14:39:14,F2,19.9,20.00,0.50,1,0,0,1000.0
2026-02-12 14:39:15,F3,27.6,20.00,0.50,0,0,0,1000.0
2026-02-12 14:39:17,F1,22.1,20.00,0.50,0,0,0,1000.0
2026-02-12 14:39:18,F2,19.9,20.00,0.50,1,0,0,1000.0
2026-02-12 14:39:18,F3,27.6,20.00,0.50,0,0,0,1000.0
2026-02-12 14:39:20,F1,22.1,20.00,0.50,0,0,0,1000.0
2026-02-12 14:39:21,F2,19.9,20.00,0.50,1,0,0,1000.0
2026-02-12 14:39:22,F3,27.6,20.00,0.50,0,0,0,1000.0
2026-02-12 14:39:24,F1,22.1,20.00,0.50,0,0,0,1000.0
2026-02-12 14:39:24,F2,19.9,20.00,0.50,1,0,0,1000.0
2026-02-12 14:39:25,F3,27.6,20.00,0.50,0,0,0,1000.0
2026-02-12 14:39:27,F1,22.1,20.00,0.50,0,0,0,1000.0
2026-02-12 14:39:28,F2,19.9,20.00,0.50,1,0,0,1000.0
2026-02-12 14:39:29,F3,27.6,20.00,0.50,0,0,0,1000.0
2026-02-12 14:39:30,F1,22.1,20.00,0.50,0,0,0,1000.0
2026-02-12 14:39:31,F2,19.9,20.00,0.50,1,0,0,1000.0
2026-02-12 14:39:32,F3,27.6,20.00,0.50,0,0,0,1000.0
2026-02-12 14:39:34,F1,22.2,20.00,0.50,0,0,0,1000.0
2026-02-12 14:39:35,F2,19.8,20.00,0.50,1,0,0,1000.0
2026-02-12 14:39:35,F3,27.6,20.00,0.50,0,0,0,1000.0
2026-02-12 14:39:37,F1,22.2,20.00,0.50,0,0,0,1000.0
2026-02-12 14:39:38,F2,19.8,20.00,0.50,1,0,0,1000.0
2026-02-12 14:39:39,F3,27.6,20.00,0.50,0,0,0,1000.0
2026-02-12 14:39:41,F1,22.2,20.00,0.50,0,0,0,1000.0
2026-02-12 14:39:41,F2,19.8,20.00,0.50,1,0,0,1000.0
2026-02-12 14:39:42,F3,27.6,20.00,0.50,0,0,0,1000.0
2026-02-12 14:39:44,F1,22.2,20.00,0.50,0,0,0,1000.0
2026-02-12 14:39:45,F2,19.8,20.00,0.50,1,0,0,1000.0
2026-02-12 14:39:46,F3,27.6,20.00,0.50,0,0,0,1000.0
2026-02-12 14:39:47,F1,22.2,20.00,0.50,0,0,0,1000.0
2026-02-12 14:39:48,F2,19.8,20.00,0.50,1,0,0,1000.0
2026-02-12 14:39:49,F3,27.6,20.00,0.50,0,0,0,1000.0
2026-02-12 14:39:51,F1,22.2,20.00,0.50,0,0,0,1000.0
2026-02-12 14:39:52,F2,19.8,20.00,0.50,1,0,0,1000.0
2026-02-12 14:39:52,F3,27.6,20.00,0.50,0,0,0,1000.0
2026-02-12 14:39:54,F1,22.2,20.00,0.50,0,0,0,1000.0
2026-02-12 14:39:55,F2,19.8,20.00,0.50,1,0,0,1000.0
2026-02-12 14:39:56,F3,27.6,20.00,0.50,0,0,0,1000.0
2026-02-12 14:39:58,F1,22.3,20.00,0.50,0,0,0,1000.0
2026-02-12 14:39:58,F2,19.8,20.00,0.50,1,0,0,1000.0
2026-02-12 14:39:59,F3,27.6,20.00,0.50,0,0,0,1000.0
2026-02-12 14:40:01,F1,22.2,20.00,0.50,0,0,0,1000.0
2026-02-12 14:40:02,F2,19.8,20.00,0.50,1,0,0,1000.0
2026-02-12 14:40:03,F3,27.6,20.00,0.50,0,0,0,1000.0
2026-02-12 14:40:04,F1,22.3,20.00,0.50,0,0,0,1000.0
2026-02-12 14:40:05,F2,19.8,20.00,0.50,1,0,0,1000.0
2026-02-12 14:40:06,F3,27.6,20.00,0.50,0,0,0,1000.0
2026-02-12 14:40:08,F1,22.3,20.00,0.50,0,0,0,1000.0
2026-02-12 14:40:09,F2,19.7,20.00,0.50,1,0,0,1000.0
2026-02-12 14:40:09,F3,27.5,20.00,0.50,0,0,0,1000.0
2026-02-12 14:40:11,F1,22.3,20.00,0.50,0,0,0,1000.0
2026-02-12 14:40:12,F2,19.7,20.00,0.50,1,0,0,1000.0
2026-02-12 14:40:13,F3,27.6,20.00,0.50,0,0,0,1000.0
2026-02-12 14:40:15,F1,22.3,20.00,0.50,0,0,0,1000.0
2026-02-12 14:40:15,F2,19.7,20.00,0.50,1,0,0,1000.0
2026-02-12 14:40:16,F3,27.6,20.00,0.50,0,0,0,1000.0
2026-02-12 14:40:18,F1,22.3,20.00,0.50,0,0,0,1000.0
2026-02-12 14:40:19,F2,19.7,20.00,0.50,1,0,0,1000.0
2026-02-12 14:40:20,F3,27.5,20.00,0.50,0,0,0,1000.0
2026-02-12 14:40:21,F1,22.3,20.00,0.50,0,0,0,1000.0
2026-02-12 14:40:22,F2,19.7,20.00,0.50,1,0,0,1000.0
2026-02-12 14:40:23,F3,27.5,20.00,0.50,0,0,0,1000.0
2026-02-12 14:40:25,F1,22.4,20.00,0.50,0,0,0,1000.0
2026-02-12 14:40:26,F2,19.6,20.00,0.50,1,0,0,1000.0
2026-02-12 14:40:26,F3,27.5,20.00,0.50,0,0,0,1000.0
2026-02-12 14:40:28,F1,22.4,20.00,0.50,0,0,0,1000.0
2026-02-12 14:40:29,F2,19.6,20.00,0.50,1,0,0,1000.0
2026-02-12 14:40:30,F3,27.5,20.00,0.50,0,0,0,1000.0
2026-02-12 14:40:32,F1,22.4,20.00,0.50,0,0,0,1000.0
2026-02-12 14:40:32,F2,19.6,20.00,0.50,1,0,0,1000.0
2026-02-12 14:40:33,F3,27.5,20.00,0.50,0,0,0,1000.0
2026-02-12 14:40:35,F1,22.4,20.00,0.50,0,0,0,1000.0
2026-02-12 14:40:36,F2,19.6,20.00,0.50,1,0,0,1000.0
2026-02-12 14:40:37,F3,27.5,20.00,0.50,0,0,0,1000.0
2026-02-12 14:40:38,F1,22.4,20.00,0.50,0,0,0,1000.0
2026-02-12 14:40:39,F2,19.6,20.00,0.50,1,0,0,1000.0
2026-02-12 14:40:40,F3,27.5,20.00,0.50,0,0,0,1000.0
2026-02-12 14:40:42,F1,22.5,20.00,0.50,0,0,0,1000.0
2026-02-12 14:40:43,F2,19.6,20.00,0.50,1,0,0,1000.0
2026-02-12 14:40:43,F3,27.5,20.00,0.50,0,0,0,1000.0
2026-02-12 14:40:45,F1,22.5,20.00,0.50,0,0,0,1000.0
2026-02-12 14:40:46,F2,19.6,20.00,0.50,1,0,0,1000.0
2026-02-12 14:40:47,F3,27.5,20.00,0.50,0,0,0,1000.0
2026-02-12 14:40:49,F1,22.5,20.00,0.50,0,0,0,1000.0
2026-02-12 14:40:49,F2,19.6,20.00,0.50,1,0,0,1000.0
2026-02-12 14:40:50,F3,27.5,20.00,0.50,0,0,0,1000.0
2026-02-12 14:40:52,F1,22.5,20.00,0.50,0,0,0,1000.0
2026-02-12 14:40:53,F2,19.6,20.00,0.50,1,0,0,1000.0
2026-02-12 14:40:54,F3,27.5,20.00,0.50,0,0,0,1000.0
2026-02-12 14:40:56,F1,22.5,20.00,0.50,0,0,0,1000.0
2026-02-12 14:40:56,F2,19.6,20.00,0.50,1,0,0,1000.0
2026-02-12 14:40:57,F3,27.5,20.00,0.50,0,0,0,1000.0
2026-02-12 14:40:59,F1,22.5,20.00,0.50,0,0,0,1000.0
2026-02-12 14:41:00,F2,19.5,20.00,0.50,0,1,0,1000.0
2026-02-12 14:41:01,F3,27.5,20.00,0.50,0,0,0,1000.0
2026-02-12 14:41:02,F1,22.6,20.00,0.50,0,0,0,1000.0
2026-02-12 14:41:03,F2,19.5,20.00,0.50,0,1,0,1000.0
2026-02-12 14:41:04,F3,27.5,20.00,0.50,0,0,0,1000.0
2026-02-12 14:41:06,F1,22.6,20.00,0.50,0,0,0,1000.0
2026-02-12 14:41:07,F2,19.6,20.00,0.50,0,1,0,1000.0
2026-02-12 14:41:07,F3,27.4,20.00,0.50,0,0,0,1000.0
2026-02-12 14:41:09,F1,22.6,20.00,0.50,0,0,0,1000.0
2026-02-12 14:41:10,F2,19.5,20.00,0.50,0,1,0,1000.0
2026-02-12 14:41:11,F3,27.5,20.00,0.50,0,0,0,1000.0
2026-02-12 14:41:13,F1,22.6,20.00,0.50,0,0,0,1000.0
2026-02-12 14:41:13,F2,19.5,20.00,0.50,0,1,0,1000.0
2026-02-12 14:41:14,F3,27.5,20.00,0.50,0,0,0,1000.0
2026-02-12 14:41:16,F1,22.6,20.00,0.50,0,0,0,1000.0
2026-02-12 14:41:17,F2,19.5,20.00,0.50,0,1,0,1000.0
2026-02-12 14:41:18,F3,27.4,20.00,0.50,0,0,0,1000.0
2026-02-12 14:41:19,F1,22.6,20.00,0.50,0,0,0,1000.0
2026-02-12 14:41:20,F2,19.4,20.00,0.50,0,1,0,1000.0
2026-02-12 14:41:21,F3,27.5,20.00,0.50,0,0,0,1000.0
2026-02-12 14:41:23,F1,22.5,20.00,0.50,0,0,0,1000.0
2026-02-12 14:41:24,F2,19.4,20.00,0.50,0,1,0,1000.0
2026-02-12 14:41:24,F3,27.5,20.00,0.50,0,0,0,1000.0
2026-02-12 14:41:26,F1,22.6,20.00,0.50,0,0,0,1000.0
2026-02-12 14:41:27,F2,19.4,20.00,0.50,0,1,0,1000.0
2026-02-12 14:41:28,F3,27.5,20.00,0.50,0,0,0,1000.0
2026-02-12 14:41:30,F1,22.6,20.00,0.50,0,0,0,1000.0
2026-02-12 14:41:30,F2,19.4,20.00,0.50,0,1,0,1000.0
2026-02-12 14:41:31,F3,27.5,20.00,0.50,0,0,0,1000.0
2026-02-12 14:41:33,F1,22.6,20.00,0.50,0,0,0,1000.0
2026-02-12 14:41:34,F2,19.4,20.00,0.50,0,1,0,1000.0
2026-02-12 14:41:35,F3,27.5,20.00,0.50,0,0,0,1000.0
2026-02-12 14:41:36,F1,22.6,20.00,0.50,0,0,0,1000.0
2026-02-12 14:41:37,F2,19.4,20.00,0.50,0,1,0,1000.0
2026-02-12 14:41:38,F3,27.5,20.00,0.50,0,0,0,1000.0
2026-02-12 14:41:40,F1,22.6,20.00,0.50,0,0,0,1000.0
2026-02-12 14:41:41,F2,19.4,20.00,0.50,0,1,0,1000.0
2026-02-12 14:41:41,F3,27.5,20.00,0.50,0,0,0,1000.0
2026-02-12 14:41:43,F1,22.7,20.00,0.50,0,0,0,1000.0
2026-02-12 14:41:44,F2,19.4,20.00,0.50,0,1,0,1000.0
2026-02-12 14:41:45,F3,27.5,20.00,0.50,0,0,0,1000.0
2026-02-12 14:41:47,F1,22.6,20.00,0.50,0,0,0,1000.0
2026-02-12 14:41:47,F2,19.4,20.00,0.50,0,1,0,1000.0
2026-02-12 14:41:48,F3,27.6,20.00,0.50,0,0,0,1000.0
2026-02-12 14:41:50,F1,22.7,20.00,0.50,0,0,0,1000.0
2026-02-12 14:41:51,F2,19.4,20.00,0.50,0,1,0,1000.0
2026-02-12 14:41:52,F3,27.6,20.00,0.50,0,0,0,1000.0
2026-02-12 14:41:53,F1,22.8,20.00,0.50,0,0,0,1000.0
2026-02-12 14:41:54,F2,19.4,20.00,0.50,0,1,0,1000.0
2026-02-12 14:41:55,F3,27.6,20.00,0.50,0,0,0,1000.0
2026-02-12 14:41:57,F1,22.8,20.00,0.50,0,0,0,1000.0
2026-02-12 14:41:58,F2,19.4,20.00,0.50,0,1,0,1000.0
2026-02-12 14:41:58,F3,27.6,20.00,0.50,0,0,0,1000.0
2026-02-12 14:42:00,F1,22.8,20.00,0.50,0,0,0,1000.0
2026-02-12 14:42:01,F2,19.4,20.00,0.50,0,1,0,1000.0
2026-02-12 14:42:02,F3,27.6,20.00,0.50,0,0,0,1000.0
2026-02-12 14:42:04,F1,22.8,20.00,0.50,0,0,0,1000.0
2026-02-12 14:42:04,F2,19.4,20.00,0.50,0,1,0,1000.0
2026-02-12 14:42:05,F3,27.6,20.00,0.50,0,0,0,1000.0
2026-02-12 14:42:07,F1,22.8,20.00,0.50,0,0,0,1000.0
2026-02-12 14:42:08,F2,19.4,20.00,0.50,0,1,0,1000.0
2026-02-12 14:42:09,F3,27.6,20.00,0.50,0,0,0,1000.0
2026-02-12 14:42:10,F1,22.8,20.00,0.50,0,0,0,1000.0
2026-02-12 14:42:11,F2,19.4,20.00,0.50,0,1,0,1000.0
2026-02-12 14:42:12,F3,27.6,20.00,0.50,0,0,0,1000.0
2026-02-12 14:42:14,F1,22.8,20.00,0.50,0,0,0,1000.0
2026-02-12 14:42:15,F2,19.4,20.00,0.50,0,1,0,1000.0
2026-02-12 14:42:15,F3,27.6,20.00,0.50,0,0,0,1000.0
2026-02-12 14:42:17,F1,22.8,20.00,0.50,0,0,0,1000.0
2026-02-12 14:42:18,F2,19.4,20.00,0.50,0,1,0,1000.0
2026-02-12 14:42:19,F3,27.6,20.00,0.50,0,0,0,1000.0
2026-02-12 14:42:21,F1,22.9,20.00,0.50,0,0,0,1000.0
2026-02-12 14:42:21,F2,19.4,20.00,0.50,0,1,0,1000.0
2026-02-12 14:42:22,F3,27.6,20.00,0.50,0,0,0,1000.0
2026-02-12 14:42:24,F1,22.9,20.00,0.50,0,0,0,1000.0
2026-02-12 14:42:25,F2,19.4,20.00,0.50,0,1,0,1000.0
2026-02-12 14:42:26,F3,27.6,20.00,0.50,0,0,0,1000.0
2026-02-12 14:42:27,F1,22.9,20.00,0.50,0,0,0,1000.0
2026-02-12 14:42:28,F2,19.5,20.00,0.50,0,1,0,1000.0
2026-02-12 14:42:29,F3,27.6,20.00,0.50,0,0,0,1000.0
2026-02-12 14:42:31,F1,22.9,20.00,0.50,0,0,0,1000.0
2026-02-12 14:42:32,F2,19.5,20.00,0.50,0,1,0,1000.0
2026-02-12 14:42:32,F3,27.6,20.00,0.50,0,0,0,1000.0
2026-02-12 14:42:34,F1,22.9,20.00,0.50,0,0,0,1000.0
2026-02-12 14:42:35,F2,19.6,20.00,0.50,0,1,0,1000.0
2026-02-12 14:42:36,F3,27.6,20.00,0.50,0,0,0,1000.0
2026-02-12 14:42:38,F1,22.9,20.00,0.50,0,0,0,1000.0
2026-02-12 14:42:39,F2,19.6,20.00,0.50,0,1,0,1000.0
2026-02-12 14:42:39,F3,27.6,20.00,0.50,0,0,0,1000.0
2026-02-12 14:42:41,F1,23.0,20.00,0.50,0,0,0,1000.0
2026-02-12 14:42:42,F2,19.6,20.00,0.50,0,1,0,1000.0
2026-02-12 14:42:43,F3,27.6,20.00,0.50,0,0,0,1000.0
2026-02-12 14:42:45,F1,22.9,20.00,0.50,0,0,0,1000.0
2026-02-12 14:42:45,F2,19.6,20.00,0.50,0,1,0,1000.0
2026-02-12 14:42:46,F3,27.6,20.00,0.50,0,0,0,1000.0
2026-02-12 14:42:48,F1,22.9,20.00,0.50,0,0,0,1000.0
2026-02-12 14:42:49,F2,19.6,20.00,0.50,0,1,0,1000.0
2026-02-12 14:42:50,F3,27.6,20.00,0.50,0,0,0,1000.0
2026-02-12 14:42:51,F1,22.9,20.00,0.50,0,0,0,1000.0
2026-02-12 14:42:52,F2,19.6,20.00,0.50,0,1,0,1000.0
2026-02-12 14:42:53,F3,27.6,20.00,0.50,0,0,0,1000.0
2026-02-12 14:42:55,F1,22.9,20.00,0.50,0,0,0,1000.0
2026-02-12 14:42:56,F2,19.7,20.00,0.50,0,1,0,1000.0
2026-02-12 14:42:56,F3,27.6,20.00,0.50,0,0,0,1000.0
2026-02-12 14:42:58,F1,22.9,20.00,0.50,0,0,0,1000.0
2026-02-12 14:42:59,F2,19.7,20.00,0.50,0,1,0,1000.0
2026-02-12 14:43:00,F3,27.6,20.00,0.50,0,0,0,1000.0
2026-02-12 14:43:02,F1,22.9,20.00,0.50,0,0,0,1000.0
2026-02-12 14:43:02,F2,19.7,20.00,0.50,0,1,0,1000.0
2026-02-12 14:43:03,F3,27.6,20.00,0.50,0,0,0,1000.0
2026-02-12 14:43:05,F1,22.9,20.00,0.50,0,0,0,1000.0
2026-02-12 14:43:06,F2,19.7,20.00,0.50,0,1,0,1000.0
2026-02-12 14:43:07,F3,27.6,20.00,0.50,0,0,0,1000.0
2026-02-12 14:43:08,F1,22.9,20.00,0.50,0,0,0,1000.0
2026-02-12 14:43:09,F2,19.8,20.00,0.50,0,1,0,1000.0
2026-02-12 14:43:10,F3,27.6,20.00,0.50,0,0,0,1000.0
2026-02-12 14:43:12,F1,22.9,20.00,0.50,0,0,0,1000.0
2026-02-12 14:43:13,F2,19.8,20.00,0.50,0,1,0,1000.0
2026-02-12 14:43:13,F3,27.6,20.00,0.50,0,0,0,1000.0
2026-02-12 14:43:15,F1,22.9,20.00,0.50,0,0,0,1000.0
2026-02-12 14:43:16,F2,19.8,20.00,0.50,0,1,0,1000.0
2026-02-12 14:43:17,F3,27.6,20.00,0.50,0,0,0,1000.0
2026-02-12 14:43:19,F1,22.9,20.00,0.50,0,0,0,1000.0
2026-02-12 14:43:19,F2,19.9,20.00,0.50,0,1,0,1000.0
2026-02-12 14:43:20,F3,27.6,20.00,0.50,0,0,0,1000.0
2026-02-12 14:43:22,F1,22.9,20.00,0.50,0,0,0,1000.0
2026-02-12 14:43:23,F2,19.9,20.00,0.50,0,1,0,1000.0
2026-02-12 14:43:24,F3,27.6,20.00,0.50,0,0,0,1000.0
2026-02-12 14:43:25,F1,22.9,20.00,0.50,0,0,0,1000.0
2026-02-12 14:43:26,F2,19.9,20.00,0.50,0,1,0,1000.0
2026-02-12 14:43:27,F3,27.6,20.00,0.50,0,0,0,1000.0
2026-02-12 14:43:29,F1,22.9,20.00,0.50,0,0,0,1000.0
2026-02-12 14:43:30,F2,19.9,20.00,0.50,0,1,0,1000.0
2026-02-12 14:43:30,F3,27.6,20.00,0.50,0,0,0,1000.0
2026-02-12 14:43:32,F1,22.9,20.00,0.50,0,0,0,1000.0
2026-02-12 14:43:33,F2,19.9,20.00,0.50,0,1,0,1000.0
2026-02-12 14:43:34,F3,27.6,20.00,0.50,0,0,0,1000.0
2026-02-12 14:43:36,F1,22.9,20.00,0.50,0,0,0,1000.0
2026-02-12 14:43:36,F2,19.9,20.00,0.50,0,1,0,1000.0
2026-02-12 14:43:37,F3,27.6,20.00,0.50,0,0,0,1000.0
2026-02-12 14:43:39,F1,22.9,20.00,0.50,0,0,0,1000.0
2026-02-12 14:43:40,F2,20.0,20.00,0.50,0,1,0,1000.0
2026-02-12 14:43:41,F3,27.5,20.00,0.50,0,0,0,1000.0
2026-02-12 14:43:42,F1,23.0,20.00,0.50,0,0,0,1000.0
2026-02-12 14:43:43,F2,20.0,20.00,0.50,0,1,0,1000.0
2026-02-12 14:43:44,F3,27.5,20.00,0.50,0,0,0,1000.0
2026-02-12 14:43:46,F1,23.0,20.00,0.50,0,0,0,1000.0
2026-02-12 14:43:47,F2,20.1,20.00,0.50,0,1,0,1000.0
2026-02-12 14:43:47,F3,27.5,20.00,0.50,0,0,0,1000.0
2026-02-12 14:43:49,F1,22.9,20.00,0.50,0,0,0,1000.0
2026-02-12 14:43:50,F2,20.1,20.00,0.50,0,1,0,1000.0
2026-02-12 14:43:51,F3,27.5,20.00,0.50,0,0,0,1000.0
2026-02-12 14:43:53,F1,23.0,20.00,0.50,0,0,0,1000.0
2026-02-12 14:43:53,F2,20.1,20.00,0.50,0,1,0,1000.0
2026-02-12 14:43:54,F3,27.5,20.00,0.50,0,0,0,1000.0
2026-02-12 14:43:56,F1,22.9,20.00,0.50,0,0,0,1000.0
2026-02-12 14:43:57,F2,20.1,20.00,0.50,0,1,0,1000.0
2026-02-12 14:43:58,F3,27.4,20.00,0.50,0,0,0,1000.0
2026-02-12 14:43:59,F1,23.0,20.00,0.50,0,0,0,1000.0
2026-02-12 14:44:00,F2,20.1,20.00,0.50,0,1,0,1000.0
2026-02-12 14:44:01,F3,27.5,20.00,0.50,0,0,0,1000.0
2026-02-12 14:44:03,F1,22.9,20.00,0.50,0,0,0,1000.0
2026-02-12 14:44:04,F2,20.2,20.00,0.50,0,1,0,1000.0
2026-02-12 14:44:04,F3,27.4,20.00,0.50,0,0,0,1000.0
2026-02-12 14:44:06,F1,23.0,20.00,0.50,0,0,0,1000.0
2026-02-12 14:44:07,F2,20.2,20.00,0.50,0,1,0,1000.0
2026-02-12 14:44:08,F3,27.4,20.00,0.50,0,0,0,1000.0
2026-02-12 14:44:10,F1,23.0,20.00,0.50,0,0,0,1000.0
2026-02-12 14:44:11,F2,20.2,20.00,0.50,0,1,0,1000.0
2026-02-12 14:44:11,F3,27.5,20.00,0.50,0,0,0,1000.0
2026-02-12 14:44:13,F1,23.1,20.00,0.50,0,0,0,1000.0
2026-02-12 14:44:14,F2,20.3,20.00,0.50,0,1,0,1000.0
2026-02-12 14:44:15,F3,27.5,20.00,0.50,0,0,0,1000.0
2026-02-12 14:44:17,F1,23.1,20.00,0.50,0,0,0,1000.0
2026-02-12 14:44:17,F2,20.3,20.00,0.50,0,1,0,1000.0
2026-02-12 14:44:18,F3,27.4,20.00,0.50,0,0,0,1000.0
2026-02-12 14:44:20,F1,23.1,20.00,0.50,0,0,0,1000.0
2026-02-12 14:44:21,F2,20.3,20.00,0.50,0,1,0,1000.0
2026-02-12 14:44:22,F3,27.4,20.00,0.50,0,0,0,1000.0
2026-02-12 14:44:23,F1,23.1,20.00,0.50,0,0,0,1000.0
2026-02-12 14:44:24,F2,20.4,20.00,0.50,0,1,0,1000.0
2026-02-12 14:44:25,F3,27.4,20.00,0.50,0,0,0,1000.0
2026-02-12 14:44:27,F1,23.1,20.00,0.50,0,0,0,1000.0
2026-02-12 14:44:28,F2,20.4,20.00,0.50,0,1,0,1000.0
2026-02-12 14:44:28,F3,27.4,20.00,0.50,0,0,0,1000.0
2026-02-12 14:44:30,F1,23.1,20.00,0.50,0,0,0,1000.0
2026-02-12 14:44:31,F2,20.4,20.00,0.50,0,1,0,1000.0
2026-02-12 14:44:32,F3,27.4,20.00,0.50,0,0,0,1000.0
2026-02-12 14:44:34,F1,23.1,20.00,0.50,0,0,0,1000.0
2026-02-12 14:44:34,F2,20.4,20.00,0.50,0,1,0,1000.0
2026-02-12 14:44:35,F3,27.4,20.00,0.50,0,0,0,1000.0
2026-02-12 14:44:37,F1,23.1,20.00,0.50,0,0,0,1000.0
2026-02-12 14:44:38,F2,20.5,20.00,0.50,1,0,0,1000.0
2026-02-12 14:44:39,F3,27.4,20.00,0.50,0,0,0,1000.0
2026-02-12 14:44:40,F1,23.1,20.00,0.50,0,0,0,1000.0
2026-02-12 14:44:41,F2,20.5,20.00,0.50,1,0,0,1000.0
2026-02-12 14:44:42,F3,27.4,20.00,0.50,0,0,0,1000.0
2026-02-12 14:44:44,F1,23.1,20.00,0.50,0,0,0,1000.0
2026-02-12 14:44:45,F2,20.6,20.00,0.50,1,0,0,1000.0
2026-02-12 14:44:45,F3,27.4,20.00,0.50,0,0,0,1000.0
2026-02-12 14:44:47,F1,23.1,20.00,0.50,0,0,0,1000.0
2026-02-12 14:44:48,F2,20.6,20.00,0.50,1,0,0,1000.0
2026-02-12 14:44:49,F3,27.4,20.00,0.50,0,0,0,1000.0
2026-02-12 14:44:51,F1,23.1,20.00,0.50,0,0,0,1000.0
2026-02-12 14:44:51,F2,20.6,20.00,0.50,1,0,0,1000.0
2026-02-12 14:44:52,F3,27.4,20.00,0.50,0,0,0,1000.0
2026-02-12 14:44:54,F1,23.2,20.00,0.50,0,0,0,1000.0
2026-02-12 14:44:55,F2,20.6,20.00,0.50,1,0,0,1000.0
2026-02-12 14:44:56,F3,27.4,20.00,0.50,0,0,0,1000.0
2026-02-12 14:44:57,F1,23.2,20.00,0.50,0,0,0,1000.0
2026-02-12 14:44:58,F2,20.7,20.00,0.50,1,0,0,1000.0
2026-02-12 14:44:59,F3,27.4,20.00,0.50,0,0,0,1000.0
2026-02-12 14:45:01,F1,23.2,20.00,0.50,0,0,0,1000.0
2026-02-12 14:45:02,F2,20.7,20.00,0.50,1,0,0,1000.0
2026-02-12 14:45:02,F3,27.4,20.00,0.50,0,0,0,1000.0
2026-02-12 14:45:04,F1,23.2,20.00,0.50,0,0,0,1000.0
2026-02-12 14:45:05,F2,20.8,20.00,0.50,1,0,0,1000.0
2026-02-12 14:45:06,F3,27.4,20.00,0.50,0,0,0,1000.0
2026-02-12 14:45:08,F1,23.2,20.00,0.50,0,0,0,1000.0
2026-02-12 14:45:08,F2,20.8,20.00,0.50,1,0,0,1000.0
2026-02-12 14:45:09,F3,27.4,20.00,0.50,0,0,0,1000.0
2026-02-12 14:45:11,F1,23.2,20.00,0.50,0,0,0,1000.0
2026-02-12 14:45:12,F2,20.8,20.00,0.50,1,0,0,1000.0
2026-02-12 14:45:13,F3,27.4,20.00,0.50,0,0,0,1000.0
2026-02-12 14:45:14,F1,23.2,20.00,0.50,0,0,0,1000.0
2026-02-12 14:45:15,F2,20.8,20.00,0.50,1,0,0,1000.0
2026-02-12 14:45:16,F3,27.4,20.00,0.50,0,0,0,1000.0
2026-02-12 14:45:18,F1,23.2,20.00,0.50,0,0,0,1000.0
2026-02-12 14:45:19,F2,20.8,20.00,0.50,1,0,0,1000.0
2026-02-12 14:45:19,F3,27.4,20.00,0.50,0,0,0,1000.0
2026-02-12 14:45:21,F1,23.2,20.00,0.50,0,0,0,1000.0
2026-02-12 14:45:22,F2,20.8,20.00,0.50,1,0,0,1000.0
2026-02-12 14:45:23,F3,27.4,20.00,0.50,0,0,0,1000.0
2026-02-12 14:45:25,F1,23.2,20.00,0.50,0,0,0,1000.0
2026-02-12 14:45:26,F2,20.9,20.00,0.50,1,0,0,1000.0
2026-02-12 14:45:26,F3,27.4,20.00,0.50,0,0,0,1000.0
2026-02-12 14:45:28,F1,23.3,20.00,0.50,0,0,0,1000.0
2026-02-12 14:45:29,F2,20.9,20.00,0.50,1,0,0,1000.0
2026-02-12 14:45:30,F3,27.4,20.00,0.50,0,0,0,1000.0
2026-02-12 14:45:32,F1,23.3,20.00,0.50,0,0,0,1000.0
2026-02-12 14:45:32,F2,20.9,20.00,0.50,1,0,0,1000.0
2026-02-12 14:45:33,F3,27.4,20.00,0.50,0,0,0,1000.0
2026-02-12 14:45:35,F1,23.3,20.00,0.50,0,0,0,1000.0
2026-02-12 14:45:36,F2,20.9,20.00,0.50,1,0,0,1000.0
2026-02-12 14:45:37,F3,27.4,20.00,0.50,0,0,0,1000.0
2026-02-12 14:45:38,F1,23.3,20.00,0.50,0,0,0,1000.0
2026-02-12 14:45:39,F2,20.9,20.00,0.50,1,0,0,1000.0
2026-02-12 14:45:40,F3,27.4,20.00,0.50,0,0,0,1000.0
2026-02-12 14:45:42,F1,23.3,20.00,0.50,0,0,0,1000.0
2026-02-12 14:45:43,F2,20.9,20.00,0.50,1,0,0,1000.0
2026-02-12 14:45:43,F3,27.4,20.00,0.50,0,0,0,1000.0
2026-02-12 14:45:45,F1,23.4,20.00,0.50,0,0,0,1000.0
2026-02-12 14:45:46,F2,20.9,20.00,0.50,1,0,0,1000.0
2026-02-12 14:45:47,F3,27.4,20.00,0.50,0,0,0,1000.0
2026-02-12 14:45:49,F1,23.4,20.00,0.50,0,0,0,1000.0
2026-02-12 14:45:49,F2,20.9,20.00,0.50,1,0,0,1000.0
2026-02-12 14:45:50,F3,27.4,20.00,0.50,0,0,0,1000.0
2026-02-12 14:45:52,F1,23.4,20.00,0.50,0,0,0,1000.0
2026-02-12 14:45:53,F2,20.9,20.00,0.50,1,0,0,1000.0
2026-02-12 14:45:54,F3,27.4,20.00,0.50,0,0,0,1000.0
2026-02-12 14:45:55,F1,23.4,20.00,0.50,0,0,0,1000.0
2026-02-12 14:45:56,F2,20.9,20.00,0.50,1,0,0,1000.0
2026-02-12 14:45:57,F3,27.4,20.00,0.50,0,0,0,1000.0
2026-02-12 14:45:59,F1,23.4,20.00,0.50,0,0,0,1000.0
2026-02-12 14:46:00,F2,20.9,20.00,0.50,1,0,0,1000.0
2026-02-12 14:46:00,F3,27.4,20.00,0.50,0,0,0,1000.0
2026-02-12 14:46:02,F1,23.3,20.00,0.50,0,0,0,1000.0
2026-02-12 14:46:03,F2,20.9,20.00,0.50,1,0,0,1000.0
2026-02-12 14:46:04,F3,27.4,20.00,0.50,0,0,0,1000.0
2026-02-12 14:46:06,F1,23.4,20.00,0.50,0,0,0,1000.0
2026-02-12 14:46:06,F2,21.0,20.00,0.50,1,0,0,1000.0
2026-02-12 14:46:07,F3,27.3,20.00,0.50,0,0,0,1000.0
2026-02-12 14:46:09,F1,23.4,20.00,0.50,0,0,0,1000.0
2026-02-12 14:46:10,F2,20.9,20.00,0.50,1,0,0,1000.0
2026-02-12 14:46:11,F3,27.4,20.00,0.50,0,0,0,1000.0
2026-02-12 14:46:12,F1,23.4,20.00,0.50,0,0,0,1000.0
2026-02-12 14:46:13,F2,20.9,20.00,0.50,1,0,0,1000.0
2026-02-12 14:46:14,F3,27.3,20.00,0.50,0,0,0,1000.0
2026-02-12 14:46:16,F1,23.4,20.00,0.50,0,0,0,1000.0
2026-02-12 14:46:17,F2,20.9,20.00,0.50,1,0,0,1000.0
2026-02-12 14:46:17,F3,27.3,20.00,0.50,0,0,0,1000.0
2026-02-12 14:46:19,F1,23.4,20.00,0.50,0,0,0,1000.0
2026-02-12 14:46:20,F2,20.9,20.00,0.50,1,0,0,1000.0
2026-02-12 14:46:21,F3,27.3,20.00,0.50,0,0,0,1000.0
2026-02-12 14:46:23,F1,23.4,20.00,0.50,0,0,0,1000.0
2026-02-12 14:46:23,F2,20.9,20.00,0.50,1,0,0,1000.0
2026-02-12 14:46:24,F3,27.3,20.00,0.50,0,0,0,1000.0
2026-02-12 14:46:26,F1,23.4,20.00,0.50,0,0,0,1000.0
2026-02-12 14:46:27,F2,20.9,20.00,0.50,1,0,0,1000.0
2026-02-12 14:46:28,F3,27.3,20.00,0.50,0,0,0,1000.0
2026-02-12 14:46:30,F1,23.4,20.00,0.50,0,0,0,1000.0
2026-02-12 14:46:30,F2,20.9,20.00,0.50,1,0,0,1000.0
2026-02-12 14:46:31,F3,27.3,20.00,0.50,0,0,0,1000.0
2026-02-12 14:46:33,F1,23.4,20.00,0.50,0,0,0,1000.0
2026-02-12 14:46:34,F2,20.9,20.00,0.50,1,0,0,1000.0
2026-02-12 14:46:35,F3,27.3,20.00,0.50,0,0,0,1000.0
2026-02-12 14:46:36,F1,23.4,20.00,0.50,0,0,0,1000.0
2026-02-12 14:46:37,F2,20.9,20.00,0.50,1,0,0,1000.0
2026-02-12 14:46:38,F3,27.3,20.00,0.50,0,0,0,1000.0
2026-02-12 14:46:40,F1,23.4,20.00,0.50,0,0,0,1000.0
2026-02-12 14:46:41,F2,20.9,20.00,0.50,1,0,0,1000.0
2026-02-12 14:46:41,F3,27.3,20.00,0.50,0,0,0,1000.0
2026-02-12 14:46:43,F1,23.5,20.00,0.50,0,0,0,1000.0
2026-02-12 14:46:44,F2,20.9,20.00,0.50,1,0,0,1000.0
2026-02-12 14:46:45,F3,27.3,20.00,0.50,0,0,0,1000.0
2026-02-12 14:46:47,F1,23.5,20.00,0.50,0,0,0,1000.0
2026-02-12 14:46:47,F2,20.8,20.00,0.50,1,0,0,1000.0
2026-02-12 14:46:48,F3,27.2,20.00,0.50,0,0,0,1000.0
2026-02-12 14:46:50,F1,23.5,20.00,0.50,0,0,0,1000.0
2026-02-12 14:46:51,F2,20.9,20.00,0.50,1,0,0,1000.0
2026-02-12 14:46:52,F3,27.3,20.00,0.50,0,0,0,1000.0
2026-02-12 14:46:53,F1,23.5,20.00,0.50,0,0,0,1000.0
2026-02-12 14:46:54,F2,20.8,20.00,0.50,1,0,0,1000.0
2026-02-12 14:46:55,F3,27.3,20.00,0.50,0,0,0,1000.0
2026-02-12 14:46:57,F1,23.6,20.00,0.50,0,0,0,1000.0
2026-02-12 14:46:58,F2,20.8,20.00,0.50,1,0,0,1000.0
2026-02-12 14:46:58,F3,27.3,20.00,0.50,0,0,0,1000.0
2026-02-12 14:47:00,F1,23.6,20.00,0.50,0,0,0,1000.0
2026-02-12 14:47:01,F2,20.8,20.00,0.50,1,0,0,1000.0
2026-02-12 14:47:02,F3,27.3,20.00,0.50,0,0,0,1000.0
2026-02-12 14:47:04,F1,23.6,20.00,0.50,0,0,0,1000.0
2026-02-12 14:47:04,F2,20.8,20.00,0.50,1,0,0,1000.0
2026-02-12 14:47:05,F3,27.3,20.00,0.50,0,0,0,1000.0
2026-02-12 14:47:07,F1,23.6,20.00,0.50,0,0,0,1000.0
2026-02-12 14:47:08,F2,20.8,20.00,0.50,1,0,0,1000.0
2026-02-12 14:47:09,F3,27.3,20.00,0.50,0,0,0,1000.0
2026-02-12 14:47:11,F1,23.6,20.00,0.50,0,0,0,1000.0
2026-02-12 14:47:11,F2,20.8,20.00,0.50,1,0,0,1000.0
2026-02-12 14:47:12,F3,27.3,20.00,0.50,0,0,0,1000.0
2026-02-12 14:47:14,F1,23.6,20.00,0.50,0,0,0,1000.0
2026-02-12 14:47:15,F2,20.8,20.00,0.50,1,0,0,1000.0
2026-02-12 14:47:16,F3,27.2,20.00,0.50,0,0,0,1000.0
2026-02-12 14:47:17,F1,23.6,20.00,0.50,0,0,0,1000.0
2026-02-12 14:47:18,F2,20.7,20.00,0.50,1,0,0,1000.0
2026-02-12 14:47:19,F3,27.2,20.00,0.50,0,0,0,1000.0
2026-02-12 14:47:21,F1,23.6,20.00,0.50,0,0,0,1000.0
2026-02-12 14:47:22,F2,20.8,20.00,0.50,1,0,0,1000.0
2026-02-12 14:47:22,F3,27.2,20.00,0.50,0,0,0,1000.0
2026-02-12 14:47:24,F1,23.6,20.00,0.50,0,0,0,1000.0
2026-02-12 14:47:25,F2,20.7,20.00,0.50,1,0,0,1000.0
2026-02-12 14:47:26,F3,27.2,20.00,0.50,0,0,0,1000.0
2026-02-12 14:47:28,F1,23.6,20.00,0.50,0,0,0,1000.0
2026-02-12 14:47:28,F2,20.7,20.00,0.50,1,0,0,1000.0
2026-02-12 14:47:29,F3,27.2,20.00,0.50,0,0,0,1000.0
2026-02-12 14:47:31,F1,23.6,20.00,0.50,0,0,0,1000.0
2026-02-12 14:47:32,F2,20.7,20.00,0.50,1,0,0,1000.0
2026-02-12 14:47:33,F3,27.2,20.00,0.50,0,0,0,1000.0
2026-02-12 14:47:35,F1,23.6,20.00,0.50,0,0,0,1000.0
2026-02-12 14:47:35,F2,20.7,20.00,0.50,1,0,0,1000.0
2026-02-12 14:47:36,F3,27.2,20.00,0.50,0,0,0,1000.0
2026-02-12 14:47:38,F1,23.6,20.00,0.50,0,0,0,1000.0
2026-02-12 14:47:39,F2,20.7,20.00,0.50,1,0,0,1000.0
2026-02-12 14:47:39,F3,27.2,20.00,0.50,0,0,0,1000.0
2026-02-12 14:47:41,F1,23.6,20.00,0.50,0,0,0,1000.0
2026-02-12 14:47:42,F2,20.6,20.00,0.50,1,0,0,1000.0
2026-02-12 14:47:43,F3,27.2,20.00,0.50,0,0,0,1000.0
2026-02-12 14:47:45,F1,23.6,20.00,0.50,0,0,0,1000.0
2026-02-12 14:47:46,F2,20.6,20.00,0.50,1,0,0,1000.0
2026-02-12 14:47:46,F3,27.2,20.00,0.50,0,0,0,1000.0
2026-02-12 14:47:48,F1,23.6,20.00,0.50,0,0,0,1000.0
2026-02-12 14:47:49,F2,20.6,20.00,0.50,1,0,0,1000.0
2026-02-12 14:47:50,F3,27.2,20.00,0.50,0,0,0,1000.0
2026-02-12 14:47:52,F1,23.6,20.00,0.50,0,0,0,1000.0
2026-02-12 14:47:52,F2,20.6,20.00,0.50,1,0,0,1000.0
2026-02-12 14:47:53,F3,27.2,20.00,0.50,0,0,0,1000.0
2026-02-12 14:47:55,F1,23.5,20.00,0.50,0,0,0,1000.0
2026-02-12 14:47:56,F2,20.6,20.00,0.50,1,0,0,1000.0
2026-02-12 14:47:57,F3,27.2,20.00,0.50,0,0,0,1000.0
2026-02-12 14:47:58,F1,23.5,20.00,0.50,0,0,0,1000.0
2026-02-12 14:47:59,F2,20.6,20.00,0.50,1,0,0,1000.0
2026-02-12 14:48:00,F3,27.1,20.00,0.50,0,0,0,1000.0
2026-02-12 14:48:02,F1,23.5,20.00,0.50,0,0,0,1000.0
2026-02-12 14:48:03,F2,20.6,20.00,0.50,1,0,0,1000.0
2026-02-12 14:48:03,F3,27.1,20.00,0.50,0,0,0,1000.0
2026-02-12 14:48:05,F1,23.5,20.00,0.50,0,0,0,1000.0
2026-02-12 14:48:06,F2,20.5,20.00,0.50,1,0,0,1000.0
2026-02-12 14:48:07,F3,27.1,20.00,0.50,0,0,0,1000.0
2026-02-12 14:48:09,F1,23.6,20.00,0.50,0,0,0,1000.0
2026-02-12 14:48:09,F2,20.5,20.00,0.50,1,0,0,1000.0
2026-02-12 14:48:10,F3,27.1,20.00,0.50,0,0,0,1000.0
2026-02-12 14:48:12,F1,23.6,20.00,0.50,0,0,0,1000.0
2026-02-12 14:48:13,F2,20.5,20.00,0.50,1,0,0,1000.0
2026-02-12 14:48:14,F3,27.1,20.00,0.50,0,0,0,1000.0
2026-02-12 14:48:15,F1,23.5,20.00,0.50,0,0,0,1000.0
2026-02-12 14:48:16,F2,20.5,20.00,0.50,1,0,0,1000.0
2026-02-12 14:48:17,F3,27.1,20.00,0.50,0,0,0,1000.0
2026-02-12 14:48:19,F1,23.5,20.00,0.50,0,0,0,1000.0
2026-02-12 14:48:20,F2,20.4,20.00,0.50,1,0,0,1000.0
2026-02-12 14:48:21,F3,27.1,20.00,0.50,0,0,0,1000.0
2026-02-12 14:48:22,F1,23.5,20.00,0.50,0,0,0,1000.0
2026-02-12 14:48:23,F2,20.5,20.00,0.50,1,0,0,1000.0
2026-02-12 14:48:24,F3,27.1,20.00,0.50,0,0,0,1000.0
2026-02-12 14:48:26,F1,23.6,20.00,0.50,0,0,0,1000.0
2026-02-12 14:48:27,F2,20.4,20.00,0.50,1,0,0,1000.0
2026-02-12 14:48:27,F3,27.1,20.00,0.50,0,0,0,1000.0
2026-02-12 14:48:29,F1,23.6,20.00,0.50,0,0,0,1000.0
2026-02-12 14:48:30,F2,20.4,20.00,0.50,1,0,0,1000.0
2026-02-12 14:48:31,F3,27.1,20.00,0.50,0,0,0,1000.0
2026-02-12 14:48:33,F1,23.5,20.00,0.50,0,0,0,1000.0
2026-02-12 14:48:33,F2,20.4,20.00,0.50,1,0,0,1000.0
2026-02-12 14:48:34,F3,27.1,20.00,0.50,0,0,0,1000.0
2026-02-12 14:48:36,F1,23.5,20.00,0.50,0,0,0,1000.0
2026-02-12 14:48:37,F2,20.4,20.00,0.50,1,0,0,1000.0
2026-02-12 14:48:38,F3,27.1,20.00,0.50,0,0,0,1000.0
2026-02-12 14:48:39,F1,23.5,20.00,0.50,0,0,0,1000.0
2026-02-12 14:48:40,F2,20.4,20.00,0.50,1,0,0,1000.0
2026-02-12 14:48:41,F3,27.1,20.00,0.50,0,0,0,1000.0
2026-02-12 14:48:43,F1,23.5,20.00,0.50,0,0,0,1000.0
2026-02-12 14:48:44,F2,20.4,20.00,0.50,1,0,0,1000.0
2026-02-12 14:48:44,F3,27.1,20.00,0.50,0,0,0,1000.0
2026-02-12 14:48:46,F1,23.6,20.00,0.50,0,0,0,1000.0
2026-02-12 14:48:47,F2,20.4,20.00,0.50,1,0,0,1000.0
2026-02-12 14:48:48,F3,27.1,20.00,0.50,0,0,0,1000.0
2026-02-12 14:48:50,F1,23.5,20.00,0.50,0,0,0,1000.0
2026-02-12 14:48:50,F2,20.3,20.00,0.50,1,0,0,1000.0
2026-02-12 14:48:51,F3,27.1,20.00,0.50,0,0,0,1000.0
2026-02-12 14:48:53,F1,23.5,20.00,0.50,0,0,0,1000.0
2026-02-12 14:48:54,F2,20.3,20.00,0.50,1,0,0,1000.0
2026-02-12 14:48:55,F3,27.1,20.00,0.50,0,0,0,1000.0
2026-02-12 14:48:56,F1,23.5,20.00,0.50,0,0,0,1000.0
2026-02-12 14:48:57,F2,20.3,20.00,0.50,1,0,0,1000.0
2026-02-12 14:48:58,F3,27.1,20.00,0.50,0,0,0,1000.0
2026-02-12 14:49:00,F1,23.6,20.00,0.50,0,0,0,1000.0
2026-02-12 14:49:01,F2,20.3,20.00,0.50,1,0,0,1000.0
2026-02-12 14:49:01,F3,27.1,20.00,0.50,0,0,0,1000.0
2026-02-12 14:49:03,F1,23.5,20.00,0.50,0,0,0,1000.0
2026-02-12 14:49:04,F2,20.3,20.00,0.50,1,0,0,1000.0
2026-02-12 14:49:05,F3,27.1,20.00,0.50,0,0,0,1000.0
2026-02-12 14:49:07,F1,23.5,20.00,0.50,0,0,0,1000.0
2026-02-12 14:49:07,F2,20.3,20.00,0.50,1,0,0,1000.0
2026-02-12 14:49:08,F3,27.1,20.00,0.50,0,0,0,1000.0
2026-02-12 14:49:10,F1,23.6,20.00,0.50,0,0,0,1000.0
2026-02-12 14:49:11,F2,20.2,20.00,0.50,1,0,0,1000.0
2026-02-12 14:49:12,F3,27.1,20.00,0.50,0,0,0,1000.0
2026-02-12 14:49:14,F1,23.6,20.00,0.50,0,0,0,1000.0
2026-02-12 14:49:14,F2,20.2,20.00,0.50,1,0,0,1000.0
2026-02-12 14:49:15,F3,27.1,20.00,0.50,0,0,0,1000.0
2026-02-12 14:49:17,F1,23.5,20.00,0.50,0,0,0,1000.0
2026-02-12 14:49:18,F2,20.2,20.00,0.50,1,0,0,1000.0
2026-02-12 14:49:19,F3,27.1,20.00,0.50,0,0,0,1000.0
2026-02-12 14:49:20,F1,23.5,20.00,0.50,0,0,0,1000.0
2026-02-12 14:49:21,F2,20.2,20.00,0.50,1,0,0,1000.0
2026-02-12 14:49:22,F3,27.1,20.00,0.50,0,0,0,1000.0
2026-02-12 14:49:24,F1,23.6,20.00,0.50,0,0,0,1000.0
2026-02-12 14:49:25,F2,20.2,20.00,0.50,1,0,0,1000.0
2026-02-12 14:49:25,F3,27.1,20.00,0.50,0,0,0,1000.0
2026-02-12 14:49:27,F1,23.5,20.00,0.50,0,0,0,1000.0
2026-02-12 14:49:28,F2,20.2,20.00,0.50,1,0,0,1000.0
2026-02-12 14:49:29,F3,27.1,20.00,0.50,0,0,0,1000.0
2026-02-12 14:49:31,F1,23.5,20.00,0.50,0,0,0,1000.0
2026-02-12 14:49:31,F2,20.2,20.00,0.50,1,0,0,1000.0
2026-02-12 14:49:32,F3,27.1,20.00,0.50,0,0,0,1000.0
2026-02-12 14:49:34,F1,23.5,20.00,0.50,0,0,0,1000.0
2026-02-12 14:49:35,F2,20.2,20.00,0.50,1,0,0,1000.0
2026-02-12 14:49:36,F3,27.1,20.00,0.50,0,0,0,1000.0
2026-02-12 14:49:37,F1,23.6,20.00,0.50,0,0,0,1000.0
2026-02-12 14:49:38,F2,20.2,20.00,0.50,1,0,0,1000.0
2026-02-12 14:49:39,F3,27.1,20.00,0.50,0,0,0,1000.0
2026-02-12 14:49:41,F1,23.5,20.00,0.50,0,0,0,1000.0
2026-02-12 14:49:42,F2,20.1,20.00,0.50,1,0,0,1000.0
2026-02-12 14:49:42,F3,27.1,20.00,0.50,0,0,0,1000.0
2026-02-12 14:49:44,F1,23.5,20.00,0.50,0,0,0,1000.0
2026-02-12 14:49:45,F2,20.1,20.00,0.50,1,0,0,1000.0
2026-02-12 14:49:46,F3,27.1,20.00,0.50,0,0,0,1000.0
2026-02-12 14:49:48,F1,23.6,20.00,0.50,0,0,0,1000.0
2026-02-12 14:49:48,F2,20.1,20.00,0.50,1,0,0,1000.0
2026-02-12 14:49:49,F3,27.1,20.00,0.50,0,0,0,1000.0
2026-02-12 14:49:51,F1,23.6,20.00,0.50,0,0,0,1000.0
2026-02-12 14:49:52,F2,20.1,20.00,0.50,1,0,0,1000.0
2026-02-12 14:49:53,F3,27.1,20.00,0.50,0,0,0,1000.0
2026-02-12 14:49:55,F1,23.6,20.00,0.50,0,0,0,1000.0
2026-02-12 14:49:55,F2,20.1,20.00,0.50,1,0,0,1000.0
2026-02-12 14:49:56,F3,27.0,20.00,0.50,0,0,0,1000.0
2026-02-12 14:49:58,F1,23.6,20.00,0.50,0,0,0,1000.0
2026-02-12 14:49:59,F2,20.1,20.00,0.50,1,0,0,1000.0
2026-02-12 14:49:59,F3,27.1,20.00,0.50,0,0,0,1000.0
2026-02-12 14:50:01,F1,23.6,20.00,0.50,0,0,0,1000.0
2026-02-12 14:50:02,F2,20.1,20.00,0.50,1,0,0,1000.0
2026-02-12 14:50:03,F3,27.0,20.00,0.50,0,0,0,1000.0
2026-02-12 14:50:05,F1,23.6,20.00,0.50,0,0,0,1000.0
2026-02-12 14:50:06,F2,20.1,20.00,0.50,1,0,0,1000.0
2026-02-12 14:50:06,F3,27.1,20.00,0.50,0,0,0,1000.0
2026-02-12 14:50:08,F1,23.6,20.00,0.50,0,0,0,1000.0
2026-02-12 14:50:09,F2,20.0,20.00,0.50,1,0,0,1000.0
2026-02-12 14:50:10,F3,27.1,20.00,0.50,0,0,0,1000.0
2026-02-12 14:50:11,F1,23.6,20.00,0.50,0,0,0,1000.0
2026-02-12 14:50:12,F2,20.1,20.00,0.50,1,0,0,1000.0
2026-02-12 14:50:13,F3,27.1,20.00,0.50,0,0,0,1000.0
2026-02-12 14:50:15,F1,23.6,20.00,0.50,0,0,0,1000.0
2026-02-12 14:50:16,F2,20.1,20.00,0.50,1,0,0,1000.0
2026-02-12 14:50:17,F3,27.1,20.00,0.50,0,0,0,1000.0
2026-02-12 14:50:18,F1,23.6,20.00,0.50,0,0,0,1000.0
2026-02-12 14:50:19,F2,20.0,20.00,0.50,1,0,0,1000.0
2026-02-12 14:50:20,F3,27.0,20.00,0.50,0,0,0,1000.0
2026-02-12 14:50:22,F1,23.6,20.00,0.50,0,0,0,1000.0
2026-02-12 14:50:23,F2,20.0,20.00,0.50,1,0,0,1000.0
2026-02-12 14:50:23,F3,27.1,20.00,0.50,0,0,0,1000.0
2026-02-12 14:50:25,F1,23.6,20.00,0.50,0,0,0,1000.0
2026-02-12 14:50:26,F2,20.0,20.00,0.50,1,0,0,1000.0
2026-02-12 14:50:27,F3,27.1,20.00,0.50,0,0,0,1000.0
2026-02-12 14:50:29,F1,23.6,20.00,0.50,0,0,0,1000.0
2026-02-12 14:50:29,F2,19.9,20.00,0.50,1,0,0,1000.0
2026-02-12 14:50:30,F3,27.1,20.00,0.50,0,0,0,1000.0
2026-02-12 14:50:32,F1,23.6,20.00,0.50,0,0,0,1000.0
2026-02-12 14:50:33,F2,19.9,20.00,0.50,1,0,0,1000.0
2026-02-12 14:50:34,F3,27.0,20.00,0.50,0,0,0,1000.0
2026-02-12 14:50:35,F1,23.6,20.00,0.50,0,0,0,1000.0
2026-02-12 14:50:36,F2,19.9,20.00,0.50,1,0,0,1000.0
2026-02-12 14:50:37,F3,27.1,20.00,0.50,0,0,0,1000.0
2026-02-12 14:50:39,F1,23.6,20.00,0.50,0,0,0,1000.0
2026-02-12 14:50:40,F2,19.9,20.00,0.50,1,0,0,1000.0
2026-02-12 14:50:40,F3,27.0,20.00,0.50,0,0,0,1000.0
2026-02-12 14:50:42,F1,23.6,20.00,0.50,0,0,0,1000.0
2026-02-12 14:50:43,F2,19.9,20.00,0.50,1,0,0,1000.0
2026-02-12 14:50:44,F3,27.1,20.00,0.50,0,0,0,1000.0
2026-02-12 14:50:46,F1,23.6,20.00,0.50,0,0,0,1000.0
2026-02-12 14:50:46,F2,19.9,20.00,0.50,1,0,0,1000.0
2026-02-12 14:50:47,F3,27.1,20.00,0.50,0,0,0,1000.0
2026-02-12 14:50:49,F1,23.6,20.00,0.50,0,0,0,1000.0
2026-02-12 14:50:50,F2,19.9,20.00,0.50,1,0,0,1000.0
2026-02-12 14:50:51,F3,27.1,20.00,0.50,0,0,0,1000.0
2026-02-12 14:50:52,F1,23.7,20.00,0.50,0,0,0,1000.0
2026-02-12 14:50:53,F2,19.9,20.00,0.50,1,0,0,1000.0
2026-02-12 14:50:54,F3,27.1,20.00,0.50,0,0,0,1000.0
2026-02-12 14:50:56,F1,23.8,20.00,0.50,0,0,0,1000.0
2026-02-12 14:50:57,F2,19.9,20.00,0.50,1,0,0,1000.0
2026-02-12 14:50:57,F3,27.1,20.00,0.50,0,0,0,1000.0
2026-02-12 14:50:59,F1,23.8,20.00,0.50,0,0,0,1000.0
2026-02-12 14:51:00,F2,19.9,20.00,0.50,1,0,0,1000.0
2026-02-12 14:51:01,F3,27.1,20.00,0.50,0,0,0,1000.0
2026-02-12 14:51:03,F1,23.8,20.00,0.50,0,0,0,1000.0
2026-02-12 14:51:03,F2,19.8,20.00,0.50,1,0,0,1000.0
2026-02-12 14:51:04,F3,27.1,20.00,0.50,0,0,0,1000.0
2026-02-12 14:51:06,F1,23.8,20.00,0.50,0,0,0,1000.0
2026-02-12 14:51:07,F2,19.8,20.00,0.50,1,0,0,1000.0
2026-02-12 14:51:08,F3,27.0,20.00,0.50,0,0,0,1000.0
2026-02-12 14:51:09,F1,23.8,20.00,0.50,0,0,0,1000.0
2026-02-12 14:51:10,F2,19.8,20.00,0.50,1,0,0,1000.0
2026-02-12 14:51:11,F3,27.1,20.00,0.50,0,0,0,1000.0
2026-02-12 14:51:13,F1,23.8,20.00,0.50,0,0,0,1000.0
2026-02-12 14:51:14,F2,19.8,20.00,0.50,1,0,0,1000.0
2026-02-12 14:51:14,F3,27.1,20.00,0.50,0,0,0,1000.0
2026-02-12 14:51:16,F1,23.8,20.00,0.50,0,0,0,1000.0
2026-02-12 14:51:17,F2,19.8,20.00,0.50,1,0,0,1000.0
2026-02-12 14:51:18,F3,27.1,20.00,0.50,0,0,0,1000.0
2026-02-12 14:51:20,F1,23.8,20.00,0.50,0,0,0,1000.0
2026-02-12 14:51:21,F2,19.8,20.00,0.50,1,0,0,1000.0
2026-02-12 14:51:21,F3,27.1,20.00,0.50,0,0,0,1000.0
2026-02-12 14:51:23,F1,23.8,20.00,0.50,0,0,0,1000.0
2026-02-12 14:51:24,F2,19.8,20.00,0.50,1,0,0,1000.0
2026-02-12 14:51:25,F3,27.1,20.00,0.50,0,0,0,1000.0
2026-02-12 14:51:27,F1,23.8,20.00,0.50,0,0,0,1000.0
2026-02-12 14:51:27,F2,19.8,20.00,0.50,1,0,0,1000.0
2026-02-12 14:51:28,F3,27.1,20.00,0.50,0,0,0,1000.0
2026-02-12 14:51:30,F1,23.8,20.00,0.50,0,0,0,1000.0
2026-02-12 14:51:31,F2,19.7,20.00,0.50,1,0,0,1000.0
2026-02-12 14:51:32,F3,27.1,20.00,0.50,0,0,0,1000.0
2026-02-12 14:51:33,F1,23.8,20.00,0.50,0,0,0,1000.0
2026-02-12 14:51:34,F2,19.8,20.00,0.50,1,0,0,1000.0
2026-02-12 14:51:35,F3,27.0,20.00,0.50,0,0,0,1000.0
2026-02-12 14:51:37,F1,23.8,20.00,0.50,0,0,0,1000.0
2026-02-12 14:51:38,F2,19.8,20.00,0.50,1,0,0,1000.0
2026-02-12 14:51:39,F3,27.1,20.00,0.50,0,0,0,1000.0
2026-02-12 14:51:40,F1,23.8,20.00,0.50,0,0,0,1000.0
2026-02-12 14:51:41,F2,19.8,20.00,0.50,1,0,0,1000.0
2026-02-12 14:51:42,F3,27.1,20.00,0.50,0,0,0,1000.0
2026-02-12 14:51:44,F1,23.8,20.00,0.50,0,0,0,1000.0
2026-02-12 14:51:44,F2,19.7,20.00,0.50,1,0,0,1000.0
2026-02-12 14:51:45,F3,27.1,20.00,0.50,0,0,0,1000.0
2026-02-12 14:51:47,F1,23.8,20.00,0.50,0,0,0,1000.0
2026-02-12 14:51:48,F2,19.7,20.00,0.50,1,0,0,1000.0
2026-02-12 14:51:49,F3,27.1,20.00,0.50,0,0,0,1000.0
2026-02-12 14:51:51,F1,23.8,20.00,0.50,0,0,0,1000.0
2026-02-12 14:51:51,F2,19.7,20.00,0.50,1,0,0,1000.0
2026-02-12 14:51:52,F3,27.0,20.00,0.50,0,0,0,1000.0
2026-02-12 14:51:54,F1,23.8,20.00,0.50,0,0,0,1000.0
2026-02-12 14:51:55,F2,19.6,20.00,0.50,1,0,0,1000.0
2026-02-12 14:51:55,F3,27.0,20.00,0.50,0,0,0,1000.0
2026-02-12 14:51:57,F1,23.8,20.00,0.50,0,0,0,1000.0
2026-02-12 14:51:58,F2,19.6,20.00,0.50,1,0,0,1000.0
2026-02-12 14:51:59,F3,27.0,20.00,0.50,0,0,0,1000.0
2026-02-12 14:52:01,F1,23.9,20.00,0.50,0,0,0,1000.0
2026-02-12 14:52:02,F2,19.6,20.00,0.50,1,0,0,1000.0
2026-02-12 14:52:02,F3,27.0,20.00,0.50,0,0,0,1000.0
2026-02-12 14:52:04,F1,23.9,20.00,0.50,0,0,0,1000.0
2026-02-12 14:52:05,F2,19.6,20.00,0.50,1,0,0,1000.0
2026-02-12 14:52:06,F3,27.0,20.00,0.50,0,0,0,1000.0
2026-02-12 14:52:08,F1,23.8,20.00,0.50,0,0,0,1000.0
2026-02-12 14:52:08,F2,19.6,20.00,0.50,1,0,0,1000.0
2026-02-12 14:52:09,F3,27.0,20.00,0.50,0,0,0,1000.0
2026-02-12 14:52:11,F1,23.8,20.00,0.50,0,0,0,1000.0
2026-02-12 14:52:12,F2,19.6,20.00,0.50,1,0,0,1000.0
2026-02-12 14:52:13,F3,27.0,20.00,0.50,0,0,0,1000.0
2026-02-12 14:52:14,F1,23.9,20.00,0.50,0,0,0,1000.0
2026-02-12 14:52:15,F2,19.6,20.00,0.50,1,0,0,1000.0
2026-02-12 14:52:16,F3,27.0,20.00,0.50,0,0,0,1000.0
2026-02-12 14:52:18,F1,23.9,20.00,0.50,0,0,0,1000.0
2026-02-12 14:52:19,F2,19.6,20.00,0.50,1,0,0,1000.0
2026-02-12 14:52:19,F3,27.0,20.00,0.50,0,0,0,1000.0
2026-02-12 14:52:21,F1,23.8,20.00,0.50,0,0,0,1000.0
2026-02-12 14:52:22,F2,19.6,20.00,0.50,1,0,0,1000.0
2026-02-12 14:52:23,F3,27.0,20.00,0.50,0,0,0,1000.0
2026-02-12 14:52:25,F1,23.9,20.00,0.50,0,0,0,1000.0
2026-02-12 14:52:25,F2,19.5,20.00,0.50,0,1,0,1000.0
2026-02-12 14:52:26,F3,27.0,20.00,0.50,0,0,0,1000.0
2026-02-12 14:52:28,F1,23.9,20.00,0.50,0,0,0,1000.0
2026-02-12 14:52:29,F2,19.5,20.00,0.50,0,1,0,1000.0
2026-02-12 14:52:30,F3,27.0,20.00,0.50,0,0,0,1000.0
2026-02-12 14:52:31,F1,23.9,20.00,0.50,0,0,0,1000.0
2026-02-12 14:52:32,F2,19.5,20.00,0.50,0,1,0,1000.0
2026-02-12 14:52:33,F3,27.0,20.00,0.50,0,0,0,1000.0
2026-02-12 14:52:35,F1,23.9,20.00,0.50,0,0,0,1000.0
2026-02-12 14:52:36,F2,19.5,20.00,0.50,0,1,0,1000.0
2026-02-12 14:52:36,F3,27.0,20.00,0.50,0,0,0,1000.0
2026-02-12 14:52:38,F1,23.9,20.00,0.50,0,0,0,1000.0
2026-02-12 14:52:39,F2,19.5,20.00,0.50,0,1,0,1000.0
2026-02-12 14:52:40,F3,26.9,20.00,0.50,0,0,0,1000.0
2026-02-12 14:52:42,F1,23.9,20.00,0.50,0,0,0,1000.0
2026-02-12 14:52:42,F2,19.5,20.00,0.50,0,1,0,1000.0
2026-02-12 14:52:43,F3,27.0,20.00,0.50,0,0,0,1000.0
2026-02-12 14:52:45,F1,23.9,20.00,0.50,0,0,0,1000.0
2026-02-12 14:52:46,F2,19.4,20.00,0.50,0,1,0,1000.0
2026-02-12 14:52:47,F3,27.0,20.00,0.50,0,0,0,1000.0
2026-02-12 14:52:49,F1,23.9,20.00,0.50,0,0,0,1000.0
2026-02-12 14:52:49,F2,19.4,20.00,0.50,0,1,0,1000.0
2026-02-12 14:52:50,F3,27.0,20.00,0.50,0,0,0,1000.0
2026-02-12 14:52:52,F1,23.9,20.00,0.50,0,0,0,1000.0
2026-02-12 14:52:53,F2,19.4,20.00,0.50,0,1,0,1000.0
2026-02-12 14:52:54,F3,27.0,20.00,0.50,0,0,0,1000.0
2026-02-12 14:52:55,F1,23.9,20.00,0.50,0,0,0,1000.0
2026-02-12 14:52:56,F2,19.4,20.00,0.50,0,1,0,1000.0
2026-02-12 14:52:57,F3,27.0,20.00,0.50,0,0,0,1000.0
2026-02-12 14:52:59,F1,23.9,20.00,0.50,0,0,0,1000.0
2026-02-12 14:53:00,F2,19.4,20.00,0.50,0,1,0,1000.0
2026-02-12 14:53:00,F3,27.0,20.00,0.50,0,0,0,1000.0
2026-02-12 14:53:02,F1,23.9,20.00,0.50,0,0,0,1000.0
2026-02-12 14:53:03,F2,19.4,20.00,0.50,0,1,0,1000.0
2026-02-12 14:53:04,F3,27.0,20.00,0.50,0,0,0,1000.0
2026-02-12 14:53:06,F1,23.9,20.00,0.50,0,0,0,1000.0
2026-02-12 14:53:06,F2,19.4,20.00,0.50,0,1,0,1000.0
2026-02-12 14:53:07,F3,27.0,20.00,0.50,0,0,0,1000.0
2026-02-12 14:53:09,F1,23.9,20.00,0.50,0,0,0,1000.0
2026-02-12 14:53:10,F2,19.4,20.00,0.50,0,1,0,1000.0
2026-02-12 14:53:11,F3,27.0,20.00,0.50,0,0,0,1000.0
2026-02-12 14:53:12,F1,23.9,20.00,0.50,0,0,0,1000.0
2026-02-12 14:53:13,F2,19.4,20.00,0.50,0,1,0,1000.0
2026-02-12 14:53:14,F3,27.0,20.00,0.50,0,0,0,1000.0
2026-02-12 14:53:16,F1,23.9,20.00,0.50,0,0,0,1000.0
2026-02-12 14:53:17,F2,19.4,20.00,0.50,0,1,0,1000.0
2026-02-12 14:53:17,F3,27.1,20.00,0.50,0,0,0,1000.0
2026-02-12 14:53:19,F1,23.9,20.00,0.50,0,0,0,1000.0
2026-02-12 14:53:20,F2,19.4,20.00,0.50,0,1,0,1000.0
2026-02-12 14:53:21,F3,27.1,20.00,0.50,0,0,0,1000.0
2026-02-12 14:53:23,F1,23.9,20.00,0.50,0,0,0,1000.0
2026-02-12 14:53:24,F2,19.4,20.00,0.50,0,1,0,1000.0
2026-02-12 14:53:24,F3,27.1,20.00,0.50,0,0,0,1000.0
2026-02-12 14:53:26,F1,23.9,20.00,0.50,0,0,0,1000.0
2026-02-12 14:53:27,F2,19.4,20.00,0.50,0,1,0,1000.0
2026-02-12 14:53:28,F3,27.1,20.00,0.50,0,0,0,1000.0
2026-02-12 14:53:30,F1,23.9,20.00,0.50,0,0,0,1000.0
2026-02-12 14:53:30,F2,19.4,20.00,0.50,0,1,0,1000.0
2026-02-12 14:53:31,F3,27.1,20.00,0.50,0,0,0,1000.0
2026-02-12 14:53:33,F1,23.9,20.00,0.50,0,0,0,1000.0
2026-02-12 14:53:34,F2,19.4,20.00,0.50,0,1,0,1000.0
2026-02-12 14:53:35,F3,27.1,20.00,0.50,0,0,0,1000.0
2026-02-12 14:53:36,F1,23.9,20.00,0.50,0,0,0,1000.0
2026-02-12 14:53:37,F2,19.4,20.00,0.50,0,1,0,1000.0
2026-02-12 14:53:38,F3,27.1,20.00,0.50,0,0,0,1000.0
2026-02-12 14:53:40,F1,23.9,20.00,0.50,0,0,0,1000.0
2026-02-12 14:53:41,F2,19.4,20.00,0.50,0,1,0,1000.0
2026-02-12 14:53:41,F3,27.1,20.00,0.50,0,0,0,1000.0
2026-02-12 14:53:43,F1,23.9,20.00,0.50,0,0,0,1000.0
2026-02-12 14:53:44,F2,19.4,20.00,0.50,0,1,0,1000.0
2026-02-12 14:53:45,F3,27.1,20.00,0.50,0,0,0,1000.0
2026-02-12 14:53:47,F1,23.9,20.00,0.50,0,0,0,1000.0
2026-02-12 14:53:47,F2,19.4,20.00,0.50,0,1,0,1000.0
2026-02-12 14:53:48,F3,27.1,20.00,0.50,0,0,0,1000.0
2026-02-12 14:53:50,F1,23.9,20.00,0.50,0,0,0,1000.0
2026-02-12 14:53:51,F2,19.5,20.00,0.50,0,1,0,1000.0
2026-02-12 14:53:52,F3,27.1,20.00,0.50,0,0,0,1000.0
2026-02-12 14:53:53,F1,23.9,20.00,0.50,0,0,0,1000.0
2026-02-12 14:53:54,F2,19.5,20.00,0.50,0,1,0,1000.0
2026-02-12 14:53:55,F3,27.2,20.00,0.50,0,0,0,1000.0
2026-02-12 14:53:57,F1,23.9,20.00,0.50,0,0,0,1000.0
2026-02-12 14:53:58,F2,19.5,20.00,0.50,0,1,0,1000.0
2026-02-12 14:53:58,F3,27.1,20.00,0.50,0,0,0,1000.0
2026-02-12 14:54:00,F1,23.9,20.00,0.50,0,0,0,1000.0
2026-02-12 14:54:01,F2,19.5,20.00,0.50,0,1,0,1000.0
2026-02-12 14:54:02,F3,27.1,20.00,0.50,0,0,0,1000.0
2026-02-12 14:54:04,F1,23.9,20.00,0.50,0,0,0,1000.0
2026-02-12 14:54:04,F2,19.5,20.00,0.50,0,1,0,1000.0
2026-02-12 14:54:05,F3,27.1,20.00,0.50,0,0,0,1000.0
2026-02-12 14:54:07,F1,23.9,20.00,0.50,0,0,0,1000.0
2026-02-12 14:54:08,F2,19.6,20.00,0.50,0,1,0,1000.0
2026-02-12 14:54:09,F3,27.2,20.00,0.50,0,0,0,1000.0
2026-02-12 14:54:10,F1,23.9,20.00,0.50,0,0,0,1000.0
2026-02-12 14:54:11,F2,19.6,20.00,0.50,0,1,0,1000.0
2026-02-12 14:54:12,F3,27.2,20.00,0.50,0,0,0,1000.0
2026-02-12 14:54:14,F1,23.9,20.00,0.50,0,0,0,1000.0
2026-02-12 14:54:15,F2,19.6,20.00,0.50,0,1,0,1000.0
2026-02-12 14:54:15,F3,27.2,20.00,0.50,0,0,0,1000.0
2026-02-12 14:54:17,F1,23.9,20.00,0.50,0,0,0,1000.0
2026-02-12 14:54:18,F2,19.6,20.00,0.50,0,1,0,1000.0
2026-02-12 14:54:19,F3,27.2,20.00,0.50,0,0,0,1000.0
2026-02-12 14:54:21,F1,23.9,20.00,0.50,0,0,0,1000.0
2026-02-12 14:54:21,F2,19.7,20.00,0.50,0,1,0,1000.0
2026-02-12 14:54:22,F3,27.2,20.00,0.50,0,0,0,1000.0
2026-02-12 14:54:24,F1,23.9,20.00,0.50,0,0,0,1000.0
2026-02-12 14:54:25,F2,19.7,20.00,0.50,0,1,0,1000.0
2026-02-12 14:54:26,F3,27.2,20.00,0.50,0,0,0,1000.0
2026-02-12 14:54:27,F1,23.9,20.00,0.50,0,0,0,1000.0
2026-02-12 14:54:28,F2,19.8,20.00,0.50,0,1,0,1000.0
2026-02-12 14:54:29,F3,27.2,20.00,0.50,0,0,0,1000.0
2026-02-12 14:54:31,F1,23.9,20.00,0.50,0,0,0,1000.0
2026-02-12 14:54:32,F2,19.8,20.00,0.50,0,1,0,1000.0
2026-02-12 14:54:32,F3,27.2,20.00,0.50,0,0,0,1000.0
2026-02-12 14:54:34,F1,23.9,20.00,0.50,0,0,0,1000.0
2026-02-12 14:54:35,F2,19.8,20.00,0.50,0,1,0,1000.0
2026-02-12 14:54:36,F3,27.2,20.00,0.50,0,0,0,1000.0
2026-02-12 14:54:38,F1,23.9,20.00,0.50,0,0,0,1000.0
2026-02-12 14:54:38,F2,19.8,20.00,0.50,0,1,0,1000.0
2026-02-12 14:54:39,F3,27.2,20.00,0.50,0,0,0,1000.0
2026-02-12 14:54:41,F1,23.9,20.00,0.50,0,0,0,1000.0
2026-02-12 14:54:42,F2,19.9,20.00,0.50,0,1,0,1000.0
2026-02-12 14:54:43,F3,27.3,20.00,0.50,0,0,0,1000.0
2026-02-12 14:54:45,F1,23.9,20.00,0.50,0,0,0,1000.0
2026-02-12 14:54:45,F2,19.9,20.00,0.50,0,1,0,1000.0
2026-02-12 14:54:46,F3,27.3,20.00,0.50,0,0,0,1000.0
2026-02-12 14:54:48,F1,23.9,20.00,0.50,0,0,0,1000.0
2026-02-12 14:54:49,F2,19.9,20.00,0.50,0,1,0,1000.0
2026-02-12 14:54:50,F3,27.3,20.00,0.50,0,0,0,1000.0
2026-02-12 14:54:51,F1,23.9,20.00,0.50,0,0,0,1000.0
2026-02-12 14:54:52,F2,19.9,20.00,0.50,0,1,0,1000.0
2026-02-12 14:54:53,F3,27.3,20.00,0.50,0,0,0,1000.0
2026-02-12 14:54:55,F1,23.9,20.00,0.50,0,0,0,1000.0
2026-02-12 14:54:56,F2,19.9,20.00,0.50,0,1,0,1000.0
2026-02-12 14:54:56,F3,27.3,20.00,0.50,0,0,0,1000.0
2026-02-12 14:54:58,F1,23.9,20.00,0.50,0,0,0,1000.0
2026-02-12 14:54:59,F2,19.9,20.00,0.50,0,1,0,1000.0
2026-02-12 14:55:00,F3,27.2,20.00,0.50,0,0,0,1000.0
2026-02-12 14:55:02,F1,23.9,20.00,0.50,0,0,0,1000.0
2026-02-12 14:55:02,F2,20.0,20.00,0.50,0,1,0,1000.0
2026-02-12 14:55:03,F3,27.2,20.00,0.50,0,0,0,1000.0
2026-02-12 14:55:05,F1,23.9,20.00,0.50,0,0,0,1000.0
2026-02-12 14:55:06,F2,20.0,20.00,0.50,0,1,0,1000.0
2026-02-12 14:55:07,F3,27.2,20.00,0.50,0,0,0,1000.0
2026-02-12 14:55:08,F1,23.9,20.00,0.50,0,0,0,1000.0
2026-02-12 14:55:09,F2,20.1,20.00,0.50,0,1,0,1000.0
2026-02-12 14:55:10,F3,27.2,20.00,0.50,0,0,0,1000.0
2026-02-12 14:55:12,F1,23.9,20.00,0.50,0,0,0,1000.0
2026-02-12 14:55:13,F2,20.1,20.00,0.50,0,1,0,1000.0
2026-02-12 14:55:13,F3,27.2,20.00,0.50,0,0,0,1000.0
2026-02-12 14:55:15,F1,23.9,20.00,0.50,0,0,0,1000.0
2026-02-12 14:55:16,F2,20.1,20.00,0.50,0,1,0,1000.0
2026-02-12 14:55:17,F3,27.2,20.00,0.50,0,0,0,1000.0
2026-02-12 14:55:19,F1,23.9,20.00,0.50,0,0,0,1000.0
2026-02-12 14:55:19,F2,20.1,20.00,0.50,0,1,0,1000.0
2026-02-12 14:55:20,F3,27.2,20.00,0.50,0,0,0,1000.0
2026-02-12 14:55:22,F1,23.9,20.00,0.50,0,0,0,1000.0
2026-02-12 14:55:23,F2,20.2,20.00,0.50,0,1,0,1000.0
2026-02-12 14:55:24,F3,27.2,20.00,0.50,0,0,0,1000.0
2026-02-12 14:55:25,F1,23.9,20.00,0.50,0,0,0,1000.0
2026-02-12 14:55:26,F2,20.2,20.00,0.50,0,1,0,1000.0
2026-02-12 14:55:27,F3,27.2,20.00,0.50,0,0,0,1000.0
2026-02-12 14:55:29,F1,24.0,20.00,0.50,0,0,0,1000.0
2026-02-12 14:55:30,F2,20.2,20.00,0.50,0,1,0,1000.0
2026-02-12 14:55:30,F3,27.2,20.00,0.50,0,0,0,1000.0
2026-02-12 14:55:32,F1,24.0,20.00,0.50,0,0,0,1000.0
2026-02-12 14:55:33,F2,20.2,20.00,0.50,0,1,0,1000.0
2026-02-12 14:55:34,F3,27.2,20.00,0.50,0,0,0,1000.0
2026-02-12 14:55:36,F1,24.0,20.00,0.50,0,0,0,1000.0
2026-02-12 14:55:36,F2,20.2,20.00,0.50,0,1,0,1000.0
2026-02-12 14:55:37,F3,27.2,20.00,0.50,0,0,0,1000.0
2026-02-12 14:55:39,F1,24.0,20.00,0.50,0,0,0,1000.0
2026-02-12 14:55:40,F2,20.3,20.00,0.50,0,1,0,1000.0
2026-02-12 14:55:41,F3,27.2,20.00,0.50,0,0,0,1000.0
2026-02-12 14:55:42,F1,23.9,20.00,0.50,0,0,0,1000.0
2026-02-12 14:55:43,F2,20.3,20.00,0.50,0,1,0,1000.0
2026-02-12 14:55:44,F3,27.2,20.00,0.50,0,0,0,1000.0
2026-02-12 14:55:46,F1,23.9,20.00,0.50,0,0,0,1000.0
2026-02-12 14:55:47,F2,20.4,20.00,0.50,0,1,0,1000.0
2026-02-12 14:55:47,F3,27.2,20.00,0.50,0,0,0,1000.0
2026-02-12 14:55:49,F1,24.0,20.00,0.50,0,0,0,1000.0
2026-02-12 14:55:50,F2,20.4,20.00,0.50,0,1,0,1000.0
2026-02-12 14:55:51,F3,27.2,20.00,0.50,0,0,0,1000.0
2026-02-12 14:55:53,F1,24.0,20.00,0.50,0,0,0,1000.0
2026-02-12 14:55:53,F2,20.4,20.00,0.50,0,1,0,1000.0
2026-02-12 14:55:54,F3,27.2,20.00,0.50,0,0,0,1000.0
2026-02-12 14:55:56,F1,24.0,20.00,0.50,0,0,0,1000.0
2026-02-12 14:55:57,F2,20.4,20.00,0.50,0,1,0,1000.0
2026-02-12 14:55:58,F3,27.2,20.00,0.50,0,0,0,1000.0
2026-02-12 14:55:59,F1,24.0,20.00,0.50,0,0,0,1000.0
2026-02-12 14:56:00,F2,20.5,20.00,0.50,1,0,0,1000.0
2026-02-12 14:56:01,F3,27.3,20.00,0.50,0,0,0,1000.0
2026-02-12 14:56:03,F1,24.0,20.00,0.50,0,0,0,1000.0
2026-02-12 14:56:04,F2,20.5,20.00,0.50,1,0,0,1000.0
2026-02-12 14:56:04,F3,27.2,20.00,0.50,0,0,0,1000.0
2026-02-12 14:56:06,F1,24.0,20.00,0.50,0,0,0,1000.0
2026-02-12 14:56:07,F2,20.5,20.00,0.50,1,0,0,1000.0
2026-02-12 14:56:08,F3,27.3,20.00,0.50,0,0,0,1000.0
2026-02-12 14:56:10,F1,24.0,20.00,0.50,0,0,0,1000.0
2026-02-12 14:56:10,F2,20.6,20.00,0.50,1,0,0,1000.0
2026-02-12 14:56:11,F3,27.3,20.00,0.50,0,0,0,1000.0
2026-02-12 14:56:13,F1,24.0,20.00,0.50,0,0,0,1000.0
2026-02-12 14:56:14,F2,20.6,20.00,0.50,1,0,0,1000.0
2026-02-12 14:56:15,F3,27.3,20.00,0.50,0,0,0,1000.0
2026-02-12 14:56:16,F1,24.0,20.00,0.50,0,0,0,1000.0
2026-02-12 14:56:17,F2,20.6,20.00,0.50,1,0,0,1000.0
2026-02-12 14:56:18,F3,27.3,20.00,0.50,0,0,0,1000.0
2026-02-12 14:56:20,F1,24.0,20.00,0.50,0,0,0,1000.0
2026-02-12 14:56:21,F2,20.6,20.00,0.50,1,0,0,1000.0
2026-02-12 14:56:21,F3,27.3,20.00,0.50,0,0,0,1000.0
2026-02-12 14:56:23,F1,24.0,20.00,0.50,0,0,0,1000.0
2026-02-12 14:56:24,F2,20.7,20.00,0.50,1,0,0,1000.0
2026-02-12 14:56:25,F3,27.4,20.00,0.50,0,0,0,1000.0
2026-02-12 14:56:27,F1,24.0,20.00,0.50,0,0,0,1000.0
2026-02-12 14:56:27,F2,20.7,20.00,0.50,1,0,0,1000.0
2026-02-12 14:56:28,F3,27.4,20.00,0.50,0,0,0,1000.0
2026-02-12 14:56:30,F1,24.0,20.00,0.50,0,0,0,1000.0
2026-02-12 14:56:31,F2,20.8,20.00,0.50,1,0,0,1000.0
2026-02-12 14:56:32,F3,27.3,20.00,0.50,0,0,0,1000.0
2026-02-12 14:56:33,F1,24.0,20.00,0.50,0,0,0,1000.0
2026-02-12 14:56:34,F2,20.8,20.00,0.50,1,0,0,1000.0
2026-02-12 14:56:35,F3,27.3,20.00,0.50,0,0,0,1000.0
2026-02-12 14:56:37,F1,24.0,20.00,0.50,0,0,0,1000.0
2026-02-12 14:56:38,F2,20.8,20.00,0.50,1,0,0,1000.0
2026-02-12 14:56:38,F3,27.4,20.00,0.50,0,0,0,1000.0
2026-02-12 14:56:40,F1,24.0,20.00,0.50,0,0,0,1000.0
2026-02-12 14:56:41,F2,20.8,20.00,0.50,1,0,0,1000.0
2026-02-12 14:56:42,F3,27.4,20.00,0.50,0,0,0,1000.0
2026-02-12 14:56:44,F1,24.1,20.00,0.50,0,0,0,1000.0
2026-02-12 14:56:44,F2,20.8,20.00,0.50,1,0,0,1000.0
2026-02-12 14:56:45,F3,27.4,20.00,0.50,0,0,0,1000.0
2026-02-12 14:56:47,F1,24.0,20.00,0.50,0,0,0,1000.0
2026-02-12 14:56:48,F2,20.8,20.00,0.50,1,0,0,1000.0
2026-02-12 14:56:49,F3,27.4,20.00,0.50,0,0,0,1000.0
2026-02-12 14:56:50,F1,24.0,20.00,0.50,0,0,0,1000.0
2026-02-12 14:56:51,F2,20.8,20.00,0.50,1,0,0,1000.0
2026-02-12 14:56:52,F3,27.4,20.00,0.50,0,0,0,1000.0
2026-02-12 14:56:54,F1,24.0,20.00,0.50,0,0,0,1000.0
2026-02-12 14:56:55,F2,20.9,20.00,0.50,1,0,0,1000.0
2026-02-12 14:56:55,F3,27.4,20.00,0.50,0,0,0,1000.0
2026-02-12 14:56:57,F1,24.0,20.00,0.50,0,0,0,1000.0
2026-02-12 14:56:58,F2,20.9,20.00,0.50,1,0,0,1000.0
2026-02-12 14:56:59,F3,27.4,20.00,0.50,0,0,0,1000.0
2026-02-12 14:57:01,F1,24.0,20.00,0.50,0,0,0,1000.0
2026-02-12 14:57:01,F2,20.9,20.00,0.50,1,0,0,1000.0
2026-02-12 14:57:02,F3,27.4,20.00,0.50,0,0,0,1000.0
2026-02-12 14:57:04,F1,24.0,20.00,0.50,0,0,0,1000.0
2026-02-12 14:57:05,F2,20.9,20.00,0.50,1,0,0,1000.0
2026-02-12 14:57:06,F3,27.4,20.00,0.50,0,0,0,1000.0
2026-02-12 14:57:43,F1,23.9,20.00,0.50,1,0,0,1000.0
2026-02-12 14:57:44,F2,20.9,20.00,0.50,1,0,0,1000.0
2026-02-12 14:57:45,F3,27.4,20.00,0.50,1,0,0,1000.0
2026-02-12 14:57:47,F1,24.0,20.00,0.50,1,0,0,1000.0
2026-02-12 14:57:48,F2,20.9,20.00,0.50,1,0,0,1000.0
2026-02-12 14:57:48,F3,27.4,20.00,0.50,1,0,0,1000.0
2026-02-12 14:57:50,F1,23.9,20.00,0.50,1,0,0,1000.0
2026-02-12 14:57:51,F2,20.9,20.00,0.50,1,0,0,1000.0
2026-02-12 14:57:52,F3,27.4,20.00,0.50,1,0,0,1000.0
2026-02-12 14:57:54,F1,23.9,20.00,0.50,1,0,0,1000.0
2026-02-12 14:57:54,F2,20.9,20.00,0.50,1,0,0,1000.0
2026-02-12 14:57:55,F3,27.4,20.00,0.50,1,0,0,1000.0
2026-02-12 15:08:12,F1,24.1,20.00,0.50,1,0,0,1000.0
2026-02-12 15:08:13,F2,20.2,20.00,0.50,0,0,0,1000.0
2026-02-12 15:08:14,F3,27.8,20.00,0.50,1,0,0,1000.0
2026-02-12 15:08:16,F1,24.1,20.00,0.50,1,0,0,1000.0
2026-02-12 15:08:17,F2,20.2,20.00,0.50,0,0,0,1000.0
2026-02-12 15:08:18,F3,27.8,20.00,0.50,1,0,0,1000.0
2026-02-12 15:08:19,F1,24.1,20.00,0.50,1,0,0,1000.0
2026-02-12 15:08:20,F2,20.2,20.00,0.50,0,0,0,1000.0
2026-02-12 15:08:21,F3,27.8,20.00,0.50,1,0,0,1000.0
2026-02-12 15:08:23,F1,24.1,20.00,0.50,1,0,0,1000.0
2026-02-12 15:08:24,F2,20.3,20.00,0.50,0,0,0,1000.0
2026-02-12 15:08:24,F3,27.8,20.00,0.50,1,0,0,1000.0
2026-02-12 15:08:26,F1,24.1,20.00,0.50,0,0,0,1000.0
2026-02-12 15:08:27,F2,20.2,20.00,0.50,0,0,0,1000.0
2026-02-12 15:08:28,F3,27.8,20.00,0.50,1,0,0,1000.0
2026-02-12 15:08:30,F1,24.1,20.00,0.50,0,0,0,1000.0
2026-02-12 15:08:30,F2,20.3,20.00,0.50,0,0,0,1000.0
2026-02-12 15:08:31,F3,27.8,20.00,0.50,1,0,0,1000.0
2026-02-12 15:08:33,F1,24.1,20.00,0.50,0,0,0,1000.0
2026-02-12 15:08:34,F2,20.2,20.00,0.50,0,0,0,1000.0
2026-02-12 15:08:35,F3,27.8,20.00,0.50,0,0,0,1000.0
2026-02-12 15:08:36,F1,24.1,20.00,0.50,0,0,0,1000.0
2026-02-12 15:08:37,F2,20.3,20.00,0.50,0,0,0,1000.0
2026-02-12 15:08:38,F3,27.8,20.00,0.50,0,0,0,1000.0
2026-02-12 15:08:40,F1,24.0,20.00,0.50,0,0,0,1000.0
2026-02-12 15:08:41,F2,20.2,20.00,0.50,0,0,0,1000.0
2026-02-12 15:08:41,F3,27.8,20.00,0.50,0,0,0,1000.0
2026-02-12 15:08:43,F1,23.9,20.00,0.50,0,0,0,1000.0
2026-02-12 15:08:44,F2,20.2,23.00,0.50,0,1,0,1000.0
2026-02-12 15:08:45,F3,27.8,20.00,0.50,0,0,0,1000.0
2026-02-12 15:08:47,F1,23.9,20.00,0.50,0,0,0,1000.0
2026-02-12 15:08:47,F2,20.3,23.00,0.50,0,1,0,1000.0
2026-02-12 15:08:48,F3,27.8,20.00,0.50,0,0,0,1000.0
2026-02-12 15:08:50,F1,23.8,20.00,0.50,0,0,0,1000.0
2026-02-12 15:08:51,F2,20.2,23.00,0.50,0,1,0,1000.0
2026-02-12 15:08:52,F3,27.8,20.00,0.50,0,0,0,1000.0
2026-02-12 15:08:54,F1,23.8,20.00,0.50,0,0,0,1000.0
2026-02-12 15:08:55,F2,20.2,23.00,0.50,0,1,0,1000.0
2026-02-12 15:08:55,F3,27.8,20.00,0.50,0,0,0,1000.0
2026-02-12 15:08:58,F1,23.7,20.00,0.50,0,0,0,1000.0
2026-02-12 15:08:59,F2,20.2,23.00,0.50,0,1,0,1000.0
2026-02-12 15:09:00,F3,27.8,20.00,0.50,0,0,0,1000.0
2026-02-12 15:09:01,F1,23.6,20.00,0.50,0,0,0,1000.0
2026-02-12 15:09:02,F2,20.2,23.00,0.50,0,1,0,1000.0
2026-02-12 15:09:03,F3,27.8,20.00,0.50,0,0,0,1000.0
2026-02-12 15:09:05,F1,23.6,20.00,0.50,0,0,0,1000.0
2026-02-12 15:09:06,F2,20.3,23.00,0.50,0,1,0,1000.0
2026-02-12 15:09:07,F3,27.8,20.00,0.50,0,0,0,1000.0
2026-02-12 15:09:08,F1,23.6,20.00,0.50,0,0,0,1000.0
2026-02-12 15:09:09,F2,20.3,23.00,0.50,0,1,0,1000.0
2026-02-12 15:09:10,F3,27.8,20.00,0.50,0,0,0,1000.0
2026-02-12 15:09:12,F1,23.5,20.00,0.50,0,0,0,1000.0
2026-02-12 15:09:13,F2,20.2,23.00,0.50,0,1,0,1000.0
2026-02-12 15:09:13,F3,27.8,20.00,0.50,0,0,0,1000.0
2026-02-12 15:09:15,F1,23.5,20.00,0.50,0,0,0,1000.0
2026-02-12 15:09:16,F2,20.2,23.00,0.50,0,1,0,1000.0
2026-02-12 15:09:17,F3,27.8,20.00,0.50,0,0,0,1000.0
2026-02-12 15:09:19,F1,23.4,20.00,0.50,0,0,0,1000.0
2026-02-12 15:09:20,F2,20.2,23.00,0.50,0,1,0,1000.0
2026-02-12 15:09:21,F3,27.8,20.00,0.50,0,0,0,1000.0
2026-02-12 15:09:22,F1,23.4,20.00,0.50,0,0,0,1000.0
2026-02-12 15:09:23,F2,20.3,23.00,0.50,0,1,0,1000.0
2026-02-12 15:09:24,F3,27.8,20.00,0.50,0,0,0,1000.0
2026-02-12 15:09:26,F1,23.4,20.00,0.50,0,0,0,1000.0
2026-02-12 15:09:27,F2,20.3,23.00,0.50,0,1,0,1000.0
2026-02-12 15:09:27,F3,27.8,20.00,0.50,0,0,0,1000.0
2026-02-12 15:09:29,F1,23.4,20.00,0.50,0,0,0,1000.0
2026-02-12 15:09:30,F2,20.3,23.00,0.50,0,1,0,1000.0
2026-02-12 15:09:31,F3,27.8,20.00,0.50,0,0,0,1000.0
2026-02-12 15:09:33,F1,23.4,20.00,0.50,0,0,0,1000.0
2026-02-12 15:09:33,F2,20.3,23.00,0.50,0,1,0,1000.0
2026-02-12 15:09:34,F3,27.9,20.00,0.50,0,0,0,1000.0
2026-02-12 15:09:36,F1,23.4,20.00,0.50,0,0,0,1000.0
2026-02-12 15:09:37,F2,20.3,23.00,0.50,0,1,0,1000.0
2026-02-12 15:09:38,F3,27.9,20.00,0.50,0,0,0,1000.0
2026-02-12 15:09:39,F1,23.4,20.00,0.50,0,0,0,1000.0
2026-02-12 15:09:40,F2,20.3,23.00,0.50,0,1,0,1000.0
2026-02-12 15:09:41,F3,27.8,20.00,0.50,0,0,0,1000.0
2026-02-12 15:09:43,F1,23.4,20.00,0.50,0,0,0,1000.0
2026-02-12 15:09:44,F2,20.3,23.00,0.50,0,1,0,1000.0
2026-02-12 15:09:44,F3,27.9,20.00,0.50,0,0,0,1000.0
2026-02-12 15:09:46,F1,23.4,20.00,0.50,0,0,0,1000.0
2026-02-12 15:09:47,F2,20.4,23.00,0.50,0,1,0,1000.0
2026-02-12 15:09:48,F3,27.8,20.00,0.50,0,0,0,1000.0
2026-02-12 15:09:50,F1,23.4,20.00,0.50,0,0,0,1000.0
2026-02-12 15:09:50,F2,20.3,23.00,0.50,0,1,0,1000.0
2026-02-12 15:09:51,F3,27.8,20.00,0.50,0,0,0,1000.0
2026-02-12 15:09:53,F1,23.4,20.00,0.50,0,0,0,1000.0
2026-02-12 15:09:54,F2,20.4,23.00,0.50,0,1,0,1000.0
2026-02-12 15:09:55,F3,27.9,20.00,0.50,0,0,0,1000.0
2026-02-12 15:09:56,F1,23.4,20.00,0.50,0,0,0,1000.0
2026-02-12 15:09:57,F2,20.4,23.00,0.50,0,1,0,1000.0
2026-02-12 15:09:58,F3,27.9,20.00,0.50,0,0,0,1000.0
2026-02-12 15:10:00,F1,23.5,20.00,0.50,0,0,0,1000.0
2026-02-12 15:10:01,F2,20.4,23.00,0.50,0,1,0,1000.0
2026-02-12 15:10:02,F3,27.9,20.00,0.50,0,0,0,1000.0
2026-02-12 15:10:03,F1,23.5,20.00,0.50,0,0,0,1000.0
2026-02-12 15:10:04,F2,20.4,23.00,0.50,0,1,0,1000.0
2026-02-12 15:10:05,F3,27.9,20.00,0.50,0,0,0,1000.0
2026-02-12 15:10:07,F1,23.5,20.00,0.50,0,0,0,1000.0
2026-02-12 15:10:08,F2,20.4,23.00,0.50,0,1,0,1000.0
2026-02-12 15:10:08,F3,27.9,20.00,0.50,0,0,0,1000.0
2026-02-12 15:10:10,F1,23.6,20.00,0.50,0,0,0,1000.0
2026-02-12 15:10:11,F2,20.4,23.00,0.50,0,1,0,1000.0
2026-02-12 15:10:12,F3,27.9,20.00,0.50,0,0,0,1000.0
2026-02-12 15:10:14,F1,23.6,20.00,0.50,0,0,0,1000.0
2026-02-12 15:10:14,F2,20.5,23.00,0.50,0,1,0,1000.0
2026-02-12 15:10:15,F3,27.9,20.00,0.50,0,0,0,1000.0
2026-02-12 15:10:17,F1,23.6,20.00,0.50,0,0,0,1000.0
2026-02-12 15:10:18,F2,20.5,23.00,0.50,0,1,0,1000.0
2026-02-12 15:10:19,F3,27.9,20.00,0.50,0,0,0,1000.0
2026-02-12 15:10:20,F1,23.6,20.00,0.50,0,0,0,1000.0
2026-02-12 15:10:21,F2,20.6,23.00,0.50,0,1,0,1000.0
2026-02-12 15:10:22,F3,27.8,20.00,0.50,0,0,0,1000.0
2026-02-12 15:10:24,F1,23.6,20.00,0.50,0,0,0,1000.0
2026-02-12 15:10:25,F2,20.6,23.00,0.50,0,1,0,1000.0
2026-02-12 15:10:25,F3,27.8,20.00,0.50,0,0,0,1000.0
2026-02-12 15:10:27,F1,23.7,20.00,0.50,0,0,0,1000.0
2026-02-12 15:10:28,F2,20.6,23.00,0.50,0,1,0,1000.0
2026-02-12 15:10:29,F3,27.8,20.00,0.50,0,0,0,1000.0
2026-02-12 15:10:31,F1,23.7,20.00,0.50,0,0,0,1000.0
2026-02-12 15:10:31,F2,20.6,23.00,0.50,0,1,0,1000.0
2026-02-12 15:10:32,F3,27.8,20.00,0.50,0,0,0,1000.0
2026-02-12 15:10:34,F1,23.7,20.00,0.50,0,0,0,1000.0
2026-02-12 15:10:35,F2,20.6,23.00,0.50,0,1,0,1000.0
2026-02-12 15:10:36,F3,27.8,20.00,0.50,0,0,0,1000.0
2026-02-12 15:10:37,F1,23.8,20.00,0.50,0,0,0,1000.0
2026-02-12 15:10:38,F2,20.6,23.00,0.50,0,1,0,1000.0
2026-02-12 15:10:39,F3,27.8,20.00,0.50,0,0,0,1000.0
2026-02-12 15:10:41,F1,23.8,20.00,0.50,0,0,0,1000.0
2026-02-12 15:10:42,F2,20.6,23.00,0.50,0,1,0,1000.0
2026-02-12 15:10:43,F3,27.8,20.00,0.50,0,0,0,1000.0
2026-02-12 15:10:44,F1,23.8,20.00,0.50,0,0,0,1000.0
2026-02-12 15:10:45,F2,20.7,23.00,0.50,0,1,0,1000.0
2026-02-12 15:10:46,F3,27.8,20.00,0.50,0,0,0,1000.0
2026-02-12 15:10:48,F1,23.8,20.00,0.50,0,0,0,1000.0
2026-02-12 15:10:48,F2,20.7,23.00,0.50,0,1,0,1000.0
2026-02-12 15:10:49,F3,27.8,20.00,0.50,0,0,0,1000.0
2026-02-12 15:10:51,F1,23.8,20.00,0.50,0,0,0,1000.0
2026-02-12 15:10:52,F2,20.8,23.00,0.50,0,1,0,1000.0
2026-02-12 15:10:53,F3,27.8,20.00,0.50,0,0,0,1000.0
2026-02-12 15:10:55,F1,23.8,20.00,0.50,0,0,0,1000.0
2026-02-12 15:10:55,F2,20.8,23.00,0.50,0,1,0,1000.0
2026-02-12 15:10:56,F3,27.7,20.00,0.50,0,0,0,1000.0
2026-02-12 15:10:58,F1,23.8,20.00,0.50,0,0,0,1000.0
2026-02-12 15:10:59,F2,20.8,23.00,0.50,0,1,0,1000.0
2026-02-12 15:11:00,F3,27.7,20.00,0.50,0,0,0,1000.0
2026-02-12 15:11:01,F1,23.9,20.00,0.50,0,0,0,1000.0
2026-02-12 15:11:02,F2,20.8,23.00,0.50,0,1,0,1000.0
2026-02-12 15:11:03,F3,27.7,20.00,0.50,0,0,0,1000.0
2026-02-12 15:11:05,F1,23.8,20.00,0.50,0,0,0,1000.0
2026-02-12 15:11:06,F2,20.9,23.00,0.50,0,1,0,1000.0
2026-02-12 15:11:06,F3,27.7,20.00,0.50,0,0,0,1000.0
2026-02-12 15:11:08,F1,23.9,20.00,0.50,0,0,0,1000.0
2026-02-12 15:11:09,F2,20.9,23.00,0.50,0,1,0,1000.0
2026-02-12 15:11:10,F3,27.7,20.00,0.50,0,0,0,1000.0
2026-02-12 15:11:12,F1,23.9,20.00,0.50,0,0,0,1000.0
2026-02-12 15:11:12,F2,20.9,23.00,0.50,0,1,0,1000.0
2026-02-12 15:11:13,F3,27.7,20.00,0.50,0,0,0,1000.0
2026-02-12 15:11:15,F1,23.9,20.00,0.50,0,0,0,1000.0
2026-02-12 15:11:16,F2,20.9,23.00,0.50,0,1,0,1000.0
2026-02-12 15:11:17,F3,27.6,20.00,0.50,0,0,0,1000.0
2026-02-12 15:11:18,F1,23.9,20.00,0.50,0,0,0,1000.0
2026-02-12 15:11:19,F2,20.9,23.00,0.50,0,1,0,1000.0
2026-02-12 15:11:20,F3,27.6,20.00,0.50,0,0,0,1000.0
2026-02-12 15:11:22,F1,23.9,20.00,0.50,0,0,0,1000.0
2026-02-12 15:11:23,F2,21.0,23.00,0.50,0,1,0,1000.0
2026-02-12 15:11:23,F3,27.6,20.00,0.50,0,0,0,1000.0
2026-02-12 15:11:25,F1,23.9,20.00,0.50,0,0,0,1000.0
2026-02-12 15:11:26,F2,21.0,23.00,0.50,0,1,0,1000.0
2026-02-12 15:11:27,F3,27.6,20.00,0.50,0,0,0,1000.0
2026-02-12 15:11:29,F1,24.0,20.00,0.50,0,0,0,1000.0
2026-02-12 15:11:30,F2,21.0,23.00,0.50,0,1,0,1000.0
2026-02-12 15:11:30,F3,27.6,20.00,0.50,0,0,0,1000.0
2026-02-12 15:11:32,F1,24.0,20.00,0.50,0,0,0,1000.0
2026-02-12 15:11:33,F2,21.0,23.00,0.50,0,1,0,1000.0
2026-02-12 15:11:34,F3,27.6,20.00,0.50,0,0,0,1000.0
2026-02-12 15:11:36,F1,24.0,20.00,0.50,0,0,0,1000.0
2026-02-12 15:11:36,F2,21.1,23.00,0.50,0,1,0,1000.0
2026-02-12 15:11:37,F3,27.5,20.00,0.50,0,0,0,1000.0
2026-02-12 15:11:39,F1,24.0,20.00,0.50,0,0,0,1000.0
2026-02-12 15:11:40,F2,21.1,23.00,0.50,0,1,0,1000.0
2026-02-12 15:11:41,F3,27.6,20.00,0.50,0,0,0,1000.0
2026-02-12 15:11:42,F1,24.0,20.00,0.50,0,0,0,1000.0
2026-02-12 15:11:43,F2,21.1,23.00,0.50,0,1,0,1000.0
2026-02-12 15:11:44,F3,27.5,20.00,0.50,0,0,0,1000.0
2026-02-12 15:11:46,F1,24.1,20.00,0.50,0,0,0,1000.0
2026-02-12 15:11:47,F2,21.1,23.00,0.50,0,1,0,1000.0
2026-02-12 15:11:47,F3,27.4,20.00,0.50,0,0,0,1000.0
2026-02-12 15:11:49,F1,24.0,20.00,0.50,0,0,0,1000.0
2026-02-12 15:11:50,F2,21.2,23.00,0.50,0,1,0,1000.0
2026-02-12 15:11:51,F3,27.4,20.00,0.50,0,0,0,1000.0
2026-02-12 15:11:53,F1,24.0,20.00,0.50,0,0,0,1000.0
2026-02-12 15:11:54,F2,21.2,23.00,0.50,0,1,0,1000.0
2026-02-12 15:11:54,F3,27.4,20.00,0.50,0,0,0,1000.0
2026-02-12 15:11:56,F1,24.1,20.00,0.50,0,0,0,1000.0
2026-02-12 15:11:57,F2,21.2,23.00,0.50,0,1,0,1000.0
2026-02-12 15:11:58,F3,27.4,20.00,0.50,0,0,0,1000.0
2026-02-12 15:12:00,F1,24.1,20.00,0.50,0,0,0,1000.0
2026-02-12 15:12:00,F2,21.3,23.00,0.50,0,1,0,1000.0
2026-02-12 15:12:01,F3,27.4,20.00,0.50,0,0,0,1000.0
2026-02-12 15:12:03,F1,24.1,20.00,0.50,0,0,0,1000.0
2026-02-12 15:12:04,F2,21.3,23.00,0.50,0,1,0,1000.0
2026-02-12 15:12:05,F3,27.4,20.00,0.50,0,0,0,1000.0
2026-02-12 15:12:06,F1,24.1,20.00,0.50,0,0,0,1000.0
2026-02-12 15:12:07,F2,21.4,23.00,0.50,0,1,0,1000.0
2026-02-12 15:12:08,F3,27.4,20.00,0.50,0,0,0,1000.0
2026-02-12 15:12:10,F1,24.1,20.00,0.50,0,0,0,1000.0
2026-02-12 15:12:11,F2,21.4,23.00,0.50,0,1,0,1000.0
2026-02-12 15:12:11,F3,27.4,20.00,0.50,0,0,0,1000.0
2026-02-12 15:12:13,F1,24.1,20.00,0.50,0,0,0,1000.0
2026-02-12 15:12:14,F2,21.4,23.00,0.50,0,1,0,1000.0
2026-02-12 15:12:15,F3,27.4,20.00,0.50,0,0,0,1000.0
2026-02-12 15:12:17,F1,24.1,20.00,0.50,0,0,0,1000.0
2026-02-12 15:12:17,F2,21.4,23.00,0.50,0,1,0,1000.0
2026-02-12 15:12:18,F3,27.4,20.00,0.50,0,0,0,1000.0
2026-02-12 15:12:20,F1,24.1,20.00,0.50,0,0,0,1000.0
2026-02-12 15:12:21,F2,21.4,23.00,0.50,0,1,0,1000.0
2026-02-12 15:12:22,F3,27.4,20.00,0.50,0,0,0,1000.0
2026-02-12 15:12:23,F1,24.1,20.00,0.50,0,0,0,1000.0
2026-02-12 15:12:24,F2,21.4,23.00,0.50,0,1,0,1000.0
2026-02-12 15:12:25,F3,27.4,20.00,0.50,0,0,0,1000.0
2026-02-12 15:12:27,F1,24.1,20.00,0.50,0,0,0,1000.0
2026-02-12 15:12:28,F2,21.4,23.00,0.50,0,1,0,1000.0
2026-02-12 15:12:28,F3,27.4,20.00,0.50,0,0,0,1000.0
2026-02-12 15:12:30,F1,24.1,20.00,0.50,0,0,0,1000.0
2026-02-12 15:12:31,F2,21.5,23.00,0.50,0,1,0,1000.0
2026-02-12 15:12:32,F3,27.4,20.00,0.50,0,0,0,1000.0
2026-02-12 15:12:34,F1,24.1,20.00,0.50,0,0,0,1000.0
2026-02-12 15:12:35,F2,21.5,23.00,0.50,0,1,0,1000.0
2026-02-12 15:12:35,F3,27.4,20.00,0.50,0,0,0,1000.0
2026-02-12 15:12:37,F1,24.1,20.00,0.50,0,0,0,1000.0
2026-02-12 15:12:38,F2,21.6,23.00,0.50,0,1,0,1000.0
2026-02-12 15:12:39,F3,27.4,20.00,0.50,0,0,0,1000.0
2026-02-12 15:12:41,F1,24.1,20.00,0.50,0,0,0,1000.0
2026-02-12 15:12:41,F2,21.6,23.00,0.50,0,1,0,1000.0
2026-02-12 15:12:42,F3,27.4,20.00,0.50,0,0,0,1000.0
2026-02-12 15:12:44,F1,24.1,20.00,0.50,0,0,0,1000.0
2026-02-12 15:12:45,F2,21.6,23.00,0.50,0,1,0,1000.0
2026-02-12 15:12:46,F3,27.4,20.00,0.50,0,0,0,1000.0
2026-02-12 15:12:47,F1,24.1,20.00,0.50,0,0,0,1000.0
2026-02-12 15:12:48,F2,21.6,23.00,0.50,0,1,0,1000.0
2026-02-12 15:12:49,F3,27.4,20.00,0.50,0,0,0,1000.0
2026-02-12 15:12:51,F1,24.1,20.00,0.50,0,0,0,1000.0
2026-02-12 15:12:52,F2,21.6,23.00,0.50,0,1,0,1000.0
2026-02-12 15:12:52,F3,27.4,20.00,0.50,0,0,0,1000.0
2026-02-12 15:12:54,F1,24.1,20.00,0.50,0,0,0,1000.0
2026-02-12 15:12:55,F2,21.7,23.00,0.50,0,1,0,1000.0
2026-02-12 15:12:56,F3,27.4,20.00,0.50,0,0,0,1000.0
2026-02-12 15:12:58,F1,24.1,20.00,0.50,0,0,0,1000.0
2026-02-12 15:12:59,F2,21.7,23.00,0.50,0,1,0,1000.0
2026-02-12 15:12:59,F3,27.4,20.00,0.50,0,0,0,1000.0
2026-02-12 15:13:01,F1,24.1,20.00,0.50,0,0,0,1000.0
2026-02-12 15:13:02,F2,21.8,23.00,0.50,0,1,0,1000.0
2026-02-12 15:13:03,F3,27.4,20.00,0.50,0,0,0,1000.0
2026-02-12 15:13:05,F1,24.1,20.00,0.50,0,0,0,1000.0
2026-02-12 15:13:05,F2,21.7,23.00,0.50,0,1,0,1000.0
2026-02-12 15:13:06,F3,27.4,20.00,0.50,0,0,0,1000.0
2026-02-12 15:13:08,F1,24.1,20.00,0.50,0,0,0,1000.0
2026-02-12 15:13:09,F2,21.8,23.00,0.50,0,1,0,1000.0
2026-02-12 15:13:10,F3,27.4,20.00,0.50,0,0,0,1000.0
2026-02-12 15:13:11,F1,24.1,20.00,0.50,0,0,0,1000.0
2026-02-12 15:13:12,F2,21.8,23.00,0.50,0,1,0,1000.0
2026-02-12 15:13:13,F3,27.4,20.00,0.50,0,0,0,1000.0
2026-02-12 15:13:15,F1,24.1,20.00,0.50,0,0,0,1000.0
2026-02-12 15:13:16,F2,21.8,23.00,0.50,0,1,0,1000.0
2026-02-12 15:13:16,F3,27.4,20.00,0.50,0,0,0,1000.0
2026-02-12 15:13:18,F1,24.1,20.00,0.50,0,0,0,1000.0
2026-02-12 15:13:19,F2,21.8,23.00,0.50,0,1,0,1000.0
2026-02-12 15:13:20,F3,27.4,20.00,0.50,0,0,0,1000.0
2026-02-12 15:13:22,F1,24.1,20.00,0.50,0,0,0,1000.0
2026-02-12 15:13:22,F2,21.9,23.00,0.50,0,1,0,1000.0
2026-02-12 15:13:23,F3,27.4,20.00,0.50,0,0,0,1000.0
2026-02-12 15:13:25,F1,24.1,20.00,0.50,0,0,0,1000.0
2026-02-12 15:13:26,F2,21.9,23.00,0.50,0,1,0,1000.0
2026-02-12 15:13:27,F3,27.4,20.00,0.50,0,0,0,1000.0
2026-02-12 15:13:28,F1,24.1,20.00,0.50,0,0,0,1000.0
2026-02-12 15:13:29,F2,21.9,23.00,0.50,0,1,0,1000.0
2026-02-12 15:13:30,F3,27.4,20.00,0.50,0,0,0,1000.0
2026-02-12 15:13:32,F1,24.1,20.00,0.50,0,0,0,1000.0
2026-02-12 15:13:33,F2,21.9,23.00,0.50,0,1,0,1000.0
2026-02-12 15:13:33,F3,27.4,20.00,0.50,0,0,0,1000.0
2026-02-12 15:13:35,F1,24.1,20.00,0.50,0,0,0,1000.0
2026-02-12 15:13:36,F2,21.9,23.00,0.50,0,1,0,1000.0
2026-02-12 15:13:37,F3,27.4,20.00,0.50,0,0,0,1000.0
2026-02-12 15:13:39,F1,24.1,20.00,0.50,0,0,0,1000.0
2026-02-12 15:13:39,F2,22.0,23.00,0.50,0,1,0,1000.0
2026-02-12 15:13:40,F3,27.3,20.00,0.50,0,0,0,1000.0
2026-02-12 15:13:42,F1,24.1,20.00,0.50,0,0,0,1000.0
2026-02-12 15:13:43,F2,22.0,23.00,0.50,0,1,0,1000.0
2026-02-12 15:13:44,F3,27.4,20.00,0.50,0,0,0,1000.0
2026-02-12 15:13:45,F1,24.1,20.00,0.50,0,0,0,1000.0
2026-02-12 15:13:46,F2,22.0,23.00,0.50,0,1,0,1000.0
2026-02-12 15:13:47,F3,27.4,20.00,0.50,0,0,0,1000.0
2026-02-12 15:13:49,F1,24.1,20.00,0.50,0,0,0,1000.0
2026-02-12 15:13:50,F2,22.0,23.00,0.50,0,1,0,1000.0
2026-02-12 15:13:50,F3,27.4,20.00,0.50,0,0,0,1000.0
2026-02-12 15:13:52,F1,24.1,20.00,0.50,0,0,0,1000.0
2026-02-12 15:13:53,F2,22.1,23.00,0.50,0,1,0,1000.0
2026-02-12 15:13:54,F3,27.4,20.00,0.50,0,0,0,1000.0
2026-02-12 15:13:56,F1,24.1,20.00,0.50,0,0,0,1000.0
2026-02-12 15:13:56,F2,22.1,23.00,0.50,0,1,0,1000.0
2026-02-12 15:13:57,F3,27.4,20.00,0.50,0,0,0,1000.0
2026-02-12 15:13:59,F1,24.2,20.00,0.50,0,0,0,1000.0
2026-02-12 15:14:00,F2,22.1,23.00,0.50,0,1,0,1000.0
2026-02-12 15:14:01,F3,27.4,20.00,0.50,0,0,0,1000.0
2026-02-12 15:14:03,F1,24.2,20.00,0.50,0,0,0,1000.0
2026-02-12 15:14:03,F2,22.1,23.00,0.50,0,1,0,1000.0
2026-02-12 15:14:04,F3,27.4,20.00,0.50,0,0,0,1000.0
2026-02-12 15:14:06,F1,24.2,20.00,0.50,0,0,0,1000.0
2026-02-12 15:14:07,F2,22.2,23.00,0.50,0,1,0,1000.0
2026-02-12 15:14:08,F3,27.4,20.00,0.50,0,0,0,1000.0
2026-02-12 15:14:09,F1,24.2,20.00,0.50,0,0,0,1000.0
2026-02-12 15:14:10,F2,22.2,23.00,0.50,0,1,0,1000.0
2026-02-12 15:14:11,F3,27.4,20.00,0.50,0,0,0,1000.0
2026-02-12 15:14:13,F1,24.1,20.00,0.50,0,0,0,1000.0
2026-02-12 15:14:14,F2,22.2,23.00,0.50,0,1,0,1000.0
2026-02-12 15:14:14,F3,27.4,20.00,0.50,0,0,0,1000.0
2026-02-12 15:14:16,F1,24.1,20.00,0.50,0,0,0,1000.0
2026-02-12 15:14:17,F2,22.2,23.00,0.50,0,1,0,1000.0
2026-02-12 15:14:18,F3,27.3,20.00,0.50,0,0,0,1000.0
2026-02-12 15:14:20,F1,24.2,20.00,0.50,0,0,0,1000.0
2026-02-12 15:14:20,F2,22.2,23.00,0.50,0,1,0,1000.0
2026-02-12 15:14:21,F3,27.4,20.00,0.50,0,0,0,1000.0
2026-02-12 15:14:23,F1,24.2,20.00,0.50,0,0,0,1000.0
2026-02-12 15:14:24,F2,22.3,23.00,0.50,0,1,0,1000.0
2026-02-12 15:14:25,F3,27.4,20.00,0.50,0,0,0,1000.0
2026-02-12 15:14:27,F1,24.2,20.00,0.50,0,0,0,1000.0
2026-02-12 15:14:27,F2,22.3,23.00,0.50,0,1,0,1000.0
2026-02-12 15:14:28,F3,27.3,20.00,0.50,0,0,0,1000.0
2026-02-12 15:14:30,F1,24.2,20.00,0.50,0,0,0,1000.0
2026-02-12 15:14:31,F2,22.3,23.00,0.50,0,1,0,1000.0
2026-02-12 15:14:32,F3,27.3,20.00,0.50,0,0,0,1000.0
2026-02-12 15:14:33,F1,24.2,20.00,0.50,0,0,0,1000.0
2026-02-12 15:14:34,F2,22.3,23.00,0.50,0,1,0,1000.0
2026-02-12 15:14:35,F3,27.3,20.00,0.50,0,0,0,1000.0
2026-02-12 15:14:37,F1,24.2,20.00,0.50,0,0,0,1000.0
2026-02-12 15:14:38,F2,22.4,23.00,0.50,0,1,0,1000.0
2026-02-12 15:14:39,F3,27.3,20.00,0.50,0,0,0,1000.0
2026-02-12 15:14:40,F1,24.2,20.00,0.50,0,0,0,1000.0
2026-02-12 15:14:41,F2,22.4,23.00,0.50,0,1,0,1000.0
2026-02-12 15:14:42,F3,27.3,20.00,0.50,0,0,0,1000.0
2026-02-12 15:14:44,F1,24.2,20.00,0.50,0,0,0,1000.0
2026-02-12 15:14:44,F2,22.4,23.00,0.50,0,1,0,1000.0
2026-02-12 15:14:45,F3,27.3,20.00,0.50,0,0,0,1000.0
2026-02-12 15:14:47,F1,24.2,20.00,0.50,0,0,0,1000.0
2026-02-12 15:14:48,F2,22.4,23.00,0.50,0,1,0,1000.0
2026-02-12 15:14:49,F3,27.2,20.00,0.50,0,0,0,1000.0
2026-02-12 15:14:51,F1,24.2,20.00,0.50,0,0,0,1000.0
2026-02-12 15:14:51,F2,22.4,23.00,0.50,0,1,0,1000.0
2026-02-12 15:14:52,F3,27.3,20.00,0.50,0,0,0,1000.0
2026-02-12 15:14:54,F1,24.2,20.00,0.50,0,0,0,1000.0
2026-02-12 15:14:55,F2,22.4,23.00,0.50,0,1,0,1000.0
2026-02-12 15:14:55,F3,27.3,20.00,0.50,0,0,0,1000.0
2026-02-12 15:14:57,F1,24.2,20.00,0.50,0,0,0,1000.0
2026-02-12 15:14:58,F2,22.4,23.00,0.50,0,1,0,1000.0
2026-02-12 15:14:59,F3,27.3,20.00,0.50,0,0,0,1000.0
2026-02-12 15:15:01,F1,24.2,20.00,0.50,0,0,0,1000.0
2026-02-12 15:15:02,F2,22.4,23.00,0.50,0,1,0,1000.0
2026-02-12 15:15:02,F3,27.3,20.00,0.50,0,0,0,1000.0
2026-02-12 15:15:04,F1,24.2,20.00,0.50,0,0,0,1000.0
2026-02-12 15:15:05,F2,22.5,23.00,0.50,0,1,0,1000.0
2026-02-12 15:15:06,F3,27.3,20.00,0.50,0,0,0,1000.0
2026-02-12 15:15:08,F1,24.2,20.00,0.50,0,0,0,1000.0
2026-02-12 15:15:08,F2,22.4,23.00,0.50,0,1,0,1000.0
2026-02-12 15:15:09,F3,27.3,20.00,0.50,0,0,0,1000.0
2026-02-12 15:15:11,F1,24.2,20.00,0.50,0,0,0,1000.0
2026-02-12 15:15:12,F2,22.4,23.00,0.50,0,1,0,1000.0
2026-02-12 15:15:13,F3,27.2,20.00,0.50,0,0,0,1000.0
2026-02-12 15:15:14,F1,24.3,20.00,0.50,0,0,0,1000.0
2026-02-12 15:15:15,F2,22.5,23.00,0.50,0,1,0,1000.0
2026-02-12 15:15:16,F3,27.2,20.00,0.50,0,0,0,1000.0
2026-02-12 15:15:18,F1,24.3,20.00,0.50,0,0,0,1000.0
2026-02-12 15:15:19,F2,22.5,23.00,0.50,0,1,0,1000.0
2026-02-12 15:15:19,F3,27.2,20.00,0.50,0,0,0,1000.0
2026-02-12 15:15:21,F1,24.3,20.00,0.50,0,0,0,1000.0
2026-02-12 15:15:22,F2,22.6,23.00,0.50,0,1,0,1000.0
2026-02-12 15:15:23,F3,27.2,20.00,0.50,0,0,0,1000.0
2026-02-12 15:15:25,F1,24.3,20.00,0.50,0,0,0,1000.0
2026-02-12 15:15:25,F2,22.6,23.00,0.50,0,1,0,1000.0
2026-02-12 15:15:26,F3,27.2,20.00,0.50,0,0,0,1000.0
2026-02-12 15:15:28,F1,24.3,20.00,0.50,0,0,0,1000.0
2026-02-12 15:15:29,F2,22.6,23.00,0.50,0,1,0,1000.0
2026-02-12 15:15:30,F3,27.2,20.00,0.50,0,0,0,1000.0
2026-02-12 15:15:32,F1,24.3,20.00,0.50,0,0,0,1000.0
2026-02-12 15:15:32,F2,22.6,23.00,0.50,0,1,0,1000.0
2026-02-12 15:15:33,F3,27.2,20.00,0.50,0,0,0,1000.0
2026-02-12 15:15:35,F1,24.3,20.00,0.50,0,0,0,1000.0
2026-02-12 15:15:36,F2,22.6,23.00,0.50,0,1,0,1000.0
2026-02-12 15:15:37,F3,27.2,20.00,0.50,0,0,0,1000.0
2026-02-12 15:15:38,F1,24.3,20.00,0.50,0,0,0,1000.0
2026-02-12 15:15:39,F2,22.6,23.00,0.50,0,1,0,1000.0
2026-02-12 15:15:40,F3,27.2,20.00,0.50,0,0,0,1000.0
2026-02-12 15:15:42,F1,24.4,20.00,0.50,0,0,0,1000.0
2026-02-12 15:15:43,F2,22.6,23.00,0.50,0,1,0,1000.0
2026-02-12 15:15:43,F3,27.2,20.00,0.50,0,0,0,1000.0
2026-02-12 15:15:45,F1,24.4,20.00,0.50,0,0,0,1000.0
2026-02-12 15:15:46,F2,22.6,23.00,0.50,0,1,0,1000.0
2026-02-12 15:15:47,F3,27.2,20.00,0.50,0,0,0,1000.0
2026-02-12 15:15:49,F1,24.4,20.00,0.50,0,0,0,1000.0
2026-02-12 15:15:49,F2,22.6,23.00,0.50,0,1,0,1000.0
2026-02-12 15:15:50,F3,27.2,20.00,0.50,0,0,0,1000.0
2026-02-12 15:15:52,F1,24.4,20.00,0.50,0,0,0,1000.0
2026-02-12 15:15:53,F2,22.6,23.00,0.50,0,1,0,1000.0
2026-02-12 15:15:54,F3,27.2,20.00,0.50,0,0,0,1000.0
2026-02-12 15:15:55,F1,24.4,20.00,0.50,0,0,0,1000.0
2026-02-12 15:15:56,F2,22.7,23.00,0.50,0,1,0,1000.0
2026-02-12 15:15:57,F3,27.2,20.00,0.50,0,0,0,1000.0
2026-02-12 15:15:59,F1,24.4,20.00,0.50,0,0,0,1000.0
2026-02-12 15:16:00,F2,22.7,23.00,0.50,0,1,0,1000.0
2026-02-12 15:16:00,F3,27.2,20.00,0.50,0,0,0,1000.0
2026-02-12 15:16:02,F1,24.4,20.00,0.50,0,0,0,1000.0
2026-02-12 15:16:03,F2,22.7,23.00,0.50,0,1,0,1000.0
2026-02-12 15:16:04,F3,27.1,20.00,0.50,0,0,0,1000.0
2026-02-12 15:16:06,F1,24.4,20.00,0.50,0,0,0,1000.0
2026-02-12 15:16:07,F2,22.8,23.00,0.50,0,1,0,1000.0
2026-02-12 15:16:07,F3,27.1,20.00,0.50,0,0,0,1000.0
2026-02-12 15:16:09,F1,24.4,20.00,0.50,0,0,0,1000.0
2026-02-12 15:16:10,F2,22.7,23.00,0.50,0,1,0,1000.0
2026-02-12 15:16:11,F3,27.1,20.00,0.50,0,0,0,1000.0
2026-02-12 15:16:13,F1,24.4,20.00,0.50,0,0,0,1000.0
2026-02-12 15:16:13,F2,22.8,23.00,0.50,0,1,0,1000.0
2026-02-12 15:16:14,F3,27.1,20.00,0.50,0,0,0,1000.0
2026-02-12 15:16:16,F1,24.4,20.00,0.50,0,0,0,1000.0
2026-02-12 15:16:17,F2,22.8,23.00,0.50,0,1,0,1000.0
2026-02-12 15:16:18,F3,27.2,20.00,0.50,0,0,0,1000.0
2026-02-12 15:16:19,F1,24.4,20.00,0.50,0,0,0,1000.0
2026-02-12 15:16:20,F2,22.8,23.00,0.50,0,1,0,1000.0
2026-02-12 15:16:21,F3,27.1,20.00,0.50,0,0,0,1000.0
2026-02-12 15:16:23,F1,24.3,20.00,0.50,0,0,0,1000.0
2026-02-12 15:16:24,F2,22.8,23.00,0.50,0,1,0,1000.0
2026-02-12 15:16:25,F3,27.2,20.00,0.50,0,0,0,1000.0
2026-02-12 15:16:26,F1,24.4,20.00,0.50,0,0,0,1000.0
2026-02-12 15:16:27,F2,22.8,23.00,0.50,0,1,0,1000.0
2026-02-12 15:16:28,F3,27.2,20.00,0.50,0,0,0,1000.0
2026-02-12 15:16:30,F1,24.3,20.00,0.50,0,0,0,1000.0
2026-02-12 15:16:31,F2,22.8,23.00,0.50,0,1,0,1000.0
2026-02-12 15:16:31,F3,27.2,20.00,0.50,0,0,0,1000.0
2026-02-12 15:16:33,F1,24.4,20.00,0.50,0,0,0,1000.0
2026-02-12 15:16:34,F2,22.9,23.00,0.50,0,1,0,1000.0
2026-02-12 15:16:35,F3,27.2,20.00,0.50,0,0,0,1000.0
2026-02-12 15:16:37,F1,24.4,20.00,0.50,0,0,0,1000.0
2026-02-12 15:16:37,F2,22.9,23.00,0.50,0,1,0,1000.0
2026-02-12 15:16:38,F3,27.2,20.00,0.50,0,0,0,1000.0
2026-02-12 15:16:40,F1,24.4,20.00,0.50,0,0,0,1000.0
2026-02-12 15:16:41,F2,22.9,23.00,0.50,0,1,0,1000.0
2026-02-12 15:16:42,F3,27.2,20.00,0.50,0,0,0,1000.0
2026-02-12 15:16:44,F1,24.4,20.00,0.50,0,0,0,1000.0
2026-02-12 15:16:45,F2,22.9,23.00,0.50,0,1,0,1000.0
2026-02-12 15:16:45,F3,27.2,20.00,0.50,0,0,0,1000.0
2026-02-12 15:16:47,F1,24.4,20.00,0.50,0,0,0,1000.0
2026-02-12 15:16:48,F2,22.9,23.00,0.50,0,1,0,1000.0
2026-02-12 15:16:49,F3,27.2,20.00,0.50,0,0,0,1000.0
2026-02-12 15:16:51,F1,24.4,20.00,0.50,0,0,0,1000.0
2026-02-12 15:16:51,F2,22.9,23.00,0.50,0,1,0,1000.0
2026-02-12 15:16:52,F3,27.2,20.00,0.50,0,0,0,1000.0
2026-02-12 15:16:54,F1,24.4,20.00,0.50,0,0,0,1000.0
2026-02-12 15:16:55,F2,22.9,23.00,0.50,0,1,0,1000.0
2026-02-12 15:16:56,F3,27.2,20.00,0.50,0,0,0,1000.0
2026-02-12 15:16:57,F1,24.4,20.00,0.50,0,0,0,1000.0
2026-02-12 15:16:58,F2,23.0,23.00,0.50,0,1,0,1000.0
2026-02-12 15:16:59,F3,27.2,20.00,0.50,0,0,0,1000.0
2026-02-12 15:17:01,F1,24.4,20.00,0.50,0,0,0,1000.0
2026-02-12 15:17:02,F2,23.0,23.00,0.50,0,1,0,1000.0
2026-02-12 15:17:02,F3,27.2,20.00,0.50,0,0,0,1000.0
2026-02-12 15:17:04,F1,24.4,20.00,0.50,0,0,0,1000.0
2026-02-12 15:17:05,F2,23.0,23.00,0.50,0,1,0,1000.0
2026-02-12 15:17:06,F3,27.2,20.00,0.50,0,0,0,1000.0
2026-02-12 15:17:08,F1,24.4,20.00,0.50,0,0,0,1000.0
2026-02-12 15:17:08,F2,23.1,23.00,0.50,0,1,0,1000.0
2026-02-12 15:17:09,F3,27.2,20.00,0.50,0,0,0,1000.0
2026-02-12 15:17:11,F1,24.4,20.00,0.50,0,0,0,1000.0
2026-02-12 15:17:12,F2,23.1,23.00,0.50,0,1,0,1000.0
2026-02-12 15:17:13,F3,27.2,20.00,0.50,0,0,0,1000.0
2026-02-12 15:17:14,F1,24.4,20.00,0.50,0,0,0,1000.0
2026-02-12 15:17:15,F2,23.1,23.00,0.50,0,1,0,1000.0
2026-02-12 15:17:16,F3,27.2,20.00,0.50,0,0,0,1000.0
2026-02-12 15:17:18,F1,24.3,20.00,0.50,0,0,0,1000.0
2026-02-12 15:17:19,F2,23.1,23.00,0.50,0,1,0,1000.0
2026-02-12 15:17:20,F3,27.2,20.00,0.50,0,0,0,1000.0
2026-02-12 15:17:21,F1,24.3,20.00,0.50,0,0,0,1000.0
2026-02-12 15:17:22,F2,23.1,23.00,0.50,0,1,0,1000.0
2026-02-12 15:17:23,F3,27.2,20.00,0.50,0,0,0,1000.0
2026-02-12 15:17:25,F1,24.4,20.00,0.50,0,0,0,1000.0
2026-02-12 15:17:26,F2,23.1,23.00,0.50,0,1,0,1000.0
2026-02-12 15:17:26,F3,27.2,20.00,0.50,0,0,0,1000.0
2026-02-12 15:17:28,F1,24.3,20.00,0.50,0,0,0,1000.0
2026-02-12 15:17:29,F2,23.1,23.00,0.50,0,1,0,1000.0
2026-02-12 15:17:30,F3,27.2,20.00,0.50,0,0,0,1000.0
2026-02-12 15:17:32,F1,24.4,20.00,0.50,0,0,0,1000.0
2026-02-12 15:17:32,F2,23.2,23.00,0.50,0,1,0,1000.0
2026-02-12 15:17:33,F3,27.2,20.00,0.50,0,0,0,1000.0
2026-02-12 15:17:35,F1,24.3,20.00,0.50,0,0,0,1000.0
2026-02-12 15:17:36,F2,23.2,23.00,0.50,0,1,0,1000.0
2026-02-12 15:17:37,F3,27.2,20.00,0.50,0,0,0,1000.0
2026-02-12 15:17:38,F1,24.4,20.00,0.50,0,0,0,1000.0
2026-02-12 15:17:39,F2,23.2,23.00,0.50,0,1,0,1000.0
2026-02-12 15:17:40,F3,27.2,20.00,0.50,0,0,0,1000.0
2026-02-12 15:17:42,F1,24.4,20.00,0.50,0,0,0,1000.0
2026-02-12 15:17:43,F2,23.2,23.00,0.50,0,1,0,1000.0
2026-02-12 15:17:43,F3,27.2,20.00,0.50,0,0,0,1000.0
2026-02-12 15:17:45,F1,24.4,20.00,0.50,0,0,0,1000.0
2026-02-12 15:17:46,F2,23.2,23.00,0.50,0,1,0,1000.0
2026-02-12 15:17:47,F3,27.2,20.00,0.50,0,0,0,1000.0
2026-02-12 15:17:49,F1,24.4,20.00,0.50,0,0,0,1000.0
2026-02-12 15:17:49,F2,23.2,23.00,0.50,0,1,0,1000.0
2026-02-12 15:17:50,F3,27.2,20.00,0.50,0,0,0,1000.0
2026-02-12 15:17:52,F1,24.3,20.00,0.50,0,0,0,1000.0
2026-02-12 15:17:53,F2,23.2,23.00,0.50,0,1,0,1000.0
2026-02-12 15:17:54,F3,27.2,20.00,0.50,0,0,0,1000.0
2026-02-12 15:17:56,F1,24.4,20.00,0.50,0,0,0,1000.0
2026-02-12 15:17:56,F2,23.2,23.00,0.50,0,1,0,1000.0
2026-02-12 15:17:57,F3,27.2,20.00,0.50,0,0,0,1000.0
2026-02-12 15:17:59,F1,24.4,20.00,0.50,0,0,0,1000.0
2026-02-12 15:18:00,F2,23.2,23.00,0.50,0,1,0,1000.0
2026-02-12 15:18:01,F3,27.2,20.00,0.50,0,0,0,1000.0
2026-02-12 15:18:02,F1,24.4,20.00,0.50,0,0,0,1000.0
2026-02-12 15:18:03,F2,23.3,23.00,0.50,0,1,0,1000.0
2026-02-12 15:18:04,F3,27.2,20.00,0.50,0,0,0,1000.0
2026-02-12 15:18:06,F1,24.4,20.00,0.50,0,0,0,1000.0
2026-02-12 15:18:07,F2,23.3,23.00,0.50,0,1,0,1000.0
2026-02-12 15:18:07,F3,27.2,20.00,0.50,0,0,0,1000.0
2026-02-12 15:18:09,F1,24.3,20.00,0.50,0,0,0,1000.0
2026-02-12 15:18:10,F2,23.4,23.00,0.50,0,1,0,1000.0
2026-02-12 15:18:11,F3,27.2,20.00,0.50,0,0,0,1000.0
2026-02-12 15:18:13,F1,24.4,20.00,0.50,0,0,0,1000.0
2026-02-12 15:18:13,F2,23.4,23.00,0.50,0,1,0,1000.0
2026-02-12 15:18:14,F3,27.2,20.00,0.50,0,0,0,1000.0
2026-02-12 15:18:16,F1,24.4,20.00,0.50,0,0,0,1000.0
2026-02-12 15:18:17,F2,23.4,23.00,0.50,0,1,0,1000.0
2026-02-12 15:18:18,F3,27.2,20.00,0.50,0,0,0,1000.0
2026-02-12 15:18:19,F1,24.4,20.00,0.50,0,0,0,1000.0
2026-02-12 15:18:20,F2,23.4,23.00,0.50,0,1,0,1000.0
2026-02-12 15:18:21,F3,27.2,20.00,0.50,0,0,0,1000.0
2026-02-12 15:18:23,F1,24.4,20.00,0.50,0,0,0,1000.0
2026-02-12 15:18:24,F2,23.4,23.00,0.50,0,1,0,1000.0
2026-02-12 15:18:24,F3,27.2,20.00,0.50,0,0,0,1000.0
2026-02-12 15:18:26,F1,24.4,20.00,0.50,0,0,0,1000.0
2026-02-12 15:18:27,F2,23.4,23.00,0.50,0,1,0,1000.0
2026-02-12 15:18:28,F3,27.2,20.00,0.50,0,0,0,1000.0
2026-02-12 15:18:30,F1,24.4,20.00,0.50,0,0,0,1000.0
2026-02-12 15:18:30,F2,23.4,23.00,0.50,0,1,0,1000.0
2026-02-12 15:18:31,F3,27.2,20.00,0.50,0,0,0,1000.0
2026-02-12 15:18:33,F1,24.4,20.00,0.50,0,0,0,1000.0
2026-02-12 15:18:34,F2,23.4,23.00,0.50,0,1,0,1000.0
2026-02-12 15:18:35,F3,27.2,20.00,0.50,0,0,0,1000.0
2026-02-12 15:18:36,F1,24.4,20.00,0.50,0,0,0,1000.0
2026-02-12 15:18:37,F2,23.5,23.00,0.50,1,0,0,1000.0
2026-02-12 15:18:38,F3,27.2,20.00,0.50,0,0,0,1000.0
2026-02-12 15:18:40,F1,24.4,20.00,0.50,0,0,0,1000.0
2026-02-12 15:18:41,F2,23.6,23.00,0.50,1,0,0,1000.0
2026-02-12 15:18:41,F3,27.2,20.00,0.50,0,0,0,1000.0
2026-02-12 15:18:43,F1,24.4,20.00,0.50,0,0,0,1000.0
2026-02-12 15:18:44,F2,23.6,23.00,0.50,1,0,0,1000.0
2026-02-12 15:18:45,F3,27.2,20.00,0.50,0,0,0,1000.0
2026-02-12 15:18:47,F1,24.4,20.00,0.50,0,0,0,1000.0
2026-02-12 15:18:48,F2,23.6,23.00,0.50,1,0,0,1000.0
2026-02-12 15:18:48,F3,27.2,20.00,0.50,0,0,0,1000.0
2026-02-12 15:18:50,F1,24.4,20.00,0.50,0,0,0,1000.0
2026-02-12 15:18:51,F2,23.6,23.00,0.50,1,0,0,1000.0
2026-02-12 15:18:52,F3,27.2,20.00,0.50,0,0,0,1000.0
2026-02-12 15:18:54,F1,24.4,20.00,0.50,0,0,0,1000.0
2026-02-12 15:18:54,F2,23.6,23.00,0.50,1,0,0,1000.0
2026-02-12 15:18:55,F3,27.2,20.00,0.50,0,0,0,1000.0
2026-02-12 15:18:57,F1,24.4,20.00,0.50,0,0,0,1000.0
2026-02-12 15:18:58,F2,23.6,23.00,0.50,1,0,0,1000.0
2026-02-12 15:18:59,F3,27.2,20.00,0.50,0,0,0,1000.0
2026-02-12 15:19:00,F1,24.4,20.00,0.50,0,0,0,1000.0
2026-02-12 15:19:01,F2,23.6,23.00,0.50,1,0,0,1000.0
2026-02-12 15:19:02,F3,27.2,20.00,0.50,0,0,0,1000.0
2026-02-12 15:19:04,F1,24.4,20.00,0.50,0,0,0,1000.0
2026-02-12 15:19:05,F2,23.6,23.00,0.50,1,0,0,1000.0
2026-02-12 15:19:05,F3,27.2,20.00,0.50,0,0,0,1000.0
2026-02-12 15:19:07,F1,24.4,20.00,0.50,0,0,0,1000.0
2026-02-12 15:19:08,F2,23.6,23.00,0.50,1,0,0,1000.0
2026-02-12 15:19:09,F3,27.2,20.00,0.50,0,0,0,1000.0
2026-02-12 15:19:11,F1,24.4,20.00,0.50,0,0,0,1000.0
2026-02-12 15:19:11,F2,23.6,23.00,0.50,1,0,0,1000.0
2026-02-12 15:19:12,F3,27.2,20.00,0.50,0,0,0,1000.0
2026-02-12 15:19:14,F1,24.3,20.00,0.50,0,0,0,1000.0
2026-02-12 15:19:15,F2,23.7,23.00,0.50,1,0,0,1000.0
2026-02-12 15:19:16,F3,27.2,20.00,0.50,0,0,0,1000.0
2026-02-12 15:19:17,F1,24.4,20.00,0.50,0,0,0,1000.0
2026-02-12 15:19:18,F2,23.7,23.00,0.50,1,0,0,1000.0
2026-02-12 15:19:19,F3,27.2,20.00,0.50,0,0,0,1000.0
2026-02-12 15:19:21,F1,24.4,20.00,0.50,0,0,0,1000.0
2026-02-12 15:19:22,F2,23.7,23.00,0.50,1,0,0,1000.0
2026-02-12 15:19:23,F3,27.2,20.00,0.50,0,0,0,1000.0
2026-02-12 15:19:24,F1,24.4,20.00,0.50,0,0,0,1000.0
2026-02-12 15:19:25,F2,23.8,23.00,0.50,1,0,0,1000.0
2026-02-12 15:19:26,F3,27.2,20.00,0.50,0,0,0,1000.0
2026-02-12 15:19:28,F1,24.4,20.00,0.50,0,0,0,1000.0
2026-02-12 15:19:29,F2,23.8,23.00,0.50,1,0,0,1000.0
2026-02-12 15:19:29,F3,27.2,20.00,0.50,0,0,0,1000.0
2026-02-12 15:19:31,F1,24.4,20.00,0.50,0,0,0,1000.0
2026-02-12 15:19:32,F2,23.8,23.00,0.50,1,0,0,1000.0
2026-02-12 15:19:33,F3,27.2,20.00,0.50,0,0,0,1000.0
2026-02-12 15:19:35,F1,24.3,20.00,0.50,0,0,0,1000.0
2026-02-12 15:19:35,F2,23.8,23.00,0.50,1,0,0,1000.0
2026-02-12 15:19:36,F3,27.2,20.00,0.50,0,0,0,1000.0
2026-02-12 15:19:38,F1,24.3,20.00,0.50,0,0,0,1000.0
2026-02-12 15:19:39,F2,23.8,23.00,0.50,1,0,0,1000.0
2026-02-12 15:19:40,F3,27.3,20.00,0.50,0,0,0,1000.0
2026-02-12 15:19:41,F1,24.3,20.00,0.50,0,0,0,1000.0
2026-02-12 15:19:42,F2,23.8,23.00,0.50,1,0,0,1000.0
2026-02-12 15:19:43,F3,27.3,20.00,0.50,0,0,0,1000.0
2026-02-12 15:19:45,F1,24.3,20.00,0.50,0,0,0,1000.0
2026-02-12 15:19:46,F2,23.8,23.00,0.50,1,0,0,1000.0
2026-02-12 15:19:46,F3,27.2,20.00,0.50,0,0,0,1000.0
2026-02-12 15:19:48,F1,24.4,20.00,0.50,0,0,0,1000.0
2026-02-12 15:19:49,F2,23.8,23.00,0.50,1,0,0,1000.0
2026-02-12 15:19:50,F3,27.2,20.00,0.50,0,0,0,1000.0
2026-02-12 15:19:52,F1,24.4,20.00,0.50,0,0,0,1000.0
2026-02-12 15:19:52,F2,23.8,23.00,0.50,1,0,0,1000.0
2026-02-12 15:19:53,F3,27.2,20.00,0.50,0,0,0,1000.0
2026-02-12 15:19:55,F1,24.4,20.00,0.50,0,0,0,1000.0
2026-02-12 15:19:56,F2,23.8,23.00,0.50,1,0,0,1000.0
2026-02-12 15:19:57,F3,27.3,20.00,0.50,0,0,0,1000.0
2026-02-12 15:19:58,F1,24.4,20.00,0.50,0,0,0,1000.0
2026-02-12 15:19:59,F2,23.8,23.00,0.50,1,0,0,1000.0
2026-02-12 15:20:00,F3,27.2,20.00,0.50,0,0,0,1000.0
2026-02-12 15:20:02,F1,24.3,20.00,0.50,0,0,0,1000.0
2026-02-12 15:20:03,F2,23.9,23.00,0.50,1,0,0,1000.0
2026-02-12 15:20:03,F3,27.3,20.00,0.50,0,0,0,1000.0
2026-02-12 15:20:05,F1,24.3,20.00,0.50,0,0,0,1000.0
2026-02-12 15:20:06,F2,23.8,23.00,0.50,1,0,0,1000.0
2026-02-12 15:20:07,F3,27.2,20.00,0.50,0,0,0,1000.0
2026-02-12 15:20:09,F1,24.3,20.00,0.50,0,0,0,1000.0
2026-02-12 15:20:09,F2,23.8,23.00,0.50,1,0,0,1000.0
2026-02-12 15:20:10,F3,27.2,20.00,0.50,0,0,0,1000.0
2026-02-12 15:20:12,F1,24.3,20.00,0.50,0,0,0,1000.0
2026-02-12 15:20:13,F2,23.8,23.00,0.50,1,0,0,1000.0
2026-02-12 15:20:14,F3,27.3,20.00,0.50,0,0,0,1000.0
2026-02-12 15:20:15,F1,24.2,20.00,0.50,0,0,0,1000.0
2026-02-12 15:20:16,F2,23.8,23.00,0.50,1,0,0,1000.0
2026-02-12 15:20:17,F3,27.2,20.00,0.50,0,0,0,1000.0
2026-02-12 15:20:19,F1,24.2,20.00,0.50,0,0,0,1000.0
2026-02-12 15:20:20,F2,23.8,23.00,0.50,1,0,0,1000.0
2026-02-12 15:20:20,F3,27.2,20.00,0.50,0,0,0,1000.0
2026-02-12 15:20:22,F1,24.2,20.00,0.50,0,0,0,1000.0
2026-02-12 15:20:23,F2,23.8,23.00,0.50,1,0,0,1000.0
2026-02-12 15:20:24,F3,27.3,20.00,0.50,0,0,0,1000.0
2026-02-12 15:20:26,F1,24.2,20.00,0.50,0,0,0,1000.0
2026-02-12 15:20:27,F2,23.8,23.00,0.50,1,0,0,1000.0
2026-02-12 15:20:27,F3,27.2,20.00,0.50,0,0,0,1000.0
2026-02-12 15:20:29,F1,24.2,20.00,0.50,0,0,0,1000.0
2026-02-12 15:20:30,F2,23.8,23.00,0.50,1,0,0,1000.0
2026-02-12 15:20:31,F3,27.2,20.00,0.50,0,0,0,1000.0
2026-02-12 15:20:33,F1,24.2,20.00,0.50,0,0,0,1000.0
2026-02-12 15:20:33,F2,23.8,23.00,0.50,1,0,0,1000.0
2026-02-12 15:20:34,F3,27.2,20.00,0.50,0,0,0,1000.0
2026-02-12 15:20:36,F1,24.2,20.00,0.50,0,0,0,1000.0
2026-02-12 15:20:37,F2,23.8,23.00,0.50,1,0,0,1000.0
2026-02-12 15:20:38,F3,27.2,20.00,0.50,0,0,0,1000.0
2026-02-12 15:20:39,F1,24.2,20.00,0.50,0,0,0,1000.0
2026-02-12 15:20:40,F2,23.8,23.00,0.50,1,0,0,1000.0
2026-02-12 15:20:41,F3,27.2,20.00,0.50,0,0,0,1000.0
2026-02-12 15:20:43,F1,24.2,20.00,0.50,0,0,0,1000.0
2026-02-12 15:20:44,F2,23.8,23.00,0.50,1,0,0,1000.0
2026-02-12 15:20:44,F3,27.2,20.00,0.50,0,0,0,1000.0
2026-02-12 15:20:46,F1,24.1,20.00,0.50,0,0,0,1000.0
2026-02-12 15:20:47,F2,23.8,23.00,0.50,1,0,0,1000.0
2026-02-12 15:20:48,F3,27.2,20.00,0.50,0,0,0,1000.0
2026-02-12 15:20:50,F1,24.2,20.00,0.50,0,0,0,1000.0
2026-02-12 15:20:51,F2,23.7,23.00,0.50,1,0,0,1000.0
2026-02-12 15:20:51,F3,27.2,20.00,0.50,0,0,0,1000.0
2026-02-12 15:20:53,F1,24.2,20.00,0.50,0,0,0,1000.0
2026-02-12 15:20:54,F2,23.8,23.00,0.50,1,0,0,1000.0
2026-02-12 15:20:55,F3,27.2,20.00,0.50,0,0,0,1000.0
2026-02-12 15:20:57,F1,24.2,20.00,0.50,0,0,0,1000.0
2026-02-12 15:20:57,F2,23.7,23.00,0.50,1,0,0,1000.0
2026-02-12 15:20:58,F3,27.2,20.00,0.50,0,0,0,1000.0
2026-02-12 15:21:00,F1,24.2,20.00,0.50,0,0,0,1000.0
2026-02-12 15:21:01,F2,23.6,23.00,0.50,1,0,0,1000.0
2026-02-12 15:21:02,F3,27.2,20.00,0.50,0,0,0,1000.0
2026-02-12 15:21:03,F1,24.2,20.00,0.50,0,0,0,1000.0
2026-02-12 15:21:04,F2,23.6,23.00,0.50,1,0,0,1000.0
2026-02-12 15:21:05,F3,27.2,20.00,0.50,0,0,0,1000.0
2026-02-12 15:21:07,F1,24.2,20.00,0.50,0,0,0,1000.0
2026-02-12 15:21:08,F2,23.6,23.00,0.50,1,0,0,1000.0
2026-02-12 15:21:08,F3,27.2,20.00,0.50,0,0,0,1000.0
2026-02-12 15:21:10,F1,24.2,20.00,0.50,0,0,0,1000.0
2026-02-12 15:21:11,F2,23.6,23.00,0.50,1,0,0,1000.0
2026-02-12 15:21:12,F3,27.2,20.00,0.50,0,0,0,1000.0
2026-02-12 15:21:14,F1,24.2,20.00,0.50,0,0,0,1000.0
2026-02-12 15:21:14,F2,23.6,23.00,0.50,1,0,0,1000.0
2026-02-12 15:21:15,F3,27.2,20.00,0.50,0,0,0,1000.0
2026-02-12 15:21:17,F1,24.2,20.00,0.50,0,0,0,1000.0
2026-02-12 15:21:18,F2,23.6,23.00,0.50,1,0,0,1000.0
2026-02-12 15:21:19,F3,27.2,20.00,0.50,0,0,0,1000.0
2026-02-12 15:21:20,F1,24.2,20.00,0.50,0,0,0,1000.0
2026-02-12 15:21:21,F2,23.6,23.00,0.50,1,0,0,1000.0
2026-02-12 15:21:22,F3,27.2,20.00,0.50,0,0,0,1000.0
2026-02-12 15:21:24,F1,24.2,20.00,0.50,0,0,0,1000.0
2026-02-12 15:21:25,F2,23.6,23.00,0.50,1,0,0,1000.0
2026-02-12 15:21:25,F3,27.2,20.00,0.50,0,0,0,1000.0
2026-02-12 15:21:27,F1,24.2,20.00,0.50,0,0,0,1000.0
2026-02-12 15:21:28,F2,23.5,23.00,0.50,1,0,0,1000.0
2026-02-12 15:21:29,F3,27.2,20.00,0.50,0,0,0,1000.0
2026-02-12 15:21:31,F1,24.2,20.00,0.50,0,0,0,1000.0
2026-02-12 15:21:31,F2,23.5,23.00,0.50,1,0,0,1000.0
2026-02-12 15:21:32,F3,27.2,20.00,0.50,0,0,0,1000.0
2026-02-12 15:21:34,F1,24.2,20.00,0.50,0,0,0,1000.0
2026-02-12 15:21:35,F2,23.4,23.00,0.50,1,0,0,1000.0
2026-02-12 15:21:36,F3,27.2,20.00,0.50,0,0,0,1000.0
2026-02-12 15:21:37,F1,24.2,20.00,0.50,0,0,0,1000.0
2026-02-12 15:21:38,F2,23.4,23.00,0.50,1,0,0,1000.0
2026-02-12 15:21:39,F3,27.2,20.00,0.50,0,0,0,1000.0
2026-02-12 15:21:41,F1,24.2,20.00,0.50,0,0,0,1000.0
2026-02-12 15:21:42,F2,23.4,23.00,0.50,1,0,0,1000.0
2026-02-12 15:21:42,F3,27.2,20.00,0.50,0,0,0,1000.0
2026-02-12 15:21:44,F1,24.2,20.00,0.50,0,0,0,1000.0
2026-02-12 15:21:45,F2,23.4,23.00,0.50,1,0,0,1000.0
2026-02-12 15:21:46,F3,27.2,20.00,0.50,0,0,0,1000.0
2026-02-12 15:21:48,F1,24.2,20.00,0.50,0,0,0,1000.0
2026-02-12 15:21:49,F2,23.4,23.00,0.50,1,0,0,1000.0
2026-02-12 15:21:49,F3,27.2,20.00,0.50,0,0,0,1000.0
2026-02-12 15:21:51,F1,24.2,20.00,0.50,0,0,0,1000.0
2026-02-12 15:21:52,F2,23.4,23.00,0.50,1,0,0,1000.0
2026-02-12 15:21:53,F3,27.2,20.00,0.50,0,0,0,1000.0
2026-02-12 15:21:55,F1,24.2,20.00,0.50,0,0,0,1000.0
2026-02-12 15:21:55,F2,23.3,23.00,0.50,1,0,0,1000.0
2026-02-12 15:21:56,F3,27.2,20.00,0.50,0,0,0,1000.0
2026-02-12 15:21:58,F1,24.2,20.00,0.50,0,0,0,1000.0
2026-02-12 15:21:59,F2,23.3,23.00,0.50,1,0,0,1000.0
2026-02-12 15:22:00,F3,27.2,20.00,0.50,0,0,0,1000.0
2026-02-12 15:22:01,F1,24.2,20.00,0.50,0,0,0,1000.0
2026-02-12 15:22:02,F2,23.2,23.00,0.50,1,0,0,1000.0
2026-02-12 15:22:03,F3,27.2,20.00,0.50,0,0,0,1000.0
2026-02-12 15:22:05,F1,24.2,20.00,0.50,0,0,0,1000.0
2026-02-12 15:22:06,F2,23.2,23.00,0.50,1,0,0,1000.0
2026-02-12 15:22:07,F3,27.2,20.00,0.50,0,0,0,1000.0
2026-02-12 15:22:08,F1,24.2,20.00,0.50,0,0,0,1000.0
2026-02-12 15:22:09,F2,23.2,23.00,0.50,1,0,0,1000.0
2026-02-12 15:22:10,F3,27.2,20.00,0.50,0,0,0,1000.0
2026-02-12 15:22:12,F1,24.2,20.00,0.50,0,0,0,1000.0
2026-02-12 15:22:13,F2,23.2,23.00,0.50,1,0,0,1000.0
2026-02-12 15:22:13,F3,27.2,20.00,0.50,0,0,0,1000.0
2026-02-12 15:22:15,F1,24.2,20.00,0.50,0,0,0,1000.0
2026-02-12 15:22:16,F2,23.2,23.00,0.50,1,0,0,1000.0
2026-02-12 15:22:17,F3,27.2,20.00,0.50,0,0,0,1000.0
2026-02-12 15:22:19,F1,24.2,20.00,0.50,0,0,0,1000.0
2026-02-12 15:22:19,F2,23.2,23.00,0.50,1,0,0,1000.0
2026-02-12 15:22:20,F3,27.2,20.00,0.50,0,0,0,1000.0
2026-02-12 15:22:22,F1,24.2,20.00,0.50,0,0,0,1000.0
2026-02-12 15:22:23,F2,23.1,23.00,0.50,1,0,0,1000.0
2026-02-12 15:22:24,F3,27.2,20.00,0.50,0,0,0,1000.0
2026-02-12 15:22:25,F1,24.2,20.00,0.50,0,0,0,1000.0
2026-02-12 15:22:26,F2,23.1,23.00,0.50,1,0,0,1000.0
2026-02-12 15:22:27,F3,27.2,20.00,0.50,0,0,0,1000.0
2026-02-12 15:22:29,F1,24.2,20.00,0.50,0,0,0,1000.0
2026-02-12 15:22:30,F2,23.1,23.00,0.50,1,0,0,1000.0
2026-02-12 15:22:30,F3,27.2,20.00,0.50,0,0,0,1000.0
2026-02-12 15:22:32,F1,24.3,20.00,0.50,0,0,0,1000.0
2026-02-12 15:22:33,F2,23.1,23.00,0.50,1,0,0,1000.0
2026-02-12 15:22:34,F3,27.2,20.00,0.50,0,0,0,1000.0
2026-02-12 15:22:36,F1,24.3,20.00,0.50,0,0,0,1000.0
2026-02-12 15:22:36,F2,23.1,23.00,0.50,1,0,0,1000.0
2026-02-12 15:22:37,F3,27.2,20.00,0.50,0,0,0,1000.0
2026-02-12 15:22:39,F1,24.2,20.00,0.50,0,0,0,1000.0
2026-02-12 15:22:40,F2,23.1,23.00,0.50,1,0,0,1000.0
2026-02-12 15:22:41,F3,27.2,20.00,0.50,0,0,0,1000.0
2026-02-12 15:22:42,F1,24.3,20.00,0.50,0,0,0,1000.0
2026-02-12 15:22:43,F2,23.1,23.00,0.50,1,0,0,1000.0
2026-02-12 15:22:44,F3,27.3,20.00,0.50,0,0,0,1000.0
2026-02-12 15:22:46,F1,24.3,20.00,0.50,0,0,0,1000.0
2026-02-12 15:22:47,F2,23.0,23.00,0.50,1,0,0,1000.0
2026-02-12 15:22:47,F3,27.3,20.00,0.50,0,0,0,1000.0
2026-02-12 15:22:49,F1,24.3,20.00,0.50,0,0,0,1000.0
2026-02-12 15:22:50,F2,23.0,23.00,0.50,1,0,0,1000.0
2026-02-12 15:22:51,F3,27.3,20.00,0.50,0,0,0,1000.0
2026-02-12 15:22:53,F1,24.3,20.00,0.50,0,0,0,1000.0
2026-02-12 15:22:53,F2,23.0,23.00,0.50,1,0,0,1000.0
2026-02-12 15:22:54,F3,27.2,20.00,0.50,0,0,0,1000.0
2026-02-12 15:22:56,F1,24.3,20.00,0.50,0,0,0,1000.0
2026-02-12 15:22:57,F2,22.9,23.00,0.50,1,0,0,1000.0
2026-02-12 15:22:58,F3,27.2,20.00,0.50,0,0,0,1000.0
2026-02-12 15:23:00,F1,24.3,20.00,0.50,0,0,0,1000.0
2026-02-12 15:23:00,F2,22.9,23.00,0.50,1,0,0,1000.0
2026-02-12 15:23:01,F3,27.3,20.00,0.50,0,0,0,1000.0
2026-02-12 15:23:03,F1,24.3,20.00,0.50,0,0,0,1000.0
2026-02-12 15:23:04,F2,22.9,23.00,0.50,1,0,0,1000.0
2026-02-12 15:23:05,F3,27.2,20.00,0.50,0,0,0,1000.0
2026-02-12 15:23:06,F1,24.2,20.00,0.50,0,0,0,1000.0
2026-02-12 15:23:07,F2,22.9,23.00,0.50,1,0,0,1000.0
2026-02-12 15:23:08,F3,27.3,20.00,0.50,0,0,0,1000.0
2026-02-12 15:23:10,F1,24.2,20.00,0.50,0,0,0,1000.0
2026-02-12 15:23:11,F2,22.9,23.00,0.50,1,0,0,1000.0
2026-02-12 15:23:11,F3,27.2,20.00,0.50,0,0,0,1000.0
2026-02-12 15:23:13,F1,24.2,20.00,0.50,0,0,0,1000.0
2026-02-12 15:23:14,F2,22.8,23.00,0.50,1,0,0,1000.0
2026-02-12 15:23:15,F3,27.2,20.00,0.50,0,0,0,1000.0
2026-02-12 15:23:17,F1,24.2,20.00,0.50,0,0,0,1000.0
2026-02-12 15:23:17,F2,22.8,23.00,0.50,1,0,0,1000.0
2026-02-12 15:23:18,F3,27.3,20.00,0.50,0,0,0,1000.0
2026-02-12 15:23:20,F1,24.1,20.00,0.50,0,0,0,1000.0
2026-02-12 15:23:21,F2,22.8,23.00,0.50,1,0,0,1000.0
2026-02-12 15:23:22,F3,27.3,20.00,0.50,0,0,0,1000.0
2026-02-12 15:23:23,F1,24.1,20.00,0.50,0,0,0,1000.0
2026-02-12 15:23:24,F2,22.8,23.00,0.50,1,0,0,1000.0
2026-02-12 15:23:25,F3,27.3,20.00,0.50,0,0,0,1000.0
2026-02-12 15:23:27,F1,24.1,20.00,0.50,0,0,0,1000.0
2026-02-12 15:23:28,F2,22.8,23.00,0.50,1,0,0,1000.0
2026-02-12 15:23:28,F3,27.2,20.00,0.50,0,0,0,1000.0
2026-02-12 15:23:30,F1,24.1,20.00,0.50,0,0,0,1000.0
2026-02-12 15:23:31,F2,22.8,23.00,0.50,1,0,0,1000.0
2026-02-12 15:23:32,F3,27.3,20.00,0.50,0,0,0,1000.0
2026-02-12 15:23:34,F1,24.1,20.00,0.50,0,0,0,1000.0
2026-02-12 15:23:35,F2,22.7,23.00,0.50,1,0,0,1000.0
2026-02-12 15:23:35,F3,27.3,20.00,0.50,0,0,0,1000.0
2026-02-12 15:23:37,F1,24.1,20.00,0.50,0,0,0,1000.0
2026-02-12 15:23:38,F2,22.7,23.00,0.50,1,0,0,1000.0
2026-02-12 15:23:39,F3,27.3,20.00,0.50,0,0,0,1000.0
2026-02-12 15:23:41,F1,24.0,20.00,0.50,0,0,0,1000.0
2026-02-12 15:23:41,F2,22.7,23.00,0.50,1,0,0,1000.0
2026-02-12 15:23:42,F3,27.3,20.00,0.50,0,0,0,1000.0
2026-02-12 15:23:44,F1,24.1,20.00,0.50,0,0,0,1000.0
2026-02-12 15:23:45,F2,22.6,23.00,0.50,1,0,0,1000.0
2026-02-12 15:23:46,F3,27.3,20.00,0.50,0,0,0,1000.0
2026-02-12 15:23:47,F1,24.1,20.00,0.50,0,0,0,1000.0
2026-02-12 15:23:48,F2,22.6,23.00,0.50,1,0,0,1000.0
2026-02-12 15:23:49,F3,27.3,20.00,0.50,0,0,0,1000.0
2026-02-12 15:23:51,F1,24.1,20.00,0.50,0,0,0,1000.0
2026-02-12 15:23:52,F2,22.6,23.00,0.50,1,0,0,1000.0
2026-02-12 15:23:52,F3,27.3,20.00,0.50,0,0,0,1000.0
2026-02-12 15:23:54,F1,24.1,20.00,0.50,0,0,0,1000.0
2026-02-12 15:23:55,F2,22.6,23.00,0.50,1,0,0,1000.0
2026-02-12 15:23:56,F3,27.3,20.00,0.50,0,0,0,1000.0
2026-02-12 15:23:58,F1,24.1,20.00,0.50,0,0,0,1000.0
2026-02-12 15:23:58,F2,22.6,23.00,0.50,1,0,0,1000.0
2026-02-12 15:23:59,F3,27.4,20.00,0.50,0,0,0,1000.0
2026-02-12 15:24:01,F1,24.1,20.00,0.50,0,0,0,1000.0
2026-02-12 15:24:02,F2,22.6,23.00,0.50,1,0,0,1000.0
2026-02-12 15:24:03,F3,27.4,20.00,0.50,0,0,0,1000.0
2026-02-12 15:24:04,F1,24.1,20.00,0.50,0,0,0,1000.0
2026-02-12 15:24:05,F2,22.6,23.00,0.50,1,0,0,1000.0
2026-02-12 15:24:06,F3,27.4,20.00,0.50,0,0,0,1000.0
2026-02-12 15:24:08,F1,24.1,20.00,0.50,0,0,0,1000.0
2026-02-12 15:24:09,F2,22.5,23.00,0.50,0,1,0,1000.0
2026-02-12 15:24:10,F3,27.4,20.00,0.50,0,0,0,1000.0
2026-02-12 15:24:11,F1,24.1,20.00,0.50,0,0,0,1000.0
2026-02-12 15:24:12,F2,22.5,23.00,0.50,0,1,0,1000.0
2026-02-12 15:24:13,F3,27.4,20.00,0.50,0,0,0,1000.0
2026-02-12 15:24:15,F1,24.1,20.00,0.50,0,0,0,1000.0
2026-02-12 15:24:16,F2,22.4,23.00,0.50,0,1,0,1000.0
2026-02-12 15:24:16,F3,27.4,20.00,0.50,0,0,0,1000.0
2026-02-12 15:24:18,F1,24.1,20.00,0.50,0,0,0,1000.0
2026-02-12 15:24:19,F2,22.4,23.00,0.50,0,1,0,1000.0
2026-02-12 15:24:20,F3,27.4,20.00,0.50,0,0,0,1000.0
2026-02-12 15:24:22,F1,24.1,20.00,0.50,0,0,0,1000.0
2026-02-12 15:24:22,F2,22.4,23.00,0.50,0,1,0,1000.0
2026-02-12 15:24:23,F3,27.4,20.00,0.50,0,0,0,1000.0
2026-02-12 15:24:25,F1,24.1,20.00,0.50,0,0,0,1000.0
2026-02-12 15:24:26,F2,22.4,23.00,0.50,0,1,0,1000.0
2026-02-12 15:24:27,F3,27.4,20.00,0.50,0,0,0,1000.0
2026-02-12 15:24:28,F1,24.1,20.00,0.50,0,0,0,1000.0
2026-02-12 15:24:29,F2,22.4,23.00,0.50,0,1,0,1000.0
2026-02-12 15:24:30,F3,27.4,20.00,0.50,0,0,0,1000.0
2026-02-12 15:24:32,F1,24.1,20.00,0.50,0,0,0,1000.0
2026-02-12 15:24:33,F2,22.4,23.00,0.50,0,1,0,1000.0
2026-02-12 15:24:33,F3,27.4,20.00,0.50,0,0,0,1000.0
2026-02-12 15:24:35,F1,24.1,20.00,0.50,0,0,0,1000.0
2026-02-12 15:24:36,F2,22.3,23.00,0.50,0,1,0,1000.0
2026-02-12 15:24:37,F3,27.3,20.00,0.50,0,0,0,1000.0
2026-02-12 15:24:39,F1,24.1,20.00,0.50,0,0,0,1000.0
2026-02-12 15:24:39,F2,22.3,23.00,0.50,0,1,0,1000.0
2026-02-12 15:24:40,F3,27.4,20.00,0.50,0,0,0,1000.0
2026-02-12 15:24:42,F1,24.1,20.00,0.50,0,0,0,1000.0
2026-02-12 15:24:43,F2,22.3,23.00,0.50,0,1,0,1000.0
2026-02-12 15:24:44,F3,27.4,20.00,0.50,0,0,0,1000.0
2026-02-12 15:24:46,F1,24.1,20.00,0.50,0,0,0,1000.0
2026-02-12 15:24:46,F2,22.2,23.00,0.50,0,1,0,1000.0
2026-02-12 15:24:47,F3,27.4,20.00,0.50,0,0,0,1000.0
2026-02-12 15:24:49,F1,24.1,20.00,0.50,0,0,0,1000.0
2026-02-12 15:24:50,F2,22.2,23.00,0.50,0,1,0,1000.0
2026-02-12 15:24:51,F3,27.4,20.00,0.50,0,0,0,1000.0
2026-02-12 15:24:52,F1,24.1,20.00,0.50,0,0,0,1000.0
2026-02-12 15:24:53,F2,22.2,23.00,0.50,0,1,0,1000.0
2026-02-12 15:24:54,F3,27.4,20.00,0.50,0,0,0,1000.0
2026-02-12 15:24:56,F1,24.1,20.00,0.50,0,0,0,1000.0
2026-02-12 15:24:57,F2,22.2,23.00,0.50,0,1,0,1000.0
2026-02-12 15:24:57,F3,27.4,20.00,0.50,0,0,0,1000.0
2026-02-12 15:24:59,F1,24.1,20.00,0.50,0,0,0,1000.0
2026-02-12 15:25:00,F2,22.2,23.00,0.50,0,1,0,1000.0
2026-02-12 15:25:01,F3,27.4,20.00,0.50,0,0,0,1000.0
2026-02-12 15:25:03,F1,24.1,20.00,0.50,0,0,0,1000.0
2026-02-12 15:25:03,F2,22.2,23.00,0.50,0,1,0,1000.0
2026-02-12 15:25:04,F3,27.4,20.00,0.50,0,0,0,1000.0
2026-02-12 15:25:06,F1,24.1,20.00,0.50,0,0,0,1000.0
2026-02-12 15:25:07,F2,22.2,23.00,0.50,0,1,0,1000.0
2026-02-12 15:25:08,F3,27.4,20.00,0.50,0,0,0,1000.0
2026-02-12 15:25:09,F1,24.1,20.00,0.50,0,0,0,1000.0
2026-02-12 15:25:10,F2,22.2,23.00,0.50,0,1,0,1000.0
2026-02-12 15:25:11,F3,27.4,20.00,0.50,0,0,0,1000.0
2026-02-12 15:25:13,F1,24.1,20.00,0.50,0,0,0,1000.0
2026-02-12 15:25:14,F2,22.2,23.00,0.50,0,1,0,1000.0
2026-02-12 15:25:14,F3,27.4,20.00,0.50,0,0,0,1000.0
2026-02-12 15:25:16,F1,24.1,20.00,0.50,0,0,0,1000.0
2026-02-12 15:25:17,F2,22.2,23.00,0.50,0,1,0,1000.0
2026-02-12 15:25:18,F3,27.4,20.00,0.50,0,0,0,1000.0
2026-02-12 15:25:20,F1,24.1,20.00,0.50,0,0,0,1000.0
2026-02-12 15:25:20,F2,22.2,23.00,0.50,0,1,0,1000.0
2026-02-12 15:25:21,F3,27.4,20.00,0.50,0,0,0,1000.0
2026-02-12 15:25:23,F1,24.1,20.00,0.50,0,0,0,1000.0
2026-02-12 15:25:24,F2,22.2,23.00,0.50,0,1,0,1000.0
2026-02-12 15:25:25,F3,27.4,20.00,0.50,0,0,0,1000.0
2026-02-12 15:25:26,F1,24.1,20.00,0.50,0,0,0,1000.0
2026-02-12 15:25:27,F2,22.2,23.00,0.50,0,1,0,1000.0
2026-02-12 15:25:28,F3,27.4,20.00,0.50,0,0,0,1000.0
2026-02-12 15:25:30,F1,24.1,20.00,0.50,0,0,0,1000.0
2026-02-12 15:25:31,F2,22.2,23.00,0.50,0,1,0,1000.0
2026-02-12 15:25:31,F3,27.4,20.00,0.50,0,0,0,1000.0
2026-02-12 15:25:33,F1,24.1,20.00,0.50,0,0,0,1000.0
2026-02-12 15:25:34,F2,22.2,23.00,0.50,0,1,0,1000.0
2026-02-12 15:25:35,F3,27.4,20.00,0.50,0,0,0,1000.0
2026-02-12 15:25:37,F1,24.1,20.00,0.50,0,0,0,1000.0
2026-02-12 15:25:38,F2,22.2,23.00,0.50,0,1,0,1000.0
2026-02-12 15:25:38,F3,27.4,20.00,0.50,0,0,0,1000.0
2026-02-12 15:25:40,F1,24.2,20.00,0.50,0,0,0,1000.0
2026-02-12 15:25:41,F2,22.2,23.00,0.50,0,1,0,1000.0
2026-02-12 15:25:42,F3,27.4,20.00,0.50,0,0,0,1000.0
2026-02-12 15:25:44,F1,24.2,20.00,0.50,0,0,0,1000.0
2026-02-12 15:25:44,F2,22.2,23.00,0.50,0,1,0,1000.0
2026-02-12 15:25:45,F3,27.4,20.00,0.50,0,0,0,1000.0
2026-02-12 15:25:47,F1,24.2,20.00,0.50,0,0,0,1000.0
2026-02-12 15:25:48,F2,22.2,23.00,0.50,0,1,0,1000.0
2026-02-12 15:25:49,F3,27.4,20.00,0.50,0,0,0,1000.0
2026-02-12 15:25:50,F1,24.2,20.00,0.50,0,0,0,1000.0
2026-02-12 15:25:51,F2,22.2,23.00,0.50,0,1,0,1000.0
2026-02-12 15:25:52,F3,27.4,20.00,0.50,0,0,0,1000.0
2026-02-12 15:25:54,F1,24.2,20.00,0.50,0,0,0,1000.0
2026-02-12 15:25:55,F2,22.2,23.00,0.50,0,1,0,1000.0
2026-02-12 15:25:55,F3,27.4,20.00,0.50,0,0,0,1000.0
2026-02-12 15:25:57,F1,24.2,20.00,0.50,0,0,0,1000.0
2026-02-12 15:25:58,F2,22.2,23.00,0.50,0,1,0,1000.0
2026-02-12 15:25:59,F3,27.4,20.00,0.50,0,0,0,1000.0
2026-02-12 15:26:01,F1,24.3,20.00,0.50,0,0,0,1000.0
2026-02-12 15:26:02,F2,22.3,23.00,0.50,0,1,0,1000.0
2026-02-12 15:26:02,F3,27.4,20.00,0.50,0,0,0,1000.0
2026-02-12 15:26:04,F1,24.2,20.00,0.50,0,0,0,1000.0
2026-02-12 15:26:05,F2,22.3,23.00,0.50,0,1,0,1000.0
2026-02-12 15:26:06,F3,27.4,20.00,0.50,0,0,0,1000.0
2026-02-12 15:26:08,F1,24.2,20.00,0.50,0,0,0,1000.0
2026-02-12 15:26:08,F2,22.4,23.00,0.50,0,1,0,1000.0
2026-02-12 15:26:09,F3,27.4,20.00,0.50,0,0,0,1000.0
2026-02-12 15:26:11,F1,24.2,20.00,0.50,0,0,0,1000.0
2026-02-12 15:26:12,F2,22.4,23.00,0.50,0,1,0,1000.0
2026-02-12 15:26:13,F3,27.4,20.00,0.50,0,0,0,1000.0
2026-02-12 15:26:14,F1,24.2,20.00,0.50,0,0,0,1000.0
2026-02-12 15:26:15,F2,22.4,23.00,0.50,0,1,0,1000.0
2026-02-12 15:26:16,F3,27.4,20.00,0.50,0,0,0,1000.0
2026-02-12 15:26:18,F1,24.2,20.00,0.50,0,0,0,1000.0
2026-02-12 15:26:19,F2,22.4,23.00,0.50,0,1,0,1000.0
2026-02-12 15:26:19,F3,27.4,20.00,0.50,0,0,0,1000.0
2026-02-12 15:26:21,F1,24.3,20.00,0.50,0,0,0,1000.0
2026-02-12 15:26:22,F2,22.4,23.00,0.50,0,1,0,1000.0
2026-02-12 15:26:23,F3,27.4,20.00,0.50,0,0,0,1000.0
2026-02-12 15:26:25,F1,24.3,20.00,0.50,0,0,0,1000.0
2026-02-12 15:26:25,F2,22.4,23.00,0.50,0,1,0,1000.0
2026-02-12 15:26:26,F3,27.5,20.00,0.50,0,0,0,1000.0
2026-02-12 15:26:28,F1,24.3,20.00,0.50,0,0,0,1000.0
2026-02-12 15:26:29,F2,22.4,23.00,0.50,0,1,0,1000.0
2026-02-12 15:26:30,F3,27.4,20.00,0.50,0,0,0,1000.0
2026-02-12 15:26:32,F1,24.3,20.00,0.50,0,0,0,1000.0
2026-02-12 15:26:32,F2,22.4,23.00,0.50,0,1,0,1000.0
2026-02-12 15:26:33,F3,27.4,20.00,0.50,0,0,0,1000.0
2026-02-12 15:26:35,F1,24.3,20.00,0.50,0,0,0,1000.0
2026-02-12 15:26:36,F2,22.5,23.00,0.50,0,1,0,1000.0
2026-02-12 15:26:37,F3,27.4,20.00,0.50,0,0,0,1000.0
2026-02-12 15:26:38,F1,24.4,20.00,0.50,0,0,0,1000.0
2026-02-12 15:26:39,F2,22.5,23.00,0.50,0,1,0,1000.0
2026-02-12 15:26:40,F3,27.4,20.00,0.50,0,0,0,1000.0
2026-02-12 15:26:42,F1,24.4,20.00,0.50,0,0,0,1000.0
2026-02-12 15:26:43,F2,22.5,23.00,0.50,0,1,0,1000.0
2026-02-12 15:26:43,F3,27.4,20.00,0.50,0,0,0,1000.0
2026-02-12 15:26:45,F1,24.4,20.00,0.50,0,0,0,1000.0
2026-02-12 15:26:46,F2,22.6,23.00,0.50,0,1,0,1000.0
2026-02-12 15:26:47,F3,27.4,20.00,0.50,0,0,0,1000.0
2026-02-12 15:26:49,F1,24.4,20.00,0.50,0,0,0,1000.0
2026-02-12 15:26:49,F2,22.6,23.00,0.50,0,1,0,1000.0
2026-02-12 15:26:50,F3,27.4,20.00,0.50,0,0,0,1000.0
2026-02-12 15:26:52,F1,24.4,20.00,0.50,0,0,0,1000.0
2026-02-12 15:26:53,F2,22.6,23.00,0.50,0,1,0,1000.0
2026-02-12 15:26:54,F3,27.4,20.00,0.50,0,0,0,1000.0
2026-02-12 15:26:55,F1,24.4,20.00,0.50,0,0,0,1000.0
2026-02-12 15:26:56,F2,22.6,23.00,0.50,0,1,0,1000.0
2026-02-12 15:26:57,F3,27.5,20.00,0.50,0,0,0,1000.0
2026-02-12 15:26:59,F1,24.4,20.00,0.50,0,0,0,1000.0
2026-02-12 15:27:00,F2,22.6,23.00,0.50,0,1,0,1000.0
2026-02-12 15:27:00,F3,27.5,20.00,0.50,0,0,0,1000.0
2026-02-12 15:27:02,F1,24.4,20.00,0.50,0,0,0,1000.0
2026-02-12 15:27:03,F2,22.6,23.00,0.50,0,1,0,1000.0
2026-02-12 15:27:04,F3,27.5,20.00,0.50,0,0,0,1000.0
2026-02-12 15:27:06,F1,24.4,20.00,0.50,0,0,0,1000.0
2026-02-12 15:27:07,F2,22.6,23.00,0.50,0,1,0,1000.0
2026-02-12 15:27:07,F3,27.5,20.00,0.50,0,0,0,1000.0
2026-02-12 15:27:09,F1,24.4,20.00,0.50,0,0,0,1000.0
2026-02-12 15:27:10,F2,22.7,23.00,0.50,0,1,0,1000.0
2026-02-12 15:27:11,F3,27.4,20.00,0.50,0,0,0,1000.0
2026-02-12 15:27:12,F1,24.4,20.00,0.50,0,0,0,1000.0
2026-02-12 15:27:13,F2,22.7,23.00,0.50,0,1,0,1000.0
2026-02-12 15:27:14,F3,27.5,20.00,0.50,0,0,0,1000.0
2026-02-12 15:27:16,F1,24.4,20.00,0.50,0,0,0,1000.0
2026-02-12 15:27:17,F2,22.7,23.00,0.50,0,1,0,1000.0
2026-02-12 15:27:18,F3,27.5,20.00,0.50,0,0,0,1000.0
2026-02-12 15:27:19,F1,24.5,20.00,0.50,0,0,0,1000.0
2026-02-12 15:27:20,F2,22.8,23.00,0.50,0,1,0,1000.0
2026-02-12 15:27:21,F3,27.4,20.00,0.50,0,0,0,1000.0
2026-02-12 15:27:23,F1,24.4,20.00,0.50,0,0,0,1000.0
2026-02-12 15:27:23,F2,22.8,23.00,0.50,0,1,0,1000.0
2026-02-12 15:27:24,F3,27.4,20.00,0.50,0,0,0,1000.0
2026-02-12 15:27:26,F1,24.4,20.00,0.50,0,0,0,1000.0
2026-02-12 15:27:27,F2,22.8,23.00,0.50,0,1,0,1000.0
2026-02-12 15:27:28,F3,27.5,20.00,0.50,0,0,0,1000.0
2026-02-12 15:27:30,F1,24.4,20.00,0.50,0,0,0,1000.0
2026-02-12 15:27:30,F2,22.8,23.00,0.50,0,1,0,1000.0
2026-02-12 15:27:31,F3,27.5,20.00,0.50,0,0,0,1000.0
2026-02-12 15:27:33,F1,24.4,20.00,0.50,0,0,0,1000.0
2026-02-12 15:27:34,F2,22.8,23.00,0.50,0,1,0,1000.0
2026-02-12 15:27:35,F3,27.5,20.00,0.50,0,0,0,1000.0
2026-02-12 15:27:36,F1,24.4,20.00,0.50,0,0,0,1000.0
2026-02-12 15:27:37,F2,22.8,23.00,0.50,0,1,0,1000.0
2026-02-12 15:27:38,F3,27.5,20.00,0.50,0,0,0,1000.0
2026-02-12 15:27:40,F1,24.4,20.00,0.50,0,0,0,1000.0
2026-02-12 15:27:41,F2,22.8,23.00,0.50,0,1,0,1000.0
2026-02-12 15:27:41,F3,27.5,20.00,0.50,0,0,0,1000.0
2026-02-12 15:27:43,F1,24.4,20.00,0.50,0,0,0,1000.0
2026-02-12 15:27:44,F2,22.9,23.00,0.50,0,1,0,1000.0
2026-02-12 15:27:45,F3,27.4,20.00,0.50,0,0,0,1000.0
2026-02-12 15:27:47,F1,24.4,20.00,0.50,0,0,0,1000.0
2026-02-12 15:27:47,F2,22.9,23.00,0.50,0,1,0,1000.0
2026-02-12 15:27:48,F3,27.4,20.00,0.50,0,0,0,1000.0
2026-02-12 15:27:50,F1,24.4,20.00,0.50,0,0,0,1000.0
2026-02-12 15:27:51,F2,22.9,23.00,0.50,0,1,0,1000.0
2026-02-12 15:27:52,F3,27.5,20.00,0.50,0,0,0,1000.0
2026-02-12 15:27:53,F1,24.4,20.00,0.50,0,0,0,1000.0
2026-02-12 15:27:54,F2,22.9,23.00,0.50,0,1,0,1000.0
2026-02-12 15:27:55,F3,27.5,20.00,0.50,0,0,0,1000.0
2026-02-12 15:27:57,F1,24.4,20.00,0.50,0,0,0,1000.0
2026-02-12 15:27:58,F2,22.9,23.00,0.50,0,1,0,1000.0
2026-02-12 15:27:58,F3,27.4,20.00,0.50,0,0,0,1000.0
2026-02-12 15:28:00,F1,24.4,20.00,0.50,0,0,0,1000.0
2026-02-12 15:28:01,F2,22.9,23.00,0.50,0,1,0,1000.0
2026-02-12 15:28:02,F3,27.5,20.00,0.50,0,0,0,1000.0
2026-02-12 15:28:04,F1,24.5,20.00,0.50,0,0,0,1000.0
2026-02-12 15:28:04,F2,23.0,23.00,0.50,0,1,0,1000.0
2026-02-12 15:28:05,F3,27.4,20.00,0.50,0,0,0,1000.0
2026-02-12 15:28:07,F1,24.5,20.00,0.50,0,0,0,1000.0
2026-02-12 15:28:08,F2,23.0,23.00,0.50,0,1,0,1000.0
2026-02-12 15:28:09,F3,27.5,20.00,0.50,0,0,0,1000.0
2026-02-12 15:28:10,F1,24.5,20.00,0.50,0,0,0,1000.0
2026-02-12 15:28:11,F2,23.0,23.00,0.50,0,1,0,1000.0
2026-02-12 15:28:12,F3,27.4,20.00,0.50,0,0,0,1000.0
2026-02-12 15:28:14,F1,24.5,20.00,0.50,0,0,0,1000.0
2026-02-12 15:28:15,F2,23.0,23.00,0.50,0,1,0,1000.0
2026-02-12 15:28:16,F3,27.5,20.00,0.50,0,0,0,1000.0
2026-02-12 15:28:17,F1,24.4,20.00,0.50,0,0,0,1000.0
2026-02-12 15:28:18,F2,23.1,23.00,0.50,0,1,0,1000.0
2026-02-12 15:28:19,F3,27.5,20.00,0.50,0,0,0,1000.0
2026-02-12 15:28:21,F1,24.4,20.00,0.50,0,0,0,1000.0
2026-02-12 15:28:22,F2,23.1,23.00,0.50,0,1,0,1000.0
2026-02-12 15:28:22,F3,27.5,20.00,0.50,0,0,0,1000.0
2026-02-12 15:28:24,F1,24.4,20.00,0.50,0,0,0,1000.0
2026-02-12 15:28:25,F2,23.1,23.00,0.50,0,1,0,1000.0
2026-02-12 15:28:26,F3,27.5,20.00,0.50,0,0,0,1000.0
2026-02-12 15:28:28,F1,24.3,20.00,0.50,0,0,0,1000.0
2026-02-12 15:28:28,F2,23.1,23.00,0.50,0,1,0,1000.0
2026-02-12 15:28:29,F3,27.5,20.00,0.50,0,0,0,1000.0
2026-02-12 15:28:31,F1,24.3,20.00,0.50,0,0,0,1000.0
2026-02-12 15:28:32,F2,23.1,23.00,0.50,0,1,0,1000.0
2026-02-12 15:28:33,F3,27.5,20.00,0.50,0,0,0,1000.0
2026-02-12 15:28:34,F1,24.3,20.00,0.50,0,0,0,1000.0
2026-02-12 15:28:35,F2,23.1,23.00,0.50,0,1,0,1000.0
2026-02-12 15:28:36,F3,27.5,20.00,0.50,0,0,0,1000.0
2026-02-12 15:28:38,F1,24.2,20.00,0.50,0,0,0,1000.0
2026-02-12 15:28:39,F2,23.1,23.00,0.50,0,1,0,1000.0
2026-02-12 15:28:39,F3,27.6,20.00,0.50,0,0,0,1000.0
2026-02-12 15:28:41,F1,24.2,20.00,0.50,0,0,0,1000.0
2026-02-12 15:28:42,F2,23.2,23.00,0.50,0,1,0,1000.0
2026-02-12 15:28:43,F3,27.5,20.00,0.50,0,0,0,1000.0
2026-02-12 15:28:45,F1,24.2,20.00,0.50,0,0,0,1000.0
2026-02-12 15:28:45,F2,23.2,23.00,0.50,0,1,0,1000.0
2026-02-12 15:28:46,F3,27.5,20.00,0.50,0,0,0,1000.0
2026-02-12 15:28:48,F1,24.1,20.00,0.50,0,0,0,1000.0
2026-02-12 15:28:49,F2,23.2,23.00,0.50,0,1,0,1000.0
2026-02-12 15:28:50,F3,27.5,20.00,0.50,0,0,0,1000.0
2026-02-12 15:28:52,F1,24.1,20.00,0.50,0,0,0,1000.0
2026-02-12 15:28:52,F2,23.2,23.00,0.50,0,1,0,1000.0
2026-02-12 15:28:53,F3,27.5,20.00,0.50,0,0,0,1000.0
2026-02-12 15:28:55,F1,24.1,20.00,0.50,0,0,0,1000.0
2026-02-12 15:28:56,F2,23.2,23.00,0.50,0,1,0,1000.0
2026-02-12 15:28:57,F3,27.5,20.00,0.50,0,0,0,1000.0
2026-02-12 15:28:58,F1,24.1,20.00,0.50,0,0,0,1000.0
2026-02-12 15:28:59,F2,23.3,23.00,0.50,0,1,0,1000.0
2026-02-12 15:29:00,F3,27.5,20.00,0.50,0,0,0,1000.0
2026-02-12 15:29:02,F1,24.1,20.00,0.50,0,0,0,1000.0
2026-02-12 15:29:03,F2,23.3,23.00,0.50,0,1,0,1000.0
2026-02-12 15:29:03,F3,27.5,20.00,0.50,0,0,0,1000.0
2026-02-12 15:29:05,F1,24.1,20.00,0.50,0,0,0,1000.0
2026-02-12 15:29:06,F2,23.3,23.00,0.50,0,1,0,1000.0
2026-02-12 15:29:07,F3,27.6,20.00,0.50,0,0,0,1000.0
2026-02-12 15:29:09,F1,24.1,20.00,0.50,0,0,0,1000.0
2026-02-12 15:29:10,F2,23.3,23.00,0.50,0,1,0,1000.0
2026-02-12 15:29:10,F3,27.6,20.00,0.50,0,0,0,1000.0
2026-02-12 15:29:12,F1,24.1,20.00,0.50,0,0,0,1000.0
2026-02-12 15:29:13,F2,23.3,23.00,0.50,0,1,0,1000.0
2026-02-12 15:29:14,F3,27.6,20.00,0.50,0,0,0,1000.0
2026-02-12 15:29:16,F1,24.1,20.00,0.50,0,0,0,1000.0
2026-02-12 15:29:16,F2,23.4,23.00,0.50,0,1,0,1000.0
2026-02-12 15:29:17,F3,27.6,20.00,0.50,0,0,0,1000.0
2026-02-12 15:29:19,F1,24.0,20.00,0.50,0,0,0,1000.0
2026-02-12 15:29:20,F2,23.4,23.00,0.50,0,1,0,1000.0
2026-02-12 15:29:21,F3,27.6,20.00,0.50,0,0,0,1000.0
2026-02-12 15:29:22,F1,24.0,20.00,0.50,0,0,0,1000.0
2026-02-12 15:29:23,F2,23.4,23.00,0.50,0,1,0,1000.0
2026-02-12 15:29:24,F3,27.5,20.00,0.50,0,0,0,1000.0
2026-02-12 15:29:26,F1,24.0,20.00,0.50,0,0,0,1000.0
2026-02-12 15:29:27,F2,23.4,23.00,0.50,0,1,0,1000.0
2026-02-12 15:29:27,F3,27.5,20.00,0.50,0,0,0,1000.0
2026-02-12 15:29:29,F1,23.9,20.00,0.50,0,0,0,1000.0
2026-02-12 15:29:30,F2,23.4,23.00,0.50,0,1,0,1000.0
2026-02-12 15:29:31,F3,27.6,20.00,0.50,0,0,0,1000.0
2026-02-12 15:29:33,F1,23.9,20.00,0.50,0,0,0,1000.0
2026-02-12 15:29:33,F2,23.4,23.00,0.50,0,1,0,1000.0
2026-02-12 15:29:34,F3,27.6,20.00,0.50,0,0,0,1000.0
2026-02-12 15:29:36,F1,24.0,20.00,0.50,0,0,0,1000.0
2026-02-12 15:29:37,F2,23.5,23.00,0.50,1,0,0,1000.0
2026-02-12 15:29:38,F3,27.6,20.00,0.50,0,0,0,1000.0
2026-02-12 15:29:39,F1,23.9,20.00,0.50,0,0,0,1000.0
2026-02-12 15:29:40,F2,23.5,23.00,0.50,1,0,0,1000.0
2026-02-12 15:29:41,F3,27.6,20.00,0.50,0,0,0,1000.0
2026-02-12 15:29:43,F1,23.9,20.00,0.50,0,0,0,1000.0
2026-02-12 15:29:44,F2,23.5,23.00,0.50,1,0,0,1000.0
2026-02-12 15:29:45,F3,27.6,20.00,0.50,0,0,0,1000.0
2026-02-12 15:29:46,F1,23.9,20.00,0.50,0,0,0,1000.0
2026-02-12 15:29:47,F2,23.5,23.00,0.50,1,0,0,1000.0
2026-02-12 15:29:48,F3,27.6,20.00,0.50,0,0,0,1000.0
2026-02-12 15:29:50,F1,23.9,20.00,0.50,0,0,0,1000.0
2026-02-12 15:29:51,F2,23.6,23.00,0.50,1,0,0,1000.0
2026-02-12 15:29:51,F3,27.6,20.00,0.50,0,0,0,1000.0
2026-02-12 15:29:53,F1,23.9,20.00,0.50,0,0,0,1000.0
2026-02-12 15:29:54,F2,23.6,23.00,0.50,1,0,0,1000.0
2026-02-12 15:29:55,F3,27.6,20.00,0.50,0,0,0,1000.0
2026-02-12 15:29:57,F1,23.9,20.00,0.50,0,0,0,1000.0
2026-02-12 15:29:57,F2,23.6,23.00,0.50,1,0,0,1000.0
2026-02-12 15:29:58,F3,27.6,20.00,0.50,0,0,0,1000.0
2026-02-12 15:30:00,F1,23.9,20.00,0.50,0,0,0,1000.0
2026-02-12 15:30:01,F2,23.6,23.00,0.50,1,0,0,1000.0
2026-02-12 15:30:02,F3,27.6,20.00,0.50,0,0,0,1000.0
2026-02-12 15:30:03,F1,23.9,20.00,0.50,0,0,0,1000.0
2026-02-12 15:30:04,F2,23.6,23.00,0.50,1,0,0,1000.0
2026-02-12 15:30:05,F3,27.6,20.00,0.50,0,0,0,1000.0
2026-02-12 15:30:07,F1,23.9,20.00,0.50,0,0,0,1000.0
2026-02-12 15:30:08,F2,23.6,23.00,0.50,1,0,0,1000.0
2026-02-12 15:30:08,F3,27.6,20.00,0.50,0,0,0,1000.0
2026-02-12 15:30:10,F1,23.9,20.00,0.50,0,0,0,1000.0
2026-02-12 15:30:11,F2,23.6,23.00,0.50,1,0,0,1000.0
2026-02-12 15:30:12,F3,27.6,20.00,0.50,0,0,0,1000.0
2026-02-12 15:30:14,F1,23.9,20.00,0.50,0,0,0,1000.0
2026-02-12 15:30:14,F2,23.7,23.00,0.50,1,0,0,1000.0
2026-02-12 15:30:15,F3,27.6,20.00,0.50,0,0,0,1000.0
2026-02-12 15:30:17,F1,23.9,20.00,0.50,0,0,0,1000.0
2026-02-12 15:30:18,F2,23.7,23.00,0.50,1,0,0,1000.0
2026-02-12 15:30:19,F3,27.6,20.00,0.50,0,0,0,1000.0
2026-02-12 15:30:21,F1,23.9,20.00,0.50,0,0,0,1000.0
2026-02-12 15:30:21,F2,23.7,23.00,0.50,1,0,0,1000.0
2026-02-12 15:30:22,F3,27.6,20.00,0.50,0,0,0,1000.0
2026-02-12 15:30:24,F1,23.9,20.00,0.50,0,0,0,1000.0
2026-02-12 15:30:25,F2,23.7,23.00,0.50,1,0,0,1000.0
2026-02-12 15:30:26,F3,27.6,20.00,0.50,0,0,0,1000.0
2026-02-12 15:30:27,F1,23.9,20.00,0.50,0,0,0,1000.0
2026-02-12 15:30:28,F2,23.7,23.00,0.50,1,0,0,1000.0
2026-02-12 15:30:29,F3,27.6,20.00,0.50,0,0,0,1000.0
2026-02-12 15:30:31,F1,23.9,20.00,0.50,0,0,0,1000.0
2026-02-12 15:30:32,F2,23.7,23.00,0.50,1,0,0,1000.0
2026-02-12 15:30:33,F3,27.6,20.00,0.50,0,0,0,1000.0
2026-02-12 15:30:34,F1,23.9,20.00,0.50,0,0,0,1000.0
2026-02-12 15:30:35,F2,23.7,23.00,0.50,1,0,0,1000.0
2026-02-12 15:30:36,F3,27.6,20.00,0.50,0,0,0,1000.0
2026-02-12 15:30:38,F1,23.9,20.00,0.50,0,0,0,1000.0
2026-02-12 15:30:39,F2,23.8,23.00,0.50,1,0,0,1000.0
2026-02-12 15:30:39,F3,27.6,20.00,0.50,0,0,0,1000.0
2026-02-12 15:30:41,F1,23.9,20.00,0.50,0,0,0,1000.0
2026-02-12 15:30:42,F2,23.8,23.00,0.50,1,0,0,1000.0
2026-02-12 15:30:43,F3,27.6,20.00,0.50,0,0,0,1000.0
2026-02-12 15:30:45,F1,23.9,20.00,0.50,0,0,0,1000.0
2026-02-12 15:30:46,F2,23.8,23.00,0.50,1,0,0,1000.0
2026-02-12 15:30:46,F3,27.6,20.00,0.50,0,0,0,1000.0
2026-02-12 15:30:48,F1,23.9,20.00,0.50,0,0,0,1000.0
2026-02-12 15:30:49,F2,23.8,23.00,0.50,1,0,0,1000.0
2026-02-12 15:30:50,F3,27.7,20.00,0.50,0,0,0,1000.0
2026-02-12 15:30:52,F1,23.9,20.00,0.50,0,0,0,1000.0
2026-02-12 15:30:52,F2,23.8,23.00,0.50,1,0,0,1000.0
2026-02-12 15:30:53,F3,27.6,20.00,0.50,0,0,0,1000.0
2026-02-12 15:30:55,F1,23.9,20.00,0.50,0,0,0,1000.0
2026-02-12 15:30:56,F2,23.7,23.00,0.50,1,0,0,1000.0
2026-02-12 15:30:57,F3,27.6,20.00,0.50,0,0,0,1000.0
2026-02-12 15:30:58,F1,23.8,20.00,0.50,0,0,0,1000.0
2026-02-12 15:30:59,F2,23.8,23.00,0.50,1,0,0,1000.0
2026-02-12 15:31:00,F3,27.6,20.00,0.50,0,0,0,1000.0
2026-02-12 15:31:02,F1,23.9,20.00,0.50,0,0,0,1000.0
2026-02-12 15:31:03,F2,23.8,23.00,0.50,1,0,0,1000.0
2026-02-12 15:31:03,F3,27.6,20.00,0.50,0,0,0,1000.0
2026-02-12 15:31:05,F1,23.8,20.00,0.50,0,0,0,1000.0
2026-02-12 15:31:06,F2,23.7,23.00,0.50,1,0,0,1000.0
2026-02-12 15:31:07,F3,27.6,20.00,0.50,0,0,0,1000.0
2026-02-12 15:31:09,F1,23.8,20.00,0.50,0,0,0,1000.0
2026-02-12 15:31:09,F2,23.7,23.00,0.50,1,0,0,1000.0
2026-02-12 15:31:10,F3,27.6,20.00,0.50,0,0,0,1000.0
2026-02-12 15:31:12,F1,23.8,20.00,0.50,0,0,0,1000.0
2026-02-12 15:31:13,F2,23.7,23.00,0.50,1,0,0,1000.0
2026-02-12 15:31:14,F3,27.6,20.00,0.50,0,0,0,1000.0
2026-02-12 15:31:15,F1,23.8,20.00,0.50,0,0,0,1000.0
2026-02-12 15:31:16,F2,23.7,23.00,0.50,1,0,0,1000.0
2026-02-12 15:31:17,F3,27.6,20.00,0.50,0,0,0,1000.0
2026-02-12 15:31:19,F1,23.8,20.00,0.50,0,0,0,1000.0
2026-02-12 15:31:20,F2,23.6,23.00,0.50,1,0,0,1000.0
2026-02-12 15:31:20,F3,27.6,20.00,0.50,0,0,0,1000.0
2026-02-12 15:31:22,F1,23.8,20.00,0.50,0,0,0,1000.0
2026-02-12 15:31:23,F2,23.6,23.00,0.50,1,0,0,1000.0
2026-02-12 15:31:24,F3,27.6,20.00,0.50,0,0,0,1000.0
2026-02-12 15:31:26,F1,23.8,20.00,0.50,0,0,0,1000.0
2026-02-12 15:31:27,F2,23.6,23.00,0.50,1,0,0,1000.0
2026-02-12 15:31:27,F3,27.6,20.00,0.50,0,0,0,1000.0
2026-02-12 15:31:29,F1,23.8,20.00,0.50,0,0,0,1000.0
2026-02-12 15:31:30,F2,23.6,23.00,0.50,1,0,0,1000.0
2026-02-12 15:31:31,F3,27.6,20.00,0.50,0,0,0,1000.0
2026-02-12 15:31:33,F1,23.7,20.00,0.50,0,0,0,1000.0
2026-02-12 15:31:33,F2,23.6,23.00,0.50,1,0,0,1000.0
2026-02-12 15:31:34,F3,27.6,20.00,0.50,0,0,0,1000.0
2026-02-12 15:31:36,F1,23.8,20.00,0.50,0,0,0,1000.0
2026-02-12 15:31:37,F2,23.6,23.00,0.50,1,0,0,1000.0
2026-02-12 15:31:38,F3,27.6,20.00,0.50,0,0,0,1000.0
2026-02-12 15:31:39,F1,23.7,20.00,0.50,0,0,0,1000.0
2026-02-12 15:31:40,F2,23.6,23.00,0.50,1,0,0,1000.0
2026-02-12 15:31:41,F3,27.6,20.00,0.50,0,0,0,1000.0
2026-02-12 15:31:43,F1,23.7,20.00,0.50,0,0,0,1000.0
2026-02-12 15:31:44,F2,23.6,23.00,0.50,1,0,0,1000.0
2026-02-12 15:31:44,F3,27.6,20.00,0.50,0,0,0,1000.0
2026-02-12 15:31:46,F1,23.7,20.00,0.50,0,0,0,1000.0
2026-02-12 15:31:47,F2,23.5,23.00,0.50,1,0,0,1000.0
2026-02-12 15:31:48,F3,27.5,20.00,0.50,0,0,0,1000.0
2026-02-12 15:31:50,F1,23.7,20.00,0.50,0,0,0,1000.0
2026-02-12 15:31:50,F2,23.5,23.00,0.50,1,0,0,1000.0
2026-02-12 15:31:51,F3,27.5,20.00,0.50,0,0,0,1000.0
2026-02-12 15:31:53,F1,23.7,20.00,0.50,0,0,0,1000.0
2026-02-12 15:31:54,F2,23.5,23.00,0.50,1,0,0,1000.0
2026-02-12 15:31:55,F3,27.5,20.00,0.50,0,0,0,1000.0
2026-02-12 15:31:56,F1,23.7,20.00,0.50,0,0,0,1000.0
2026-02-12 15:31:57,F2,23.5,23.00,0.50,1,0,0,1000.0
2026-02-12 15:31:58,F3,27.5,20.00,0.50,0,0,0,1000.0
2026-02-12 15:32:00,F1,23.7,20.00,0.50,0,0,0,1000.0
2026-02-12 15:32:01,F2,23.4,23.00,0.50,1,0,0,1000.0
2026-02-12 15:32:01,F3,27.5,20.00,0.50,0,0,0,1000.0
2026-02-12 15:32:03,F1,23.6,20.00,0.50,0,0,0,1000.0
2026-02-12 15:32:04,F2,23.4,23.00,0.50,1,0,0,1000.0
2026-02-12 15:32:05,F3,27.5,20.00,0.50,0,0,0,1000.0
2026-02-12 15:32:07,F1,23.7,20.00,0.50,0,0,0,1000.0
2026-02-12 15:32:08,F2,23.4,23.00,0.50,1,0,0,1000.0
2026-02-12 15:32:08,F3,27.5,20.00,0.50,0,0,0,1000.0
2026-02-12 15:32:10,F1,23.7,20.00,0.50,0,0,0,1000.0
2026-02-12 15:32:11,F2,23.4,23.00,0.50,1,0,0,1000.0
2026-02-12 15:32:12,F3,27.6,20.00,0.50,0,0,0,1000.0
2026-02-12 15:32:14,F1,23.6,20.00,0.50,0,0,0,1000.0
2026-02-12 15:32:14,F2,23.4,23.00,0.50,1,0,0,1000.0
2026-02-12 15:32:15,F3,27.6,20.00,0.50,0,0,0,1000.0
2026-02-12 15:32:17,F1,23.4,20.00,0.50,0,0,0,1000.0
2026-02-12 15:32:18,F2,23.4,23.00,0.50,1,0,0,1000.0
2026-02-12 15:32:19,F3,27.5,20.00,0.50,0,0,0,1000.0
2026-02-12 15:32:20,F1,23.4,20.00,0.50,0,0,0,1000.0
2026-02-12 15:32:21,F2,23.3,23.00,0.50,1,0,0,1000.0
2026-02-12 15:32:22,F3,27.6,20.00,0.50,0,0,0,1000.0
2026-02-12 15:32:24,F1,23.4,20.00,0.50,0,0,0,1000.0
2026-02-12 15:32:25,F2,23.3,23.00,0.50,1,0,0,1000.0
2026-02-12 15:32:26,F3,27.6,20.00,0.50,0,0,0,1000.0
2026-02-12 15:32:27,F1,23.3,20.00,0.50,0,0,0,1000.0
2026-02-12 15:32:28,F2,23.3,23.00,0.50,1,0,0,1000.0
2026-02-12 15:32:29,F3,27.6,20.00,0.50,0,0,0,1000.0
2026-02-12 15:32:31,F1,23.2,20.00,0.50,0,0,0,1000.0
2026-02-12 15:32:32,F2,23.2,23.00,0.50,1,0,0,1000.0
2026-02-12 15:32:32,F3,27.6,20.00,0.50,0,0,0,1000.0
2026-02-12 15:32:34,F1,23.2,20.00,0.50,0,0,0,1000.0
2026-02-12 15:32:35,F2,23.2,23.00,0.50,1,0,0,1000.0
2026-02-12 15:32:36,F3,27.6,20.00,0.50,0,0,0,1000.0
2026-02-12 15:32:38,F1,23.2,20.00,0.50,0,0,0,1000.0
2026-02-12 15:32:38,F2,23.2,23.00,0.50,1,0,0,1000.0
2026-02-12 15:32:39,F3,27.6,20.00,0.50,0,0,0,1000.0
2026-02-12 15:32:41,F1,23.3,20.00,0.50,0,0,0,1000.0
2026-02-12 15:32:42,F2,23.2,23.00,0.50,1,0,0,1000.0
2026-02-12 15:32:43,F3,27.6,20.00,0.50,0,0,0,1000.0
2026-02-12 15:32:45,F1,23.2,20.00,0.50,0,0,0,1000.0
2026-02-12 15:32:45,F2,23.2,23.00,0.50,1,0,0,1000.0
2026-02-12 15:32:46,F3,27.6,20.00,0.50,0,0,0,1000.0
2026-02-12 15:32:48,F1,23.2,20.00,0.50,0,0,0,1000.0
2026-02-12 15:32:49,F2,23.2,23.00,0.50,1,0,0,1000.0
2026-02-12 15:32:50,F3,27.4,20.00,0.50,0,0,0,1000.0
2026-02-12 15:32:51,F1,23.2,20.00,0.50,0,0,0,1000.0
2026-02-12 15:32:52,F2,23.1,23.00,0.50,1,0,0,1000.0
2026-02-12 15:32:53,F3,27.1,20.00,0.50,0,0,0,1000.0
2026-02-12 15:32:55,F1,23.2,20.00,0.50,0,0,0,1000.0
2026-02-12 15:32:56,F2,23.1,23.00,0.50,1,0,0,1000.0
2026-02-12 15:32:56,F3,26.9,20.00,0.50,0,0,0,1000.0
2026-02-12 15:32:58,F1,23.2,20.00,0.50,0,0,0,1000.0
2026-02-12 15:32:59,F2,23.1,23.00,0.50,1,0,0,1000.0
2026-02-12 15:33:00,F3,26.8,20.00,0.50,0,0,0,1000.0
2026-02-12 15:33:02,F1,23.1,20.00,0.50,0,0,0,1000.0
2026-02-12 15:33:02,F2,23.1,23.00,0.50,1,0,0,1000.0
2026-02-12 15:33:03,F3,26.8,20.00,0.50,0,0,0,1000.0
2026-02-12 15:33:05,F1,23.1,20.00,0.50,0,0,0,1000.0
2026-02-12 15:33:06,F2,23.1,23.00,0.50,1,0,0,1000.0
2026-02-12 15:33:07,F3,26.8,20.00,0.50,0,0,0,1000.0
2026-02-12 15:33:08,F1,23.1,20.00,0.50,0,0,0,1000.0
2026-02-12 15:33:09,F2,23.0,23.00,0.50,1,0,0,1000.0
2026-02-12 15:33:10,F3,26.9,20.00,0.50,0,0,0,1000.0
2026-02-12 15:33:12,F1,23.1,20.00,0.50,0,0,0,1000.0
2026-02-12 15:33:13,F2,23.0,23.00,0.50,1,0,0,1000.0
2026-02-12 15:33:13,F3,26.9,20.00,0.50,0,0,0,1000.0
2026-02-12 15:33:15,F1,23.0,20.00,0.50,0,0,0,1000.0
2026-02-12 15:33:16,F2,23.0,23.00,0.50,1,0,0,1000.0
2026-02-12 15:33:17,F3,26.9,20.00,0.50,0,0,0,1000.0
2026-02-12 15:33:19,F1,23.0,20.00,0.50,0,0,0,1000.0
2026-02-12 15:33:19,F2,22.9,23.00,0.50,1,0,0,1000.0
2026-02-12 15:33:20,F3,27.0,20.00,0.50,0,0,0,1000.0
2026-02-12 15:33:22,F1,23.0,20.00,0.50,0,0,0,1000.0
2026-02-12 15:33:23,F2,22.9,23.00,0.50,1,0,0,1000.0
2026-02-12 15:33:24,F3,27.0,20.00,0.50,0,0,0,1000.0
2026-02-12 15:33:26,F1,22.9,20.00,0.50,0,0,0,1000.0
2026-02-12 15:33:26,F2,22.9,23.00,0.50,1,0,0,1000.0
2026-02-12 15:33:27,F3,27.0,20.00,0.50,0,0,0,1000.0
2026-02-12 15:33:29,F1,22.9,20.00,0.50,0,0,0,1000.0
2026-02-12 15:33:30,F2,22.9,23.00,0.50,1,0,0,1000.0
2026-02-12 15:33:31,F3,27.1,20.00,0.50,0,0,0,1000.0
2026-02-12 15:33:33,F1,22.9,20.00,0.50,0,0,0,1000.0
2026-02-12 15:33:33,F2,22.9,23.00,0.50,1,0,0,1000.0
2026-02-12 15:33:34,F3,27.1,20.00,0.50,0,0,0,1000.0
2026-02-12 15:33:36,F1,22.9,20.00,0.50,0,0,0,1000.0
2026-02-12 15:33:37,F2,22.8,23.00,0.50,1,0,0,1000.0
2026-02-12 15:33:38,F3,27.1,20.00,0.50,0,0,0,1000.0
2026-02-12 15:33:39,F1,22.9,20.00,0.50,0,0,0,1000.0
2026-02-12 15:33:40,F2,22.8,23.00,0.50,1,0,0,1000.0
2026-02-12 15:33:41,F3,27.1,20.00,0.50,0,0,0,1000.0
