timestamp,fermentador,flow_sccm,current_ma,voltage,status
2026-02-12 12:28:23,F1,0.0000,3.6182,0.5355,Bajo rango
2026-02-12 12:28:23,F2,19.9758,10.3923,1.5433,OK
2026-02-12 12:28:23,F3,0.0794,4.0254,0.5938,OK
2026-02-12 12:28:33,F1,0.0000,3.6351,0.5380,Bajo rango
2026-02-12 12:28:33,F2,20.4098,10.5311,1.5639,OK
2026-02-12 12:28:33,F3,0.0794,4.0254,0.5938,OK
2026-02-12 12:28:44,F1,0.0000,3.6090,0.5341,Bajo rango
2026-02-12 12:28:44,F2,20.4388,10.5404,1.5653,OK
2026-02-12 12:28:44,F3,0.0636,4.0203,0.5930,OK
2026-02-12 12:28:54,F1,0.0000,3.6174,0.5354,Bajo rango
2026-02-12 12:28:54,F2,20.6229,10.5993,1.5740,OK
2026-02-12 12:28:54,F3,0.0477,4.0153,0.5923,OK
2026-02-12 12:29:05,F1,0.0000,3.6149,0.5350,Bajo rango
2026-02-12 12:29:05,F2,20.4282,10.5370,1.5648,OK
2026-02-12 12:29:05,F3,0.0000,3.9898,0.5885,OK
2026-02-12 12:29:15,F1,0.0000,3.6292,0.5371,Bajo rango
2026-02-12 12:29:15,F2,20.1941,10.4621,1.5536,OK
2026-02-12 12:29:15,F3,0.0503,4.0161,0.5924,OK
2026-02-12 12:29:25,F1,0.0000,3.6166,0.5353,Bajo rango
2026-02-12 12:29:25,F2,20.3835,10.5227,1.5626,OK
2026-02-12 12:29:25,F3,0.0847,4.0271,0.5940,OK
2026-02-12 12:29:35,F1,0.0000,3.6199,0.5358,Bajo rango
2026-02-12 12:29:35,F2,20.1468,10.4470,1.5514,OK
2026-02-12 12:29:35,F3,0.0530,4.0169,0.5925,OK
2026-02-12 12:29:45,F1,0.0000,3.6343,0.5379,Bajo rango
2026-02-12 12:29:45,F2,20.5519,10.5766,1.5706,OK
2026-02-12 12:29:45,F3,0.1112,4.0356,0.5953,OK
2026-02-12 12:29:56,F1,0.0000,3.6394,0.5386,Bajo rango
2026-02-12 12:29:56,F2,20.4125,10.5320,1.5640,OK
2026-02-12 12:29:56,F3,0.0000,3.9992,0.5899,OK
2026-02-12 12:30:06,F1,0.0000,3.6233,0.5363,Bajo rango
2026-02-12 12:30:06,F2,20.2757,10.4882,1.5575,OK
2026-02-12 12:30:06,F3,0.0662,4.0212,0.5931,OK
2026-02-12 12:30:16,F1,0.0000,3.6453,0.5395,Bajo rango
2026-02-12 12:30:16,F2,20.4125,10.5320,1.5640,OK
2026-02-12 12:30:16,F3,0.0583,4.0186,0.5927,OK
2026-02-12 12:30:26,F1,0.0000,3.6267,0.5368,Bajo rango
2026-02-12 12:30:26,F2,20.0889,10.4285,1.5486,OK
2026-02-12 12:30:26,F3,0.0132,4.0042,0.5906,OK
2026-02-12 12:30:36,F1,0.0000,3.6275,0.5369,Bajo rango
2026-02-12 12:30:36,F2,20.5940,10.5901,1.5726,OK
2026-02-12 12:30:36,F3,0.1271,4.0407,0.5960,OK
2026-02-12 12:30:47,F1,0.0000,3.5980,0.5325,Bajo rango
2026-02-12 12:30:47,F2,20.9412,10.7012,1.5891,OK
2026-02-12 12:30:47,F3,0.0583,4.0186,0.5927,OK
2026-02-12 12:30:57,F1,0.0000,3.6503,0.5403,Bajo rango
2026-02-12 12:30:57,F2,20.9912,10.7172,1.5915,OK
2026-02-12 12:30:57,F3,0.0053,4.0017,0.5903,OK
2026-02-12 12:31:07,F1,0.0000,3.6292,0.5371,Bajo rango
2026-02-12 12:31:07,F2,20.7570,10.6423,1.5804,OK
2026-02-12 12:31:07,F3,0.0344,4.0110,0.5916,OK
2026-02-12 12:31:17,F1,0.0000,3.6199,0.5358,Bajo rango
2026-02-12 12:31:17,F2,20.8123,10.6599,1.5830,OK
2026-02-12 12:31:17,F3,0.0079,4.0025,0.5904,OK
2026-02-12 12:31:28,F1,0.0000,3.6275,0.5369,Bajo rango
2026-02-12 12:31:28,F2,20.9991,10.7197,1.5919,OK
2026-02-12 12:31:28,F3,0.0212,4.0068,0.5910,OK
2026-02-12 12:31:38,F1,0.0000,3.6242,0.5364,Bajo rango
2026-02-12 12:31:38,F2,20.8149,10.6608,1.5831,OK
2026-02-12 12:31:38,F3,0.0636,4.0203,0.5930,OK
2026-02-12 12:31:48,F1,0.0000,3.6182,0.5355,Bajo rango
2026-02-12 12:31:48,F2,20.5834,10.5867,1.5721,OK
2026-02-12 12:31:48,F3,0.0927,4.0297,0.5944,OK
2026-02-12 12:31:58,F1,0.0000,3.6410,0.5389,Bajo rango
2026-02-12 12:31:58,F2,20.6150,10.5968,1.5736,OK
2026-02-12 12:31:58,F3,0.0742,4.0237,0.5935,OK
2026-02-12 12:32:08,F1,0.0000,3.6292,0.5371,Bajo rango
2026-02-12 12:32:08,F2,20.6887,10.6204,1.5771,OK
2026-02-12 12:32:08,F3,0.0847,4.0271,0.5940,OK
2026-02-12 12:32:19,F1,0.0000,3.6081,0.5340,Bajo rango
2026-02-12 12:32:19,F2,20.6597,10.6111,1.5757,OK
2026-02-12 12:32:19,F3,0.0636,4.0203,0.5930,OK
2026-02-12 12:32:29,F1,0.0000,3.6242,0.5364,Bajo rango
2026-02-12 12:32:29,F2,20.8938,10.6860,1.5869,OK
2026-02-12 12:32:29,F3,0.0397,4.0127,0.5919,OK
2026-02-12 12:32:39,F1,0.0000,3.6115,0.5345,Bajo rango
2026-02-12 12:32:39,F2,20.9438,10.7020,1.5893,OK
2026-02-12 12:32:39,F3,0.0371,4.0119,0.5917,OK
2026-02-12 12:32:49,F1,0.0000,3.6385,0.5385,Bajo rango
2026-02-12 12:32:49,F2,20.6702,10.6145,1.5762,OK
2026-02-12 12:32:49,F3,0.0477,4.0153,0.5923,OK
2026-02-12 12:32:59,F1,0.0000,3.6182,0.5355,Bajo rango
2026-02-12 12:32:59,F2,20.9491,10.7037,1.5895,OK
2026-02-12 12:32:59,F3,0.0000,3.9941,0.5891,OK
2026-02-12 12:33:10,F1,0.0000,3.6275,0.5369,Bajo rango
2026-02-12 12:33:10,F2,20.9280,10.6970,1.5885,OK
2026-02-12 12:33:10,F3,0.0609,4.0195,0.5929,OK
2026-02-12 12:33:20,F1,0.0000,3.6140,0.5349,Bajo rango
2026-02-12 12:33:20,F2,20.9044,10.6894,1.5874,OK
2026-02-12 12:33:20,F3,0.0424,4.0136,0.5920,OK
2026-02-12 12:33:30,F1,0.0000,3.6140,0.5349,Bajo rango
2026-02-12 12:33:30,F2,21.1937,10.7820,1.6011,OK
2026-02-12 12:33:30,F3,0.0662,4.0212,0.5931,OK
2026-02-12 12:33:40,F1,0.0000,3.6090,0.5341,Bajo rango
2026-02-12 12:33:40,F2,21.0648,10.7407,1.5950,OK
2026-02-12 12:33:40,F3,0.0900,4.0288,0.5943,OK
2026-02-12 12:33:50,F1,0.0000,3.6166,0.5353,Bajo rango
2026-02-12 12:33:50,F2,21.2516,10.8005,1.6039,OK
2026-02-12 12:33:50,F3,0.1324,4.0424,0.5963,OK
2026-02-12 12:34:01,F1,0.0000,3.6216,0.5360,Bajo rango
2026-02-12 12:34:01,F2,21.1963,10.7828,1.6013,OK
2026-02-12 12:34:01,F3,0.0000,3.9805,0.5871,OK
2026-02-12 12:34:11,F1,0.0000,3.6182,0.5355,Bajo rango
2026-02-12 12:34:11,F2,20.7597,10.6431,1.5805,OK
2026-02-12 12:34:11,F3,0.0503,4.0161,0.5924,OK
2026-02-12 12:34:21,F1,0.0000,3.6351,0.5380,Bajo rango
2026-02-12 12:34:21,F2,20.8675,10.6776,1.5856,OK
2026-02-12 12:34:21,F3,0.0794,4.0254,0.5938,OK
2026-02-12 12:34:31,F1,0.0000,3.6157,0.5351,Bajo rango
2026-02-12 12:34:31,F2,21.0201,10.7264,1.5929,OK
2026-02-12 12:34:31,F3,0.1192,4.0381,0.5956,OK
2026-02-12 12:34:42,F1,0.0000,3.6208,0.5359,Bajo rango
2026-02-12 12:34:42,F2,21.1095,10.7551,1.5971,OK
2026-02-12 12:34:42,F3,0.0530,4.0169,0.5925,OK
2026-02-12 12:34:52,F1,0.0000,3.6157,0.5351,Bajo rango
2026-02-12 12:34:52,F2,21.0648,10.7407,1.5950,OK
2026-02-12 12:34:52,F3,0.0847,4.0271,0.5940,OK
2026-02-12 12:35:02,F1,0.0000,3.6242,0.5364,Bajo rango
2026-02-12 12:35:02,F2,21.2358,10.7955,1.6031,OK
2026-02-12 12:35:02,F3,0.0238,4.0076,0.5911,OK
2026-02-12 12:35:12,F1,0.0000,3.6030,0.5333,Bajo rango
2026-02-12 12:35:12,F2,21.3331,10.8266,1.6078,OK
2026-02-12 12:35:12,F3,0.0000,3.9881,0.5883,OK
2026-02-12 12:35:22,F1,0.0000,3.6090,0.5341,Bajo rango
2026-02-12 12:35:22,F2,21.4094,10.8510,1.6114,OK
2026-02-12 12:35:22,F3,0.0900,4.0288,0.5943,OK
2026-02-12 12:35:33,F1,0.0000,3.6225,0.5361,Bajo rango
2026-02-12 12:35:33,F2,21.6961,10.9428,1.6250,OK
2026-02-12 12:35:33,F3,0.0265,4.0085,0.5913,OK
2026-02-12 12:35:43,F1,0.0000,3.6182,0.5355,Bajo rango
2026-02-12 12:35:43,F2,21.3857,10.8434,1.6102,OK
2026-02-12 12:35:43,F3,0.0000,3.9975,0.5896,OK
2026-02-12 12:35:53,F1,0.0000,3.6351,0.5380,Bajo rango
2026-02-12 12:35:53,F2,21.4120,10.8519,1.6115,OK
2026-02-12 12:35:53,F3,0.0530,4.0169,0.5925,OK
2026-02-12 12:36:03,F1,0.0000,3.6208,0.5359,Bajo rango
2026-02-12 12:36:03,F2,21.3857,10.8434,1.6102,OK
2026-02-12 12:36:03,F3,0.0000,3.9907,0.5886,OK
2026-02-12 12:36:14,F1,0.0000,3.6030,0.5333,Bajo rango
2026-02-12 12:36:14,F2,21.7961,10.9747,1.6298,OK
2026-02-12 12:36:14,F3,0.0953,4.0305,0.5945,OK
2026-02-12 12:36:24,F1,0.0000,3.6258,0.5366,Bajo rango
2026-02-12 12:36:24,F2,20.9122,10.6919,1.5877,OK
2026-02-12 12:36:24,F3,0.0530,4.0169,0.5925,OK
2026-02-12 12:36:34,F1,0.0000,3.6090,0.5341,Bajo rango
2026-02-12 12:36:34,F2,21.6304,10.9217,1.6219,OK
2026-02-12 12:36:34,F3,0.0424,4.0136,0.5920,OK
2026-02-12 12:36:44,F1,0.0000,3.6301,0.5373,Bajo rango
2026-02-12 12:36:44,F2,21.5672,10.9015,1.6189,OK
2026-02-12 12:36:44,F3,0.0874,4.0280,0.5941,OK
2026-02-12 12:36:54,F1,0.0000,3.6478,0.5399,Bajo rango
2026-02-12 12:36:54,F2,21.5620,10.8998,1.6186,OK
2026-02-12 12:36:54,F3,0.0000,3.9949,0.5893,OK
2026-02-12 12:37:05,F1,0.0000,3.6216,0.5360,Bajo rango
2026-02-12 12:37:05,F2,21.2332,10.7946,1.6030,OK
2026-02-12 12:37:05,F3,0.0079,4.0025,0.5904,OK
2026-02-12 12:37:15,F1,0.0000,3.6478,0.5399,Bajo rango
2026-02-12 12:37:15,F2,21.6619,10.9318,1.6234,OK
2026-02-12 12:37:15,F3,0.0106,4.0034,0.5905,OK
2026-02-12 12:37:25,F1,0.0000,3.6115,0.5345,Bajo rango
2026-02-12 12:37:25,F2,21.3831,10.8426,1.6101,OK
2026-02-12 12:37:25,F3,0.1086,4.0347,0.5951,OK
2026-02-12 12:37:35,F1,0.0000,3.6014,0.5330,Bajo rango
2026-02-12 12:37:35,F2,21.6514,10.9285,1.6229,OK
2026-02-12 12:37:35,F3,0.0847,4.0271,0.5940,OK
2026-02-12 12:37:45,F1,0.0000,3.6427,0.5391,Bajo rango
2026-02-12 12:37:45,F2,21.4699,10.8704,1.6142,OK
2026-02-12 12:37:45,F3,0.0503,4.0161,0.5924,OK
2026-02-12 12:37:56,F1,0.0000,3.6208,0.5359,Bajo rango
2026-02-12 12:37:56,F2,21.2910,10.8131,1.6058,OK
2026-02-12 12:37:56,F3,0.0000,3.9975,0.5896,OK
2026-02-12 12:38:06,F1,0.0000,3.6166,0.5353,Bajo rango
2026-02-12 12:38:06,F2,21.4120,10.8519,1.6115,OK
2026-02-12 12:38:06,F3,0.0662,4.0212,0.5931,OK
2026-02-12 12:38:16,F1,0.0000,3.6115,0.5345,Bajo rango
2026-02-12 12:38:16,F2,21.5988,10.9116,1.6204,OK
2026-02-12 12:38:16,F3,0.1457,4.0466,0.5969,OK
2026-02-12 12:38:26,F1,0.0000,3.6208,0.5359,Bajo rango
2026-02-12 12:38:26,F2,21.9302,11.0177,1.6361,OK
2026-02-12 12:38:26,F3,0.0768,4.0246,0.5936,OK
2026-02-12 12:38:37,F1,0.0000,3.6377,0.5384,Bajo rango
2026-02-12 12:38:37,F2,21.4910,10.8771,1.6153,OK
2026-02-12 12:38:37,F3,0.0662,4.0212,0.5931,OK
2026-02-12 12:38:47,F1,0.0000,3.6073,0.5339,Bajo rango
2026-02-12 12:38:47,F2,21.5409,10.8931,1.6176,OK
2026-02-12 12:38:47,F3,0.1298,4.0415,0.5961,OK
2026-02-12 12:38:57,F1,0.0000,3.6098,0.5343,Bajo rango
2026-02-12 12:38:57,F2,21.3489,10.8316,1.6085,OK
2026-02-12 12:38:57,F3,0.0900,4.0288,0.5943,OK
2026-02-12 12:39:07,F1,0.0000,3.6250,0.5365,Bajo rango
2026-02-12 12:39:07,F2,20.8018,10.6566,1.5825,OK
2026-02-12 12:39:07,F3,0.0503,4.0161,0.5924,OK
2026-02-12 12:39:18,F1,0.0000,3.6275,0.5369,Bajo rango
2026-02-12 12:39:18,F2,20.1599,10.4512,1.5520,OK
2026-02-12 12:39:18,F3,0.0000,3.9915,0.5887,OK
2026-02-12 12:39:28,F1,0.0000,3.5980,0.5325,Bajo rango
2026-02-12 12:39:28,F2,19.6286,10.2811,1.5268,OK
2026-02-12 12:39:28,F3,0.0212,4.0068,0.5910,OK
2026-02-12 12:39:38,F1,0.0000,3.6123,0.5346,Bajo rango
2026-02-12 12:39:38,F2,19.2419,10.1574,1.5084,OK
2026-02-12 12:39:38,F3,0.0662,4.0212,0.5931,OK
2026-02-12 12:39:48,F1,0.0000,3.6233,0.5363,Bajo rango
2026-02-12 12:39:48,F2,19.5891,10.2685,1.5249,OK
2026-02-12 12:39:48,F3,0.0000,3.9992,0.5899,OK
2026-02-12 12:39:58,F1,0.0000,3.6225,0.5361,Bajo rango
2026-02-12 12:39:58,F2,18.9683,10.0699,1.4954,OK
2026-02-12 12:39:58,F3,0.0000,3.9932,0.5890,OK
2026-02-12 12:40:09,F1,0.0000,3.6166,0.5353,Bajo rango
2026-02-12 12:40:09,F2,20.8439,10.6700,1.5845,OK
2026-02-12 12:40:09,F3,0.0000,3.9983,0.5897,OK
2026-02-12 12:40:19,F1,0.0000,3.5836,0.5304,Bajo rango
2026-02-12 12:40:19,F2,19.9837,10.3948,1.5436,OK
2026-02-12 12:40:19,F3,0.0794,4.0254,0.5938,OK
2026-02-12 12:40:29,F1,0.0000,3.5929,0.5318,Bajo rango
2026-02-12 12:40:29,F2,19.9521,10.3847,1.5421,OK
2026-02-12 12:40:29,F3,0.0662,4.0212,0.5931,OK
2026-02-12 12:40:39,F1,0.0000,3.5709,0.5285,Bajo rango
2026-02-12 12:40:39,F2,20.7597,10.6431,1.5805,OK
2026-02-12 12:40:39,F3,0.0000,3.9898,0.5885,OK
2026-02-12 12:40:49,F1,0.0000,3.6267,0.5368,Bajo rango
2026-02-12 12:40:49,F2,19.6154,10.2769,1.5261,OK
2026-02-12 12:40:49,F3,0.0000,3.9814,0.5873,OK
2026-02-12 12:41:00,F1,0.0000,3.6436,0.5393,Bajo rango
2026-02-12 12:41:00,F2,20.0337,10.4108,1.5460,OK
2026-02-12 12:41:00,F3,0.0000,3.9966,0.5895,OK
2026-02-12 12:41:10,F1,0.0000,3.6318,0.5375,Bajo rango
2026-02-12 12:41:10,F2,19.7943,10.3342,1.5346,OK
2026-02-12 12:41:10,F3,0.0530,4.0169,0.5925,OK
2026-02-12 12:41:20,F1,0.0000,3.6258,0.5366,Bajo rango
2026-02-12 12:41:20,F2,19.5444,10.2542,1.5228,OK
2026-02-12 12:41:20,F3,0.0000,3.9856,0.5879,OK
2026-02-12 12:41:30,F1,0.0000,3.6334,0.5378,Bajo rango
2026-02-12 12:41:30,F2,20.2362,10.4756,1.5556,OK
2026-02-12 12:41:30,F3,0.1721,4.0551,0.5981,OK
2026-02-12 12:41:41,F1,0.0000,3.6039,0.5334,Bajo rango
2026-02-12 12:41:41,F2,20.3704,10.5185,1.5620,OK
2026-02-12 12:41:41,F3,0.0318,4.0102,0.5915,OK
2026-02-12 12:41:51,F1,0.0000,3.6233,0.5363,Bajo rango
2026-02-12 12:41:51,F2,19.9942,10.3981,1.5441,OK
2026-02-12 12:41:51,F3,0.0742,4.0237,0.5935,OK
2026-02-12 12:42:01,F1,0.0000,3.5921,0.5316,Bajo rango
2026-02-12 12:42:01,F2,20.5282,10.5690,1.5695,OK
2026-02-12 12:42:01,F3,0.0424,4.0136,0.5920,OK
2026-02-12 12:42:11,F1,0.0000,3.6334,0.5378,Bajo rango
2026-02-12 12:42:11,F2,20.3520,10.5126,1.5611,OK
2026-02-12 12:42:11,F3,0.0477,4.0153,0.5923,OK
2026-02-12 12:42:21,F1,0.0000,3.6318,0.5375,Bajo rango
2026-02-12 12:42:21,F2,20.6808,10.6178,1.5768,OK
2026-02-12 12:42:21,F3,0.0000,3.9703,0.5856,OK
2026-02-12 12:42:32,F1,0.0000,3.6250,0.5365,Bajo rango
2026-02-12 12:42:32,F2,21.0201,10.7264,1.5929,OK
2026-02-12 12:42:32,F3,0.0000,3.9932,0.5890,OK
2026-02-12 12:42:42,F1,0.0000,3.6199,0.5358,Bajo rango
2026-02-12 12:42:42,F2,20.5203,10.5665,1.5691,OK
2026-02-12 12:42:42,F3,0.0000,3.9949,0.5893,OK
2026-02-12 12:42:52,F1,0.0000,3.6318,0.5375,Bajo rango
2026-02-12 12:42:52,F2,20.8728,10.6793,1.5859,OK
2026-02-12 12:42:52,F3,0.0477,4.0153,0.5923,OK
2026-02-12 12:43:02,F1,0.0000,3.6225,0.5361,Bajo rango
2026-02-12 12:43:02,F2,20.6834,10.6187,1.5769,OK
2026-02-12 12:43:02,F3,0.0000,3.9949,0.5893,OK
2026-02-12 12:43:13,F1,0.0000,3.5980,0.5325,Bajo rango
2026-02-12 12:43:13,F2,21.1543,10.7694,1.5993,OK
2026-02-12 12:43:13,F3,0.0847,4.0271,0.5940,OK
2026-02-12 12:43:23,F1,0.0000,3.6326,0.5376,Bajo rango
2026-02-12 12:43:23,F2,20.8149,10.6608,1.5831,OK
2026-02-12 12:43:23,F3,0.0238,4.0076,0.5911,OK
2026-02-12 12:43:33,F1,0.0000,3.6419,0.5390,Bajo rango
2026-02-12 12:43:33,F2,20.7386,10.6364,1.5795,OK
2026-02-12 12:43:33,F3,0.1165,4.0373,0.5955,OK
2026-02-12 12:43:43,F1,0.0000,3.6301,0.5373,Bajo rango
2026-02-12 12:43:43,F2,21.2489,10.7997,1.6038,OK
2026-02-12 12:43:43,F3,0.0000,3.9864,0.5880,OK
2026-02-12 12:43:53,F1,0.0000,3.6174,0.5354,Bajo rango
2026-02-12 12:43:53,F2,21.5330,10.8906,1.6173,OK
2026-02-12 12:43:53,F3,0.0742,4.0237,0.5935,OK
2026-02-12 12:44:04,F1,0.0000,3.6453,0.5395,Bajo rango
2026-02-12 12:44:04,F2,21.6067,10.9141,1.6208,OK
2026-02-12 12:44:04,F3,0.1139,4.0364,0.5954,OK
2026-02-12 12:44:14,F1,0.0000,3.6242,0.5364,Bajo rango
2026-02-12 12:44:14,F2,21.7803,10.9697,1.6290,OK
2026-02-12 12:44:14,F3,0.2013,4.0644,0.5995,OK
2026-02-12 12:44:24,F1,0.0000,3.6318,0.5375,Bajo rango
2026-02-12 12:44:24,F2,21.0411,10.7332,1.5939,OK
2026-02-12 12:44:24,F3,0.0689,4.0220,0.5933,OK
2026-02-12 12:44:34,F1,0.0000,3.6199,0.5358,Bajo rango
2026-02-12 12:44:34,F2,21.2989,10.8157,1.6061,OK
2026-02-12 12:44:34,F3,0.0106,4.0034,0.5905,OK
2026-02-12 12:44:45,F1,0.0000,3.6242,0.5364,Bajo rango
2026-02-12 12:44:45,F2,21.4041,10.8493,1.6111,OK
2026-02-12 12:44:45,F3,0.0768,4.0246,0.5936,OK
2026-02-12 12:44:55,F1,0.0000,3.6318,0.5375,Bajo rango
2026-02-12 12:44:55,F2,20.7176,10.6296,1.5785,OK
2026-02-12 12:44:55,F3,0.0927,4.0297,0.5944,OK
2026-02-12 12:45:05,F1,0.0000,3.6132,0.5348,Bajo rango
2026-02-12 12:45:05,F2,20.7702,10.6465,1.5810,OK
2026-02-12 12:45:05,F3,0.0847,4.0271,0.5940,OK
2026-02-12 12:45:15,F1,0.0000,3.6267,0.5368,Bajo rango
2026-02-12 12:45:15,F2,20.9201,10.6944,1.5881,OK
2026-02-12 12:45:15,F3,0.0000,3.9932,0.5890,OK
2026-02-12 12:45:25,F1,0.0000,3.6115,0.5345,Bajo rango
2026-02-12 12:45:25,F2,20.6203,10.5985,1.5739,OK
2026-02-12 12:45:25,F3,0.0291,4.0093,0.5914,OK
2026-02-12 12:45:36,F1,0.0000,3.6115,0.5345,Bajo rango
2026-02-12 12:45:36,F2,20.5966,10.5909,1.5728,OK
2026-02-12 12:45:36,F3,0.0159,4.0051,0.5907,OK
2026-02-12 12:45:46,F1,0.0000,3.6225,0.5361,Bajo rango
2026-02-12 12:45:46,F2,20.5387,10.5724,1.5700,OK
2026-02-12 12:45:46,F3,0.0000,3.9932,0.5890,OK
2026-02-12 12:45:56,F1,0.0000,3.6208,0.5359,Bajo rango
2026-02-12 12:45:56,F2,20.3967,10.5269,1.5633,OK
2026-02-12 12:45:56,F3,0.1271,4.0407,0.5960,OK
2026-02-12 12:46:06,F1,0.0000,3.6098,0.5343,Bajo rango
2026-02-12 12:46:06,F2,20.6229,10.5993,1.5740,OK
2026-02-12 12:46:06,F3,0.0000,3.9822,0.5874,OK
2026-02-12 12:46:16,F1,0.0000,3.6427,0.5391,Bajo rango
2026-02-12 12:46:16,F2,21.2753,10.8081,1.6050,OK
2026-02-12 12:46:16,F3,0.0000,3.9915,0.5887,OK
2026-02-12 12:46:27,F1,0.0000,3.6182,0.5355,Bajo rango
2026-02-12 12:46:27,F2,20.6650,10.6128,1.5760,OK
2026-02-12 12:46:27,F3,0.0371,4.0119,0.5917,OK
2026-02-12 12:46:37,F1,0.0000,3.5988,0.5326,Bajo rango
2026-02-12 12:46:37,F2,20.7781,10.6490,1.5814,OK
2026-02-12 12:46:37,F3,0.0530,4.0169,0.5925,OK
2026-02-12 12:46:47,F1,0.0000,3.6174,0.5354,Bajo rango
2026-02-12 12:46:47,F2,20.7702,10.6465,1.5810,OK
2026-02-12 12:46:47,F3,0.0185,4.0059,0.5909,OK
2026-02-12 12:46:57,F1,0.0000,3.6174,0.5354,Bajo rango
2026-02-12 12:46:57,F2,20.5913,10.5892,1.5725,OK
2026-02-12 12:46:57,F3,0.0689,4.0220,0.5933,OK
2026-02-12 12:47:07,F1,0.0000,3.6132,0.5348,Bajo rango
2026-02-12 12:47:07,F2,20.6729,10.6153,1.5764,OK
2026-02-12 12:47:07,F3,0.0000,3.9797,0.5870,OK
2026-02-12 12:47:18,F1,0.0000,3.6022,0.5331,Bajo rango
2026-02-12 12:47:18,F2,20.5992,10.5918,1.5729,OK
2026-02-12 12:47:18,F3,0.0000,3.9890,0.5884,OK
2026-02-12 12:47:28,F1,0.0000,3.6157,0.5351,Bajo rango
2026-02-12 12:47:28,F2,20.8281,10.6650,1.5837,OK
2026-02-12 12:47:28,F3,0.0079,4.0025,0.5904,OK
2026-02-12 12:47:38,F1,0.0000,3.6377,0.5384,Bajo rango
2026-02-12 12:47:38,F2,20.5282,10.5690,1.5695,OK
2026-02-12 12:47:38,F3,0.0900,4.0288,0.5943,OK
2026-02-12 12:47:48,F1,0.0000,3.6351,0.5380,Bajo rango
2026-02-12 12:47:48,F2,20.8176,10.6616,1.5833,OK
2026-02-12 12:47:48,F3,0.0265,4.0085,0.5913,OK
2026-02-12 12:47:59,F1,0.0000,3.6056,0.5336,Bajo rango
2026-02-12 12:47:59,F2,20.7307,10.6338,1.5791,OK
2026-02-12 12:47:59,F3,0.0768,4.0246,0.5936,OK
2026-02-12 12:48:09,F1,0.0000,3.5988,0.5326,Bajo rango
2026-02-12 12:48:09,F2,20.8859,10.6835,1.5865,OK
2026-02-12 12:48:09,F3,0.0000,3.9966,0.5895,OK
2026-02-12 12:48:19,F1,0.0000,3.6284,0.5370,Bajo rango
2026-02-12 12:48:19,F2,20.7755,10.6481,1.5813,OK
2026-02-12 12:48:19,F3,0.0079,4.0025,0.5904,OK
2026-02-12 12:48:29,F1,0.0000,3.6064,0.5338,Bajo rango
2026-02-12 12:48:29,F2,20.7623,10.6439,1.5806,OK
2026-02-12 12:48:29,F3,0.2225,4.0712,0.6005,OK
2026-02-12 12:48:39,F1,0.0000,3.6056,0.5336,Bajo rango
2026-02-12 12:48:39,F2,21.2279,10.7929,1.6028,OK
2026-02-12 12:48:39,F3,0.0583,4.0186,0.5927,OK
2026-02-12 12:48:50,F1,0.0000,3.6149,0.5350,Bajo rango
2026-02-12 12:48:50,F2,20.7939,10.6540,1.5821,OK
2026-02-12 12:48:50,F3,0.0980,4.0314,0.5946,OK
2026-02-12 12:49:00,F1,0.0000,3.6073,0.5339,Bajo rango
2026-02-12 12:49:00,F2,21.5278,10.8889,1.6170,OK
2026-02-12 12:49:00,F3,0.0000,3.9966,0.5895,OK
2026-02-12 12:49:10,F1,0.0000,3.6242,0.5364,Bajo rango
2026-02-12 12:49:10,F2,21.5778,10.9049,1.6194,OK
2026-02-12 12:49:10,F3,0.0079,4.0025,0.5904,OK
2026-02-12 12:49:20,F1,0.0000,3.6056,0.5336,Bajo rango
2026-02-12 12:49:20,F2,21.9302,11.0177,1.6361,OK
2026-02-12 12:49:20,F3,0.0450,4.0144,0.5921,OK
2026-02-12 12:49:31,F1,0.0000,3.6098,0.5343,Bajo rango
2026-02-12 12:49:31,F2,20.7360,10.6355,1.5794,OK
2026-02-12 12:49:31,F3,0.1059,4.0339,0.5950,OK
2026-02-12 12:49:41,F1,0.0000,3.6292,0.5371,Bajo rango
2026-02-12 12:49:41,F2,21.1858,10.7795,1.6008,OK
2026-02-12 12:49:41,F3,0.0609,4.0195,0.5929,OK
2026-02-12 12:49:51,F1,0.0000,3.6267,0.5368,Bajo rango
2026-02-12 12:49:51,F2,21.2411,10.7971,1.6034,OK
2026-02-12 12:49:51,F3,0.0530,4.0169,0.5925,OK
2026-02-12 12:50:01,F1,0.0000,3.6081,0.5340,Bajo rango
2026-02-12 12:50:01,F2,20.9780,10.7130,1.5909,OK
2026-02-12 12:50:01,F3,0.0636,4.0203,0.5930,OK
2026-02-12 12:50:11,F1,0.0000,3.6039,0.5334,Bajo rango
2026-02-12 12:50:11,F2,20.6413,10.6052,1.5749,OK
2026-02-12 12:50:11,F3,0.0371,4.0119,0.5917,OK
2026-02-12 12:50:22,F1,0.0000,3.6191,0.5356,Bajo rango
2026-02-12 12:50:22,F2,20.8386,10.6684,1.5842,OK
2026-02-12 12:50:22,F3,0.1086,4.0347,0.5951,OK
2026-02-12 12:50:32,F1,0.0000,3.5963,0.5323,Bajo rango
2026-02-12 12:50:32,F2,20.9675,10.7096,1.5904,OK
2026-02-12 12:50:32,F3,0.0132,4.0042,0.5906,OK
2026-02-12 12:50:42,F1,0.0000,3.6115,0.5345,Bajo rango
2026-02-12 12:50:42,F2,21.7698,10.9663,1.6285,OK
2026-02-12 12:50:42,F3,0.0000,4.0000,0.5900,OK
2026-02-12 12:50:52,F1,0.0000,3.5895,0.5312,Bajo rango
2026-02-12 12:50:52,F2,21.4410,10.8611,1.6129,OK
2026-02-12 12:50:52,F3,0.0742,4.0237,0.5935,OK
2026-02-12 12:51:02,F1,0.0000,3.6250,0.5365,Bajo rango
2026-02-12 12:51:02,F2,21.7119,10.9478,1.6258,OK
2026-02-12 12:51:02,F3,0.0450,4.0144,0.5921,OK
2026-02-12 12:51:13,F1,0.0000,3.6115,0.5345,Bajo rango
2026-02-12 12:51:13,F2,21.3147,10.8207,1.6069,OK
2026-02-12 12:51:13,F3,0.0000,3.9958,0.5894,OK
2026-02-12 12:51:23,F1,0.0000,3.6073,0.5339,Bajo rango
2026-02-12 12:51:23,F2,21.7750,10.9680,1.6288,OK
2026-02-12 12:51:23,F3,0.0132,4.0042,0.5906,OK
2026-02-12 12:51:33,F1,0.0000,3.6030,0.5333,Bajo rango
2026-02-12 12:51:33,F2,21.8198,10.9823,1.6309,OK
2026-02-12 12:51:33,F3,0.1933,4.0619,0.5991,OK
2026-02-12 12:51:43,F1,0.0000,3.6056,0.5336,Bajo rango
2026-02-12 12:51:43,F2,21.7540,10.9613,1.6278,OK
2026-02-12 12:51:43,F3,0.0556,4.0178,0.5926,OK
2026-02-12 12:51:54,F1,0.0000,3.6343,0.5379,Bajo rango
2026-02-12 12:51:54,F2,21.8855,11.0034,1.6340,OK
2026-02-12 12:51:54,F3,0.0794,4.0254,0.5938,OK
2026-02-12 12:52:04,F1,0.0000,3.6090,0.5341,Bajo rango
2026-02-12 12:52:04,F2,21.8987,11.0076,1.6346,OK
2026-02-12 12:52:04,F3,0.0371,4.0119,0.5917,OK
2026-02-12 12:52:14,F1,0.0000,3.6157,0.5351,Bajo rango
2026-02-12 12:52:14,F2,21.9039,11.0093,1.6349,OK
2026-02-12 12:52:14,F3,0.0000,3.9898,0.5885,OK
2026-02-12 12:52:24,F1,0.0000,3.6174,0.5354,Bajo rango
2026-02-12 12:52:24,F2,21.9802,11.0337,1.6385,OK
2026-02-12 12:52:24,F3,0.0000,3.9814,0.5873,OK
2026-02-12 12:52:34,F1,0.0000,3.6309,0.5374,Bajo rango
2026-02-12 12:52:34,F2,21.8724,10.9992,1.6334,OK
2026-02-12 12:52:34,F3,0.0874,4.0280,0.5941,OK
2026-02-12 12:52:45,F1,0.0000,3.6149,0.5350,Bajo rango
2026-02-12 12:52:45,F2,22.0223,11.0471,1.6405,OK
2026-02-12 12:52:45,F3,0.0000,3.9915,0.5887,OK
2026-02-12 12:52:55,F1,0.0000,3.5997,0.5328,Bajo rango
2026-02-12 12:52:55,F2,22.2985,11.1355,1.6536,OK
2026-02-12 12:52:55,F3,0.0556,4.0178,0.5926,OK
2026-02-12 12:53:05,F1,0.0000,3.6005,0.5329,Bajo rango
2026-02-12 12:53:05,F2,21.5515,10.8965,1.6181,OK
2026-02-12 12:53:05,F3,0.0238,4.0076,0.5911,OK
2026-02-12 12:53:15,F1,0.0000,3.6132,0.5348,Bajo rango
2026-02-12 12:53:15,F2,21.8434,10.9899,1.6320,OK
2026-02-12 12:53:15,F3,0.0742,4.0237,0.5935,OK
2026-02-12 12:53:25,F1,0.0000,3.6140,0.5349,Bajo rango
2026-02-12 12:53:25,F2,22.1722,11.0951,1.6476,OK
2026-02-12 12:53:25,F3,0.0318,4.0102,0.5915,OK
2026-02-12 12:53:36,F1,0.0000,3.6242,0.5364,Bajo rango
2026-02-12 12:53:36,F2,22.3195,11.1423,1.6546,OK
2026-02-12 12:53:36,F3,0.0000,3.9703,0.5856,OK
2026-02-12 12:53:46,F1,0.0000,3.6191,0.5356,Bajo rango
2026-02-12 12:53:46,F2,22.7062,11.2660,1.6730,OK
2026-02-12 12:53:46,F3,0.0424,4.0136,0.5920,OK
2026-02-12 12:53:56,F1,0.0000,3.6174,0.5354,Bajo rango
2026-02-12 12:53:56,F2,22.3195,11.1423,1.6546,OK
2026-02-12 12:53:56,F3,0.0556,4.0178,0.5926,OK
2026-02-12 12:54:06,F1,0.0000,3.6140,0.5349,Bajo rango
2026-02-12 12:54:06,F2,22.1302,11.0816,1.6456,OK
2026-02-12 12:54:06,F3,0.0000,3.9915,0.5887,OK
2026-02-12 12:54:17,F1,0.0000,3.6208,0.5359,Bajo rango
2026-02-12 12:54:17,F2,22.6931,11.2618,1.6724,OK
2026-02-12 12:54:17,F3,0.0000,3.9831,0.5875,OK
2026-02-12 12:54:27,F1,0.0000,3.6242,0.5364,Bajo rango
2026-02-12 12:54:27,F2,22.4905,11.1970,1.6627,OK
2026-02-12 12:54:27,F3,0.0291,4.0093,0.5914,OK
2026-02-12 12:54:37,F1,0.0000,3.6073,0.5339,Bajo rango
2026-02-12 12:54:37,F2,22.3248,11.1439,1.6549,OK
2026-02-12 12:54:37,F3,0.0000,3.9992,0.5899,OK
2026-02-12 12:54:47,F1,0.0000,3.5997,0.5328,Bajo rango
2026-02-12 12:54:47,F2,22.5063,11.2020,1.6635,OK
2026-02-12 12:54:47,F3,0.0291,4.0093,0.5914,OK
2026-02-12 12:54:57,F1,0.0000,3.6123,0.5346,Bajo rango
2026-02-12 12:54:57,F2,22.1512,11.0884,1.6466,OK
2026-02-12 12:54:57,F3,0.0450,4.0144,0.5921,OK
2026-02-12 12:55:08,F1,0.0000,3.6090,0.5341,Bajo rango
2026-02-12 12:55:08,F2,21.5751,10.9040,1.6193,OK
2026-02-12 12:55:08,F3,0.0026,4.0008,0.5901,OK
2026-02-12 12:55:18,F1,0.0000,3.5971,0.5324,Bajo rango
2026-02-12 12:55:18,F2,20.3493,10.5118,1.5610,OK
2026-02-12 12:55:18,F3,0.1483,4.0475,0.5970,OK
2026-02-12 12:55:28,F1,0.0000,3.6064,0.5338,Bajo rango
2026-02-12 12:55:28,F2,19.7364,10.3157,1.5319,OK
2026-02-12 12:55:28,F3,0.0053,4.0017,0.5903,OK
2026-02-12 12:55:38,F1,0.0000,3.6233,0.5363,Bajo rango
2026-02-12 12:55:38,F2,19.6207,10.2786,1.5264,OK
2026-02-12 12:55:38,F3,0.0927,4.0297,0.5944,OK
2026-02-12 12:55:48,F1,0.0000,3.6157,0.5351,Bajo rango
2026-02-12 12:55:48,F2,19.6759,10.2963,1.5290,OK
2026-02-12 12:55:48,F3,0.0000,3.9915,0.5887,OK
2026-02-12 12:55:59,F1,0.0000,3.6191,0.5356,Bajo rango
2026-02-12 12:55:59,F2,19.7969,10.3350,1.5348,OK
2026-02-12 12:55:59,F3,0.0636,4.0203,0.5930,OK
2026-02-12 12:56:09,F1,0.0000,3.6216,0.5360,Bajo rango
2026-02-12 12:56:09,F2,19.4444,10.2222,1.5180,OK
2026-02-12 12:56:09,F3,0.0530,4.0169,0.5925,OK
2026-02-12 12:56:19,F1,0.0000,3.6140,0.5349,Bajo rango
2026-02-12 12:56:19,F2,19.7233,10.3114,1.5312,OK
2026-02-12 12:56:19,F3,0.0450,4.0144,0.5921,OK
2026-02-12 12:56:29,F1,0.0000,3.6250,0.5365,Bajo rango
2026-02-12 12:56:29,F2,19.5733,10.2635,1.5241,OK
2026-02-12 12:56:29,F3,0.0053,4.0017,0.5903,OK
2026-02-12 12:56:39,F1,0.0000,3.5971,0.5324,Bajo rango
2026-02-12 12:56:39,F2,19.6496,10.2879,1.5277,OK
2026-02-12 12:56:39,F3,0.1377,4.0441,0.5965,OK
2026-02-12 12:56:50,F1,0.0000,3.5828,0.5302,Bajo rango
2026-02-12 12:56:50,F2,19.8074,10.3384,1.5353,OK
2026-02-12 12:56:50,F3,0.0132,4.0042,0.5906,OK
2026-02-12 12:57:00,F1,0.0000,3.6410,0.5389,Bajo rango
2026-02-12 12:57:00,F2,19.7233,10.3114,1.5312,OK
2026-02-12 12:57:00,F3,0.0212,4.0068,0.5910,OK
2026-02-12 12:57:10,F1,0.0000,3.6090,0.5341,Bajo rango
2026-02-12 12:57:10,F2,20.3625,10.5160,1.5616,OK
2026-02-12 12:57:10,F3,0.0000,3.9958,0.5894,OK
2026-02-12 12:57:20,F1,0.0000,3.6208,0.5359,Bajo rango
2026-02-12 12:57:20,F2,20.2125,10.4680,1.5545,OK
2026-02-12 12:57:20,F3,0.0000,3.9831,0.5875,OK
2026-02-12 12:57:31,F1,0.0000,3.5980,0.5325,Bajo rango
2026-02-12 12:57:31,F2,20.2415,10.4773,1.5559,OK
2026-02-12 12:57:31,F3,0.0053,4.0017,0.5903,OK
2026-02-12 12:57:41,F1,0.0000,3.5828,0.5302,Bajo rango
2026-02-12 12:57:41,F2,20.1626,10.4520,1.5521,OK
2026-02-12 12:57:41,F3,0.0000,4.0000,0.5900,OK
2026-02-12 12:57:51,F1,0.0000,3.6174,0.5354,Bajo rango
2026-02-12 12:57:51,F2,20.1626,10.4520,1.5521,OK
2026-02-12 12:57:51,F3,0.0000,3.9771,0.5866,OK
2026-02-12 12:58:01,F1,0.0000,3.5929,0.5318,Bajo rango
2026-02-12 12:58:01,F2,19.8758,10.3603,1.5385,OK
2026-02-12 12:58:01,F3,0.0000,3.9712,0.5857,OK
2026-02-12 12:58:11,F1,0.0000,3.5726,0.5288,Bajo rango
2026-02-12 12:58:11,F2,20.7413,10.6372,1.5796,OK
2026-02-12 12:58:11,F3,0.0000,3.9958,0.5894,OK
2026-02-12 12:58:22,F1,0.0000,3.6064,0.5338,Bajo rango
2026-02-12 12:58:22,F2,21.2937,10.8140,1.6059,OK
2026-02-12 12:58:22,F3,0.0000,3.9788,0.5869,OK
2026-02-12 12:58:32,F1,0.0000,3.6157,0.5351,Bajo rango
2026-02-12 12:58:32,F2,20.2283,10.4731,1.5553,OK
2026-02-12 12:58:32,F3,0.0000,3.9873,0.5881,OK
2026-02-12 12:58:42,F1,0.0000,3.6225,0.5361,Bajo rango
2026-02-12 12:58:42,F2,20.3309,10.5059,1.5601,OK
2026-02-12 12:58:42,F3,0.0000,3.9576,0.5837,OK
2026-02-12 12:58:52,F1,0.0000,3.6090,0.5341,Bajo rango
2026-02-12 12:58:52,F2,20.1389,10.4444,1.5510,OK
2026-02-12 12:58:52,F3,0.0397,4.0127,0.5919,OK
2026-02-12 12:59:02,F1,0.0000,3.6292,0.5371,Bajo rango
2026-02-12 12:59:02,F2,20.2546,10.4815,1.5565,OK
2026-02-12 12:59:02,F3,0.0742,4.0237,0.5935,OK
2026-02-12 12:59:13,F1,0.0000,3.6073,0.5339,Bajo rango
2026-02-12 12:59:13,F2,20.1915,10.4613,1.5535,OK
2026-02-12 12:59:13,F3,0.0000,3.9932,0.5890,OK
2026-02-12 12:59:23,F1,0.0000,3.5954,0.5321,Bajo rango
2026-02-12 12:59:23,F2,20.4861,10.5556,1.5675,OK
2026-02-12 12:59:23,F3,0.0953,4.0305,0.5945,OK
2026-02-12 12:59:33,F1,0.0000,3.6039,0.5334,Bajo rango
2026-02-12 12:59:33,F2,20.1126,10.4360,1.5497,OK
2026-02-12 12:59:33,F3,0.0636,4.0203,0.5930,OK
2026-02-12 12:59:43,F1,0.0000,3.6174,0.5354,Bajo rango
2026-02-12 12:59:43,F2,20.6124,10.5960,1.5735,OK
2026-02-12 12:59:43,F3,0.0053,4.0017,0.5903,OK
2026-02-12 12:59:53,F1,0.0000,3.6174,0.5354,Bajo rango
2026-02-12 12:59:53,F2,20.7702,10.6465,1.5810,OK
2026-02-12 12:59:53,F3,0.0318,4.0102,0.5915,OK
2026-02-12 13:00:04,F1,0.0000,3.6267,0.5368,Bajo rango
2026-02-12 13:00:04,F2,20.6019,10.5926,1.5730,OK
2026-02-12 13:00:04,F3,0.0132,4.0042,0.5906,OK
2026-02-12 13:00:14,F1,0.0000,3.6216,0.5360,Bajo rango
2026-02-12 13:00:14,F2,20.2099,10.4672,1.5544,OK
2026-02-12 13:00:14,F3,0.0318,4.0102,0.5915,OK
2026-02-12 13:00:24,F1,0.0000,3.6056,0.5336,Bajo rango
2026-02-12 13:00:24,F2,20.2888,10.4924,1.5581,OK
2026-02-12 13:00:24,F3,0.0874,4.0280,0.5941,OK
2026-02-12 13:00:34,F1,0.0000,3.5878,0.5310,Bajo rango
2026-02-12 13:00:34,F2,20.4019,10.5286,1.5635,OK
2026-02-12 13:00:34,F3,0.1165,4.0373,0.5955,OK
2026-02-12 13:00:45,F1,0.0000,3.6208,0.5359,Bajo rango
2026-02-12 13:00:45,F2,20.5545,10.5774,1.5708,OK
2026-02-12 13:00:45,F3,0.0000,3.9966,0.5895,OK
2026-02-12 13:00:55,F1,0.0000,3.6064,0.5338,Bajo rango
2026-02-12 13:00:55,F2,20.4835,10.5547,1.5674,OK
2026-02-12 13:00:55,F3,0.0000,3.9890,0.5884,OK
2026-02-12 13:01:05,F1,0.0000,3.5988,0.5326,Bajo rango
2026-02-12 13:01:05,F2,20.8465,10.6709,1.5846,OK
2026-02-12 13:01:05,F3,0.0000,3.9483,0.5824,OK
2026-02-12 13:01:15,F1,0.0000,3.6132,0.5348,Bajo rango
2026-02-12 13:01:15,F2,20.9412,10.7012,1.5891,OK
2026-02-12 13:01:15,F3,0.0000,3.9915,0.5887,OK
2026-02-12 13:01:25,F1,0.0000,3.6115,0.5345,Bajo rango
2026-02-12 13:01:25,F2,20.4072,10.5303,1.5637,OK
2026-02-12 13:01:25,F3,0.0953,4.0305,0.5945,OK
2026-02-12 13:01:36,F1,0.0000,3.6216,0.5360,Bajo rango
2026-02-12 13:01:36,F2,20.5414,10.5732,1.5701,OK
2026-02-12 13:01:36,F3,0.0397,4.0127,0.5919,OK
2026-02-12 13:01:46,F1,0.0000,3.6199,0.5358,Bajo rango
2026-02-12 13:01:46,F2,21.1043,10.7534,1.5969,OK
2026-02-12 13:01:46,F3,0.0000,3.9729,0.5860,OK
2026-02-12 13:01:56,F1,0.0000,3.5980,0.5325,Bajo rango
2026-02-12 13:01:56,F2,20.3730,10.5194,1.5621,OK
2026-02-12 13:01:56,F3,0.0000,3.9831,0.5875,OK
2026-02-12 13:02:06,F1,0.0000,3.6014,0.5330,Bajo rango
2026-02-12 13:02:06,F2,20.3651,10.5168,1.5617,OK
2026-02-12 13:02:06,F3,0.0079,4.0025,0.5904,OK
2026-02-12 13:02:17,F1,0.0000,3.5937,0.5319,Bajo rango
2026-02-12 13:02:17,F2,20.8912,10.6852,1.5868,OK
2026-02-12 13:02:17,F3,0.0238,4.0076,0.5911,OK
2026-02-12 13:02:27,F1,0.0000,3.5946,0.5320,Bajo rango
2026-02-12 13:02:27,F2,20.7360,10.6355,1.5794,OK
2026-02-12 13:02:27,F3,0.0265,4.0085,0.5913,OK
2026-02-12 13:02:37,F1,0.0000,3.6208,0.5359,Bajo rango
2026-02-12 13:02:37,F2,20.6887,10.6204,1.5771,OK
2026-02-12 13:02:37,F3,0.0000,3.9873,0.5881,OK
2026-02-12 13:02:47,F1,0.0000,3.5980,0.5325,Bajo rango
2026-02-12 13:02:47,F2,20.8702,10.6785,1.5857,OK
2026-02-12 13:02:47,F3,0.0477,4.0153,0.5923,OK
2026-02-12 13:02:57,F1,0.0000,3.6233,0.5363,Bajo rango
2026-02-12 13:02:57,F2,20.8781,10.6810,1.5861,OK
2026-02-12 13:02:57,F3,0.0424,4.0136,0.5920,OK
2026-02-12 13:03:08,F1,0.0000,3.6174,0.5354,Bajo rango
2026-02-12 13:03:08,F2,21.1806,10.7778,1.6005,OK
2026-02-12 13:03:08,F3,0.0000,3.9898,0.5885,OK
2026-02-12 13:03:18,F1,0.0000,3.6191,0.5356,Bajo rango
2026-02-12 13:03:18,F2,21.2279,10.7929,1.6028,OK
2026-02-12 13:03:18,F3,0.0000,3.9941,0.5891,OK
2026-02-12 13:03:28,F1,0.0000,3.6140,0.5349,Bajo rango
2026-02-12 13:03:28,F2,21.0175,10.7256,1.5928,OK
2026-02-12 13:03:28,F3,0.0344,4.0110,0.5916,OK
2026-02-12 13:03:38,F1,0.0000,3.6081,0.5340,Bajo rango
2026-02-12 13:03:38,F2,21.2700,10.8064,1.6048,OK
2026-02-12 13:03:38,F3,0.0424,4.0136,0.5920,OK
2026-02-12 13:03:48,F1,0.0000,3.6157,0.5351,Bajo rango
2026-02-12 13:03:48,F2,21.5909,10.9091,1.6200,OK
2026-02-12 13:03:48,F3,0.0000,3.9847,0.5877,OK
2026-02-12 13:03:59,F1,0.0000,3.6174,0.5354,Bajo rango
2026-02-12 13:03:59,F2,21.3963,10.8468,1.6108,OK
2026-02-12 13:03:59,F3,0.0000,3.9788,0.5869,OK
2026-02-12 13:04:09,F1,0.0000,3.6039,0.5334,Bajo rango
2026-02-12 13:04:09,F2,21.5067,10.8822,1.6160,OK
2026-02-12 13:04:09,F3,0.1086,4.0347,0.5951,OK
2026-02-12 13:04:19,F1,0.0000,3.6047,0.5335,Bajo rango
2026-02-12 13:04:19,F2,21.6593,10.9310,1.6233,OK
2026-02-12 13:04:19,F3,0.0000,3.9890,0.5884,OK
2026-02-12 13:04:29,F1,0.0000,3.6047,0.5335,Bajo rango
2026-02-12 13:04:29,F2,21.5672,10.9015,1.6189,OK
2026-02-12 13:04:29,F3,0.0291,4.0093,0.5914,OK
2026-02-12 13:04:40,F1,0.0000,3.6115,0.5345,Bajo rango
2026-02-12 13:04:40,F2,21.6304,10.9217,1.6219,OK
2026-02-12 13:04:40,F3,0.0000,3.9805,0.5871,OK
2026-02-12 13:04:50,F1,0.0000,3.6064,0.5338,Bajo rango
2026-02-12 13:04:50,F2,21.5909,10.9091,1.6200,OK
2026-02-12 13:04:50,F3,0.0000,3.9941,0.5891,OK
2026-02-12 13:05:00,F1,0.0000,3.6149,0.5350,Bajo rango
2026-02-12 13:05:00,F2,21.9487,11.0236,1.6370,OK
2026-02-12 13:05:00,F3,0.0847,4.0271,0.5940,OK
2026-02-12 13:05:10,F1,0.0000,3.6123,0.5346,Bajo rango
2026-02-12 13:05:10,F2,21.7829,10.9705,1.6291,OK
2026-02-12 13:05:10,F3,0.0000,3.9890,0.5884,OK
2026-02-12 13:05:20,F1,0.0000,3.5971,0.5324,Bajo rango
2026-02-12 13:05:20,F2,22.0854,11.0673,1.6435,OK
2026-02-12 13:05:20,F3,0.0000,3.9983,0.5897,OK
2026-02-12 13:05:31,F1,0.0000,3.5980,0.5325,Bajo rango
2026-02-12 13:05:31,F2,22.7773,11.2887,1.6764,OK
2026-02-12 13:05:31,F3,0.0000,3.9822,0.5874,OK
2026-02-12 13:05:41,F1,0.0000,3.6014,0.5330,Bajo rango
2026-02-12 13:05:41,F2,23.0798,11.3855,1.6907,OK
2026-02-12 13:05:41,F3,0.0000,3.9966,0.5895,OK
2026-02-12 13:05:51,F1,0.0000,3.6132,0.5348,Bajo rango
2026-02-12 13:05:51,F2,21.8513,10.9924,1.6324,OK
2026-02-12 13:05:51,F3,0.0000,3.9958,0.5894,OK
2026-02-12 13:06:01,F1,0.0000,3.6047,0.5335,Bajo rango
2026-02-12 13:06:01,F2,22.5616,11.2197,1.6661,OK
2026-02-12 13:06:01,F3,0.1245,4.0398,0.5959,OK
2026-02-12 13:06:11,F1,0.0000,3.6014,0.5330,Bajo rango
2026-02-12 13:06:11,F2,22.9009,11.3283,1.6823,OK
2026-02-12 13:06:11,F3,0.0291,4.0093,0.5914,OK
2026-02-12 13:06:22,F1,0.0000,3.5701,0.5284,Bajo rango
2026-02-12 13:06:22,F2,21.3068,10.8182,1.6065,OK
2026-02-12 13:06:22,F3,0.0000,3.9822,0.5874,OK
2026-02-12 13:06:32,F1,0.0000,3.6199,0.5358,Bajo rango
2026-02-12 13:06:32,F2,22.9272,11.3367,1.6835,OK
2026-02-12 13:06:32,F3,0.0450,4.0144,0.5921,OK
2026-02-12 13:06:42,F1,0.0000,3.6098,0.5343,Bajo rango
2026-02-12 13:06:42,F2,21.6093,10.9150,1.6209,OK
2026-02-12 13:06:42,F3,0.0371,4.0119,0.5917,OK
2026-02-12 13:06:52,F1,0.0000,3.6191,0.5356,Bajo rango
2026-02-12 13:06:52,F2,21.9618,11.0278,1.6376,OK
2026-02-12 13:06:52,F3,0.0159,4.0051,0.5907,OK
2026-02-12 13:07:03,F1,0.0000,3.6216,0.5360,Bajo rango
2026-02-12 13:07:03,F2,21.5436,10.8939,1.6178,OK
2026-02-12 13:07:03,F3,0.1483,4.0475,0.5970,OK
2026-02-12 13:07:13,F1,0.0000,3.6064,0.5338,Bajo rango
2026-02-12 13:07:13,F2,21.8882,11.0042,1.6341,OK
2026-02-12 13:07:13,F3,0.0132,4.0042,0.5906,OK
2026-02-12 13:07:23,F1,0.0000,3.6106,0.5344,Bajo rango
2026-02-12 13:07:23,F2,21.5120,10.8838,1.6162,OK
2026-02-12 13:07:23,F3,0.0000,3.9822,0.5874,OK
2026-02-12 13:07:33,F1,0.0000,3.5870,0.5309,Bajo rango
2026-02-12 13:07:33,F2,21.4252,10.8561,1.6121,OK
2026-02-12 13:07:33,F3,0.1351,4.0432,0.5964,OK
2026-02-12 13:07:43,F1,0.0000,3.6402,0.5388,Bajo rango
2026-02-12 13:07:43,F2,21.5699,10.9024,1.6190,OK
2026-02-12 13:07:43,F3,0.0212,4.0068,0.5910,OK
2026-02-12 13:07:54,F1,0.0000,3.6064,0.5338,Bajo rango
2026-02-12 13:07:54,F2,21.9092,11.0109,1.6351,OK
2026-02-12 13:07:54,F3,0.0000,3.9975,0.5896,OK
2026-02-12 13:08:04,F1,0.0000,3.6106,0.5344,Bajo rango
2026-02-12 13:08:04,F2,21.5593,10.8990,1.6185,OK
2026-02-12 13:08:04,F3,0.0000,3.9551,0.5834,OK
2026-02-12 13:08:14,F1,0.0000,3.6292,0.5371,Bajo rango
2026-02-12 13:08:14,F2,21.3173,10.8215,1.6070,OK
2026-02-12 13:08:14,F3,0.0026,4.0008,0.5901,OK
2026-02-12 13:08:24,F1,0.0000,3.5760,0.5292,Bajo rango
2026-02-12 13:08:24,F2,21.4646,10.8687,1.6140,OK
2026-02-12 13:08:24,F3,0.0000,3.9839,0.5876,OK
2026-02-12 13:08:35,F1,0.0000,3.6064,0.5338,Bajo rango
2026-02-12 13:08:35,F2,21.6935,10.9419,1.6249,OK
2026-02-12 13:08:35,F3,0.0000,3.9898,0.5885,OK
2026-02-12 13:08:45,F1,0.0000,3.6081,0.5340,Bajo rango
2026-02-12 13:08:45,F2,21.2042,10.7854,1.6016,OK
2026-02-12 13:08:45,F3,0.0185,4.0059,0.5909,OK
2026-02-12 13:08:55,F1,0.0000,3.6242,0.5364,Bajo rango
2026-02-12 13:08:55,F2,21.2437,10.7980,1.6035,OK
2026-02-12 13:08:55,F3,0.0000,3.9729,0.5860,OK
2026-02-12 13:09:05,F1,0.0000,3.5988,0.5326,Bajo rango
2026-02-12 13:09:05,F2,21.4305,10.8577,1.6124,OK
2026-02-12 13:09:05,F3,0.0689,4.0220,0.5933,OK
2026-02-12 13:09:16,F1,0.0000,3.6064,0.5338,Bajo rango
2026-02-12 13:09:16,F2,21.5672,10.9015,1.6189,OK
2026-02-12 13:09:16,F3,0.0794,4.0254,0.5938,OK
2026-02-12 13:09:26,F1,0.0000,3.6073,0.5339,Bajo rango
2026-02-12 13:09:26,F2,21.4068,10.8502,1.6113,OK
2026-02-12 13:09:26,F3,0.0000,3.9898,0.5885,OK
2026-02-12 13:09:36,F1,0.0000,3.5912,0.5315,Bajo rango
2026-02-12 13:09:36,F2,21.3094,10.8190,1.6066,OK
2026-02-12 13:09:36,F3,0.0026,4.0008,0.5901,OK
2026-02-12 13:09:46,F1,0.0000,3.6267,0.5368,Bajo rango
2026-02-12 13:09:46,F2,21.5225,10.8872,1.6168,OK
2026-02-12 13:09:46,F3,0.0000,3.9839,0.5876,OK
2026-02-12 13:09:56,F1,0.0000,3.6047,0.5335,Bajo rango
2026-02-12 13:09:56,F2,21.8592,10.9949,1.6327,OK
2026-02-12 13:09:56,F3,0.0000,3.9559,0.5835,OK
2026-02-12 13:10:07,F1,0.0000,3.6090,0.5341,Bajo rango
2026-02-12 13:10:07,F2,21.5094,10.8830,1.6161,OK
2026-02-12 13:10:07,F3,0.0636,4.0203,0.5930,OK
2026-02-12 13:10:17,F1,0.0000,3.6233,0.5363,Bajo rango
2026-02-12 13:10:17,F2,22.2406,11.1170,1.6509,OK
2026-02-12 13:10:17,F3,0.0000,3.9847,0.5877,OK
2026-02-12 13:10:27,F1,0.0000,3.6140,0.5349,Bajo rango
2026-02-12 13:10:27,F2,22.1486,11.0875,1.6465,OK
2026-02-12 13:10:27,F3,0.0000,3.9941,0.5891,OK
2026-02-12 13:10:37,F1,0.0000,3.5912,0.5315,Bajo rango
2026-02-12 13:10:37,F2,22.3011,11.1364,1.6538,OK
2026-02-12 13:10:37,F3,0.0000,3.9941,0.5891,OK
2026-02-12 13:10:48,F1,0.0000,3.6081,0.5340,Bajo rango
2026-02-12 13:10:48,F2,22.4221,11.1751,1.6595,OK
2026-02-12 13:10:48,F3,0.0000,3.9958,0.5894,OK
2026-02-12 13:10:58,F1,0.0000,3.5988,0.5326,Bajo rango
2026-02-12 13:10:58,F2,22.6878,11.2601,1.6721,OK
2026-02-12 13:10:58,F3,0.0000,3.9958,0.5894,OK
2026-02-12 13:11:08,F1,0.0000,3.5963,0.5323,Bajo rango
2026-02-12 13:11:08,F2,22.4011,11.1684,1.6585,OK
2026-02-12 13:11:08,F3,0.0000,3.9907,0.5886,OK
2026-02-12 13:11:18,F1,0.0000,3.5870,0.5309,Bajo rango
2026-02-12 13:11:18,F2,22.3774,11.1608,1.6574,OK
2026-02-12 13:11:18,F3,0.0000,3.9695,0.5855,OK
2026-02-12 13:11:28,F1,0.0000,3.5701,0.5284,Bajo rango
2026-02-12 13:11:28,F2,22.3090,11.1389,1.6541,OK
2026-02-12 13:11:28,F3,0.0000,3.9475,0.5823,OK
2026-02-12 13:11:39,F1,0.0000,3.6047,0.5335,Bajo rango
2026-02-12 13:11:39,F2,21.4568,10.8662,1.6136,OK
2026-02-12 13:11:39,F3,0.0000,3.9712,0.5857,OK
2026-02-12 13:11:49,F1,0.0000,3.5937,0.5319,Bajo rango
2026-02-12 13:11:49,F2,20.1441,10.4461,1.5513,OK
2026-02-12 13:11:49,F3,0.0000,3.9771,0.5866,OK
2026-02-12 13:11:59,F1,0.0000,3.6056,0.5336,Bajo rango
2026-02-12 13:11:59,F2,18.7500,10.0000,1.4850,OK
2026-02-12 13:11:59,F3,0.0053,4.0017,0.5903,OK
2026-02-12 13:12:09,F1,0.0000,3.5997,0.5328,Bajo rango
2026-02-12 13:12:09,F2,18.8763,10.0404,1.4910,OK
2026-02-12 13:12:09,F3,0.0000,3.9746,0.5863,OK
2026-02-12 13:12:19,F1,0.0000,3.6064,0.5338,Bajo rango
2026-02-12 13:12:19,F2,18.9420,10.0614,1.4941,OK
2026-02-12 13:12:19,F3,0.0000,3.9924,0.5889,OK
2026-02-12 13:12:30,F1,0.0000,3.5870,0.5309,Bajo rango
2026-02-12 13:12:30,F2,19.4760,10.2323,1.5195,OK
2026-02-12 13:12:30,F3,0.0079,4.0025,0.5904,OK
2026-02-12 13:12:40,F1,0.0000,3.6014,0.5330,Bajo rango
2026-02-12 13:12:40,F2,18.9394,10.0606,1.4940,OK
2026-02-12 13:12:40,F3,0.0000,3.9975,0.5896,OK
2026-02-12 13:12:50,F1,0.0000,3.6216,0.5360,Bajo rango
2026-02-12 13:12:50,F2,19.2551,10.1616,1.5090,OK
2026-02-12 13:12:50,F3,0.0000,3.9992,0.5899,OK
2026-02-12 13:13:00,F1,0.0000,3.5861,0.5308,Bajo rango
2026-02-12 13:13:00,F2,19.6391,10.2845,1.5272,OK
2026-02-12 13:13:00,F3,0.0000,3.9559,0.5835,OK
2026-02-12 13:13:10,F1,0.0000,3.6090,0.5341,Bajo rango
2026-02-12 13:13:10,F2,19.5681,10.2618,1.5239,OK
2026-02-12 13:13:10,F3,0.0742,4.0237,0.5935,OK
2026-02-12 13:13:21,F1,0.0000,3.5954,0.5321,Bajo rango
2026-02-12 13:13:21,F2,19.6365,10.2837,1.5271,OK
2026-02-12 13:13:21,F3,0.0000,3.9763,0.5865,OK
2026-02-12 13:13:31,F1,0.0000,3.6140,0.5349,Bajo rango
2026-02-12 13:13:31,F2,19.8364,10.3476,1.5366,OK
2026-02-12 13:13:31,F3,0.1510,4.0483,0.5971,OK
2026-02-12 13:13:41,F1,0.0000,3.6030,0.5333,Bajo rango
2026-02-12 13:13:41,F2,19.7417,10.3173,1.5321,OK
2026-02-12 13:13:41,F3,0.0000,3.9907,0.5886,OK
2026-02-12 13:13:51,F1,0.0000,3.6225,0.5361,Bajo rango
2026-02-12 13:13:51,F2,19.8495,10.3519,1.5373,OK
2026-02-12 13:13:51,F3,0.0000,3.9924,0.5889,OK
2026-02-12 13:14:01,F1,0.0000,3.5904,0.5314,Bajo rango
2026-02-12 13:14:01,F2,20.2704,10.4865,1.5573,OK
2026-02-12 13:14:01,F3,0.0000,3.9949,0.5893,OK
2026-02-12 13:14:12,F1,0.0000,3.6047,0.5335,Bajo rango
2026-02-12 13:14:12,F2,20.4730,10.5513,1.5669,OK
2026-02-12 13:14:12,F3,0.0636,4.0203,0.5930,OK
2026-02-12 13:14:22,F1,0.0000,3.5937,0.5319,Bajo rango
2026-02-12 13:14:22,F2,20.3335,10.5067,1.5603,OK
2026-02-12 13:14:22,F3,0.0079,4.0025,0.5904,OK
2026-02-12 13:14:32,F1,0.0000,3.5828,0.5302,Bajo rango
2026-02-12 13:14:32,F2,20.9754,10.7121,1.5908,OK
2026-02-12 13:14:32,F3,0.0371,4.0119,0.5917,OK
2026-02-12 13:14:42,F1,0.0000,3.6115,0.5345,Bajo rango
2026-02-12 13:14:42,F2,20.7176,10.6296,1.5785,OK
2026-02-12 13:14:42,F3,0.0159,4.0051,0.5907,OK
2026-02-12 13:14:53,F1,0.0000,3.6081,0.5340,Bajo rango
2026-02-12 13:14:53,F2,20.6808,10.6178,1.5768,OK
2026-02-12 13:14:53,F3,0.0000,3.9847,0.5877,OK
2026-02-12 13:15:03,F1,0.0000,3.6115,0.5345,Bajo rango
2026-02-12 13:15:03,F2,20.7360,10.6355,1.5794,OK
2026-02-12 13:15:03,F3,0.0450,4.0144,0.5921,OK
2026-02-12 13:15:13,F1,0.0000,3.6132,0.5348,Bajo rango
2026-02-12 13:15:13,F2,20.7807,10.6498,1.5815,OK
2026-02-12 13:15:13,F3,0.0000,3.9856,0.5879,OK
2026-02-12 13:15:23,F1,0.0000,3.6047,0.5335,Bajo rango
2026-02-12 13:15:23,F2,21.2647,10.8047,1.6045,OK
2026-02-12 13:15:23,F3,0.0000,3.9932,0.5890,OK
2026-02-12 13:15:33,F1,0.0000,3.5929,0.5318,Bajo rango
2026-02-12 13:15:33,F2,21.3726,10.8392,1.6096,OK
2026-02-12 13:15:33,F3,0.0000,3.9975,0.5896,OK
2026-02-12 13:15:44,F1,0.0000,3.6064,0.5338,Bajo rango
2026-02-12 13:15:44,F2,21.3963,10.8468,1.6108,OK
2026-02-12 13:15:44,F3,0.0556,4.0178,0.5926,OK
2026-02-12 13:15:54,F1,0.0000,3.6258,0.5366,Bajo rango
2026-02-12 13:15:54,F2,21.6172,10.9175,1.6213,OK
2026-02-12 13:15:54,F3,0.0000,3.9873,0.5881,OK
2026-02-12 13:16:04,F1,0.0000,3.6157,0.5351,Bajo rango
2026-02-12 13:16:04,F2,22.0802,11.0657,1.6433,OK
2026-02-12 13:16:04,F3,0.0000,3.9407,0.5813,OK
2026-02-12 13:16:14,F1,0.0000,3.5929,0.5318,Bajo rango
2026-02-12 13:16:14,F2,21.3042,10.8173,1.6064,OK
2026-02-12 13:16:14,F3,0.0371,4.0119,0.5917,OK
2026-02-12 13:16:25,F1,0.0000,3.6073,0.5339,Bajo rango
2026-02-12 13:16:25,F2,21.1095,10.7551,1.5971,OK
2026-02-12 13:16:25,F3,0.0212,4.0068,0.5910,OK
2026-02-12 13:16:35,F1,0.0000,3.5988,0.5326,Bajo rango
2026-02-12 13:16:35,F2,22.1722,11.0951,1.6476,OK
2026-02-12 13:16:35,F3,0.0265,4.0085,0.5913,OK
2026-02-12 13:16:45,F1,0.0000,3.5980,0.5325,Bajo rango
2026-02-12 13:16:45,F2,21.4094,10.8510,1.6114,OK
2026-02-12 13:16:45,F3,0.0000,3.9898,0.5885,OK
2026-02-12 13:16:55,F1,0.0000,3.5954,0.5321,Bajo rango
2026-02-12 13:16:55,F2,22.3906,11.1650,1.6580,OK
2026-02-12 13:16:55,F3,0.0000,3.9805,0.5871,OK
2026-02-12 13:17:05,F1,0.0000,3.6090,0.5341,Bajo rango
2026-02-12 13:17:05,F2,21.5409,10.8931,1.6176,OK
2026-02-12 13:17:05,F3,0.0026,4.0008,0.5901,OK
2026-02-12 13:17:16,F1,0.0000,3.5929,0.5318,Bajo rango
2026-02-12 13:17:16,F2,21.1569,10.7702,1.5994,OK
2026-02-12 13:17:16,F3,0.0238,4.0076,0.5911,OK
2026-02-12 13:17:26,F1,0.0000,3.6106,0.5344,Bajo rango
2026-02-12 13:17:26,F2,21.4646,10.8687,1.6140,OK
2026-02-12 13:17:26,F3,0.0000,3.9754,0.5864,OK
2026-02-12 13:17:36,F1,0.0000,3.5963,0.5323,Bajo rango
2026-02-12 13:17:36,F2,20.9044,10.6894,1.5874,OK
2026-02-12 13:17:36,F3,0.0079,4.0025,0.5904,OK
2026-02-12 13:17:46,F1,0.0000,3.6030,0.5333,Bajo rango
2026-02-12 13:17:46,F2,20.4677,10.5497,1.5666,OK
2026-02-12 13:17:46,F3,0.0291,4.0093,0.5914,OK
2026-02-12 13:17:56,F1,0.0000,3.6073,0.5339,Bajo rango
2026-02-12 13:17:56,F2,21.0148,10.7247,1.5926,OK
2026-02-12 13:17:56,F3,0.0000,3.9585,0.5839,OK
2026-02-12 13:18:07,F1,0.0000,3.6182,0.5355,Bajo rango
2026-02-12 13:18:07,F2,20.6282,10.6010,1.5742,OK
2026-02-12 13:18:07,F3,0.0000,3.9729,0.5860,OK
2026-02-12 13:18:17,F1,0.0000,3.6014,0.5330,Bajo rango
2026-02-12 13:18:17,F2,21.0306,10.7298,1.5934,OK
2026-02-12 13:18:17,F3,0.0000,3.9627,0.5845,OK
2026-02-12 13:18:27,F1,0.0000,3.6115,0.5345,Bajo rango
2026-02-12 13:18:27,F2,20.8781,10.6810,1.5861,OK
2026-02-12 13:18:27,F3,0.0000,3.9941,0.5891,OK
2026-02-12 13:18:37,F1,0.0000,3.6022,0.5331,Bajo rango
2026-02-12 13:18:37,F2,20.8649,10.6768,1.5855,OK
2026-02-12 13:18:37,F3,0.0000,3.9686,0.5854,OK
2026-02-12 13:18:47,F1,0.0000,3.5988,0.5326,Bajo rango
2026-02-12 13:18:47,F2,20.6019,10.5926,1.5730,OK
2026-02-12 13:18:47,F3,0.0000,3.9890,0.5884,OK
2026-02-12 13:18:58,F1,0.0000,3.5904,0.5314,Bajo rango
2026-02-12 13:18:58,F2,20.9885,10.7163,1.5914,OK
2026-02-12 13:18:58,F3,0.0530,4.0169,0.5925,OK
2026-02-12 13:19:08,F1,0.0000,3.5819,0.5301,Bajo rango
2026-02-12 13:19:08,F2,20.5519,10.5766,1.5706,OK
2026-02-12 13:19:08,F3,0.0344,4.0110,0.5916,OK
2026-02-12 13:19:18,F1,0.0000,3.6056,0.5336,Bajo rango
2026-02-12 13:19:18,F2,20.6360,10.6035,1.5746,OK
2026-02-12 13:19:18,F3,0.0000,3.9805,0.5871,OK
2026-02-12 13:19:28,F1,0.0000,3.5861,0.5308,Bajo rango
2026-02-12 13:19:28,F2,20.9386,10.7003,1.5890,OK
2026-02-12 13:19:28,F3,0.0000,3.9966,0.5895,OK
2026-02-12 13:19:39,F1,0.0000,3.6030,0.5333,Bajo rango
2026-02-12 13:19:39,F2,20.8097,10.6591,1.5829,OK
2026-02-12 13:19:39,F3,0.0000,3.9771,0.5866,OK
2026-02-12 13:19:49,F1,0.0000,3.5946,0.5320,Bajo rango
2026-02-12 13:19:49,F2,20.4887,10.5564,1.5676,OK
2026-02-12 13:19:49,F3,0.0000,3.9907,0.5886,OK
2026-02-12 13:19:59,F1,0.0000,3.5819,0.5301,Bajo rango
2026-02-12 13:19:59,F2,20.5177,10.5657,1.5690,OK
2026-02-12 13:19:59,F3,0.0000,3.9720,0.5859,OK
2026-02-12 13:20:09,F1,0.0000,3.6216,0.5360,Bajo rango
2026-02-12 13:20:09,F2,22.2932,11.1338,1.6534,OK
2026-02-12 13:20:09,F3,0.0000,3.9983,0.5897,OK
2026-02-12 13:20:19,F1,0.0000,3.5997,0.5328,Bajo rango
2026-02-12 13:20:19,F2,19.8232,10.3434,1.5360,OK
2026-02-12 13:20:19,F3,0.0768,4.0246,0.5936,OK
2026-02-12 13:20:30,F1,0.0000,3.5743,0.5290,Bajo rango
2026-02-12 13:20:30,F2,21.3778,10.8409,1.6099,OK
2026-02-12 13:20:30,F3,0.0000,3.9822,0.5874,OK
2026-02-12 13:20:40,F1,0.0000,3.6081,0.5340,Bajo rango
2026-02-12 13:20:40,F2,21.2042,10.7854,1.6016,OK
2026-02-12 13:20:40,F3,0.0000,3.9839,0.5876,OK
2026-02-12 13:20:50,F1,0.0000,3.6090,0.5341,Bajo rango
2026-02-12 13:20:50,F2,21.0043,10.7214,1.5921,OK
2026-02-12 13:20:50,F3,0.0000,3.9729,0.5860,OK
2026-02-12 13:21:00,F1,0.0000,3.6199,0.5358,Bajo rango
2026-02-12 13:21:00,F2,20.8781,10.6810,1.5861,OK
2026-02-12 13:21:00,F3,0.0000,3.9831,0.5875,OK
2026-02-12 13:21:10,F1,0.0000,3.6191,0.5356,Bajo rango
2026-02-12 13:21:10,F2,20.8965,10.6869,1.5870,OK
2026-02-12 13:21:10,F3,0.0026,4.0008,0.5901,OK
2026-02-12 13:21:21,F1,0.0000,3.6005,0.5329,Bajo rango
2026-02-12 13:21:21,F2,20.6124,10.5960,1.5735,OK
2026-02-12 13:21:21,F3,0.0000,3.9983,0.5897,OK
2026-02-12 13:21:31,F1,0.0000,3.6123,0.5346,Bajo rango
2026-02-12 13:21:31,F2,21.2148,10.7887,1.6021,OK
2026-02-12 13:21:31,F3,0.0000,3.9746,0.5863,OK
2026-02-12 13:21:41,F1,0.0000,3.6208,0.5359,Bajo rango
2026-02-12 13:21:41,F2,21.0911,10.7492,1.5962,OK
2026-02-12 13:21:41,F3,0.1192,4.0381,0.5956,OK
2026-02-12 13:21:51,F1,0.0000,3.6106,0.5344,Bajo rango
2026-02-12 13:21:51,F2,21.2200,10.7904,1.6024,OK
2026-02-12 13:21:51,F3,0.0000,3.9788,0.5869,OK
2026-02-12 13:22:02,F1,0.0000,3.5937,0.5319,Bajo rango
2026-02-12 13:22:02,F2,20.8912,10.6852,1.5868,OK
2026-02-12 13:22:02,F3,0.0000,3.9534,0.5831,OK
2026-02-12 13:22:12,F1,0.0000,3.6005,0.5329,Bajo rango
2026-02-12 13:22:12,F2,21.0938,10.7500,1.5964,OK
2026-02-12 13:22:12,F3,0.0000,3.9881,0.5883,OK
2026-02-12 13:22:22,F1,0.0000,3.6090,0.5341,Bajo rango
2026-02-12 13:22:22,F2,21.3621,10.8359,1.6091,OK
2026-02-12 13:22:22,F3,0.0000,4.0000,0.5900,OK
2026-02-12 13:22:32,F1,0.0000,3.6081,0.5340,Bajo rango
2026-02-12 13:22:32,F2,21.3989,10.8476,1.6109,OK
2026-02-12 13:22:32,F3,0.0238,4.0076,0.5911,OK
2026-02-12 13:22:42,F1,0.0000,3.6132,0.5348,Bajo rango
2026-02-12 13:22:42,F2,21.3305,10.8258,1.6076,OK
2026-02-12 13:22:42,F3,0.0000,3.9881,0.5883,OK
2026-02-12 13:22:53,F1,0.0000,3.6005,0.5329,Bajo rango
2026-02-12 13:22:53,F2,21.4173,10.8535,1.6118,OK
2026-02-12 13:22:53,F3,0.0000,3.9636,0.5846,OK
2026-02-12 13:23:03,F1,0.0000,3.6292,0.5371,Bajo rango
2026-02-12 13:23:03,F2,21.1884,10.7803,1.6009,OK
2026-02-12 13:23:03,F3,0.0000,3.9542,0.5833,OK
2026-02-12 13:23:13,F1,0.0000,3.5971,0.5324,Bajo rango
2026-02-12 13:23:13,F2,21.1674,10.7736,1.5999,OK
2026-02-12 13:23:13,F3,0.0000,3.9992,0.5899,OK
2026-02-12 13:23:23,F1,0.0000,3.6081,0.5340,Bajo rango
2026-02-12 13:23:23,F2,20.9307,10.6978,1.5886,OK
2026-02-12 13:23:23,F3,0.0000,3.9695,0.5855,OK
2026-02-12 13:23:34,F1,0.0000,3.6014,0.5330,Bajo rango
2026-02-12 13:23:34,F2,21.5778,10.9049,1.6194,OK
2026-02-12 13:23:34,F3,0.0000,3.9771,0.5866,OK
2026-02-12 13:23:44,F1,0.0000,3.6140,0.5349,Bajo rango
2026-02-12 13:23:44,F2,21.6277,10.9209,1.6218,OK
2026-02-12 13:23:44,F3,0.0000,3.9915,0.5887,OK
2026-02-12 13:23:54,F1,0.0000,3.6098,0.5343,Bajo rango
2026-02-12 13:23:54,F2,21.5304,10.8897,1.6171,OK
2026-02-12 13:23:54,F3,0.0000,3.9746,0.5863,OK
2026-02-12 13:24:04,F1,0.0000,3.6149,0.5350,Bajo rango
2026-02-12 13:24:04,F2,21.6120,10.9158,1.6210,OK
2026-02-12 13:24:04,F3,0.0000,3.9966,0.5895,OK
2026-02-12 13:24:14,F1,0.0000,3.5921,0.5316,Bajo rango
2026-02-12 13:24:14,F2,21.5067,10.8822,1.6160,OK
2026-02-12 13:24:14,F3,0.0212,4.0068,0.5910,OK
2026-02-12 13:24:25,F1,0.0000,3.6022,0.5331,Bajo rango
2026-02-12 13:24:25,F2,21.5041,10.8813,1.6159,OK
2026-02-12 13:24:25,F3,0.0000,3.9720,0.5859,OK
2026-02-12 13:24:35,F1,0.0000,3.6014,0.5330,Bajo rango
2026-02-12 13:24:35,F2,21.8513,10.9924,1.6324,OK
2026-02-12 13:24:35,F3,0.0000,3.9814,0.5873,OK
2026-02-12 13:24:45,F1,0.0000,3.5845,0.5305,Bajo rango
2026-02-12 13:24:45,F2,21.5646,10.9007,1.6188,OK
2026-02-12 13:24:45,F3,0.0000,3.9712,0.5857,OK
2026-02-12 13:24:55,F1,0.0000,3.6056,0.5336,Bajo rango
2026-02-12 13:24:55,F2,22.6878,11.2601,1.6721,OK
2026-02-12 13:24:55,F3,0.0000,3.9881,0.5883,OK
2026-02-12 13:25:05,F1,0.0000,3.5887,0.5311,Bajo rango
2026-02-12 13:25:05,F2,22.1223,11.0791,1.6453,OK
2026-02-12 13:25:05,F3,0.0000,3.9720,0.5859,OK
2026-02-12 13:25:16,F1,0.0000,3.5963,0.5323,Bajo rango
2026-02-12 13:25:16,F2,22.3090,11.1389,1.6541,OK
2026-02-12 13:25:16,F3,0.0000,3.9669,0.5851,OK
2026-02-12 13:25:26,F1,0.0000,3.6047,0.5335,Bajo rango
2026-02-12 13:25:26,F2,22.3695,11.1582,1.6570,OK
2026-02-12 13:25:26,F3,0.0000,3.9915,0.5887,OK
2026-02-12 13:25:36,F1,0.0000,3.6106,0.5344,Bajo rango
2026-02-12 13:25:36,F2,22.3117,11.1397,1.6542,OK
2026-02-12 13:25:36,F3,0.0000,3.9754,0.5864,OK
2026-02-12 13:25:46,F1,0.0000,3.6191,0.5356,Bajo rango
2026-02-12 13:25:46,F2,22.5589,11.2189,1.6660,OK
2026-02-12 13:25:46,F3,0.0000,3.9983,0.5897,OK
2026-02-12 13:25:56,F1,0.0000,3.5836,0.5304,Bajo rango
2026-02-12 13:25:56,F2,22.5589,11.2189,1.6660,OK
2026-02-12 13:25:56,F3,0.0000,3.9847,0.5877,OK
2026-02-12 13:26:07,F1,0.0000,3.5878,0.5310,Bajo rango
2026-02-12 13:26:07,F2,22.4195,11.1742,1.6594,OK
2026-02-12 13:26:07,F3,0.0000,3.9941,0.5891,OK
2026-02-12 13:26:17,F1,0.0000,3.5887,0.5311,Bajo rango
2026-02-12 13:26:17,F2,22.2722,11.1271,1.6524,OK
2026-02-12 13:26:17,F3,0.0000,3.9695,0.5855,OK
2026-02-12 13:26:27,F1,0.0000,3.6081,0.5340,Bajo rango
2026-02-12 13:26:27,F2,22.4142,11.1726,1.6591,OK
2026-02-12 13:26:27,F3,0.0000,3.9856,0.5879,OK
2026-02-12 13:26:37,F1,0.0000,3.5963,0.5323,Bajo rango
2026-02-12 13:26:37,F2,22.4590,11.1869,1.6613,OK
2026-02-12 13:26:37,F3,0.0371,4.0119,0.5917,OK
2026-02-12 13:26:48,F1,0.0000,3.6047,0.5335,Bajo rango
2026-02-12 13:26:48,F2,22.5563,11.2180,1.6659,OK
2026-02-12 13:26:48,F3,0.0477,4.0153,0.5923,OK
2026-02-12 13:26:58,F1,0.0000,3.5845,0.5305,Bajo rango
2026-02-12 13:26:58,F2,22.3879,11.1641,1.6579,OK
2026-02-12 13:26:58,F3,0.0000,3.9797,0.5870,OK
2026-02-12 13:27:08,F1,0.0000,3.6064,0.5338,Bajo rango
2026-02-12 13:27:08,F2,22.5642,11.2205,1.6663,OK
2026-02-12 13:27:08,F3,0.0397,4.0127,0.5919,OK
2026-02-12 13:27:18,F1,0.0000,3.6039,0.5334,Bajo rango
2026-02-12 13:27:18,F2,22.4537,11.1852,1.6610,OK
2026-02-12 13:27:18,F3,0.0000,3.9720,0.5859,OK
2026-02-12 13:27:28,F1,0.0000,3.6022,0.5331,Bajo rango
2026-02-12 13:27:28,F2,22.3827,11.1625,1.6576,OK
2026-02-12 13:27:28,F3,0.0265,4.0085,0.5913,OK
2026-02-12 13:27:39,F1,0.0000,3.5988,0.5326,Bajo rango
2026-02-12 13:27:39,F2,22.4747,11.1919,1.6620,OK
2026-02-12 13:27:39,F3,0.0000,4.0000,0.5900,OK
2026-02-12 13:27:49,F1,0.0000,3.6106,0.5344,Bajo rango
2026-02-12 13:27:49,F2,22.7667,11.2854,1.6759,OK
2026-02-12 13:27:49,F3,0.0000,3.9703,0.5856,OK
2026-02-12 13:27:59,F1,0.0000,3.5819,0.5301,Bajo rango
2026-02-12 13:27:59,F2,22.9140,11.3325,1.6829,OK
2026-02-12 13:27:59,F3,0.0000,3.9797,0.5870,OK
2026-02-12 13:28:09,F1,0.0000,3.6022,0.5331,Bajo rango
2026-02-12 13:28:09,F2,21.7487,10.9596,1.6275,OK
2026-02-12 13:28:09,F3,0.0000,3.9703,0.5856,OK
2026-02-12 13:28:19,F1,0.0000,3.5929,0.5318,Bajo rango
2026-02-12 13:28:19,F2,20.3993,10.5278,1.5634,OK
2026-02-12 13:28:19,F3,0.0000,3.9907,0.5886,OK
2026-02-12 13:28:30,F1,0.0000,3.5963,0.5323,Bajo rango
2026-02-12 13:28:30,F2,19.4681,10.2298,1.5191,OK
2026-02-12 13:28:30,F3,0.0397,4.0127,0.5919,OK
2026-02-12 13:28:40,F1,0.0000,3.5954,0.5321,Bajo rango
2026-02-12 13:28:40,F2,19.2261,10.1524,1.5076,OK
2026-02-12 13:28:40,F3,0.0583,4.0186,0.5927,OK
2026-02-12 13:28:50,F1,0.0000,3.5836,0.5304,Bajo rango
2026-02-12 13:28:50,F2,19.7548,10.3215,1.5328,OK
2026-02-12 13:28:50,F3,0.0000,3.9898,0.5885,OK
2026-02-12 13:29:00,F1,0.0000,3.5912,0.5315,Bajo rango
2026-02-12 13:29:00,F2,19.7917,10.3333,1.5345,OK
2026-02-12 13:29:00,F3,0.0000,3.9517,0.5829,OK
2026-02-12 13:29:11,F1,0.0000,3.5980,0.5325,Bajo rango
2026-02-12 13:29:11,F2,19.6233,10.2795,1.5265,OK
2026-02-12 13:29:11,F3,0.0000,3.9729,0.5860,OK
2026-02-12 13:29:21,F1,0.0000,3.5997,0.5328,Bajo rango
2026-02-12 13:29:21,F2,19.8338,10.3468,1.5365,OK
2026-02-12 13:29:21,F3,0.0000,3.9924,0.5889,OK
2026-02-12 13:29:31,F1,0.0000,3.5769,0.5294,Bajo rango
2026-02-12 13:29:31,F2,19.6575,10.2904,1.5281,OK
2026-02-12 13:29:31,F3,0.0000,3.9975,0.5896,OK
2026-02-12 13:29:41,F1,0.0000,3.6030,0.5333,Bajo rango
2026-02-12 13:29:41,F2,19.6496,10.2879,1.5277,OK
2026-02-12 13:29:41,F3,0.0000,3.9754,0.5864,OK
2026-02-12 13:29:51,F1,0.0000,3.5912,0.5315,Bajo rango
2026-02-12 13:29:51,F2,19.8153,10.3409,1.5356,OK
2026-02-12 13:29:51,F3,0.0000,3.9975,0.5896,OK
2026-02-12 13:30:02,F1,0.0000,3.5937,0.5319,Bajo rango
2026-02-12 13:30:02,F2,19.9574,10.3864,1.5424,OK
2026-02-12 13:30:02,F3,0.0397,4.0127,0.5919,OK
2026-02-12 13:30:12,F1,0.0000,3.5921,0.5316,Bajo rango
2026-02-12 13:30:12,F2,20.0416,10.4133,1.5464,OK
2026-02-12 13:30:12,F3,0.0000,3.9653,0.5849,OK
2026-02-12 13:30:22,F1,0.0000,3.5971,0.5324,Bajo rango
2026-02-12 13:30:22,F2,20.0337,10.4108,1.5460,OK
2026-02-12 13:30:22,F3,0.0000,3.9839,0.5876,OK
2026-02-12 13:30:32,F1,0.0000,3.5878,0.5310,Bajo rango
2026-02-12 13:30:32,F2,19.9890,10.3965,1.5439,OK
2026-02-12 13:30:32,F3,0.0185,4.0059,0.5909,OK
2026-02-12 13:30:42,F1,0.0000,3.6047,0.5335,Bajo rango
2026-02-12 13:30:42,F2,19.9153,10.3729,1.5404,OK
2026-02-12 13:30:42,F3,0.0344,4.0110,0.5916,OK
2026-02-12 13:30:53,F1,0.0000,3.5997,0.5328,Bajo rango
2026-02-12 13:30:53,F2,19.8627,10.3561,1.5379,OK
2026-02-12 13:30:53,F3,0.0000,3.9678,0.5853,OK
2026-02-12 13:31:03,F1,0.0000,3.5726,0.5288,Bajo rango
2026-02-12 13:31:03,F2,20.0389,10.4125,1.5463,OK
2026-02-12 13:31:03,F3,0.0159,4.0051,0.5907,OK
2026-02-12 13:31:13,F1,0.0000,3.6030,0.5333,Bajo rango
2026-02-12 13:31:13,F2,20.0021,10.4007,1.5445,OK
2026-02-12 13:31:13,F3,0.0000,3.9780,0.5867,OK
2026-02-12 13:31:23,F1,0.0000,3.5921,0.5316,Bajo rango
2026-02-12 13:31:23,F2,20.0573,10.4184,1.5471,OK
2026-02-12 13:31:23,F3,0.0000,3.9627,0.5845,OK
2026-02-12 13:31:34,F1,0.0000,3.6022,0.5331,Bajo rango
2026-02-12 13:31:34,F2,20.1152,10.4369,1.5499,OK
2026-02-12 13:31:34,F3,0.0000,3.9805,0.5871,OK
2026-02-12 13:31:44,F1,0.0000,3.6039,0.5334,Bajo rango
2026-02-12 13:31:44,F2,20.3257,10.5042,1.5599,OK
2026-02-12 13:31:44,F3,0.0000,3.9847,0.5877,OK
2026-02-12 13:31:54,F1,0.0000,3.5980,0.5325,Bajo rango
2026-02-12 13:31:54,F2,20.2283,10.4731,1.5553,OK
2026-02-12 13:31:54,F3,0.0000,3.9729,0.5860,OK
2026-02-12 13:32:04,F1,0.0000,3.5811,0.5300,Bajo rango
2026-02-12 13:32:04,F2,20.2993,10.4958,1.5586,OK
2026-02-12 13:32:04,F3,0.0185,4.0059,0.5909,OK
2026-02-12 13:32:14,F1,0.0000,3.5997,0.5328,Bajo rango
2026-02-12 13:32:14,F2,20.2520,10.4806,1.5564,OK
2026-02-12 13:32:14,F3,0.0344,4.0110,0.5916,OK
2026-02-12 13:32:25,F1,0.0000,3.5988,0.5326,Bajo rango
2026-02-12 13:32:25,F2,20.3020,10.4966,1.5588,OK
2026-02-12 13:32:25,F3,0.0000,3.9847,0.5877,OK
2026-02-12 13:32:35,F1,0.0000,3.6090,0.5341,Bajo rango
2026-02-12 13:32:35,F2,20.7150,10.6288,1.5784,OK
2026-02-12 13:32:35,F3,0.0000,3.9797,0.5870,OK
2026-02-12 13:32:45,F1,0.0000,3.6073,0.5339,Bajo rango
2026-02-12 13:32:45,F2,20.5045,10.5614,1.5684,OK
2026-02-12 13:32:45,F3,0.0000,3.9780,0.5867,OK
2026-02-12 13:32:55,F1,0.0000,3.6090,0.5341,Bajo rango
2026-02-12 13:32:55,F2,20.9543,10.7054,1.5897,OK
2026-02-12 13:32:55,F3,0.0000,3.9864,0.5880,OK
2026-02-12 13:33:06,F1,0.0000,3.5937,0.5319,Bajo rango
2026-02-12 13:33:06,F2,20.4809,10.5539,1.5673,OK
2026-02-12 13:33:06,F3,0.0000,3.9881,0.5883,OK
2026-02-12 13:33:16,F1,0.0000,3.6073,0.5339,Bajo rango
2026-02-12 13:33:16,F2,20.4493,10.5438,1.5657,OK
2026-02-12 13:33:16,F3,0.0318,4.0102,0.5915,OK
2026-02-12 13:33:26,F1,0.0000,3.5971,0.5324,Bajo rango
2026-02-12 13:33:26,F2,20.6834,10.6187,1.5769,OK
2026-02-12 13:33:26,F3,0.0000,3.9797,0.5870,OK
2026-02-12 13:33:36,F1,0.0000,3.5836,0.5304,Bajo rango
2026-02-12 13:33:36,F2,20.6124,10.5960,1.5735,OK
2026-02-12 13:33:36,F3,0.0000,3.9797,0.5870,OK
2026-02-12 13:33:46,F1,0.0000,3.5921,0.5316,Bajo rango
2026-02-12 13:33:46,F2,20.8412,10.6692,1.5844,OK
2026-02-12 13:33:46,F3,0.0000,3.9686,0.5854,OK
2026-02-12 13:33:57,F1,0.0000,3.5946,0.5320,Bajo rango
2026-02-12 13:33:57,F2,20.6282,10.6010,1.5742,OK
2026-02-12 13:33:57,F3,0.0000,3.9449,0.5819,OK
2026-02-12 13:34:07,F1,0.0000,3.5954,0.5321,Bajo rango
2026-02-12 13:34:07,F2,20.3704,10.5185,1.5620,OK
2026-02-12 13:34:07,F3,0.0000,3.9788,0.5869,OK
2026-02-12 13:34:17,F1,0.0000,3.5895,0.5312,Bajo rango
2026-02-12 13:34:17,F2,20.7229,10.6313,1.5788,OK
2026-02-12 13:34:17,F3,0.0000,3.9602,0.5841,OK
2026-02-12 13:34:27,F1,0.0000,3.5997,0.5328,Bajo rango
2026-02-12 13:34:27,F2,20.2678,10.4857,1.5571,OK
2026-02-12 13:34:27,F3,0.0000,3.9873,0.5881,OK
2026-02-12 13:34:38,F1,0.0000,3.5895,0.5312,Bajo rango
2026-02-12 13:34:38,F2,20.5913,10.5892,1.5725,OK
2026-02-12 13:34:38,F3,0.0000,3.9847,0.5877,OK
2026-02-12 13:34:48,F1,0.0000,3.5794,0.5298,Bajo rango
2026-02-12 13:34:48,F2,20.7702,10.6465,1.5810,OK
2026-02-12 13:34:48,F3,0.0000,3.9949,0.5893,OK
2026-02-12 13:34:58,F1,0.0000,3.5752,0.5291,Bajo rango
2026-02-12 13:34:58,F2,20.8544,10.6734,1.5850,OK
2026-02-12 13:34:58,F3,0.0000,3.9898,0.5885,OK
2026-02-12 13:35:08,F1,0.0000,3.5963,0.5323,Bajo rango
2026-02-12 13:35:08,F2,20.7229,10.6313,1.5788,OK
2026-02-12 13:35:08,F3,0.0185,4.0059,0.5909,OK
2026-02-12 13:35:18,F1,0.0000,3.5937,0.5319,Bajo rango
2026-02-12 13:35:18,F2,20.4966,10.5589,1.5680,OK
2026-02-12 13:35:18,F3,0.0000,3.9712,0.5857,OK
2026-02-12 13:35:29,F1,0.0000,3.5845,0.5305,Bajo rango
2026-02-12 13:35:29,F2,20.8070,10.6582,1.5828,OK
2026-02-12 13:35:29,F3,0.0000,3.9898,0.5885,OK
2026-02-12 13:35:39,F1,0.0000,3.5667,0.5279,Bajo rango
2026-02-12 13:35:39,F2,21.1279,10.7609,1.5980,OK
2026-02-12 13:35:39,F3,0.0715,4.0229,0.5934,OK
2026-02-12 13:35:49,F1,0.0000,3.5794,0.5298,Bajo rango
2026-02-12 13:35:49,F2,21.2700,10.8064,1.6048,OK
2026-02-12 13:35:49,F3,0.0000,3.9958,0.5894,OK
2026-02-12 13:35:59,F1,0.0000,3.5819,0.5301,Bajo rango
2026-02-12 13:35:59,F2,21.6593,10.9310,1.6233,OK
2026-02-12 13:35:59,F3,0.0238,4.0076,0.5911,OK
2026-02-12 13:36:09,F1,0.0000,3.5743,0.5290,Bajo rango
2026-02-12 13:36:09,F2,21.1016,10.7525,1.5968,OK
2026-02-12 13:36:09,F3,0.0026,4.0008,0.5901,OK
2026-02-12 13:36:20,F1,0.0000,3.6191,0.5356,Bajo rango
2026-02-12 13:36:20,F2,21.3331,10.8266,1.6078,OK
2026-02-12 13:36:20,F3,0.0000,3.9712,0.5857,OK
2026-02-12 13:36:30,F1,0.0000,3.5904,0.5314,Bajo rango
2026-02-12 13:36:30,F2,21.5383,10.8923,1.6175,OK
2026-02-12 13:36:30,F3,0.0000,3.9907,0.5886,OK
2026-02-12 13:36:40,F1,0.0000,3.5828,0.5302,Bajo rango
2026-02-12 13:36:40,F2,21.3726,10.8392,1.6096,OK
2026-02-12 13:36:40,F3,0.0000,3.9746,0.5863,OK
2026-02-12 13:36:50,F1,0.0000,3.5811,0.5300,Bajo rango
2026-02-12 13:36:50,F2,21.5593,10.8990,1.6185,OK
2026-02-12 13:36:50,F3,0.0000,3.9805,0.5871,OK
2026-02-12 13:37:00,F1,0.0000,3.5921,0.5316,Bajo rango
2026-02-12 13:37:00,F2,21.6777,10.9369,1.6241,OK
2026-02-12 13:37:00,F3,0.0000,3.9364,0.5806,OK
2026-02-12 13:37:11,F1,0.0000,3.6090,0.5341,Bajo rango
2026-02-12 13:37:11,F2,22.1407,11.0850,1.6461,OK
2026-02-12 13:37:11,F3,0.0000,3.9890,0.5884,OK
2026-02-12 13:37:21,F1,0.0000,3.5845,0.5305,Bajo rango
2026-02-12 13:37:21,F2,21.6172,10.9175,1.6213,OK
2026-02-12 13:37:21,F3,0.0000,3.9492,0.5825,OK
2026-02-12 13:37:31,F1,0.0000,3.5971,0.5324,Bajo rango
2026-02-12 13:37:31,F2,21.8092,10.9790,1.6304,OK
2026-02-12 13:37:31,F3,0.0000,3.9483,0.5824,OK
2026-02-12 13:37:41,F1,0.0000,3.6073,0.5339,Bajo rango
2026-02-12 13:37:41,F2,21.8934,11.0059,1.6344,OK
2026-02-12 13:37:41,F3,0.0053,4.0017,0.5903,OK
2026-02-12 13:37:52,F1,0.0000,3.5988,0.5326,Bajo rango
2026-02-12 13:37:52,F2,21.4725,10.8712,1.6144,OK
2026-02-12 13:37:52,F3,0.0265,4.0085,0.5913,OK
2026-02-12 13:38:02,F1,0.0000,3.5870,0.5309,Bajo rango
2026-02-12 13:38:02,F2,22.0434,11.0539,1.6415,OK
2026-02-12 13:38:02,F3,0.0000,3.9771,0.5866,OK
2026-02-12 13:38:12,F1,0.0000,3.6047,0.5335,Bajo rango
2026-02-12 13:38:12,F2,21.6619,10.9318,1.6234,OK
2026-02-12 13:38:12,F3,0.0000,3.9653,0.5849,OK
2026-02-12 13:38:22,F1,0.0000,3.5963,0.5323,Bajo rango
2026-02-12 13:38:22,F2,21.7172,10.9495,1.6260,OK
2026-02-12 13:38:22,F3,0.0000,3.9695,0.5855,OK
2026-02-12 13:38:32,F1,0.0000,3.5988,0.5326,Bajo rango
2026-02-12 13:38:32,F2,21.9644,11.0286,1.6378,OK
2026-02-12 13:38:32,F3,0.0000,3.9568,0.5836,OK
2026-02-12 13:38:43,F1,0.0000,3.5836,0.5304,Bajo rango
2026-02-12 13:38:43,F2,21.6435,10.9259,1.6225,OK
2026-02-12 13:38:43,F3,0.0079,4.0025,0.5904,OK
2026-02-12 13:38:53,F1,0.0000,3.5971,0.5324,Bajo rango
2026-02-12 13:38:53,F2,21.9592,11.0269,1.6375,OK
2026-02-12 13:38:53,F3,0.0000,3.9797,0.5870,OK
2026-02-12 13:39:03,F1,0.0000,3.5937,0.5319,Bajo rango
2026-02-12 13:39:03,F2,21.9618,11.0278,1.6376,OK
2026-02-12 13:39:03,F3,0.0000,3.9678,0.5853,OK
2026-02-12 13:39:13,F1,0.0000,3.5870,0.5309,Bajo rango
2026-02-12 13:39:13,F2,21.8277,10.9848,1.6313,OK
2026-02-12 13:39:13,F3,0.0000,3.9966,0.5895,OK
2026-02-12 13:39:24,F1,0.0000,3.5735,0.5289,Bajo rango
2026-02-12 13:39:24,F2,21.9907,11.0370,1.6390,OK
2026-02-12 13:39:24,F3,0.0000,3.9729,0.5860,OK
2026-02-12 13:39:34,F1,0.0000,3.5845,0.5305,Bajo rango
2026-02-12 13:39:34,F2,21.4910,10.8771,1.6153,OK
2026-02-12 13:39:34,F3,0.0000,3.9839,0.5876,OK
2026-02-12 13:39:44,F1,0.0000,3.5853,0.5306,Bajo rango
2026-02-12 13:39:44,F2,21.6540,10.9293,1.6230,OK
2026-02-12 13:39:44,F3,0.0000,3.9814,0.5873,OK
2026-02-12 13:39:54,F1,0.0000,3.5870,0.5309,Bajo rango
2026-02-12 13:39:54,F2,21.6093,10.9150,1.6209,OK
2026-02-12 13:39:54,F3,0.0000,3.9907,0.5886,OK
2026-02-12 13:40:05,F1,0.0000,3.5929,0.5318,Bajo rango
2026-02-12 13:40:05,F2,21.4410,10.8611,1.6129,OK
2026-02-12 13:40:05,F3,0.0238,4.0076,0.5911,OK
2026-02-12 13:40:15,F1,0.0000,3.5929,0.5318,Bajo rango
2026-02-12 13:40:15,F2,21.1963,10.7828,1.6013,OK
2026-02-12 13:40:15,F3,0.0000,3.9746,0.5863,OK
2026-02-12 13:40:25,F1,0.0000,3.6056,0.5336,Bajo rango
2026-02-12 13:40:25,F2,21.4725,10.8712,1.6144,OK
2026-02-12 13:40:25,F3,0.0609,4.0195,0.5929,OK
2026-02-12 13:40:35,F1,0.0000,3.5819,0.5301,Bajo rango
2026-02-12 13:40:35,F2,21.1674,10.7736,1.5999,OK
2026-02-12 13:40:35,F3,0.0000,3.9949,0.5893,OK
2026-02-12 13:40:45,F1,0.0000,3.5828,0.5302,Bajo rango
2026-02-12 13:40:45,F2,21.4331,10.8586,1.6125,OK
2026-02-12 13:40:45,F3,0.0000,3.9907,0.5886,OK
2026-02-12 13:40:56,F1,0.0000,3.5802,0.5299,Bajo rango
2026-02-12 13:40:56,F2,21.3515,10.8325,1.6086,OK
2026-02-12 13:40:56,F3,0.0000,3.9712,0.5857,OK
2026-02-12 13:41:06,F1,0.0000,3.5802,0.5299,Bajo rango
2026-02-12 13:41:06,F2,21.1621,10.7719,1.5996,OK
2026-02-12 13:41:06,F3,0.0000,3.9644,0.5847,OK
2026-02-12 13:41:16,F1,0.0000,3.6014,0.5330,Bajo rango
2026-02-12 13:41:16,F2,21.1727,10.7753,1.6001,OK
2026-02-12 13:41:16,F3,0.0000,3.9729,0.5860,OK
2026-02-12 13:41:26,F1,0.0000,3.5997,0.5328,Bajo rango
2026-02-12 13:41:26,F2,21.4725,10.8712,1.6144,OK
2026-02-12 13:41:26,F3,0.0000,3.9856,0.5879,OK
2026-02-12 13:41:36,F1,0.0000,3.6039,0.5334,Bajo rango
2026-02-12 13:41:36,F2,21.6988,10.9436,1.6251,OK
2026-02-12 13:41:36,F3,0.0000,3.9898,0.5885,OK
2026-02-12 13:41:47,F1,0.0000,3.5904,0.5314,Bajo rango
2026-02-12 13:41:47,F2,21.2884,10.8123,1.6056,OK
2026-02-12 13:41:47,F3,0.0000,3.9729,0.5860,OK
2026-02-12 13:41:57,F1,0.0000,3.6132,0.5348,Bajo rango
2026-02-12 13:41:57,F2,21.5909,10.9091,1.6200,OK
2026-02-12 13:41:57,F3,0.0000,3.9915,0.5887,OK
2026-02-12 13:42:07,F1,0.0000,3.6149,0.5350,Bajo rango
2026-02-12 13:42:07,F2,21.6988,10.9436,1.6251,OK
2026-02-12 13:42:07,F3,0.0000,4.0000,0.5900,OK
2026-02-12 13:42:17,F1,0.0000,3.5878,0.5310,Bajo rango
2026-02-12 13:42:17,F2,21.5357,10.8914,1.6174,OK
2026-02-12 13:42:17,F3,0.0000,3.9873,0.5881,OK
2026-02-12 13:42:27,F1,0.0000,3.6047,0.5335,Bajo rango
2026-02-12 13:42:27,F2,21.5725,10.9032,1.6191,OK
2026-02-12 13:42:27,F3,0.0053,4.0017,0.5903,OK
2026-02-12 13:42:38,F1,0.0000,3.5971,0.5324,Bajo rango
2026-02-12 13:42:38,F2,21.6593,10.9310,1.6233,OK
2026-02-12 13:42:38,F3,0.0000,3.9873,0.5881,OK
2026-02-12 13:42:48,F1,0.0000,3.6022,0.5331,Bajo rango
2026-02-12 13:42:48,F2,21.2463,10.7988,1.6036,OK
2026-02-12 13:42:48,F3,0.0106,4.0034,0.5905,OK
2026-02-12 13:42:58,F1,0.0000,3.5743,0.5290,Bajo rango
2026-02-12 13:42:58,F2,21.4252,10.8561,1.6121,OK
2026-02-12 13:42:58,F3,0.0000,3.9890,0.5884,OK
2026-02-12 13:43:08,F1,0.0000,3.5676,0.5280,Bajo rango
2026-02-12 13:43:08,F2,21.4673,10.8695,1.6141,OK
2026-02-12 13:43:08,F3,0.0000,3.9720,0.5859,OK
2026-02-12 13:43:19,F1,0.0000,3.5929,0.5318,Bajo rango
2026-02-12 13:43:19,F2,21.2726,10.8072,1.6049,OK
2026-02-12 13:43:19,F3,0.0000,3.9703,0.5856,OK
2026-02-12 13:43:29,F1,0.0000,3.6056,0.5336,Bajo rango
2026-02-12 13:43:29,F2,21.7330,10.9545,1.6268,OK
2026-02-12 13:43:29,F3,0.0000,3.9822,0.5874,OK
2026-02-12 13:43:39,F1,0.0000,3.5828,0.5302,Bajo rango
2026-02-12 13:43:39,F2,21.9934,11.0379,1.6391,OK
2026-02-12 13:43:39,F3,0.0000,3.9932,0.5890,OK
2026-02-12 13:43:49,F1,0.0000,3.5912,0.5315,Bajo rango
2026-02-12 13:43:49,F2,21.9197,11.0143,1.6356,OK
2026-02-12 13:43:49,F3,0.0980,4.0314,0.5946,OK
2026-02-12 13:43:59,F1,0.0000,3.5912,0.5315,Bajo rango
2026-02-12 13:43:59,F2,21.6935,10.9419,1.6249,OK
2026-02-12 13:43:59,F3,0.0000,3.9831,0.5875,OK
2026-02-12 13:44:10,F1,0.0000,3.5769,0.5294,Bajo rango
2026-02-12 13:44:10,F2,21.6909,10.9411,1.6248,OK
2026-02-12 13:44:10,F3,0.0000,3.9814,0.5873,OK
2026-02-12 13:44:20,F1,0.0000,3.5811,0.5300,Bajo rango
2026-02-12 13:44:20,F2,21.6198,10.9184,1.6214,OK
2026-02-12 13:44:20,F3,0.0000,3.9966,0.5895,OK
2026-02-12 13:44:30,F1,0.0000,3.5760,0.5292,Bajo rango
2026-02-12 13:44:30,F2,22.0013,11.0404,1.6395,OK
2026-02-12 13:44:30,F3,0.0000,3.9720,0.5859,OK
2026-02-12 13:44:40,F1,0.0000,3.6030,0.5333,Bajo rango
2026-02-12 13:44:40,F2,21.9355,11.0194,1.6364,OK
2026-02-12 13:44:40,F3,0.0000,3.9822,0.5874,OK
2026-02-12 13:44:50,F1,0.0000,3.5794,0.5298,Bajo rango
2026-02-12 13:44:50,F2,21.9750,11.0320,1.6382,OK
2026-02-12 13:44:50,F3,0.0000,3.9864,0.5880,OK
2026-02-12 13:45:01,F1,0.0000,3.5819,0.5301,Bajo rango
2026-02-12 13:45:01,F2,21.8987,11.0076,1.6346,OK
2026-02-12 13:45:01,F3,0.0000,3.9864,0.5880,OK
2026-02-12 13:45:11,F1,0.0000,3.6022,0.5331,Bajo rango
2026-02-12 13:45:11,F2,22.0486,11.0556,1.6418,OK
2026-02-12 13:45:11,F3,0.0000,3.9898,0.5885,OK
2026-02-12 13:45:21,F1,0.0000,3.5566,0.5264,Bajo rango
2026-02-12 13:45:21,F2,21.8487,10.9916,1.6322,OK
2026-02-12 13:45:21,F3,0.0000,3.9763,0.5865,OK
2026-02-12 13:45:31,F1,0.0000,3.6149,0.5350,Bajo rango
2026-02-12 13:45:31,F2,21.8303,10.9857,1.6314,OK
2026-02-12 13:45:31,F3,0.0000,3.9780,0.5867,OK
2026-02-12 13:45:42,F1,0.0000,3.5836,0.5304,Bajo rango
2026-02-12 13:45:42,F2,22.0170,11.0455,1.6402,OK
2026-02-12 13:45:42,F3,0.0000,3.9805,0.5871,OK
2026-02-12 13:45:52,F1,0.0000,3.5912,0.5315,Bajo rango
2026-02-12 13:45:52,F2,20.6492,10.6077,1.5753,OK
2026-02-12 13:45:52,F3,0.0000,3.9695,0.5855,OK
2026-02-12 13:46:02,F1,0.0000,3.5760,0.5292,Bajo rango
2026-02-12 13:46:02,F2,19.5339,10.2508,1.5223,OK
2026-02-12 13:46:02,F3,0.0000,3.9763,0.5865,OK
2026-02-12 13:46:12,F1,0.0000,3.6030,0.5333,Bajo rango
2026-02-12 13:46:12,F2,19.4602,10.2273,1.5188,OK
2026-02-12 13:46:12,F3,0.0000,3.9898,0.5885,OK
2026-02-12 13:46:22,F1,0.0000,3.5777,0.5295,Bajo rango
2026-02-12 13:46:22,F2,19.3471,10.1911,1.5134,OK
2026-02-12 13:46:22,F3,0.0000,3.9746,0.5863,OK
2026-02-12 13:46:33,F1,0.0000,3.5845,0.5305,Bajo rango
2026-02-12 13:46:33,F2,19.3945,10.2062,1.5156,OK
2026-02-12 13:46:33,F3,0.0000,3.9856,0.5879,OK
2026-02-12 13:46:43,F1,0.0000,3.5929,0.5318,Bajo rango
2026-02-12 13:46:43,F2,19.7496,10.3199,1.5325,OK
2026-02-12 13:46:43,F3,0.0000,3.9805,0.5871,OK
2026-02-12 13:46:53,F1,0.0000,3.6030,0.5333,Bajo rango
2026-02-12 13:46:53,F2,19.5549,10.2576,1.5232,OK
2026-02-12 13:46:53,F3,0.0000,3.9636,0.5846,OK
2026-02-12 13:47:03,F1,0.0000,3.5870,0.5309,Bajo rango
2026-02-12 13:47:03,F2,19.8338,10.3468,1.5365,OK
2026-02-12 13:47:03,F3,0.0000,3.9653,0.5849,OK
2026-02-12 13:47:13,F1,0.0000,3.5887,0.5311,Bajo rango
2026-02-12 13:47:13,F2,20.0468,10.4150,1.5466,OK
2026-02-12 13:47:13,F3,0.0291,4.0093,0.5914,OK
2026-02-12 13:47:24,F1,0.0000,3.5802,0.5299,Bajo rango
2026-02-12 13:47:24,F2,19.8653,10.3569,1.5380,OK
2026-02-12 13:47:24,F3,0.0000,3.9686,0.5854,OK
2026-02-12 13:47:34,F1,0.0000,3.5836,0.5304,Bajo rango
2026-02-12 13:47:34,F2,20.1257,10.4402,1.5504,OK
2026-02-12 13:47:34,F3,0.0000,3.9763,0.5865,OK
2026-02-12 13:47:44,F1,0.0000,3.5997,0.5328,Bajo rango
2026-02-12 13:47:44,F2,20.4309,10.5379,1.5649,OK
2026-02-12 13:47:44,F3,0.0000,3.9534,0.5831,OK
2026-02-12 13:47:54,F1,0.0000,3.5853,0.5306,Bajo rango
2026-02-12 13:47:54,F2,20.0231,10.4074,1.5455,OK
2026-02-12 13:47:54,F3,0.0000,3.9720,0.5859,OK
2026-02-12 13:48:05,F1,0.0000,3.5971,0.5324,Bajo rango
2026-02-12 13:48:05,F2,20.3967,10.5269,1.5633,OK
2026-02-12 13:48:05,F3,0.0000,3.9720,0.5859,OK
2026-02-12 13:48:15,F1,0.0000,3.5853,0.5306,Bajo rango
2026-02-12 13:48:15,F2,20.5150,10.5648,1.5689,OK
2026-02-12 13:48:15,F3,0.0450,4.0144,0.5921,OK
2026-02-12 13:48:25,F1,0.0000,3.5895,0.5312,Bajo rango
2026-02-12 13:48:25,F2,20.6466,10.6069,1.5751,OK
2026-02-12 13:48:25,F3,0.0000,3.9822,0.5874,OK
2026-02-12 13:48:35,F1,0.0000,3.5946,0.5320,Bajo rango
2026-02-12 13:48:35,F2,20.7071,10.6263,1.5780,OK
2026-02-12 13:48:35,F3,0.0000,3.9915,0.5887,OK
2026-02-12 13:48:45,F1,0.0000,3.6140,0.5349,Bajo rango
2026-02-12 13:48:45,F2,20.6492,10.6077,1.5753,OK
2026-02-12 13:48:45,F3,0.0000,3.9602,0.5841,OK
2026-02-12 13:48:56,F1,0.0000,3.5980,0.5325,Bajo rango
2026-02-12 13:48:56,F2,20.8938,10.6860,1.5869,OK
2026-02-12 13:48:56,F3,0.0000,3.9788,0.5869,OK
2026-02-12 13:49:06,F1,0.0000,3.5895,0.5312,Bajo rango
2026-02-12 13:49:06,F2,20.9991,10.7197,1.5919,OK
2026-02-12 13:49:06,F3,0.0424,4.0136,0.5920,OK
2026-02-12 13:49:16,F1,0.0000,3.5980,0.5325,Bajo rango
2026-02-12 13:49:16,F2,20.7912,10.6532,1.5820,OK
2026-02-12 13:49:16,F3,0.0000,3.9551,0.5834,OK
2026-02-12 13:49:26,F1,0.0000,3.5861,0.5308,Bajo rango
2026-02-12 13:49:26,F2,21.0438,10.7340,1.5940,OK
2026-02-12 13:49:26,F3,0.0000,3.9678,0.5853,OK
2026-02-12 13:49:36,F1,0.0000,3.5777,0.5295,Bajo rango
2026-02-12 13:49:36,F2,20.7386,10.6364,1.5795,OK
2026-02-12 13:49:36,F3,0.0000,3.9958,0.5894,OK
2026-02-12 13:49:47,F1,0.0000,3.5980,0.5325,Bajo rango
2026-02-12 13:49:47,F2,20.9675,10.7096,1.5904,OK
2026-02-12 13:49:47,F3,0.0000,3.9847,0.5877,OK
2026-02-12 13:49:57,F1,0.0000,3.5937,0.5319,Bajo rango
2026-02-12 13:49:57,F2,21.2805,10.8098,1.6053,OK
2026-02-12 13:49:57,F3,0.0000,3.9788,0.5869,OK
2026-02-12 13:50:07,F1,0.0000,3.5878,0.5310,Bajo rango
2026-02-12 13:50:07,F2,20.8465,10.6709,1.5846,OK
2026-02-12 13:50:07,F3,0.0000,3.9915,0.5887,OK
2026-02-12 13:50:17,F1,0.0000,3.5693,0.5282,Bajo rango
2026-02-12 13:50:17,F2,21.0096,10.7231,1.5924,OK
2026-02-12 13:50:17,F3,0.0000,3.9814,0.5873,OK
2026-02-12 13:50:28,F1,0.0000,3.6039,0.5334,Bajo rango
2026-02-12 13:50:28,F2,20.6965,10.6229,1.5775,OK
2026-02-12 13:50:28,F3,0.0000,3.9932,0.5890,OK
2026-02-12 13:50:38,F1,0.0000,3.5642,0.5275,Bajo rango
2026-02-12 13:50:38,F2,20.7702,10.6465,1.5810,OK
2026-02-12 13:50:38,F3,0.0000,3.9780,0.5867,OK
2026-02-12 13:50:48,F1,0.0000,3.5760,0.5292,Bajo rango
2026-02-12 13:50:48,F2,20.6203,10.5985,1.5739,OK
2026-02-12 13:50:48,F3,0.0000,3.9941,0.5891,OK
2026-02-12 13:50:58,F1,0.0000,3.5921,0.5316,Bajo rango
2026-02-12 13:50:58,F2,20.9149,10.6928,1.5879,OK
2026-02-12 13:50:58,F3,0.0000,3.9822,0.5874,OK
2026-02-12 13:51:08,F1,0.0000,3.6005,0.5329,Bajo rango
2026-02-12 13:51:08,F2,20.7623,10.6439,1.5806,OK
2026-02-12 13:51:08,F3,0.0000,3.9831,0.5875,OK
2026-02-12 13:51:19,F1,0.0000,3.5785,0.5296,Bajo rango
2026-02-12 13:51:19,F2,20.4835,10.5547,1.5674,OK
2026-02-12 13:51:19,F3,0.0000,3.9881,0.5883,OK
2026-02-12 13:51:29,F1,0.0000,3.5802,0.5299,Bajo rango
2026-02-12 13:51:29,F2,20.3178,10.5017,1.5595,OK
2026-02-12 13:51:29,F3,0.0000,3.9924,0.5889,OK
2026-02-12 13:51:39,F1,0.0000,3.5828,0.5302,Bajo rango
2026-02-12 13:51:39,F2,20.6255,10.6002,1.5741,OK
2026-02-12 13:51:39,F3,0.0000,3.9771,0.5866,OK
2026-02-12 13:51:49,F1,0.0000,3.5802,0.5299,Bajo rango
2026-02-12 13:51:49,F2,20.6439,10.6061,1.5750,OK
2026-02-12 13:51:49,F3,0.0000,3.9763,0.5865,OK
2026-02-12 13:51:59,F1,0.0000,3.5887,0.5311,Bajo rango
2026-02-12 13:51:59,F2,20.8623,10.6759,1.5854,OK
2026-02-12 13:51:59,F3,0.0000,3.9661,0.5850,OK
2026-02-12 13:52:10,F1,0.0000,3.5693,0.5282,Bajo rango
2026-02-12 13:52:10,F2,20.9727,10.7113,1.5906,OK
2026-02-12 13:52:10,F3,0.0000,3.9864,0.5880,OK
2026-02-12 13:52:20,F1,0.0000,3.6081,0.5340,Bajo rango
2026-02-12 13:52:20,F2,20.7150,10.6288,1.5784,OK
2026-02-12 13:52:20,F3,0.0000,3.9983,0.5897,OK
2026-02-12 13:52:30,F1,0.0000,3.5845,0.5305,Bajo rango
2026-02-12 13:52:30,F2,20.8386,10.6684,1.5842,OK
2026-02-12 13:52:30,F3,0.0000,3.9737,0.5861,OK
2026-02-12 13:52:40,F1,0.0000,3.6030,0.5333,Bajo rango
2026-02-12 13:52:40,F2,20.6282,10.6010,1.5742,OK
2026-02-12 13:52:40,F3,0.0000,3.9856,0.5879,OK
2026-02-12 13:52:51,F1,0.0000,3.5997,0.5328,Bajo rango
2026-02-12 13:52:51,F2,20.5650,10.5808,1.5713,OK
2026-02-12 13:52:51,F3,0.0000,3.9729,0.5860,OK
2026-02-12 13:53:01,F1,0.0000,3.5608,0.5270,Bajo rango
2026-02-12 13:53:01,F2,20.7176,10.6296,1.5785,OK
2026-02-12 13:53:01,F3,0.0000,3.9763,0.5865,OK
2026-02-12 13:53:11,F1,0.0000,3.5811,0.5300,Bajo rango
2026-02-12 13:53:11,F2,20.4966,10.5589,1.5680,OK
2026-02-12 13:53:11,F3,0.0000,3.9593,0.5840,OK
2026-02-12 13:53:21,F1,0.0000,3.5819,0.5301,Bajo rango
2026-02-12 13:53:21,F2,20.5492,10.5758,1.5705,OK
2026-02-12 13:53:21,F3,0.0000,3.9729,0.5860,OK
2026-02-12 13:53:32,F1,0.0000,3.5878,0.5310,Bajo rango
2026-02-12 13:53:32,F2,20.6808,10.6178,1.5768,OK
2026-02-12 13:53:32,F3,0.0026,4.0008,0.5901,OK
2026-02-12 13:53:42,F1,0.0000,3.5912,0.5315,Bajo rango
2026-02-12 13:53:42,F2,20.4677,10.5497,1.5666,OK
2026-02-12 13:53:42,F3,0.0000,3.9712,0.5857,OK
2026-02-12 13:53:52,F1,0.0000,3.5608,0.5270,Bajo rango
2026-02-12 13:53:52,F2,21.5304,10.8897,1.6171,OK
2026-02-12 13:53:52,F3,0.0000,3.9898,0.5885,OK
2026-02-12 13:54:02,F1,0.0000,3.5853,0.5306,Bajo rango
2026-02-12 13:54:02,F2,20.8228,10.6633,1.5835,OK
2026-02-12 13:54:02,F3,0.0000,3.9686,0.5854,OK
2026-02-12 13:54:13,F1,0.0000,3.5954,0.5321,Bajo rango
2026-02-12 13:54:13,F2,20.8517,10.6726,1.5849,OK
2026-02-12 13:54:13,F3,0.0000,3.9686,0.5854,OK
2026-02-12 13:54:23,F1,0.0000,3.5828,0.5302,Bajo rango
2026-02-12 13:54:23,F2,20.5019,10.5606,1.5682,OK
2026-02-12 13:54:23,F3,0.0000,3.9398,0.5811,OK
2026-02-12 13:54:33,F1,0.0000,3.5895,0.5312,Bajo rango
2026-02-12 13:54:33,F2,20.7334,10.6347,1.5793,OK
2026-02-12 13:54:33,F3,0.0000,3.9161,0.5776,OK
2026-02-12 13:54:43,F1,0.0000,3.6132,0.5348,Bajo rango
2026-02-12 13:54:43,F2,20.7439,10.6380,1.5797,OK
2026-02-12 13:54:43,F3,0.0000,3.9898,0.5885,OK
2026-02-12 13:54:53,F1,0.0000,3.5819,0.5301,Bajo rango
2026-02-12 13:54:53,F2,21.0280,10.7290,1.5933,OK
2026-02-12 13:54:53,F3,0.0000,3.9975,0.5896,OK
2026-02-12 13:55:04,F1,0.0000,3.6030,0.5333,Bajo rango
2026-02-12 13:55:04,F2,20.6755,10.6162,1.5765,OK
2026-02-12 13:55:04,F3,0.0000,3.9576,0.5837,OK
2026-02-12 13:55:14,F1,0.0000,3.5811,0.5300,Bajo rango
2026-02-12 13:55:14,F2,20.7044,10.6254,1.5779,OK
2026-02-12 13:55:14,F3,0.0000,3.9907,0.5886,OK
2026-02-12 13:55:24,F1,0.0000,3.5785,0.5296,Bajo rango
2026-02-12 13:55:24,F2,20.9464,10.7029,1.5894,OK
2026-02-12 13:55:24,F3,0.0000,3.9297,0.5796,OK
2026-02-12 13:55:34,F1,0.0000,3.5574,0.5265,Bajo rango
2026-02-12 13:55:34,F2,20.7597,10.6431,1.5805,OK
2026-02-12 13:55:34,F3,0.0000,3.9619,0.5844,OK
2026-02-12 13:55:45,F1,0.0000,3.5811,0.5300,Bajo rango
2026-02-12 13:55:45,F2,20.3940,10.5261,1.5631,OK
2026-02-12 13:55:45,F3,0.0000,3.9881,0.5883,OK
2026-02-12 13:55:55,F1,0.0000,3.5870,0.5309,Bajo rango
2026-02-12 13:55:55,F2,20.6545,10.6094,1.5755,OK
2026-02-12 13:55:55,F3,0.0000,3.9822,0.5874,OK
2026-02-12 13:56:05,F1,0.0000,3.5802,0.5299,Bajo rango
2026-02-12 13:56:05,F2,20.8307,10.6658,1.5839,OK
2026-02-12 13:56:05,F3,0.0000,3.9695,0.5855,OK
2026-02-12 13:56:15,F1,0.0000,3.5802,0.5299,Bajo rango
2026-02-12 13:56:15,F2,21.0674,10.7416,1.5951,OK
2026-02-12 13:56:15,F3,0.0000,3.9576,0.5837,OK
2026-02-12 13:56:25,F1,0.0000,3.5726,0.5288,Bajo rango
2026-02-12 13:56:25,F2,20.8938,10.6860,1.5869,OK
2026-02-12 13:56:25,F3,0.0000,3.9720,0.5859,OK
2026-02-12 13:56:36,F1,0.0000,3.5684,0.5281,Bajo rango
2026-02-12 13:56:36,F2,21.0806,10.7458,1.5958,OK
2026-02-12 13:56:36,F3,0.0000,3.9932,0.5890,OK
2026-02-12 13:56:46,F1,0.0000,3.5836,0.5304,Bajo rango
2026-02-12 13:56:46,F2,21.0017,10.7205,1.5920,OK
2026-02-12 13:56:46,F3,0.0000,3.9881,0.5883,OK
2026-02-12 13:56:56,F1,0.0000,3.5785,0.5296,Bajo rango
2026-02-12 13:56:56,F2,20.8281,10.6650,1.5837,OK
2026-02-12 13:56:56,F3,0.0000,3.9864,0.5880,OK
2026-02-12 13:57:06,F1,0.0000,3.5802,0.5299,Bajo rango
2026-02-12 13:57:06,F2,21.1832,10.7786,1.6006,OK
2026-02-12 13:57:06,F3,0.0000,3.9847,0.5877,OK
2026-02-12 13:57:17,F1,0.0000,3.5887,0.5311,Bajo rango
2026-02-12 13:57:17,F2,21.0569,10.7382,1.5946,OK
2026-02-12 13:57:17,F3,0.0530,4.0169,0.5925,OK
2026-02-12 13:57:27,F1,0.0000,3.5819,0.5301,Bajo rango
2026-02-12 13:57:27,F2,21.0017,10.7205,1.5920,OK
2026-02-12 13:57:27,F3,0.0000,3.9873,0.5881,OK
2026-02-12 13:57:37,F1,0.0000,3.5726,0.5288,Bajo rango
2026-02-12 13:57:37,F2,21.4673,10.8695,1.6141,OK
2026-02-12 13:57:37,F3,0.0000,3.9703,0.5856,OK
2026-02-12 13:57:47,F1,0.0000,3.5659,0.5278,Bajo rango
2026-02-12 13:57:47,F2,21.5251,10.8880,1.6169,OK
2026-02-12 13:57:47,F3,0.0000,3.9636,0.5846,OK
2026-02-12 13:57:58,F1,0.0000,3.5853,0.5306,Bajo rango
2026-02-12 13:57:58,F2,21.4568,10.8662,1.6136,OK
2026-02-12 13:57:58,F3,0.0000,3.9805,0.5871,OK
2026-02-12 13:58:08,F1,0.0000,3.6022,0.5331,Bajo rango
2026-02-12 13:58:08,F2,21.6277,10.9209,1.6218,OK
2026-02-12 13:58:08,F3,0.0000,3.9780,0.5867,OK
2026-02-12 13:58:18,F1,0.0000,3.5760,0.5292,Bajo rango
2026-02-12 13:58:18,F2,21.8066,10.9781,1.6302,OK
2026-02-12 13:58:18,F3,0.0000,3.9737,0.5861,OK
2026-02-12 13:58:28,F1,0.0000,3.5971,0.5324,Bajo rango
2026-02-12 13:58:28,F2,21.8671,10.9975,1.6331,OK
2026-02-12 13:58:28,F3,0.0000,3.9797,0.5870,OK
2026-02-12 13:58:38,F1,0.0000,3.5870,0.5309,Bajo rango
2026-02-12 13:58:38,F2,21.7408,10.9571,1.6271,OK
2026-02-12 13:58:38,F3,0.0000,3.9797,0.5870,OK
2026-02-12 13:58:49,F1,0.0000,3.5887,0.5311,Bajo rango
2026-02-12 13:58:49,F2,21.8566,10.9941,1.6326,OK
2026-02-12 13:58:49,F3,0.0000,3.9890,0.5884,OK
2026-02-12 13:58:59,F1,0.0000,3.5709,0.5285,Bajo rango
2026-02-12 13:58:59,F2,21.8566,10.9941,1.6326,OK
2026-02-12 13:58:59,F3,0.0000,3.9754,0.5864,OK
2026-02-12 13:59:09,F1,0.0000,3.5777,0.5295,Bajo rango
2026-02-12 13:59:09,F2,21.7356,10.9554,1.6269,OK
2026-02-12 13:59:09,F3,0.0000,3.9593,0.5840,OK
2026-02-12 13:59:19,F1,0.0000,3.5937,0.5319,Bajo rango
2026-02-12 13:59:19,F2,22.4616,11.1877,1.6614,OK
2026-02-12 13:59:19,F3,0.0000,3.9729,0.5860,OK
2026-02-12 13:59:30,F1,0.0000,3.5836,0.5304,Bajo rango
2026-02-12 13:59:30,F2,21.9960,11.0387,1.6393,OK
2026-02-12 13:59:30,F3,0.0000,3.9983,0.5897,OK
2026-02-12 13:59:40,F1,0.0000,3.5524,0.5258,Bajo rango
2026-02-12 13:59:40,F2,22.5011,11.2003,1.6633,OK
2026-02-12 13:59:40,F3,0.0000,3.9542,0.5833,OK
2026-02-12 13:59:50,F1,0.0000,3.5701,0.5284,Bajo rango
2026-02-12 13:59:50,F2,22.3432,11.1498,1.6558,OK
2026-02-12 13:59:50,F3,0.0000,3.9542,0.5833,OK
2026-02-12 14:00:00,F1,0.0000,3.5845,0.5305,Bajo rango
2026-02-12 14:00:00,F2,21.8987,11.0076,1.6346,OK
2026-02-12 14:00:00,F3,0.0000,3.9771,0.5866,OK
2026-02-12 14:00:10,F1,0.0000,3.5895,0.5312,Bajo rango
2026-02-12 14:00:10,F2,22.3590,11.1549,1.6565,OK
2026-02-12 14:00:10,F3,0.0000,3.9449,0.5819,OK
2026-02-12 14:00:21,F1,0.0000,3.5794,0.5298,Bajo rango
2026-02-12 14:00:21,F2,22.2327,11.1145,1.6505,OK
2026-02-12 14:00:21,F3,0.0000,3.9280,0.5794,OK
2026-02-12 14:00:31,F1,0.0000,3.5988,0.5326,Bajo rango
2026-02-12 14:00:31,F2,22.4669,11.1894,1.6616,OK
2026-02-12 14:00:31,F3,0.0000,3.9746,0.5863,OK
2026-02-12 14:00:41,F1,0.0000,3.5726,0.5288,Bajo rango
2026-02-12 14:00:41,F2,22.4406,11.1810,1.6604,OK
2026-02-12 14:00:41,F3,0.0000,3.9814,0.5873,OK
2026-02-12 14:00:51,F1,0.0000,3.5701,0.5284,Bajo rango
2026-02-12 14:00:51,F2,22.8693,11.3182,1.6807,OK
2026-02-12 14:00:51,F3,0.0000,3.9822,0.5874,OK
2026-02-12 14:01:02,F1,0.0000,3.5836,0.5304,Bajo rango
2026-02-12 14:01:02,F2,22.3064,11.1380,1.6540,OK
2026-02-12 14:01:02,F3,0.0000,3.9873,0.5881,OK
2026-02-12 14:01:12,F1,0.0000,3.6064,0.5338,Bajo rango
2026-02-12 14:01:12,F2,21.6198,10.9184,1.6214,OK
2026-02-12 14:01:12,F3,0.0000,3.9695,0.5855,OK
2026-02-12 14:01:22,F1,0.0000,3.5921,0.5316,Bajo rango
2026-02-12 14:01:22,F2,22.2932,11.1338,1.6534,OK
2026-02-12 14:01:22,F3,0.0000,3.9627,0.5845,OK
2026-02-12 14:01:32,F1,0.0000,3.5836,0.5304,Bajo rango
2026-02-12 14:01:32,F2,22.3932,11.1658,1.6581,OK
2026-02-12 14:01:32,F3,0.0159,4.0051,0.5907,OK
2026-02-12 14:01:43,F1,0.0000,3.5895,0.5312,Bajo rango
2026-02-12 14:01:43,F2,22.0355,11.0513,1.6411,OK
2026-02-12 14:01:43,F3,0.0000,3.9788,0.5869,OK
2026-02-12 14:01:53,F1,0.0000,3.5912,0.5315,Bajo rango
2026-02-12 14:01:53,F2,21.7987,10.9756,1.6299,OK
2026-02-12 14:01:53,F3,0.0000,3.9737,0.5861,OK
2026-02-12 14:02:03,F1,0.0000,3.5836,0.5304,Bajo rango
2026-02-12 14:02:03,F2,21.8618,10.9958,1.6329,OK
2026-02-12 14:02:03,F3,0.0000,3.9873,0.5881,OK
2026-02-12 14:02:13,F1,0.0000,3.5701,0.5284,Bajo rango
2026-02-12 14:02:13,F2,21.9197,11.0143,1.6356,OK
2026-02-12 14:02:13,F3,0.0000,3.9703,0.5856,OK
2026-02-12 14:02:24,F1,0.0000,3.5845,0.5305,Bajo rango
2026-02-12 14:02:24,F2,21.6988,10.9436,1.6251,OK
2026-02-12 14:02:24,F3,0.0000,3.9500,0.5826,OK
2026-02-12 14:02:34,F1,0.0000,3.5828,0.5302,Bajo rango
2026-02-12 14:02:34,F2,21.5357,10.8914,1.6174,OK
2026-02-12 14:02:34,F3,0.0000,3.9949,0.5893,OK
2026-02-12 14:02:44,F1,0.0000,3.5802,0.5299,Bajo rango
2026-02-12 14:02:44,F2,21.7145,10.9487,1.6259,OK
2026-02-12 14:02:44,F3,0.0000,3.9822,0.5874,OK
2026-02-12 14:02:54,F1,0.0000,3.6056,0.5336,Bajo rango
2026-02-12 14:02:54,F2,21.6935,10.9419,1.6249,OK
2026-02-12 14:02:54,F3,0.0000,3.9746,0.5863,OK
2026-02-12 14:03:04,F1,0.0000,3.5693,0.5282,Bajo rango
2026-02-12 14:03:04,F2,21.7145,10.9487,1.6259,OK
2026-02-12 14:03:04,F3,0.0000,3.9788,0.5869,OK
2026-02-12 14:03:15,F1,0.0000,3.5963,0.5323,Bajo rango
2026-02-12 14:03:15,F2,20.4677,10.5497,1.5666,OK
2026-02-12 14:03:15,F3,0.0000,3.9814,0.5873,OK
2026-02-12 14:03:25,F1,0.0000,3.5709,0.5285,Bajo rango
2026-02-12 14:03:25,F2,19.5628,10.2601,1.5236,OK
2026-02-12 14:03:25,F3,0.0000,3.9847,0.5877,OK
2026-02-12 14:03:35,F1,0.0000,3.5828,0.5302,Bajo rango
2026-02-12 14:03:35,F2,18.8105,10.0194,1.4879,OK
2026-02-12 14:03:35,F3,0.0000,3.9466,0.5821,OK
2026-02-12 14:03:45,F1,0.0000,3.5785,0.5296,Bajo rango
2026-02-12 14:03:45,F2,19.1156,10.1170,1.5024,OK
2026-02-12 14:03:45,F3,0.0000,3.9737,0.5861,OK
2026-02-12 14:03:56,F1,0.0000,3.5853,0.5306,Bajo rango
2026-02-12 14:03:56,F2,19.3445,10.1902,1.5132,OK
2026-02-12 14:03:56,F3,0.0000,3.9864,0.5880,OK
2026-02-12 14:04:06,F1,0.0000,3.5853,0.5306,Bajo rango
2026-02-12 14:04:06,F2,19.4418,10.2214,1.5179,OK
2026-02-12 14:04:06,F3,0.0000,3.9449,0.5819,OK
2026-02-12 14:04:16,F1,0.0000,3.6039,0.5334,Bajo rango
2026-02-12 14:04:16,F2,19.5260,10.2483,1.5219,OK
2026-02-12 14:04:16,F3,0.0000,3.9975,0.5896,OK
2026-02-12 14:04:26,F1,0.0000,3.5887,0.5311,Bajo rango
2026-02-12 14:04:26,F2,19.7601,10.3232,1.5330,OK
2026-02-12 14:04:26,F3,0.0000,3.9271,0.5793,OK
2026-02-12 14:04:37,F1,0.0000,3.5726,0.5288,Bajo rango
2026-02-12 14:04:37,F2,19.9337,10.3788,1.5413,OK
2026-02-12 14:04:37,F3,0.0000,3.9585,0.5839,OK
2026-02-12 14:04:47,F1,0.0000,3.5878,0.5310,Bajo rango
2026-02-12 14:04:47,F2,19.5128,10.2441,1.5212,OK
2026-02-12 14:04:47,F3,0.0000,3.9873,0.5881,OK
2026-02-12 14:04:57,F1,0.0000,3.5904,0.5314,Bajo rango
2026-02-12 14:04:57,F2,19.3839,10.2029,1.5151,OK
2026-02-12 14:04:57,F3,0.0000,3.9746,0.5863,OK
2026-02-12 14:05:07,F1,0.0000,3.5819,0.5301,Bajo rango
2026-02-12 14:05:07,F2,19.4629,10.2281,1.5189,OK
2026-02-12 14:05:07,F3,0.0000,3.9729,0.5860,OK
2026-02-12 14:05:18,F1,0.0000,3.5769,0.5294,Bajo rango
2026-02-12 14:05:18,F2,19.4918,10.2374,1.5203,OK
2026-02-12 14:05:18,F3,0.0000,3.9856,0.5879,OK
2026-02-12 14:05:28,F1,0.0000,3.5904,0.5314,Bajo rango
2026-02-12 14:05:28,F2,19.8758,10.3603,1.5385,OK
2026-02-12 14:05:28,F3,0.0000,3.9890,0.5884,OK
2026-02-12 14:05:38,F1,0.0000,3.5752,0.5291,Bajo rango
2026-02-12 14:05:38,F2,19.7969,10.3350,1.5348,OK
2026-02-12 14:05:38,F3,0.0000,3.9551,0.5834,OK
2026-02-12 14:05:48,F1,0.0000,3.6005,0.5329,Bajo rango
2026-02-12 14:05:48,F2,20.0363,10.4116,1.5461,OK
2026-02-12 14:05:48,F3,0.0000,3.9754,0.5864,OK
2026-02-12 14:05:59,F1,0.0000,3.5709,0.5285,Bajo rango
2026-02-12 14:05:59,F2,20.0547,10.4175,1.5470,OK
2026-02-12 14:05:59,F3,0.0000,3.9619,0.5844,OK
2026-02-12 14:06:09,F1,0.0000,3.6157,0.5351,Bajo rango
2026-02-12 14:06:09,F2,20.0047,10.4015,1.5446,OK
2026-02-12 14:06:09,F3,0.0000,3.9924,0.5889,OK
2026-02-12 14:06:19,F1,0.0000,3.5769,0.5294,Bajo rango
2026-02-12 14:06:19,F2,20.1494,10.4478,1.5515,OK
2026-02-12 14:06:19,F3,0.0000,3.9966,0.5895,OK
2026-02-12 14:06:29,F1,0.0000,3.5954,0.5321,Bajo rango
2026-02-12 14:06:29,F2,19.8890,10.3645,1.5391,OK
2026-02-12 14:06:29,F3,0.0000,3.9661,0.5850,OK
2026-02-12 14:06:40,F1,0.0000,3.5667,0.5279,Bajo rango
2026-02-12 14:06:40,F2,20.0863,10.4276,1.5485,OK
2026-02-12 14:06:40,F3,0.0000,3.9441,0.5817,OK
2026-02-12 14:06:50,F1,0.0000,3.5684,0.5281,Bajo rango
2026-02-12 14:06:50,F2,19.9758,10.3923,1.5433,OK
2026-02-12 14:06:50,F3,0.0000,3.9881,0.5883,OK
2026-02-12 14:07:00,F1,0.0000,3.5828,0.5302,Bajo rango
2026-02-12 14:07:00,F2,20.3388,10.5084,1.5605,OK
2026-02-12 14:07:00,F3,0.0000,3.9686,0.5854,OK
2026-02-12 14:07:10,F1,0.0000,3.5811,0.5300,Bajo rango
2026-02-12 14:07:10,F2,19.9127,10.3721,1.5403,OK
2026-02-12 14:07:10,F3,0.0000,3.9542,0.5833,OK
2026-02-12 14:07:21,F1,0.0000,3.5963,0.5323,Bajo rango
2026-02-12 14:07:21,F2,19.9153,10.3729,1.5404,OK
2026-02-12 14:07:21,F3,0.0000,3.9864,0.5880,OK
2026-02-12 14:07:31,F1,0.0000,3.5980,0.5325,Bajo rango
2026-02-12 14:07:31,F2,20.1862,10.4596,1.5533,OK
2026-02-12 14:07:31,F3,0.0000,3.9805,0.5871,OK
2026-02-12 14:07:41,F1,0.0000,3.5921,0.5316,Bajo rango
2026-02-12 14:07:41,F2,20.0231,10.4074,1.5455,OK
2026-02-12 14:07:41,F3,0.0000,3.9805,0.5871,OK
2026-02-12 14:07:51,F1,0.0000,3.5769,0.5294,Bajo rango
2026-02-12 14:07:51,F2,19.9363,10.3796,1.5414,OK
2026-02-12 14:07:51,F3,0.0000,3.9831,0.5875,OK
2026-02-12 14:08:02,F1,0.0000,3.5971,0.5324,Bajo rango
2026-02-12 14:08:02,F2,20.1889,10.4604,1.5534,OK
2026-02-12 14:08:02,F3,0.0000,3.9797,0.5870,OK
2026-02-12 14:08:12,F1,0.0000,3.5802,0.5299,Bajo rango
2026-02-12 14:08:12,F2,20.2257,10.4722,1.5551,OK
2026-02-12 14:08:12,F3,0.0000,3.9415,0.5814,OK
2026-02-12 14:08:22,F1,0.0000,3.5912,0.5315,Bajo rango
2026-02-12 14:08:22,F2,20.4545,10.5455,1.5660,OK
2026-02-12 14:08:22,F3,0.0000,3.9737,0.5861,OK
2026-02-12 14:08:32,F1,0.0000,3.5946,0.5320,Bajo rango
2026-02-12 14:08:32,F2,20.1205,10.4386,1.5501,OK
2026-02-12 14:08:32,F3,0.0000,3.9771,0.5866,OK
2026-02-12 14:08:43,F1,0.0000,3.5726,0.5288,Bajo rango
2026-02-12 14:08:43,F2,20.6939,10.6221,1.5774,OK
2026-02-12 14:08:43,F3,0.0000,3.9686,0.5854,OK
2026-02-12 14:08:53,F1,0.0000,3.5861,0.5308,Bajo rango
2026-02-12 14:08:53,F2,20.9386,10.7003,1.5890,OK
2026-02-12 14:08:53,F3,0.0000,3.9686,0.5854,OK
2026-02-12 14:09:03,F1,0.0000,3.5929,0.5318,Bajo rango
2026-02-12 14:09:03,F2,20.5150,10.5648,1.5689,OK
2026-02-12 14:09:03,F3,0.0000,3.9636,0.5846,OK
2026-02-12 14:09:13,F1,0.0000,3.5642,0.5275,Bajo rango
2026-02-12 14:09:13,F2,20.9201,10.6944,1.5881,OK
2026-02-12 14:09:13,F3,0.0000,3.9847,0.5877,OK
2026-02-12 14:09:24,F1,0.0000,3.5878,0.5310,Bajo rango
2026-02-12 14:09:24,F2,21.2437,10.7980,1.6035,OK
2026-02-12 14:09:24,F3,0.0000,3.9669,0.5851,OK
2026-02-12 14:09:34,F1,0.0000,3.5870,0.5309,Bajo rango
2026-02-12 14:09:34,F2,21.0359,10.7315,1.5936,OK
2026-02-12 14:09:34,F3,0.0000,3.9576,0.5837,OK
2026-02-12 14:09:44,F1,0.0000,3.5819,0.5301,Bajo rango
2026-02-12 14:09:44,F2,21.1201,10.7584,1.5976,OK
2026-02-12 14:09:44,F3,0.0000,3.9669,0.5851,OK
2026-02-12 14:09:54,F1,0.0000,3.5819,0.5301,Bajo rango
2026-02-12 14:09:54,F2,21.2542,10.8013,1.6040,OK
2026-02-12 14:09:54,F3,0.0000,3.9475,0.5823,OK
2026-02-12 14:10:05,F1,0.0000,3.6005,0.5329,Bajo rango
2026-02-12 14:10:05,F2,21.3200,10.8224,1.6071,OK
2026-02-12 14:10:05,F3,0.0000,3.9627,0.5845,OK
2026-02-12 14:10:15,F1,0.0000,3.5752,0.5291,Bajo rango
2026-02-12 14:10:15,F2,21.1464,10.7668,1.5989,OK
2026-02-12 14:10:15,F3,0.0000,3.9720,0.5859,OK
2026-02-12 14:10:25,F1,0.0000,3.5853,0.5306,Bajo rango
2026-02-12 14:10:25,F2,21.4147,10.8527,1.6116,OK
2026-02-12 14:10:25,F3,0.0000,3.9695,0.5855,OK
2026-02-12 14:10:35,F1,0.0000,3.6047,0.5335,Bajo rango
2026-02-12 14:10:35,F2,21.1279,10.7609,1.5980,OK
2026-02-12 14:10:35,F3,0.0000,3.9873,0.5881,OK
2026-02-12 14:10:45,F1,0.0000,3.5600,0.5269,Bajo rango
2026-02-12 14:10:45,F2,21.2753,10.8081,1.6050,OK
2026-02-12 14:10:45,F3,0.0000,3.9534,0.5831,OK
2026-02-12 14:10:56,F1,0.0000,3.5997,0.5328,Bajo rango
2026-02-12 14:10:56,F2,21.3147,10.8207,1.6069,OK
2026-02-12 14:10:56,F3,0.0000,3.9636,0.5846,OK
2026-02-12 14:11:06,F1,0.0000,3.5541,0.5260,Bajo rango
2026-02-12 14:11:06,F2,21.7540,10.9613,1.6278,OK
2026-02-12 14:11:06,F3,0.0000,3.9822,0.5874,OK
2026-02-12 14:11:16,F1,0.0000,3.5845,0.5305,Bajo rango
2026-02-12 14:11:16,F2,21.4804,10.8737,1.6148,OK
2026-02-12 14:11:16,F3,0.0000,3.9805,0.5871,OK
2026-02-12 14:11:26,F1,0.0000,3.5608,0.5270,Bajo rango
2026-02-12 14:11:26,F2,21.7487,10.9596,1.6275,OK
2026-02-12 14:11:26,F3,0.0000,3.9695,0.5855,OK
2026-02-12 14:11:37,F1,0.0000,3.5752,0.5291,Bajo rango
2026-02-12 14:11:37,F2,21.6803,10.9377,1.6242,OK
2026-02-12 14:11:37,F3,0.0000,3.9712,0.5857,OK
2026-02-12 14:11:47,F1,0.0000,3.5693,0.5282,Bajo rango
2026-02-12 14:11:47,F2,21.2148,10.7887,1.6021,OK
2026-02-12 14:11:47,F3,0.0000,3.9449,0.5819,OK
2026-02-12 14:11:57,F1,0.0000,3.5836,0.5304,Bajo rango
2026-02-12 14:11:57,F2,21.6935,10.9419,1.6249,OK
2026-02-12 14:11:57,F3,0.0000,3.9932,0.5890,OK
2026-02-12 14:12:07,F1,0.0000,3.5701,0.5284,Bajo rango
2026-02-12 14:12:07,F2,22.2959,11.1347,1.6535,OK
2026-02-12 14:12:07,F3,0.0000,3.9466,0.5821,OK
2026-02-12 14:12:18,F1,0.0000,3.5709,0.5285,Bajo rango
2026-02-12 14:12:18,F2,22.5221,11.2071,1.6643,OK
2026-02-12 14:12:18,F3,0.0000,3.9593,0.5840,OK
2026-02-12 14:12:28,F1,0.0000,3.5701,0.5284,Bajo rango
2026-02-12 14:12:28,F2,21.8776,11.0008,1.6336,OK
2026-02-12 14:12:28,F3,0.0000,3.9636,0.5846,OK
2026-02-12 14:12:38,F1,0.0000,3.5887,0.5311,Bajo rango
2026-02-12 14:12:38,F2,21.9250,11.0160,1.6359,OK
2026-02-12 14:12:38,F3,0.0000,3.9483,0.5824,OK
2026-02-12 14:12:48,F1,0.0000,3.5878,0.5310,Bajo rango
2026-02-12 14:12:48,F2,21.6514,10.9285,1.6229,OK
2026-02-12 14:12:48,F3,0.0053,4.0017,0.5903,OK
2026-02-12 14:12:59,F1,0.0000,3.5794,0.5298,Bajo rango
2026-02-12 14:12:59,F2,21.8618,10.9958,1.6329,OK
2026-02-12 14:12:59,F3,0.0000,3.9483,0.5824,OK
2026-02-12 14:13:09,F1,0.0000,3.5777,0.5295,Bajo rango
2026-02-12 14:13:09,F2,21.5094,10.8830,1.6161,OK
2026-02-12 14:13:09,F3,0.0000,3.9534,0.5831,OK
2026-02-12 14:13:19,F1,0.0000,3.5684,0.5281,Bajo rango
2026-02-12 14:13:19,F2,21.2700,10.8064,1.6048,OK
2026-02-12 14:13:19,F3,0.0000,3.9686,0.5854,OK
2026-02-12 14:13:29,F1,0.0000,3.5633,0.5274,Bajo rango
2026-02-12 14:13:29,F2,21.4725,10.8712,1.6144,OK
2026-02-12 14:13:29,F3,0.0106,4.0034,0.5905,OK
2026-02-12 14:13:40,F1,0.0000,3.5735,0.5289,Bajo rango
2026-02-12 14:13:40,F2,21.3042,10.8173,1.6064,OK
2026-02-12 14:13:40,F3,0.0000,3.9712,0.5857,OK
2026-02-12 14:13:50,F1,0.0000,3.5895,0.5312,Bajo rango
2026-02-12 14:13:50,F2,21.4278,10.8569,1.6122,OK
2026-02-12 14:13:50,F3,0.0000,3.9432,0.5816,OK
2026-02-12 14:14:00,F1,0.0000,3.5448,0.5246,Bajo rango
2026-02-12 14:14:00,F2,21.5357,10.8914,1.6174,OK
2026-02-12 14:14:00,F3,0.0000,3.9602,0.5841,OK
2026-02-12 14:14:10,F1,0.0000,3.5819,0.5301,Bajo rango
2026-02-12 14:14:10,F2,21.5225,10.8872,1.6168,OK
2026-02-12 14:14:10,F3,0.0000,3.9737,0.5861,OK
2026-02-12 14:14:21,F1,0.0000,3.5870,0.5309,Bajo rango
2026-02-12 14:14:21,F2,20.9938,10.7180,1.5916,OK
2026-02-12 14:14:21,F3,0.0000,3.9593,0.5840,OK
2026-02-12 14:14:31,F1,0.0000,3.5693,0.5282,Bajo rango
2026-02-12 14:14:31,F2,21.3515,10.8325,1.6086,OK
2026-02-12 14:14:31,F3,0.0000,3.9881,0.5883,OK
2026-02-12 14:14:41,F1,0.0000,3.5777,0.5295,Bajo rango
2026-02-12 14:14:41,F2,20.5598,10.5791,1.5710,OK
2026-02-12 14:14:41,F3,0.0000,3.9763,0.5865,OK
2026-02-12 14:14:51,F1,0.0000,3.5760,0.5292,Bajo rango
2026-02-12 14:14:51,F2,20.9491,10.7037,1.5895,OK
2026-02-12 14:14:51,F3,0.0000,3.9814,0.5873,OK
2026-02-12 14:15:02,F1,0.0000,3.5549,0.5261,Bajo rango
2026-02-12 14:15:02,F2,20.6624,10.6120,1.5759,OK
2026-02-12 14:15:02,F3,0.0000,3.9500,0.5826,OK
2026-02-12 14:15:12,F1,0.0000,3.5819,0.5301,Bajo rango
2026-02-12 14:15:12,F2,20.9070,10.6902,1.5875,OK
2026-02-12 14:15:12,F3,0.0000,3.9737,0.5861,OK
2026-02-12 14:15:22,F1,0.0000,3.5878,0.5310,Bajo rango
2026-02-12 14:15:22,F2,21.0227,10.7273,1.5930,OK
2026-02-12 14:15:22,F3,0.0000,3.9576,0.5837,OK
2026-02-12 14:15:32,F1,0.0000,3.5701,0.5284,Bajo rango
2026-02-12 14:15:32,F2,21.2674,10.8056,1.6046,OK
2026-02-12 14:15:32,F3,0.0000,3.9746,0.5863,OK
2026-02-12 14:15:43,F1,0.0000,3.6064,0.5338,Bajo rango
2026-02-12 14:15:43,F2,20.9017,10.6886,1.5873,OK
2026-02-12 14:15:43,F3,0.0000,3.9686,0.5854,OK
2026-02-12 14:15:53,F1,0.0000,3.5583,0.5266,Bajo rango
2026-02-12 14:15:53,F2,21.4041,10.8493,1.6111,OK
2026-02-12 14:15:53,F3,0.0000,3.9610,0.5843,OK
2026-02-12 14:16:03,F1,0.0000,3.5667,0.5279,Bajo rango
2026-02-12 14:16:03,F2,21.1358,10.7635,1.5984,OK
2026-02-12 14:16:03,F3,0.0000,3.9085,0.5765,OK
2026-02-12 14:16:13,F1,0.0000,3.5769,0.5294,Bajo rango
2026-02-12 14:16:13,F2,21.2726,10.8072,1.6049,OK
2026-02-12 14:16:13,F3,0.0000,3.9475,0.5823,OK
2026-02-12 14:16:23,F1,0.0000,3.5870,0.5309,Bajo rango
2026-02-12 14:16:23,F2,21.3410,10.8291,1.6081,OK
2026-02-12 14:16:23,F3,0.0000,3.9669,0.5851,OK
2026-02-12 14:16:34,F1,0.0000,3.5743,0.5290,Bajo rango
2026-02-12 14:16:34,F2,21.2226,10.7912,1.6025,OK
2026-02-12 14:16:34,F3,0.0000,3.9771,0.5866,OK
2026-02-12 14:16:44,F1,0.0000,3.5845,0.5305,Bajo rango
2026-02-12 14:16:44,F2,21.5278,10.8889,1.6170,OK
2026-02-12 14:16:44,F3,0.0000,3.9576,0.5837,OK
2026-02-12 14:16:54,F1,0.0000,3.5752,0.5291,Bajo rango
2026-02-12 14:16:54,F2,21.5436,10.8939,1.6178,OK
2026-02-12 14:16:54,F3,0.0000,3.9619,0.5844,OK
2026-02-12 14:17:04,F1,0.0000,3.5929,0.5318,Bajo rango
2026-02-12 14:17:04,F2,21.2253,10.7921,1.6026,OK
2026-02-12 14:17:04,F3,0.0000,4.0000,0.5900,OK
2026-02-12 14:17:15,F1,0.0000,3.5853,0.5306,Bajo rango
2026-02-12 14:17:15,F2,21.3489,10.8316,1.6085,OK
2026-02-12 14:17:15,F3,0.0000,3.9763,0.5865,OK
2026-02-12 14:17:25,F1,0.0000,3.5659,0.5278,Bajo rango
2026-02-12 14:17:25,F2,21.4857,10.8754,1.6150,OK
2026-02-12 14:17:25,F3,0.0000,3.9712,0.5857,OK
2026-02-12 14:17:35,F1,0.0000,3.5828,0.5302,Bajo rango
2026-02-12 14:17:35,F2,21.3963,10.8468,1.6108,OK
2026-02-12 14:17:35,F3,0.0000,3.9958,0.5894,OK
2026-02-12 14:17:46,F1,0.0000,3.5861,0.5308,Bajo rango
2026-02-12 14:17:46,F2,21.5856,10.9074,1.6198,OK
2026-02-12 14:17:46,F3,0.0000,3.9627,0.5845,OK
2026-02-12 14:17:56,F1,0.0000,3.5870,0.5309,Bajo rango
2026-02-12 14:17:56,F2,21.6909,10.9411,1.6248,OK
2026-02-12 14:17:56,F3,0.0000,3.9712,0.5857,OK
2026-02-12 14:18:06,F1,0.0000,3.5684,0.5281,Bajo rango
2026-02-12 14:18:06,F2,21.7224,10.9512,1.6262,OK
2026-02-12 14:18:06,F3,0.0000,3.9585,0.5839,OK
2026-02-12 14:18:16,F1,0.0000,3.5929,0.5318,Bajo rango
2026-02-12 14:18:16,F2,21.4962,10.8788,1.6155,OK
2026-02-12 14:18:16,F3,0.0000,3.9458,0.5820,OK
2026-02-12 14:18:27,F1,0.0000,3.5802,0.5299,Bajo rango
2026-02-12 14:18:27,F2,21.4778,10.8729,1.6146,OK
2026-02-12 14:18:27,F3,0.0000,3.9500,0.5826,OK
2026-02-12 14:18:37,F1,0.0000,3.5971,0.5324,Bajo rango
2026-02-12 14:18:37,F2,21.7119,10.9478,1.6258,OK
2026-02-12 14:18:37,F3,0.0000,3.9864,0.5880,OK
2026-02-12 14:18:47,F1,0.0000,3.5709,0.5285,Bajo rango
2026-02-12 14:18:47,F2,21.8066,10.9781,1.6302,OK
2026-02-12 14:18:47,F3,0.0000,3.9364,0.5806,OK
2026-02-12 14:18:57,F1,0.0000,3.5726,0.5288,Bajo rango
2026-02-12 14:18:57,F2,21.8382,10.9882,1.6318,OK
2026-02-12 14:18:57,F3,0.0000,3.9407,0.5813,OK
2026-02-12 14:19:08,F1,0.0000,3.5878,0.5310,Bajo rango
2026-02-12 14:19:08,F2,21.8618,10.9958,1.6329,OK
2026-02-12 14:19:08,F3,0.0000,3.9356,0.5805,OK
2026-02-12 14:19:18,F1,0.0000,3.5735,0.5289,Bajo rango
2026-02-12 14:19:18,F2,22.1354,11.0833,1.6459,OK
2026-02-12 14:19:18,F3,0.0000,3.9966,0.5895,OK
2026-02-12 14:19:28,F1,0.0000,3.5642,0.5275,Bajo rango
2026-02-12 14:19:28,F2,22.0775,11.0648,1.6431,OK
2026-02-12 14:19:28,F3,0.0000,3.9636,0.5846,OK
2026-02-12 14:19:38,F1,0.0000,3.5701,0.5284,Bajo rango
2026-02-12 14:19:38,F2,22.4984,11.1995,1.6631,OK
2026-02-12 14:19:38,F3,0.0000,3.9644,0.5847,OK
2026-02-12 14:19:49,F1,0.0000,3.5878,0.5310,Bajo rango
2026-02-12 14:19:49,F2,22.7588,11.2828,1.6755,OK
2026-02-12 14:19:49,F3,0.0000,3.9534,0.5831,OK
2026-02-12 14:19:59,F1,0.0000,3.5887,0.5311,Bajo rango
2026-02-12 14:19:59,F2,22.2012,11.1044,1.6490,OK
2026-02-12 14:19:59,F3,0.0000,3.9805,0.5871,OK
2026-02-12 14:20:09,F1,0.0000,3.5887,0.5311,Bajo rango
2026-02-12 14:20:09,F2,22.5300,11.2096,1.6646,OK
2026-02-12 14:20:09,F3,0.0000,3.9653,0.5849,OK
2026-02-12 14:20:19,F1,0.0000,3.5819,0.5301,Bajo rango
2026-02-12 14:20:19,F2,22.1985,11.1035,1.6489,OK
2026-02-12 14:20:19,F3,0.0000,3.9822,0.5874,OK
2026-02-12 14:20:29,F1,0.0000,3.5853,0.5306,Bajo rango
2026-02-12 14:20:29,F2,22.8009,11.2963,1.6775,OK
2026-02-12 14:20:29,F3,0.0000,3.9508,0.5827,OK
2026-02-12 14:20:40,F1,0.0000,3.5904,0.5314,Bajo rango
2026-02-12 14:20:40,F2,22.4379,11.1801,1.6603,OK
2026-02-12 14:20:40,F3,0.0000,3.9483,0.5824,OK
2026-02-12 14:20:50,F1,0.0000,3.5625,0.5272,Bajo rango
2026-02-12 14:20:50,F2,21.7461,10.9588,1.6274,OK
2026-02-12 14:20:50,F3,0.0000,3.9686,0.5854,OK
2026-02-12 14:21:00,F1,0.0000,3.5802,0.5299,Bajo rango
2026-02-12 14:21:00,F2,20.6939,10.6221,1.5774,OK
2026-02-12 14:21:00,F3,0.0000,3.9780,0.5867,OK
2026-02-12 14:21:11,F1,0.0000,3.5752,0.5291,Bajo rango
2026-02-12 14:21:11,F2,20.0836,10.4268,1.5484,OK
2026-02-12 14:21:11,F3,0.0000,3.9720,0.5859,OK
2026-02-12 14:21:21,F1,0.0000,3.5904,0.5314,Bajo rango
2026-02-12 14:21:21,F2,19.8311,10.3460,1.5364,OK
2026-02-12 14:21:21,F3,0.0000,3.9136,0.5773,OK
2026-02-12 14:21:31,F1,0.0000,3.5980,0.5325,Bajo rango
2026-02-12 14:21:31,F2,19.8969,10.3670,1.5395,OK
2026-02-12 14:21:31,F3,0.0000,3.9669,0.5851,OK
2026-02-12 14:21:41,F1,0.0000,3.5921,0.5316,Bajo rango
2026-02-12 14:21:41,F2,20.2915,10.4933,1.5583,OK
2026-02-12 14:21:41,F3,0.0000,3.9508,0.5827,OK
2026-02-12 14:21:52,F1,0.0000,3.5701,0.5284,Bajo rango
2026-02-12 14:21:52,F2,20.5598,10.5791,1.5710,OK
2026-02-12 14:21:52,F3,0.0000,3.9551,0.5834,OK
2026-02-12 14:22:02,F1,0.0000,3.5718,0.5286,Bajo rango
2026-02-12 14:22:02,F2,20.4703,10.5505,1.5668,OK
2026-02-12 14:22:02,F3,0.0000,3.9678,0.5853,OK
2026-02-12 14:22:12,F1,0.0000,3.6005,0.5329,Bajo rango
2026-02-12 14:22:12,F2,20.3967,10.5269,1.5633,OK
2026-02-12 14:22:12,F3,0.0000,3.9229,0.5786,OK
2026-02-12 14:22:22,F1,0.0000,3.5625,0.5272,Bajo rango
2026-02-12 14:22:22,F2,20.9543,10.7054,1.5897,OK
2026-02-12 14:22:22,F3,0.0000,3.9525,0.5830,OK
2026-02-12 14:22:33,F1,0.0000,3.5617,0.5271,Bajo rango
2026-02-12 14:22:33,F2,20.7860,10.6515,1.5817,OK
2026-02-12 14:22:33,F3,0.0132,4.0042,0.5906,OK
2026-02-12 14:22:43,F1,0.0000,3.5819,0.5301,Bajo rango
2026-02-12 14:22:43,F2,20.9570,10.7062,1.5899,OK
2026-02-12 14:22:43,F3,0.0000,3.9669,0.5851,OK
2026-02-12 14:22:53,F1,0.0000,3.6073,0.5339,Bajo rango
2026-02-12 14:22:53,F2,20.7728,10.6473,1.5811,OK
2026-02-12 14:22:53,F3,0.0000,3.9449,0.5819,OK
2026-02-12 14:23:03,F1,0.0000,3.5853,0.5306,Bajo rango
2026-02-12 14:23:03,F2,20.4993,10.5598,1.5681,OK
2026-02-12 14:23:03,F3,0.0000,3.9602,0.5841,OK
2026-02-12 14:23:14,F1,0.0000,3.5617,0.5271,Bajo rango
2026-02-12 14:23:14,F2,20.3625,10.5160,1.5616,OK
2026-02-12 14:23:14,F3,0.0000,3.9678,0.5853,OK
2026-02-12 14:23:24,F1,0.0000,3.5845,0.5305,Bajo rango
2026-02-12 14:23:24,F2,20.8097,10.6591,1.5829,OK
2026-02-12 14:23:24,F3,0.0000,3.9314,0.5799,OK
2026-02-12 14:23:34,F1,0.0000,3.5735,0.5289,Bajo rango
2026-02-12 14:23:34,F2,20.6834,10.6187,1.5769,OK
2026-02-12 14:23:34,F3,0.0000,3.9602,0.5841,OK
2026-02-12 14:23:44,F1,0.0000,3.5954,0.5321,Bajo rango
2026-02-12 14:23:44,F2,20.6965,10.6229,1.5775,OK
2026-02-12 14:23:44,F3,0.0000,3.9458,0.5820,OK
2026-02-12 14:23:55,F1,0.0000,3.5507,0.5255,Bajo rango
2026-02-12 14:23:55,F2,20.4230,10.5354,1.5645,OK
2026-02-12 14:23:55,F3,0.0000,3.9568,0.5836,OK
2026-02-12 14:24:05,F1,0.0000,3.5642,0.5275,Bajo rango
2026-02-12 14:24:05,F2,20.6308,10.6019,1.5744,OK
2026-02-12 14:24:05,F3,0.0000,3.9559,0.5835,OK
2026-02-12 14:24:15,F1,0.0000,3.5861,0.5308,Bajo rango
2026-02-12 14:24:15,F2,20.1310,10.4419,1.5506,OK
2026-02-12 14:24:15,F3,0.0000,3.9483,0.5824,OK
2026-02-12 14:24:25,F1,0.0000,3.5937,0.5319,Bajo rango
2026-02-12 14:24:25,F2,20.4809,10.5539,1.5673,OK
2026-02-12 14:24:25,F3,0.0000,3.9381,0.5809,OK
2026-02-12 14:24:36,F1,0.0000,3.5532,0.5259,Bajo rango
2026-02-12 14:24:36,F2,20.4835,10.5547,1.5674,OK
2026-02-12 14:24:36,F3,0.0000,3.9432,0.5816,OK
2026-02-12 14:24:46,F1,0.0000,3.5752,0.5291,Bajo rango
2026-02-12 14:24:46,F2,20.3730,10.5194,1.5621,OK
2026-02-12 14:24:46,F3,0.0000,3.9458,0.5820,OK
2026-02-12 14:24:56,F1,0.0000,3.5921,0.5316,Bajo rango
2026-02-12 14:24:56,F2,20.3677,10.5177,1.5619,OK
2026-02-12 14:24:56,F3,0.0000,3.9568,0.5836,OK
2026-02-12 14:25:07,F1,0.0000,3.5794,0.5298,Bajo rango
2026-02-12 14:25:07,F2,20.4756,10.5522,1.5670,OK
2026-02-12 14:25:07,F3,0.0000,3.9237,0.5787,OK
2026-02-12 14:25:17,F1,0.0000,3.5659,0.5278,Bajo rango
2026-02-12 14:25:17,F2,20.4887,10.5564,1.5676,OK
2026-02-12 14:25:17,F3,0.0000,3.9576,0.5837,OK
2026-02-12 14:25:27,F1,0.0000,3.5794,0.5298,Bajo rango
2026-02-12 14:25:27,F2,20.1678,10.4537,1.5524,OK
2026-02-12 14:25:27,F3,0.0000,3.8898,0.5737,OK
2026-02-12 14:25:37,F1,0.0000,3.5845,0.5305,Bajo rango
2026-02-12 14:25:37,F2,20.3204,10.5025,1.5596,OK
2026-02-12 14:25:37,F3,0.0000,3.9381,0.5809,OK
2026-02-12 14:25:48,F1,0.0000,3.5929,0.5318,Bajo rango
2026-02-12 14:25:48,F2,20.3493,10.5118,1.5610,OK
2026-02-12 14:25:48,F3,0.0000,3.9568,0.5836,OK
2026-02-12 14:25:58,F1,0.0000,3.5709,0.5285,Bajo rango
2026-02-12 14:25:58,F2,20.3546,10.5135,1.5613,OK
2026-02-12 14:25:58,F3,0.0000,3.9814,0.5873,OK
2026-02-12 14:26:08,F1,0.0000,3.5777,0.5295,Bajo rango
2026-02-12 14:26:08,F2,20.6992,10.6237,1.5776,OK
2026-02-12 14:26:08,F3,0.0000,3.9559,0.5835,OK
2026-02-12 14:26:18,F1,0.0000,3.5861,0.5308,Bajo rango
2026-02-12 14:26:18,F2,20.7334,10.6347,1.5793,OK
2026-02-12 14:26:18,F3,0.0000,3.9441,0.5817,OK
2026-02-12 14:26:29,F1,0.0000,3.5557,0.5262,Bajo rango
2026-02-12 14:26:29,F2,20.5150,10.5648,1.5689,OK
2026-02-12 14:26:29,F3,0.0000,3.9449,0.5819,OK
2026-02-12 14:26:39,F1,0.0000,3.5684,0.5281,Bajo rango
2026-02-12 14:26:39,F2,20.8886,10.6843,1.5866,OK
2026-02-12 14:26:39,F3,0.0000,3.9636,0.5846,OK
2026-02-12 14:26:49,F1,0.0000,3.5726,0.5288,Bajo rango
2026-02-12 14:26:49,F2,20.8412,10.6692,1.5844,OK
2026-02-12 14:26:49,F3,0.0000,3.9627,0.5845,OK
2026-02-12 14:27:00,F1,0.0000,3.5828,0.5302,Bajo rango
2026-02-12 14:27:00,F2,20.5966,10.5909,1.5728,OK
2026-02-12 14:27:00,F3,0.0000,3.9636,0.5846,OK
2026-02-12 14:27:10,F1,0.0000,3.5524,0.5258,Bajo rango
2026-02-12 14:27:10,F2,21.0359,10.7315,1.5936,OK
2026-02-12 14:27:10,F3,0.0000,3.9602,0.5841,OK
2026-02-12 14:27:20,F1,0.0000,3.5878,0.5310,Bajo rango
2026-02-12 14:27:20,F2,20.9438,10.7020,1.5893,OK
2026-02-12 14:27:20,F3,0.0000,3.9576,0.5837,OK
2026-02-12 14:27:30,F1,0.0000,3.5811,0.5300,Bajo rango
2026-02-12 14:27:30,F2,20.7649,10.6448,1.5808,OK
2026-02-12 14:27:30,F3,0.0000,3.9161,0.5776,OK
2026-02-12 14:27:41,F1,0.0000,3.5752,0.5291,Bajo rango
2026-02-12 14:27:41,F2,20.6755,10.6162,1.5765,OK
2026-02-12 14:27:41,F3,0.0000,3.9712,0.5857,OK
2026-02-12 14:27:51,F1,0.0000,3.5701,0.5284,Bajo rango
2026-02-12 14:27:51,F2,21.1516,10.7685,1.5991,OK
2026-02-12 14:27:51,F3,0.0000,3.9593,0.5840,OK
2026-02-12 14:28:01,F1,0.0000,3.5735,0.5289,Bajo rango
2026-02-12 14:28:01,F2,20.8018,10.6566,1.5825,OK
2026-02-12 14:28:01,F3,0.0000,3.9271,0.5793,OK
2026-02-12 14:28:11,F1,0.0000,3.5608,0.5270,Bajo rango
2026-02-12 14:28:11,F2,20.9543,10.7054,1.5897,OK
2026-02-12 14:28:11,F3,0.0000,3.9237,0.5787,OK
2026-02-12 14:28:22,F1,0.0000,3.5574,0.5265,Bajo rango
2026-02-12 14:28:22,F2,20.6939,10.6221,1.5774,OK
2026-02-12 14:28:22,F3,0.0000,3.9415,0.5814,OK
2026-02-12 14:28:32,F1,0.0000,3.5743,0.5290,Bajo rango
2026-02-12 14:28:32,F2,20.8439,10.6700,1.5845,OK
2026-02-12 14:28:32,F3,0.0000,3.9424,0.5815,OK
2026-02-12 14:28:42,F1,0.0000,3.5541,0.5260,Bajo rango
2026-02-12 14:28:42,F2,20.6045,10.5934,1.5731,OK
2026-02-12 14:28:42,F3,0.0000,3.9712,0.5857,OK
2026-02-12 14:28:52,F1,0.0000,3.5532,0.5259,Bajo rango
2026-02-12 14:28:52,F2,20.8176,10.6616,1.5833,OK
2026-02-12 14:28:52,F3,0.0000,3.9517,0.5829,OK
2026-02-12 14:29:03,F1,0.0000,3.5684,0.5281,Bajo rango
2026-02-12 14:29:03,F2,20.9859,10.7155,1.5913,OK
2026-02-12 14:29:03,F3,0.0000,3.9500,0.5826,OK
2026-02-12 14:29:13,F1,0.0000,3.5625,0.5272,Bajo rango
2026-02-12 14:29:13,F2,20.7807,10.6498,1.5815,OK
2026-02-12 14:29:13,F3,0.0000,3.9415,0.5814,OK
2026-02-12 14:29:23,F1,0.0000,3.5676,0.5280,Bajo rango
2026-02-12 14:29:23,F2,20.7229,10.6313,1.5788,OK
2026-02-12 14:29:23,F3,0.0000,3.9593,0.5840,OK
2026-02-12 14:29:33,F1,0.0000,3.5693,0.5282,Bajo rango
2026-02-12 14:29:33,F2,20.8465,10.6709,1.5846,OK
2026-02-12 14:29:33,F3,0.0000,3.9678,0.5853,OK
2026-02-12 14:29:44,F1,0.0000,3.5659,0.5278,Bajo rango
2026-02-12 14:29:44,F2,21.0543,10.7374,1.5945,OK
2026-02-12 14:29:44,F3,0.0000,3.9441,0.5817,OK
2026-02-12 14:29:54,F1,0.0000,3.5650,0.5276,Bajo rango
2026-02-12 14:29:54,F2,5.0663,5.6212,0.8347,OK
2026-02-12 14:29:54,F3,0.0000,3.9559,0.5835,OK
2026-02-12 14:30:04,F1,0.0000,3.5684,0.5281,Bajo rango
2026-02-12 14:30:04,F2,0.4209,4.1347,0.6140,OK
2026-02-12 14:30:04,F3,0.0000,3.9398,0.5811,OK
2026-02-12 14:30:15,F1,0.0000,3.5633,0.5274,Bajo rango
2026-02-12 14:30:15,F2,21.5962,10.9108,1.6202,OK
2026-02-12 14:30:15,F3,0.0000,3.9373,0.5807,OK
2026-02-12 14:30:25,F1,0.0000,3.5608,0.5270,Bajo rango
2026-02-12 14:30:25,F2,21.6882,10.9402,1.6246,OK
2026-02-12 14:30:25,F3,0.0000,3.9322,0.5800,OK
2026-02-12 14:30:35,F1,0.0000,3.5878,0.5310,Bajo rango
2026-02-12 14:30:35,F2,21.4778,10.8729,1.6146,OK
2026-02-12 14:30:35,F3,0.0000,3.9568,0.5836,OK
2026-02-12 14:30:45,F1,0.0000,3.5633,0.5274,Bajo rango
2026-02-12 14:30:45,F2,21.5935,10.9099,1.6201,OK
2026-02-12 14:30:45,F3,0.0000,3.9483,0.5824,OK
2026-02-12 14:30:56,F1,0.0000,3.5465,0.5249,Bajo rango
2026-02-12 14:30:56,F2,21.6093,10.9150,1.6209,OK
2026-02-12 14:30:56,F3,0.0000,3.9593,0.5840,OK
2026-02-12 14:31:06,F1,0.0000,3.5718,0.5286,Bajo rango
2026-02-12 14:31:06,F2,21.7566,10.9621,1.6279,OK
2026-02-12 14:31:06,F3,0.0000,3.9805,0.5871,OK
2026-02-12 14:31:16,F1,0.0000,3.5667,0.5279,Bajo rango
2026-02-12 14:31:16,F2,21.7645,10.9646,1.6282,OK
2026-02-12 14:31:16,F3,0.0000,3.9314,0.5799,OK
2026-02-12 14:31:26,F1,0.0000,3.5498,0.5254,Bajo rango
2026-02-12 14:31:26,F2,22.1249,11.0800,1.6454,OK
2026-02-12 14:31:26,F3,0.0000,3.9347,0.5804,OK
2026-02-12 14:31:37,F1,0.0000,3.5709,0.5285,Bajo rango
2026-02-12 14:31:37,F2,22.2117,11.1077,1.6495,OK
2026-02-12 14:31:37,F3,0.0000,3.9381,0.5809,OK
2026-02-12 14:31:47,F1,0.0000,3.5828,0.5302,Bajo rango
2026-02-12 14:31:47,F2,22.3958,11.1667,1.6583,OK
2026-02-12 14:31:47,F3,0.0000,3.9195,0.5781,OK
2026-02-12 14:31:57,F1,0.0000,3.5515,0.5256,Bajo rango
2026-02-12 14:31:57,F2,22.2959,11.1347,1.6535,OK
2026-02-12 14:31:57,F3,0.0000,3.9398,0.5811,OK
2026-02-12 14:32:08,F1,0.0000,3.5709,0.5285,Bajo rango
2026-02-12 14:32:08,F2,22.4116,11.1717,1.6590,OK
2026-02-12 14:32:08,F3,0.0000,3.9347,0.5804,OK
2026-02-12 14:32:18,F1,0.0000,3.5794,0.5298,Bajo rango
2026-02-12 14:32:18,F2,22.2985,11.1355,1.6536,OK
2026-02-12 14:32:18,F3,0.0000,3.9602,0.5841,OK
2026-02-12 14:32:28,F1,0.0000,3.5583,0.5266,Bajo rango
2026-02-12 14:32:28,F2,22.1565,11.0901,1.6469,OK
2026-02-12 14:32:28,F3,0.0000,3.9297,0.5796,OK
2026-02-12 14:32:38,F1,0.0000,3.5811,0.5300,Bajo rango
2026-02-12 14:32:38,F2,22.5484,11.2155,1.6655,OK
2026-02-12 14:32:38,F3,0.0000,3.9237,0.5787,OK
2026-02-12 14:32:48,F1,0.0000,3.5617,0.5271,Bajo rango
2026-02-12 14:32:48,F2,22.4879,11.1961,1.6626,OK
2026-02-12 14:32:48,F3,0.0000,3.9415,0.5814,OK
2026-02-12 14:32:59,F1,0.0000,3.5625,0.5272,Bajo rango
2026-02-12 14:32:59,F2,22.4484,11.1835,1.6607,OK
2026-02-12 14:32:59,F3,0.0000,3.9483,0.5824,OK
2026-02-12 14:33:09,F1,0.0000,3.5279,0.5221,Bajo rango
2026-02-12 14:33:09,F2,22.2170,11.1094,1.6498,OK
2026-02-12 14:33:09,F3,0.0000,3.9500,0.5826,OK
2026-02-12 14:33:19,F1,0.0000,3.5524,0.5258,Bajo rango
2026-02-12 14:33:19,F2,22.1880,11.1002,1.6484,OK
2026-02-12 14:33:19,F3,0.0000,3.9492,0.5825,OK
2026-02-12 14:33:29,F1,0.0000,3.5650,0.5276,Bajo rango
2026-02-12 14:33:29,F2,22.3064,11.1380,1.6540,OK
2026-02-12 14:33:29,F3,0.0000,3.9466,0.5821,OK
2026-02-12 14:33:40,F1,0.0000,3.5490,0.5252,Bajo rango
2026-02-12 14:33:40,F2,22.1538,11.0892,1.6467,OK
2026-02-12 14:33:40,F3,0.0000,3.9322,0.5800,OK
2026-02-12 14:33:50,F1,0.0000,3.5633,0.5274,Bajo rango
2026-02-12 14:33:50,F2,22.1801,11.0976,1.6480,OK
2026-02-12 14:33:50,F3,0.0000,3.9449,0.5819,OK
2026-02-12 14:34:00,F1,0.0000,3.5448,0.5246,Bajo rango
2026-02-12 14:34:00,F2,21.9618,11.0278,1.6376,OK
2026-02-12 14:34:00,F3,0.0000,3.9517,0.5829,OK
2026-02-12 14:34:11,F1,0.0000,3.5819,0.5301,Bajo rango
2026-02-12 14:34:11,F2,22.0565,11.0581,1.6421,OK
2026-02-12 14:34:11,F3,0.0000,3.9322,0.5800,OK
2026-02-12 14:34:21,F1,0.0000,3.5566,0.5264,Bajo rango
2026-02-12 14:34:21,F2,21.8303,10.9857,1.6314,OK
2026-02-12 14:34:21,F3,0.0000,3.9373,0.5807,OK
2026-02-12 14:34:31,F1,0.0000,3.5524,0.5258,Bajo rango
2026-02-12 14:34:31,F2,21.9145,11.0126,1.6354,OK
2026-02-12 14:34:31,F3,0.0000,3.9254,0.5790,OK
2026-02-12 14:34:41,F1,0.0000,3.5642,0.5275,Bajo rango
2026-02-12 14:34:41,F2,22.1039,11.0732,1.6444,OK
2026-02-12 14:34:41,F3,0.0000,3.9475,0.5823,OK
2026-02-12 14:34:52,F1,0.0000,3.5811,0.5300,Bajo rango
2026-02-12 14:34:52,F2,21.6803,10.9377,1.6242,OK
2026-02-12 14:34:52,F3,0.0000,3.9339,0.5803,OK
2026-02-12 14:35:02,F1,0.0000,3.5338,0.5230,Bajo rango
2026-02-12 14:35:02,F2,22.0197,11.0463,1.6404,OK
2026-02-12 14:35:02,F3,0.0000,3.9271,0.5793,OK
2026-02-12 14:35:12,F1,0.0000,3.5549,0.5261,Bajo rango
2026-02-12 14:35:12,F2,21.4515,10.8645,1.6134,OK
2026-02-12 14:35:12,F3,0.0000,3.9500,0.5826,OK
2026-02-12 14:35:23,F1,0.0000,3.5541,0.5260,Bajo rango
2026-02-12 14:35:23,F2,21.5357,10.8914,1.6174,OK
2026-02-12 14:35:23,F3,0.0000,3.9322,0.5800,OK
2026-02-12 14:35:33,F1,0.0000,3.5524,0.5258,Bajo rango
2026-02-12 14:35:33,F2,21.7040,10.9453,1.6254,OK
2026-02-12 14:35:33,F3,0.0000,3.9356,0.5805,OK
2026-02-12 14:35:43,F1,0.0000,3.5701,0.5284,Bajo rango
2026-02-12 14:35:43,F2,21.8171,10.9815,1.6308,OK
2026-02-12 14:35:43,F3,0.0000,3.9322,0.5800,OK
2026-02-12 14:35:53,F1,0.0000,3.5397,0.5239,Bajo rango
2026-02-12 14:35:53,F2,21.7619,10.9638,1.6281,OK
2026-02-12 14:35:53,F3,0.0000,3.9347,0.5804,OK
2026-02-12 14:36:04,F1,0.0000,3.5802,0.5299,Bajo rango
2026-02-12 14:36:04,F2,21.6435,10.9259,1.6225,OK
2026-02-12 14:36:04,F3,0.0000,3.9551,0.5834,OK
2026-02-12 14:36:14,F1,0.0000,3.5389,0.5238,Bajo rango
2026-02-12 14:36:14,F2,21.5620,10.8998,1.6186,OK
2026-02-12 14:36:14,F3,0.0000,3.9297,0.5796,OK
2026-02-12 14:36:24,F1,0.0000,3.5566,0.5264,Bajo rango
2026-02-12 14:36:24,F2,21.8329,10.9865,1.6315,OK
2026-02-12 14:36:24,F3,0.0000,3.9441,0.5817,OK
2026-02-12 14:36:35,F1,0.0000,3.5701,0.5284,Bajo rango
2026-02-12 14:36:35,F2,21.7908,10.9731,1.6295,OK
2026-02-12 14:36:35,F3,0.0000,3.9398,0.5811,OK
2026-02-12 14:36:45,F1,0.0000,3.5718,0.5286,Bajo rango
2026-02-12 14:36:45,F2,21.6435,10.9259,1.6225,OK
2026-02-12 14:36:45,F3,0.0000,3.9432,0.5816,OK
2026-02-12 14:36:55,F1,0.0000,3.5642,0.5275,Bajo rango
2026-02-12 14:36:55,F2,21.9881,11.0362,1.6389,OK
2026-02-12 14:36:55,F3,0.0000,3.9475,0.5823,OK
2026-02-12 14:37:05,F1,0.0000,3.5524,0.5258,Bajo rango
2026-02-12 14:37:05,F2,22.0249,11.0480,1.6406,OK
2026-02-12 14:37:05,F3,0.0000,3.9356,0.5805,OK
2026-02-12 14:37:16,F1,0.0000,3.5642,0.5275,Bajo rango
2026-02-12 14:37:16,F2,22.0644,11.0606,1.6425,OK
2026-02-12 14:37:16,F3,0.0000,3.9322,0.5800,OK
2026-02-12 14:37:26,F1,0.0000,3.5760,0.5292,Bajo rango
2026-02-12 14:37:26,F2,22.0697,11.0623,1.6427,OK
2026-02-12 14:37:26,F3,0.0000,3.9229,0.5786,OK
2026-02-12 14:37:36,F1,0.0000,3.5667,0.5279,Bajo rango
2026-02-12 14:37:36,F2,21.9644,11.0286,1.6378,OK
2026-02-12 14:37:36,F3,0.0000,3.9381,0.5809,OK
2026-02-12 14:37:46,F1,0.0000,3.5507,0.5255,Bajo rango
2026-02-12 14:37:46,F2,22.0092,11.0429,1.6399,OK
2026-02-12 14:37:46,F3,0.0000,3.9576,0.5837,OK
2026-02-12 14:37:56,F1,0.0000,3.5456,0.5248,Bajo rango
2026-02-12 14:37:56,F2,21.9487,11.0236,1.6370,OK
2026-02-12 14:37:56,F3,0.0000,3.9364,0.5806,OK
2026-02-12 14:38:07,F1,0.0000,3.5633,0.5274,Bajo rango
2026-02-12 14:38:07,F2,20.8386,10.6684,1.5842,OK
2026-02-12 14:38:07,F3,0.0000,3.9407,0.5813,OK
2026-02-12 14:38:17,F1,0.0000,3.5777,0.5295,Bajo rango
2026-02-12 14:38:17,F2,20.0337,10.4108,1.5460,OK
2026-02-12 14:38:17,F3,0.0000,3.9339,0.5803,OK
2026-02-12 14:38:27,F1,0.0000,3.5465,0.5249,Bajo rango
2026-02-12 14:38:27,F2,19.1209,10.1187,1.5026,OK
2026-02-12 14:38:27,F3,0.0000,3.9542,0.5833,OK
2026-02-12 14:38:38,F1,0.0000,3.5355,0.5232,Bajo rango
2026-02-12 14:38:38,F2,19.1104,10.1153,1.5021,OK
2026-02-12 14:38:38,F3,0.0000,3.9517,0.5829,OK
2026-02-12 14:38:48,F1,0.0000,3.5557,0.5262,Bajo rango
2026-02-12 14:38:48,F2,19.5576,10.2584,1.5234,OK
2026-02-12 14:38:48,F3,0.0000,3.9381,0.5809,OK
2026-02-12 14:38:58,F1,0.0000,3.5574,0.5265,Bajo rango
2026-02-12 14:38:58,F2,19.5839,10.2668,1.5246,OK
2026-02-12 14:38:58,F3,0.0000,3.9119,0.5770,OK
2026-02-12 14:39:08,F1,0.0000,3.5507,0.5255,Bajo rango
2026-02-12 14:39:08,F2,19.9600,10.3872,1.5425,OK
2026-02-12 14:39:08,F3,0.0000,3.9500,0.5826,OK
2026-02-12 14:39:18,F1,0.0000,3.5633,0.5274,Bajo rango
2026-02-12 14:39:18,F2,19.7180,10.3098,1.5310,OK
2026-02-12 14:39:18,F3,0.0000,3.8932,0.5743,OK
2026-02-12 14:39:29,F1,0.0000,3.5456,0.5248,Bajo rango
2026-02-12 14:39:29,F2,19.6917,10.3013,1.5297,OK
2026-02-12 14:39:29,F3,0.0000,3.9314,0.5799,OK
2026-02-12 14:39:39,F1,0.0000,3.5498,0.5254,Bajo rango
2026-02-12 14:39:39,F2,19.9127,10.3721,1.5403,OK
2026-02-12 14:39:39,F3,0.0000,3.9407,0.5813,OK
2026-02-12 14:39:49,F1,0.0000,3.5684,0.5281,Bajo rango
2026-02-12 14:39:49,F2,19.8732,10.3594,1.5384,OK
2026-02-12 14:39:49,F3,0.0000,3.9280,0.5794,OK
2026-02-12 14:39:59,F1,0.0000,3.5676,0.5280,Bajo rango
2026-02-12 14:39:59,F2,20.1520,10.4487,1.5516,OK
2026-02-12 14:39:59,F3,0.0000,3.9356,0.5805,OK
2026-02-12 14:40:09,F1,0.0000,3.5760,0.5292,Bajo rango
2026-02-12 14:40:09,F2,20.0573,10.4184,1.5471,OK
2026-02-12 14:40:09,F3,0.0000,3.9593,0.5840,OK
2026-02-12 14:40:20,F1,0.0000,3.5566,0.5264,Bajo rango
2026-02-12 14:40:20,F2,20.1441,10.4461,1.5513,OK
2026-02-12 14:40:20,F3,0.0000,3.9305,0.5797,OK
2026-02-12 14:40:30,F1,0.0000,3.5633,0.5274,Bajo rango
2026-02-12 14:40:30,F2,20.1468,10.4470,1.5514,OK
2026-02-12 14:40:30,F3,0.0000,3.9593,0.5840,OK
2026-02-12 14:40:40,F1,0.0000,3.5481,0.5251,Bajo rango
2026-02-12 14:40:40,F2,20.3072,10.4983,1.5590,OK
2026-02-12 14:40:40,F3,0.0000,3.9661,0.5850,OK
2026-02-12 14:40:50,F1,0.0000,3.5566,0.5264,Bajo rango
2026-02-12 14:40:50,F2,20.0021,10.4007,1.5445,OK
2026-02-12 14:40:50,F3,0.0000,3.9678,0.5853,OK
2026-02-12 14:41:01,F1,0.0000,3.5777,0.5295,Bajo rango
2026-02-12 14:41:01,F2,20.3178,10.5017,1.5595,OK
2026-02-12 14:41:01,F3,0.0000,3.9229,0.5786,OK
2026-02-12 14:41:11,F1,0.0000,3.5718,0.5286,Bajo rango
2026-02-12 14:41:11,F2,20.4388,10.5404,1.5653,OK
2026-02-12 14:41:11,F3,0.0000,3.9508,0.5827,OK
2026-02-12 14:41:21,F1,0.0000,3.5389,0.5238,Bajo rango
2026-02-12 14:41:21,F2,20.6676,10.6136,1.5761,OK
2026-02-12 14:41:21,F3,0.0000,3.9441,0.5817,OK
2026-02-12 14:41:31,F1,0.0000,3.5625,0.5272,Bajo rango
2026-02-12 14:41:31,F2,20.5650,10.5808,1.5713,OK
2026-02-12 14:41:31,F3,0.0000,3.9364,0.5806,OK
2026-02-12 14:41:41,F1,0.0000,3.5507,0.5255,Bajo rango
2026-02-12 14:41:41,F2,20.2494,10.4798,1.5563,OK
2026-02-12 14:41:41,F3,0.0000,3.9619,0.5844,OK
2026-02-12 14:41:52,F1,0.0000,3.5515,0.5256,Bajo rango
2026-02-12 14:41:52,F2,20.7176,10.6296,1.5785,OK
2026-02-12 14:41:52,F3,0.0000,3.9364,0.5806,OK
2026-02-12 14:42:02,F1,0.0000,3.5659,0.5278,Bajo rango
2026-02-12 14:42:02,F2,20.9754,10.7121,1.5908,OK
2026-02-12 14:42:02,F3,0.0000,3.9568,0.5836,OK
2026-02-12 14:42:12,F1,0.0000,3.5608,0.5270,Bajo rango
2026-02-12 14:42:12,F2,20.8570,10.6742,1.5851,OK
2026-02-12 14:42:12,F3,0.0000,3.9373,0.5807,OK
2026-02-12 14:42:22,F1,0.0000,3.5397,0.5239,Bajo rango
2026-02-12 14:42:22,F2,21.1700,10.7744,1.6000,OK
2026-02-12 14:42:22,F3,0.0000,3.8941,0.5744,OK
2026-02-12 14:42:32,F1,0.0000,3.5422,0.5242,Bajo rango
2026-02-12 14:42:32,F2,21.0911,10.7492,1.5962,OK
2026-02-12 14:42:32,F3,0.0000,3.9576,0.5837,OK
2026-02-12 14:42:43,F1,0.0000,3.5532,0.5259,Bajo rango
2026-02-12 14:42:43,F2,21.3778,10.8409,1.6099,OK
2026-02-12 14:42:43,F3,0.0000,3.9068,0.5763,OK
2026-02-12 14:42:53,F1,0.0000,3.5439,0.5245,Bajo rango
2026-02-12 14:42:53,F2,21.7040,10.9453,1.6254,OK
2026-02-12 14:42:53,F3,0.0000,3.9568,0.5836,OK
2026-02-12 14:43:03,F1,0.0000,3.5532,0.5259,Bajo rango
2026-02-12 14:43:03,F2,21.4699,10.8704,1.6142,OK
2026-02-12 14:43:03,F3,0.0000,3.9568,0.5836,OK
2026-02-12 14:43:13,F1,0.0000,3.5676,0.5280,Bajo rango
2026-02-12 14:43:13,F2,21.9381,11.0202,1.6365,OK
2026-02-12 14:43:13,F3,0.0000,3.9508,0.5827,OK
2026-02-12 14:43:24,F1,0.0000,3.5591,0.5268,Bajo rango
2026-02-12 14:43:24,F2,21.9276,11.0168,1.6360,OK
2026-02-12 14:43:24,F3,0.0000,3.9407,0.5813,OK
2026-02-12 14:43:34,F1,0.0000,3.5515,0.5256,Bajo rango
2026-02-12 14:43:34,F2,21.4594,10.8670,1.6138,OK
2026-02-12 14:43:34,F3,0.0000,3.9542,0.5833,OK
2026-02-12 14:43:44,F1,0.0000,3.5769,0.5294,Bajo rango
2026-02-12 14:43:44,F2,21.5699,10.9024,1.6190,OK
2026-02-12 14:43:44,F3,0.0000,3.9508,0.5827,OK
2026-02-12 14:43:54,F1,0.0000,3.5600,0.5269,Bajo rango
2026-02-12 14:43:54,F2,21.5856,10.9074,1.6198,OK
2026-02-12 14:43:54,F3,0.0000,3.9458,0.5820,OK
2026-02-12 14:44:04,F1,0.0000,3.5549,0.5261,Bajo rango
2026-02-12 14:44:04,F2,21.8855,11.0034,1.6340,OK
2026-02-12 14:44:04,F3,0.0000,3.9237,0.5787,OK
2026-02-12 14:44:15,F1,0.0000,3.5642,0.5275,Bajo rango
2026-02-12 14:44:15,F2,21.7882,10.9722,1.6294,OK
2026-02-12 14:44:15,F3,0.0000,3.9525,0.5830,OK
2026-02-12 14:44:25,F1,0.0000,3.5684,0.5281,Bajo rango
2026-02-12 14:44:25,F2,21.5488,10.8956,1.6180,OK
2026-02-12 14:44:25,F3,0.0000,3.9237,0.5787,OK
2026-02-12 14:44:35,F1,0.0000,3.5617,0.5271,Bajo rango
2026-02-12 14:44:35,F2,21.3173,10.8215,1.6070,OK
2026-02-12 14:44:35,F3,0.0000,3.9051,0.5760,OK
2026-02-12 14:44:45,F1,0.0000,3.5836,0.5304,Bajo rango
2026-02-12 14:44:45,F2,21.3279,10.8249,1.6075,OK
2026-02-12 14:44:45,F3,0.0000,3.9331,0.5801,OK
2026-02-12 14:44:56,F1,0.0000,3.5498,0.5254,Bajo rango
2026-02-12 14:44:56,F2,21.4699,10.8704,1.6142,OK
2026-02-12 14:44:56,F3,0.0000,3.9432,0.5816,OK
2026-02-12 14:45:06,F1,0.0000,3.5608,0.5270,Bajo rango
2026-02-12 14:45:06,F2,21.5515,10.8965,1.6181,OK
2026-02-12 14:45:06,F3,0.0000,3.9322,0.5800,OK
2026-02-12 14:45:16,F1,0.0000,3.5566,0.5264,Bajo rango
2026-02-12 14:45:16,F2,21.5672,10.9015,1.6189,OK
2026-02-12 14:45:16,F3,0.0000,3.9271,0.5793,OK
2026-02-12 14:45:26,F1,0.0000,3.5608,0.5270,Bajo rango
2026-02-12 14:45:26,F2,21.1543,10.7694,1.5993,OK
2026-02-12 14:45:26,F3,0.0000,3.9068,0.5763,OK
2026-02-12 14:45:37,F1,0.0000,3.5693,0.5282,Bajo rango
2026-02-12 14:45:37,F2,21.0438,10.7340,1.5940,OK
2026-02-12 14:45:37,F3,0.0000,3.9153,0.5775,OK
2026-02-12 14:45:47,F1,0.0000,3.5617,0.5271,Bajo rango
2026-02-12 14:45:47,F2,21.2753,10.8081,1.6050,OK
2026-02-12 14:45:47,F3,0.0000,3.9153,0.5775,OK
2026-02-12 14:45:57,F1,0.0000,3.5439,0.5245,Bajo rango
2026-02-12 14:45:57,F2,21.2463,10.7988,1.6036,OK
2026-02-12 14:45:57,F3,0.0000,3.9297,0.5796,OK
2026-02-12 14:46:07,F1,0.0000,3.5532,0.5259,Bajo rango
2026-02-12 14:46:07,F2,20.9254,10.6961,1.5884,OK
2026-02-12 14:46:07,F3,0.0000,3.9288,0.5795,OK
2026-02-12 14:46:17,F1,0.0000,3.5625,0.5272,Bajo rango
2026-02-12 14:46:17,F2,21.0254,10.7281,1.5931,OK
2026-02-12 14:46:17,F3,0.0000,3.9525,0.5830,OK
2026-02-12 14:46:28,F1,0.0000,3.5549,0.5261,Bajo rango
2026-02-12 14:46:28,F2,21.3200,10.8224,1.6071,OK
2026-02-12 14:46:28,F3,0.0000,3.9144,0.5774,OK
2026-02-12 14:46:38,F1,0.0000,3.5802,0.5299,Bajo rango
2026-02-12 14:46:38,F2,21.1779,10.7769,1.6004,OK
2026-02-12 14:46:38,F3,0.0000,3.9390,0.5810,OK
2026-02-12 14:46:48,F1,0.0000,3.5524,0.5258,Bajo rango
2026-02-12 14:46:48,F2,20.7255,10.6322,1.5789,OK
2026-02-12 14:46:48,F3,0.0000,3.9492,0.5825,OK
2026-02-12 14:46:58,F1,0.0000,3.5701,0.5284,Bajo rango
2026-02-12 14:46:58,F2,21.1358,10.7635,1.5984,OK
2026-02-12 14:46:58,F3,0.0000,3.9136,0.5773,OK
2026-02-12 14:47:09,F1,0.0000,3.5600,0.5269,Bajo rango
2026-02-12 14:47:09,F2,21.1069,10.7542,1.5970,OK
2026-02-12 14:47:09,F3,0.0000,3.9373,0.5807,OK
2026-02-12 14:47:19,F1,0.0000,3.5608,0.5270,Bajo rango
2026-02-12 14:47:19,F2,20.8307,10.6658,1.5839,OK
2026-02-12 14:47:19,F3,0.0000,3.9331,0.5801,OK
2026-02-12 14:47:29,F1,0.0000,3.5448,0.5246,Bajo rango
2026-02-12 14:47:29,F2,20.9517,10.7045,1.5896,OK
2026-02-12 14:47:29,F3,0.0000,3.9441,0.5817,OK
2026-02-12 14:47:39,F1,0.0000,3.5735,0.5289,Bajo rango
2026-02-12 14:47:39,F2,21.0017,10.7205,1.5920,OK
2026-02-12 14:47:39,F3,0.0000,3.9153,0.5775,OK
2026-02-12 14:47:50,F1,0.0000,3.5422,0.5242,Bajo rango
2026-02-12 14:47:50,F2,21.1700,10.7744,1.6000,OK
2026-02-12 14:47:50,F3,0.0000,3.9178,0.5779,OK
2026-02-12 14:48:00,F1,0.0000,3.5591,0.5268,Bajo rango
2026-02-12 14:48:00,F2,20.9517,10.7045,1.5896,OK
2026-02-12 14:48:00,F3,0.0000,3.9263,0.5791,OK
2026-02-12 14:48:10,F1,0.0000,3.5659,0.5278,Bajo rango
2026-02-12 14:48:10,F2,21.1700,10.7744,1.6000,OK
2026-02-12 14:48:10,F3,0.0000,3.8966,0.5747,OK
2026-02-12 14:48:21,F1,0.0000,3.5473,0.5250,Bajo rango
2026-02-12 14:48:21,F2,20.8070,10.6582,1.5828,OK
2026-02-12 14:48:21,F3,0.0000,3.9331,0.5801,OK
2026-02-12 14:48:31,F1,0.0000,3.5524,0.5258,Bajo rango
2026-02-12 14:48:31,F2,20.9044,10.6894,1.5874,OK
2026-02-12 14:48:31,F3,0.0000,3.9534,0.5831,OK
2026-02-12 14:48:41,F1,0.0000,3.5608,0.5270,Bajo rango
2026-02-12 14:48:41,F2,21.4331,10.8586,1.6125,OK
2026-02-12 14:48:41,F3,0.0000,3.9585,0.5839,OK
2026-02-12 14:48:51,F1,0.0000,3.5591,0.5268,Bajo rango
2026-02-12 14:48:51,F2,21.3568,10.8342,1.6089,OK
2026-02-12 14:48:51,F3,0.0000,3.9161,0.5776,OK
2026-02-12 14:49:01,F1,0.0000,3.5481,0.5251,Bajo rango
2026-02-12 14:49:01,F2,21.1174,10.7576,1.5975,OK
2026-02-12 14:49:01,F3,0.0000,3.8992,0.5751,OK
2026-02-12 14:49:12,F1,0.0000,3.5676,0.5280,Bajo rango
2026-02-12 14:49:12,F2,21.4252,10.8561,1.6121,OK
2026-02-12 14:49:12,F3,0.0000,3.9424,0.5815,OK
2026-02-12 14:49:22,F1,0.0000,3.5617,0.5271,Bajo rango
2026-02-12 14:49:22,F2,21.4305,10.8577,1.6124,OK
2026-02-12 14:49:22,F3,0.0000,3.9305,0.5797,OK
2026-02-12 14:49:32,F1,0.0000,3.5312,0.5226,Bajo rango
2026-02-12 14:49:32,F2,21.3147,10.8207,1.6069,OK
2026-02-12 14:49:32,F3,0.0000,3.9500,0.5826,OK
2026-02-12 14:49:42,F1,0.0000,3.5617,0.5271,Bajo rango
2026-02-12 14:49:42,F2,21.3647,10.8367,1.6093,OK
2026-02-12 14:49:42,F3,0.0000,3.9237,0.5787,OK
2026-02-12 14:49:53,F1,0.0000,3.5853,0.5306,Bajo rango
2026-02-12 14:49:53,F2,21.3963,10.8468,1.6108,OK
2026-02-12 14:49:53,F3,0.0000,3.9186,0.5780,OK
2026-02-12 14:50:03,F1,0.0000,3.5465,0.5249,Bajo rango
2026-02-12 14:50:03,F2,21.1464,10.7668,1.5989,OK
2026-02-12 14:50:03,F3,0.0000,3.9331,0.5801,OK
2026-02-12 14:50:13,F1,0.0000,3.5498,0.5254,Bajo rango
2026-02-12 14:50:13,F2,21.3121,10.8199,1.6068,OK
2026-02-12 14:50:13,F3,0.0000,3.9237,0.5787,OK
2026-02-12 14:50:23,F1,0.0000,3.5735,0.5289,Bajo rango
2026-02-12 14:50:23,F2,21.3042,10.8173,1.6064,OK
2026-02-12 14:50:23,F3,0.0000,3.9144,0.5774,OK
2026-02-12 14:50:34,F1,0.0000,3.5642,0.5275,Bajo rango
2026-02-12 14:50:34,F2,21.5041,10.8813,1.6159,OK
2026-02-12 14:50:34,F3,0.0000,3.9381,0.5809,OK
2026-02-12 14:50:44,F1,0.0000,3.5515,0.5256,Bajo rango
2026-02-12 14:50:44,F2,21.4094,10.8510,1.6114,OK
2026-02-12 14:50:44,F3,0.0000,3.9364,0.5806,OK
2026-02-12 14:50:54,F1,0.0000,3.5422,0.5242,Bajo rango
2026-02-12 14:50:54,F2,21.0359,10.7315,1.5936,OK
2026-02-12 14:50:54,F3,0.0000,3.9212,0.5784,OK
2026-02-12 14:51:04,F1,0.0000,3.5532,0.5259,Bajo rango
2026-02-12 14:51:04,F2,21.2779,10.8089,1.6051,OK
2026-02-12 14:51:04,F3,0.0000,3.9492,0.5825,OK
2026-02-12 14:51:14,F1,0.0000,3.5490,0.5252,Bajo rango
2026-02-12 14:51:14,F2,21.4620,10.8678,1.6139,OK
2026-02-12 14:51:14,F3,0.0000,3.9407,0.5813,OK
2026-02-12 14:51:25,F1,0.0000,3.5617,0.5271,Bajo rango
2026-02-12 14:51:25,F2,21.2358,10.7955,1.6031,OK
2026-02-12 14:51:25,F3,0.0000,3.9169,0.5777,OK
2026-02-12 14:51:35,F1,0.0000,3.5650,0.5276,Bajo rango
2026-02-12 14:51:35,F2,22.0407,11.0530,1.6414,OK
2026-02-12 14:51:35,F3,0.0000,3.9042,0.5759,OK
2026-02-12 14:51:45,F1,0.0000,3.5642,0.5275,Bajo rango
2026-02-12 14:51:45,F2,21.5173,10.8855,1.6165,OK
2026-02-12 14:51:45,F3,0.0000,3.9432,0.5816,OK
2026-02-12 14:51:55,F1,0.0000,3.5650,0.5276,Bajo rango
2026-02-12 14:51:55,F2,21.5830,10.9066,1.6196,OK
2026-02-12 14:51:55,F3,0.0000,3.9110,0.5769,OK
2026-02-12 14:52:06,F1,0.0000,3.5541,0.5260,Bajo rango
2026-02-12 14:52:06,F2,21.5146,10.8847,1.6164,OK
2026-02-12 14:52:06,F3,0.0000,3.9059,0.5761,OK
2026-02-12 14:52:16,F1,0.0000,3.5448,0.5246,Bajo rango
2026-02-12 14:52:16,F2,21.4357,10.8594,1.6126,OK
2026-02-12 14:52:16,F3,0.0000,3.9331,0.5801,OK
2026-02-12 14:52:26,F1,0.0000,3.5701,0.5284,Bajo rango
2026-02-12 14:52:26,F2,21.8671,10.9975,1.6331,OK
2026-02-12 14:52:26,F3,0.0000,3.9161,0.5776,OK
2026-02-12 14:52:36,F1,0.0000,3.5397,0.5239,Bajo rango
2026-02-12 14:52:36,F2,21.5620,10.8998,1.6186,OK
2026-02-12 14:52:36,F3,0.0000,3.9390,0.5810,OK
2026-02-12 14:52:47,F1,0.0000,3.5600,0.5269,Bajo rango
2026-02-12 14:52:47,F2,21.8040,10.9773,1.6301,OK
2026-02-12 14:52:47,F3,0.0000,3.9144,0.5774,OK
2026-02-12 14:52:57,F1,0.0000,3.5498,0.5254,Bajo rango
2026-02-12 14:52:57,F2,21.9066,11.0101,1.6350,OK
2026-02-12 14:52:57,F3,0.0000,3.9415,0.5814,OK
2026-02-12 14:53:07,F1,0.0000,3.5617,0.5271,Bajo rango
2026-02-12 14:53:07,F2,22.2748,11.1279,1.6525,OK
2026-02-12 14:53:07,F3,0.0000,3.9288,0.5795,OK
2026-02-12 14:53:17,F1,0.0000,3.5752,0.5291,Bajo rango
2026-02-12 14:53:17,F2,22.4142,11.1726,1.6591,OK
2026-02-12 14:53:17,F3,0.0000,3.9051,0.5760,OK
2026-02-12 14:53:28,F1,0.0000,3.5583,0.5266,Bajo rango
2026-02-12 14:53:28,F2,22.6273,11.2407,1.6693,OK
2026-02-12 14:53:28,F3,0.0000,3.9390,0.5810,OK
2026-02-12 14:53:38,F1,0.0000,3.5676,0.5280,Bajo rango
2026-02-12 14:53:38,F2,22.4853,11.1953,1.6625,OK
2026-02-12 14:53:38,F3,0.0000,3.9102,0.5767,OK
2026-02-12 14:53:48,F1,0.0000,3.5465,0.5249,Bajo rango
2026-02-12 14:53:48,F2,22.5458,11.2146,1.6654,OK
2026-02-12 14:53:48,F3,0.0000,3.9297,0.5796,OK
2026-02-12 14:53:58,F1,0.0000,3.5473,0.5250,Bajo rango
2026-02-12 14:53:58,F2,22.7746,11.2879,1.6763,OK
2026-02-12 14:53:58,F3,0.0000,3.8924,0.5741,OK
2026-02-12 14:54:09,F1,0.0000,3.5726,0.5288,Bajo rango
2026-02-12 14:54:09,F2,22.9640,11.3485,1.6853,OK
2026-02-12 14:54:09,F3,0.0000,3.9178,0.5779,OK
2026-02-12 14:54:19,F1,0.0000,3.5617,0.5271,Bajo rango
2026-02-12 14:54:19,F2,22.8641,11.3165,1.6805,OK
2026-02-12 14:54:19,F3,0.0000,3.8932,0.5743,OK
2026-02-12 14:54:29,F1,0.0000,3.6208,0.5359,Bajo rango
2026-02-12 14:54:29,F2,22.9719,11.3510,1.6856,OK
2026-02-12 14:54:29,F3,0.0000,3.9771,0.5866,OK
2026-02-12 14:54:39,F1,0.0000,3.5625,0.5272,Bajo rango
2026-02-12 14:54:39,F2,22.9088,11.3308,1.6826,OK
2026-02-12 14:54:39,F3,0.0000,3.8924,0.5741,OK
2026-02-12 14:54:50,F1,0.0000,3.5659,0.5278,Bajo rango
2026-02-12 14:54:50,F2,22.9430,11.3418,1.6843,OK
2026-02-12 14:54:50,F3,0.0000,3.9305,0.5797,OK
2026-02-12 14:55:00,F1,0.0000,3.5541,0.5260,Bajo rango
2026-02-12 14:55:00,F2,22.8930,11.3258,1.6819,OK
2026-02-12 14:55:00,F3,0.0000,3.9305,0.5797,OK
2026-02-12 14:55:10,F1,0.0000,3.5608,0.5270,Bajo rango
2026-02-12 14:55:10,F2,22.3801,11.1616,1.6575,OK
2026-02-12 14:55:10,F3,0.0000,3.9195,0.5781,OK
2026-02-12 14:55:20,F1,0.0000,3.5490,0.5252,Bajo rango
2026-02-12 14:55:20,F2,22.8009,11.2963,1.6775,OK
2026-02-12 14:55:20,F3,0.0000,3.9136,0.5773,OK
2026-02-12 14:55:30,F1,0.0000,3.5448,0.5246,Bajo rango
2026-02-12 14:55:30,F2,22.6694,11.2542,1.6713,OK
2026-02-12 14:55:30,F3,0.0000,3.9263,0.5791,OK
2026-02-12 14:55:41,F1,0.0000,3.5752,0.5291,Bajo rango
2026-02-12 14:55:41,F2,22.3669,11.1574,1.6569,OK
2026-02-12 14:55:41,F3,0.0000,3.9297,0.5796,OK
2026-02-12 14:55:51,F1,0.0000,3.5667,0.5279,Bajo rango
2026-02-12 14:55:51,F2,21.3331,10.8266,1.6078,OK
2026-02-12 14:55:51,F3,0.0000,3.9466,0.5821,OK
2026-02-12 14:56:01,F1,0.0000,3.5676,0.5280,Bajo rango
2026-02-12 14:56:01,F2,20.4467,10.5429,1.5656,OK
2026-02-12 14:56:01,F3,0.0000,3.8898,0.5737,OK
2026-02-12 14:56:11,F1,0.0000,3.5524,0.5258,Bajo rango
2026-02-12 14:56:11,F2,20.3546,10.5135,1.5613,OK
2026-02-12 14:56:11,F3,0.0000,3.9254,0.5790,OK
2026-02-12 14:56:21,F1,0.0000,3.5608,0.5270,Bajo rango
2026-02-12 14:56:21,F2,20.5150,10.5648,1.5689,OK
2026-02-12 14:56:21,F3,0.0000,3.9220,0.5785,OK
2026-02-12 14:56:32,F1,0.0000,3.5954,0.5321,Bajo rango
2026-02-12 14:56:32,F2,20.2546,10.4815,1.5565,OK
2026-02-12 14:56:32,F3,0.0000,3.9127,0.5771,OK
2026-02-12 14:56:42,F1,0.0000,3.5785,0.5296,Bajo rango
2026-02-12 14:56:42,F2,20.3888,10.5244,1.5629,OK
2026-02-12 14:56:42,F3,0.0000,3.9161,0.5776,OK
2026-02-12 14:56:52,F1,0.0000,3.5574,0.5265,Bajo rango
2026-02-12 14:56:52,F2,20.4809,10.5539,1.5673,OK
2026-02-12 14:56:52,F3,0.0000,3.9271,0.5793,OK
2026-02-12 14:57:02,F1,0.0000,3.5693,0.5282,Bajo rango
2026-02-12 14:57:02,F2,20.1968,10.4630,1.5537,OK
2026-02-12 14:57:02,F3,0.0000,3.9169,0.5777,OK
2026-02-12 14:57:45,F1,0.0000,3.5583,0.5266,Bajo rango
2026-02-12 14:57:45,F2,20.0495,10.4158,1.5468,OK
2026-02-12 14:57:45,F3,0.0000,3.9237,0.5787,OK
2026-02-12 14:57:55,F1,0.0000,3.5769,0.5294,Bajo rango
2026-02-12 14:57:55,F2,20.2336,10.4747,1.5555,OK
2026-02-12 14:57:55,F3,0.0000,3.9186,0.5780,OK
2026-02-12 15:08:14,F1,0.0000,3.5684,0.5281,Bajo rango
2026-02-12 15:08:14,F2,21.7987,10.9756,1.6299,OK
2026-02-12 15:08:14,F3,0.0000,3.9000,0.5753,OK
2026-02-12 15:08:24,F1,0.0000,3.5473,0.5250,Bajo rango
2026-02-12 15:08:24,F2,21.8224,10.9832,1.6310,OK
2026-02-12 15:08:24,F3,0.0000,3.9059,0.5761,OK
2026-02-12 15:08:35,F1,0.0000,3.5541,0.5260,Bajo rango
2026-02-12 15:08:35,F2,21.9750,11.0320,1.6382,OK
2026-02-12 15:08:35,F3,0.0000,3.8949,0.5745,OK
2026-02-12 15:08:45,F1,0.0000,3.5524,0.5258,Bajo rango
2026-02-12 15:08:45,F2,21.9671,11.0295,1.6379,OK
2026-02-12 15:08:45,F3,0.0000,3.8737,0.5714,OK
2026-02-12 15:08:55,F1,0.0000,3.5490,0.5252,Bajo rango
2026-02-12 15:08:55,F2,21.9302,11.0177,1.6361,OK
2026-02-12 15:08:55,F3,0.0000,3.8754,0.5716,OK
2026-02-12 15:09:07,F1,0.0000,3.5785,0.5296,Bajo rango
2026-02-12 15:09:07,F2,21.6488,10.9276,1.6228,OK
2026-02-12 15:09:07,F3,0.0000,3.8814,0.5725,OK
2026-02-12 15:09:17,F1,0.0000,3.5566,0.5264,Bajo rango
2026-02-12 15:09:17,F2,21.8934,11.0059,1.6344,OK
2026-02-12 15:09:17,F3,0.0000,3.9314,0.5799,OK
2026-02-12 15:09:27,F1,0.0000,3.5498,0.5254,Bajo rango
2026-02-12 15:09:27,F2,21.9066,11.0101,1.6350,OK
2026-02-12 15:09:27,F3,0.0000,3.9085,0.5765,OK
2026-02-12 15:09:38,F1,0.0000,3.5676,0.5280,Bajo rango
2026-02-12 15:09:38,F2,22.3248,11.1439,1.6549,OK
2026-02-12 15:09:38,F3,0.0000,3.8797,0.5723,OK
2026-02-12 15:09:48,F1,0.0000,3.5524,0.5258,Bajo rango
2026-02-12 15:09:48,F2,22.2275,11.1128,1.6502,OK
2026-02-12 15:09:48,F3,0.0000,3.8992,0.5751,OK
2026-02-12 15:09:58,F1,0.0000,3.5473,0.5250,Bajo rango
2026-02-12 15:09:58,F2,22.5537,11.2172,1.6658,OK
2026-02-12 15:09:58,F3,0.0000,3.9085,0.5765,OK
2026-02-12 15:10:08,F1,0.0000,3.5541,0.5260,Bajo rango
2026-02-12 15:10:08,F2,22.1907,11.1010,1.6485,OK
2026-02-12 15:10:08,F3,0.0000,3.9034,0.5757,OK
2026-02-12 15:10:19,F1,0.0000,3.5583,0.5266,Bajo rango
2026-02-12 15:10:19,F2,22.1275,11.0808,1.6455,OK
2026-02-12 15:10:19,F3,0.0000,3.8983,0.5750,OK
2026-02-12 15:10:29,F1,0.0000,3.5600,0.5269,Bajo rango
2026-02-12 15:10:29,F2,22.1196,11.0783,1.6451,OK
2026-02-12 15:10:29,F3,0.0000,3.9008,0.5754,OK
2026-02-12 15:10:39,F1,0.0000,3.5490,0.5252,Bajo rango
2026-02-12 15:10:39,F2,22.5905,11.2290,1.6675,OK
2026-02-12 15:10:39,F3,0.0000,3.8847,0.5730,OK
2026-02-12 15:10:49,F1,0.0000,3.5549,0.5261,Bajo rango
2026-02-12 15:10:49,F2,22.3695,11.1582,1.6570,OK
2026-02-12 15:10:49,F3,0.0000,3.8525,0.5683,OK
2026-02-12 15:11:00,F1,0.0000,3.5718,0.5286,Bajo rango
2026-02-12 15:11:00,F2,22.3380,11.1481,1.6555,OK
2026-02-12 15:11:00,F3,0.0000,3.8754,0.5716,OK
2026-02-12 15:11:10,F1,0.0000,3.5701,0.5284,Bajo rango
2026-02-12 15:11:10,F2,22.2722,11.1271,1.6524,OK
2026-02-12 15:11:10,F3,0.0000,3.8958,0.5746,OK
2026-02-12 15:11:20,F1,0.0000,3.5465,0.5249,Bajo rango
2026-02-12 15:11:20,F2,22.3932,11.1658,1.6581,OK
2026-02-12 15:11:20,F3,0.0000,3.8873,0.5734,OK
2026-02-12 15:11:30,F1,0.0000,3.5557,0.5262,Bajo rango
2026-02-12 15:11:30,F2,22.3274,11.1448,1.6550,OK
2026-02-12 15:11:30,F3,0.0000,3.8941,0.5744,OK
2026-02-12 15:11:41,F1,0.0000,3.5355,0.5232,Bajo rango
2026-02-12 15:11:41,F2,22.2854,11.1313,1.6530,OK
2026-02-12 15:11:41,F3,0.0000,3.8975,0.5749,OK
2026-02-12 15:11:51,F1,0.0000,3.5405,0.5240,Bajo rango
2026-02-12 15:11:51,F2,22.1380,11.0842,1.6460,OK
2026-02-12 15:11:51,F3,0.0000,3.8839,0.5729,OK
2026-02-12 15:12:01,F1,0.0000,3.5498,0.5254,Bajo rango
2026-02-12 15:12:01,F2,23.1481,11.4074,1.6940,OK
2026-02-12 15:12:01,F3,0.0000,3.8534,0.5684,OK
2026-02-12 15:12:11,F1,0.0000,3.5667,0.5279,Bajo rango
2026-02-12 15:12:11,F2,23.0114,11.3636,1.6875,OK
2026-02-12 15:12:11,F3,0.0000,3.9000,0.5753,OK
2026-02-12 15:12:22,F1,0.0000,3.5760,0.5292,Bajo rango
2026-02-12 15:12:22,F2,22.9246,11.3359,1.6834,OK
2026-02-12 15:12:22,F3,0.0000,3.9025,0.5756,OK
2026-02-12 15:12:32,F1,0.0000,3.5473,0.5250,Bajo rango
2026-02-12 15:12:32,F2,22.6326,11.2424,1.6695,OK
2026-02-12 15:12:32,F3,0.0000,3.8763,0.5717,OK
2026-02-12 15:12:42,F1,0.0000,3.5355,0.5232,Bajo rango
2026-02-12 15:12:42,F2,22.9114,11.3316,1.6827,OK
2026-02-12 15:12:42,F3,0.0000,3.8975,0.5749,OK
2026-02-12 15:12:52,F1,0.0000,3.5414,0.5241,Bajo rango
2026-02-12 15:12:52,F2,22.7930,11.2938,1.6771,OK
2026-02-12 15:12:52,F3,0.0000,3.8898,0.5737,OK
2026-02-12 15:13:03,F1,0.0000,3.5422,0.5242,Bajo rango
2026-02-12 15:13:03,F2,23.0903,11.3889,1.6913,OK
2026-02-12 15:13:03,F3,0.0000,3.9017,0.5755,OK
2026-02-12 15:13:13,F1,0.0000,3.5439,0.5245,Bajo rango
2026-02-12 15:13:13,F2,22.6983,11.2635,1.6726,OK
2026-02-12 15:13:13,F3,0.0000,3.8992,0.5751,OK
2026-02-12 15:13:23,F1,0.0000,3.5498,0.5254,Bajo rango
2026-02-12 15:13:23,F2,21.4489,10.8636,1.6133,OK
2026-02-12 15:13:23,F3,0.0000,3.8551,0.5686,OK
2026-02-12 15:13:33,F1,0.0000,3.5321,0.5228,Bajo rango
2026-02-12 15:13:33,F2,20.6282,10.6010,1.5742,OK
2026-02-12 15:13:33,F3,0.0000,3.8924,0.5741,OK
2026-02-12 15:13:44,F1,0.0000,3.5735,0.5289,Bajo rango
2026-02-12 15:13:44,F2,20.3493,10.5118,1.5610,OK
2026-02-12 15:13:44,F3,0.0000,3.8678,0.5705,OK
2026-02-12 15:13:54,F1,0.0000,3.5439,0.5245,Bajo rango
2026-02-12 15:13:54,F2,20.0337,10.4108,1.5460,OK
2026-02-12 15:13:54,F3,0.0000,3.8856,0.5731,OK
2026-02-12 15:14:04,F1,0.0000,3.5481,0.5251,Bajo rango
2026-02-12 15:14:04,F2,20.4624,10.5480,1.5664,OK
2026-02-12 15:14:04,F3,0.0000,3.8729,0.5713,OK
2026-02-12 15:14:14,F1,0.0000,3.5633,0.5274,Bajo rango
2026-02-12 15:14:14,F2,20.3335,10.5067,1.5603,OK
2026-02-12 15:14:14,F3,0.0000,3.8805,0.5724,OK
2026-02-12 15:14:25,F1,0.0000,3.5355,0.5232,Bajo rango
2026-02-12 15:14:25,F2,20.3335,10.5067,1.5603,OK
2026-02-12 15:14:25,F3,0.0000,3.8661,0.5703,OK
2026-02-12 15:14:35,F1,0.0000,3.5515,0.5256,Bajo rango
2026-02-12 15:14:35,F2,20.3520,10.5126,1.5611,OK
2026-02-12 15:14:35,F3,0.0000,3.9068,0.5763,OK
2026-02-12 15:14:45,F1,0.0000,3.5549,0.5261,Bajo rango
2026-02-12 15:14:45,F2,20.2941,10.4941,1.5584,OK
2026-02-12 15:14:45,F3,0.0000,3.8686,0.5706,OK
2026-02-12 15:14:55,F1,0.0000,3.5693,0.5282,Bajo rango
2026-02-12 15:14:55,F2,20.6492,10.6077,1.5753,OK
2026-02-12 15:14:55,F3,0.0000,3.9000,0.5753,OK
2026-02-12 15:15:06,F1,0.0000,3.5481,0.5251,Bajo rango
2026-02-12 15:15:06,F2,20.6282,10.6010,1.5742,OK
2026-02-12 15:15:06,F3,0.0000,3.8898,0.5737,OK
2026-02-12 15:15:16,F1,0.0000,3.5431,0.5244,Bajo rango
2026-02-12 15:15:16,F2,20.9333,10.6987,1.5888,OK
2026-02-12 15:15:16,F3,0.0000,3.8763,0.5717,OK
2026-02-12 15:15:26,F1,0.0000,3.5456,0.5248,Bajo rango
2026-02-12 15:15:26,F2,20.4335,10.5387,1.5650,OK
2026-02-12 15:15:26,F3,0.0000,3.9102,0.5767,OK
2026-02-12 15:15:37,F1,0.0000,3.5431,0.5244,Bajo rango
2026-02-12 15:15:37,F2,20.5335,10.5707,1.5697,OK
2026-02-12 15:15:37,F3,0.0000,3.8932,0.5743,OK
2026-02-12 15:15:47,F1,0.0000,3.5473,0.5250,Bajo rango
2026-02-12 15:15:47,F2,20.7229,10.6313,1.5788,OK
2026-02-12 15:15:47,F3,0.0000,3.9212,0.5784,OK
2026-02-12 15:15:57,F1,0.0000,3.5465,0.5249,Bajo rango
2026-02-12 15:15:57,F2,20.7991,10.6557,1.5824,OK
2026-02-12 15:15:57,F3,0.0000,3.8847,0.5730,OK
2026-02-12 15:16:07,F1,0.0000,3.5642,0.5275,Bajo rango
2026-02-12 15:16:07,F2,20.7281,10.6330,1.5790,OK
2026-02-12 15:16:07,F3,0.0000,3.8788,0.5721,OK
2026-02-12 15:16:18,F1,0.0000,3.5498,0.5254,Bajo rango
2026-02-12 15:16:18,F2,20.9149,10.6928,1.5879,OK
2026-02-12 15:16:18,F3,0.0000,3.8814,0.5725,OK
2026-02-12 15:16:28,F1,0.0000,3.5684,0.5281,Bajo rango
2026-02-12 15:16:28,F2,20.7728,10.6473,1.5811,OK
2026-02-12 15:16:28,F3,0.0000,3.9076,0.5764,OK
2026-02-12 15:16:38,F1,0.0000,3.5456,0.5248,Bajo rango
2026-02-12 15:16:38,F2,20.9122,10.6919,1.5877,OK
2026-02-12 15:16:38,F3,0.0000,3.8873,0.5734,OK
2026-02-12 15:16:49,F1,0.0000,3.5363,0.5234,Bajo rango
2026-02-12 15:16:49,F2,21.0411,10.7332,1.5939,OK
2026-02-12 15:16:49,F3,0.0000,3.8864,0.5733,OK
2026-02-12 15:16:59,F1,0.0000,3.5498,0.5254,Bajo rango
2026-02-12 15:16:59,F2,21.3410,10.8291,1.6081,OK
2026-02-12 15:16:59,F3,0.0000,3.8602,0.5694,OK
2026-02-12 15:17:09,F1,0.0000,3.5549,0.5261,Bajo rango
2026-02-12 15:17:09,F2,21.0069,10.7222,1.5922,OK
2026-02-12 15:17:09,F3,0.0000,3.8915,0.5740,OK
2026-02-12 15:17:20,F1,0.0000,3.5439,0.5245,Bajo rango
2026-02-12 15:17:20,F2,21.8776,11.0008,1.6336,OK
2026-02-12 15:17:20,F3,0.0000,3.8847,0.5730,OK
2026-02-12 15:17:30,F1,0.0000,3.5684,0.5281,Bajo rango
2026-02-12 15:17:30,F2,21.0674,10.7416,1.5951,OK
2026-02-12 15:17:30,F3,0.0000,3.9093,0.5766,OK
2026-02-12 15:17:40,F1,0.0000,3.5422,0.5242,Bajo rango
2026-02-12 15:17:40,F2,21.0385,10.7323,1.5938,OK
2026-02-12 15:17:40,F3,0.0000,3.8992,0.5751,OK
2026-02-12 15:17:50,F1,0.0000,3.5329,0.5229,Bajo rango
2026-02-12 15:17:50,F2,21.3226,10.8232,1.6073,OK
2026-02-12 15:17:50,F3,0.0000,3.8763,0.5717,OK
2026-02-12 15:18:01,F1,0.0000,3.5473,0.5250,Bajo rango
2026-02-12 15:18:01,F2,21.5830,10.9066,1.6196,OK
2026-02-12 15:18:01,F3,0.0000,3.8720,0.5711,OK
2026-02-12 15:18:11,F1,0.0000,3.5465,0.5249,Bajo rango
2026-02-12 15:18:11,F2,21.5120,10.8838,1.6162,OK
2026-02-12 15:18:11,F3,0.0000,3.9093,0.5766,OK
2026-02-12 15:18:21,F1,0.0000,3.5557,0.5262,Bajo rango
2026-02-12 15:18:21,F2,21.6698,10.9343,1.6238,OK
2026-02-12 15:18:21,F3,0.0000,3.8924,0.5741,OK
2026-02-12 15:18:31,F1,0.0000,3.5389,0.5238,Bajo rango
2026-02-12 15:18:31,F2,21.4410,10.8611,1.6129,OK
2026-02-12 15:18:31,F3,0.0000,3.9186,0.5780,OK
2026-02-12 15:18:41,F1,0.0000,3.5372,0.5235,Bajo rango
2026-02-12 15:18:41,F2,21.5041,10.8813,1.6159,OK
2026-02-12 15:18:41,F3,0.0000,3.8788,0.5721,OK
2026-02-12 15:18:52,F1,0.0000,3.5456,0.5248,Bajo rango
2026-02-12 15:18:52,F2,21.5436,10.8939,1.6178,OK
2026-02-12 15:18:52,F3,0.0000,3.8780,0.5720,OK
2026-02-12 15:19:02,F1,0.0000,3.5549,0.5261,Bajo rango
2026-02-12 15:19:02,F2,21.4173,10.8535,1.6118,OK
2026-02-12 15:19:02,F3,0.0000,3.8797,0.5723,OK
2026-02-12 15:19:12,F1,0.0000,3.5422,0.5242,Bajo rango
2026-02-12 15:19:12,F2,21.4436,10.8620,1.6130,OK
2026-02-12 15:19:12,F3,0.0000,3.8932,0.5743,OK
2026-02-12 15:19:23,F1,0.0000,3.5600,0.5269,Bajo rango
2026-02-12 15:19:23,F2,21.5357,10.8914,1.6174,OK
2026-02-12 15:19:23,F3,0.0000,3.8856,0.5731,OK
2026-02-12 15:19:33,F1,0.0000,3.5769,0.5294,Bajo rango
2026-02-12 15:19:33,F2,21.7408,10.9571,1.6271,OK
2026-02-12 15:19:33,F3,0.0000,3.8746,0.5715,OK
2026-02-12 15:19:43,F1,0.0000,3.5456,0.5248,Bajo rango
2026-02-12 15:19:43,F2,21.6646,10.9327,1.6235,OK
2026-02-12 15:19:43,F3,0.0000,3.8949,0.5745,OK
2026-02-12 15:19:53,F1,0.0000,3.5819,0.5301,Bajo rango
2026-02-12 15:19:53,F2,21.6672,10.9335,1.6236,OK
2026-02-12 15:19:53,F3,0.0000,3.8568,0.5689,OK
2026-02-12 15:20:03,F1,0.0000,3.5465,0.5249,Bajo rango
2026-02-12 15:20:03,F2,21.3936,10.8460,1.6106,OK
2026-02-12 15:20:03,F3,0.0000,3.9136,0.5773,OK
2026-02-12 15:20:14,F1,0.0000,3.5557,0.5262,Bajo rango
2026-02-12 15:20:14,F2,21.1411,10.7652,1.5986,OK
2026-02-12 15:20:14,F3,0.0000,3.9068,0.5763,OK
2026-02-12 15:20:24,F1,0.0000,3.5473,0.5250,Bajo rango
2026-02-12 15:20:24,F2,21.1201,10.7584,1.5976,OK
2026-02-12 15:20:24,F3,0.0000,3.8958,0.5746,OK
2026-02-12 15:20:34,F1,0.0000,3.5456,0.5248,Bajo rango
2026-02-12 15:20:34,F2,20.9912,10.7172,1.5915,OK
2026-02-12 15:20:34,F3,0.0000,3.8992,0.5751,OK
2026-02-12 15:20:44,F1,0.0000,3.5431,0.5244,Bajo rango
2026-02-12 15:20:44,F2,20.6834,10.6187,1.5769,OK
2026-02-12 15:20:44,F3,0.0000,3.9076,0.5764,OK
2026-02-12 15:20:55,F1,0.0000,3.5363,0.5234,Bajo rango
2026-02-12 15:20:55,F2,20.9044,10.6894,1.5874,OK
2026-02-12 15:20:55,F3,0.0000,3.8619,0.5696,OK
2026-02-12 15:21:05,F1,0.0000,3.5380,0.5236,Bajo rango
2026-02-12 15:21:05,F2,20.8886,10.6843,1.5866,OK
2026-02-12 15:21:05,F3,0.0000,3.8898,0.5737,OK
2026-02-12 15:21:15,F1,0.0000,3.5659,0.5278,Bajo rango
2026-02-12 15:21:15,F2,20.9675,10.7096,1.5904,OK
2026-02-12 15:21:15,F3,0.0000,3.8822,0.5726,OK
2026-02-12 15:21:25,F1,0.0000,3.5625,0.5272,Bajo rango
2026-02-12 15:21:25,F2,20.9701,10.7104,1.5905,OK
2026-02-12 15:21:25,F3,0.0000,3.8602,0.5694,OK
2026-02-12 15:21:36,F1,0.0000,3.5414,0.5241,Bajo rango
2026-02-12 15:21:36,F2,21.2121,10.7879,1.6020,OK
2026-02-12 15:21:36,F3,0.0000,3.8847,0.5730,OK
2026-02-12 15:21:46,F1,0.0000,3.5498,0.5254,Bajo rango
2026-02-12 15:21:46,F2,20.8991,10.6877,1.5871,OK
2026-02-12 15:21:46,F3,0.0000,3.8771,0.5719,OK
2026-02-12 15:21:56,F1,0.0000,3.5405,0.5240,Bajo rango
2026-02-12 15:21:56,F2,21.2805,10.8098,1.6053,OK
2026-02-12 15:21:56,F3,0.0000,3.8788,0.5721,OK
2026-02-12 15:22:07,F1,0.0000,3.5329,0.5229,Bajo rango
2026-02-12 15:22:07,F2,20.9280,10.6970,1.5885,OK
2026-02-12 15:22:07,F3,0.0000,3.8907,0.5739,OK
2026-02-12 15:22:17,F1,0.0000,3.5557,0.5262,Bajo rango
2026-02-12 15:22:17,F2,20.4335,10.5387,1.5650,OK
2026-02-12 15:22:17,F3,0.0000,3.8924,0.5741,OK
2026-02-12 15:22:27,F1,0.0000,3.5752,0.5291,Bajo rango
2026-02-12 15:22:27,F2,20.9596,10.7071,1.5900,OK
2026-02-12 15:22:27,F3,0.0000,3.8644,0.5700,OK
2026-02-12 15:22:37,F1,0.0000,3.5329,0.5229,Bajo rango
2026-02-12 15:22:37,F2,20.9701,10.7104,1.5905,OK
2026-02-12 15:22:37,F3,0.0000,3.9068,0.5763,OK
2026-02-12 15:22:47,F1,0.0000,3.5760,0.5292,Bajo rango
2026-02-12 15:22:47,F2,20.8623,10.6759,1.5854,OK
2026-02-12 15:22:47,F3,0.0000,3.9051,0.5760,OK
2026-02-12 15:22:58,F1,0.0000,3.5372,0.5235,Bajo rango
2026-02-12 15:22:58,F2,21.0359,10.7315,1.5936,OK
2026-02-12 15:22:58,F3,0.0000,3.8856,0.5731,OK
2026-02-12 15:23:08,F1,0.0000,3.5405,0.5240,Bajo rango
2026-02-12 15:23:08,F2,21.0674,10.7416,1.5951,OK
2026-02-12 15:23:08,F3,0.0000,3.8915,0.5740,OK
2026-02-12 15:23:18,F1,0.0000,3.5473,0.5250,Bajo rango
2026-02-12 15:23:18,F2,20.9017,10.6886,1.5873,OK
2026-02-12 15:23:18,F3,0.0000,3.8949,0.5745,OK
2026-02-12 15:23:28,F1,0.0000,3.5287,0.5222,Bajo rango
2026-02-12 15:23:28,F2,21.0227,10.7273,1.5930,OK
2026-02-12 15:23:28,F3,0.0000,3.8941,0.5744,OK
2026-02-12 15:23:39,F1,0.0000,3.5405,0.5240,Bajo rango
2026-02-12 15:23:39,F2,21.2437,10.7980,1.6035,OK
2026-02-12 15:23:39,F3,0.0000,3.8729,0.5713,OK
2026-02-12 15:23:49,F1,0.0000,3.5633,0.5274,Bajo rango
2026-02-12 15:23:49,F2,21.2726,10.8072,1.6049,OK
2026-02-12 15:23:49,F3,0.0000,3.8941,0.5744,OK
2026-02-12 15:23:59,F1,0.0000,3.5498,0.5254,Bajo rango
2026-02-12 15:23:59,F2,21.3068,10.8182,1.6065,OK
2026-02-12 15:23:59,F3,0.0000,3.9000,0.5753,OK
2026-02-12 15:24:10,F1,0.0000,3.5549,0.5261,Bajo rango
2026-02-12 15:24:10,F2,21.0464,10.7348,1.5941,OK
2026-02-12 15:24:10,F3,0.0000,3.8559,0.5687,OK
2026-02-12 15:24:20,F1,0.0000,3.5617,0.5271,Bajo rango
2026-02-12 15:24:20,F2,21.2989,10.8157,1.6061,OK
2026-02-12 15:24:20,F3,0.0000,3.8898,0.5737,OK
2026-02-12 15:24:30,F1,0.0000,3.5524,0.5258,Bajo rango
2026-02-12 15:24:30,F2,21.2095,10.7870,1.6019,OK
2026-02-12 15:24:30,F3,0.0000,3.8890,0.5736,OK
2026-02-12 15:24:40,F1,0.0000,3.5507,0.5255,Bajo rango
2026-02-12 15:24:40,F2,21.3936,10.8460,1.6106,OK
2026-02-12 15:24:40,F3,0.0000,3.8822,0.5726,OK
2026-02-12 15:24:51,F1,0.0000,3.5515,0.5256,Bajo rango
2026-02-12 15:24:51,F2,21.5304,10.8897,1.6171,OK
2026-02-12 15:24:51,F3,0.0000,3.9025,0.5756,OK
2026-02-12 15:25:01,F1,0.0000,3.5473,0.5250,Bajo rango
2026-02-12 15:25:01,F2,21.8487,10.9916,1.6322,OK
2026-02-12 15:25:01,F3,0.0000,3.8983,0.5750,OK
2026-02-12 15:25:11,F1,0.0000,3.5524,0.5258,Bajo rango
2026-02-12 15:25:11,F2,21.6172,10.9175,1.6213,OK
2026-02-12 15:25:11,F3,0.0000,3.8847,0.5730,OK
2026-02-12 15:25:21,F1,0.0000,3.5422,0.5242,Bajo rango
2026-02-12 15:25:21,F2,21.8329,10.9865,1.6315,OK
2026-02-12 15:25:21,F3,0.0000,3.8839,0.5729,OK
2026-02-12 15:25:31,F1,0.0000,3.5405,0.5240,Bajo rango
2026-02-12 15:25:31,F2,21.8066,10.9781,1.6302,OK
2026-02-12 15:25:31,F3,0.0000,3.8771,0.5719,OK
2026-02-12 15:25:42,F1,0.0000,3.5431,0.5244,Bajo rango
2026-02-12 15:25:42,F2,21.4383,10.8603,1.6128,OK
2026-02-12 15:25:42,F3,0.0000,3.8966,0.5747,OK
2026-02-12 15:25:52,F1,0.0000,3.5414,0.5241,Bajo rango
2026-02-12 15:25:52,F2,21.9986,11.0396,1.6394,OK
2026-02-12 15:25:52,F3,0.0000,3.8636,0.5699,OK
2026-02-12 15:26:02,F1,0.0000,3.5431,0.5244,Bajo rango
2026-02-12 15:26:02,F2,22.0723,11.0631,1.6429,OK
2026-02-12 15:26:02,F3,0.0000,3.8992,0.5751,OK
2026-02-12 15:26:13,F1,0.0000,3.5372,0.5235,Bajo rango
2026-02-12 15:26:13,F2,22.2827,11.1305,1.6529,OK
2026-02-12 15:26:13,F3,0.0000,3.8856,0.5731,OK
2026-02-12 15:26:23,F1,0.0000,3.5617,0.5271,Bajo rango
2026-02-12 15:26:23,F2,22.0775,11.0648,1.6431,OK
2026-02-12 15:26:23,F3,0.0000,3.8907,0.5739,OK
2026-02-12 15:26:33,F1,0.0000,3.5312,0.5226,Bajo rango
2026-02-12 15:26:33,F2,22.3169,11.1414,1.6545,OK
2026-02-12 15:26:33,F3,0.0000,3.8941,0.5744,OK
2026-02-12 15:26:43,F1,0.0000,3.5355,0.5232,Bajo rango
2026-02-12 15:26:43,F2,21.9960,11.0387,1.6393,OK
2026-02-12 15:26:43,F3,0.0000,3.8831,0.5727,OK
2026-02-12 15:26:54,F1,0.0000,3.5566,0.5264,Bajo rango
2026-02-12 15:26:54,F2,22.6221,11.2391,1.6690,OK
2026-02-12 15:26:54,F3,0.0000,3.8754,0.5716,OK
2026-02-12 15:27:04,F1,0.0000,3.5667,0.5279,Bajo rango
2026-02-12 15:27:04,F2,21.9092,11.0109,1.6351,OK
2026-02-12 15:27:04,F3,0.0000,3.8941,0.5744,OK
2026-02-12 15:27:14,F1,0.0000,3.5245,0.5216,Bajo rango
2026-02-12 15:27:14,F2,22.4800,11.1936,1.6623,OK
2026-02-12 15:27:14,F3,0.0000,3.8975,0.5749,OK
2026-02-12 15:27:24,F1,0.0000,3.5414,0.5241,Bajo rango
2026-02-12 15:27:24,F2,22.2327,11.1145,1.6505,OK
2026-02-12 15:27:24,F3,0.0000,3.8915,0.5740,OK
2026-02-12 15:27:35,F1,0.0000,3.5439,0.5245,Bajo rango
2026-02-12 15:27:35,F2,22.0381,11.0522,1.6413,OK
2026-02-12 15:27:35,F3,0.0000,3.8797,0.5723,OK
2026-02-12 15:27:45,F1,0.0000,3.5372,0.5235,Bajo rango
2026-02-12 15:27:45,F2,22.2512,11.1204,1.6514,OK
2026-02-12 15:27:45,F3,0.0000,3.8898,0.5737,OK
2026-02-12 15:27:55,F1,0.0000,3.5363,0.5234,Bajo rango
2026-02-12 15:27:55,F2,22.2433,11.1178,1.6510,OK
2026-02-12 15:27:55,F3,0.0000,3.8949,0.5745,OK
2026-02-12 15:28:05,F1,0.0000,3.5287,0.5222,Bajo rango
2026-02-12 15:28:05,F2,22.3932,11.1658,1.6581,OK
2026-02-12 15:28:05,F3,0.0000,3.8746,0.5715,OK
2026-02-12 15:28:16,F1,0.0000,3.5304,0.5225,Bajo rango
2026-02-12 15:28:16,F2,22.4590,11.1869,1.6613,OK
2026-02-12 15:28:16,F3,0.0000,3.8814,0.5725,OK
2026-02-12 15:28:26,F1,0.0000,3.5346,0.5231,Bajo rango
2026-02-12 15:28:26,F2,22.6142,11.2365,1.6686,OK
2026-02-12 15:28:26,F3,0.0000,3.8898,0.5737,OK
2026-02-12 15:28:36,F1,0.0000,3.5405,0.5240,Bajo rango
2026-02-12 15:28:36,F2,22.4432,11.1818,1.6605,OK
2026-02-12 15:28:36,F3,0.0000,3.8864,0.5733,OK
2026-02-12 15:28:46,F1,0.0000,3.5422,0.5242,Bajo rango
2026-02-12 15:28:46,F2,22.7825,11.2904,1.6766,OK
2026-02-12 15:28:46,F3,0.0000,3.8653,0.5701,OK
2026-02-12 15:28:57,F1,0.0000,3.5456,0.5248,Bajo rango
2026-02-12 15:28:57,F2,22.8404,11.3089,1.6794,OK
2026-02-12 15:28:57,F3,0.0000,3.8746,0.5715,OK
2026-02-12 15:29:07,F1,0.0000,3.5372,0.5235,Bajo rango
2026-02-12 15:29:07,F2,22.6089,11.2348,1.6684,OK
2026-02-12 15:29:07,F3,0.0000,3.8797,0.5723,OK
2026-02-12 15:29:17,F1,0.0000,3.5760,0.5292,Bajo rango
2026-02-12 15:29:17,F2,22.6063,11.2340,1.6683,OK
2026-02-12 15:29:17,F3,0.0000,3.8763,0.5717,OK
2026-02-12 15:29:27,F1,0.0000,3.5372,0.5235,Bajo rango
2026-02-12 15:29:27,F2,22.6352,11.2433,1.6696,OK
2026-02-12 15:29:27,F3,0.0000,3.8958,0.5746,OK
2026-02-12 15:29:38,F1,0.0000,3.5532,0.5259,Bajo rango
2026-02-12 15:29:38,F2,22.4248,11.1759,1.6596,OK
2026-02-12 15:29:38,F3,0.0000,3.8847,0.5730,OK
2026-02-12 15:29:48,F1,0.0000,3.5659,0.5278,Bajo rango
2026-02-12 15:29:48,F2,22.6142,11.2365,1.6686,OK
2026-02-12 15:29:48,F3,0.0000,3.8686,0.5706,OK
2026-02-12 15:29:58,F1,0.0000,3.5456,0.5248,Bajo rango
2026-02-12 15:29:58,F2,22.7588,11.2828,1.6755,OK
2026-02-12 15:29:58,F3,0.0000,3.8856,0.5731,OK
2026-02-12 15:30:08,F1,0.0000,3.5160,0.5204,Bajo rango
2026-02-12 15:30:08,F2,22.6694,11.2542,1.6713,OK
2026-02-12 15:30:08,F3,0.0000,3.8636,0.5699,OK
2026-02-12 15:30:19,F1,0.0000,3.5465,0.5249,Bajo rango
2026-02-12 15:30:19,F2,22.4458,11.1827,1.6606,OK
2026-02-12 15:30:19,F3,0.0000,3.8788,0.5721,OK
2026-02-12 15:30:29,F1,0.0000,3.5507,0.5255,Bajo rango
2026-02-12 15:30:29,F2,22.3090,11.1389,1.6541,OK
2026-02-12 15:30:29,F3,0.0000,3.8805,0.5724,OK
2026-02-12 15:30:39,F1,0.0000,3.5566,0.5264,Bajo rango
2026-02-12 15:30:39,F2,22.3143,11.1406,1.6544,OK
2026-02-12 15:30:39,F3,0.0000,3.9144,0.5774,OK
2026-02-12 15:30:50,F1,0.0000,3.5397,0.5239,Bajo rango
2026-02-12 15:30:50,F2,22.1801,11.0976,1.6480,OK
2026-02-12 15:30:50,F3,0.0000,3.8686,0.5706,OK
2026-02-12 15:31:00,F1,0.0000,3.5380,0.5236,Bajo rango
2026-02-12 15:31:00,F2,22.2170,11.1094,1.6498,OK
2026-02-12 15:31:00,F3,0.0000,3.8636,0.5699,OK
2026-02-12 15:31:10,F1,0.0000,3.5152,0.5202,Bajo rango
2026-02-12 15:31:10,F2,21.8855,11.0034,1.6340,OK
2026-02-12 15:31:10,F3,0.0000,3.8720,0.5711,OK
2026-02-12 15:31:20,F1,0.0000,3.5372,0.5235,Bajo rango
2026-02-12 15:31:20,F2,20.3783,10.5210,1.5624,OK
2026-02-12 15:31:20,F3,0.0000,3.8746,0.5715,OK
2026-02-12 15:31:31,F1,0.0000,3.5524,0.5258,Bajo rango
2026-02-12 15:31:31,F2,19.7443,10.3182,1.5323,OK
2026-02-12 15:31:31,F3,0.0000,3.8847,0.5730,OK
2026-02-12 15:31:41,F1,0.0000,3.5625,0.5272,Bajo rango
2026-02-12 15:31:41,F2,19.1077,10.1145,1.5020,OK
2026-02-12 15:31:41,F3,0.0000,3.8975,0.5749,OK
2026-02-12 15:31:51,F1,0.0000,3.5557,0.5262,Bajo rango
2026-02-12 15:31:51,F2,19.1130,10.1162,1.5023,OK
2026-02-12 15:31:51,F3,0.0000,3.8636,0.5699,OK
2026-02-12 15:32:01,F1,0.0000,3.5405,0.5240,Bajo rango
2026-02-12 15:32:01,F2,19.5128,10.2441,1.5212,OK
2026-02-12 15:32:01,F3,0.0000,3.8712,0.5710,OK
2026-02-12 15:32:12,F1,0.0000,3.5498,0.5254,Bajo rango
2026-02-12 15:32:12,F2,19.6943,10.3022,1.5299,OK
2026-02-12 15:32:12,F3,0.0000,3.8839,0.5729,OK
2026-02-12 15:32:22,F1,0.0000,3.5262,0.5219,Bajo rango
2026-02-12 15:32:22,F2,19.7206,10.3106,1.5311,OK
2026-02-12 15:32:22,F3,0.0000,3.8856,0.5731,OK
2026-02-12 15:32:32,F1,0.0000,3.5346,0.5231,Bajo rango
2026-02-12 15:32:32,F2,20.0021,10.4007,1.5445,OK
2026-02-12 15:32:32,F3,0.0000,3.8814,0.5725,OK
2026-02-12 15:32:43,F1,0.0000,3.5338,0.5230,Bajo rango
2026-02-12 15:32:43,F2,19.7627,10.3241,1.5331,OK
2026-02-12 15:32:43,F3,0.0000,3.8839,0.5729,OK
2026-02-12 15:32:53,F1,0.0000,3.5228,0.5214,Bajo rango
2026-02-12 15:32:53,F2,20.0021,10.4007,1.5445,OK
2026-02-12 15:32:53,F3,0.0000,3.8703,0.5709,OK
2026-02-12 15:33:03,F1,0.0000,3.5524,0.5258,Bajo rango
2026-02-12 15:33:03,F2,20.1520,10.4487,1.5516,OK
2026-02-12 15:33:03,F3,0.0000,3.8983,0.5750,OK
2026-02-12 15:33:13,F1,0.0000,3.5389,0.5238,Bajo rango
2026-02-12 15:33:13,F2,19.7996,10.3359,1.5349,OK
2026-02-12 15:33:13,F3,0.0000,3.8720,0.5711,OK
2026-02-12 15:33:24,F1,0.0000,3.5448,0.5246,Bajo rango
2026-02-12 15:33:24,F2,20.0442,10.4141,1.5465,OK
2026-02-12 15:33:24,F3,0.0000,3.8788,0.5721,OK
2026-02-12 15:33:34,F1,0.0000,3.5296,0.5224,Bajo rango
2026-02-12 15:33:34,F2,19.8627,10.3561,1.5379,OK
2026-02-12 15:33:34,F3,0.0000,3.8746,0.5715,OK
