lab_id,fermenter,transition,relative_min,n,temp_mean,dtemp_mean,co2_hampel_mean,co2_fast_mean,co2_fast_median,co2_fast_std,co2_fast_response_mean,dco2_mean,filt_fast_mean,filt_fast_response_mean,co2_fast_sem
lab001,F1,COLD->HOT,-30.0,88,18.19034090909091,0.16212253655435457,8.41890625,1.431319879226217,1.3482938762013597,2.3933628092936154,2.334316908618942,0.057473300682140696,-0.01643083711474748,-0.01634695826687248,0.2551333327201375
lab001,F1,COLD->HOT,-29.0,88,18.351704545454545,0.1622536554354724,8.918633522727273,1.9181487919027516,2.2741618434869424,2.571709968176858,2.821145821295477,0.1229327271413375,-0.0173104088029338,-0.017226529955058804,0.2741452037370851
lab001,F1,COLD->HOT,-28.0,88,18.485227272727272,0.09270104895104762,8.23045681818182,1.2185344977969885,0.8489858547684772,2.257857810069037,2.1215315271897137,-1.0303901157456699,-0.01827464806567445,-0.018190769217799455,0.24068845126791424
lab001,F1,COLD->HOT,-27.0,88,18.545454545454547,0.03343531468531333,7.607122727272727,0.5931140018236136,-0.2316853040380089,2.3180611832451623,1.496111031216339,-0.6944448650601454,-0.018638606296506297,-0.018554727448631302,0.24710615241200126
lab001,F1,COLD->HOT,-26.0,88,18.552272727272726,-0.03583121424030528,6.7167028409090905,-0.2872810032067132,-0.6181757565168349,2.04586964504696,0.6157160261860122,-0.5205739634463414,-0.018633864705482298,-0.018549985857607303,0.21809043694710514
lab001,F1,COLD->HOT,-25.0,88,18.473295454545454,-0.07646614748887405,6.33520625,-0.6410294700429521,-0.6630993313771016,1.4876053490547285,0.2619675593497733,-0.3967895161928466,-0.017866061922153165,-0.01778218307427817,0.158579263036453
lab001,F1,COLD->HOT,-24.0,88,18.385227272727274,-0.10537190082644612,6.046548863636364,-0.8942491831863767,-0.8543120427154647,1.0840929637508314,0.008747846206348636,-0.18505489361869912,-0.01633839487992088,-0.016254516032045876,0.11556469823387704
lab001,F1,COLD->HOT,-23.0,88,18.28409090909091,-0.11365623013350211,5.855839772727273,-1.0554207966635587,-0.9977876291227914,0.8903408034487997,-0.1524237672708333,-0.030317508759501077,-0.014714515065077623,-0.014630636217202626,0.09491064854795692
lab001,F1,COLD->HOT,-22.0,88,18.175,-0.11352511125238501,5.79948125,-1.0920897754542944,-1.084666509894571,0.8355839881921727,-0.1890927460615692,-0.03045625832773572,-0.013291361230115957,-0.01320748238224096,0.08907355242892458
lab001,F1,COLD->HOT,-21.0,88,18.057954545454546,-0.08935155753337548,5.872636079545455,-1.0081069286225661,-1.1734402178037442,1.2999012699402994,-0.10510989922984083,-0.07027330889664476,-0.011578906636033613,-0.011495027788158614,0.13856994097141978
lab001,F1,COLD->HOT,-20.0,88,17.96818181818182,-0.08862444373807951,5.820413352272727,-1.0674426120755194,-1.2983006963387762,1.6392523196596709,-0.16444558268279408,0.1044741757044423,-0.01050384288597689,-0.010419964038101893,0.17474488441951896
lab001,F1,COLD->HOT,-19.0,88,17.89659090909091,-0.06161395422758919,5.817363636363637,-1.0905070427662003,-1.4684513722736314,2.3771290913827725,-0.187510013373475,0.011915730206351505,-0.008808660410530572,-0.008724781562655576,0.2534028125762842
lab001,F1,COLD->HOT,-18.0,88,17.838636363636365,-0.06260330578512371,6.1021133522727276,-0.830883513048775,-1.3776095904831909,2.8447664398732413,0.07211351634395045,-0.018935527788679265,-0.007554908503295923,-0.007471029655420926,0.3032531214226873
lab001,F1,COLD->HOT,-17.0,88,17.791477272727274,-0.025568181818181455,5.951767613636363,-1.0081764445798365,-1.5282077266438407,2.304297119464875,-0.1051794151871111,0.18273637227439812,-0.007198599766178305,-0.007114720918303308,0.24563889828304047
lab001,F1,COLD->HOT,-16.0,88,17.80568181818182,0.06787190082644669,6.806739772727273,-0.18261327231223978,-0.6944848606256557,2.709157153752599,0.7203837570804855,1.4763981536501447,-0.00680905027858483,-0.0067251714307098335,0.2887971229499903
lab001,F1,COLD->HOT,-15.0,88,17.913636363636364,0.14779481881754572,8.756333238636364,1.73830830906246,1.7723343907906859,3.569734637430777,2.6413053384551852,1.1288434396953304,-0.007205977989979836,-0.007122099142104838,0.38053499094983845
lab001,F1,COLD->HOT,-14.0,88,18.10340909090909,0.21164971392244192,9.090594886363636,2.055363730453219,2.4722520295384727,2.550686820448477,2.9583607598459447,0.05199375997881632,-0.007608350795506843,-0.007524471947631847,0.27190412865921476
lab001,F1,COLD->HOT,-13.0,88,18.316477272727273,0.19834710743801526,8.991460795454545,1.9431354633262778,2.582911416840923,2.090036468169745,2.8461324927190033,-0.14075019061233743,-0.007957712984648825,-0.007873834136773828,0.22279863611156983
lab001,F1,COLD->HOT,-12.0,88,18.504545454545454,0.17518674507310933,9.038459090909091,1.9789062723376367,2.7010060228043735,2.1027660324971245,2.881903301730362,-0.3004596725795207,-0.008564466179848795,-0.008480587331973799,0.22415561222831587
lab001,F1,COLD->HOT,-11.0,88,18.642613636363635,0.09384535918626856,8.127485227272727,1.066214147986767,0.8676330964279901,2.437381083151987,1.9692111773794923,-1.3977897334159157,-0.008467950686328374,-0.008384071838453378,0.25982569647980863
lab001,F1,COLD->HOT,-10.0,88,18.66875,-0.021527336300063083,7.401840909090908,0.34459883650450224,-0.38896536098092493,4.857722797066771,1.2475958658972277,-0.31094570309143893,-0.008105832423400903,-0.008021953575525905,0.5178349900958076
lab001,F1,COLD->HOT,-9.0,88,18.611931818181816,-0.09675381436745029,6.972823863636364,-0.07358207598411265,-0.64385984446763,4.667562762865708,0.8294149534086127,-0.4339235442799398,-0.007191275683299681,-0.0071073968354246845,0.49756386233887057
lab001,F1,COLD->HOT,-8.0,88,18.520454545454545,-0.09334472345835837,6.730513636363637,-0.29169814246734105,-0.6067677536690033,4.60106212161881,0.6112988869253844,-0.474892894248467,-0.005468878030942637,-0.005384999183067641,0.4904748701628975
lab001,F1,COLD->HOT,-7.0,88,18.40568181818182,-0.12245311506675223,6.039283522727273,-0.9451292066619374,-0.8339017822550252,1.244194636709061,-0.0421321772692121,-0.3247924505896499,-0.003665945513466798,-0.0035820666655918014,0.13263159391609014
lab001,F1,COLD->HOT,-6.0,88,18.287499999999998,-0.1095081055308333,6.151126704545455,-0.8077648594655128,-1.0055454455632855,2.162475630743709,0.09523216992721259,0.07987199625212836,-0.0013472214936730488,-0.0012633426457980517,0.23052067678805463
lab001,F1,COLD->HOT,-5.0,88,18.17784090909091,-0.10503814367450713,5.8197369318181815,-1.1289206695674754,-1.097229191003792,0.9922283275826419,-0.22592364017475006,-0.4097991407566584,0.0009021405740027425,0.0009860194218777396,0.10577189511447427
lab001,F1,COLD->HOT,-4.0,88,18.06306818181818,-0.11439526382708044,5.573526136363636,-1.3777417614677054,-1.3658879231921683,1.0682032400472612,-0.47474473207498025,-0.26537724046281586,0.0030119243737925794,0.003095803221667576,0.11387084799573008
lab001,F1,COLD->HOT,-3.0,88,17.97159090909091,-0.0870629370629353,5.3976213068181815,-1.566031264582594,-1.5229973915280541,1.0237907987792096,-0.6630342351898686,-0.13624307094755037,0.005251500281834273,0.00533537912970927,0.10913646584900505
lab001,F1,COLD->HOT,-2.0,88,17.875,-0.10426335028607747,5.374741193181818,-1.617447321087998,-1.6281279147992778,0.9018773840119357,-0.7144502916952727,-0.04104936738931774,0.007182953122821124,0.007266831970696121,0.09614045216813433
lab001,F1,COLD->HOT,-1.0,88,17.767045454545453,-0.07833757151938746,5.4511602272727275,-1.5662538291470793,-1.7809742604830947,2.2259188821558475,-0.6632567997543539,0.04152412226483681,0.00859184631358237,0.008675725161457369,0.23728375011255315
lab001,F1,COLD->HOT,0.0,88,17.660795454545454,-0.13443261284170208,5.389265909090909,-1.647389377206765,-1.8911141157979903,2.3212452729088247,-0.7443923478140398,-0.6875164161600477,0.009223701192098229,0.009307580039973227,0.2474455775106179
lab001,F1,COLD->HOT,1.0,88,17.626136363636363,0.12620788302606478,6.558257386363636,-0.4966575733136087,-1.4624382006453374,3.1167189944337808,0.4063394560791167,4.800097158207125,0.009042620569887482,0.009126499417762479,0.33224336114620995
lab001,F1,COLD->HOT,2.0,88,17.822727272727274,0.21354497774952438,9.625480681818182,2.551876349767868,2.745573086817787,1.9292359985419083,3.4548733791605937,-2.0765748371001087,0.008050369788839955,0.008134248636714952,0.20565724845408312
lab001,F1,COLD->HOT,3.0,88,18.068181818181817,0.25316671964399173,9.595915340909091,2.5090189745781135,2.650871144391317,2.1321133321062784,3.4120160039708383,0.5313775284592671,0.006761703782175847,0.006845582630050844,0.22728404487820303
lab001,F1,COLD->HOT,4.0,88,18.335795454545455,0.2683049904640812,9.841285795454546,2.749071774628128,2.9187374131293655,2.17021335789232,3.6520688040208538,0.40762270928525557,0.005251116732696368,0.005334995580571366,0.2313455212735787
lab001,F1,COLD->HOT,5.0,88,18.603977272727274,0.26365623013350387,9.866460227272727,2.771378502803204,2.8325740281606384,1.8964979391702375,3.6743755321959295,-0.7505869740254294,0.003950106788106705,0.004033985635981702,0.20216735959901674
lab001,F1,COLD->HOT,6.0,88,18.797727272727272,0.08097186904005022,7.540361931818182,0.4501393265331282,-0.2062751543773671,2.7013894539554104,1.3531363559258536,-3.3771453048073012,0.002842390342015641,0.0029262691898906375,0.2879690833693924
lab001,F1,COLD->HOT,7.0,88,18.773863636363636,-0.08712253655435521,6.001843181818182,-1.0805646261906316,-0.9207867277681037,1.2711455344454061,-0.17756759679790637,0.24563533617723568,0.002376363140755087,0.0024602419886300838,0.13550456926799792
lab001,F1,COLD->HOT,8.0,88,18.67727272727273,-0.10115225683407408,6.24569090909091,-0.8201898875178192,-0.7175676895269887,1.0715305063613016,0.08280714187490616,0.16474620711331414,0.002737913594442289,0.0028217924423172874,0.11422553577655975
lab001,F1,COLD->HOT,9.0,88,18.551704545454545,-0.13692387158296235,6.238300568181819,-0.798674441111746,-0.6226463705863039,0.9346046224687589,0.10432258828097939,-0.11596447216589349,0.0034443195086075536,0.003528198356482551,0.09962918750980211
lab001,F1,COLD->HOT,10.0,88,18.43409090909091,-0.1299745708836608,6.068528409090908,-0.9396922278788108,-0.8872223061350284,0.8769752474104128,-0.0366951984860854,-0.14218808557025786,0.004313059295810606,0.004396938143685604,0.09348587548701935
lab001,F1,COLD->HOT,11.0,88,18.298863636363635,-0.11151064844246622,5.88432840909091,-1.1086433802751776,-1.0165065412416516,0.9141289281536827,-0.2056463508824522,0.2657839043080126,0.004958485778759478,0.005042364626634476,0.09744647116187574
lab001,F1,COLD->HOT,12.0,88,18.192045454545454,-0.12661315956770558,6.475035227272727,-0.5117872340994505,-1.1430162531477142,4.698050776156813,0.3912097952932749,0.3997612395436971,0.005471825931931609,0.0055557047798066046,0.500813895475832
lab001,F1,COLD->HOT,13.0,88,18.06988636363636,-0.10032978385251136,6.435365909090908,-0.5526375703995502,-1.2017272509225685,5.024170142199102,0.35035945899317517,-0.2952790223018049,0.006256495170636745,0.006340374018511743,0.5355783367046588
lab001,F1,COLD->HOT,14.0,88,17.991477272727273,-0.08298633184996804,5.810098295454545,-1.1945825234849945,-1.4285472912622472,2.3140240811782524,-0.29158549409226914,-0.7986589401525473,0.006999866990668871,0.007083745838543868,0.24667579588566832
lab001,F1,COLD->HOT,15.0,88,17.89943181818182,-0.09327320406865912,5.3775267045454545,-1.6564774156805064,-1.6203036765933199,1.5099098258646604,-0.7534803862877809,-0.1867365623973334,0.007242909462210809,0.007326788310085806,0.1609569282533603
lab001,F1,COLD->HOT,16.0,88,17.810795454545456,-0.06006436745073036,5.780716477272727,-1.2767483020332178,-1.7701557319692984,2.7130172788395845,-0.37375127264049224,0.6658463599415144,0.006913886681823114,0.0069977655296981104,0.28920861366687417
lab001,F1,COLD->HOT,17.0,88,17.773295454545455,-0.00308725365543492,6.947577840909091,-0.12653153150687346,-1.1564659928208845,3.5254745842661173,0.776465497885852,1.1246956631837846,0.005865931852005366,0.005949810699880362,0.37581685342951704
lab001,F1,COLD->HOT,18.0,88,17.816477272727273,0.09469167196439927,8.285651136363636,1.1905123668914674,0.9804842707736203,3.0056044909216157,2.0935093962841926,1.2332726502672395,0.004261446629706778,0.004345325477581775,0.3203985152730641
lab001,F1,COLD->HOT,19.0,88,17.95284090909091,0.17848855689764573,9.005145454545454,1.8905738258526128,2.7163513354890383,2.2902082858050785,2.793570855245338,0.5776870785702939,0.002990588851863606,0.003074467699738602,0.24413702356859865
lab001,F1,COLD->HOT,20.0,88,18.14659090909091,0.2223299427844867,9.441119886363635,2.3193472667856825,2.8654380220465026,1.8853216736738398,3.2223442961784077,0.3294343366548216,0.0008289709987422854,0.0009128498466172828,0.20097596569401052
lab001,F1,COLD->HOT,21.0,88,18.38465909090909,0.2230093769866472,9.549963068181818,2.4272764028883786,2.710911051100807,2.076048803375192,3.330273432281104,-0.2469529906990845,-0.0016539615589306915,-0.001570082711055694,0.22130754603439937
lab001,F1,COLD->HOT,22.0,88,18.58693181818182,0.17177765416401788,8.68119659090909,1.5630593026173578,1.8763029847496826,2.3988880543218056,2.466056332010083,-0.889547369093609,-0.003815159053464649,-0.0037312802055896517,0.2557223258191627
lab001,F1,COLD->HOT,23.0,88,18.710227272727273,0.07386760966306442,7.540660227272727,0.431683319528736,-0.24998536055894838,2.252558654869578,1.3346803489214614,-1.1365140027019918,-0.0060621793576427045,-0.005978300509767707,0.24012355942561214
lab001,F1,COLD->HOT,24.0,88,18.726704545454545,-0.030240781945327724,6.790660227272727,-0.3019234215691084,-0.6374177879290626,1.7773142202850816,0.601073607823617,-0.3759681236528347,-0.006967170265911441,-0.006883291418036445,0.18946233247689628
lab001,F1,COLD->HOT,25.0,88,18.66590909090909,-0.08802844882390257,6.454148863636363,-0.6143807687193525,-0.6043778678276781,1.388540794960574,0.28861626067337287,-0.13535284879614295,-0.007693459501459211,-0.007609580653584214,0.14801894608729158
lab001,F1,COLD->HOT,26.0,88,18.567613636363635,-0.10186574788847423,6.331434659090909,-0.7074836625618687,-0.7572708725925716,1.285199605879401,0.19551336683085666,-0.19695370689018962,-0.008346955135665236,-0.008263076287790239,0.13700273831671825
lab001,F1,COLD->HOT,27.0,87,18.435632183908044,-0.1102845430431623,6.10774367816092,-0.9008850498181621,-0.9876472831828398,1.1491172064872544,0.014345680876028898,-0.23401981566720673,-0.0032469927360975447,-0.0022574461045501144,0.12319829610727759
lab001,F1,COLD->HOT,28.0,87,18.329885057471266,-0.1098143236074263,5.902423563218391,-1.1045977685303663,-1.1159713118394583,1.3103124597954054,-0.18936703783617526,-0.1214807921634754,-0.0030536839331172646,-0.002064137301569834,0.14048024127007983
lab001,F1,COLD->HOT,29.0,87,18.205172413793104,-0.11497468049192128,5.936672988505747,-1.0878288178090794,-1.2781730098303292,2.3730405121389224,-0.17259808711488833,-0.04662050718609622,-0.002112467795575986,-0.0011229211640285553,0.25441664787420387
lab001,F1,COLD->HOT,30.0,87,18.107471264367813,-0.10687243790691929,5.813933908045977,-1.2346953289201459,-1.3987908381584298,2.357543440806285,-0.3194645982259547,-0.12610336572368064,-0.0007575657039182036,0.00023198092762922702,0.25275518743130426
lab001,F1,HOT->COLD,-30.0,87,18.47586206896552,-0.08289124668435012,6.300798850574712,-0.6460751276888319,-0.7830708039715697,1.429745218023011,-0.7876831470302866,-0.4596038466955819,-0.014703767609679409,-0.008763600204023425,0.15328477698668658
lab001,F1,HOT->COLD,-29.0,87,18.385632183908047,-0.10590788521822933,6.046452873563218,-0.8658530513693699,-0.8562092167173132,1.0952778081567696,-1.0074610707108247,-0.15080873242240792,-0.01373739384619967,-0.007797226440543685,0.11742610672545381
lab001,F1,HOT->COLD,-28.0,87,18.275862068965516,-0.11835061490233803,5.815391379310345,-1.0688319439883247,-1.0677618504555522,0.8267860080256154,-1.2104399633297793,-0.15324838095757648,-0.012631994173861098,-0.006691826768205114,0.08864076428327639
lab001,F1,HOT->COLD,-27.0,87,18.157471264367818,-0.10754762478900316,5.679419252873563,-1.1905193217163974,-1.133549526057756,0.9263540954929298,-1.332127341057852,-0.0901707076581427,-0.011435693527606424,-0.005495526121950439,0.09931558374762975
lab001,F1,HOT->COLD,-26.0,87,18.035057471264366,-0.11310585965758287,5.788022701149425,-1.0742639464510302,-1.2402960662532454,1.5304927761490024,-1.2158719657924848,0.1527224566695803,-0.010421451612301453,-0.004481284206645467,0.16408604897880405
lab001,F1,HOT->COLD,-25.0,87,17.94942528735632,-0.08918495297805702,5.7841899425287355,-1.0905362802230751,-1.4072563429157654,2.32244342320025,-1.2321442995645298,-0.1490607789892844,-0.009875188902313177,-0.003935021496657193,0.24899207054645855
lab001,F1,HOT->COLD,-24.0,87,17.866091954022988,-0.07503014227152077,5.7597287356321845,-1.1391169326074928,-1.5169317761222025,2.565004466310988,-1.2807249519489474,-0.3532310776069623,-0.008763651171551493,-0.0028234837658955075,0.27499734402469383
lab001,F1,HOT->COLD,-23.0,87,17.804022988505746,-0.057595852423438475,5.5066290229885055,-1.4194117080136455,-1.5825200162255877,1.6372383638666022,-1.5610197273551003,-0.10334413918398637,-0.008320113171778963,-0.002379945766122978,0.17553037724187065
lab001,F1,HOT->COLD,-22.0,87,17.74655172413793,-0.027767060525679576,5.826312643678161,-1.1300368484978751,-1.7427094784988393,2.1928309204013763,-1.27164486783933,0.8788945233015567,-0.008329881454210084,-0.002389714048554099,0.2350961516542214
lab001,F1,HOT->COLD,-21.0,87,17.76034482758621,0.0691463708705091,7.049571551724138,0.06781361412809055,-0.75424149690246,3.5825419222343804,-0.07379440521336414,1.3719600223286705,-0.008821150059161925,-0.00288098265350594,0.3840888101409367
lab001,F1,HOT->COLD,-20.0,87,17.868965517241378,0.16152640462985346,8.472997701149426,1.4699265604555554,1.706903610415396,2.9948026164710426,1.3283185411141007,0.8244725262408263,-0.009826312502295997,-0.0038861450966400125,0.321076542448363
lab001,F1,HOT->COLD,-19.0,87,18.077011494252876,0.21796479382686254,9.266644252873563,2.2480321538986723,2.744162824833208,2.0390901311690603,2.106424134557218,0.2535136672532302,-0.011110207228504785,-0.0051700398228488,0.21861340892903927
lab001,F1,HOT->COLD,-18.0,87,18.27241379310345,0.20809018567639015,9.096529310344827,2.065095175318121,2.530605373355715,2.087949021260944,1.923487155976666,-0.1907967705697141,-0.012147831365311427,-0.0062076639596554415,0.22385163177961634
lab001,F1,HOT->COLD,-17.0,87,18.47528735632184,0.18281890523269767,9.119057183908046,2.082486633730742,2.675002748825939,2.1210991042992466,1.940878614389287,-0.4093150616766414,-0.013421605402841968,-0.007481437997185984,0.22740569373524414
lab001,F1,HOT->COLD,-16.0,87,18.631034482758622,0.11015191704846768,8.091025862068966,1.055031286053456,0.8604883383541151,2.3754947330502896,0.9134232667120012,-1.4959414266629358,-0.014263800437584144,-0.00832363303192816,0.25467976797443764
lab001,F1,HOT->COLD,-15.0,87,18.663218390804598,-0.0229442970822277,6.887343678160919,-0.1446277608050236,-0.5782797649117857,2.0335471415577615,-0.28623578014647827,-0.5761556291918991,-0.014835393981297242,-0.008895226575641258,0.21801913806476436
lab001,F1,HOT->COLD,-14.0,87,18.610344827586207,-0.09094526163491766,6.850709195402299,-0.17021523068579436,-0.7240303590563588,4.637502995372137,-0.311823250027249,-0.14688625267076233,-0.014580631924253303,-0.008640464518597318,0.4971925091686288
lab001,F1,HOT->COLD,-13.0,87,18.51494252873563,-0.09748010610079612,6.667866666666666,-0.3301393039032484,-0.6828702593728826,4.62332565355729,-0.4717473232447031,-0.045438223216866476,-0.013802600356326147,-0.007862432950670163,0.49567253858159105
lab001,F1,HOT->COLD,-12.0,87,18.40287356321839,-0.13543525440077211,6.100759195402298,-0.8636246371176678,-0.818475467659554,1.114938717134825,-1.0052326564591225,-0.7126969935686588,-0.012793788734483042,-0.006853621328827059,0.11953397742162164
lab001,F1,HOT->COLD,-11.0,87,18.27241379310345,-0.11026042922594509,5.821590804597702,-1.1163906207792054,-1.0999855050411682,1.2064449877607044,-1.25799864012066,0.17366968555779674,-0.0113591903694414,-0.005419022963785418,0.1293444793970481
lab001,F1,HOT->COLD,-10.0,87,18.166666666666668,-0.1156860380998298,6.065471264367816,-0.8590111697579842,-1.1540157737990402,2.4883399304673723,-1.000619189099439,-0.1300626317560841,-0.009951097565367236,-0.004010930159711253,0.26677804303914765
lab001,F1,HOT->COLD,-9.0,87,18.04597701149425,-0.10886182782734476,5.744498850574713,-1.181002370614727,-1.1993165270305175,1.1655953911198493,-1.3226103899561816,-0.21468969888671835,-0.008291932107997507,-0.002351764702341524,0.12496494293687525
lab001,F1,HOT->COLD,-8.0,87,17.95229885057471,-0.08414516517964751,5.55666724137931,-1.385324629230068,-1.4301291570284471,1.0816954173860547,-1.5269326485715227,-0.18773331444461094,-0.006555462709455723,-0.0006152953037997402,0.11596992158561895
lab001,F1,HOT->COLD,-7.0,87,17.875862068965517,-0.10204967446346692,5.41688735632184,-1.5539919025515068,-1.6481961872227808,1.114359415189775,-1.6955999218929612,-0.12828877157407034,-0.005011349353269768,0.0009288180523862149,0.11947186973394723
lab001,F1,HOT->COLD,-6.0,87,17.75977011494253,-0.08548348203520487,5.55331724137931,-1.4422967409594918,-1.7960324927693376,2.3531534930193745,-1.5839047603009464,0.10454080044956805,-0.004137250111230792,0.0018029172944251904,0.25228453562634123
lab001,F1,HOT->COLD,-5.0,87,17.666666666666668,-0.11888111888111898,5.588440517241379,-1.433606004743952,-1.7758395211428626,2.3738751165466225,-1.5752140240854067,-0.20254287811032234,-0.003854086858376148,0.0020860805472798353,0.2545061268589165
lab001,F1,HOT->COLD,-4.0,87,17.624137931034483,0.08789486375693166,7.983751436781609,0.9370201228493267,-0.6100133050598897,3.524864762815917,0.7954121035078718,4.152016910215671,-0.004276474144157191,0.0016636932614987922,0.3779051695822995
lab001,F1,HOT->COLD,-3.0,87,17.801724137931036,0.21130938027489704,9.90673908045977,2.8372351791144177,2.9969408841438785,2.076598663748419,2.695627159772963,-0.864616580621016,-0.004673273858698695,0.0012668935469572877,0.2226347457232095
lab001,F1,HOT->COLD,-2.0,87,18.041379310344826,0.25719797443935133,9.661493103448276,2.5808987389356486,2.777866296026117,2.1346515390010987,2.4392907195941937,0.36889205594173374,-0.005797726524042611,0.0001424408816133721,0.22885866724738677
lab001,F1,HOT->COLD,-1.0,87,18.30229885057471,0.23767783940197298,10.004729885057472,2.9161589703728836,2.9263571649276434,2.3978823698664753,2.774550951031429,0.33126674856489924,-0.006853020823964175,-0.0009128534183081926,0.25707997458004056
lab001,F1,HOT->COLD,0.0,87,18.601149425287357,0.28521823004581526,10.255411781609196,3.163851792472315,3.290255754743086,1.8021616764179411,3.0222437731308602,0.02511995592513614,-0.007792697483587303,-0.0018525300779313205,0.19321201230919685
lab001,F1,HOT->COLD,1.0,87,18.822988505747126,0.09058355437665515,8.100729885057472,1.0115802426649,1.0526211931977514,2.206032235210003,0.8699722233234453,-4.112372559495748,-0.008283968271664497,-0.002343800866008514,0.23651148116248827
lab001,F1,HOT->COLD,2.0,87,18.79022988505747,-0.09986737400530545,5.892306896551725,-1.1891756619838916,-0.9931936744853109,1.294152606279891,-1.3307836813253462,1.1262670462497235,-0.007729405647476368,-0.0017892382418203845,0.13874772311856726
lab001,F1,HOT->COLD,3.0,87,18.68103448275862,-0.103556788039546,6.1770977011494255,-0.8880965773123314,-0.7368175633818463,1.0984110270631304,-1.0297045966537863,0.1591912648266471,-0.006354969890674125,-0.00041480248501814205,0.11776202305184383
lab001,F1,HOT->COLD,4.0,87,18.55689655172414,-0.14089703400048234,6.215666666666667,-0.8228701091118623,-0.6853627641059648,0.9330529779974979,-0.9644781284533169,-0.10891328744826675,-0.004566199041817887,0.0013739683638380963,0.10003377933788506
lab001,F1,HOT->COLD,5.0,87,18.42873563218391,-0.14063178201109114,6.001885057471264,-1.0098536065707358,-0.899594670122605,0.842370356585089,-1.1514616259121906,-0.18034589440808754,-0.0031564362213794173,0.002783731184276565,0.09031158182706568
lab001,F1,HOT->COLD,6.0,87,18.289080459770116,-0.11944779358572237,5.782727011494252,-1.2177909615076852,-1.1870170318914504,0.8402907179255572,-1.3593989808491398,-0.04597401518216192,-0.0013583470120345897,0.004581820393621393,0.09008862115958395
lab001,F1,HOT->COLD,7.0,87,18.172988505747124,-0.13447070171208095,6.451925287356322,-0.5479686637317239,-1.3074775077536982,5.001984513906621,-0.6895766830731787,0.7156175901829062,0.0006058531869000667,0.006546020592556049,0.5362690296423822
lab001,F1,HOT->COLD,8.0,87,18.042528735632185,-0.10941644562334071,6.44024540229885,-0.5669306590759634,-1.2225805032214465,5.0796257612936335,-0.7085386784174181,-0.0809167838556423,0.002451128008369594,0.008391295414025576,0.5445930450967881
lab001,F1,HOT->COLD,9.0,87,17.951149425287355,-0.08000964552688597,6.3168500000000005,-0.7102152204903747,-1.4405103435126199,5.111822488773121,-0.8518232398318294,-0.9068767245495989,0.004401006151157675,0.010341173556813658,0.5480448966079395
lab001,F1,HOT->COLD,10.0,87,17.867816091954023,-0.09432119604533258,5.322238505747126,-1.733314232499877,-1.6589460365109856,1.4906064134249826,-1.8749222518413318,-0.17554052655522295,0.005527507105619975,0.011467674511275956,0.1598097820342532
lab001,F1,HOT->COLD,11.0,87,17.78390804597701,-0.06422715215818567,6.076009195402299,-1.0041717328703093,-1.6581243410769435,3.21866124814571,-1.1457797522117639,0.7458637498559952,0.006461093790743821,0.012401261196399803,0.3450767069533678
lab001,F1,HOT->COLD,12.0,87,17.744827586206895,-0.012129250060284773,6.929700287356321,-0.16549412379093442,-1.198326251762384,3.433712318464515,-0.3071021431323891,1.1786769187062092,0.00688439791816109,0.012824565323817072,0.36813260176527524
lab001,F1,HOT->COLD,13.0,87,17.775862068965516,0.08414516517964678,8.168686494252873,1.0568775386961657,0.8220308194839614,2.934888703687571,0.9152695193547109,1.40256373451187,0.006256576299462086,0.012196743705118068,0.3146530967577291
lab001,F1,HOT->COLD,14.0,87,17.904597701149427,0.1734506872437895,8.838834482758621,1.7142993029944906,2.382322046174444,2.221828727935101,1.5726912836530358,0.26850091130401654,0.005921631594989796,0.011861799000645778,0.23820504294819342
lab001,F1,HOT->COLD,15.0,87,18.101724137931033,0.2123583313238489,9.222616091954023,2.0942461492800923,2.742024337506993,2.019198836575445,1.9526381299386373,0.5625876859683846,0.004584885626937735,0.010525053032593719,0.21648083830224266
lab001,F1,HOT->COLD,16.0,87,18.324137931034482,0.2236677115987448,9.401651724137931,2.273033475131078,2.694934967238953,2.259648539834634,2.131425455789623,-0.13342138913407345,0.0034841295075821546,0.009424296913238138,0.24225975238846315
lab001,F1,HOT->COLD,17.0,87,18.52701149425287,0.17610320713769115,8.760289655172414,1.636816045330959,1.8771877877111898,2.3178469161247115,1.4952080259895042,-1.080756218210656,0.00223278521067071,0.008172952616326693,0.248499273261243
lab001,F1,HOT->COLD,18.0,87,18.656896551724138,0.07507836990595558,7.272252298850575,0.16104669818349643,-0.4198461178989241,2.139807048789922,0.01943867884204177,-1.1439086817314545,0.0012960525092914636,0.007236219914947446,0.2294113959141944
lab001,F1,HOT->COLD,19.0,87,18.6816091954023,-0.03238485652278911,6.706000574712644,-0.38800291377463475,-0.6595973221304581,1.7114884170102056,-0.5296109331160893,-0.05861058481321634,0.0012089934528341437,0.007149160858490126,0.18349081851063362
lab001,F1,HOT->COLD,20.0,87,18.624137931034483,-0.06835061490233768,6.532318390804598,-0.5362788256603634,-0.6966842658068426,1.4305232043375458,-0.6778868450018181,-0.14935554606870421,0.001654966506327294,0.007595133911983277,0.15336818587466108
lab001,F1,HOT->COLD,21.0,87,18.5367816091954,-0.10259223535085776,6.234948850574713,-0.8041403732524084,-0.6995598721512675,1.203837027368913,-0.945748392593863,-0.20179342311347068,0.001973540659841431,0.007913708065497413,0.1290648766944081
lab001,F1,HOT->COLD,22.0,87,18.430459770114943,-0.10788521823004589,6.129027586206897,-0.8885922455780815,-0.8071159494482014,1.1526504565697897,-1.0302002649195363,-0.12486610854904741,0.002843299865633581,0.008783467271289565,0.12357710027749787
lab001,F1,HOT->COLD,23.0,87,18.317241379310342,-0.12048468772606691,5.95228275862069,-1.0643261880183326,-1.063793893775161,1.2486505871346212,-1.2059342073597874,-0.15248509484143513,0.003315938860931752,0.009256106266587736,0.13386939460995995
lab001,F1,HOT->COLD,24.0,87,18.207471264367815,-0.10245960935616044,5.9471695402298845,-1.086718377948382,-1.2705384040437453,2.339215197830718,-1.2283263972898368,0.046499521913580866,0.0037617314976575427,0.009701898903313525,0.25079019352773846
lab001,F1,HOT->COLD,25.0,87,18.104597701149423,-0.10632987701953213,5.867216666666667,-1.1906067158628844,-1.3866026007771675,2.3874324161046583,-1.332214735204339,-0.11871749516364404,0.004831179884972268,0.010771347290628251,0.2559596219383886
lab001,F1,HOT->COLD,26.0,87,18.005172413793105,-0.09397154569568339,5.901541954022989,-1.1867929925409955,-1.5169317761222025,2.4810988532984055,-1.3284010118824503,-0.24922482112858008,0.004834559004319265,0.010774726409975248,0.26600171807928996
lab001,F1,HOT->COLD,27.0,87,17.917241379310344,-0.07282372799614245,5.76426724137931,-1.3532840763419842,-1.5073797113841687,1.6875231808052682,-1.494892095683439,0.44070105194930853,0.004938151943496382,0.010878319349152364,0.18092147549706744
lab001,F1,HOT->COLD,28.0,87,17.864942528735632,-0.025319508078129348,6.765504597701149,-0.3701786556917389,-1.1611317666560312,2.9571551586332996,-0.5117866750331937,0.8567816184089823,0.003920954489593877,0.009861121895249859,0.3170403113031008
lab001,F1,HOT->COLD,29.0,87,17.862068965517242,0.031408246925489255,7.507198850574713,0.35814918547183533,-0.6072814017139732,3.136548823734986,0.2165411661303806,1.310725474237965,0.002260723179930129,0.008200890585586111,0.33627333100570195
lab001,F1,HOT->COLD,30.0,87,17.92873563218391,0.09956595129008947,8.886802011494254,1.7237483016234014,1.281184956185895,5.1133485692023966,1.5821402822819468,0.6715041692481905,0.0008603916129452788,0.0068005590186012614,0.5482085096036793
lab002,F2,COLD->OFF,-30.0,41,21.003658536585366,-0.08440218318267087,2.2129048780487803,-0.1546522169673641,-0.23588020405057675,2.202962460763204,-0.4128922516474378,-0.32195071973970496,0.0015913223326192282,-0.007717527869456188,0.3440449347967703
lab002,F2,COLD->OFF,-29.0,41,20.914634146341463,-0.06897492751151511,2.023089024390244,-0.34655927387707575,-0.22459184028814594,2.263081595611094,-0.6047993085571495,0.5901943137872483,0.001940071235193393,-0.007368778966882023,0.35343396624745366
lab002,F2,COLD->OFF,-28.0,41,20.837804878048782,-0.06332082551594757,2.3306896341463412,-0.038972139964868174,-0.29023644510792934,2.4045637031829528,-0.2972121746449419,0.12455206705627911,0.0029177348053274943,-0.006391115396747922,0.3755297592268793
lab002,F2,COLD->OFF,-27.0,41,20.787804878048778,-0.04443970663482926,2.4916317073170733,0.11902381078132329,-0.23033893034936903,2.277701813265159,-0.13921622389875046,0.2520510084454169,0.003441980760381717,-0.005866869441693698,0.35571726063811926
lab002,F2,COLD->OFF,-26.0,41,20.760975609756095,0.003735289101143823,2.554025609756098,0.1809431854557616,-0.07892370522143388,1.8085117632819374,-0.07729684922431214,0.16220875379848407,0.004163408807437326,-0.00514544139463809,0.2824420854915364
lab002,F2,COLD->OFF,-25.0,41,20.796341463414635,0.03632952413440271,3.050294512195122,0.677359107735737,0.1501306940540229,2.0181033902333754,0.41911907305566337,0.4367173299543382,0.0047073044480428795,-0.004601545754032536,0.3151747983328958
lab002,F2,COLD->OFF,-24.0,41,20.837804878048782,0.07818522940474078,3.1072853658536586,0.7357991796753797,0.1427865423721526,2.3089676913288693,0.47755914499530594,-0.3031512915360773,0.005372727640905586,-0.00393612256116983,0.3606001704340793
lab002,F2,COLD->OFF,-23.0,41,20.914634146341463,0.07491045539826055,2.7716182926829265,0.40128068105136205,-0.011789596047301787,2.252088500184011,0.14304064637128827,-0.24084257922299848,0.005940024581748597,-0.003368825620326819,0.35171713317980574
lab002,F2,COLD->OFF,-22.0,41,21.01707317073171,0.10075046904315278,2.4120121951219513,0.04413900087716789,-0.12149812520631653,1.5844524162968712,-0.21410103380290582,-0.3315723831595486,0.005701191010395927,-0.0036076591916794896,0.2474498943865741
lab002,F2,COLD->OFF,-21.0,41,21.096341463414635,0.089339928364319,2.731686585365854,0.3667656203998132,-0.1375683242405359,3.438734390169618,0.10852558571973943,0.21347335477628968,0.0068708035169221405,-0.0024380466851532754,0.5370400858485109
lab002,F2,COLD->OFF,-20.0,41,21.18780487804878,0.07332423673887056,2.59204512195122,0.23638478877640207,-0.11974477744272594,3.1098208525153,-0.02185524590367168,-0.30645071278412767,0.007154595496769058,-0.0021542547053063584,0.48567242133694644
lab002,F2,COLD->OFF,-19.0,41,21.24512195121951,0.040448575814430655,2.094919512195122,-0.24675672093634032,-0.6076630348739439,3.3549481382928614,-0.5049967556164141,-0.20007510538519507,0.008191310147307574,-0.0011175400547678415,0.5239548716983715
lab002,F2,COLD->OFF,-18.0,41,21.258536585365853,0.0034026948661067054,1.9925536585365853,-0.3427014247688287,-0.6647833195700955,2.6858683087324273,-0.6009414594489023,-0.2640311397197428,0.009244804035764994,-6.40461663104225e-05,0.4194621577121312
lab002,F2,COLD->OFF,-17.0,41,21.26707317073171,-0.010182500426402202,1.9258609756097558,-0.40683450500771307,-0.7809099798268306,2.8741722293456666,-0.6650745396877868,0.07237203135600363,0.010405703224802495,0.0010968530227270783,0.4488702893726742
lab002,F2,COLD->OFF,-16.0,41,21.22073170731707,-0.0899283643186083,1.2865853658536586,-1.0459037867545864,-0.7809099798268306,1.63969769676059,-1.30414382143466,-0.8522889318696721,0.011425759843763284,0.0021169096416878684,0.2560777576631842
lab002,F2,COLD->OFF,-15.0,41,21.108536585365854,-0.1278952754562506,1.1254878048780488,-1.2022695942736337,-0.7214245643135433,1.6971275566100164,-1.4605096289537074,0.7655097562570021,0.011530993593914287,0.0022221433918388706,0.2650467949206045
lab002,F2,COLD->OFF,-14.0,41,20.975609756097562,-0.12976292000682135,1.7928524390243903,-0.5279049277249397,-0.31042645493812504,2.0158705484308426,-0.7861449624050134,0.002794528788550434,0.012645615705266648,0.003336765503191233,0.31482608702889214
lab002,F2,COLD->OFF,-13.0,41,20.85487804878049,-0.1264625618284167,1.8809451219512192,-0.43230619287493266,-0.21896699565987543,2.094906922941186,-0.6905462275550063,-0.015752311905863577,0.012810854063828179,0.003502003861752762,0.3271694949622092
lab002,F2,COLD->OFF,-12.0,41,20.747560975609755,-0.09982943885383001,1.8501475609756097,-0.45831520151463984,-0.26471942594291265,1.21683381790805,-0.7165552361947136,0.05851522167353708,0.013108586075824522,0.0037997358737491068,0.19003751493597523
lab002,F2,COLD->OFF,-11.0,41,20.65609756097561,-0.07800614020126236,2.045218292682927,-0.2581142172124692,-0.22167471393103355,1.4705101164266987,-0.5163542518925429,0.3766949709705769,0.013207067809531146,0.0038982176074557305,0.22965509677760965
lab002,F2,COLD->OFF,-10.0,41,20.609756097560975,-0.011333788163055867,2.8026731707317074,0.49966924501224336,-0.015637454247760196,2.1201201844153674,0.24142921033216966,0.9091405011204414,0.012932326377199904,0.0036234761751244896,0.3311071448561132
lab002,F2,COLD->OFF,-9.0,41,20.63658536585366,0.031084768889646303,3.227882926829268,0.932056938029825,0.4992293346942809,1.9547718707448933,0.6738169033497512,0.2265084736430927,0.012329221458275695,0.0030203712562002797,0.305284076688258
lab002,F2,COLD->OFF,-8.0,41,20.679268292682927,0.08987719597475713,3.147707317073171,0.8626605043252498,0.9512196837722304,1.8681266814976973,0.6044204696451762,-0.4858374981343297,0.010801440107857989,0.0014925899057825736,0.2917523715339732
lab002,F2,COLD->OFF,-7.0,41,20.78170731707317,0.09788504178747927,2.5566902439024393,0.2848854733672608,0.37214936896584994,1.3269862161854524,0.02664543868718704,-0.22731035593265636,0.009928824874052342,0.0006199746719769274,0.2072404293560092
lab002,F2,COLD->OFF,-6.0,41,20.885365853658534,0.12157598499061871,2.8251560975609755,0.5609194332729689,0.08384273590801361,3.2819606548561087,0.30267939859289517,0.6242356063018643,0.008897810113748085,-0.0004110400883273306,0.5125561418392716
lab002,F2,COLD->OFF,-5.0,41,21.03048780487805,0.13508442776735333,3.1074878048780485,0.8463305449882041,-0.1341264506677815,3.731444840889317,0.5880905103081304,-0.318305373361856,0.00812160018358061,-0.0011872500184948055,0.5827537780815157
lab002,F2,COLD->OFF,-4.0,41,21.163414634146342,0.14015009380862847,2.8140146341463415,0.5557296861945772,-0.24851611315504107,3.5847981247352547,0.29748965151450346,-0.22100481364596183,0.007905981123941567,-0.0014028690781338487,0.5598514087511253
lab002,F2,COLD->OFF,-3.0,41,21.307317073170733,0.13232133719938502,2.3044878048780486,0.04791629440574488,-0.2374640203923979,2.929365352287002,-0.21032374027432887,-0.48466760864950637,0.007556520706585978,-0.001752329495489437,0.4574900070128029
lab002,F2,COLD->OFF,-2.0,41,21.417073170731708,0.09924100289953863,1.742971951219512,-0.510578149889595,-0.5690902828360774,3.0677338008688224,-0.7688181845696687,-1.0051944906684565,0.007629558153994597,-0.001679292048080818,0.47909952815451595
lab002,F2,COLD->OFF,-1.0,41,21.470731707317075,0.0022514071294556424,0.7448121951219513,-1.4971896229057422,-1.0899933856799593,1.899066200195022,-1.7554296575858161,-0.3832634800584744,0.0069852189215173915,-0.002323631280558024,0.29658431255995726
lab002,F2,COLD->OFF,0.0,41,21.342682926829266,-0.18973221900051104,0.8829060975609757,-1.3556490100192748,-1.247086770910039,1.9241138286015158,-1.6138890446993486,0.4590925958568868,0.0068962984716076595,-0.002412551730467756,0.30049609491458734
lab002,F2,COLD->OFF,1.0,41,21.153658536585365,-0.1851526522258226,1.2472317073170733,-0.9912946646955246,-1.1743069584553332,1.9051978602953386,-1.2495346993755982,0.5941335915869216,0.006875520392798704,-0.0024333298092767118,0.297541916984446
lab002,F2,COLD->OFF,2.0,41,20.973170731707317,-0.16330376940132924,2.0947841463414636,-0.14611861575878937,-0.16515413549660252,1.3840068653671,-0.40435865043886304,0.4779298157037977,0.006653769959795451,-0.0026550802422799645,0.21614555864403756
lab002,F2,COLD->OFF,3.0,41,20.819512195121952,-0.13250042640286422,2.4676390243902437,0.22942791050650765,-0.10050794730680546,1.9052946519994127,-0.028812124173566052,0.1594706671116655,0.006837429306851706,-0.0024714208952237096,0.29755703330899086
lab002,F2,COLD->OFF,4.0,41,20.70731707317073,-0.09535220876684157,2.2736243902439024,0.03231115130817517,-0.17736076338664852,1.5813381058068137,-0.22592888337189854,-0.25805615433199175,0.006308746562193818,-0.0030001036398815974,0.24696352080165268
lab002,F2,COLD->OFF,5.0,41,20.639024390243904,-0.06142759679345163,2.3378158536585363,0.09979287280544404,-0.18144248004681796,1.5709854884062104,-0.15844716187462968,0.24292324507162963,0.005413183824791602,-0.003895666377283816,0.24534671359680701
lab002,F2,COLD->OFF,6.0,41,20.597560975609756,-0.018625277161861704,2.4815524390243904,0.24688249055867326,-0.14467558975989747,1.7998050497509852,-0.01135754412140046,0.19576916758191765,0.003443110715813689,-0.005865739486261729,0.2810823252857212
lab002,F2,COLD->OFF,7.0,41,20.591463414634145,0.03686679174484059,3.170298780487805,0.9394000986465544,-0.05783029715072818,2.658733783933755,0.6811600639664805,0.49092042492454036,0.002100700239208075,-0.007208149962867343,0.4152244568972629
lab002,F2,COLD->OFF,8.0,41,20.657317073170734,0.08693501620330986,3.5421865853658536,1.3144512765342036,0.6637818619373381,2.830435588158788,1.0562112418541298,0.3437013497799807,0.0011515107400778696,-0.008157339461997547,0.4420397735861472
lab002,F2,COLD->OFF,9.0,41,20.7390243902439,0.10561146170902169,3.784039024390244,1.563136631366488,0.33548101274764,3.6623239096812084,1.3048965966864143,0.09008005716213513,-5.206580823246015e-05,-0.009360916010307876,0.5719589022295019
lab002,F2,COLD->OFF,10.0,41,20.871951219512194,0.12380180794815124,3.3308560975609756,1.1195749882347366,0.0839460277916193,3.2662485022203036,0.8613349535546628,-0.5093673878389485,-0.0007204532244161079,-0.010029303426491524,0.51010231585477
lab002,F2,COLD->OFF,11.0,41,20.990243902439026,0.13644038887941348,2.831607317073171,0.6340369389024182,0.029719599764960747,3.3254659467077112,0.3757969042223444,-0.6051924715951225,-0.0008822743747523578,-0.010191124576827774,0.5193505269297981
lab002,F2,COLD->OFF,12.0,41,21.102439024390247,0.08043663653419694,2.3168402439024387,0.1351589269492793,-0.19916245987439885,2.5655057025287276,-0.12308110773079443,-0.5285406091818362,-0.0014229091310058208,-0.010731759333081237,0.40066467671058253
lab002,F2,COLD->OFF,13.0,41,21.158536585365855,0.02867985672863743,1.8495134146341463,-0.32269713602861116,-0.39940202733363805,3.007170565758586,-0.5809371707086849,-0.2002785292785261,-0.0016540654699296088,-0.010962915672005025,0.4696411398952062
lab002,F2,COLD->OFF,14.0,41,21.191463414634146,0.0072403206549538955,1.4648268292682927,-0.703538791663284,-0.5814636172209815,2.285008085093639,-0.9617788263433578,-0.35971882501544306,-0.0020912109849145666,-0.011400061186989984,0.3568583085949537
lab002,F2,COLD->OFF,15.0,41,21.18658536585366,-0.0278611632270149,1.551079268292683,-0.6141670230159052,-0.5062935725458408,1.6495135285650155,-0.8724070576959788,0.5944910893295966,-0.0010198357951211126,-0.01032868599719653,0.25761073304214716
lab002,F2,COLD->OFF,16.0,41,21.12560975609756,-0.10133890499744155,1.9787524390243902,-0.18820309202702212,-0.8106705415081858,1.9462655460909355,-0.44644312670709585,-0.3506159072345651,-8.363369409416726e-05,-0.009392483896169587,0.3039556119672036
lab002,F2,COLD->OFF,17.0,41,21.032926829268295,-0.0800528739553123,1.9338085365853657,-0.23538709089070403,-0.21917715297230322,2.3470524109933835,-0.49362712557077776,0.13393474055343305,0.0012260497617088437,-0.008082800440366574,0.3665480043745595
lab002,F2,COLD->OFF,18.0,41,20.94390243902439,-0.10596964011598088,1.7958402439024392,-0.372252676979955,-0.2052460934104796,1.460562242062184,-0.6304927116600287,-0.14268421611455143,0.002728310963809365,-0.006580539238266053,0.22810149981530814
lab002,F2,COLD->OFF,19.0,41,20.836585365853658,-0.10476718403547787,1.736490243902439,-0.435219581069966,-0.1506387478551492,1.4490627520125767,-0.6934596157500398,0.06950347795075401,0.0036467522429276342,-0.005662097959147783,0.22630558119446037
lab002,F2,COLD->OFF,20.0,41,20.75609756097561,-0.05579907896980824,1.842109756097561,-0.33446580117225283,-0.20153126624444662,1.3777589501304845,-0.5927058358523266,0.29226017372009205,0.004301800631685886,-0.005007049570389532,0.21516979821757418
lab002,F2,COLD->OFF,21.0,41,20.70731707317073,-0.04428620160327603,2.228648780487805,0.047107223521198206,-0.1705826674767068,1.542365118389019,-0.21113281115887553,0.25084616635648366,0.004995344094605293,-0.004313506107470125,0.24087696274457837
lab002,F2,COLD->OFF,22.0,41,20.682926829268293,-0.0016373870032395919,2.210235365853659,0.031413249948373786,-0.16253493876041053,1.5880443713379386,-0.22682678473169998,0.07193644929059258,0.006015126838333392,-0.0032937233637420254,0.24801086351787235
lab002,F2,COLD->OFF,23.0,41,20.704878048780486,0.030496332935358045,2.221981707317073,0.048135586562804186,-0.09314775192233005,1.5144910374756788,-0.21010444811726955,0.16986845364450562,0.007201764936172108,-0.00210708526590331,0.23652376266915465
lab002,F2,COLD->OFF,24.0,41,20.774390243902438,0.0850673716527386,2.3972926829268295,0.2296925419988143,-0.11275448994020132,1.7165690718859539,-0.028547492681259404,-0.04280451044945348,0.00818537613161852,-0.0011234740704568996,0.2680830494980625
lab002,F2,COLD->OFF,25.0,41,20.834146341463416,0.08220194439706717,2.1138768292682926,-0.04430788666505178,-0.1669397806213152,1.4762820614306211,-0.30254792134512554,-0.4864098283616424,0.009261693428794938,-4.7156773280479106e-05,0.23055652314228633
lab002,F2,COLD->OFF,26.0,41,20.907317073170734,0.05625959406447028,1.6698658536585367,-0.48066766159971763,-0.26889321925264387,1.3415527436805825,-0.7389076962797912,-0.04378705040743653,0.00959215072852957,0.00028330052645415235,0.20951533875257747
lab002,F2,COLD->OFF,27.0,41,20.94390243902439,0.01831826709875264,1.7791634146341464,-0.3618579941383251,-0.3494709921948389,1.8621473471951409,-0.6200980288183988,0.6561570395471134,0.01002141167981276,0.0007125614777373432,0.2908185564023534
lab002,F2,COLD->OFF,28.0,41,20.973170731707317,0.042239467849222966,2.1500000000000004,0.019700116439178128,-0.4432301447753475,3.5661017941766238,-0.23853991824089557,-0.011633138449195387,0.0107875489994103,0.0014786987973348827,0.556931532474271
lab002,F2,COLD->OFF,29.0,41,21.0,0.02361419068736152,2.0652048780487804,-0.049333981658358006,-0.4103659089181182,3.2369622665778683,-0.3075740163384318,-0.04766303332056732,0.010664394239131073,0.0013555440370556563,0.5055285742629346
lab002,F2,COLD->OFF,30.0,41,21.00487804878049,-0.01670646426743928,1.9236670731707317,-0.17152923914042345,-0.32492194475765857,3.2145200436315537,-0.4297692738204971,-0.2728294468279059,0.011689517433051591,0.0023806672309761735,0.5020236878802659
lab002,F2,HOT->OFF,-30.0,38,20.88026315789474,0.06989326463010875,2.458067105263158,-0.16299552395692346,-0.22944868447475458,1.6730426820097053,-0.30262300488672667,-0.3832473681463951,0.01616827911418962,0.03772413850446034,0.27140336148803684
lab002,F2,HOT->OFF,-29.0,38,20.955263157894734,0.04794810452705291,2.4849315789473687,-0.13646575976671882,-0.22105223436665244,1.4105353775322185,-0.2760932406965221,0.3642082565348213,0.016136860806005987,0.0376927201962767,0.22881905349849316
lab002,F2,HOT->OFF,-28.0,38,21.011842105263156,0.04518770702981092,2.7285605263157895,0.10690278124476602,-0.3195242859378242,3.545939333431906,-0.0327246996850372,-0.35007867177886365,0.01604042581755187,0.037596285207822586,0.5752273179127927
lab002,F2,HOT->OFF,-27.0,38,21.04736842105263,0.029646669120353034,2.6459736842105266,0.0284860754638638,-0.30838846709429935,3.640382834276501,-0.11114140546593945,-0.03387199863792921,0.015540959769546678,0.03709681915981739,0.5905480768363672
lab002,F2,HOT->OFF,-26.0,38,21.061842105263157,0.006376518218622688,2.3160618421052632,-0.2961330407101571,-0.5335066652338264,2.902021677630893,-0.4357605216399604,-0.3494099504961497,0.014954264222578865,0.03651012361284958,0.47077008069756315
lab002,F2,HOT->OFF,-25.0,38,21.05263157894737,-0.02313213102686711,2.2352144736842106,-0.3739242673343981,-0.6207206280067722,3.070364874518801,-0.5135517482642012,-0.02671180521130645,0.014472113296710198,0.036027972686980915,0.4980789533344153
lab002,F2,HOT->OFF,-24.0,38,21.022368421052633,-0.056174089068826906,2.08195,-0.5265874158317214,-0.7939729083081806,2.365595213225115,-0.6662148967615247,-0.6084189123901839,0.013977552624673933,0.03553341201494465,0.38375021730950737
lab002,F2,HOT->OFF,-23.0,38,20.95921052631579,-0.10009201324990716,1.6028578947368421,-1.003708432549036,-0.7679573120511638,1.5255734295390337,-1.1433359134788392,0.3639390509992773,0.012752955095482162,0.034308814485752875,0.2474806897791533
lab002,F2,HOT->OFF,-22.0,38,20.83157894736842,-0.1131762973868234,2.2223302631578945,-0.3820980860781275,-0.5724371136651096,2.3393499588755176,-0.5217255670079307,0.3703520540633754,0.011825096009836769,0.033380955400107486,0.3794926748509774
lab002,F2,HOT->OFF,-21.0,38,20.73157894736842,-0.10931174089068758,2.365278947368421,-0.23410281485402018,-0.4081636864871765,2.3447528941519495,-0.3737302957838235,-0.05469090985327681,0.010769181742103196,0.03232504113237391,0.3803691466897977
lab002,F2,HOT->OFF,-20.0,38,20.63026315789474,-0.08678689731321276,2.168376315789474,-0.4248792718455859,-0.33564223418146905,1.4410051277191307,-0.5645067527753891,-0.08285897645024387,0.00896287915521441,0.030518738545485122,0.23376189967531338
lab002,F2,HOT->OFF,-19.0,38,20.560526315789474,-0.049273095325724874,2.331767763157895,-0.2554468768734326,-0.2859198396871391,1.550601358495807,-0.3950743578032358,0.1833031903114517,0.007373475606757878,0.02892933499702859,0.2515407559824808
lab002,F2,HOT->OFF,-18.0,38,20.525000000000002,0.0003588516746411024,2.7607473684210526,0.17408435851436904,-0.06011100845625761,1.8140882074999307,0.03445687758456586,0.4329752375789921,0.0052870573232122655,0.02684291671348298,0.2942839670771964
lab002,F2,HOT->OFF,-17.0,38,20.556578947368422,0.03433934486566209,3.224721052631579,0.6422086645719501,-0.0858611595211694,2.6059532244753765,0.502581183642147,0.4687079185413623,0.0029810441514107173,0.02453690354168143,0.4227414354746886
lab002,F2,HOT->OFF,-16.0,38,20.61973684210526,0.08971291866028683,3.328982236842105,0.7543307101690114,0.23350968676388972,2.233431721712854,0.6147032292392082,0.15863001832020637,-0.00011544192213455853,0.021440417468136158,0.36231046789478494
lab002,F2,HOT->OFF,-15.0,38,20.711842105263155,0.09189363268310675,3.169197368421053,0.605353691103289,0.2759431548577621,2.2545106247757984,0.4657262101734858,0.04633793733230822,-0.002892823269164609,0.018663036121106105,0.3657299175055334
lab002,F2,HOT->OFF,-14.0,38,20.817105263157895,0.12294810452705257,3.3580697368421055,0.7949719601441592,0.15493982395594907,3.4909919764168604,0.6553444792143558,-0.013769239104940417,-0.005268132845088413,0.0162877265451823,0.5663136795704325
lab002,F2,HOT->OFF,-13.0,38,20.932894736842105,0.09749723960250369,2.766388157894737,0.20478913999305293,-0.28212538245783747,3.9812573514964313,0.06516165906324976,-0.5377602397627369,-0.007927564227655295,0.01362829516261542,0.6458452254470469
lab002,F2,HOT->OFF,-12.0,38,21.00526315789474,0.06301987486198117,2.302525,-0.2550565395031487,-0.262135184862913,3.5528799447860333,-0.394684020432952,0.1952705554303118,-0.009664813701690533,0.01189104568858018,0.5763532337501756
lab002,F2,HOT->OFF,-11.0,38,21.073684210526313,0.05598086124401871,2.887296052631579,0.3420822067734035,-0.3591381866199034,4.231196704534344,0.20245472584360028,0.33101484279504323,-0.011933510594978637,0.009622348795292076,0.6863907424933605
lab002,F2,HOT->OFF,-10.0,38,21.123684210526314,0.035636731689362704,2.7374907894736844,0.20363571159904756,-0.4240879976858021,4.2778999933201165,0.06400823066924433,-0.6108674534834041,-0.013940365107643075,0.007615494282627641,0.6939670163716689
lab002,F2,HOT->OFF,-9.0,38,21.147368421052633,-0.0024291497975708416,1.8109776315789474,-0.7111571159749416,-0.9372718666183948,3.656051143428598,-0.8507845969047448,-0.38481796952457303,-0.016439768022421794,0.005116091367848921,0.5930898122137366
lab002,F2,HOT->OFF,-8.0,38,21.098684210526315,-0.07707029812292969,2.185953947368421,-0.3281357692789721,-1.0132678466423775,3.4675797374663593,-0.46776325020877535,0.5689720898323577,-0.01816452275678254,0.0033913366334881755,0.5625157128960293
lab002,F2,HOT->OFF,-7.0,38,21.013157894736842,-0.09611704085388284,2.3460973684210527,-0.16284348770090445,-0.8110933313106731,3.270791853752832,-0.30247096863070766,-0.14872938662718807,-0.019512199500159696,0.002043659890111018,0.5305925027387056
lab002,F2,HOT->OFF,-6.0,38,20.876315789473683,-0.17680345969819714,2.1332671052631578,-0.3796398033504966,-0.39597426784677153,3.231677529146404,-0.5192672842802998,0.15738269748201236,-0.021146495180383366,0.000409364209887349,0.5242473214144809
lab002,F2,HOT->OFF,-5.0,38,20.701315789473682,-0.14497607655502193,2.661071052631579,0.15256525673335708,-0.17381318904873339,2.558744907547421,0.012937775803553925,0.6619528349534217,-0.02228031605883669,-0.0007244566685659745,0.4150832352134443
lab002,F2,HOT->OFF,-4.0,38,20.571052631578947,-0.09962274567537642,2.61635,0.11122255574664743,-0.17920187299949764,2.0824623885653484,-0.028404925183155766,0.1178640614651774,-0.023652903128228056,-0.002097043737957342,0.3378200081244331
lab002,F2,HOT->OFF,-3.0,38,20.51184210526316,-0.06845785793154435,2.546407894736842,0.04607169816723148,-0.2171583911070662,1.6583134594819966,-0.09355578276257172,-0.27808944375197076,-0.024965243172145882,-0.0034093837818751672,0.2690139660774407
lab002,F2,HOT->OFF,-2.0,38,20.428947368421053,-0.0335664335664338,3.4106855263157896,0.9130178448685345,-0.15905004380989152,3.7093894601091324,0.7733903639387313,1.0828085939851233,-0.02693963914535842,-0.005383779755087708,0.6017424297463755
lab002,F2,HOT->OFF,-1.0,38,20.439473684210526,0.0401913875598102,4.045490789473684,1.5515379184885283,1.3249657926401874,3.2645393682513415,1.4119104375587253,1.4894738072607887,-0.028517141830747633,-0.006961282440476916,0.5295782156550544
lab002,F2,HOT->OFF,0.0,38,20.594736842105263,0.1629738682370276,5.3632934210526315,2.875120501213981,2.853945315783135,3.3706692815862165,2.735493020284178,0.07208999500023856,-0.029455074684435114,-0.007899215294164397,0.5467947610207224
lab002,F2,HOT->OFF,1.0,38,20.71315789473684,0.1586400441663591,4.318811842105263,1.8333815736318142,1.140955910178765,2.7717623135838148,1.693754092702011,-1.0415877511171947,-0.030581991316459403,-0.009026131926188688,0.44963922154625674
lab002,F2,HOT->OFF,2.0,38,20.894736842105264,0.1838700772911276,3.4789394736842105,0.9952714770319148,0.3846145308780001,2.7369772037920894,0.8556439961021115,-0.8449456699736257,-0.03092236180137868,-0.00936650241110797,0.44399633160165347
lab002,F2,HOT->OFF,3.0,38,21.07236842105263,0.17484357747515675,2.1422,-0.34504227811387106,-0.024131036786498694,1.7359130609750852,-0.48466975904367426,-1.397761935367256,-0.029304030037110643,-0.00774817064683993,0.2816022837108304
lab002,F2,HOT->OFF,4.0,38,21.218421052631577,0.11320390136179616,1.907296052631579,-0.5798207193471301,-0.21521114546654013,1.677697813897931,-0.7194482002769332,0.3892913877973734,-0.02796931626009808,-0.006413456869827368,0.27215852359849596
lab002,F2,HOT->OFF,5.0,38,21.307894736842105,0.07549687154950316,1.9718460526315789,-0.5122404797719947,-0.2824488843284448,2.397502019849938,-0.651867960701798,-0.48402777635876015,-0.02553084359426308,-0.003974984203992368,0.3889261848239306
lab002,F2,HOT->OFF,6.0,38,21.397368421052633,0.05807876334192149,1.8801671052631577,-0.5886106643494672,-0.4080948523353888,2.3146551427825846,-0.7282381452792703,-0.179948793025852,-0.023664143177431086,-0.002108283787160373,0.37548664668981896
lab002,F2,HOT->OFF,7.0,38,21.407894736842106,-0.023905042326095395,1.6132,-0.8471508836736795,-0.6172751531406054,1.1698883502524882,-0.9867783646034826,-0.38334704224376503,-0.020264216784772297,0.0012916426054984157,0.18978095074228193
lab002,F2,HOT->OFF,8.0,38,21.34078947368421,-0.09578579315421365,1.4546197368421054,-1.0052076338879434,-1.127580019076981,1.397078595949775,-1.1448351148177467,-0.2562637142281683,-0.017004979260796166,0.004550880129474545,0.22663607526634288
lab002,F2,HOT->OFF,9.0,38,21.21315789473684,-0.15099374309900687,1.4248157894736841,-1.0363674424985378,-1.006031939371259,1.0503257971071378,-1.175994923428341,0.36693597724510374,-0.014194003711808999,0.007361855678461714,0.17038534345702086
lab002,F2,HOT->OFF,10.0,38,21.053947368421053,-0.14679793890320328,1.6883171052631578,-0.7711388273673639,-0.5672410083491262,0.954385749225452,-0.9107663082971671,0.309687763378651,-0.009629873237381485,0.011925986152889227,0.1548218125463004
lab002,F2,HOT->OFF,11.0,38,20.91578947368421,-0.12209238130290488,2.077963157894737,-0.3764311730749809,-0.17998805525162237,1.2396329969383766,-0.5160586540047841,0.25692565409067875,-0.006460864859138832,0.01509499453113188,0.20109502644392968
lab002,F2,HOT->OFF,12.0,38,20.811842105263157,-0.08087964666911913,2.061375657894737,-0.38539764468026444,-0.207011288100303,1.1721943496969938,-0.5250251256100676,0.08291868644982799,-0.0030566529685247565,0.018499206421745955,0.19015503324929636
lab002,F2,HOT->OFF,13.0,38,20.74342105263158,-0.06119801251380346,2.47533552631579,0.03907850386698997,-0.1896870255400967,1.67355668156675,-0.10054897706281322,0.42990255210599165,-0.0005133644794647998,0.02104249491080591,0.27148674322664124
lab002,F2,HOT->OFF,14.0,38,20.711842105263155,0.002235921972762929,2.605513157894737,0.17882563537987406,-0.20317610389796154,1.7444827474723348,0.03919815445007079,0.3779646858218915,0.002475167070373357,0.02403102646064407,0.2829924704330593
lab002,F2,HOT->OFF,15.0,38,20.728947368421053,0.007342657342657482,2.803076315789474,0.38124475561684273,-0.056551661478279724,1.8028697925479908,0.2416172746870395,-0.07163941202303949,0.004748983368655599,0.026304842758926313,0.29246409986085814
lab002,F2,HOT->OFF,16.0,38,20.763157894736842,0.07182554287817329,3.3902960526315793,0.9748655249167775,0.13109402160450723,3.5685929375387793,0.8352380439869742,0.6209858307403953,0.006723244577750213,0.028279103968020924,0.5789022177647434
lab002,F2,HOT->OFF,17.0,38,20.847368421052632,0.10450864924549086,3.184775,0.777593738802545,0.13217153849225405,3.4503075530030913,0.637966257872742,-0.40516636341815837,0.010054331761952234,0.031610191152222945,0.5597137945863653
lab002,F2,HOT->OFF,18.0,38,20.955263157894734,0.10481229297018672,3.0482013157894734,0.6577921317005095,0.07288245405010751,3.542483634361316,0.5181646507707064,-0.2533845822661349,0.01200583779912651,0.03356169718939722,0.5746667294985613
lab002,F2,HOT->OFF,19.0,38,21.05526315789474,0.08725616488774407,2.6369815789473687,0.2644115548589942,-0.025991242674381076,2.802763359299986,0.12478407392919098,-0.32059265205635745,0.014119207362648848,0.03567506675291956,0.4546682552388738
lab002,F2,HOT->OFF,20.0,38,21.146052631578947,0.09297018770703092,2.3250223684210525,-0.028753969327238588,-0.07969141691375287,3.080361501217503,-0.16838145025704176,-0.42653768651477336,0.016546479400952968,0.03810233879122368,0.4997006203239925
lab002,F2,HOT->OFF,21.0,38,21.226315789473684,0.06627714390872273,1.5069118421052632,-0.8318407426477921,-0.46363148803003706,1.541639458829024,-0.9714682235775953,-0.6561440350486044,0.01888114398295016,0.04043700337322087,0.25008694388250396
lab002,F2,HOT->OFF,22.0,38,21.26184210526316,0.01805299963194672,1.5363342105263158,-0.7906171893979494,-0.3990582692917763,1.586456182023731,-0.9302446703277527,0.36789704683860075,0.02097580507272639,0.04253166446299711,0.25735717640957334
lab002,F2,HOT->OFF,23.0,38,21.26184210526316,-0.031606551343393983,1.7388539473684212,-0.5759795166978255,-0.5409701913352885,1.9236037486192852,-0.7156069976276287,-0.2808625377499241,0.023042941240620233,0.044598800630890945,0.31204973379348255
lab002,F2,HOT->OFF,24.0,38,21.221052631578946,-0.05512513801987523,1.8435407894736844,-0.4572113970729136,-0.4379264659055415,1.9212500255435692,-0.5968388780027167,-0.11672457366753404,0.026346665006259606,0.047902524396530324,0.31166790949119166
lab002,F2,HOT->OFF,25.0,38,21.14342105263158,-0.10384615384615362,1.5011657894736843,-0.7853440679000167,-0.671425512693719,0.8422760352861909,-0.9249715488298198,-0.2866847286142355,0.0280160708534499,0.04957193024372062,0.13663521542851018
lab002,F2,HOT->OFF,26.0,38,21.031578947368423,-0.09457121825542766,1.5208986842105263,-0.7545778300374884,-0.3224154610460028,1.4347508415653676,-0.8942053109672916,0.06658858721601031,0.029627948795799424,0.051183808186070136,0.23274732048729146
lab002,F2,HOT->OFF,27.0,38,20.951315789473682,-0.08071402281928763,2.009851315789474,-0.25418974814337286,-0.24141058039333346,1.794516453783024,-0.39381722907317607,0.71294420556648,0.03148067186111512,0.053036531251385834,0.29110900937521855
lab002,F2,HOT->OFF,28.0,38,20.871052631578948,-0.05802355539197681,2.327555263157895,0.07454228125980772,-0.02452128614979443,1.4864150665896607,-0.06508519966999544,0.11980896437026818,0.03232050699562007,0.053876366385890787,0.2411283644923518
lab002,F2,HOT->OFF,29.0,38,20.847368421052632,-0.009716599190284768,2.4741236842105265,0.23357227167717595,-0.0327867631064408,1.442756947572226,0.0939447907473727,0.2035594843599741,0.03249126240181447,0.05404712179208518,0.23404608238144756
lab002,F2,HOT->OFF,30.0,38,20.852631578947367,0.01556864188443148,2.381890789473684,0.15580546166889672,-0.09781963759045276,1.6634531553423793,0.016177980739093507,-0.1385471086126901,0.03288713617349525,0.05444299556376596,0.26984773484409186
lab002,F2,OFF->COLD,-30.0,63,21.17301587301587,-0.019880119880119094,2.371687301587302,-0.09362237114186037,-0.30202287216346546,2.643776501394154,-0.45572846575444703,0.09019660361836807,-0.0051924002094217644,-0.00010871608087899725,0.33308453070120664
lab002,F2,OFF->COLD,-29.0,63,21.142063492063492,-0.031618381618382534,2.2829515873015875,-0.170696598572258,-0.1743088640767727,2.6626069908894223,-0.5328026931848445,-0.08722059049738498,-0.004512480481436878,0.0005712036471058874,0.3354569493807349
lab002,F2,OFF->COLD,-28.0,63,21.09285714285714,-0.04936729936729869,2.251180158730159,-0.19253746801481594,-0.20043824457465081,2.4055919638773156,-0.5546435626274026,0.05993634033294707,-0.00421324072238057,0.0008704434061621951,0.30307609963404053
lab002,F2,OFF->COLD,-27.0,63,21.03968253968254,-0.05124875124875215,2.4276380952380956,-0.008246798681159372,-0.21911526687826477,2.7049678753772963,-0.37035289329374593,-0.11277972170030791,-0.003963158582707159,0.0011205255458356068,0.34079391917462293
lab002,F2,OFF->COLD,-26.0,63,21.0,-0.03774558774558724,2.049620634920635,-0.38009739533989384,-0.25914111250789995,1.6806207307242509,-0.7422034899524804,0.16039517126798558,-0.004044411518224334,0.0010392726103184316,0.21173830960552462
lab002,F2,OFF->COLD,-25.0,63,20.96904761904762,-0.028371628371627673,2.603356349206349,0.17655932416205652,-0.18081711566742853,1.9000089087323375,-0.18554677045053009,0.47918844253236414,-0.004187288299428666,0.0008963958291140998,0.23937862196728493
lab002,F2,OFF->COLD,-24.0,63,20.954761904761906,-0.005377955377955601,2.679020634920635,0.2574109697972256,0.030325208162741646,1.8470558396659762,-0.10469512481536096,0.11566356101677988,-0.0043411677177536065,0.0007425164107891593,0.23270716235265546
lab002,F2,OFF->COLD,-23.0,63,20.955555555555556,0.02117882117882175,2.921553968253968,0.5073764475743212,0.011780482698969585,2.4514626378933966,0.14527035296173454,0.13163716749327697,-0.004574867237448902,0.0005088168910938629,0.3088552613443959
lab002,F2,OFF->COLD,-22.0,63,20.97936507936508,0.0407259407259407,2.9242690476190476,0.5169763885935124,0.14051312108644765,1.9292500249482354,0.15487029398092575,0.05549873876159514,-0.004642803350633243,0.0004408807779095224,0.24306265632753274
lab002,F2,OFF->COLD,-21.0,63,21.038095238095238,0.04666999666999636,2.7397801587301585,0.3360868940336311,0.012481357760555922,1.8800674561134743,-0.02601920057895551,-0.2103546764931686,-0.0048000559683843156,0.00028362816015845054,0.2368662350905759
lab002,F2,OFF->COLD,-20.0,63,21.099999999999998,0.05920745920745978,2.649297619047619,0.2455440059563128,0.10031810809920483,1.6155075998636053,-0.11656208865627381,-0.1802668056099717,-0.004986386665513077,9.729746302968979e-05,0.20353482620828303
lab002,F2,OFF->COLD,-19.0,63,21.153174603174605,0.051548451548452334,2.32153253968254,-0.08041425717324636,-0.10811529310286105,1.1622879477194146,-0.442520351785833,-0.3832293960128888,-0.005185995134017684,-0.00010231100547491757,0.1464345172149149
lab002,F2,OFF->COLD,-18.0,63,21.202380952380953,0.050849150849149705,2.1893071428571425,-0.20640176773287353,-0.211417622897196,0.8626361193777776,-0.5685078623454601,0.26426442551625756,-0.005328455146077234,-0.00024477101753446744,0.10868193541978217
lab002,F2,OFF->COLD,-17.0,63,21.25079365079365,0.03864468864468762,2.47404126984127,0.0828684684826412,-0.2244443471681037,2.6725653042187587,-0.2792376261299454,-0.02840439910517956,-0.005313597143548296,-0.0002299130150055298,0.33671157893059606
lab002,F2,OFF->COLD,-16.0,63,21.26825396825397,0.021944721944722783,2.1927873015873014,-0.19021286851604105,-0.2868910533026825,2.9959505163731044,-0.5523189631286276,-0.2624216542356444,-0.005146781809037279,-6.30976804945121e-05,0.37745428602756087
lab002,F2,OFF->COLD,-15.0,63,21.284126984126985,-0.005361305361306042,2.067679365079365,-0.3079500134099746,-0.23957185877714626,2.345436325182209,-0.6700561080225612,0.016271005454712086,-0.004939261643696853,0.00014442248484591475,0.29549720154139736
lab002,F2,OFF->COLD,-14.0,63,21.256349206349206,-0.03936063936063964,2.0998619047619047,-0.27176891812541815,-0.25235383506284215,2.332115506956372,-0.6338750127380047,0.08110607461279355,-0.004475118641302855,0.0006085654872399128,0.29381893619447064
lab002,F2,OFF->COLD,-13.0,63,21.2,-0.07359307359307281,2.1066928571428574,-0.2572599933708256,-0.09897816516179425,1.8492627318861272,-0.6193660879834123,-0.39171864800332673,-0.004137962683171394,0.0009457214453713741,0.23298520463764796
lab002,F2,OFF->COLD,-12.0,63,21.12063492063492,-0.0843822843822855,1.7692444444444444,-0.5834010469161576,-0.12889292121772478,1.4967947634019534,-0.9455071415287442,0.3698253925557451,-0.003942174338611327,0.0011415097899314408,0.18857841465073008
lab002,F2,OFF->COLD,-11.0,63,21.034920634920635,-0.08436563436563459,2.1928960317460318,-0.1507733087187443,-0.07744888641201264,1.7003528646463675,-0.512879403331331,0.09051653853535999,-0.004209207627185421,0.0008744765013573465,0.2142243248052647
lab002,F2,OFF->COLD,-10.0,63,20.963492063492065,-0.05288045288045326,2.250080158730159,-0.08484179448852364,-0.12262893542124192,1.6642052354171932,-0.4469478891011103,0.04925082551336624,-0.004473635618329264,0.000610048510213504,0.2096701515945521
lab002,F2,OFF->COLD,-9.0,63,20.929365079365077,-0.03396603396603397,2.241186507936508,-0.08618657415798806,-0.11009284909855088,1.2073500764633107,-0.44829266877057466,0.02058965863023988,-0.004396144383190923,0.0006875397453518448,0.15211181179603514
lab002,F2,OFF->COLD,-8.0,63,20.895238095238092,-0.015517815517815524,2.6653984126984125,0.33967400949757176,0.016358623486465884,1.5327586493506908,-0.02243208511501481,0.41506537787458275,-0.004548996008126272,0.0005346881204164955,0.19310943838405625
lab002,F2,OFF->COLD,-7.0,63,20.905555555555555,0.030785880785881403,2.811415079365079,0.49028797759436,0.17181549980719568,1.6310523913961732,0.12818188298177338,0.29750632520825077,-0.004630522537624567,0.0004531615909182009,0.20549328585483145
lab002,F2,OFF->COLD,-6.0,63,20.9484126984127,0.044738594738593374,3.153438095238095,0.8380836275074635,0.3151283505880811,1.60177400764915,0.4759775328948768,-0.2206564595186697,-0.004974835070022738,0.00010884905852002955,0.20180455622699628
lab002,F2,OFF->COLD,-5.0,63,20.996825396825397,0.05959040959040979,2.743579365079365,0.4347591760872403,0.14478801022201315,1.10241187532703,0.0726530814746537,-0.02231223847425641,-0.005562342456355186,-0.0004786583278124184,0.13889084116569825
lab002,F2,OFF->COLD,-4.0,63,21.074603174603176,0.08676323676323673,2.748615873015873,0.441098824584435,0.12197691187707449,2.54175108016961,0.07899272997184838,-0.16102915515855545,-0.005792626158267782,-0.0007089420297250148,0.3202305358456469
lab002,F2,OFF->COLD,-3.0,63,21.16349206349206,0.09162504162504162,2.9044801587301587,0.5980396739281759,-0.009791208899075698,3.1222646972995998,0.23593357931558928,0.10209711609162325,-0.00604053341190176,-0.0009568492833589924,0.3933683769700525
lab002,F2,OFF->COLD,-2.0,63,21.246031746031747,0.09498834498834424,2.668111111111111,0.36497471328135483,-0.011142435670288053,2.2682457161619527,0.0028686186687682347,-0.05524044220693375,-0.005547460501929498,-0.0004637763733867299,0.2857720989215299
lab002,F2,OFF->COLD,-1.0,63,21.349999999999998,0.08453213453213339,2.5828230158730157,0.2851713122917763,-0.1808193447903248,2.4071828862589526,-0.07693478232081032,-0.11637078621468261,-0.004869745139679684,0.0002139389888630845,0.3032765370138985
lab002,F2,OFF->COLD,0.0,63,21.454761904761902,0.08722943722943859,2.387825396825397,0.09324994028807726,-0.24435598925297253,1.7619972993524666,-0.2688561543245093,-0.7626729740383157,-0.003925958330033631,0.0011577257985091371,0.22199079356447887
lab002,F2,OFF->COLD,1.0,63,21.49206349206349,-0.012703962703962393,1.283481746031746,-1.0036451446345303,-0.9513023395729143,2.439752828292395,-1.365751239247117,-0.21846719883697233,-0.003119644161305047,0.001964039967237721,0.30737996400610224
lab002,F2,OFF->COLD,2.0,63,21.436507936507937,-0.09024309024309016,1.3751301587301588,-0.9100487793401189,-0.983540996290927,2.175752627477473,-1.2721548739527055,0.22017474218233649,-0.0022993278311185393,0.002784356297424229,0.27411906508098816
lab002,F2,OFF->COLD,3.0,63,21.317460317460316,-0.1383283383283388,1.772234126984127,-0.5122890368497288,-0.549662541045528,1.8700081809734526,-0.8743951314623154,0.1770259746683838,-0.00108788832218319,0.003995795806359577,0.23559888554819153
lab002,F2,OFF->COLD,4.0,63,21.185714285714287,-0.1221278721278702,1.9241722222222222,-0.3597627965481849,-0.16010962227358405,1.1727065697339418,-0.7218688911607715,0.31337923505032267,-0.00010937587864488234,0.004974308249897885,0.14774714020798263
lab002,F2,OFF->COLD,5.0,63,21.06984126984127,-0.11723276723276585,2.021688888888889,-0.2596329716781237,-0.1584421198557071,1.0317625817141423,-0.6217390662907103,0.07331578602292224,0.0013375990004891895,0.006421283129031957,0.12998986682274183
lab002,F2,OFF->COLD,6.0,63,20.976984126984128,-0.07743922743922821,2.3252079365079363,0.04730381660331274,-0.18447843991549717,2.0413612395432943,-0.31480227800927385,0.0908685011209448,0.0027129162009470746,0.007796600329489842,0.25718734170848134
lab002,F2,OFF->COLD,7.0,63,20.91984126984127,-0.05960705960705986,2.218511904761905,-0.05447948415433712,-0.21887025780073854,1.5469498322330215,-0.4165855787669237,0.0960184392250762,0.003622386325182719,0.008706070453725488,0.19489735937055547
lab002,F2,OFF->COLD,8.0,63,20.86031746031746,-0.0408258408258411,2.274397619047619,0.005131283581059688,-0.2310722143852031,1.563716528810521,-0.35697481103152695,0.21106004763031577,0.004005568940543935,0.009089253069086704,0.19700976458256222
lab002,F2,OFF->COLD,9.0,63,20.848412698412698,-0.00034965034965021385,2.740237301587302,0.4754487062066487,-0.1455603750708383,2.2771332115943133,0.11334261159406211,0.08855722396029252,0.004511882674424529,0.009595566802967298,0.2868918180973512
lab002,F2,OFF->COLD,10.0,63,20.866666666666664,0.01918081918081968,2.6068650793650794,0.3481045383504626,-0.1669739755808195,2.075631361926057,-0.014001556262123972,0.18317055397104695,0.00509388239810831,0.01017756652665108,0.26150497129060224
lab002,F2,OFF->COLD,11.0,63,20.88968253968254,0.03946053946053902,2.6090126984126982,0.35840998141930774,-0.1669739755808195,2.110682987526597,-0.003696113193278783,-0.3520246058493129,0.005607152521232491,0.01069083664977526,0.26592106102334384
lab002,F2,OFF->COLD,12.0,63,20.928571428571427,0.03161838161838118,2.4801380952380954,0.23885213898454605,-0.17352891445861518,1.8739177642986513,-0.12325395562804056,0.1172129944057126,0.0066128625089327975,0.011696546637475567,0.23609144674858967
lab002,F2,OFF->COLD,13.0,63,20.974603174603175,0.05859140859140749,2.438698412698413,0.20743264160476588,-0.25387128584185104,2.616683263758505,-0.15467345300782076,-0.06481676177414036,0.007500273522381432,0.012583957650924203,0.3296711036061827
lab002,F2,OFF->COLD,14.0,63,21.036507936507935,0.0532467532467532,2.363077777777778,0.1418966269699332,-0.2861910533232672,3.16994786578233,-0.2202094676426534,-0.3570760868521097,0.008283440714650236,0.013367124843193006,0.3993758915190476
lab002,F2,OFF->COLD,15.0,63,21.074603174603176,0.028288378288377845,2.177048412698413,-0.03685097918106822,-0.3106125325656586,2.7810367609458932,-0.3989570737936548,-0.030948677708677274,0.00866656300108216,0.01375024712962493,0.3503776979234009
lab002,F2,OFF->COLD,16.0,63,21.098412698412698,0.009573759573759858,2.0061126984126982,-0.20163967628935905,-0.2638922996769703,2.504319494950495,-0.5637457709019456,-0.3022732469678832,0.009428571831030852,0.014512255959573622,0.31551459938523263
lab002,F2,OFF->COLD,17.0,63,21.100793650793648,-0.006826506826506656,1.7593666666666667,-0.4450056024923206,-0.37635215655809845,1.888264682945253,-0.8071116971049072,-0.37929602103211313,0.010675831139714638,0.015759515268257408,0.23789898859711267
lab002,F2,OFF->COLD,18.0,63,21.06111111111111,-0.05797535797535841,1.4638968253968254,-0.7378529953324247,-0.2893467120626202,1.4228727148801075,-1.0999590899450113,0.2882839360990214,0.011562048700293155,0.016645732828835923,0.1792651119462894
lab002,F2,OFF->COLD,19.0,63,20.995238095238097,-0.08258408258408423,1.7954841269841268,-0.400542283512529,-0.20755352105665448,1.8277320963826327,-0.7626483781251155,0.1672998051573604,0.013015997713064624,0.018099681841607394,0.23027259953710394
lab002,F2,OFF->COLD,20.0,63,20.91190476190476,-0.0905760905760898,1.8161888888888889,-0.37124688305202314,-0.16136853289768904,1.761233281520309,-0.7333529776646096,0.0706405061947533,0.01392654412093866,0.019010228249481433,0.22189453636537848
lab002,F2,OFF->COLD,21.0,63,20.816666666666666,-0.07271062271062283,1.808596031746032,-0.3736370471647983,-0.14327151442354502,1.2586949894338475,-0.7357431417773849,0.005167342153033601,0.01471478533943644,0.019798469467979207,0.15858066278690633
lab002,F2,OFF->COLD,22.0,63,20.774603174603175,-0.052530802530803215,1.9750904761904762,-0.20152998736059852,-0.10933034625694571,1.2283424300665626,-0.5636360819731852,0.09248450815713434,0.015053295027707045,0.020136979156249814,0.15475659975166062
lab002,F2,OFF->COLD,23.0,63,20.714285714285715,-0.041358641358641875,1.9028746031746033,-0.26743965272791453,-0.15835617272518188,1.2885488549560467,-0.6295457473405011,-0.03788137204060118,0.015021405705172006,0.020105089833714777,0.16234189630336843
lab002,F2,OFF->COLD,24.0,63,20.69206349206349,-0.019330669330669435,2.163685714285714,0.0013774272894422285,-0.1761408906825419,1.5104959675883858,-0.3607286673231444,0.25174118879679347,0.015648814373393855,0.020732498501936626,0.19030460412403566
lab002,F2,OFF->COLD,25.0,63,20.684126984126983,0.006743256743256154,2.21409126984127,0.060292227649757925,-0.07431426054162948,1.4253957123269658,-0.30181386696282864,0.025680801463358223,0.015357637690572424,0.020441321819115198,0.17958297974642456
lab002,F2,OFF->COLD,26.0,63,20.6984126984127,0.045088245088243925,2.202376984126984,0.06352493294111769,-0.1253407088167655,1.385581407422589,-0.29858116167146886,-0.01613294779410919,0.015402064609241263,0.020485748737784037,0.17456684882262072
lab002,F2,OFF->COLD,27.0,63,20.75079365079365,0.03666333666333663,2.006470634920635,-0.1129150506106432,-0.10449066009556196,1.4259137625019387,-0.4750211452232298,-0.27290604348995395,0.015086034158318443,0.020169718286861215,0.1796482479335499
lab002,F2,OFF->COLD,28.0,63,20.788888888888888,0.04553779553779522,1.886086507936508,-0.2078630923553691,-0.09808461410809866,1.0831031367735615,-0.5699691869679556,0.08730129251507114,0.014560115813978954,0.01964379994252172,0.13645816876842004
lab002,F2,OFF->COLD,29.0,63,20.824603174603176,0.03336663336663276,2.1373039682539683,0.06544250447915849,-0.014862857132841523,1.4643868726851503,-0.2966635901334281,0.5097860159152378,0.01393012293125673,0.0190138070597995,0.1844954042053577
lab002,F2,OFF->COLD,30.0,63,20.865079365079364,0.04537129537129472,2.6155666666666666,0.5570612141001824,-0.0010436698306830472,2.9275975799290506,0.1949551194875958,0.15702430353863114,0.012835006023201883,0.017918690151744653,0.3688426254936575
lab002,F2,OFF->HOT,-30.0,40,20.7975,0.01709790209790274,3.329815,0.7730950876812475,-0.12886047680548385,3.7021706895381814,1.2243161024798583,0.32297257331379436,-2.3783374009309077e-06,-0.03019411729552926,0.5853645832828378
lab002,F2,OFF->HOT,-29.0,40,20.81375,0.04825174825174718,2.9986375,0.44412446127354716,-0.08619769169404157,3.3722001154738543,0.8953454760721581,-0.20131658229384422,0.00031403798415273465,-0.029877700973975595,0.5331916545390099
lab002,F2,OFF->HOT,-28.0,40,20.875,0.052526223776223534,3.21153875,0.6609341460519699,-0.12304531988435552,3.4585874348935577,1.1121551608505809,0.5053203570754611,0.000829196301520753,-0.029362542656607576,0.5468506890551478
lab002,F2,OFF->HOT,-27.0,40,20.935,0.0842307692307676,3.39841125,0.8556388206607947,-0.06973563395120302,4.141025227154537,1.3068598354594056,-0.5626921877703079,0.0015425823334471733,-0.028649156624681156,0.6547535783012239
lab002,F2,OFF->HOT,-26.0,40,21.0025,0.05832167832167814,3.18534,0.6557731106898355,-0.11547393107721782,4.350242294059467,1.1069941254884463,-0.24537402191420363,0.0026878316420440055,-0.027503907316084326,0.6878337011411947
lab002,F2,OFF->HOT,-25.0,40,21.057499999999997,0.05368006993007022,2.12436875,-0.3914511650643981,-0.3005185177232614,3.2274291247773648,0.059769849734212864,-0.9237903151954214,0.004109412522288185,-0.02608232643584014,0.5103013510530122
lab002,F2,OFF->HOT,-24.0,40,21.08625,0.024440559440559183,2.23169,-0.27077665038320087,-0.30031130672819134,3.0414870740929474,0.18044436441541006,0.6140793773194082,0.0057466628845179255,-0.024445076073610402,0.4809013314047508
lab002,F2,OFF->HOT,-23.0,40,21.11625,0.01882867132867023,2.4454525,-0.04832944281889099,-0.36383559929574383,2.558218032735612,0.4028915719797201,-1.0696827066780545,0.007735078000116856,-0.022456660958011476,0.40448978673798625
lab002,F2,OFF->HOT,-22.0,40,21.0975,-0.03073426573426543,1.7466675000000003,-0.7390861144981871,-0.5032079820570952,2.2969597801817034,-0.2878650996995761,0.05253606686493423,0.009365452266766473,-0.02082628669136186,0.36318122995869356
lab002,F2,OFF->HOT,-21.0,40,21.05375,-0.06899475524475748,1.6153099999999998,-0.8613876507494471,-0.6417953541779785,2.2504140706735543,-0.41016663595083613,-0.12115956556728488,0.011262651600922225,-0.018929087357206106,0.3558217070909782
lab002,F2,OFF->HOT,-20.0,40,20.975,-0.09094405594405605,1.879835,-0.5832464871798926,-0.6616773337682589,2.2647007217128112,-0.1320254723812816,0.3950960469543028,0.012635999556790529,-0.017555739401337804,0.3580806249619814
lab002,F2,OFF->HOT,-19.0,40,20.865000000000002,-0.10219405594405595,1.8119868749999999,-0.6364760839456252,-0.6135485078363153,1.5103384275396858,-0.18525506914701417,0.19942089280878939,0.014928388503993584,-0.015263350454134747,0.23880547343512934
lab002,F2,OFF->HOT,-18.0,40,20.7575,-0.10290209790209656,2.1117999999999997,-0.32342945375005316,-0.2546931883126247,1.6992291421037768,0.1277915610485578,0.32657347926974234,0.017113590571357827,-0.013078148386770502,0.26867171777909266
lab002,F2,OFF->HOT,-17.0,40,20.68375,-0.053339160839160904,2.3739250000000003,-0.050129392521380364,-0.18458212342437896,1.6737974606630939,0.4010916222772306,0.10844303690582388,0.018560894782681196,-0.011630844175447136,0.26465061587507316
lab002,F2,OFF->HOT,-16.0,40,20.646250000000002,-0.03941433566433501,2.4414362499999998,0.027240413588209732,-0.22376480490365788,1.726783398760405,0.47846142838682065,0.18167296304863742,0.020184501562456113,-0.010007237395672216,0.27302842829248275
lab002,F2,OFF->HOT,-15.0,40,20.63375,0.03275349650349559,2.61524875,0.21089776582950356,-0.1112901736681694,1.6604493325946834,0.6621187806281146,0.10118502027366028,0.021114956412042526,-0.009076782546085802,0.2625400915152831
lab002,F2,OFF->HOT,-14.0,40,20.682499999999997,0.04798951048950917,2.50861125,0.12197286526637,-0.04585995236200141,1.6613487499161657,0.573193880064981,0.26845191959685577,0.02186558115215802,-0.008326157805970309,0.2626823018804277
lab002,F2,OFF->HOT,-13.0,40,20.75875,0.09975524475524544,3.06216,0.686541466920043,0.29096792633273794,2.410362196921727,1.137762481718654,0.4150973250588665,0.02226399626046062,-0.007927742697667706,0.38111172641199764
lab002,F2,OFF->HOT,-12.0,40,20.865000000000002,0.09395979020979003,3.4089262499999995,1.0413783150202984,0.23083746209216405,2.9328147451152433,1.4925993298189095,-0.18727787375861998,0.023491733435438856,-0.006700005522689473,0.46371872749451765
lab002,F2,OFF->HOT,-11.0,40,20.958750000000002,0.12057692307692358,2.55392625,0.1949214926176508,-0.06640516141819791,1.9767306782203233,0.6461425074162618,-0.24365516055695044,0.025095472225938352,-0.005096266732189971,0.31254856319528085
lab002,F2,OFF->HOT,-10.0,40,21.098750000000003,0.1300437062937056,2.60932875,0.2610978552498965,-0.1288053647222997,3.2741713379533284,0.7123188700485075,-0.2728333363491017,0.025846353384755653,-0.004345385573372673,0.5176919438786711
lab002,F2,OFF->HOT,-9.0,40,21.205000000000002,0.09361888111888125,2.18341625,-0.14880247706485503,-0.25267600711664345,3.477606085757697,0.30241853773375593,-0.45318234336660873,0.027134684874354043,-0.0030570540837742827,0.5498578017928583
lab002,F2,OFF->HOT,-8.0,40,21.2775,0.028741258741260454,1.6499975,-0.6576890615933102,-0.42388322326448274,3.747693835278207,-0.20646804679469927,-0.28916042844202977,0.02794444515869087,-0.0022472937994374555,0.5925624246225514
lab002,F2,OFF->HOT,-7.0,40,21.28375,-0.02360139860139876,1.6475962499999999,-0.646999947435532,-0.5800869626957824,3.082421418361255,-0.195778932636921,0.00637438530563963,0.028857513805427205,-0.0013342251527011242,0.4873736195254163
lab002,F2,OFF->HOT,-6.0,40,21.255000000000003,-0.037001748251745424,1.564405,-0.7229599652965967,-0.910382736796282,2.8169194502409747,-0.27173895049798574,-0.3895473521425704,0.029703121475181348,-0.0004886174829469822,0.4453940723995413
lab002,F2,OFF->HOT,-5.0,40,21.1875,-0.08824300699300727,1.17687125,-1.1017513062598754,-1.0126555192893114,1.4032388414146195,-0.6505302914612645,0.2729216313951105,0.03128024664386721,0.0010885076857388818,0.2218715420043005
lab002,F2,OFF->HOT,-4.0,40,21.080000000000002,-0.13127622377622253,1.6475300000000002,-0.61790203762774,-0.8370423973090271,1.674298586958356,-0.16668102282912906,0.31812327185846095,0.032491279141425376,0.0022995401832970465,0.2647298508994947
lab002,F2,OFF->HOT,-3.0,40,20.9175,-0.16717657342657244,1.71931375,-0.5299915521390612,-0.29671565587069193,1.8708679793520315,-0.07877053734045028,0.2852294707907573,0.03296795026356832,0.0027762113054399986,0.2958102008114643
lab002,F2,OFF->HOT,-2.0,40,20.75875,-0.15335664335664223,1.71507125,-0.5160316626101207,-0.20794093150486015,1.3317737241324776,-0.06481064781150972,0.005249921996927634,0.03310496348597788,0.0029132245278495478,0.210571914811169
lab002,F2,OFF->HOT,-1.0,40,20.625,-0.07699300699300445,2.38560625,0.16882000679108514,-0.20725701687949155,2.6418269734354403,0.6200410215896961,0.35785966499152727,0.032586831348035375,0.0023950923899070473,0.41770952100625675
lab002,F2,OFF->HOT,0.0,40,20.5375,-0.07303321678321809,2.09783125,-0.11063111724221338,-0.2460614755970616,1.7047869486880987,0.3405898975563976,0.020698714195059125,0.03164833738781388,0.0014565984296855442,0.26955048415914956
lab002,F2,OFF->HOT,1.0,40,20.51125,-0.019274475524476566,2.0440593750000002,-0.160067352996553,-0.2122474994108986,1.4470976286526973,0.291153661802058,0.670976944700105,0.030576384849495597,0.0003846458913672697,0.2288062251585531
lab002,F2,OFF->HOT,2.0,40,20.513749999999998,0.06548076923077187,3.61285375,1.4100649304141084,2.344842535792859,1.9894783755973888,1.8612859452127193,1.7694089403228834,0.029369803352839015,-0.0008219356052893139,0.31456415112698494
lab002,F2,OFF->HOT,3.0,40,20.6275,0.12477272727272784,4.4236362499999995,2.2239753108064244,2.393142230937237,3.2882359854071996,2.675196325605035,-0.1981442326541775,0.027899419597408708,-0.0022923193607196184,0.5199157599007472
lab002,F2,OFF->HOT,4.0,40,20.765,0.17179195804195863,3.64369625,1.4498042739377692,0.8053167128155412,3.7181635256415935,1.90102528873638,-0.8848531466896545,0.026983763431135788,-0.003207975526992544,0.5878932726994655
lab002,F2,OFF->HOT,5.0,40,20.93,0.13494755244755102,2.980295,0.8034647182864957,0.23966008294010055,3.5942711934164233,1.2546857330851064,-0.5378672692768095,0.025374227048367577,-0.004817511909760753,0.5683041749763748
lab002,F2,OFF->HOT,6.0,40,21.052500000000002,0.10203671328671363,2.3322812500000003,0.16480032643637382,-0.05336712094129037,2.970820223118487,0.6160213412349849,-0.4435741131289883,0.024087602754110576,-0.006104136204017752,0.4697279211972016
lab002,F2,OFF->HOT,7.0,40,21.1575,0.08071678321678277,2.0004049999999998,-0.152246535165435,-0.18226393562835058,2.744793667100862,0.2989744796331759,-0.5811213051525254,0.023241194588087932,-0.006950544370040395,0.433989984762235
lab002,F2,OFF->HOT,8.0,40,21.2275,0.0700174825174825,1.37932375,-0.7631198729763782,-0.3494692219469563,1.3669464499502482,-0.3118988581777672,-0.26888229879960396,0.02316772314770315,-0.007024015810425177,0.21613321106620717
lab002,F2,OFF->HOT,9.0,40,21.29,0.03115384615384791,1.5380375,-0.5869001217095844,-0.4027195584974723,2.297103334837232,-0.13567910691097346,0.14418725262766413,0.023217040080346786,-0.006974698877781541,0.3632039279427032
lab002,F2,OFF->HOT,10.0,40,21.302500000000002,0.0025699300699292492,1.4523199999999998,-0.6545524403230703,-0.6211244156225592,2.0907868963758274,-0.2033314255244592,0.07564757100857863,0.02264788073438967,-0.00754385822373866,0.3305824347291029
lab002,F2,OFF->HOT,11.0,40,21.2725,-0.07830419580419665,1.4269825,-0.6658263737136687,-1.0944500730193747,3.0419364912711413,-0.2146053589150577,-0.2631471472192525,0.023475327287157767,-0.006716411670970561,0.4809723904998857
lab002,F2,OFF->HOT,12.0,40,21.16,-0.14926573426573447,1.35410375,-0.7264920207616771,-1.0074341403127671,1.2299414127260258,-0.2752710059630661,0.24078053042807251,0.023138441691324865,-0.007053297266803464,0.19447081263897237
lab002,F2,OFF->HOT,13.0,40,21.009999999999998,-0.12739510489510372,1.4373862499999999,-0.6312101390755325,-0.47785070936528085,0.7421763107152444,-0.17998912427692138,0.24150095747837996,0.023014705349905393,-0.007177033608222935,0.11734837836405014
lab002,F2,OFF->HOT,14.0,40,20.89875,-0.09340909090908908,1.9417424999999997,-0.11137441671324497,-0.07069310907814835,1.3971564463242898,0.339846598085366,0.2929030355466299,0.02287496384644214,-0.007316775111686188,0.22090983089857713
lab002,F2,OFF->HOT,15.0,40,20.81625,-0.07956293706293582,1.76600375,-0.27130271241946413,-0.1308516357343058,1.0052435016187997,0.1799183023791468,0.030889215543400666,0.022558289635350132,-0.007633449322778196,0.1589429534099283
lab002,F2,OFF->HOT,16.0,40,20.75,-0.03951923076922963,2.02092875,-0.0025955518441675,-0.13632944727275512,1.5214860668944006,0.4486254629544435,0.24625798840416704,0.02188203648545592,-0.008309702472672409,0.24056806997988076
lab002,F2,OFF->HOT,17.0,40,20.72625,-0.015550699300699033,2.208765,0.1980495836592803,0.001081758993889445,1.5847284818291831,0.6492705984578913,0.06564065684101042,0.02031925128167933,-0.009872487676448998,0.2505675737760488
lab002,F2,OFF->HOT,18.0,40,20.705000000000002,2.6645352591003756e-16,2.14051875,0.14616779227595886,-0.03331801607558517,1.6723919944194179,0.5973888070745698,0.28534587584843457,0.01987439637281379,-0.010317342585314537,0.2644283921498483
lab002,F2,OFF->HOT,19.0,40,20.7375,0.032674825174824826,2.506115,0.5301287543793304,0.09710623755689962,1.607461251773131,0.9813497691779414,0.09457941545958329,0.018319969840539012,-0.011871769117589318,0.25416194030342354
lab002,F2,OFF->HOT,20.0,40,20.78875,0.07153846153846262,3.14791125,1.1859190443001129,0.05784175068368741,3.771591788849082,1.637140059098724,0.4817739955049424,0.016707806657595664,-0.013483932300532664,0.5963410228575973
lab002,F2,OFF->HOT,21.0,40,20.87625,0.10313811188811099,2.982985,1.0341050578606,0.08496135721103226,3.279014888867165,1.485326072659211,-0.5520432241721431,0.01582382221091558,-0.014367916747212748,0.5184577765212068
lab002,F2,OFF->HOT,22.0,40,20.9675,0.09485139860139817,2.203805,0.27241945493180425,-0.026654647492054817,3.4240235371649512,0.7236404697304153,-0.4587637371947622,0.014780547911271785,-0.015411191046856537,0.5413856569733719
lab002,F2,OFF->HOT,23.0,40,21.075,0.08976398601398446,1.93444625,0.017707992042642673,-0.17996529982114884,2.6162091324951655,0.46892900684125366,-0.1590024604548287,0.013126453788837636,-0.017065285169290685,0.41365898470089785
lab002,F2,OFF->HOT,24.0,40,21.145,0.06542832167832122,1.9867599999999999,0.08401199202893991,-0.22557735587171107,2.8379699742636055,0.5352330068275509,-0.030782459118727745,0.011497843431398114,-0.018693895526730214,0.4487224524921215
lab002,F2,OFF->HOT,25.0,40,21.19375,0.025935314685314383,1.208315,-0.678617136288484,-0.40668269358956927,1.4225696128244023,-0.22739612148987298,-0.848827370931442,0.011095299450751887,-0.01909643950737644,0.2249280053334494
lab002,F2,OFF->HOT,26.0,40,21.21,0.00403846153846006,1.1524475,-0.7174682554301224,-0.2822322561869558,1.4104131083473872,-0.26624724063151134,0.5698555672973863,0.010272116367094575,-0.01991962259103375,0.2230058932067793
lab002,F2,OFF->HOT,27.0,40,21.175,-0.07025349650349452,1.49903875,-0.3588777123154703,-0.22816349266589672,1.8047657198539298,0.09234330248314068,-0.3897588183303608,0.009347389848369445,-0.02084434910975888,0.2853585158865893
lab002,F2,OFF->HOT,28.0,40,21.075,-0.111739510489509,1.3116275,-0.5330764935140665,-0.3805316895769806,2.1618673657124217,-0.08185547871545547,-0.2215069576132102,0.009217264519672095,-0.02097447443845623,0.3418212437419727
lab002,F2,OFF->HOT,29.0,40,20.96875,-0.08889860139860017,1.1664462500000001,-0.6672069782945627,-0.17940162171673324,1.300309971417249,-0.21598596349595164,-0.013675736291458762,0.00862799113988261,-0.021563747818245715,0.2055970586953475
lab002,F2,OFF->HOT,30.0,40,20.88125,-0.06857517482517501,1.5973475000000001,-0.22592701107153096,-0.13724544184799825,1.2500028269727148,0.22529400372708003,0.21733844205721006,0.00734428115510144,-0.02284745780302689,0.1976428007441568
lab003,F3,COLD->OFF,-30.0,62,18.01532258064516,0.007562598691630591,1.5318725806451614,0.5342591096263365,0.00467733197110104,3.1807849896716123,0.6123604578880432,0.014035000282251424,-0.01381190729964914,-0.020215899625286513,0.40396009764859436
lab003,F3,COLD->OFF,-29.0,62,18.03548387096774,0.021063613805549188,1.5303790322580644,0.5309717886429678,0.0001401774671672129,3.398659292789662,0.6090731369046744,-0.3200150080436212,-0.014450438990990511,-0.020854431316627887,0.43163016181466474
lab003,F3,COLD->OFF,-28.0,62,18.041129032258063,0.00602300924881571,1.1145298387096774,0.11318013056325714,0.0018831003788501444,1.7161470280392643,0.19128147882496385,-0.3065991810881343,-0.014927387960994987,-0.02133138028663236,0.21795089051198605
lab003,F3,COLD->OFF,-27.0,62,18.052419354838708,0.016867809609745304,1.0420217741935485,0.03890542462852695,0.011173876591264953,1.187826080165466,0.11700677289023365,-0.08108153039884679,-0.015309473101551382,-0.021713465427188758,0.15085406303515264
lab003,F3,COLD->OFF,-26.0,62,18.075000000000003,0.014279269117978463,1.1106459677419356,0.10558433925162848,-0.009166130965960806,1.1861288932914287,0.18368568751333514,0.04727090874306933,-0.015362195690681741,-0.021766188016319115,0.15063852008660686
lab003,F3,COLD->OFF,-25.0,62,18.08467741935484,0.01827205053011465,1.0883282258064515,0.08181815068224504,0.021825536386499034,0.553537974131187,0.15991949894395172,0.11266355781089876,-0.015413963237274307,-0.021817955562911683,0.07029939301408891
lab003,F3,COLD->OFF,-24.0,62,18.096774193548388,0.011842995713963038,1.1766556451612902,0.1686300977812796,0.016320634911968918,0.888350031191033,0.24673144604298627,-0.07125737798078206,-0.01525903291673868,-0.021663025242376056,0.11282056678188437
lab003,F3,COLD->OFF,-23.0,62,18.11774193548387,0.020200766974960413,1.122666935483871,0.11318802524766804,0.043563423011963004,0.5899475257079989,0.19128937350937472,0.004003792962497535,-0.014726946611792203,-0.021130938937429577,0.07492341068836401
lab003,F3,COLD->OFF,-22.0,62,18.129032258064516,0.012925783893525736,1.1039782258064517,0.09372421752290203,0.04889320546559833,0.49621510185483797,0.17182556578460872,-0.0350768986668386,-0.014283211215575688,-0.020687203541213065,0.06301938095497689
lab003,F3,COLD->OFF,-21.0,62,18.14032258064516,0.012485901195578063,1.068125,0.05721760521434455,0.06210864359611107,0.4728900800339484,0.13531895347605125,-0.037477048561894,-0.013640749594034092,-0.020044741919671465,0.060057100221441694
lab003,F3,COLD->OFF,-20.0,62,18.155645161290323,0.014956011730204397,1.0466338709677419,0.03497774982003213,0.03977269336284883,0.41286655325130706,0.11307909808173883,-0.020789808159528852,-0.012880034306872686,-0.01928402663251006,0.05243410469704691
lab003,F3,COLD->OFF,-19.0,62,18.174193548387095,0.02040378975862759,1.026116129032258,0.013648722900283248,0.04696767751377101,0.38479232300821464,0.09175007116198994,-0.03273457507658458,-0.011875383907870756,-0.018279376233508133,0.048868673890741586
lab003,F3,COLD->OFF,-18.0,62,18.187096774193545,0.007782540040603998,1.005326612903226,-0.00800205759243703,0.03769760684014706,0.3652235790721452,0.07009929066926965,-0.03495906411952917,-0.010866583896732744,-0.01727057622237012,0.04638344092562656
lab003,F3,COLD->OFF,-17.0,62,18.199193548387097,0.01950710579742825,0.985724193548387,-0.028463250598054678,-0.016282434378777577,0.33778189169296,0.04963809766365201,-0.010886596472973395,-0.00977935286260483,-0.0161833451882422,0.042898343143370515
lab003,F3,COLD->OFF,-16.0,62,18.220967741935485,0.012959621024136819,0.9803411290322581,-0.03841682386954021,0.011298602981096417,0.3710572260395685,0.03968452439216648,0.0012837057872294956,-0.00846215300527809,-0.014866145330915464,0.04712431483136359
lab003,F3,COLD->OFF,-15.0,62,18.22983870967742,0.01784908639747355,0.9930120967741936,-0.02980050316053099,0.03171436050139387,0.3670982393079692,0.048300845101175695,0.0006134227495443039,-0.007200796049158181,-0.013604788374795557,0.04662152301365841
lab003,F3,COLD->OFF,-14.0,62,18.253225806451614,0.01901646740356292,0.9885008064516129,-0.036613406317279364,0.05102751068651096,0.3998951538233978,0.04148794194442733,-0.006492232489343799,-0.005789229934933747,-0.012193222260571124,0.05078673532233224
lab003,F3,COLD->OFF,-13.0,62,18.26532258064516,0.020302278366795375,0.9869862903225807,-0.03877754542657479,0.03480626450865687,0.4031031207899274,0.03932380283513189,-0.004492217465242547,-0.004335302866653855,-0.010739295192291231,0.05119414753449391
lab003,F3,COLD->OFF,-12.0,62,18.29032258064516,0.028034062711482063,0.97035,-0.05619872564974543,0.01630366834461805,0.41409034548404855,0.02190262261196127,-0.017136716252633806,-0.002890196226004962,-0.009294188551642338,0.05258952646602692
lab003,F3,COLD->OFF,-11.0,62,18.30806451612903,0.020437626889239533,0.9652258064516129,-0.06276480731853087,0.03714373764023743,0.41770027582715863,0.015336540943175792,0.018314363838419938,-0.001538482588846748,-0.007942474914484124,0.05304798807806375
lab003,F3,COLD->OFF,-10.0,62,18.338709677419356,0.020285359801488462,0.9868395161290322,-0.04175950783165049,0.06252860183488634,0.44406657152257856,0.0363418404300562,0.015686211843511697,-0.000162013837050825,-0.0065660061626882016,0.05639651097990665
lab003,F3,COLD->OFF,-9.0,62,18.35,0.011741484322128761,1.0027669354838709,-0.026444969442994758,0.01535717952822635,0.4028495379376221,0.05165637881871195,0.11274304142567362,0.0014870647044574255,-0.004916927621179951,0.05116194248004607
lab003,F3,COLD->OFF,-8.0,62,18.364516129032257,0.01612339273629583,1.1124209677419354,0.08253867291164146,0.04342482915921114,0.707794508151745,0.16064002117334816,0.13316786203580497,0.0028990985933936473,-0.0035048937322437286,0.08988999242530898
lab003,F3,COLD->OFF,-7.0,62,18.38548387096774,0.019828558538236105,1.1945112903225807,0.16420579079284772,0.04544408002241351,1.4790676043593658,0.24230713905455442,-0.11863697772747099,0.004368510818421923,-0.0020354815072154532,0.18784177359550697
lab003,F3,COLD->OFF,-6.0,62,18.40241935483871,0.021994134897360813,1.0105451612903225,-0.01980901258011014,0.004810986585290333,0.5108912386866448,0.05829233568159656,-0.053299831992584756,0.005866162219608411,-0.0005378301060289654,0.06488325219648852
lab003,F3,COLD->OFF,-5.0,62,18.437903225806448,0.03182382133995004,0.9772459677419355,-0.052775545112778245,-0.021126006372908235,0.762013754886179,0.02532580314892844,-0.1874729628678091,0.007316985775786799,0.0009129934501494236,0.09677584364643677
lab003,F3,COLD->OFF,-4.0,62,18.466129032258063,0.0217065192871661,0.6935524193548387,-0.3362016585930259,-0.17731970735741076,0.6410265901133387,-0.25810031033131914,0.058237656043288906,0.008654520450732521,0.002250528125095145,0.08141045835489308
lab003,F3,COLD->OFF,-3.0,62,18.490322580645163,0.030216557635913688,0.7720645161290322,-0.25701615569702563,-0.3661430222709586,1.069224955676908,-0.17891480743531893,-0.33290970144258203,0.009874710243075163,0.0034707179174377862,0.13579170516274036
lab003,F3,COLD->OFF,-2.0,62,18.516129032258064,0.004026618542746584,1.2634959677419357,0.2354016419847706,-0.5318509452449297,5.974622355945627,0.3135029902464773,0.4845863822748248,0.011302237414246298,0.004898245088608922,0.7587777979832719
lab003,F3,COLD->OFF,-1.0,62,18.511290322580646,-0.012147529889464322,0.49747419354838707,-0.5291527390487414,-0.4716621280630807,0.5134180484634182,-0.45105139078703466,-0.7157565210492598,0.012432646873702395,0.00602865454806502,0.06520415735904407
lab003,F3,COLD->OFF,0.0,62,18.45967741935484,-0.05657568238213534,0.5135556451612904,-0.5117791025362286,-0.42603128333824664,0.5258567917226324,-0.4336777542745219,0.09607457709875379,0.013506584965675673,0.007102592640038296,0.06678387933268705
lab003,F3,COLD->OFF,1.0,62,18.431451612903224,-0.015988044213850472,0.6576080645161291,-0.36639118732453785,-0.2063761596658557,0.5341838063833296,-0.2882898390628311,0.09919292807787226,0.014495631147431963,0.008091638821794587,0.06784141125212803
lab003,F3,COLD->OFF,2.0,62,18.398387096774194,-0.05419016467403654,0.7670266129032258,-0.25533071633326465,-0.06722803351919321,0.519561991630717,-0.17722936807155795,0.08737552449836769,0.015135156328716202,0.008731164003078827,0.06598443892157298
lab003,F3,COLD->OFF,3.0,62,18.345967741935485,-0.05615271824949287,0.819350806451613,-0.2008400921775942,0.012613792884624109,0.514866855388345,-0.1227387439158875,0.04332568535069191,0.015543964924192017,0.009139972598554641,0.06538815602250853
lab003,F3,COLD->OFF,4.0,62,18.2758064516129,-0.0734096548612687,0.8637258064516129,-0.15373103683453593,0.0274963130462334,0.4897833925745449,-0.07562968857282923,0.05363453491385599,0.015774904738381057,0.00937091241274368,0.062202553059551365
lab003,F3,COLD->OFF,5.0,62,18.229032258064517,-0.03358335213173867,0.9117661290322581,-0.1041532890667338,0.026425857416119802,0.4688030025786982,-0.026051940805027107,0.028438844510735133,0.015884970067142453,0.009480977741505078,0.05953804086556531
lab003,F3,COLD->OFF,6.0,62,18.177419354838708,-0.05677870516580166,0.9427895161290323,-0.0728732072939232,0.032123749600064866,0.4573101757102745,0.005228140967783477,0.015210583045839268,0.015525744635668595,0.009121752310031218,0.05807845039368429
lab003,F3,COLD->OFF,7.0,62,18.13064516129032,-0.03674712384389769,0.9334693548387097,-0.08127960483822412,0.050813743918067145,0.49705090137820035,-0.0031782565765174227,0.010796841254627107,0.015141967143698356,0.00873797481806098,0.0631255276005906
lab003,F3,COLD->OFF,8.0,62,18.08709677419355,-0.046830588766072954,0.9405516129032258,-0.07249960541276455,0.07518533341170863,0.4824300649839983,0.005601742848942106,-0.010870187773831492,0.014522529891101262,0.008118537565463884,0.06126867952167794
lab003,F3,COLD->OFF,9.0,62,18.048387096774192,-0.031586961425671266,0.9322451612903225,-0.07760458012113004,0.05488272332711036,0.5070553732697957,0.0004967681405766368,0.01855796040434991,0.01376344851531858,0.007359456189681203,0.06439609680139305
lab003,F3,COLD->OFF,10.0,62,18.023387096774194,-0.0377960748928493,0.9328548387096774,-0.07531908616670326,0.04993981386761853,0.45265401509666087,0.002782262095003436,0.090109539657392,0.01270759988123384,0.006303607555596464,0.057487117404422076
lab003,F3,COLD->OFF,11.0,62,17.990322580645163,-0.025107150913602515,1.0187024193548389,0.011108421064555583,0.01593416249343904,0.7238856566863354,0.08920976932626228,0.15437759574553764,0.011538649927007556,0.005134657601370181,0.09193357033278089
lab003,F3,COLD->OFF,12.0,62,17.967741935483872,-0.019642454319873263,1.1553870967741935,0.1448991067860108,0.015242814358949974,1.4537201814361604,0.22300045504771746,0.01749373984698269,0.010283939875110674,0.003879947549473297,0.18462264766513234
lab003,F3,COLD->OFF,13.0,62,17.956451612903226,-0.009542070832393145,1.0547282258064516,0.04725673078565226,-0.015725091918585454,0.7454510651695658,0.12535807904735896,0.08018195153475245,0.008668227156924198,0.0022642348312868206,0.09467237994896215
lab003,F3,COLD->OFF,14.0,62,17.95725806451613,-1.71905500587121e-16,1.2341564516129033,0.2295913658999645,-0.0034009301081665555,1.8250469164149061,0.3076927141616712,-0.030029571477456076,0.007221454039239444,0.0008174617136020682,0.23178119016599913
lab003,F3,COLD->OFF,15.0,62,17.94677419354839,-0.011369275885404454,1.0369370967741935,0.03493320791442134,0.02420568252534433,1.1329949913649482,0.11303455617612804,0.05609841465088031,0.005620949891155262,-0.0007830424344821151,0.14389050779392815
lab003,F3,COLD->OFF,16.0,62,17.942741935483873,-0.006902774644710198,1.165791935483871,0.16589761539333037,0.04154642471385278,1.1083630333431866,0.2439989636550371,-0.173296870442325,0.004086912327708255,-0.0023170799979291205,0.14076224599690107
lab003,F3,COLD->OFF,17.0,62,17.937096774193545,-0.009203699526279405,1.660850806451613,0.6631129451065741,0.007686833257880166,5.915237573118423,0.7412142933682809,0.6766416892197381,0.0023867661671799693,-0.0040172261584574065,0.7512359230223384
lab003,F3,COLD->OFF,18.0,62,17.93064516129032,-0.003958944281524764,1.1123298387096774,0.1167734492117578,0.03919583681986816,0.8948247790601569,0.19487479747346448,-0.8645164011948743,0.000690646425395681,-0.005713345900241695,0.11364286058355733
lab003,F3,COLD->OFF,19.0,62,17.91774193548387,-0.014110083464922195,1.1372951612903226,0.1441892742210191,0.06763119830776876,1.0226557531873273,0.22229062248272577,0.7974864885218182,-0.0008599728737667141,-0.00726396519940409,0.12987741053226604
lab003,F3,COLD->OFF,20.0,62,17.90967741935484,1.691856530502519e-05,1.2162153225806451,0.22650715831949308,0.04009971361373171,1.761968150315505,0.30460850658119976,-0.8446575377311797,-0.0025513986242682854,-0.008955390949905662,0.22377017886035985
lab003,F3,COLD->OFF,21.0,62,17.91290322580645,-0.003925107150912307,0.9991403225806451,0.014758121604960312,0.0515126440144425,0.273799272413531,0.092859469866667,0.1453937531026465,-0.003897221682677387,-0.010301214008314762,0.034772542369078195
lab003,F3,COLD->OFF,22.0,62,17.901612903225807,0.0031299345815486183,0.9817701612903227,0.0037227492638689536,0.02947284552416668,0.22142720755294426,0.08182409752557566,0.021286404162482737,-0.005126773260390267,-0.011530765586027643,0.028121283480521463
lab003,F3,COLD->OFF,23.0,62,17.904838709677417,-0.0033837130611325916,0.9916024193548386,0.018461630475586105,0.05071970746540297,0.21201571177249012,0.09656297873729278,0.15476255512225492,-0.006108780824681558,-0.012512773150318934,0.02692602232114203
lab003,F3,COLD->OFF,24.0,62,17.905645161290323,0.003519061583578294,1.381649193548387,0.41303551150629786,0.038364711801050555,3.047188904510112,0.4911368597680046,0.1502540992457337,-0.007179451073471676,-0.013583443399109052,0.38699337786635557
lab003,F3,COLD->OFF,25.0,62,17.904838709677417,-0.0002706970448905454,1.1848137096774194,0.21993555448129692,0.06583875351353746,1.6089059157055567,0.29803690274300365,-0.11330856985597665,-0.008199165371980904,-0.01460315769761828,0.2043312556259635
lab003,F3,COLD->OFF,26.0,62,17.9008064516129,0.0005752312203937198,0.9329483870967743,-0.0242696850364603,0.05380762228429414,0.395397501186627,0.05383166322524639,-0.2819556647270829,-0.008885996564191825,-0.0152899888898292,0.0502155328662596
lab003,F3,COLD->OFF,27.0,62,17.90806451612903,0.009474396571170638,0.9137306451612903,-0.033056978173316605,0.012256875546651724,0.40245829750768614,0.04504437008839009,0.01281217747770156,-0.009520872053207834,-0.01592486437884521,0.05111225489575659
lab003,F3,COLD->OFF,28.0,62,17.924193548387095,0.005887660726370351,0.8915612903225807,-0.04723257695156726,0.007729272461593606,0.4352584734673831,0.030868771310139435,0.11985229468620036,-0.009902079396534045,-0.01630607172217142,0.0552778814082667
lab003,F3,COLD->OFF,29.0,62,17.926612903225806,0.005887660726370351,1.0249548387096774,0.08747806849853776,-0.0022337993981785265,0.7838380104876415,0.16557941676024443,-0.06323186311803325,-0.010092502911520805,-0.01649649523715818,0.09954752687950712
lab003,F3,COLD->OFF,30.0,62,17.945967741935487,0.014008572073087746,0.9872790322580646,0.04697349946260036,0.027355221579213163,0.530514903251575,0.12507484772430705,0.008469195605609417,-0.010139464353383934,-0.016543456679021313,0.0673754600884438
lab003,F3,HOT->OFF,-30.0,1,18.2,0.018881118881122205,1.9518,-0.7453496823044978,-0.7453496823044978,,0.5039905094431878,0.03635358486078055,0.08681534406209379,0.13535701982421117,
lab003,F3,HOT->OFF,-29.0,1,18.2,0.04195804195805053,1.9544,-0.7965349786736768,-0.7965349786736768,,0.4528052130740088,-0.13139258056135272,0.08956942047916461,0.13811109624128198,
lab003,F3,HOT->OFF,-28.0,1,18.2,0.0,1.9942,-0.8085342660755133,-0.8085342660755133,,0.44080592567217236,-0.13618273618435495,0.09501070059766503,0.1435523763597824,
lab003,F3,HOT->OFF,-27.0,1,18.2,0.0,2.0604,-0.7921715961114528,-0.7921715961114528,,0.4571685956362328,-0.0731769572480494,0.09979330780990137,0.14833498357201874,
lab003,F3,HOT->OFF,-26.0,1,18.2,0.0,2.0577,-0.8422633320572936,-0.8422633320572936,,0.407076859690392,-0.0915073022542845,0.10397475589759009,0.15251643165970746,
lab003,F3,HOT->OFF,-25.0,1,18.2,0.0776223776223759,2.0392,-0.9078051618289522,-0.9078051618289522,,0.3415350299187334,0.090712437523231,0.10734453319113979,0.15588620895325717,
lab003,F3,HOT->OFF,-24.0,1,18.3,0.0524475524475605,1.9439,-1.0525585809850775,-1.0525585809850775,,0.19678161076260814,-0.06052511243711777,0.10993697604727504,0.1584786518093924,
lab003,F3,HOT->OFF,-23.0,1,18.3,-0.023076923076917666,1.9703,-1.0733804069609798,-1.0733804069609798,,0.17595978478670582,-0.0802984041325796,0.11172053846983232,0.1602622142319497,
lab003,F3,HOT->OFF,-22.0,1,18.3,0.08601398601398813,1.9492,-1.1391200218283675,-1.1391200218283675,,0.11022016991931816,-0.06105196062167462,0.10996002714310738,0.15850170290522475,
lab003,F3,HOT->OFF,-21.0,1,18.4,0.010489510489509968,1.9703,-1.1594475206834884,-1.1594475206834884,,0.08989267106419718,-0.03058062335732692,0.11002199716833583,0.1585636729304532,
lab003,F3,HOT->OFF,-20.0,1,18.4,0.0,1.9333,-1.235596952266378,-1.235596952266378,,0.013743239481307734,-0.09373132233487347,0.10907675382127557,0.15761842958339295,
lab003,F3,HOT->OFF,-19.0,1,18.4,0.0,1.9809,-1.2251006357204268,-1.2251006357204268,,0.024239556027258802,0.008195354405289512,0.10720569427049176,0.15574737003260913,
lab003,F3,HOT->OFF,-18.0,1,18.4,0.0,2.0948,-1.147352549524348,-1.147352549524348,,0.10198764222333767,-0.13098197686321322,0.10425329575579534,0.15279497151791271,
lab003,F3,HOT->OFF,-17.0,1,18.4,0.0,1.8988,-1.3788064229092276,-1.3788064229092276,,-0.129466231161542,-0.14742405133403413,0.10022304239156266,0.14876471815368003,
lab003,F3,HOT->OFF,-16.0,1,18.4,-0.023076923076928324,1.8776,-1.4336315741269245,-1.4336315741269245,,-0.18429138237923892,0.024994984114371732,0.09510705470465908,0.14364873046677645,
lab003,F3,HOT->OFF,-15.0,1,18.5,0.1027972027972126,1.9174,-1.425748535679687,-1.425748535679687,,-0.17640834393200144,0.17297480613694916,0.08659104576014998,0.13513272152226735,
lab003,F3,HOT->OFF,-14.0,1,18.5,-0.023076923076928324,0.6012,-2.7693799602040623,-2.7693799602040623,,-1.5200397684563767,-1.1371902467078607,0.07916370040523368,0.12770537616735106,
lab003,F3,HOT->OFF,-13.0,1,18.5,0.023076923076928324,0.9693,-2.4294468528256883,-2.4294468528256883,,-1.1801066610780027,0.6383240484450723,0.07051634304542809,0.11905801880754545,
lab003,F3,HOT->OFF,-12.0,1,18.5,-0.1027972027972126,1.1891,-2.237042801044904,-2.237042801044904,,-0.9877026092972183,0.15341317277655664,0.060554482961425515,0.10909615872354288,
lab003,F3,HOT->OFF,-11.0,1,18.4,0.04615384615384599,1.3136,-2.13698996530742,-2.13698996530742,,-0.8876497735597344,-0.0360271539676944,0.049178302523686934,0.0977199782858043,
lab003,F3,HOT->OFF,-10.0,1,18.3,-0.07972027972027362,1.4486,-2.0289015358325395,-2.0289015358325395,,-0.7795613440848539,0.056147146988054786,0.03618588812145984,0.0847275638835772,
lab003,F3,HOT->OFF,-9.0,1,18.2,-0.10279720279720195,1.5651,-1.9494249669418322,-1.9494249669418322,,-0.7000847751941466,-0.23101259093642534,0.021681539620402868,0.07022321538252023,
lab003,F3,HOT->OFF,-8.0,1,18.1,-0.05034965034963079,1.8273,-1.7162108222692523,-1.7162108222692523,,-0.46687063052156663,-0.07926361539444748,0.0042718542362552014,0.05281352999837256,
lab003,F3,HOT->OFF,-7.0,1,18.1,0.04615384615383533,1.2421,-2.324412892242133,-2.324412892242133,,-1.0750727004944476,-0.004417594575587991,-0.013235765568699875,0.035305910193417486,
lab003,F3,HOT->OFF,-6.0,1,18.0,-0.19720279720280232,1.4036,-2.183495244202568,-2.183495244202568,,-0.9341550524548825,-0.07611206268364157,-0.0323299881201502,0.016211687641967162,
lab003,F3,HOT->OFF,-5.0,1,17.9,0.004195804195806119,1.2209,-2.3861075584761853,-2.3861075584761853,,-1.1367673667284997,0.11398971740402875,-0.052893618813617316,-0.004351943051499954,
lab003,F3,HOT->OFF,-4.0,1,17.9,0.0,1.3745,-2.2489502963439385,-2.2489502963439385,,-0.9996101045962529,-0.0968999084561668,-0.07506739629328751,-0.026525720531170152,
lab003,F3,HOT->OFF,-3.0,1,17.9,-0.18881118881120074,1.4248,-2.2100561988674476,-2.2100561988674476,,-0.960716007119762,0.07143398614589636,-0.09876615674458966,-0.0502244809824723,
lab003,F3,HOT->OFF,-2.0,1,17.7,-0.18461538461538396,3.4931,-0.1519189663313032,-0.1519189663313032,,1.0974212254163824,5.814896059995288,-0.12407975347858513,-0.07553807771646777,
lab003,F3,HOT->OFF,-1.0,1,17.4,-0.19090909090909847,8.3607,4.706076564030343,4.706076564030343,,5.955416755778028,8.700573309288426,-0.15118336058036186,-0.1026416848182445,
lab003,F3,HOT->OFF,0.0,1,17.6,0.43006993006994065,16.9465,13.280678124521813,13.280678124521813,,14.5300183162695,0.5842219161453102,-0.17875113101877282,-0.13020945525665545,
lab003,F3,HOT->OFF,1.0,1,18.2,0.6000000000000085,11.4857,7.811987876393541,7.811987876393541,,9.061328068141227,-8.531766175368075,-0.20595349050180345,-0.15741181473968607,
lab003,F3,HOT->OFF,2.0,1,18.8,0.42797202797203227,8.7871,5.108375272643558,5.108375272643558,,6.3577154643912435,-1.3918667189754792,-0.23185774079198018,-0.1833160650298628,
lab003,F3,HOT->OFF,3.0,1,18.9,-0.05034965034965211,0.0,-3.6816557866698743,-3.6816557866698743,,-2.432315594922189,6.487878249689444,-0.25599030959031244,-0.20744863382819506,
lab003,F3,HOT->OFF,4.0,1,18.8,-0.15104895104894567,10.4343,6.748012223324059,6.748012223324059,,7.997352415071744,-7.269741546004961,-0.2784010660074534,-0.22985939024533603,
lab003,F3,HOT->OFF,5.0,1,18.7,-0.14895104895104794,11.5122,7.822513031974771,7.822513031974771,,9.071853223722457,46.19777890841823,-0.2988101150332656,-0.2502684392711482,
lab003,F3,HOT->OFF,6.0,1,18.6,-0.04615384615385665,17.447,13.756642043961795,13.756642043961795,,15.005982235709482,-52.26111785821172,-0.3189788021033091,-0.2704371263411917,
lab003,F3,HOT->OFF,7.0,1,18.5,-0.1468531468531502,4.8835,1.1929831663020787,1.1929831663020787,,2.442323358049764,9.084021939192326,-0.33136713843037,-0.28282546266825265,
lab003,F3,HOT->OFF,8.0,1,18.4,0.023076923076928324,3.5275,-0.1606251845549327,-0.1606251845549327,,1.088715007192753,-0.28749488500407827,-0.3378342599830164,-0.28929258422089904,
lab003,F3,HOT->OFF,9.0,1,18.4,0.0,3.3395,-0.34227759608630715,-0.34227759608630715,,0.9070625956613785,-0.019628993216399715,-0.3389350136698521,-0.29039333790773475,
lab003,F3,HOT->OFF,10.0,1,18.4,0.023076923076917666,3.3554,-0.3169638584670498,-0.3169638584670498,,0.9323763332806358,-0.20378746096448497,-0.3348742335178905,-0.2863325577557731,
lab003,F3,HOT->OFF,11.0,1,18.3,-0.07972027972027362,3.1303,-0.5290268676972776,-0.5290268676972776,,0.720313324050408,-0.3163225372578711,-0.32639128373096593,-0.27784960796884856,
lab003,F3,HOT->OFF,12.0,1,18.2,-0.07972027972028428,2.7807,-0.8678334131512719,-0.8678334131512719,,0.3815067785964137,-0.1041420357945474,-0.3138117087256309,-0.26527003296351354,
lab003,F3,HOT->OFF,13.0,1,18.2,0.04615384615385665,2.786,-0.8503214428580947,-0.8503214428580947,,0.3990187488895909,-0.10925378370673722,-0.3062873826270449,-0.25774570686492754,
lab003,F3,HOT->OFF,14.0,1,18.2,-0.10279720279720195,2.5079,-1.114369798689963,-1.114369798689963,,0.13497039305772263,0.02658693483588681,-0.28756972811776915,-0.23902805235565178,
lab003,F3,HOT->OFF,15.0,1,18.1,0.023076923076917666,2.4974,-1.1112399132907855,-1.1112399132907855,,0.1381002784569001,-0.19320179677743954,-0.2662098872677663,-0.2176682115056489,
lab003,F3,HOT->OFF,16.0,1,18.1,0.023076923076917666,2.4232,-1.1715776150740682,-1.1715776150740682,,0.07776257667361741,-0.01741826597103313,-0.24255485308397207,-0.1940131773218547,
lab003,F3,HOT->OFF,17.0,1,18.0,-0.14475524475525248,2.3702,-1.209412557104502,-1.209412557104502,,0.03992763464318361,-0.04986714154375793,-0.21699713766228879,-0.1684554619001714,
lab003,F3,HOT->OFF,18.0,1,17.9,0.0314685314685299,2.2908,-1.2703441930166894,-1.2703441930166894,,-0.021004001269003814,0.01567687139944751,-0.18997280099893343,-0.14143112523681606,
lab003,F3,HOT->OFF,19.0,1,18.0,-0.10069930069929356,2.2007,-1.3391194312850345,-1.3391194312850345,,-0.0897792395373489,-0.07722471518604856,-0.16191126963368419,-0.11336959387156682,
lab003,F3,HOT->OFF,20.0,1,17.9,-0.05244755244754984,2.0895,-1.4281138076283306,-1.4281138076283306,,-0.178773615880645,0.021280084559721413,-0.13821249245442058,-0.08967081669230322,
lab003,F3,HOT->OFF,21.0,1,17.9,0.0,2.1928,-1.2996623779843142,-1.2996623779843142,,-0.05032218623662854,-0.07200343802039977,-0.11417620190941147,-0.0656345261472941,
lab003,F3,HOT->OFF,22.0,1,17.9,0.0,1.8697,-1.5956063335775577,-1.5956063335775577,,-0.34626614182987203,0.25113443732202434,-0.08490312702305935,-0.03636145126094199,
lab003,F3,HOT->OFF,23.0,1,17.9,0.0,2.2166,-1.2191767726379652,-1.2191767726379652,,0.030163419109720424,0.07973716940395192,-0.05589322464903734,-0.007351548886919981,
lab003,F3,HOT->OFF,24.0,1,17.9,0.0,2.3332,-1.0707117549634977,-1.0707117549634977,,0.17862843678418794,0.06873785320586756,-0.02723348002529935,0.02130819573681801,
lab003,F3,HOT->OFF,25.0,1,17.9,-0.023076923076917666,2.2908,-1.0787013083607273,-1.0787013083607273,,0.17063888338695832,0.14936719498811657,0.0008400099773200331,0.049381685739437395,
lab003,F3,HOT->OFF,26.0,1,18.0,0.00839160839160158,2.4047,-0.9290544395125315,-0.9290544395125315,,0.3202857522351541,0.06630060476213206,0.02799424445991905,0.07653592022203641,
lab003,F3,HOT->OFF,27.0,1,17.9,0.018881118881111547,2.35435,-0.9386909145698654,-0.9386909145698654,,0.3106492771778202,0.09916732617878976,0.04962869775081824,0.0981703735129356,
lab003,F3,HOT->OFF,28.0,1,18.0,0.03566433566433602,2.4258,-0.8243208419871579,-0.8243208419871579,,0.4250193497605277,0.013756508966225822,0.07034247465568777,0.11888415041780513,
lab003,F3,HOT->OFF,29.0,1,18.0,0.04195804195805053,2.5556,-0.649958399595874,-0.649958399595874,,0.5993817921518116,0.11180647908574826,0.09433550720873107,0.14287718297084845,
lab003,F3,HOT->OFF,30.0,1,18.1,-0.03146853146854056,2.4947,-0.6655830803699989,-0.6655830803699989,,0.5837571113776867,-0.03338985723754939,0.11700684420132523,0.1655485199634426,
lab003,F3,OFF->COLD,-30.0,65,17.993846153846153,0.011554599246906168,0.9910723076923078,-0.01939820789250555,0.04202279075260118,0.35046906050606785,-0.012321409868654978,0.012000939740077331,-0.010432188690734562,-0.015966257356915953,0.04347033690159937
lab003,F3,OFF->COLD,-29.0,65,17.993076923076924,0.005793437331898205,1.0023192307692308,-0.008634731866408361,0.03261394780495708,0.337343039207991,-0.0015579338425577836,0.026790382347036217,-0.01034716516442348,-0.015881233830604868,0.041842254333680114
lab003,F3,OFF->COLD,-28.0,65,18.00923076923077,0.010941366325981233,1.0196338461538461,0.008460431968584647,0.02134497981880623,0.3377983077366,0.015537229992435224,0.007508247188358239,-0.010353869786679333,-0.015887938452860722,0.04189872344479295
lab003,F3,OFF->COLD,-27.0,65,18.016153846153845,0.012393760086067063,1.189696923076923,0.17953297308088242,0.04797852371791067,1.431985943905891,0.186609771104733,0.30009333993206044,-0.010347878146912001,-0.015881946813093392,0.17761599648784435
lab003,F3,OFF->COLD,-26.0,65,18.033846153846156,0.017009144701452563,1.2345938461538462,0.22549390107893683,0.000826625022402494,1.9651867336406197,0.23257069910278738,-0.1398899263049358,-0.010008926015433472,-0.015542994681614861,0.24375141492534777
lab003,F3,OFF->COLD,-25.0,65,18.04230769230769,0.011215707369553539,1.165296923076923,0.157018725137474,-0.026813953982484984,1.7079089314073752,0.16409552316132459,-0.2209409361540215,-0.009598157454915225,-0.015132226121096614,0.21184003100965243
lab003,F3,OFF->COLD,-24.0,65,18.056153846153848,0.013813878429262981,0.9168430769230769,-0.09078558621362542,-0.0288242907790629,0.41309826695905216,-0.08370878818977485,-0.08564177195957959,-0.00910739828362088,-0.014641466949802269,0.05123853390152802
lab003,F3,OFF->COLD,-23.0,65,18.067692307692308,0.010747713824636006,0.9318346153846154,-0.07522656935155103,-0.0103381136272096,0.403745257320471,-0.06814977132770046,0.07941206973945067,-0.008495486152200402,-0.01402955481838179,0.050078435833396294
lab003,F3,OFF->COLD,-22.0,65,18.073076923076922,0.01424959655728978,1.0193530769230768,0.01310918196127567,0.0073395625996599545,0.5234102387382683,0.020185979985126244,0.12049575790013697,-0.007892478208139908,-0.013426546874321297,0.06492105004317535
lab003,F3,OFF->COLD,-21.0,65,18.09307692307692,0.011974179666487518,1.0389907692307694,0.034171734260962254,0.009904314228771027,0.4596889330287135,0.04124853228481283,-0.00620819543359859,-0.007415550124088567,-0.012949618790269957,0.05701739480181291
lab003,F3,OFF->COLD,-20.0,65,18.10538461538462,0.016460462614308276,1.0440861538461539,0.0414819760529385,0.007781919194213005,0.4734010871295722,0.048558774076789074,-0.012520419013424855,-0.006918799823472793,-0.012452868489654184,0.05871817819635924
lab003,F3,OFF->COLD,-19.0,65,18.123076923076923,0.015072619688003915,1.01671,0.016462504779868388,-0.007714199450194137,0.37485729459553013,0.023539302803718964,-0.01895107090625434,-0.006139038076220405,-0.011673106742401795,0.046495325043985306
lab003,F3,OFF->COLD,-18.0,65,18.13,0.0109897794513184,1.0026507692307693,0.004883751099896248,-0.016668907366006847,0.34275510445866936,0.01196054912374682,-6.017562832686695e-05,-0.005386955524665943,-0.010921024190847334,0.04251353841062747
lab003,F3,OFF->COLD,-17.0,65,18.142307692307693,0.008665949435180774,1.0018784615384615,0.006382455732185044,0.012165614281834602,0.30713278604879346,0.013459253756035619,-0.009229102804057282,-0.004535793410689917,-0.010069862076871307,0.03809513360120625
lab003,F3,OFF->COLD,-16.0,65,18.155384615384616,0.012022592791824356,0.9993053846153848,0.006012314025314806,0.03980333597156527,0.2944401391047552,0.013089112049165384,-0.00924092721788213,-0.003551683870081526,-0.009085752536262917,0.03652080450626793
lab003,F3,OFF->COLD,-15.0,65,18.169999999999998,0.014217321140397733,0.9728238461538462,-0.018627003159861964,0.01445296521448941,0.411329937110332,-0.011550205136011384,0.0014013146664500777,-0.002640101266132064,-0.008174169932313454,0.05101919957807584
lab003,F3,OFF->COLD,-14.0,65,18.18846153846154,0.02049488972565925,0.9964138461538462,0.005615134031494103,0.04799370289163063,0.3706506616907665,0.01269193205534468,0.017687497866577067,-0.0019873910722074963,-0.007521459738388886,0.04597355644812872
lab003,F3,OFF->COLD,-13.0,65,18.21076923076923,0.012200107584722494,1.0050361538461539,0.0112993412271227,0.032767599652118284,0.35710554340096723,0.01837613925097327,0.0031228344654532624,-0.0011682457296036564,-0.006702314395785046,0.04429349129607404
lab003,F3,OFF->COLD,-12.0,65,18.22,0.008504572350725954,1.013853076923077,0.018532131540554997,0.05086743302951635,0.3879494990004907,0.025608929564405573,-0.0018750965198172569,-0.0002782682908050504,-0.00581233695698644,0.04811921314254226
lab003,F3,OFF->COLD,-11.0,65,18.22923076923077,0.015782678859601544,1.0058238461538462,0.011138226368892437,0.06269544329519033,0.3720829986686658,0.018215024392743015,-0.006690012507740606,0.0006300611857242417,-0.004904007480457148,0.046151215985024766
lab003,F3,OFF->COLD,-10.0,65,18.246153846153845,0.01568585260892967,0.9800976923076923,-0.01372141712721776,0.037755849370299965,0.36916479000061403,-0.006644619103367183,-0.021814207938175217,0.001621084307002747,-0.003912984359178643,0.04578925674740704
lab003,F3,OFF->COLD,-9.0,65,18.267692307692304,0.027708445400753536,0.9658215384615384,-0.027406932999551374,0.06646733575245722,0.37443009897614166,-0.020330134975700798,-0.02368021785686732,0.0027187563572199543,-0.002815312308961436,0.046442337948716786
lab003,F3,OFF->COLD,-8.0,65,18.290769230769232,0.017977407208177216,0.9435907692307692,-0.049022869625039024,0.022059058153365285,0.3715862271914303,-0.04194607160118845,-0.015852564365515368,0.0036336405582036604,-0.0019004281079777296,0.046089599066694374
lab003,F3,OFF->COLD,-7.0,65,18.304615384615385,0.030032275416890505,0.9397,-0.051861047331362806,-1.4990569115025387e-05,0.38120791163778595,-0.04478424930751222,0.011204876374289683,0.00429826267369825,-0.0012358059924831404,0.047283022143299214
lab003,F3,OFF->COLD,-6.0,65,18.336153846153845,0.026078536847767435,0.9549961538461539,-0.03529490511388416,-0.0016957673936244255,0.3720360412712309,-0.02821810709003358,0.014545992669169266,0.005185090647312505,-0.00034897801886888595,0.04614539163669693
lab003,F3,OFF->COLD,-5.0,65,18.361538461538462,0.022996234534695667,0.9635607692307693,-0.025518168922989234,0.018825335646657226,0.39635120163340365,-0.018441370899138654,0.012722026631573414,0.005937700501283675,0.0004036318351022846,0.04916131609871307
lab003,F3,OFF->COLD,-4.0,65,18.376923076923077,0.014459386767078978,0.9630469230769231,-0.024304908119473525,0.02278467877530377,0.40321104682022546,-0.01722811009562294,-0.019498481775281202,0.006722148727587888,0.0011880800614064975,0.050012175175783574
lab003,F3,OFF->COLD,-3.0,65,18.386153846153846,0.0060193652501344935,0.9875461538461539,0.0018224482808027781,0.04870658574194997,0.3369199958558005,0.008899246304653352,0.07265942506375633,0.007665274224254928,0.002131205558073538,0.04178978226377143
lab003,F3,OFF->COLD,-2.0,65,18.392307692307693,0.009892415277030482,1.0833407692307693,0.09961841462733306,0.05199720328950175,0.9402719878128339,0.10669521265118363,0.08813831175055986,0.008466549015160545,0.0029324803489791545,0.11662638645003232
lab003,F3,OFF->COLD,-1.0,65,18.404615384615383,0.0025174825174810477,1.03632,0.054921406092876275,-0.04846552511772506,1.2421165311518323,0.06199820411672683,-0.08893475703297396,0.009092179650089747,0.0035581109839083573,0.1540655942702858
lab003,F3,OFF->COLD,0.0,65,18.45076923076923,0.05017213555675053,0.8313303846153846,-0.14711103938197018,-0.0814876759980172,0.5695373934633957,-0.1400342413581196,-0.10528584383934572,0.009649854857569614,0.0041157861913882245,0.07064241943686188
lab003,F3,OFF->COLD,1.0,65,18.486153846153844,0.03301775147928941,0.7616530769230769,-0.21371104751965989,-0.19804304241961157,0.6969023342561621,-0.20663424949580927,-0.263382131757219,0.010306160128676406,0.004772091462495015,0.0864400960640629
lab003,F3,OFF->COLD,2.0,65,18.51846153846154,0.03219472834857511,0.4915646153846154,-0.4806397256678426,-0.6219128924365808,0.6537451350087854,-0.473562927643992,-0.028518223392223697,0.010887565483535692,0.0053534968173543016,0.08108710430980096
lab003,F3,OFF->COLD,3.0,65,18.53076923076923,-0.013894566971490718,0.34403538461538463,-0.6244731907383745,-0.6625612641079934,0.5761798130366214,-0.6173963927145238,0.25492751238498285,0.011401662128666772,0.005867593462485382,0.07146631018565709
lab003,F3,OFF->COLD,4.0,65,18.51,-0.03427649273803117,0.95498,-0.009099127223278767,-0.622150959727691,4.722913576718478,-0.0020223291994282957,0.12030735345443937,0.011951908321477113,0.006417839655295722,0.5858053319760456
lab003,F3,OFF->COLD,5.0,65,18.466923076923077,-0.057095212479828045,0.6110692307692308,-0.3486635576805163,-0.3492121835443607,0.4377644822642604,-0.3415867596566658,-0.1517745969821757,0.012186576312656868,0.0066525076464754775,0.0542980013702298
lab003,F3,OFF->COLD,6.0,65,18.41384615384615,-0.05780527165142518,0.7763430769230769,-0.1799087044701796,-0.12652845918402134,0.3567289926958134,-0.172831906446329,0.1428589165018039,0.01214705071738063,0.00661298205119924,0.0442467859293009
lab003,F3,OFF->COLD,7.0,65,18.346153846153847,-0.06614846691769681,0.884456923076923,-0.06846516142280437,-0.0051136684753365635,0.31355916584627647,-0.0613883633989538,0.07583556856534113,0.012045297293326115,0.006511228627144725,0.0388922279137565
lab003,F3,OFF->COLD,8.0,65,18.284615384615385,-0.0547391070467987,0.9375461538461538,-0.011974932195248257,0.06269747517915875,0.3657411937569858,-0.004898134171397683,0.0659558464135501,0.011744734012256525,0.006210665346075136,0.045364611895988005
lab003,F3,OFF->COLD,9.0,65,18.23153846153846,-0.05283485745024095,0.9773030769230769,0.03136930048291631,0.10795679922051904,0.3648446491255804,0.03844609850676688,0.017295863891279607,0.011294211700001984,0.005760143033820593,0.045253409220584254
lab003,F3,OFF->COLD,10.0,65,18.18,-0.05181818181818241,0.992846923076923,0.05034129848212318,0.12522867384320824,0.3982684461609658,0.05741809650597375,-0.003671453983620647,0.010726429948426656,0.005192361282245265,0.049399121014831855
lab003,F3,OFF->COLD,11.0,65,18.13230769230769,-0.04111888111888094,0.9654669230769231,0.025592990307857603,0.09084513786454451,0.39185272160011647,0.03266978833170818,-0.023750133124962016,0.010003163646038964,0.0044690949798575725,0.04860334832172944
lab003,F3,OFF->COLD,12.0,65,18.093846153846155,-0.03672942442173156,0.9404369230769231,0.0017626830163019538,0.05852625821393631,0.37108222704351357,0.008839481040152527,-0.029828445920072173,0.008972845383178697,0.0034387767169973063,0.0460270855421146
lab003,F3,OFF->COLD,13.0,65,18.065384615384616,-0.032065626681010866,0.9535084615384616,0.0158103720829832,0.0672039463088292,0.25733157985327365,0.022887170106833776,0.08013888035703287,0.00798608041115956,0.002452011744978171,0.0319180542085225
lab003,F3,OFF->COLD,14.0,65,18.032307692307693,-0.030871436256050582,1.0069784615384614,0.0711291451592955,0.03862295611309274,0.6463945607842614,0.07820594318314607,0.11760962659845636,0.006985687491496462,0.0014516188253150721,0.08017537778678384
lab003,F3,OFF->COLD,15.0,65,18.003846153846155,-0.02365788058095777,1.1463492307692307,0.2134202426288126,0.06372603664725573,1.6691612768107051,0.22049704065266315,0.011635222137675788,0.005930469960467637,0.0003964012942862462,0.20703397595580014
lab003,F3,OFF->COLD,16.0,65,17.99230769230769,-0.00782678859601955,1.055350769230769,0.12502741991327151,0.05248130535319062,1.0027190768008925,0.1321042179371221,-0.12957579775603115,0.004847670257302667,-0.0006863984088787238,0.12437199455853483
lab003,F3,OFF->COLD,17.0,65,17.986923076923077,-0.005535233996772166,1.0129184615384617,0.0791604966945193,0.04954525242541963,0.6911790803832453,0.08623729471836987,-0.032396880836940554,0.0037346890262822444,-0.001799379639899146,0.085730213788949
lab003,F3,OFF->COLD,18.0,65,17.97923076923077,-0.01928456159225417,0.8593507692307691,-0.07422241112819417,0.01585153041830223,0.5313835256015841,-0.0671456131043436,0.08350142097663567,0.002603583252951704,-0.0029304854132296866,0.06591001456307034
lab003,F3,OFF->COLD,19.0,65,17.964615384615385,-0.006858526089295225,1.01172,0.07355102800234775,0.016828217646162158,0.8763269076059387,0.08062782602619833,-0.12114533799520752,0.0013368683882944781,-0.004197200277886913,0.10869497539828442
lab003,F3,OFF->COLD,20.0,65,17.95076923076923,-0.014895104895104958,1.0330646153846152,0.09681862751252891,0.02578244987397127,1.00524652886889,0.1038954255363795,0.7139477656784354,0.0001502247066268857,-0.005383843959554505,0.12468548640497587
lab003,F3,OFF->COLD,21.0,65,17.941538461538464,-0.00837547068316351,1.1116376923076923,0.17691300127140455,-0.011514965759428675,1.7283670124920458,0.18398979929525514,-0.7980498735703299,-0.0009482030298230906,-0.006482271696004481,0.21437754366719405
lab003,F3,OFF->COLD,22.0,65,17.936153846153843,-0.007261968800429649,0.9119084615384616,-0.021395124549525555,0.007023000135568114,0.2870747475567005,-0.014318326525674979,0.14622284941061775,-0.0020282314383640136,-0.007562300104545404,0.03560724012045936
lab003,F3,OFF->COLD,23.0,65,17.92153846153846,-0.01123184507799817,0.9048038461538461,-0.027066765399020958,0.022857034392577913,0.2504555321271769,-0.019989967375170378,0.009208457548001524,-0.002939250061549357,-0.008473318727730748,0.031065185453793363
lab003,F3,OFF->COLD,24.0,65,17.923076923076923,0.002549757934373585,0.9486230769230769,0.018150281897145227,0.038727674084363395,0.23452611733357834,0.02522707992099581,0.019991219149545006,-0.003941951374808324,-0.009476020040989715,0.02908938471770795
lab003,F3,OFF->COLD,25.0,65,17.924615384615382,-0.0031629908552993414,0.9645569230769231,0.03587871641899564,0.07189004546800692,0.21107445616695597,0.04295551444284622,0.006796630984501535,-0.004787140849340698,-0.010321209515522088,0.0261805641492299
lab003,F3,OFF->COLD,26.0,65,17.916923076923077,0.0008552985476063449,0.9513338461538462,0.025219955814017057,0.0528648255281301,0.21740293823859483,0.032296753837867634,-0.024536840648727257,-0.0057110011735013845,-0.011245069839682775,0.02696551574333819
lab003,F3,OFF->COLD,27.0,65,17.914615384615384,0.005599784830553963,0.9368099999999999,0.014274859228562956,0.04321383925340894,0.2334546251388047,0.02135165725241353,0.03421674116578448,-0.00648411595987723,-0.01201818462605862,0.028956482467714793
lab003,F3,OFF->COLD,28.0,65,17.913846153846155,-0.002549757934372766,1.1991730769230768,0.27988420515891305,0.011890753159947587,2.301688054374459,0.2869610031827637,0.27848791408670465,-0.0072269762551345155,-0.012761044921315905,0.28548926693148763
lab003,F3,OFF->COLD,29.0,65,17.920769230769228,-0.0002904787520172647,1.016276153846154,0.10073197201787658,-0.01682182673692223,0.9209131977137823,0.10780877004172716,-0.1252453518946037,-0.007848250507464594,-0.013382319173645985,0.11422522405812825
lab003,F3,OFF->COLD,30.0,65,17.912307692307692,0.0019365250134473382,0.9546923076923077,0.0426392768762773,0.014755550395779693,0.4493851777529199,0.04971607490012787,-0.21487619446905445,-0.008289245912665742,-0.013823314578847133,0.05573937125090769
lab003,F3,OFF->HOT,-30.0,1,18.1,-0.023076923076917666,2.0207,-0.6015513460787005,-0.6015513460787005,,1.5945757411848862,-0.05990789419678999,0.07830608668209127,0.10054284007363741,
lab003,F3,OFF->HOT,-29.0,1,18.2,0.06083916083916208,1.9756,-0.7031361138182586,-0.7031361138182586,,1.4929909734453282,0.0013385140789708982,0.08470256043102786,0.106939313822574,
lab003,F3,OFF->HOT,-28.0,1,18.1,-0.014685314685316087,2.0789,-0.6543204167929977,-0.6543204167929977,,1.541806670470589,-0.08482335776778493,0.08765053678622592,0.10988729017777206,
lab003,F3,OFF->HOT,-27.0,1,18.2,-0.023076923076928324,2.0127,-0.7730011060226594,-0.7730011060226594,,1.4231259812409274,-0.04328369802291898,0.09320117822119478,0.11543793161274092,
lab003,F3,OFF->HOT,-26.0,1,18.2,0.0,1.9624,-0.8737156528948755,-0.8737156528948755,,1.3224114343687112,-0.0021606064231938227,0.09820845683895119,0.12044521023049733,
lab003,F3,OFF->HOT,-25.0,1,18.2,0.0,2.116,-0.7680564519444291,-0.7680564519444291,,1.4280706353191577,-0.11345341643396722,0.1026282007741357,0.12486495416568184,
lab003,F3,OFF->HOT,-24.0,1,18.2,0.018881118881122205,1.9677,-0.9639092943751659,-0.9639092943751659,,1.2322177928884208,-0.027626274887921687,0.10627403884703113,0.12851079223857725,
lab003,F3,OFF->HOT,-23.0,1,18.3,0.09440559440560037,2.2458,-0.7344641811507251,-0.7344641811507251,,1.4616629061128616,-0.04028853182389913,0.10912741754297905,0.13136417093452518,
lab003,F3,OFF->HOT,-22.0,1,18.3,0.0,2.0101,-1.018060087145853,-1.018060087145853,,1.1780670001177338,0.03999428332736299,0.11118474922507193,0.13342150261661806,
lab003,F3,OFF->HOT,-21.0,1,18.3,0.04405594405594826,2.0313,-1.0425638458652111,-1.0425638458652111,,1.1535632413983756,-0.13214834761176486,0.10970928826555881,0.13194604165710494,
lab003,F3,OFF->HOT,-20.0,1,18.4,0.06923076923076366,1.9783,-1.1379753951712681,-1.1379753951712681,,1.0581516920923186,0.10419236168088797,0.11006748594218574,0.13230423933373187,
lab003,F3,OFF->HOT,-19.0,1,18.4,0.0,1.9465,-1.2093636797463136,-1.2093636797463136,,0.9867634075172731,-0.0835159820013005,0.10952762643814862,0.13176437982969474,
lab003,F3,OFF->HOT,-18.0,1,18.4,0.0,1.9227,-1.2712006329989054,-1.2712006329989054,,0.9249264542646813,-0.027235348451341013,0.10796704579970484,0.13020379919125097,
lab003,F3,OFF->HOT,-17.0,1,18.4,0.0,2.0021,-1.2284254964938741,-1.2284254964938741,,0.9677015907697126,0.0036516059616249485,0.10534741042066931,0.12758416381221543,
lab003,F3,OFF->HOT,-16.0,1,18.4,0.0,1.8353,-1.4305993609390069,-1.4305993609390069,,0.7655277263245799,-0.1987587814470173,0.10174190320452836,0.1239786565960745,
lab003,F3,OFF->HOT,-15.0,1,18.4,0.0,1.8538,-1.446192520984461,-1.446192520984461,,0.7499345662791257,-0.07391277353100012,0.09695631321614351,0.11919306660768965,
lab003,F3,OFF->HOT,-14.0,1,18.4,0.09440559440560037,1.8061,-1.5267538439564297,-1.5267538439564297,,0.6693732433071571,-0.12457800371332552,0.08877501168420432,0.11101176507575046,
lab003,F3,OFF->HOT,-13.0,1,18.5,0.018881118881111547,1.8458999999999999,-1.5157390600087215,-1.5157390600087215,,0.6803880272548652,-1.092291395785885,0.08178578245732027,0.10402253584886641,
lab003,F3,OFF->HOT,-12.0,1,18.5,0.0,0.58,-2.8096158882885334,-2.8096158882885334,,-0.6134888010249466,0.138633745475488,0.0735788553276504,0.09581560871919655,
lab003,F3,OFF->HOT,-11.0,1,18.5,-0.0776223776223759,1.1864,-2.2295547788490744,-2.2295547788490744,,-0.03342769158548764,0.25692051895776924,0.06405330423341149,0.08629005762495763,
lab003,F3,OFF->HOT,-10.0,1,18.4,-0.05244755244754984,1.3321,-2.1106987397875274,-2.1106987397875274,,0.08542834747605932,0.13880907522509212,0.05311658407891051,0.07535333747045665,
lab003,F3,OFF->HOT,-9.0,1,18.4,-0.09440559440558971,1.2844,-2.1851238545927956,-2.1851238545927956,,0.011003232670791174,0.21949000564913623,0.040662780480476446,0.06289953387202259,
lab003,F3,OFF->HOT,-8.0,1,18.3,-0.13426573426573185,1.3824,-2.1207521279706256,-2.1207521279706256,,0.07537495929296112,-0.08831682245850248,0.026695009614685627,0.04893176300623177,
lab003,F3,OFF->HOT,-7.0,1,18.1,-0.10909090909091645,1.34,-2.1939985333610714,-2.1939985333610714,,0.0021285539025153177,-0.06326157811127509,0.00971951700162954,0.03195627039317568,
lab003,F3,OFF->HOT,-6.0,1,18.1,-0.030419580419575706,1.2685,-2.2911536549049183,-2.2911536549049183,,-0.09502656764133155,-0.16698522263122095,-0.007256213158153946,0.014980540233392192,
lab003,F3,OFF->HOT,-5.0,1,18.1,-0.1468531468531502,1.3811,-2.1992896132909596,-2.1992896132909596,,-0.0031625260273728806,-0.03139457968252035,-0.025723056954845003,-0.0034863035632988655,
lab003,F3,OFF->HOT,-4.0,1,17.9,-0.0965034965034981,1.3162,-2.2844898928327524,-2.2844898928327524,,-0.08836280556916565,0.016842607783823293,-0.04586842964691251,-0.023631676255366375,
lab003,F3,OFF->HOT,-3.0,1,17.9,0.0,1.4883,-2.1299444402633414,-2.1299444402633414,,0.06618264700024534,-0.022890245572078083,-0.06754129352015692,-0.04530454012861078,
lab003,F3,OFF->HOT,-2.0,1,17.9,-0.10489510489509968,1.3824,-2.2488894082261206,-2.2488894082261206,,-0.05276232096253386,-0.10880113561011662,-0.09073063912599455,-0.06849388573444841,
lab003,F3,OFF->HOT,-1.0,1,17.7,-0.18461538461538396,1.44465,-2.196930607405757,-2.196930607405757,,-0.000803520142170111,-0.40266568554690196,-0.11544179268510057,-0.09320503929355443,
lab003,F3,OFF->HOT,0.0,1,17.5,-0.23916083916083156,11.4857,7.8344549475123415,7.8344549475123415,,10.030582034775929,5.283821144006309,-0.14215146305897264,-0.1199147096674265,
lab003,F3,OFF->HOT,1.0,1,17.5,0.3209790209790242,14.8358,11.173300876954183,11.173300876954183,,13.36942796421777,3.3423148365159534,-0.16953447896919704,-0.14729772557765092,
lab003,F3,OFF->HOT,2.0,1,18.0,0.6251748251748133,0.0,-3.670861128999749,-3.670861128999749,,-1.4747340417361623,-9.116661961416805,-0.1969616485091794,-0.17472489511763328,
lab003,F3,OFF->HOT,3.0,1,18.6,0.5685314685314573,0.0,-3.676872718582754,-3.676872718582754,,-1.4807456313191674,-4.042282997630224,-0.22340373762612353,-0.2011669842345774,
lab003,F3,OFF->HOT,4.0,1,19.0,0.006293706293703849,0.0,-3.6809913929310856,-3.6809913929310856,,-1.4848643056674988,-7.104676655322024,-0.24810853355330464,-0.22587178016175852,
lab003,F3,OFF->HOT,5.0,1,18.9,-0.06713286713286593,19.6107,15.926321653752945,15.926321653752945,,18.12244874101653,9.917480402783324,-0.2710847873265365,-0.2488480339349904,
lab003,F3,OFF->HOT,6.0,1,18.7,-0.20769230769231228,5.5694,1.8808337704335067,1.8808337704335067,,4.0769608576970935,27.0186571284106,-0.2922651460411583,-0.27002839264961215,
lab003,F3,OFF->HOT,7.0,1,18.6,0.0020979020979083884,43.0548,39.3642952086131,39.3642952086131,,41.560422295876684,-21.639479023425494,-0.3121684769490818,-0.28993172355753566,
lab003,F3,OFF->HOT,8.0,1,18.5,-0.16363636363636402,4.1525,0.4620585075456245,0.4620585075456245,,2.6581855948092112,-13.137112918410097,-0.32790466980231203,-0.3056679164107659,
lab003,F3,OFF->HOT,9.0,1,18.4,-0.029370629370632173,3.6811,-0.008557434497891592,-0.008557434497891592,,2.187569652765695,-0.6868266905548697,-0.33638325854865236,-0.31414650515710624,
lab003,F3,OFF->HOT,10.0,1,18.4,0.0,3.5196,-0.16447536712826816,-0.16447536712826816,,2.0316517201353186,-0.0224932663825409,-0.339113027285725,-0.3168762738941789,
lab003,F3,OFF->HOT,11.0,1,18.4,0.0,3.4428,-0.23263068948003607,-0.23263068948003607,,1.9634963977835507,-0.12039267152385347,-0.33682510826616285,-0.3145883548746167,
lab003,F3,OFF->HOT,12.0,1,18.4,-0.09440559440558971,3.1594,-0.5045290711307229,-0.5045290711307229,,1.6915980161328639,-0.2984983644074394,-0.32970520456737784,-0.3074684511758317,
lab003,F3,OFF->HOT,13.0,1,18.3,-0.11328671328671192,3.0244,-0.6276497854974719,-0.6276497854974719,,1.5684773017661149,-0.3063293466457624,-0.3183963249464785,-0.2961595715549324,
lab003,F3,OFF->HOT,14.0,1,18.2,-0.018881118881122205,2.7436,-0.8969040284518712,-0.8969040284518712,,1.2992230588117155,-0.06701396908953072,-0.3034590009367286,-0.2812222475451825,
lab003,F3,OFF->HOT,15.0,1,18.2,-0.0776223776223759,2.7278,-0.8992122128050988,-0.8992122128050988,,1.296914874458488,-0.10485628406006509,-0.2941445749111882,-0.27190782151964205,
lab003,F3,OFF->HOT,16.0,1,18.1,-0.05244755244753918,2.6774,-0.9356498712767691,-0.9356498712767691,,1.2604772159868176,-0.005015997524437266,-0.2736042863567292,-0.25136753296518305,
lab003,F3,OFF->HOT,17.0,1,18.1,0.0,2.4417,-1.157887389234427,-1.157887389234427,,1.0382396980291597,-0.08942293626408349,-0.2506886513687916,-0.22845189797724547,
lab003,F3,OFF->HOT,18.0,1,18.1,-0.07132867132867204,2.3649,-1.220009772791565,-1.220009772791565,,0.9761173144720217,-0.009537022875188539,-0.22571898402209856,-0.20348223063055243,
lab003,F3,OFF->HOT,19.0,1,18.0,-0.04405594405594826,2.2643,-1.3037339397472536,-1.3037339397472536,,0.8923931475163331,-0.0011815608355238982,-0.19917152636186408,-0.17693477297031796,
lab003,F3,OFF->HOT,20.0,1,18.0,0.05664335664335596,2.2564,-1.2906115526303767,-1.2906115526303767,,0.90551553463321,-0.059189042179200735,-0.17129461379890687,-0.14905786040736074,
lab003,F3,OFF->HOT,21.0,1,17.9,-0.09440559440558971,2.1822,-1.3427907696416335,-1.3427907696416335,,0.8533363176219533,-0.09542508778723047,-0.14274700056632783,-0.12051024717478169,
lab003,F3,OFF->HOT,22.0,1,17.9,0.0,2.206,-1.2946909633795016,-1.2946909633795016,,0.9014361238840851,-0.011667292294264886,-0.12397905207779747,-0.10174229868625133,
lab003,F3,OFF->HOT,23.0,1,17.9,0.0,2.0233,-1.4517613052919702,-1.4517613052919702,,0.7443657819716165,0.003509768604899932,-0.09474045872423398,-0.07250370533268784,
lab003,F3,OFF->HOT,24.0,1,17.9,0.0,2.2325,-1.2132540179917282,-1.2132540179917282,,0.9828730692718586,0.2028612908837073,-0.06558158076700105,-0.043344827375454906,
lab003,F3,OFF->HOT,25.0,1,17.9,0.0,2.2325,-1.1815497153855938,-1.1815497153855938,,1.014577371877993,0.05763145801687708,-0.036729022656602606,-0.014492269265056468,
lab003,F3,OFF->HOT,26.0,1,17.9,0.0,2.2325,-1.1480138748871482,-1.1480138748871482,,1.0481132123764385,-0.0015683959742254228,-0.00844664947977014,0.013790103911775996,
lab003,F3,OFF->HOT,27.0,1,17.9,0.04195804195805053,2.4815,-0.8639451891273806,-0.8639451891273806,,1.3321818981362061,0.21564377064130735,0.019108530417605518,0.04134528380915166,
lab003,F3,OFF->HOT,28.0,1,17.9,-0.006293706293703849,2.3014,-1.0053049196712474,-1.0053049196712474,,1.1908221675923394,0.024745890864430464,0.045577453792460254,0.0678142071840064,
lab003,F3,OFF->HOT,29.0,1,17.9,0.0776223776223759,2.5847,-0.6798851713721543,-0.6798851713721543,,1.5162419158914324,0.20193300338542997,0.06200949057331817,0.08424624396486431,
lab003,F3,OFF->HOT,30.0,1,18.0,-0.023076923076928324,2.4285,-0.7917670994808561,-0.7917670994808561,,1.4043599877827306,0.10601647661164004,0.08645381992101919,0.10869057331256533,
lab004,F1,COLD->OFF,-30.0,261,18.909386973180077,-0.0260027328992848,4.536122988505747,-0.6989015178923914,-0.0010165991440414185,3.53706288243349,-1.256093935737102,0.08287238286167233,-0.013758976200651758,-0.0042277091049326525,0.2189386960356616
lab004,F1,COLD->OFF,-29.0,261,18.88256704980843,-0.03626316212523112,4.627877777777778,-0.6080860732872995,-0.0010367155699263397,3.1049677808280425,-1.16527849113201,0.16382059206202237,-0.015400186025982652,-0.005868918930263545,0.19219268069657122
lab004,F1,COLD->OFF,-28.0,261,18.84137931034483,-0.036026042922594044,4.651155268199234,-0.5801964507084184,-0.001103841977285129,2.579316451767866,-1.1373888685531288,0.007231429140254817,-0.016750504595299094,-0.0072192374995799875,0.15965568025888915
lab004,F1,COLD->OFF,-27.0,261,18.809961685823755,-0.025399887468852987,4.797573754789273,-0.4270411257441245,-0.0010936614469146532,2.5781270031821792,-0.984233543588835,0.06300793560087284,-0.01821041167096499,-0.008679144575245885,0.15958205523976804
lab004,F1,COLD->OFF,-26.0,261,18.789463601532567,-0.024507676231814594,4.82073295019157,-0.3945147773969599,-0.0010682744748854636,2.524439867353553,-0.9517071952416702,0.2484420091141853,-0.019606810741725194,-0.010075543646006088,0.1562589049586167
lab004,F1,COLD->OFF,-25.0,261,18.76858237547893,-0.012884816333091628,5.051858620689655,-0.15187491068189948,-0.0007029293173586429,2.646048831912505,-0.7090673285266098,0.377284941580857,-0.02122465594009409,-0.01169338884437498,0.1637863108916619
lab004,F1,COLD->OFF,-24.0,261,18.75574712643678,-0.004022988505747306,5.643111302681993,0.4475355292963655,0.0007996212821245711,2.752659278559374,-0.1096568885483449,0.5415532336373519,-0.02292800019157659,-0.013396733095857481,0.1703853318727609
lab004,F1,COLD->OFF,-23.0,261,18.76800766283525,0.02497789566755076,6.275749137931034,1.0898535275488686,0.13952729986055523,3.2535065773750746,0.5326611097041581,0.4871743103288534,-0.02483937313392401,-0.015308106038204901,0.20138700138230903
lab004,F1,COLD->OFF,-22.0,261,18.805172413793102,0.04901937143316468,6.4938969348659,1.3184193064318552,0.2530299317828755,3.3318851516362993,0.7612268885871448,-0.05339155153527782,-0.026444371699708237,-0.016913104603989128,0.20623851333340013
lab004,F1,COLD->OFF,-21.0,261,18.858045977011493,0.061622859898722,6.402903065134099,1.23184287028482,0.4733358822277798,3.1541802322303676,0.6746504524401097,-0.28022876600513585,-0.02779748229733109,-0.018266215201611983,0.19523885496513005
lab004,F1,COLD->OFF,-20.0,261,18.918965517241382,0.05390241941966039,6.25932183908046,1.0887999413745506,0.38131927516998054,3.293194393774471,0.5316075235298403,-0.11983783837762985,-0.02908789825200527,-0.01955663115628616,0.20384361554490726
lab004,F1,COLD->OFF,-19.0,261,18.973946360153256,0.05680411542480459,6.063288218390805,0.8897809265582316,0.39445533995713067,2.431422990061072,0.3325885087135213,-0.10859300295387904,-0.030012064913906168,-0.020480797818187062,0.15050130479694981
lab004,F1,COLD->OFF,-18.0,261,19.023180076628353,0.042311711277228554,5.612196168582376,0.43445513953325304,0.23605502907603615,2.5302482961341974,-0.12273727831145725,-0.7286732369278962,-0.030270388522918853,-0.020739121427199747,0.15661843767418304
lab004,F1,COLD->OFF,-17.0,261,19.057088122605364,0.021899365002813646,4.94121724137931,-0.24036573530634936,0.03001109298755566,2.9605582919609557,-0.7975581531510597,-0.5716465270681408,-0.030292405543902064,-0.020761138448182958,0.18325395773952158
lab004,F1,COLD->OFF,-16.0,261,19.06226053639847,-0.019307129651956818,4.427888314176245,-0.7610140272709894,-0.0004216921418615995,2.852011513832141,-1.3182064451156998,-0.477811879818944,-0.029476108816048157,-0.019944841720329048,0.17653508084863503
lab004,F1,COLD->OFF,-15.0,261,19.02624521072797,-0.043674141950004505,4.269027203065135,-0.9282427509248578,-0.0011603711359762436,2.7035853812135446,-1.4854351687695682,0.2744755807141616,-0.028280111501375677,-0.018748844405656568,0.1673477338849943
lab004,F1,COLD->OFF,-14.0,261,18.971455938697318,-0.05787316132143704,4.721001532567049,-0.4804267699405117,-0.0007100861918849009,2.220588655148107,-1.037619187785222,0.37181110716050464,-0.026795927919270747,-0.01726466082355164,0.13745098708995088
lab004,F1,COLD->OFF,-13.0,261,18.915708812260537,-0.04983120327947959,4.915632375478927,-0.2864406061086773,-0.001121252828067868,1.9890470338612087,-0.8436330239533876,0.10581129583055739,-0.02544777653625496,-0.015916509440535853,0.12311892053430637
lab004,F1,COLD->OFF,-12.0,261,18.87911877394636,-0.03529057149746769,4.9740070881226055,-0.22638667640410207,-0.001112192231597944,2.104901608873516,-0.7835790942488124,0.05367148296218434,-0.023912939055400966,-0.014381671959681857,0.13029013869639605
lab004,F1,COLD->OFF,-11.0,261,18.845977011494252,-0.03448275862068961,5.016931513409961,-0.1796957559936859,-0.0005582964151582691,2.3552967069085575,-0.7368881738383962,0.03490273511091766,-0.022289685515504785,-0.012758418419785674,0.1457892061655604
lab004,F1,COLD->OFF,-10.0,261,18.81704980842912,-0.023217587010690655,5.28609224137931,0.09429977156637818,-8.051282115785499e-05,2.6349125141016394,-0.4628926462783322,0.6536366108951548,-0.020432289595592443,-0.010901022499873332,0.16309699012434997
lab004,F1,COLD->OFF,-9.0,261,18.811302681992338,0.006132947512257707,6.311802873563218,1.124666527105315,0.1258514952096335,3.5702059220983484,0.5674741092606047,0.8701377532098176,-0.018739775081144976,-0.009208507985425865,0.2209901986885887
lab004,F1,COLD->OFF,-8.0,261,18.83256704980843,0.040177638453500246,6.796614176245211,1.614340214265497,0.699074097658567,3.1324683215088434,1.0571477964207867,0.33855382755935787,-0.016818915031528343,-0.0072876479358092335,0.19389492143049558
lab004,F1,COLD->OFF,-7.0,261,18.8955938697318,0.08002170243549536,6.720790996168582,1.5426072090784095,0.7376566548927639,2.828881233299822,0.9854147912336995,-0.40132950649201565,-0.014960400657835786,-0.005429133562116676,0.17510335242677535
lab004,F1,COLD->OFF,-6.0,261,18.98141762452107,0.08460332770677578,6.362102681992337,1.1868295105404056,0.8261115285897436,2.731315084330065,0.6296370926956953,-0.2809089337243796,-0.012994979344547786,-0.0034637122488286776,0.16906415941758482
lab004,F1,COLD->OFF,-5.0,261,19.06455938697318,0.08252953942609156,6.134567049808429,0.9602175092082806,0.7055254223027148,2.3199971599982057,0.4030250913635702,-0.14770362125944791,-0.009849673310989423,-0.0003184062152703138,0.14360421906522225
lab004,F1,COLD->OFF,-4.0,261,19.14501915708812,0.0761956434370225,5.995978735632184,0.8229263097612739,0.6731037322027644,2.516338982598197,0.2657338919165635,-0.21258012992588426,-0.00677912784512135,0.0027521392505977594,0.15575747278055696
lab004,F1,COLD->OFF,-3.0,261,19.214750957854406,0.06931114862149358,5.7497599616858235,0.5771510585496074,0.4349098954939805,1.7173728763079754,0.019958640704896984,-0.25881477091587574,-0.002892212474305662,0.006639054621413447,0.1063027123473686
lab004,F1,COLD->OFF,-2.0,261,19.28065134099617,0.040028936580661055,4.667141475095786,-0.5035542967028775,0.0,2.794833622884743,-1.060746714547588,-1.9412775438755199,0.0015612158021835144,0.011092482897902623,0.17299585825005914
lab004,F1,COLD->OFF,-1.0,261,19.29310344827586,-0.0019090105296996204,3.3183197318007664,-1.8475596349251864,-0.3663658296702461,3.073141564676553,-2.4047520527698967,-0.4090641476835754,0.006593486581691171,0.016124753677410283,0.19022268737285564
lab004,F1,COLD->OFF,0.0,261,19.207854406130267,-0.10860863274656414,3.2528201149425287,-1.9070471604189343,-1.1941774671821157,2.6341455207751756,-2.4642395782636446,0.15937386848571425,0.011691062013211276,0.021222329108930384,0.16304951442930424
lab004,F1,COLD->OFF,1.0,261,19.12049808429119,-0.09226750261232974,3.618418103448276,-1.5326714172079572,-1.4320574809880968,1.8704673830972194,-2.0898638350526677,0.5310846875366906,0.01697665355494013,0.026507920650659236,0.11577902441779447
lab004,F1,COLD->OFF,2.0,261,19.019348659003832,-0.10769230769230727,3.856322988505747,-1.2846819210578364,-1.126790793595963,1.9653060014350292,-1.8418743389025467,-0.1873532242692647,0.0218945463286917,0.0314258134244108,0.12164938751928912
lab004,F1,COLD->OFF,3.0,261,18.918199233716475,-0.09670444498030593,3.66058122605364,-1.4678542126364376,-1.243715867469735,1.6734294054034984,-2.025046630481148,-0.1300161383401818,0.02681273961495822,0.03634400671067733,0.10358267978394183
lab004,F1,COLD->OFF,4.0,261,18.817432950191574,-0.09956595129008877,3.5816446360153256,-1.5330290902765678,-1.5724493761734677,1.6538070147445334,-2.0902215081212785,0.019429697203060863,0.031122626538569453,0.040653893634288556,0.10236808429418892
lab004,F1,COLD->OFF,5.0,261,18.718773946360155,-0.08394421670283779,3.733831992337165,-1.3677677234418193,-1.3010428972629384,1.8023419979939013,-1.9249601412865294,0.5022191167418829,0.0350053742940529,0.044536641389772,0.11156216894272696
lab004,F1,COLD->OFF,6.0,261,18.65344827586207,-0.04558315247970421,4.745418007662836,-0.34392873385480266,-0.5228956334845174,2.771677959900402,-0.901121151699513,1.3176137214576562,0.03780334027678114,0.04733460737250024,0.17156255869386214
lab004,F1,COLD->OFF,7.0,261,18.627394636015325,-0.013142030383409163,5.838625,0.7601207527438391,-0.020809368803517414,3.402239108001487,0.20292833489912862,0.4466996667553401,0.039939177576911934,0.04947044467263104,0.21059331390650918
lab004,F1,COLD->OFF,8.0,261,18.63927203065134,0.03459930873724004,5.687624521072797,0.6155291874714558,-0.0011785243065596121,2.975686065654281,0.05833676962674552,-0.36189026266289626,0.04155949526642217,0.05109076236214128,0.18419034342347093
lab004,F1,COLD->OFF,9.0,261,18.686781609195403,0.050747528333735,5.481213984674329,0.40929244995477176,-0.0011603711359762436,2.803371909468104,-0.1478999678899386,0.04312251895771404,0.04259798310953359,0.0521292502052527,0.17352436492157577
lab004,F1,COLD->OFF,10.0,261,18.73735632183908,0.05090828711518322,5.525844827586207,0.45157580178941126,-0.0011380724074113802,3.424945295533422,-0.1056166160552991,0.03146826995688786,0.04327685808960794,0.05280812518532705,0.21199879163066057
lab004,F1,COLD->OFF,11.0,261,18.78544061302682,0.048882726468933095,5.683353927203066,0.6064219988310012,-0.001103841977285129,3.9835885521263497,0.04922958098629094,-0.08971280082232291,0.04340324468580366,0.05293451178152276,0.24657794111511167
lab004,F1,COLD->OFF,12.0,261,18.830268199233714,0.03700265251989402,5.359930459770115,0.279437690409647,-0.015237633948370966,4.143891503873244,-0.27775472743506335,-0.5389405103950698,0.04318550478782305,0.05271677188354216,0.256500444726918
lab004,F1,COLD->OFF,13.0,261,18.859578544061304,0.01926292098705865,4.859686590038313,-0.22044012311291675,-0.10339957031083104,4.638266302420351,-0.7776325409576271,-0.7091815075918191,0.04275016966483036,0.05228143676054947,0.28710147652772366
lab004,F1,COLD->OFF,14.0,261,18.86685823754789,-0.01802909733944249,4.177646360153257,-0.9004214199396579,-0.3337033279859636,4.954749240160355,-1.4576138377843681,-0.3147715456329819,0.042382878867144404,0.05191414596286351,0.3066912785780227
lab004,F1,COLD->OFF,15.0,261,18.835440613026822,-0.036158668917289735,4.288049712643678,-0.7870583483970499,-0.3288904389803619,4.104699571359385,-1.3442507662417602,0.3548701203804479,0.04169506258862264,0.05122632968434175,0.25407452500626027
lab004,F1,COLD->OFF,16.0,261,18.797892720306514,-0.04177718832891237,4.589231609195402,-0.47778120906749877,-0.29625231939103924,3.626590221610764,-1.0349736269122092,0.05552456772803868,0.04062370044426493,0.050154967539984045,0.22448029921053347
lab004,F1,COLD->OFF,17.0,261,18.759961685823757,-0.041620448516999836,4.651924329501916,-0.4023935325055376,-0.31886660821995944,3.6319246045792877,-0.959585950350248,0.048014000226129096,0.039009527045722844,0.048540794141441954,0.22481048922696875
lab004,F1,COLD->OFF,18.0,261,18.713409961685823,-0.048444658789486096,4.684361877394636,-0.3578910055617469,-0.26299164070966163,3.7411296146665887,-0.9150834234064572,0.005450575209535077,0.03725837111581909,0.046789638211538205,0.231570109653232
lab004,F1,COLD->OFF,19.0,261,18.67088122605364,-0.036086327465637516,4.84049214559387,-0.19147714760660994,-0.24532978604427136,3.310245635645238,-0.7486695654513202,0.30680074022901577,0.03507691998139634,0.044608187077115447,0.20489906092008417
lab004,F1,COLD->OFF,20.0,261,18.636781609195403,-0.03236878064464295,4.98587337164751,-0.0354860290613035,-0.17035100301919925,2.8518020575076406,-0.5926784469060139,0.35892184962462875,0.03254461384552254,0.04207588094124166,0.17652211582763122
lab004,F1,COLD->OFF,21.0,261,18.61743295019157,-0.0022385660316692093,5.599468965517241,0.5891077877642437,-0.0018063972440208326,3.263270549193474,0.03191536991953327,0.8048588023377798,0.02974214082517609,0.039273407920895204,0.20199137606523201
lab004,F1,COLD->OFF,22.0,261,18.62624521072797,0.025552608311228523,6.037156896551724,1.0375463329414727,0.00010842699953740968,2.8127418152857455,0.4803539150967623,0.12246518483364234,0.02667900262512919,0.0362102697208483,0.1741043475314071
lab004,F1,COLD->OFF,23.0,261,18.662835249042146,0.04616188409291889,6.144160727969349,1.1522666406089135,0.06697150653858858,2.7666707699556587,0.595074222764203,0.035684353207239616,0.02311166168033546,0.03264292877605457,0.1712526214171602
lab004,F1,COLD->OFF,24.0,261,18.71245210727969,0.06126919057953462,6.059593486590039,1.0736122297978483,0.05818625702017055,2.8839419489162847,0.5164198119531378,-0.20791450259711916,0.019947953943830157,0.02947922103954927,0.17851152516233187
lab004,F1,COLD->OFF,25.0,261,18.77471264367816,0.057575757575757606,5.748606704980843,0.7641450141375037,0.004949473899237,2.6723298948429086,0.20695259629279333,-0.06429441314052602,0.016918534659230093,0.026449801754949206,0.16541306784783313
lab004,F1,COLD->OFF,26.0,261,18.83065134099617,0.05688851378506523,5.661544252873564,0.6751689849760328,0.0025884585959764506,2.7930355959225106,0.1179765671313225,-0.29899601222833816,0.013749141768120997,0.02328040886384011,0.17288456317512474
lab004,F1,COLD->OFF,27.0,261,18.87681992337165,0.03159713849368973,5.0884567049808425,0.09916352696103928,-1.1380730549524623e-06,2.89927249615777,-0.4580288908836711,-0.6226590202515999,0.011350379003370567,0.020881646099089678,0.17946046221381415
lab004,F1,COLD->OFF,28.0,261,18.898850574712647,0.008278503106089529,4.561375670498085,-0.4284423621352057,-0.0007033667709777161,2.9133895183811283,-0.985634779979916,-0.6182639284113005,0.009027191848096576,0.018558458943815685,0.18033428395242065
lab004,F1,COLD->OFF,29.0,261,18.89080459770115,-0.02084582084582077,4.021964559386973,-0.9650877306185711,-0.0019338503931641115,2.7158396451809232,-1.5222801484632815,-0.2856101048428686,0.0069767362694049965,0.01650800336512411,0.16810625378217203
lab004,F1,COLD->OFF,30.0,260,18.873269230769232,-0.04226465841850453,4.026021153846154,-0.9742240722613382,-0.005831975402682742,2.4077008647098417,-1.533493082312186,0.28262180290005284,0.004754853228254307,0.01413781233488086,0.14931926886224647
lab004,F1,HOT->OFF,-30.0,119,20.40420168067227,0.0736293118646058,6.868864285714286,2.0166303024987435,1.755232306674988,3.0295565368879225,3.0666579545489525,0.03649209463807382,0.007359480511033305,0.008214437470725238,0.27771899240271514
lab004,F1,HOT->OFF,-29.0,119,20.491596638655462,0.09638009049773717,6.71969537815126,1.8764779335649124,1.7470830362355017,3.018397485413413,2.926505585615121,0.14658651203218265,0.006384226374145647,0.00723918333383758,0.2766960438312208
lab004,F1,HOT->OFF,-28.0,119,20.605882352941176,0.11617793970735071,6.674629411764705,1.832171926856877,1.798380415392086,2.9052698508077723,2.882199578907086,-0.4122480552155077,0.005459162200257666,0.0063141191599495996,0.26632565056968605
lab004,F1,HOT->OFF,-27.0,119,20.722268907563024,0.10909090909090867,6.265425210084033,1.4185122241286434,1.6891913731312105,2.7947259371811857,2.468539876178852,-0.3070512747833942,0.0048428640267975925,0.005697820986489526,0.2561921066219752
lab004,F1,HOT->OFF,-26.0,119,20.818487394957984,0.09377093494740547,5.466500420168067,0.6097892088304248,1.325168828243517,3.438244893560296,1.6598168608806336,-1.612127831739296,0.004497632194059513,0.005352589153751446,0.3151833926341646
lab004,F1,HOT->OFF,-25.0,119,20.903781512605043,0.052773696891343126,4.29894537815126,-0.5723842090434873,-0.11848308360813402,3.184695554988393,0.4776434430067214,-0.4825719703855553,0.004696137444683327,0.005551094404375261,0.2919405628750285
lab004,F1,HOT->OFF,-24.0,119,20.917226890756304,-0.010753951930422343,3.349210924369748,-1.5420177971644797,-0.5490496791551456,3.0241332738358997,-0.49199014511427097,-1.0547557384688406,0.005410716521983051,0.006265673481674983,0.2772218426938374
lab004,F1,HOT->OFF,-23.0,119,20.880672268907563,-0.07882999353587554,2.592601470588235,-2.3168220677091145,-2.1621203246177627,2.8312827459081547,-1.2667944156589057,-0.2989243963449015,0.006480779686611193,0.007335736646303127,0.25954326378359127
lab004,F1,HOT->OFF,-22.0,119,20.76890756302521,-0.11745607333842621,2.9687531512605045,-1.949793694476665,-1.8114096007192453,2.8885167538401766,-0.899766042426456,0.7018216605771032,0.0075973181184550475,0.008452275078146982,0.2647898966886098
lab004,F1,HOT->OFF,-21.0,119,20.660084033613447,-0.10909090909090875,3.746899159663865,-1.170455578613239,-1.2366353290262473,2.5470711259274568,-0.12042792656303013,0.6091754045508003,0.008340718899033437,0.00919567585872537,0.23348962729616538
lab004,F1,HOT->OFF,-20.0,119,20.5563025210084,-0.09452018569665606,3.8430142857142857,-1.0690602817341948,-1.2385186487651865,2.2105454213274824,-0.019032629683985926,0.0912433665479212,0.008910580339357254,0.009765537299049188,0.20264036653434975
lab004,F1,HOT->OFF,-19.0,119,20.483193277310924,-0.07009461127108102,4.030563445378151,-0.8701330270878282,-1.2711290221526226,2.1754373799111044,0.1798946249623806,-0.11512184866088457,0.008979451536505447,0.009834408496197383,0.19942201765434994
lab004,F1,HOT->OFF,-18.0,119,20.415966386554622,-0.05548862901804031,4.348806932773109,-0.536849721858336,-1.0924667193843658,2.384936872783892,0.5131779301918727,1.0093874845544708,0.008657720863249466,0.0095126778229414,0.21862680467881562
lab004,F1,HOT->OFF,-17.0,119,20.380672268907563,-0.01955985191279361,5.243774369747899,0.3714550747509632,-0.24565294082802297,2.9176287355114727,1.421482726801172,1.0433235841365391,0.007818673576525539,0.008673630536217473,0.26745858767296876
lab004,F1,HOT->OFF,-16.0,119,20.38781512605042,0.042134336251983366,6.515163445378151,1.6619813711301445,-0.03984377334293843,3.360986358201068,2.7120090231803533,1.4639140940566846,0.006277973589564011,0.007132930549255945,0.3081011143095241
lab004,F1,HOT->OFF,-15.0,119,20.468907563025212,0.10478051360404328,7.1130386554621845,2.277267892656472,2.6672007297212836,3.163875148010146,3.327295544706681,-0.07753711862764662,0.004564724168635589,0.005419681128327522,0.29003195929658104
lab004,F1,HOT->OFF,-14.0,119,20.58529411764706,0.12679967091731809,6.699090756302522,1.8735585394429055,1.4206486381706709,3.2345006159807856,2.923586191493114,-0.31813012326160384,0.0028971554721806754,0.003752112431872609,0.296506185330641
lab004,F1,HOT->OFF,-13.0,119,20.705462184873948,0.13040488922841817,6.33552731092437,1.512448544001943,1.7078064396437735,2.829601852430594,2.562476196052152,-0.2539295927694139,0.0013434794039670378,0.0021984363636589717,0.2593891765311368
lab004,F1,HOT->OFF,-12.0,119,20.830672268907563,0.11436210847975542,6.1889159663865545,1.363766914399445,1.668581163628816,2.7011309739749136,2.413794566449654,-0.36873680506731404,0.00021217815589310576,0.0010671351155850392,0.2476122704119152
lab004,F1,HOT->OFF,-11.0,119,20.928991596638657,0.09934183463595245,5.531856932773109,0.7000585191841887,1.2870458299815972,2.2456486588273563,1.7500861712343976,-0.8067112901400341,-0.0005371322466981536,0.00031782471299378,0.2058582750400456
lab004,F1,HOT->OFF,-10.0,119,21.015126050420168,0.06305165422812543,3.810657142857143,-1.0297659244247757,-0.25942369810236177,3.2806442752206446,0.02026172762543308,-2.405629695536604,-0.000682217021007761,0.00017273993868417264,0.30073616763789707
lab004,F1,HOT->OFF,-9.0,119,21.02983193277311,-0.041050126344244105,2.205782773109244,-2.6476560067088033,-2.305003691658028,2.8280927844278403,-1.5976283546585945,-1.0841052532353213,-0.00023574811563973504,0.0006192088440521987,0.25925084049413305
lab004,F1,HOT->OFF,-8.0,119,20.939495798319328,-0.11798495622025061,1.6569285714285713,-3.207236291879003,-3.352931526809212,2.3643378524507734,-2.1572086398287946,0.4398452004262686,0.0005324196692802893,0.0013873766289722229,0.21673849558085329
lab004,F1,HOT->OFF,-7.0,119,20.791176470588237,-0.16501145912910614,2.5820357142857144,-2.285102513642995,-2.0811246437774105,2.08372193374167,-1.2350748615927862,0.995558714590122,0.0011935950903974996,0.0020485520500894334,0.1910144764885707
lab004,F1,HOT->OFF,-6.0,119,20.633613445378153,-0.14960333783863183,3.4089846638655463,-1.4557499521948414,-1.338547729970788,1.3335570312367013,-0.40572230014463256,0.4857204267730096,0.001405249143247152,0.002260206102939085,0.12224697262360876
lab004,F1,HOT->OFF,-5.0,119,20.496638655462185,-0.12498383968972054,3.487994117647059,-1.3704269584319426,-1.4293836323812288,1.2940271667137124,-0.32039930638173386,-0.18791540526323772,0.0010162578267875035,0.001871214786479437,0.11862327588401349
lab004,F1,HOT->OFF,-4.0,119,20.373529411764707,-0.1247722865369928,3.3027693277310926,-1.54381037670192,-1.6067195583743623,1.3086616139197038,-0.4937827246517113,-0.18328107900549845,0.00025437198533934243,0.0011093289450312758,0.11996481345987059
lab004,F1,HOT->OFF,-3.0,119,20.25588235294118,-0.1229388258800026,3.308501680672269,-1.5296241540184679,-1.4779540384112066,1.3087448714266503,-0.4795965019682591,0.7656177684820791,-0.0013641684701342172,-0.0005092115104422834,0.119972445663019
lab004,F1,HOT->OFF,-2.0,119,20.161344537815125,-0.05239466415937023,5.230721008403361,0.40206232262615943,-0.3778967573629912,2.8932824052493054,1.4520899746763682,3.209222153051711,-0.003696534391141202,-0.002841577431449268,0.26522676323702066
lab004,F1,HOT->OFF,-1.0,119,20.150420168067228,0.028956337779866243,8.984840756302521,4.1670333348745014,4.817784106508626,2.9710423386838563,5.21706098692471,2.648079546643321,-0.00697279531404821,-0.006117838354356276,0.2723550046478673
lab004,F1,HOT->OFF,0.0,119,20.29621848739496,0.19090027619439537,9.377870168067227,4.568592845147299,4.692618648946386,3.8675558402350476,5.618620497197506,-1.1532014974318257,-0.010663049452776597,-0.00980809249308466,0.3545382625916149
lab004,F1,HOT->OFF,1.0,119,20.4672268907563,0.19632132573308816,7.825543277310924,3.018368936539451,2.578800336823609,3.8083739892618285,4.06839658858966,-1.226817526281298,-0.014182624753520234,-0.013327667793828298,0.3491130712077652
lab004,F1,HOT->OFF,2.0,119,20.668907563025208,0.20589410589410448,7.352436134453781,2.54440725008941,2.3509734400464595,4.034090755367982,3.594434902139619,-0.12244535075259877,-0.01736083436136782,-0.016505877401675886,0.3698044932321231
lab004,F1,HOT->OFF,3.0,119,20.872268907563026,0.19211670682258852,7.018926890756302,2.2074291343287125,1.9935940048160479,3.978190253094124,3.2574567863789214,-0.3320485772184387,-0.019780796316404343,-0.01892583935671241,0.3646801025903663
lab004,F1,HOT->OFF,4.0,119,21.044957983193278,0.1444026561673611,6.1875752100840336,1.3710107376333398,1.3947409067131895,4.553026841246143,2.421038389683549,-1.402272885153321,-0.021208336464125555,-0.02035337950443362,0.4173752862299444
lab004,F1,HOT->OFF,5.0,119,21.16218487394958,0.08013457131104063,3.653284033613445,-1.1701478433610952,-0.05518049426699005,3.996797585795063,-0.12012019131088636,-2.5992388379132216,-0.02163119595549627,-0.020776238995804334,0.3663858339824318
lab004,F1,HOT->OFF,6.0,119,21.192436974789917,-0.025060233883762936,2.5575922268907565,-2.2723846401370826,-2.6035142849830493,3.817727485849778,-1.2223569880868737,-0.5808121495958235,-0.021091291045189618,-0.020236334085497684,0.34997050483417835
lab004,F1,HOT->OFF,7.0,119,21.124789915966385,-0.10246224363871434,2.4437373949579833,-2.388469840550983,-2.9685309759772975,3.390382477978287,-1.3384421885007745,0.8541424074583095,-0.01989429565455212,-0.01903933869486019,0.31079585219134787
lab004,F1,HOT->OFF,8.0,119,21.001680672268908,-0.12890638772991567,3.260892016806723,-1.5661009246162059,-1.4998182155425548,2.6035655926938053,-0.516073272565997,0.6392717195341672,-0.01836011364032557,-0.017505156680633637,0.23866846657367755
lab004,F1,HOT->OFF,9.0,119,20.88151260504202,-0.1251336898395716,3.5887840336134453,-1.2314219401208069,-1.4414738461271694,2.2727965761444353,-0.1813942880705981,0.17515084604955705,-0.016597161115528693,-0.01574220415583676,0.20834692054024687
lab004,F1,HOT->OFF,10.0,119,20.758823529411767,-0.12100840336134419,3.535931512605042,-1.2711052431919265,-1.3879179535589738,2.0965070089218343,-0.2210775911417177,-0.1747606261245798,-0.014852820637932864,-0.01399786367824093,0.19218648240877564
lab004,F1,HOT->OFF,11.0,119,20.62857142857143,-0.13215901745313532,3.514163025210084,-1.2786656275153712,-1.4787108673360976,1.8231862139842767,-0.22863797546516249,0.20377801490703087,-0.01329656184498613,-0.012441604885294196,0.16713120621619415
lab004,F1,HOT->OFF,12.0,119,20.50966386554622,-0.10108714814597242,3.780148319327731,-0.9982913336946199,-1.3949171077721205,2.2692077975950498,0.05173631835558884,0.8235647206334947,-0.012380242799701315,-0.011525285840009381,0.208017937750008
lab004,F1,HOT->OFF,13.0,119,20.428571428571427,-0.04348298760063473,5.253630252100841,0.49030754709263613,-0.35943185955396234,3.170033911149887,1.540335199142845,1.8492165172935062,-0.011736104006222771,-0.010881147046530837,0.2905965321879564
lab004,F1,HOT->OFF,14.0,119,20.417647058823526,0.019683257918552393,7.086752941176471,2.333899796175128,2.0926240744110327,3.4784524988492183,3.383927448225337,0.818280482608032,-0.011389522751509283,-0.010534565791817347,0.31886921776791044
lab004,F1,HOT->OFF,15.0,119,20.474369747899157,0.09172592113768592,6.995839915966386,2.2493924392631763,2.820634625842737,2.835092614490976,3.2994200913133853,-0.36740983034914715,-0.011281895724815595,-0.010426938765123659,0.259892513863966
lab004,F1,HOT->OFF,16.0,119,20.581512605042015,0.12310630545924578,6.556350420168067,1.8097601759198954,1.7543304748026882,2.939885109219181,2.8597878279701043,-0.5358543244692546,-0.010965560616154264,-0.01011060365646233,0.2694988261056842
lab004,F1,HOT->OFF,17.0,119,20.70252100840336,0.11370981959217351,6.176573109243698,1.4234401042279552,1.3783355871787384,2.796545696868651,2.473467756278164,-0.3070825619887616,-0.010310455163903,-0.009455498204211064,0.2563589237190204
lab004,F1,HOT->OFF,18.0,119,20.823949579831936,0.1114973262032088,6.085904201680672,1.3207215421690381,1.5997953741155149,2.7764095414025065,2.370749194219247,-0.5118337739951422,-0.009812020395541871,-0.008957063435849935,0.25451304537384634
lab004,F1,HOT->OFF,19.0,119,20.907142857142855,0.08872010342598634,4.994274789915966,0.2165332895313325,0.6797087516074285,2.9134368865076725,1.2665609415815413,-1.106814303228075,-0.008547979576478919,-0.007693022616786985,0.26707432150481347
lab004,F1,HOT->OFF,20.0,119,20.975210084033616,0.0341393900217426,3.797371008403361,-0.9902233162123008,-0.16813875565292402,3.476641102503437,0.05980433583790802,-1.7127936661130858,-0.006532947331973935,-0.005677990372282002,0.31870316733714044
lab004,F1,HOT->OFF,21.0,119,20.97563025210084,-0.03299347711112413,2.665450630252101,-2.129456443511748,-2.3184656182795296,3.607175679445803,-1.0794287914615392,-0.16626280583867384,-0.0039027157098330623,-0.003047758750141128,0.3306692523864685
lab004,F1,HOT->OFF,22.0,119,20.907142857142855,-0.08338720103425983,2.995444957983193,-1.798299300283993,-1.7261835866229713,3.206779103074991,-0.7482716482337846,0.700475856594169,-0.0010570784444737336,-0.0002021214847817995,0.293964958409032
lab004,F1,HOT->OFF,23.0,119,20.82521008403361,-0.07950872656755088,3.579805462184874,-1.2026845652275018,-1.3590407675088363,2.7995272523144124,-0.15265691317729307,0.43182004509359684,0.0013693758714064116,0.002224332831098346,0.256632242458614
lab004,F1,HOT->OFF,24.0,119,20.749159663865548,-0.0756655109596289,3.7569676470588234,-1.0133715707601183,-1.3472999599993178,2.2939689649180615,0.036656081290090445,-0.09941024266101801,0.0037025284015479182,0.004557485361239852,0.21028779023697486
lab004,F1,HOT->OFF,25.0,119,20.67563025210084,-0.06389786683904315,3.6372659663865545,-1.118106076890111,-1.3444234140801554,2.117779597587942,-0.06807842483990217,0.12022002615605373,0.005975583178361966,0.006830540138053901,0.19413653741458767
lab004,F1,HOT->OFF,26.0,119,20.601260504201683,-0.07769289533995337,3.901312605042017,-0.8327866582265115,-1.2478297815135386,2.9955557934052908,0.21724099382369721,0.4326232542206804,0.0077816504444884,0.008636607404180334,0.27460214935787813
lab004,F1,HOT->OFF,27.0,119,20.53655462184874,-0.0449638596697425,4.234735714285715,-0.47368855875895094,-0.9447354632016012,3.1908050003520447,0.5763390932912579,0.48032919091714177,0.00943775049638801,0.010292707456079946,0.2925006148132821
lab004,F1,HOT->OFF,28.0,119,20.508403361344538,-0.0011018393371336243,5.099457142857143,0.41288839898559326,-0.30122414240709705,3.3200841368919884,1.4629160510358021,1.5378139637877581,0.010237598272320477,0.011092555232012413,0.30435161382960924
lab004,F1,HOT->OFF,29.0,119,20.53361344537815,0.03825586178527371,6.331476470588235,1.6598432913649321,0.2487025148814328,3.6118948593665787,2.7098709434151407,0.6116137408927347,0.01035129388967018,0.011206250849362115,0.33110185890052657
lab004,F1,HOT->OFF,30.0,119,20.58613445378151,0.08601398601398652,6.4411369747899165,1.7732788423669943,1.520894215579585,3.0506287933958607,2.823306494417203,-0.09905840385375321,0.01049356727864034,0.011348524238332275,0.27965068298969714
lab004,F1,OFF->COLD,-30.0,367,19.043869209809266,0.03341780834968853,5.609976975476839,0.23488514576062833,0.007317860600932979,2.6372027886102445,-0.32415055849261626,-0.40895725576728387,-0.02206991870293633,-0.00022884759832187337,0.1376608650105742
lab004,F1,OFF->COLD,-29.0,367,19.070027247956403,0.021070482650864513,5.127252656675749,-0.2538911199599332,0.0,2.892389074877219,-0.8129268242131777,-0.265816790479665,-0.023773509405505606,-0.001932438300891151,0.1509814807243397
lab004,F1,OFF->COLD,-28.0,367,19.08201634877384,-0.003981440902421512,4.939363623978202,-0.44998787858207134,-0.0001222747575393884,2.7049239914521532,-1.009023582835316,-0.14457151944254723,-0.02536013090794063,-0.0035190598033261735,0.14119588302399233
lab004,F1,OFF->COLD,-27.0,367,19.069618528610356,-0.01929841275890315,4.890343051771117,-0.505115832357063,-0.0004768753532045495,2.6206198846731295,-1.0641515366103076,0.026990467090549038,-0.026972093580756397,-0.005131022476141941,0.13679524447117933
lab004,F1,OFF->COLD,-26.0,367,19.044141689373298,-0.028607496046188688,4.868090463215259,-0.528966579699704,-0.0007777568022906765,1.7962709236682517,-1.0880022839529484,0.1422092910536868,-0.028515440881297448,-0.006674369776682993,0.09376457897491626
lab004,F1,OFF->COLD,-25.0,367,19.016893732970026,-0.025863645890893714,5.071706948228883,-0.32435645621921927,-0.0007567627041111763,2.0784097916666524,-0.8833921604724638,0.15307925949637954,-0.03014408081227104,-0.008303009707656583,0.1084921080028344
lab004,F1,OFF->COLD,-24.0,367,18.997683923705722,-0.01389359958842258,5.185495640326976,-0.20777109315360312,-0.001044922476734009,2.424106371062521,-0.7668067974068478,0.18797274619843535,-0.03139372396716045,-0.009552652862545988,0.12653732255985006
lab004,F1,OFF->COLD,-23.0,367,18.982561307901907,-0.016606009794020448,5.295037602179836,-0.09326461151649837,-0.0005505699782275405,2.216682771957224,-0.6523003157697429,0.1469400561169095,-0.032580305179608866,-0.010739234074994412,0.1157098988214241
lab004,F1,OFF->COLD,-22.0,367,18.972615803814712,-0.004444465616127854,5.533618528610354,0.15019161331987171,0.0,2.4504210439082077,-0.4088440909333729,0.3347532759486538,-0.034138102447902705,-0.012297031343288255,0.12791093730121644
lab004,F1,OFF->COLD,-21.0,367,18.971117166212533,0.0037041977096475176,6.056060899182561,0.677016365217343,0.008076774098326656,2.9156085290822826,0.11798066096409844,0.513550401701541,-0.0356774326893357,-0.013836361584721246,0.15219352636783262
lab004,F1,OFF->COLD,-20.0,367,18.98215258855586,0.02856748156475725,6.290577792915531,0.9153290623201429,0.10976167197053321,2.881864039285586,0.3562933580668984,0.14994284159525753,-0.037196926697283986,-0.015355855592669531,0.15043207833857367
lab004,F1,OFF->COLD,-19.0,367,19.019482288828335,0.04110344696175721,6.409408855585831,1.0358017764763243,0.10976167197053321,2.858991167531722,0.47676607222307965,-0.05423287084487757,-0.03859487991443032,-0.01675380880981587,0.14923812415176949
lab004,F1,OFF->COLD,-18.0,367,19.061035422343323,0.043858729826032145,6.310601634877385,0.9362420941983594,0.18438333238399535,2.693814518440026,0.37720638994511485,-0.11184557543371677,-0.03948750574613091,-0.01764643464151646,0.14061597325320563
lab004,F1,OFF->COLD,-17.0,367,19.10381471389646,0.04108915607553211,6.1735810626703005,0.7961042078642617,0.1583315579157591,2.3041004058216528,0.2370685036110171,-0.10882321705639364,-0.04004941639020529,-0.01820834528559083,0.12027306216514884
lab004,F1,OFF->COLD,-16.0,367,19.14441416893733,0.03804519730950223,6.079260762942779,0.6971207562783719,0.13838234931631987,2.242528030240499,0.13808505202512739,-0.03715063828442667,-0.04046541693227912,-0.018624345827664663,0.11705901032208814
lab004,F1,OFF->COLD,-15.0,367,19.179155313351497,0.02775004287265848,5.824072343324251,0.4360010347097027,0.09622591018948023,2.261039136803369,-0.12303466954354188,-0.4938272890588602,-0.04036434758260979,-0.018523276477995333,0.11802528221924871
lab004,F1,OFF->COLD,-14.0,367,19.198365122615805,0.01306187001009897,5.22219795640327,-0.1729037245008021,0.0,2.4715115968546044,-0.7319394287540467,-0.5024132927308331,-0.039779806407613326,-0.01793873530299887,0.1290118552035831
lab004,F1,OFF->COLD,-13.0,367,19.195776566757495,-0.017752138869305253,4.892220027247957,-0.5099771460924616,0.0,2.516095570257241,-1.0690128503457061,-0.15457262517427717,-0.038584369467042065,-0.01674329836242761,0.13133911967134507
lab004,F1,OFF->COLD,-12.0,367,19.168119891008175,-0.03297764905394342,4.950106675749319,-0.4582089238775711,-0.0002787687801240672,2.4130560133310026,-1.0172446281308156,0.2646379149130715,-0.037056792171790025,-0.015215721067175567,0.1259604985815929
lab004,F1,OFF->COLD,-11.0,367,19.13051771117166,-0.037585030773042157,5.209061239782017,-0.2022519562562347,-0.0006632482242155221,2.0753601625229856,-0.7612876605094793,0.26934571561027526,-0.035325353262280944,-0.013484282157666486,0.108332918657331
lab004,F1,OFF->COLD,-10.0,367,19.100136239782017,-0.02497475276766843,5.408822070844687,-0.001229585876205478,-0.00020254135620496056,2.369326507264792,-0.56026529012945,-0.01284657201471398,-0.03347455043568723,-0.011633479331072774,0.12367783694572679
lab004,F1,OFF->COLD,-9.0,367,19.07683923705722,-0.021627827213658336,5.387808514986376,-0.01742476238759323,0.0,1.9323930097175184,-0.5764604666408378,0.14294399930615762,-0.03137939203954229,-0.009538320934927834,0.10087009402803085
lab004,F1,OFF->COLD,-8.0,367,19.05790190735695,-0.016337341132980902,5.443374659400545,0.04416989936717311,0.0,2.261293500380099,-0.5148658048860715,-0.09315841734949706,-0.029056976529704067,-0.007215905425089608,0.11803855988987422
lab004,F1,OFF->COLD,-7.0,367,19.044141689373298,-0.008068634362912526,5.462672207084469,0.06992146821828836,0.0,2.290569039042911,-0.48911423603495624,0.512269451943542,-0.026463776202703963,-0.004622705098089506,0.11956673056881433
lab004,F1,OFF->COLD,-6.0,367,19.049455040871933,0.013179055277147564,6.24098916893733,0.8547285289014304,0.19858076709956407,2.4272094442331413,0.29569282464818586,0.5339030883272177,-0.023845440377941958,-0.002004369273327504,0.12669930166085194
lab004,F1,OFF->COLD,-5.0,367,19.073705722070844,0.03581010270383569,6.369097138964578,0.9875982633142582,0.3063415825286877,2.405402755682441,0.42856255906101354,0.17460704478528766,-0.021340184076194937,0.0005008870284195163,0.1255610017842287
lab004,F1,OFF->COLD,-4.0,367,19.121525885558583,0.0532792820258758,6.526837602179837,1.1474054616714153,0.41044000036149875,2.5490517266938095,0.5883697574181707,-0.03476485163370662,-0.018417964910400552,0.0034231061942139023,0.1330594170341704
lab004,F1,OFF->COLD,-3.0,367,19.175613079019072,0.06124502200796428,6.331525749318801,0.9534298793924665,0.33101166544005256,2.49963979189385,0.39439417513922187,-0.27553774888622445,-0.015304494439075007,0.006536576665539446,0.13048013503288255
lab004,F1,OFF->COLD,-2.0,367,19.239645776566757,0.058695527905336484,6.141320435967302,0.7632481303901095,0.3237753102304701,1.9835265250092093,0.20421242613686488,-0.021636682022212896,-0.011672678156548993,0.010168392948065461,0.10353924179948269
lab004,F1,OFF->COLD,-1.0,367,19.297547683923707,0.04203807092090417,6.168703405994551,0.7885097595411033,0.2672607538271019,2.075427089443051,0.2294740552878586,-0.11224543108377555,-0.007455253878345568,0.014385817226268888,0.10833641221412098
lab004,F1,OFF->COLD,0.0,367,19.36389645776567,0.06152226520073923,5.878288283378747,0.4944751839766121,0.10249326284843008,1.6530330678119407,-0.06456052027663244,-0.07218505675671338,-0.0029789597417474454,0.01886211136286701,0.08628762376138456
lab004,F1,OFF->COLD,1.0,367,19.39700272479564,0.021765019721422998,4.652515395095368,-0.733497810863918,-0.014920455082765294,2.8401542161293887,-1.2925335151171626,-1.772191948848504,0.001868075913873924,0.023709147018488377,0.1482548432924413
lab004,F1,OFF->COLD,2.0,367,19.398365122615804,-0.036450334406738095,3.901092302452316,-1.4854566661767592,-0.3577494409369567,2.9422112355662153,-2.044492370430004,0.061471346902883806,0.007285042492068844,0.0291261135966833,0.1535821763427291
lab004,F1,OFF->COLD,3.0,367,19.333242506811988,-0.07412968502886724,3.852071253405995,-1.5342013215771382,-0.793325484880663,2.3756068134553443,-2.093237025830383,0.23933143566011206,0.0125874835056339,0.03442855461024836,0.12400566626035386
lab004,F1,OFF->COLD,4.0,367,19.255040871934604,-0.08669423219831879,4.179869005449591,-1.2048959321497719,-0.8345358220960932,1.9599337517497322,-1.7639316364030164,0.21887693333719357,0.01815317897132502,0.03999425007593947,0.10230770905997368
lab004,F1,OFF->COLD,5.0,367,19.165803814713897,-0.08676854480669138,4.173322207084468,-1.208370304371962,-0.8650879588159355,1.6156256588800666,-1.7674060086252064,-0.13527017504214692,0.02369411188389366,0.045535182988508116,0.08433497290965397
lab004,F1,OFF->COLD,6.0,367,19.083787465940055,-0.07875993216592617,4.071469209809265,-1.3050765308706385,-1.0291405145067438,1.5769075337031069,-1.864112235123883,-0.07493964445458831,0.0287535819395377,0.05059465304415216,0.08231390322685693
lab004,F1,OFF->COLD,7.0,367,19.004904632152588,-0.07633905603932764,4.036412534059945,-1.334069154533238,-0.9540556007809198,1.5795057344602288,-1.8931048587864827,-0.04342629271169053,0.0332948602263824,0.055135931330996854,0.08244952820239589
lab004,F1,OFF->COLD,8.0,367,18.933651226158037,-0.0652864846325334,4.232214032697548,-1.1319564739099945,-0.9527640438755086,1.92222857889427,-1.690992178163239,0.6719558041295008,0.037173428339258324,0.05901449944387278,0.10033951505795252
lab004,F1,OFF->COLD,9.0,367,18.883106267029973,-0.034698271755492074,5.16269325613079,-0.19500017416826881,-0.32483917273527907,2.7083604543906503,-0.7540358784215134,0.916765107859577,0.04042746197290008,0.06226853307751453,0.14137526492921912
lab004,F1,OFF->COLD,10.0,367,18.86485013623978,-0.006202244621862755,5.6794794959128065,0.32553814570507084,-0.1281670891422722,2.812380585072264,-0.23349755854817372,0.08970589860000418,0.04302673792465592,0.06486780902927036,0.14680507155235334
lab004,F1,OFF->COLD,11.0,367,18.876975476839238,0.02074750862216788,5.555671389645776,0.20366787453004204,-0.1281670891422722,2.4272310867498,-0.3553678297232025,-0.056501134643364065,0.045187875496543406,0.06702894660115785,0.12670043139102558
lab004,F1,OFF->COLD,12.0,367,18.902861035422344,0.03238314818696228,5.6340160762942775,0.2827029818937535,-0.0507421790821887,3.2814115296351365,-0.2763327223594911,0.07910044252966825,0.046608607915783105,0.06844967902039757,0.17128828756596803
lab004,F1,OFF->COLD,13.0,367,18.937465940054498,0.029324898534707617,5.686549046321526,0.3368064440112167,-0.013887277075752325,3.4896302377645356,-0.2222292602420279,-0.014133099817302654,0.04752298591246009,0.06936405701707454,0.1821572156576081
lab004,F1,OFF->COLD,14.0,367,18.9649863760218,0.03182294544692318,5.637252588555858,0.2874905284405848,-0.001128072523392397,3.4751568205757533,-0.27154517581265974,0.044942740909350395,0.04787672710875728,0.06971779821337173,0.1814017094301493
lab004,F1,OFF->COLD,15.0,367,18.994550408719345,0.020570301632971928,5.4913326975476835,0.14317897168021393,-0.02229771610482001,3.874076213617873,-0.41585673257303063,-0.48188157324797026,0.04804181147283665,0.06988288257745111,0.2022251322449761
lab004,F1,OFF->COLD,16.0,367,19.00449591280654,0.001383357786627304,4.977762534059946,-0.3666623498276453,-0.0748772998379934,3.7685243275652005,-0.9256980540808898,-0.4520257463601415,0.04767759206720921,0.06951866317182366,0.1967153686423198
lab004,F1,OFF->COLD,17.0,367,18.997138964577655,-0.020050113374364468,4.649451771117167,-0.6903928052653128,-0.13535252760572103,3.973537782547291,-1.2494285095185573,-0.01968760820928483,0.04748329570684108,0.06932436681145554,0.2074169838815914
lab004,F1,OFF->COLD,18.0,367,18.969209809264306,-0.025560679102913438,4.9416013623978206,-0.3918764780662247,-0.10848898046409969,3.5193336099904116,-0.9509121823194693,0.32971897602860606,0.04662270440477956,0.06846377550939402,0.18370771906675243
lab004,F1,OFF->COLD,19.0,367,18.94441416893733,-0.029150549722757033,5.102869073569482,-0.22269815275189428,-0.07642195043468192,3.0455239011317223,-0.7817338570051389,0.06194104865215316,0.04535238318177267,0.06719345428638714,0.15897505358740646
lab004,F1,OFF->COLD,20.0,367,18.916757493188012,-0.02738133800804098,5.217978337874659,-0.0990054863936737,-0.0674525627431646,2.746715408554178,-0.6580411906469184,0.004840126065365596,0.043727054223100456,0.06556812532771492,0.1433773772394274
lab004,F1,OFF->COLD,21.0,367,18.895640326975478,-0.02335416626969738,5.106852588555858,-0.2020227143640218,-0.016957751129820453,2.1045427932083034,-0.7610584186172664,-0.06960587245029187,0.04186657358100655,0.06370764468562101,0.10985623957932275
lab004,F1,OFF->COLD,22.0,367,18.86825613079019,-0.02131628589394309,5.107838964577657,-0.19419957407815325,-0.00857357051208657,2.326832711324522,-0.7532352783313979,0.08276790186865207,0.03961677447498731,0.06145784557960176,0.12145967885337808
lab004,F1,OFF->COLD,23.0,367,18.85299727520436,-0.01618585773899126,5.29911750681199,0.005459413924611204,-0.0011466821744167987,2.461287609439212,-0.5535762903286333,0.3792054642626805,0.037425892123617584,0.059266963228232036,0.1284781674047006
lab004,F1,OFF->COLD,24.0,367,18.844550408719346,0.004973228406470927,5.678399455040872,0.3925455548235274,-0.0001585357772340368,2.5850084219980314,-0.16649014942971713,0.3723613307028748,0.034384604415007076,0.056225675519621536,0.13493634125094983
lab004,F1,OFF->COLD,25.0,367,18.856267029972752,0.02269964368057016,6.027400408719346,0.7490510678599427,0.0,2.6398851287589054,0.19001536360669807,0.08663652936227258,0.03125476161168328,0.05309583271629774,0.13780088202660043
lab004,F1,OFF->COLD,26.0,367,18.88324250681199,0.03479259160458045,5.953167234332425,0.6791263150933967,0.0,2.508750699623809,0.12009061084015217,0.06478537953603437,0.028275561854328467,0.05011663295894292,0.1309557205451361
lab004,F1,OFF->COLD,27.0,367,18.92016348773842,0.043661515596120644,5.831149591280654,0.5600048510911005,0.0,2.4491131335370264,0.0009691468378560335,-0.08796288312458357,0.025183992793558593,0.04702506389817304,0.12784266493557558
lab004,F1,OFF->COLD,28.0,367,18.968801089918255,0.04128922848268886,5.723429223433242,0.45313106412918647,0.0,2.490530248617162,-0.10590464012405813,-0.08602112258986737,0.021991475121828773,0.04383254622644323,0.13000462074451
lab004,F1,OFF->COLD,29.0,367,19.003542234332425,0.028135896800746647,5.5772542234332425,0.3048977263290939,0.0,2.3895442822177264,-0.25413797792415066,-0.19085595788287915,0.01908692667683121,0.040927997781445666,0.12473319620768054
lab004,F1,OFF->COLD,30.0,367,19.023024523160764,0.01266458337303049,5.324400953678474,0.05069035490942259,0.0,2.4619249833897063,-0.508345349343822,-0.4087226395234118,0.0161084804146597,0.037949551519274156,0.12851143805409443
lab004,F1,OFF->HOT,-30.0,145,20.33413793103448,-0.07021461297323295,4.333051379310345,-0.40949679863243715,-0.703539177526987,2.7385308264621546,0.5107190285110608,0.4643244839010339,0.006647094287906569,0.012560878795798681,0.22742260657780872
lab004,F1,OFF->HOT,-29.0,145,20.28448275862069,-0.026997829756450323,5.199298275862069,0.46087983824258666,-0.140305680250979,3.2543999705056716,1.3810956653860846,1.0047732625742478,0.005650331117290328,0.01156411562518244,0.2702632071866407
lab004,F1,OFF->HOT,-28.0,145,20.270689655172415,0.003949843260189052,5.939654827586207,1.2095711150099115,-0.03751640638717941,3.315333111178038,2.1297869421534092,0.9789596873022212,0.0043286618968817175,0.010242446404773828,0.2753234290927728
lab004,F1,OFF->HOT,-27.0,145,20.31137931034483,0.06751627682662101,6.477484827586207,1.7560033374292157,0.3727518785823758,3.1381847175029165,2.676219164572714,0.04881783220856034,0.002821776125063332,0.008735560632955441,0.2606120557347031
lab004,F1,OFF->HOT,-26.0,145,20.38344827586207,0.08360501567398064,6.4843213793103445,1.7674522103739883,0.9515555675423837,2.9576149109614422,2.6876680375174864,-0.02008105643600268,0.0013308657360752835,0.007244650243967395,0.2456165495033694
lab004,F1,OFF->HOT,-25.0,145,20.478620689655173,0.10471425126597508,6.38824551724138,1.6700751167448458,1.3865428919549245,2.7996278970098625,2.590290943888344,-0.16195115930307627,0.00015420330773905212,0.006067987815631164,0.23249644211910092
lab004,F1,OFF->HOT,-24.0,145,20.578620689655175,0.09447070171208137,6.097934137931035,1.374657020481365,1.293361190080125,2.5119677155678604,2.294872847624863,-0.5663805052083993,-0.001108842910946913,0.004804941596945197,0.20860756431643596
lab004,F1,OFF->HOT,-23.0,145,20.66896551724138,0.08018326501085114,5.411362068965517,0.6794306966982913,0.45031558839951025,2.392459257721261,1.5996465238417892,-0.6650421263104482,-0.001792650968059009,0.004121133539833101,0.19868292708798466
lab004,F1,OFF->HOT,-22.0,145,20.73862068965517,0.052071376898962386,4.12270724137931,-0.6214239157971757,-0.11660509507497617,2.9468563632052054,0.2987919113463224,-1.2660883496041802,-0.001991999221888156,0.0039217852860039554,0.24472310074242332
lab004,F1,OFF->HOT,-21.0,145,20.765862068965518,-0.008275862068965193,3.2683910344827587,-1.4871218110420374,-0.3197922647171616,3.0187742326492457,-0.5669059838985394,-0.6254441992055215,-0.0016461546111709653,0.0042676298967211455,0.2506955547204623
lab004,F1,OFF->HOT,-20.0,145,20.72206896551724,-0.08188328912466838,2.8194494827586207,-1.9467793597350418,-1.2865011687218146,2.8132479806803863,-1.0265635325915436,0.02654410335658269,-0.0007943351754122191,0.005119449332479892,0.23362752850316768
lab004,F1,OFF->HOT,-19.0,145,20.63689655172414,-0.09100554617795978,3.36107724137931,-1.4117567197569596,-0.9871921829902579,2.6485726431260628,-0.49154089261346157,0.6226429449934683,-9.790190900542194e-05,0.005815882598886688,0.21995198607589225
lab004,F1,OFF->HOT,-18.0,145,20.535862068965518,-0.09681456474559859,3.9043500000000004,-0.868747714473468,-0.9318708951309431,2.358468136975758,0.05146811267003002,0.39835349450713775,0.0004566779983517943,0.006370462506243905,0.19586011815490795
lab004,F1,OFF->HOT,-17.0,145,20.458620689655174,-0.0701350373764164,4.052773103448276,-0.7148709052685005,-0.8930550974443348,2.1147448496014825,0.20534492187499753,-0.01124057468425053,0.0009701664943056492,0.0068839510021977595,0.17562000080338028
lab004,F1,OFF->HOT,-16.0,145,20.38689655172414,-0.06522305280925954,3.937349655172414,-0.8213174277443915,-0.901604672177593,1.9382466680145247,0.09889839939910648,-0.091186250356889,0.0010941329621384794,0.007007917470030591,0.16096262462017882
lab004,F1,OFF->HOT,-15.0,145,20.33413793103448,-0.050291777188328515,3.942666206896552,-0.8023210569058913,-1.1223628543036992,2.1014795589637196,0.11789477023760676,0.23942972604669935,0.0011126345917282846,0.007026419099620396,0.17451837837696793
lab004,F1,OFF->HOT,-14.0,145,20.3,-0.01869303110682469,4.807787586206897,0.08027789359827175,-0.20120483311561702,2.855480421665696,1.0004937207417697,1.42847798997991,0.000465696376366107,0.006379480884258219,0.23713474183018748
lab004,F1,OFF->HOT,-13.0,145,20.301724137931036,0.025428020255606924,6.1716479310344825,1.4609609977432523,-0.007906564676056837,3.4506205865560036,2.3811768248867504,0.8055363260465535,-0.000509662777196832,0.005404121730695279,0.28655844240373696
lab004,F1,OFF->HOT,-12.0,145,20.35551724137931,0.0774487581384143,6.419759655172413,1.7219708257683575,0.17649085132596554,3.6022175260073896,2.6421866529118554,-0.14610543985290386,-0.0017896373389008188,0.004124147168991292,0.2991478829848357
lab004,F1,OFF->HOT,-11.0,145,20.455172413793104,0.10495297805642637,6.063870689655173,1.3755996414500304,0.18595999241705333,3.2732753371758543,2.2958154685935286,-0.42491212338849776,-0.00290495615896879,0.003008828348923321,0.2718307210691813
lab004,F1,OFF->HOT,-10.0,145,20.55448275862069,0.09813117916566134,5.728355862068965,1.045278886980612,0.17893971206437212,2.8951917818903103,1.9654947141241097,-0.26622228832354383,-0.004065638414497591,0.0018481460933945208,0.2404325907956853
lab004,F1,OFF->HOT,-9.0,145,20.65,0.08895104895104944,5.619192068965517,0.9367774595634222,0.0888532412673142,2.693356268358057,1.8569932867069203,-0.2908241463061587,-0.004987265936396154,0.0009265185714959577,0.2236710637228733
lab004,F1,OFF->HOT,-8.0,145,20.722758620689657,0.06536773571256349,5.333090689655172,0.6479543665887135,0.13172879347369754,2.0921795438958926,1.5681701937322117,-0.4557369325833651,-0.005673422568770899,0.00024036193912121222,0.17374605416301322
lab004,F1,OFF->HOT,-7.0,145,20.78103448275862,0.046906197251026266,4.236086206896552,-0.45303854466535776,-0.15931483403467303,2.7636850878306176,0.4671772824781403,-2.211157479342725,-0.006071039509205302,-0.00015725500131319106,0.22951155428351913
lab004,F1,OFF->HOT,-6.0,145,20.79655172413793,-0.0358090185676388,1.9000668965517242,-2.7935767370665054,-2.1404264443852137,2.9573033181495716,-1.8733609099230075,-1.4462617837308984,-0.005940054977953322,-2.6270470061210422e-05,0.2455906731287886
lab004,F1,OFF->HOT,-5.0,145,20.717241379310344,-0.11533397636845978,1.8862293103448275,-2.8082203377597112,-2.786561203239237,2.5600927136197087,-1.8880045106162133,0.5896874431812316,-0.0056248333855792795,0.00028895112231283214,0.21260412787261201
lab004,F1,OFF->HOT,-4.0,145,20.588620689655173,-0.1321750663129979,2.8114474137931036,-1.882700695642493,-1.5028208277087627,1.9231559059258017,-0.9624848684989951,1.0391932310013765,-0.005447561195465345,0.00046622331242676614,0.15970940504116218
lab004,F1,OFF->HOT,-3.0,145,20.452413793103446,-0.1332529539426091,3.4549489655172416,-1.237886208401913,-1.1537653069912475,1.234737111485576,-0.31767038125841507,0.28925223609327727,-0.005901679864206711,1.2104643685400377e-05,0.10253933591654049
lab004,F1,OFF->HOT,-2.0,145,20.33551724137931,-0.106284060766819,3.4351955172413793,-1.2501509027375841,-1.280921073001096,1.1650941566267725,-0.32993507559408625,-0.24238993465385447,-0.0069066772115439845,-0.0009928927036518737,0.09675580331185879
lab004,F1,OFF->HOT,-1.0,145,20.2351724137931,-0.09287918977574053,3.2655910344827586,-1.406595558294163,-1.2682755262836451,1.2556213448790445,-0.4863797311506651,0.035792624921831676,-0.008519672015302527,-0.0026058875074104156,0.10427367710007858
lab004,F1,OFF->HOT,0.0,145,20.108620689655172,-0.11738847359537197,3.3756996551724137,-1.28351844417161,-1.29102075186369,1.746760809421915,-0.363302617028112,-0.14954459811233092,-0.010667483128531406,-0.004753698620639295,0.14506058960815016
lab004,F1,OFF->HOT,1.0,145,20.03793103448276,-0.03185194116228528,3.9333408620689654,-0.7108589008537052,-0.7994977307535195,2.0622771574556604,0.2093569262897928,3.966022039246389,-0.01352436023795697,-0.00761057573006486,0.17126279613231218
lab004,F1,OFF->HOT,2.0,145,20.025862068965516,0.03601157463226429,8.567941379310344,3.939248381045145,4.365074349876624,3.9479293853415967,4.859464208188643,1.1217306911924791,-0.01737742779015073,-0.011463643282258618,0.32785769023437356
lab004,F1,OFF->HOT,3.0,145,20.11931034482759,0.13305763202314969,8.20421275862069,3.584322867073758,3.5960286962755674,3.738899193373102,4.504538694217256,-0.77106715567817,-0.0216034390837732,-0.01568965457588109,0.31049867763843053
lab004,F1,OFF->HOT,4.0,145,20.285172413793102,0.1812515071135755,7.394325862068965,2.781973684900351,2.453274784837139,3.9140429666204315,3.702189512043849,-0.8497163719947151,-0.02583643119282001,-0.019922646684927898,0.32504357633114966
lab004,F1,OFF->HOT,5.0,145,20.469310344827587,0.1819604533397627,6.744277931034483,2.1356672556524035,1.7856437942172514,3.722798095426402,3.0558830827959014,-0.4441308923468093,-0.029606090111517203,-0.02369230560362509,0.3091615542332748
lab004,F1,OFF->HOT,6.0,145,20.643103448275863,0.1713334940921142,6.552782068965517,1.9465230086765553,1.8000005121407687,3.4965945569899066,2.8667388358200534,-0.26663885806176446,-0.0325709504050057,-0.026657165897113585,0.2903763728392021
lab004,F1,OFF->HOT,7.0,145,20.793793103448277,0.13129973474801152,5.8644750000000005,1.2598179120999482,1.4612965835602791,3.0615411898350557,2.180033739243446,-1.0767076370145365,-0.03490627525488259,-0.028992490746990476,0.2542471572018422
lab004,F1,OFF->HOT,8.0,145,20.90310344827586,0.08612973233662923,4.628906724137931,0.026164165558997168,0.33508565545358615,3.4471776057909618,0.9463799927024952,-1.846108586013179,-0.03632999781295622,-0.03041621330506411,0.2862725184139769
lab004,F1,OFF->HOT,9.0,145,20.946206896551725,0.0003255365324333252,2.4532744827586206,-2.1447972786161267,-0.5783466690434702,3.7766428342793166,-1.2245814514726288,-1.2388733965089977,-0.03676358926672932,-0.03084980475883721,0.3136331164089144
lab004,F1,OFF->HOT,10.0,145,20.91,-0.06756691584277881,2.8104524137931035,-1.7785849202573456,-1.3077332915056674,3.9647568923001644,-0.8583690931138478,0.9877290381364339,-0.03638776959834168,-0.03047398509044957,0.32925513862448996
lab004,F1,OFF->HOT,11.0,145,20.828620689655175,-0.08473354231975,3.6420965517241384,-0.9369056129277167,-0.8919451698018186,3.4192200466951634,-0.016689785784218647,0.7300339427669277,-0.035585982937484925,-0.02967219842959281,0.28395076950332704
lab004,F1,OFF->HOT,12.0,145,20.73896551724138,-0.09332047263081715,3.8833027586206894,-0.6827986581658341,-0.9804334396318288,2.898957913032235,0.23741716897766388,-0.07407280254065973,-0.03445746030510851,-0.028543675797216395,0.24074535096355854
lab004,F1,OFF->HOT,13.0,145,20.645172413793105,-0.0994984326018805,3.808119310344827,-0.742130838902288,-1.128860976987231,2.693325817788802,0.17808498824121,-0.05791235967731051,-0.03297996344660781,-0.0270661789387157,0.22366853494073768
lab004,F1,OFF->HOT,14.0,145,20.547241379310343,-0.10475765613696658,3.6569068965517237,-0.8733971557066954,-1.1663788871026708,2.679371565100257,0.046818671436802586,-0.14560660024908886,-0.03189409911469939,-0.02598031460680728,0.2225096973302171
lab004,F1,OFF->HOT,15.0,145,20.446206896551722,-0.08182541596334751,3.799667931034483,-0.708795127445376,-0.8748622132492292,2.721733610252169,0.21142069969812202,0.5453459797167416,-0.030521684049332178,-0.02460789954144007,0.22602767369744348
lab004,F1,OFF->HOT,16.0,145,20.380344827586207,-0.041133349409211845,4.664948275862069,0.177163929727412,-0.35728611491416395,3.134056149926693,1.0973797568709098,1.6664312711433116,-0.02939979424237907,-0.02348600973448696,0.260269196859227
lab004,F1,OFF->HOT,17.0,145,20.37,0.02201350373764255,6.453494827586207,1.9804261250190267,0.03235993030886153,3.3313355002475205,2.9006419521625246,0.9251784668228403,-0.028293430126867015,-0.022379645618974903,0.2766523551718542
lab004,F1,OFF->HOT,18.0,145,20.414137931034485,0.04711598746081468,6.310133103448275,1.8450500188121297,1.0994700671038258,2.7526554407123407,2.7652658459556276,-0.17041050931305077,-0.026968275664314235,-0.021054491156422123,0.2285955919459644
lab004,F1,OFF->HOT,19.0,145,20.478620689655173,0.09187364359778137,6.271833103448276,1.8129147489529969,0.9618377317264573,3.2219617437346044,2.733130576096495,-0.20447147126384901,-0.0255849293988037,-0.01967114489091159,0.267569359078833
lab004,F1,OFF->HOT,20.0,145,20.57689655172414,0.09628647214854007,6.0533951724137935,1.5950712816331125,0.6483202972522912,3.324179786932868,2.5152871087766107,-0.31286870062099603,-0.02422812658842439,-0.01831434208053228,0.2760581055259431
lab004,F1,OFF->HOT,21.0,145,20.67,0.08818422956354008,5.801823620689655,1.338216025056565,0.9516416110539261,3.352912155642262,2.258431852200063,-0.4172948977412059,-0.02211468107364504,-0.016200896565752926,0.2784441988727493
lab004,F1,OFF->HOT,22.0,145,20.74310344827586,0.0679069206655407,5.088397931034482,0.6161416850024554,0.21811608692474527,3.1960440808047266,1.5363575121459532,-1.0672158700392729,-0.019265554606744773,-0.01335177009885266,0.2654170143241338
lab004,F1,OFF->HOT,23.0,145,20.794827586206896,0.02718591753074519,3.882135862068966,-0.5928705308167211,-0.1454695426119106,3.5961476304223976,0.32734529632677684,-1.0953154827557217,-0.015822241942390052,-0.00990845743449794,0.29864380559331793
lab004,F1,OFF->HOT,24.0,145,20.79551724137931,-0.024487581384132883,2.821883448275862,-1.6465865409522293,-0.5254781562413452,3.729552875197806,-0.7263707138087313,-0.7313426705690126,-0.011589616341910986,-0.005675831834018876,0.3097225081606974
lab004,F1,OFF->HOT,25.0,145,20.763103448275864,-0.04964793826862758,2.923208620689655,-1.5356779157713272,-0.8949209827427183,3.3254809516396033,-0.6154620886278291,0.39905361961345615,-0.007271366922121449,-0.0013575824142293392,0.2761661613733827
lab004,F1,OFF->HOT,26.0,145,20.70413793103448,-0.06300217024354948,3.042201379310345,-1.404390950746153,-1.0871246809401371,2.8213628012132825,-0.48417512360265497,0.2592770424723914,-0.00285347927279756,0.00306030523509455,0.23430142766824902
lab004,F1,OFF->HOT,27.0,145,20.642758620689655,-0.05897275138654432,3.1480624137931033,-1.2837959484805728,-1.2796502379574113,2.2897305450561363,-0.36358012133707485,-0.015167106623219817,0.0017227934441757077,0.007636577952067818,0.1901517718499524
lab004,F1,OFF->HOT,28.0,145,20.575862068965517,-0.0642609115022918,3.256411379310345,-1.1568473256581233,-1.2270718139743408,2.0456998571566825,-0.23663149851462553,0.1747507857655065,0.006014223514712311,0.011928008022604422,0.169886126274304
lab004,F1,OFF->HOT,29.0,145,20.517931034482757,-0.06662647697130462,3.582654137931035,-0.8083086877147422,-1.1223628543036992,2.7852189311975044,0.11190713942875576,0.24319169792848458,0.010321144849213622,0.016234929357105733,0.2312998426390175
lab004,F1,OFF->HOT,30.0,145,20.463103448275863,-0.03389920424403175,3.9754489655172414,-0.3908688552173479,-0.7750696815209078,3.192320631453914,0.5293469719261501,0.5881373514185649,0.014078544410512813,0.019992328918404922,0.2651077986860845
lab005,F2,COLD->OFF,-30.0,32,18.384375,-0.008129370629370691,10.294521875000001,-0.04045026634665705,0.19748083269672279,0.907609317493994,-0.5609300001372564,0.061531462017207016,0.03494046579869947,0.023717744912795283,0.16044417576702433
lab005,F2,COLD->OFF,-29.0,32,18.3796875,-0.002819055944056071,10.2375921875,-0.09539122216145435,0.01813551738186714,0.9562072758386502,-0.6158709559520537,-0.14793153517246274,0.03615307430319112,0.024930353417286933,0.16903516224135626
lab005,F2,COLD->OFF,-28.0,32,18.357812499999998,-0.012816870629370758,10.138621875,-0.19379708257478082,-0.1604884158550144,0.847016201150627,-0.7142768163653801,-0.07668628315314524,0.037403801997852676,0.02618108111194849,0.14973272490211928
lab005,F2,COLD->OFF,-27.0,32,18.346875,-0.012325174825174479,10.02332109375,-0.3070998420915367,-0.3162611325980125,0.9270674509521676,-0.8275795758821359,-0.1184113302595639,0.03911964002282059,0.027896919136916404,0.16388392029640117
lab005,F2,COLD->OFF,-26.0,32,18.346875,0.002556818181818521,9.9558,-0.37263924717735397,-0.27837828944229326,0.9123351177640384,-0.8931189809679533,0.0029305873929299057,0.04132057662461994,0.03009785573871575,0.16127958712139473
lab005,F2,COLD->OFF,-25.0,32,18.3375,-0.005310314685314954,9.95365625,-0.3729240498271948,-0.3561847251011203,0.9597132907856413,-0.893403783617794,0.04203446013168931,0.042651359708584025,0.031428638822679836,0.16965494397734596
lab005,F2,COLD->OFF,-24.0,32,18.3375,0.0002950174825183671,9.992921875,-0.3380815533073085,-0.10121396907550473,0.9183750254569922,-0.8585612870979078,-0.0060291764970308945,0.04375137270923246,0.03252865182332827,0.16234730204325185
lab005,F2,COLD->OFF,-23.0,32,18.340625,-0.006129807692306755,10.089096875,-0.2519931796062037,-0.20244213112275844,0.864431756047906,-0.772472913396803,0.07150190482379636,0.04354151572897483,0.03231879484307064,0.15281138914361742
lab005,F2,COLD->OFF,-22.0,32,18.334374999999998,-0.006818181818181279,10.0123984375,-0.34563644165302343,-0.11656734391702894,0.8703550116518034,-0.8661161754436227,-0.02384579214563608,0.043162656508065916,0.03193993562216173,0.15385848269467167
lab005,F2,COLD->OFF,-21.0,32,18.318749999999998,-0.01645541958041996,10.0782796875,-0.29643590778631235,-0.1829015520958519,0.8163280375721399,-0.8169156415769117,-0.0035051124945613445,0.04305029938576327,0.03182757849985908,0.1443077727599917
lab005,F2,COLD->OFF,-20.0,32,18.3125,-0.014619755244754118,9.96890625,-0.4205661564190722,-0.28999118464482176,0.8287352599336669,-0.9410458902096714,-0.14836251594533983,0.04359031097315269,0.0323675900872485,0.146501080526873
lab005,F2,COLD->OFF,-19.0,32,18.2984375,-0.005998688811190478,10.025546875,-0.3762538692030536,-0.2783416246067043,0.801880103565278,-0.8967336029936529,0.009955321507727304,0.04300833736686266,0.03178561648095847,0.14175371473239476
lab005,F2,COLD->OFF,-18.0,32,18.303124999999998,0.00019667832167824528,10.008128125,-0.40420532478270055,-0.32521989341759827,0.7459363035522,-0.9246850585732999,-0.05272135687908538,0.04190033145879424,0.030677610572890052,0.13186415464374687
lab005,F2,COLD->OFF,-17.0,32,18.2984375,0.0003933566433571567,10.0128109375,-0.4004956154085094,-0.4572963357784312,0.6739942753321048,-0.9209753491991087,0.053348911352684006,0.04057290149188228,0.029350180605978094,0.11914648064206106
lab005,F2,COLD->OFF,-16.0,32,18.30625,0.0005244755244760979,10.1987046875,-0.21482531510622252,-0.23425180070632212,0.4941505176977407,-0.7353050488968218,0.26866833203949975,0.03850509362199642,0.02728237273609223,0.08735429549772887
lab005,F2,COLD->OFF,-15.0,32,18.30625,0.017406031468531702,10.5310515625,0.11685717295499276,0.08839042887453541,0.9090147935667939,-0.40362256083560655,0.11146666400679094,0.03691329183620762,0.025690570950303433,0.16069263118249238
lab005,F2,COLD->OFF,-14.0,32,18.30625,0.0032124125874115617,10.6707109375,0.25495921245980835,0.16123452689716178,1.0512631211192889,-0.2655205213307909,0.20590067304541076,0.0348193571600294,0.023596636274125216,0.18583882043869598
lab005,F2,COLD->OFF,-13.0,32,18.315625,0.008063811188811054,10.774696875,0.3586868145533517,0.2828189971116455,0.6736167901211071,-0.16179291923724756,-0.009895747824458116,0.03253930271191832,0.021316581826014137,0.11907975005393753
lab005,F2,COLD->OFF,-12.0,32,18.3296875,0.014095279720279685,10.7005953125,0.2850678170773162,0.290738814068745,0.7199813090296432,-0.2354119167132831,-0.09010519221734947,0.02921508320263405,0.017992362316729866,0.127275916485607
lab005,F2,COLD->OFF,-11.0,32,18.33125,0.011407342657343555,10.6940203125,0.2808470667384106,0.44936745141851375,0.6788466269490835,-0.2396326670521887,0.018647459890394354,0.026196719551186687,0.0149739986652825,0.12000426332532785
lab005,F2,COLD->OFF,-10.0,32,18.3609375,0.01645541958042096,10.7892078125,0.37730931981841,0.3253491710359624,0.8604266574244808,-0.14317041397218927,0.31584165082275134,0.023282041798264347,0.01205932091236016,0.1521033810446312
lab005,F2,COLD->OFF,-9.0,32,18.3640625,0.01003059440559384,11.154678125,0.7443484378522991,0.2661441546221246,2.738776326651694,0.22386870406169976,0.04715564767821074,0.020219852393175558,0.008997131507271371,0.48415182818214886
lab005,F2,COLD->OFF,-8.0,32,18.371875,0.013079108391607308,11.1015359375,0.693714168318795,0.22515142036631763,2.7714697188366535,0.17323443452819565,-0.021903847415547108,0.017147004626731605,0.005924283740827418,0.48993125801064297
lab005,F2,COLD->OFF,-7.0,32,18.3875,0.00875218531468458,11.15562734375,0.7535848480375795,0.40163756357951463,2.784135068675234,0.23310511424698013,-0.2705842151527404,0.014245402659556955,0.0030226817736527683,0.492170196699883
lab005,F2,COLD->OFF,-6.0,32,18.396874999999998,0.004556381118881125,10.6943875,0.299113194665373,0.4609622491391461,0.6201103916273824,-0.22136653912522625,0.1575979871759001,0.011245051967518488,2.2331081614301255e-05,0.10962106575099193
lab005,F2,COLD->OFF,-5.0,32,18.396874999999998,0.0030812937062939527,11.2474390625,0.8603923264303878,0.5090426862143724,2.5059471846066796,0.33991259263978846,-0.19967812647420644,0.00854857782335336,-0.0026741430625508273,0.44299306188268
lab005,F2,COLD->OFF,-4.0,32,18.396874999999998,-0.0015734265734266284,10.8472765625,0.4550887482938074,0.4617426179311699,0.43384909944656574,-0.06539098549679191,0.012341149141000776,0.006986054785899615,-0.004236666100004572,0.07669441005758586
lab005,F2,COLD->OFF,-3.0,32,18.396874999999998,0.004228583916083606,10.785503125,0.3941572687022824,0.424170658365461,0.4065568688246111,-0.12632246508831685,-0.027355154915771916,0.004911305454040199,-0.006311415431863987,0.07186977972096305
lab005,F2,COLD->OFF,-2.0,32,18.4,-0.00435970279720288,10.6954125,0.30646799224104393,0.4032586556536568,0.42703243421201426,-0.21401174154955538,-0.09363286688640514,0.0035562305737052435,-0.007666490312198943,0.07548938250447837
lab005,F2,COLD->OFF,-1.0,32,18.41875,0.05398819930070131,10.703759375,0.32062103354601457,0.30225407726674014,0.4595419906786033,-0.19985870024458469,-0.11376863037864063,0.0020856867767964915,-0.009137034109107696,0.08123631446220139
lab005,F2,COLD->OFF,0.0,32,18.4296875,-0.04081075174825188,10.445028125,0.05489561301407048,0.15254050963025545,0.5784294029293613,-0.46558412077652883,-0.7624452144714398,0.0012653226141707274,-0.00995739827173346,0.1022528383122593
lab005,F2,COLD->OFF,1.0,32,18.3640625,-0.06690340909090753,9.7472546875,-0.6536907133249538,-0.7525018788628994,0.6994922149934597,-1.1741704471155532,-0.1285652080302973,0.000758182279642805,-0.010464538606261382,0.12365392215226843
lab005,F2,COLD->OFF,2.0,32,18.318749999999998,-0.01960227272727255,9.824725,-0.585469887672093,-0.6517238889703361,0.6895254071433671,-1.1059496214626923,0.007787101878539857,0.0014346894365953045,-0.009788031449308883,0.12189202279787248
lab005,F2,COLD->OFF,3.0,32,18.303124999999998,-0.013505244755242618,9.8070078125,-0.6127847393512715,-0.6702619685931062,0.7325116034038507,-1.1332644731418708,-0.032450746110589485,0.002147752178671025,-0.009074968707233162,0.12949098051617342
lab005,F2,COLD->OFF,4.0,32,18.2859375,-0.004589160839160278,9.8759421875,-0.5531578245327128,-0.4242618246021461,0.862566187909708,-1.0736375583233122,0.03074167649623783,0.001892994105202911,-0.009329726780701276,0.15248160017329607
lab005,F2,COLD->OFF,5.0,32,18.28125,-0.016520979020978932,9.9011296875,-0.5358995184694869,-0.42849503364532815,0.8911760271619112,-1.0563792522600863,-0.06163366456584625,0.0017023987132925578,-0.00952032217261163,0.15753915300926857
lab005,F2,COLD->OFF,6.0,32,18.2703125,0.0024584790209793983,9.846965625,-0.5981981979173239,-0.46986137855533805,0.9116253516515205,-1.1186779317079232,0.001611614698817293,0.002220751541683247,-0.00900196934422094,0.16115411701359028
lab005,F2,COLD->OFF,7.0,32,18.2625,-0.014291958041957598,9.859821875,-0.599438809794264,-0.46723724725234295,0.8929747861840698,-1.1199185435848633,-0.034820775755660685,0.0023025311244486146,-0.008920189761455572,0.15785713168484075
lab005,F2,COLD->OFF,8.0,32,18.259375,0.006490384615385092,9.91736796875,-0.5553723047307907,-0.5266044837543857,0.7656527265683123,-1.0758520385213899,0.025545343211984334,0.0031946677673189983,-0.008028053118585189,0.13534955874760576
lab005,F2,COLD->OFF,9.0,32,18.26875,-0.0030157342657333164,9.9545640625,-0.5297123588305604,-0.3997371664658509,0.7352423561789356,-1.0501920926211596,0.08089452155709732,0.0035521400787679736,-0.007670580807136213,0.12997371396742505
lab005,F2,COLD->OFF,10.0,32,18.271874999999998,0.005539772727272019,10.096903125,-0.391083718553665,-0.5384576341657858,0.7605759169584173,-0.9115634523442643,0.12402717390735613,0.002655412172357069,-0.008567308713547116,0.13445209712211834
lab005,F2,COLD->OFF,11.0,32,18.278125,0.007801573426572839,10.2024875,-0.28589990803737103,-0.28577932823217456,0.8603602527836607,-0.8063796418279703,0.11483339240586667,0.0015586385547212145,-0.00966408233118297,0.15209164225167465
lab005,F2,COLD->OFF,12.0,32,18.284375,-0.00016389860139875978,10.3403046875,-0.1439706644049774,-0.04342847463565569,0.795316045021557,-0.6644503981955767,0.11573600476745055,0.0002600779698994915,-0.010962642916004694,0.14059334215530211
lab005,F2,COLD->OFF,13.0,32,18.287499999999998,0.008162150349650177,10.49739375,0.015423687090252047,0.11684261523769113,0.8547272691983513,-0.5050560467003473,0.24518966108404935,-0.0006094358901566899,-0.011832156776060875,0.15109586202880346
lab005,F2,COLD->OFF,14.0,32,18.284375,0.00557255244755217,11.030215625,0.5449132603655418,0.10408278710348284,2.83256922164213,0.024433526574942483,0.5051783655243265,-0.0012646315909384254,-0.01248735247684261,0.5007322262008627
lab005,F2,COLD->OFF,15.0,32,18.3,0.007277097902098073,11.1506015625,0.6607415038494165,0.32694859392471187,2.7912464922994236,0.1402617700588172,0.06628135239296401,-0.0027724802925797876,-0.013995201178483973,0.49342733066702166
lab005,F2,COLD->OFF,16.0,32,18.3,0.0011145104895095015,11.171940625,0.6798482066879735,0.19048222196182873,2.8003889745242727,0.1593684728973742,0.193358824673515,-0.004598755686438444,-0.01582147657234263,0.4950435084615387
lab005,F2,COLD->OFF,17.0,32,18.3078125,0.011276223776224281,11.099718750000001,0.6084424816140726,0.20788318191325317,2.819088371036457,0.0879627478234732,-0.7109665857105922,-0.0070038180933931216,-0.018226538979297307,0.4983491259810041
lab005,F2,COLD->OFF,18.0,32,18.318749999999998,0.009506118881118408,11.13088125,0.6398174763758462,0.23777573731061707,2.8198004037253344,0.11933774258524686,0.6866619541939294,-0.008628118521265521,-0.019850839407169706,0.49847499676668705
lab005,F2,COLD->OFF,19.0,32,18.334374999999998,0.007736013986014201,10.6689484375,0.17468648554998642,0.02461394808215811,0.8742220764674864,-0.34579324824061286,-0.6296096214558546,-0.009878158010509591,-0.021100878896413777,0.15454208963328603
lab005,F2,COLD->OFF,20.0,32,18.33125,0.01081730769230782,10.6583390625,0.1612040238418517,0.17624595239421748,0.650338398262607,-0.3592757099487476,0.11505021037752176,-0.010769714106726697,-0.021992434992630882,0.11496467286937175
lab005,F2,COLD->OFF,21.0,32,18.3375,0.012259615384614175,10.6013296875,0.10044591007016035,0.12362985382499936,0.7926714075805997,-0.42003382372043896,-0.12823122488247776,-0.012177836369079154,-0.02340055725498334,0.14012583188823194
lab005,F2,COLD->OFF,22.0,32,18.35625,0.008489947552446031,10.6107875,0.10840933244964299,0.05877496885759381,0.6850323314221497,-0.4120704013409563,0.041145013537515894,-0.013444733333464798,-0.024667454219368983,0.12109775172015812
lab005,F2,COLD->OFF,23.0,32,18.3609375,-0.0007867132867126481,10.624140625,0.11881159500253272,0.12222556745423852,0.7606804288022181,-0.40166813878806656,-0.054161350964626286,-0.014893687835026481,-0.026116408720930667,0.1344705723804848
lab005,F2,COLD->OFF,24.0,32,18.3484375,0.001966783216783452,10.60035,0.09585351993929714,0.1613062165650474,0.950587728483408,-0.42462621385130217,0.31555536837711395,-0.015697556727329365,-0.02692027761323355,0.1680417572308336
lab005,F2,COLD->OFF,25.0,32,18.353125,0.005605332167831656,10.9922078125,0.4885031082861914,0.1574651778551175,2.480722761066019,-0.03197662550440784,0.33203066669497744,-0.016053189626655195,-0.02727591051255938,0.43853397164839936
lab005,F2,COLD->OFF,26.0,32,18.36875,0.0028190559440557372,11.04386875,0.5412515189140277,0.33997307049509295,2.512333301265909,0.020771785123428324,0.1321390379190434,-0.016062960038438517,-0.027285680924342703,0.4441219784814774
lab005,F2,COLD->OFF,27.0,32,18.3703125,0.0052119755244758315,11.08246875,0.5817931163904715,0.35988734036704617,2.5197832438683476,0.06131338259987219,-0.7770021679736162,-0.016448162289199125,-0.02767088317510331,0.4454389547148861
lab005,F2,COLD->OFF,28.0,32,18.375,0.005670891608391959,10.2657390625,-0.23210320484411168,0.23720077048709243,2.178816890385056,-0.7525829386347109,0.7420347882034395,-0.016658953287397582,-0.027881674173301767,0.38516404953876493
lab005,F2,COLD->OFF,29.0,32,18.375,-0.006392045454545303,10.94958125,0.45479596143496914,0.11037735982456365,2.584716473567894,-0.06568377235563012,0.2673872658545703,-0.016528218294396352,-0.027750939180300537,0.4569176364761094
lab005,F2,COLD->OFF,30.0,32,18.365624999999998,-0.005703671328671445,10.8832859375,0.3913698767161217,0.11046670138359804,2.656988428709865,-0.12910985707447756,-0.29601157829632263,-0.015984923516045108,-0.027207644401949293,0.4696936338687338
lab005,F2,OFF->COLD,-30.0,226,18.349557522123895,0.005008045052292671,10.773275221238938,0.3801138035263266,0.09686465734836602,3.573734500169759,0.18520336432266543,-0.08830695817747965,-0.00990485856212606,-0.003943096386220985,0.23772128282596616
lab005,F2,OFF->COLD,-29.0,226,18.355530973451327,0.005226189739464089,10.82060221238938,0.4286716625253788,0.10031131147233552,3.800247009405067,0.23376122332171756,0.06620349849291922,-0.011241891348454866,-0.005280129172549791,0.2527886708115561
lab005,F2,OFF->COLD,-28.0,226,18.363274336283183,-0.00038059285846897415,10.749875884955753,0.3590106603485892,0.1081833995952799,3.604745149917865,0.16410022114492795,-0.06454102819599805,-0.012422272724149192,-0.006460510548244117,0.2397840805629095
lab005,F2,OFF->COLD,-27.0,226,18.362168141592917,0.0026130948697315258,10.741001769911504,0.3522518693925575,0.0799831490366465,3.2389102629206414,0.1573414301888962,-0.20977053054269582,-0.013449816746377732,-0.007488054570472658,0.21544910586477753
lab005,F2,OFF->COLD,-26.0,226,18.36061946902655,-0.0010907234358565258,10.348716703539823,-0.037210948053140826,0.006492788544600003,2.1303769507831145,-0.23212138725680204,-0.15221641542112668,-0.014192419628774653,-0.008230657452869578,0.1417105668087474
lab005,F2,OFF->COLD,-25.0,226,18.361725663716815,-0.00045485487963316533,10.409097123893805,0.026168733412122905,-0.05949300358947873,2.423115939489467,-0.1687417057915383,0.02577916670935029,-0.014904427256116085,-0.00894266508021101,0.1611832746792242
lab005,F2,OFF->COLD,-24.0,226,18.35862831858407,-0.00012067578439263034,10.441125221238938,0.060691302640541796,0.009596324606170548,2.9102780018178938,-0.13421913656311943,0.03509266636003928,-0.015153662477869433,-0.00919190030196436,0.19358881303003225
lab005,F2,OFF->COLD,-23.0,226,18.360840707964602,-0.0014295439074194897,10.34523539823009,-0.033455320605280864,-0.0023233118746510684,3.1394506132071895,-0.2283657598089421,-0.1033658490661491,-0.01490916578072584,-0.008947403604820764,0.20883314837879757
lab005,F2,OFF->COLD,-22.0,226,18.36150442477876,0.00046877900860205543,10.184227876106194,-0.19361635212132375,-0.03654197315665364,3.031116482473789,-0.3885267913249849,0.03240363332563303,-0.014778145679927829,-0.008816383504022755,0.20162686919645859
lab005,F2,OFF->COLD,-21.0,226,18.359513274336283,0.0011510613280525815,10.286515929203539,-0.09220137027919519,-0.022279899321667962,3.060392681336795,-0.2871118094828564,0.052157236187030095,-0.01462708209695333,-0.008665319921048256,0.203574292976723
lab005,F2,OFF->COLD,-20.0,226,18.361946902654868,-0.0021118262268702516,10.289141592920354,-0.08970087852556291,-0.05138744482781554,2.158513581424851,-0.28461131772922416,-0.04471252675218557,-0.014337611584383273,-0.008375849408478199,0.14358218763850863
lab005,F2,OFF->COLD,-19.0,226,18.358185840707964,0.0024367225694658817,10.337407743362833,-0.04239285746142066,-0.05553379231875866,2.205197378703641,-0.23730329666508188,-0.06951284621782944,-0.013935938326540737,-0.007974176150635663,0.14668754764098618
lab005,F2,OFF->COLD,-18.0,226,18.35730088495575,0.0002784825793672383,10.234239380530973,-0.14682058888097219,-0.02212066175296279,1.3168367517183879,-0.34173102808463335,-0.08475880217433547,-0.013226635721957475,-0.007264873546052399,0.08759467774564772
lab005,F2,OFF->COLD,-17.0,226,18.35884955752212,0.0015130886812298593,10.117738053097344,-0.26459890154428073,-0.023134450886403535,1.4132037300635394,-0.4595093407479419,0.01982636105533959,-0.012329220695479088,-0.006367458519574013,0.09400491379233315
lab005,F2,OFF->COLD,-16.0,226,18.360398230088496,0.0014063370258059304,10.128331415929203,-0.252784544249538,-0.04522742029646576,1.6284187868759306,-0.4476949834531992,-0.002494660302979416,-0.011525674088683659,-0.005563911912778583,0.1083208064213112
lab005,F2,OFF->COLD,-15.0,226,18.360840707964602,0.002863729191162682,10.173629977876105,-0.20441758065273366,-0.06978235323969173,1.5208818692736543,-0.3993280198563948,-0.03266844550869879,-0.010542796305478745,-0.004581034129573669,0.10116755706763118
lab005,F2,OFF->COLD,-14.0,226,18.363938053097346,0.002139674484807513,10.082884513274335,-0.28946967095757886,-0.03718440703735304,1.48407298883978,-0.48438011016124005,-0.037200618994273474,-0.009867298006573613,-0.003905535830668539,0.09871906676268195
lab005,F2,OFF->COLD,-13.0,226,18.363938053097346,0.004181880066835578,10.126886061946903,-0.2393186112666365,0.011418307316773735,1.4314670253225217,-0.4342290504702977,0.14634876301795272,-0.009293971180935718,-0.0033322090050306435,0.09521977012186418
lab005,F2,OFF->COLD,-12.0,226,18.371681415929203,0.002873011943808247,10.245880973451328,-0.1144594480832107,0.06272961194437521,1.5138162750538793,-0.3093698872868719,0.05222360818830598,-0.008711128871526433,-0.0027493666956213583,0.10069756073136925
lab005,F2,OFF->COLD,-11.0,226,18.37300884955752,0.0049430657837738565,10.321570796460177,-0.034210601760000875,0.060617040318730275,1.3902584582956143,-0.22912104096366212,-0.01792820710594674,-0.008062958821216111,-0.0021011966453110356,0.09247861701813169
lab005,F2,OFF->COLD,-10.0,226,18.377433628318585,0.0015455783154894554,10.304215265486725,-0.04913291554156592,0.07217592664669414,1.1210670897184778,-0.24404335474522715,0.029850882430281424,-0.00733433648565049,-0.0013725743097454148,0.07457227353884004
lab005,F2,OFF->COLD,-9.0,226,18.379867256637166,0.008382325638962853,10.326829867256638,-0.028356176299724048,0.16850563860695544,1.0497773012617042,-0.22326661550338525,0.05550508282060782,-0.006715071679453175,-0.000753309503548099,0.0698301473502463
lab005,F2,OFF->COLD,-8.0,226,18.386725663716813,0.0032907358128591514,10.4030703539823,0.043616493290929745,0.20110818923536167,1.4387883114492355,-0.15129394591273146,0.06890903047149133,-0.006530449328473203,-0.0005686871525681278,0.09570677483077462
lab005,F2,OFF->COLD,-7.0,226,18.38938053097345,0.005616065350578298,10.437379424778761,0.07238463543937321,0.1387758228615521,1.6779767022704342,-0.122525803764288,0.1256157324828108,-0.006362626403286013,-0.00040086422738093755,0.11161734991697449
lab005,F2,OFF->COLD,-6.0,226,18.39491150442478,0.0034439012315121325,10.49645564159292,0.1271560759658717,0.11923809918230344,1.9852545885070019,-0.06775436323778952,0.10834595583867243,-0.006148994085720241,-0.00018723190981516597,0.13205717086526775
lab005,F2,OFF->COLD,-5.0,226,18.39867256637168,0.0032118324153722014,10.5488796460177,0.17743596801441092,0.1870334083005032,1.8172077221269711,-0.01747447118925028,0.24530074367480664,-0.006075505304152556,-0.00011374312824748015,0.12087885959204725
lab005,F2,OFF->COLD,-4.0,226,18.39867256637168,0.0009700476514635654,10.764237168141593,0.3940427333241854,0.2260123145088908,2.901275511209491,0.1991322941205242,0.1553857556889772,-0.005806827246894226,0.00015493492901084874,0.19298997626251171
lab005,F2,OFF->COLD,-3.0,226,18.4,0.0003945169874372039,10.901735066371682,0.5293979963566351,0.28824967139320723,3.302592366446642,0.3344875571529738,0.09605860163184829,-0.0053241386374125845,0.0006376235384924904,0.21968517637939963
lab005,F2,OFF->COLD,-2.0,226,18.39933628318584,0.0018054953895658935,10.779138274336283,0.4049959833684189,0.2616271215522197,2.893720048224906,0.21008554416475772,-0.2873271496212923,-0.004924937664558956,0.0010368245113461189,0.19248739434072812
lab005,F2,OFF->COLD,-1.0,226,18.40398230088495,-0.0007008478247420338,10.652659292035398,0.2775635981180771,0.27297019033047887,2.778959265756415,0.08265315891441595,0.06394121585518263,-0.004394734923449304,0.0015670272524557717,0.18485362064399005
lab005,F2,OFF->COLD,0.0,226,18.417256637168144,0.011306392722322202,10.672751991150442,0.2970503629582353,0.22924712024529903,2.847159985915393,0.10213992375457402,-0.19049325440577747,-0.0038041941342455985,0.002157568041659477,0.18939026506597406
lab005,F2,OFF->COLD,1.0,226,18.407522123893802,-0.013752398044433367,10.41706836283186,0.03793531577467487,0.0518784274427917,1.6594428887922015,-0.1569751234289863,-0.19539195874873774,-0.003244384954818006,0.0027173772210870696,0.11038449898317026
lab005,F2,OFF->COLD,2.0,226,18.394690265486727,-0.02231109598366172,10.149645243362832,-0.2338892561606294,-0.11548119866612527,1.0958888234268416,-0.42879969536429063,-0.18488670143169894,-0.0021845134394365374,0.0037772487364685376,0.0728974401784163
lab005,F2,OFF->COLD,3.0,226,18.370353982300884,-0.0116823442044679,10.118461172566372,-0.2694231973870982,-0.23300987983086507,1.3773087208874595,-0.46433363659075944,-0.03206367390641473,-0.0009758831366918106,0.004985879039213265,0.09161721329919853
lab005,F2,OFF->COLD,4.0,226,18.365265486725665,-0.009264187140293383,10.139093694690265,-0.25400801259198785,-0.2635922142968905,1.7146746487075322,-0.4489184517956491,0.012530685110757616,0.0005119151067774217,0.006473677282682497,0.1140584610022247
lab005,F2,OFF->COLD,5.0,226,18.357743362831854,-0.007481898632340955,10.127516371681414,-0.2710006295779782,-0.24549541074968673,1.7302517225636571,-0.4659110687816394,-0.015549767256823922,0.0017227757081295701,0.007684537884034646,0.11509463254198989
lab005,F2,OFF->COLD,6.0,226,18.347345132743364,-0.006785692183921963,10.109169469026549,-0.29386817664374254,-0.23077627914011867,1.7476134316671779,-0.4887786158474038,0.028282947013526745,0.0029031037263861467,0.00886486590229122,0.11624951625255768
lab005,F2,OFF->COLD,7.0,226,18.3429203539823,-0.0018843987870536454,10.102085840707964,-0.30460803517656926,-0.3081155740148285,1.7279538597584794,-0.49951847438023045,-0.11271513805871484,0.003989581034122887,0.009951343210027962,0.11494178098187008
lab005,F2,OFF->COLD,8.0,226,18.338938053097344,-0.0034439012315116138,10.009149115044249,-0.40082459640487444,-0.2773506707462259,1.4982468044733974,-0.5957350356085357,-0.05878367073310469,0.005286380161255329,0.011248142337160403,0.09966189495397659
lab005,F2,OFF->COLD,9.0,226,18.339159292035397,-0.0034810322420936856,9.90920442477876,-0.5035989288088007,-0.28800630519433223,1.3366626547798361,-0.6985093680124619,-0.004256259672224767,0.006420254535893263,0.012382016711798338,0.08891347720003552
lab005,F2,OFF->COLD,10.0,226,18.334955752212387,-0.0031514945231758624,10.006714601769911,-0.4081511901344462,-0.24631895861512376,1.1548431500463179,-0.6030616293381075,0.06732557370858509,0.0077321405693966455,0.01369390274530172,0.07681902365123926
lab005,F2,OFF->COLD,11.0,226,18.33384955752212,-0.0005616065350577072,10.089455088495574,-0.3267700619227831,-0.17330631909879823,0.912491500065151,-0.5216805011264443,0.09173974347652719,0.008403471025770205,0.014365233201675279,0.06069803169568804
lab005,F2,OFF->COLD,12.0,226,18.33230088495575,0.0008540132433938356,10.145914823008848,-0.2701747234953496,-0.12944426724217273,0.9367308958441213,-0.46508516269901085,0.05715163099494428,0.008854478558315398,0.014816240734220474,0.06231041231859929
lab005,F2,OFF->COLD,13.0,226,18.33384955752212,0.0003341790952408653,10.17928628318584,-0.2351661162740107,-0.06784538856823641,0.9347844135640702,-0.4300765554776719,0.04600925276132225,0.008868180406915891,0.014829942582820967,0.062180934243328226
lab005,F2,OFF->COLD,14.0,226,18.3358407079646,-0.0013877715205145643,10.21470442477876,-0.19610301894744636,-0.0949017025503811,0.9385962192456199,-0.3910134581511076,0.0702855449419024,0.008956385634599648,0.014918147810504724,0.06243449178557381
lab005,F2,OFF->COLD,15.0,226,18.333185840707966,0.0019957918188004274,10.345417256637168,-0.06152068520682576,-0.05397001058581807,1.6275496931510107,-0.256431124410487,0.1175619909793155,0.008792873269606078,0.014754635445511154,0.10826299516667712
lab005,F2,OFF->COLD,16.0,226,18.336061946902653,0.000329537718918059,10.428275663716814,0.024794514420672733,-0.022770163118980058,1.8341985040496347,-0.17011592478298848,0.16589784963477933,0.00871214739532058,0.014673909571225656,0.12200906959356805
lab005,F2,OFF->COLD,17.0,226,18.331194690265484,-0.0036434804133916657,10.525022123893805,0.12177417868075671,-0.013381045199915675,2.0604361890610554,-0.07313626052290452,0.08966855624353824,0.008107068194026703,0.014068830369931779,0.137058176543717
lab005,F2,OFF->COLD,18.0,226,18.33407079646018,0.0018333436475027306,10.711661061946902,0.30922639266078716,0.05443081966033514,3.211258427700093,0.11431595345712596,0.25543883383991206,0.007069045392260031,0.013030807568165107,0.21360973314674023
lab005,F2,OFF->COLD,19.0,226,18.33716814159292,0.0024227984404980763,10.85057168141593,0.44773967546500604,0.07802960715941598,3.8627715090959422,0.2528292362613448,0.295040094849752,0.0060814049314178355,0.012043167107322911,0.2569477386644871
lab005,F2,OFF->COLD,20.0,226,18.340929203539822,0.0006776409431275314,10.802385840707965,0.39953510586516505,0.12935594599847455,3.340790812656147,0.20462466666150386,-0.03196361008618007,0.00502598101867123,0.010987743194576306,0.2222260992248015
lab005,F2,OFF->COLD,21.0,226,18.3429203539823,0.006279782164737977,10.771353097345132,0.36739693321420364,0.14031211694070667,3.1558828859303447,0.17248649401054242,-0.08542837608646095,0.003933914682859456,0.009895676858764533,0.20992620690099864
lab005,F2,OFF->COLD,22.0,226,18.34424778761062,-0.00046413763227906064,10.723861172566373,0.3178765351143473,0.1831378806790669,2.590163840101711,0.12296609591068608,0.042280315715150965,0.0029810716264089304,0.008942833802314004,0.1722951357380244
lab005,F2,OFF->COLD,23.0,226,18.34977876106195,0.004734203849248003,10.60245088495575,0.19456922260353537,0.12749333661538653,1.7177408399222687,-0.00034121660012583263,-0.11372512379531877,0.002089371146711128,0.008051133322616203,0.11426242100790567
lab005,F2,OFF->COLD,24.0,226,18.34712389380531,-0.0006869236957728607,10.46301946902655,0.053281536915185786,0.12629189584367584,1.3262229668453445,-0.14162890228847544,-0.11211206447024122,0.0009066057849569808,0.006868367960862056,0.08821903948845615
lab005,F2,OFF->COLD,25.0,226,18.345353982300885,-0.002381026053592538,10.393245464601769,-0.019451998035668175,0.12414857877627128,0.9988253151595728,-0.21436243723932938,0.0341995062634811,-0.0001412846814329402,0.005820477494472135,0.06644087165051143
lab005,F2,OFF->COLD,26.0,226,18.34800884955752,0.002264991645522761,10.431172455752211,0.016251326253673107,0.12638624505621987,1.3811949070121112,-0.1786591129499881,0.05256601119363654,-0.0010013328282383366,0.00496042934766674,0.09187571855492159
lab005,F2,OFF->COLD,27.0,226,18.345796460176988,-0.0010582338015965524,10.391496460176992,-0.02524481738165835,0.09869258502059974,1.4386288431442222,-0.22015525658531956,-0.013648726931954404,-0.0018357467538254754,0.0041260154220796,0.09569616715691523
lab005,F2,OFF->COLD,28.0,226,18.345575221238935,-0.000529116900798064,10.460290486725665,0.04187784226223439,0.21729479401394958,1.4227376854972675,-0.15303259694142682,-0.05356382277516735,-0.0022436983055469234,0.0037180638703581525,0.0946391030741625
lab005,F2,OFF->COLD,29.0,226,18.342256637168138,0.0010675165542419762,10.311217920353982,-0.11320920220998519,0.1178373672411901,1.7312508158992876,-0.30811964141364645,0.040504167818002486,-0.002752503337779689,0.003209258838125387,0.11516109124209692
lab005,F2,OFF->COLD,30.0,226,18.345132743362832,-0.00033882047156338837,10.39915110619469,-0.033021683970530576,0.1018243450459968,1.8482071778256197,-0.2279321231741918,0.037832481434397255,-0.003444401126024784,0.002517361049880291,0.12294091271189692
lab006,F3,COLD->OFF,-30.0,440,16.78090909090909,-0.009140178003814597,3.750005909090909,-0.11525722019034274,-0.10442194882292088,1.7257315229761756,-0.21943146060419322,0.1270048277078203,0.003857460131284822,0.008354626716982907,0.08227102231198019
lab006,F3,COLD->OFF,-29.0,440,16.775,-0.007585823267641426,3.760933181818182,-0.10358984876315445,-0.12928185280028648,1.7526060384977542,-0.20776408917700495,0.018918283975812154,0.00397403781128141,0.008471204396979494,0.08355221456967644
lab006,F3,COLD->OFF,-28.0,440,16.76125,-0.010561029879211535,3.7650153409090907,-0.09926855710646815,-0.12760808040853266,1.7652320681190858,-0.20344279752031863,-0.06035678287556672,0.003993889778844266,0.008491056364542351,0.08415413691440878
lab006,F3,COLD->OFF,-27.0,440,16.749886363636364,-0.009867291799109822,3.6854731818181814,-0.1793964872679694,-0.12224209689646409,1.2708941539973417,-0.2835707276818199,-0.007849786115980185,0.0038855037125774157,0.0083826702982755,0.060587501536369597
lab006,F3,COLD->OFF,-26.0,440,16.742954545454545,-0.009686109345200667,3.7219711363636363,-0.1431806207142486,-0.10711024535402358,1.3270893979570078,-0.2473548611280991,-0.06827072826859489,0.0036611766155565093,0.008158343201254595,0.06326650467682314
lab006,F3,COLD->OFF,-25.0,440,16.7275,-0.011307215511760959,3.649090113636364,-0.21550288279928856,-0.11319970283540248,0.7886231046597127,-0.319677123213139,-0.0064648537056748445,0.003326172416085328,0.007823339001783414,0.03759613136538737
lab006,F3,COLD->OFF,-24.0,440,16.71727272727273,-0.008548951048950837,3.7798756818181816,-0.08400028836755376,-0.059018191525493924,1.2177508202744012,-0.18817452878140428,0.12421478415703843,0.003062306766297327,0.007559473351995412,0.058053992507738725
lab006,F3,COLD->OFF,-23.0,440,16.711477272727272,-0.0037941036236488397,3.8012234659090907,-0.06210832091469331,-0.031341303032351164,1.1876974257624469,-0.1662825613285438,-0.020350578442905994,0.002722191246802237,0.007219357832500322,0.05662125314038936
lab006,F3,COLD->OFF,-22.0,440,16.707727272727272,-0.003349491417673154,3.825626931818182,-0.03900877522911263,-0.025043281936926176,1.169655866759375,-0.14318301564296312,0.1144160654038325,0.0022424195003500165,0.0067395860860481015,0.05576115556233456
lab006,F3,COLD->OFF,-21.0,440,16.710227272727273,-0.0015710425937699023,3.881003465909091,0.015940097563181734,-0.00365574871120794,1.3858858610403015,-0.08823414285066877,0.0005770300990727803,0.0015266963526826714,0.0060238629383807555,0.06606951607331715
lab006,F3,COLD->OFF,-20.0,440,16.707386363636363,0.0007867132867134414,3.955032045454545,0.09005776095312883,0.01732035735884563,2.2919678206749388,-0.01411647946072165,0.14113570769420442,0.0007455934872962861,0.005242760072994371,0.10926527863841523
lab006,F3,COLD->OFF,-19.0,440,16.71181818181818,0.001227749523203826,4.069603636363636,0.20476817260451605,0.057405726586909483,2.4993985318925995,0.10059393219066556,-0.08456576581326065,-4.05240566438907e-05,0.004456642529054195,0.1191541497887475
lab006,F3,COLD->OFF,-18.0,440,16.715113636363636,0.003430546726001796,3.948867045454546,0.08499078930034401,0.06864530561492299,0.7538666118847261,-0.019183451113506493,-0.05044583068174586,-0.0007737153343664738,0.003723451251331611,0.03593918058567065
lab006,F3,COLD->OFF,-17.0,440,16.721477272727274,0.007967260012714394,3.9894004545454544,0.1267183326472575,0.09369399546503754,1.0150608256323637,0.022544092233407004,0.08590743234327965,-0.0015106443635765137,0.0029865222221215713,0.04839112615246011
lab006,F3,COLD->OFF,-16.0,440,16.72965909090909,0.009349968213604612,4.0202926136363635,0.15928110623177197,0.11978387425775572,1.0631208884468133,0.05510686581792145,0.019755340752683533,-0.002331700887723193,0.002165465697974892,0.05068229974897866
lab006,F3,COLD->OFF,-15.0,440,16.73931818181818,0.013486172917991182,4.0719461363636364,0.2134771988385033,0.11722889799234792,2.1081126610251832,0.10930295842465285,-0.03368394858668993,-0.0032130467672320303,0.0012841198184660547,0.10050032781012434
lab006,F3,COLD->OFF,-14.0,440,16.754204545454545,0.015450572155117866,4.052413125,0.19652594231784487,0.16095545423272295,1.1372853329499224,0.09235170190399437,0.038288769000603004,-0.004025136335964796,0.00047203024973328876,0.05421795091327343
lab006,F3,COLD->OFF,-13.0,440,16.77590909090909,0.021267482517482655,4.143349602272727,0.2896703164896307,0.19208310932327688,1.5140409410252584,0.18549607607578025,0.05997407147207408,-0.004680651539027013,-0.00018348495332892804,0.0721790697926888
lab006,F3,COLD->OFF,-12.0,440,16.796022727272728,0.01748649078194539,4.158969431818181,0.30615603761142596,0.22722551016981496,1.513431557168886,0.20198179719757542,0.003069028831508571,-0.005282561432502483,-0.0007853948468043971,0.07215001855721175
lab006,F3,COLD->OFF,-11.0,440,16.81875,0.02757310870947223,4.204812443181818,0.35232222195920804,0.26362159790554607,1.730763212357966,0.24814798154535755,0.05686543234290432,-0.005798211246313173,-0.0013010446606150875,0.08251089869129226
lab006,F3,COLD->OFF,-10.0,440,16.84522727272727,0.026018753973299082,4.199100909090909,0.34789743765282116,0.27789539357269266,1.6115871695148034,0.24372319723897068,-0.012324217940377524,-0.006093954595822269,-0.0015967880101241828,0.07682940377202799
lab006,F3,COLD->OFF,-9.0,440,16.870568181818182,0.022361729179910805,4.160573522727273,0.309540388180506,0.3024392847969122,1.0686886838019447,0.20536614776665554,-0.03973601512858691,-0.0063361290433329295,-0.0018389624576348445,0.05094773397776332
lab006,F3,COLD->OFF,-8.0,440,16.89409090909091,0.024125874125874112,4.163138409090909,0.3109304142828499,0.2819043077294143,1.1124172782434842,0.20675617386899944,-0.05268968745849186,-0.0063390100916603746,-0.0018418435059622896,0.05303241292177835
lab006,F3,COLD->OFF,-7.0,440,16.91409090909091,0.020835982199618543,4.107236590909091,0.25245243447714205,0.2939147748045774,0.7005308269166658,0.14827819406329157,0.012988426824261368,-0.006136306873340003,-0.001639140287641918,0.033396496803916
lab006,F3,COLD->OFF,-6.0,440,16.935454545454544,0.021713286713286564,4.146438352272727,0.28931851069004016,0.2984796205576883,1.1958084949581211,0.18514427027618965,0.008783532987141148,-0.0057278167765420435,-0.0012306501908439587,0.05700793319223225
lab006,F3,COLD->OFF,-5.0,440,16.961363636363636,0.028703115066751408,4.097758181818182,0.23844661289192873,0.24123654189095767,1.1958233217514649,0.13427237247807824,-0.0426779136633338,-0.005082895027522049,-0.0005857284418239643,0.05700864003187084
lab006,F3,COLD->OFF,-4.0,440,16.988295454545455,0.026702956134774983,4.022395738636364,0.160670107100261,0.21007732976757199,1.5751752513172133,0.05649586668641054,-0.2310113866876623,-0.004129134155055171,0.0003680324306429136,0.07509353368182434
lab006,F3,COLD->OFF,-3.0,440,17.012840909090908,0.022037507946599023,3.75638,-0.10879843507597597,-0.006935066763516073,1.3388935754071676,-0.21297267548982646,-0.31851523145396615,-0.0030297245464363395,0.0014674420392617462,0.06382924675660033
lab006,F3,COLD->OFF,-2.0,440,17.02806818181818,0.00362126509853822,3.4949784659090906,-0.37239407549272247,-0.20043558209526374,0.9269787362629207,-0.4765683159065729,-0.12212243812317299,-0.0017590726745648616,0.002738093911133224,0.04419197730264257
lab006,F3,COLD->OFF,-1.0,440,17.02409090909091,0.0011347743165934304,3.4825189204545453,-0.3863209905683457,-0.31032622959029765,1.3550905425036148,-0.4904952309821962,0.004459996895658314,-0.0003376220727048118,0.004159544512993274,0.06460140686588554
lab006,F3,COLD->OFF,0.0,440,16.978522727272725,-0.04643873172282314,3.517575625,-0.35324274733288824,-0.3665309808230175,1.3632327878055532,-0.4574169877467387,0.07227821807302307,0.0012561561347071977,0.005753322720405283,0.0649895731802785
lab006,F3,COLD->OFF,1.0,440,16.96261363636364,-0.018556897647805964,3.5087801136363637,-0.363799463749684,-0.4416307439847236,1.748411968238095,-0.46797370416353457,-0.08583242315644678,0.002826999482928876,0.007324166068626961,0.08335227011521382
lab006,F3,COLD->OFF,2.0,440,16.92965909090909,-0.03550937698664929,3.4502893749999997,-0.42243878249408906,-0.4664472668153432,1.6739955557408868,-0.5266130229079395,0.05645881812795145,0.0045344619872233075,0.009031628572921394,0.07980460684811601
lab006,F3,COLD->OFF,3.0,440,16.887840909090908,-0.04657581055308363,3.5189719886363635,-0.3533790946562179,-0.38046486698732074,1.5386585369210144,-0.4575533350700684,0.02384794575731266,0.0060323270376823526,0.010529493623380438,0.07335266762887727
lab006,F3,COLD->OFF,4.0,440,16.84431818181818,-0.0443372536554357,3.577520340909091,-0.2933896465941155,-0.3542896553573933,1.5441254838664786,-0.39756388700796597,0.04162825824078721,0.007439043642618949,0.011936210228317035,0.07361329409837179
lab006,F3,COLD->OFF,5.0,440,16.807045454545452,-0.03389065479974586,3.5273811363636365,-0.34416852410442694,-0.3495198762484719,0.7931825103778021,-0.4483427645182774,-0.05350777814765591,0.008663526052995875,0.013160692638693959,0.037813492504456904
lab006,F3,COLD->OFF,6.0,440,16.768636363636364,-0.03133026064844221,3.630891477272727,-0.2420699086074875,-0.30763804822983654,1.624593524048383,-0.346244149021338,0.015843725577260628,0.009829286387650914,0.014326452973348999,0.07744945739553964
lab006,F3,COLD->OFF,7.0,440,16.741704545454546,-0.025315479974570877,3.5647635227272727,-0.3086650996720449,-0.25773388962841215,1.0696331851320882,-0.4128393400858954,0.06436025956568418,0.010691573752357703,0.015188740338055787,0.05099276131195254
lab006,F3,COLD->OFF,8.0,440,16.7175,-0.025227272727272456,3.628846136363636,-0.24460373077674658,-0.2174014623227959,2.1261325466179026,-0.348777971190597,-0.03542936551858534,0.011448918051673857,0.015946084637371943,0.10135939214888152
lab006,F3,COLD->OFF,9.0,440,16.694772727272728,-0.018590273363000398,3.5532737500000002,-0.3209259699894767,-0.17936664834994687,0.5498695550055573,-0.4251002104033272,-0.0577221800080876,0.01193487564255585,0.016432042228253934,0.026214002483146016
lab006,F3,COLD->OFF,10.0,440,16.680909090909093,-0.010379847425301701,3.5837592045454545,-0.2927594498119478,-0.16166514158344691,0.551521113384553,-0.3969336902257983,0.031525435825704606,0.012191788111930627,0.01668895469762871,0.02629273743956239
lab006,F3,COLD->OFF,11.0,440,16.669772727272726,-0.013579148124602595,3.620894659090909,-0.25735569947993386,-0.12793359511636182,0.5645050089826991,-0.36152993989378435,0.011944088134585,0.012229679663320921,0.016726846249019007,0.02691172037533753
lab006,F3,COLD->OFF,12.0,440,16.66181818181818,-0.0057024793388430455,3.694481022727273,-0.18556286946914013,-0.09279346965710777,0.9067530918519163,-0.2897371098829906,0.10856705074868918,0.011987959145221687,0.016485125730919772,0.04322775753817873
lab006,F3,COLD->OFF,13.0,440,16.655227272727274,-0.0048013350286073035,3.7641752272727276,-0.11768890394585638,-0.06457301995190579,1.1066724233243332,-0.22186314435970686,0.07226486742667422,0.011382990985950869,0.015880157571648953,0.05275853770947565
lab006,F3,COLD->OFF,14.0,440,16.65068181818182,-0.003401938970121009,3.856290625,-0.02704201382614334,-0.035193981465411195,1.4736191711310105,-0.1312162542399938,0.06632810107100823,0.01070134587153725,0.015198512457235335,0.07025203752342585
lab006,F3,COLD->OFF,15.0,440,16.64818181818182,0.003268436109345142,3.966983238636364,0.08295975649625485,-0.012919389518531388,2.0271227316590372,-0.021214483917595627,0.09827838782651,0.009679244836446851,0.014176411422144937,0.09663928442231118
lab006,F3,COLD->OFF,16.0,440,16.65477272727273,0.004710743801652532,4.03503625,0.15086338729544121,0.017109081078687582,2.1115932540130076,0.04668914688159072,0.06272827498057398,0.00845732617093382,0.012954492756631904,0.10066625857023839
lab006,F3,COLD->OFF,17.0,440,16.658295454545453,0.008363000635727938,4.111542386363636,0.2273394847088222,0.0514180075407874,2.2825232124823205,0.1231652442949717,0.08271489852899254,0.007167354088533632,0.011664520674231717,0.10881502460932803
lab006,F3,COLD->OFF,18.0,440,16.667727272727273,0.009690877304513804,4.162831477272728,0.27936672210096264,0.07710893522597098,2.2384010300358517,0.17519248168711216,0.07854602984474368,0.00562563663183513,0.010122803217533215,0.1067115820933992
lab006,F3,COLD->OFF,19.0,440,16.679318181818182,0.013822314049586922,4.130601931818182,0.24855573587089547,0.08988932704805297,1.8921868807562636,0.14438149545704498,0.020300867905287588,0.0039653634300906735,0.008462530015788759,0.0902064701331204
lab006,F3,COLD->OFF,20.0,440,16.6925,0.012618404322949705,4.261874431818182,0.38113878188599876,0.1050415364650274,2.4422468360545637,0.2769645414721482,-0.022679115899227963,0.002354128759869441,0.006851295345567525,0.116429549594072
lab006,F3,COLD->OFF,21.0,440,16.707045454545455,0.014463604577241168,4.1567336363636365,0.2761639683426372,0.14213576606531225,1.9870304094830433,0.1719897279287867,-0.06305862856589738,0.0006983572388215623,0.0051955238245196475,0.09472795795677161
lab006,F3,COLD->OFF,22.0,440,16.720454545454544,0.014048792116973961,4.126420795454545,0.24632421852774347,0.13084235457167404,1.6781647402944486,0.142149978113893,0.009605205651035809,-0.0009290722978492477,0.0035680942878488376,0.0800033649230901
lab006,F3,COLD->OFF,23.0,440,16.733749999999997,0.012856802288620628,4.213426022727273,0.33443911157676764,0.11021583590990897,2.167267569032833,0.23026487116291716,-0.018506220841132924,-0.0023375120937723344,0.00215965449192575,0.10332042739790227
lab006,F3,COLD->OFF,24.0,440,16.747045454545454,0.01185314685314698,4.110723522727273,0.2310980606855133,0.11008023621472818,1.7948638209445096,0.12692382027166282,0.05349758789819663,-0.0037453050807291837,0.0007518615049689014,0.08556677530304946
lab006,F3,COLD->OFF,25.0,440,16.760227272727274,0.01412031150667536,4.143585,0.26302493334975424,0.13036720011769176,1.971409364311563,0.15885069293590373,-0.07411174749257751,-0.0050441649730797984,-0.000546998387381713,0.09398325384797551
lab006,F3,COLD->OFF,26.0,440,16.771988636363638,0.011793547361729129,4.0415588636363635,0.1614780146197548,0.12342714415446182,1.4790953475617572,0.057303774205904316,-0.03604301738017147,-0.00610536663703143,-0.001608200051333346,0.07051310399136712
lab006,F3,COLD->OFF,27.0,440,16.786022727272726,0.011240464081373353,3.9947976704545454,0.11450571818900676,0.08086578931031863,1.5180211081962582,0.010331477775156271,-0.03936601417296927,-0.007090460582269771,-0.002593293996571686,0.07236881681751339
lab006,F3,COLD->OFF,28.0,440,16.798522727272726,0.009924507310871009,3.9031970454545455,0.022862960148949275,0.06587019463184096,1.2732432731274246,-0.08131128026490123,-0.02737656503620254,-0.007825501257045167,-0.0033283346713470826,0.06069949139678036
lab006,F3,COLD->OFF,29.0,440,16.80352272727273,0.005239987285442113,3.8815773863636367,0.001958736335713118,0.01699495433730916,1.3107872245208485,-0.10221550407813738,-0.019546577243142585,-0.008359463536246963,-0.0038622969505488778,0.06248932905208459
lab006,F3,COLD->OFF,30.0,440,16.805227272727272,0.00030412769049122833,3.9109005681818183,0.032815063325728346,0.034079786459846106,1.3451896679943047,-0.07135917708812213,0.011170688973165007,-0.008796020823309204,-0.004298854237611119,0.06412940119361342
lab006,F3,HOT->OFF,-30.0,23,17.76739130434783,0.07192155670416372,1.6053891304347825,0.3660743039258794,0.03862804262179531,1.1409847549544998,0.36095541686588817,-0.4702814343745975,-0.018588458482176076,-0.022184181982869557,0.23791176762739258
lab006,F3,HOT->OFF,-29.0,23,17.83478260869565,0.07488598358163509,1.2503456521739131,0.009996784381304856,-0.047743809774066115,0.8845854308247545,0.004877897321313539,-0.08079847235320196,-0.01944633271446956,-0.023042056215163042,0.18444881279184874
lab006,F3,HOT->OFF,-28.0,23,17.908695652173915,0.09280936454849431,1.1560978260869565,-0.08435879920207334,-0.13378233267040185,0.6382375680121819,-0.08947768626206465,0.03763587980701987,-0.019959609621825043,-0.023555333122518524,0.13308173252327252
lab006,F3,HOT->OFF,-27.0,23,17.991304347826087,0.09226208574034661,1.248454347826087,0.010615684758055015,-0.12575002597312102,1.033248050583821,0.0054967976980637035,-0.17922860569674576,-0.019576999779378882,-0.023172723280072364,0.21544711184310023
lab006,F3,HOT->OFF,-26.0,23,18.082608695652176,0.06238978412891489,1.1677347826086957,-0.06823235483489541,-0.08999412752907465,1.1163899421966808,-0.0733512418948867,-0.014667513559589526,-0.019229110017092207,-0.02282483351778569,0.23278339465635248
lab006,F3,HOT->OFF,-25.0,23,18.110869565217392,0.014274855579203112,1.0829260869565218,-0.15344744460984447,-0.13557650736600635,1.1548854391721177,-0.1585663316698358,-0.04727824003518534,-0.018876274788933434,-0.022471998289626916,0.2408102606520216
lab006,F3,HOT->OFF,-24.0,23,18.108695652173914,-0.011675281240498422,1.0076239130434783,-0.22814093847455452,-0.1307402805467761,0.7796928237883103,-0.23325982553454583,0.014031139995083963,-0.017876697296279755,-0.02147242079697323,0.16257719229672557
lab006,F3,HOT->OFF,-23.0,23,18.104347826086958,0.016372757677105478,0.9275956521739132,-0.30620884588849406,-0.14123279600757355,0.6568075900987873,-0.31132773294848537,-0.11045156397448555,-0.016710442474705347,-0.020306165975398825,0.136953849797688
lab006,F3,HOT->OFF,-22.0,23,18.143478260869564,0.02417148069321816,0.9734217391304348,-0.26011365938291137,-0.09881764360093892,0.6323431892467329,-0.2652325464429027,0.039114118418157574,-0.01492030381971654,-0.01851602732041002,0.13185266958876446
lab006,F3,HOT->OFF,-21.0,23,18.169565217391305,0.008802067497719187,0.9665673913043478,-0.26751801249775337,-0.05789349411597877,0.6112921271238747,-0.27263689955774467,-0.010963251242358278,-0.013301324011841118,-0.016897047512534596,0.1274632197049376
lab006,F3,HOT->OFF,-20.0,23,18.16086956521739,-0.011173608999697486,0.9672043478260869,-0.2704450294260219,-0.13197719670347363,0.570541825150072,-0.2755639164860132,-0.011376237962136179,-0.01176032058190711,-0.015356044082600587,0.11896619436622127
lab006,F3,HOT->OFF,-19.0,23,18.15434782608696,-0.022940103374884797,0.941695652173913,-0.29904428253315696,-0.08573381409420944,0.5890936473500383,-0.3041631695931482,-0.018755819321082695,-0.010222892714017145,-0.013818616214710621,0.12283451670193829
lab006,F3,HOT->OFF,-18.0,23,18.110869565217392,-0.05969899665551853,1.0060130434782608,-0.2380974181686172,-0.14037275637741264,0.46296587827916547,-0.24321630522860851,0.02933401965739595,-0.00853080365802642,-0.012126527158719898,0.0965350588377992
lab006,F3,HOT->OFF,-17.0,23,18.043478260869566,-0.06777135907570807,0.9976108695652175,-0.24904604878330786,-0.059058814744750054,0.43545818208945797,-0.25416493584329913,0.00299191532402756,-0.006444749657738225,-0.010040473158431701,0.0907993076847423
lab006,F3,HOT->OFF,-16.0,23,17.969565217391306,-0.05449984797810776,1.011304347826087,-0.2366161738317957,-0.13234883966014666,0.4376825264473695,-0.24173506089178698,0.03685360659852625,-0.00480274771490189,-0.008398471215595367,0.09126311554519338
lab006,F3,HOT->OFF,-15.0,23,17.919565217391305,-0.059790209790209735,1.0221804347826087,-0.22553547690475076,-0.03027653215013071,0.4717587415790679,-0.23065436396474207,-0.014419031890813542,-0.0032235717097965815,-0.006819295210490058,0.0983684975766623
lab006,F3,HOT->OFF,-14.0,23,17.85,-0.07301611432046422,1.0836108695652173,-0.16313602326730317,-0.013382512203280128,0.46536096724826537,-0.16825491032729448,0.0729490862276687,-0.002130404827559667,-0.005726128328253144,0.09703446941080562
lab006,F3,HOT->OFF,-13.0,23,17.77826086956522,-0.05721343873517773,1.1038260869565217,-0.14132803368414903,0.005978128675974803,0.5072160724288068,-0.14644692074414034,-0.027841504325369793,-0.0008078247874275994,-0.004403548288121077,0.10576186214282346
lab006,F3,HOT->OFF,-12.0,23,17.72826086956522,-0.05317725752508319,1.0596739130434782,-0.18362581131074435,-0.031287317220271005,0.47360897369762556,-0.18874469837073563,-0.0073305758597488,0.0007293689598016327,-0.002866354540891844,0.09875429764273294
lab006,F3,HOT->OFF,-11.0,23,17.682608695652174,-0.046564305259958964,1.0793021739130435,-0.16225136842815163,-0.0657690711699569,0.44061822368737796,-0.1673702554881429,-0.00022959150181442334,0.0017019869584764874,-0.0018937365422169897,0.09187525073504273
lab006,F3,HOT->OFF,-10.0,23,17.643478260869564,-0.04186682882334959,1.0520065217391303,-0.1881594356471094,-0.0657690711699569,0.4313536139928811,-0.1932783227071007,-0.04223236515965803,0.0026063319933962016,-0.0009893915072972756,0.08994344607312721
lab006,F3,HOT->OFF,-9.0,23,17.60217391304348,-0.02476436606871447,1.0217239130434783,-0.2171824343547719,-0.14300596896395845,0.37894941204839816,-0.2223013214147632,-0.03953617774889647,0.003107061169198595,-0.000488662331494882,0.07901641461054473
lab006,F3,HOT->OFF,-8.0,23,17.59565217391304,-0.033657646701125324,1.0369760869565217,-0.20228022512773997,-0.08948682893213955,0.4053944611381287,-0.20739911218773124,0.006769520300460531,0.003688310473795181,9.25869731017037e-05,0.08453058852620048
lab006,F3,HOT->OFF,-7.0,23,17.565217391304348,-0.03110367892976462,0.9965717391304348,-0.2411946697684412,-0.12389225275756532,0.40595219735510496,-0.24631355682843245,0.0265326128994685,0.004177080991429854,0.0005813574907363762,0.0846468845666817
lab006,F3,HOT->OFF,-6.0,23,17.543478260869566,-0.017558528428093467,1.0239152173913042,-0.2109440557337772,-0.11786674007046483,0.3896627660225424,-0.21606294279376853,0.05367971579035781,0.004517565548101671,0.0009218420474081944,0.08125030333704945
lab006,F3,HOT->OFF,-5.0,23,17.530434782608697,-0.0197932502280338,1.0324891304347827,-0.19740834661774634,-0.07969526774037983,0.3668943396346465,-0.20252723367773767,-0.03678431275184512,0.004447116350768144,0.0008513928500746667,0.0765027582497757
lab006,F3,HOT->OFF,-4.0,23,17.51739130434783,-0.025904530252356162,1.0676217391304348,-0.15753556537847957,-0.05975268731017247,0.41251543469948165,-0.16265445243847088,0.04146371833919762,0.0041603464135188265,0.0005646229128253491,0.0860154141558619
lab006,F3,HOT->OFF,-3.0,23,17.5,-0.015004560656733685,1.605971739130435,0.3814490776905911,-0.05328132003584207,1.2247240720971193,0.37633019063059975,0.5274219643465318,0.00368517217442649,8.944867373301289e-05,0.25537262227492546
lab006,F3,HOT->OFF,-2.0,23,17.482608695652175,-0.01117360899969656,1.6220521739130436,0.39694870898682305,-0.026062475028778342,1.4540286387311656,0.3918298219268317,0.4425438242373888,0.0030144643398588144,-0.0005812591608346626,0.30318592962723506
lab006,F3,HOT->OFF,-1.0,23,17.471739130434784,-0.0073426573426552625,1.913578260869565,0.6874958165505644,0.04660607769271019,1.4089452663127462,0.6823769294905732,-0.4008716679990193,0.002553785552440993,-0.0010419379482524839,0.29378539664369147
lab006,F3,HOT->OFF,0.0,23,17.558695652173913,0.14001216175129402,2.353707608695652,1.127604454044397,0.10618647589786834,1.9521107027389337,1.1224855669844056,0.8309901881333398,0.0017267048803831255,-0.0018690186203103515,0.40704321935615323
lab006,F3,HOT->OFF,1.0,23,17.669565217391302,0.11885071450288473,2.494258695652174,1.2718695277677536,0.49640166912535477,1.6909749385994164,1.2667506407077622,-0.6448536992796592,0.0009656196519171431,-0.0026301038487763343,0.3525926485072553
lab006,F3,HOT->OFF,2.0,23,17.80217391304348,0.14338704773487282,1.9281391304347826,0.71148387410532,0.15517464871880393,1.4130713723451986,0.7063649870453288,-0.3980721461325453,0.00047211832985277513,-0.0031236051708407016,0.29464574922538567
lab006,F3,HOT->OFF,3.0,23,17.965217391304346,0.14087868653085933,1.343554347826087,0.13031240629119498,0.04660607769271019,1.2277720712446996,0.12519351923120373,-0.538088670164808,0.0002098313325650537,-0.0033858921681284232,0.2560081740312296
lab006,F3,HOT->OFF,4.0,23,18.082608695652176,0.10799635147461087,1.0037130434782608,-0.20441900219374878,-0.027645659624382812,1.0100838072208125,-0.20953788925374006,0.057980188589702435,0.00035044389131599424,-0.0032452796093774827,0.210617033211187
lab006,F3,HOT->OFF,5.0,23,18.171739130434784,0.05231073274551604,1.0982391304347825,-0.10499602781592764,-0.05001195473592246,1.0148295298976258,-0.1101149148759189,-0.0790185933159135,0.0005168113420423375,-0.0030789121586511396,0.2116065847944201
lab006,F3,HOT->OFF,6.0,23,18.207608695652173,0.05317725752508319,1.0102739130434784,-0.18864908551271728,-0.07676674751879742,0.8276737757776986,-0.1937679725727086,-0.08217800304829406,0.0009167824685011027,-0.002678941032192374,0.17258191238669351
lab006,F3,HOT->OFF,7.0,23,18.22391304347826,0.037899057464275424,0.7918978260869566,-0.4054179775866511,-0.37371506776419205,0.6790666183684284,-0.41053686464664235,-0.10866215369683355,0.0016725404281733736,-0.001923183072520103,0.14159517803481206
lab006,F3,HOT->OFF,8.0,23,18.27173913043478,0.02921100638491874,0.8062260869565216,-0.3873543389874935,-0.20476232819845763,0.6932438212342109,-0.39247322604748475,0.11146138127174625,0.0023532550125693573,-0.0012424684881241195,0.144551329183339
lab006,F3,HOT->OFF,9.0,23,18.295652173913044,-0.008528428093646498,0.8750956521739129,-0.3149335773806075,-0.1632756198785117,0.5413391932551764,-0.32005246444059876,0.0652520698784099,0.003269750173992404,-0.00032597332670107284,0.11287702468773268
lab006,F3,HOT->OFF,10.0,23,18.286956521739132,-0.003329279416235726,0.9068108695652173,-0.28099345006836035,-0.14248236718144947,0.4704516392246665,-0.2861123371283516,0.007003158733708433,0.004035256982714737,0.00043953348202126056,0.09809594789512167
lab006,F3,HOT->OFF,11.0,23,18.266304347826086,-0.03128610519914703,0.9322195652173914,-0.2545237785138826,-0.12875427741365664,0.42691523050829017,-0.2596426655738739,0.06521122625263631,0.004808175105127432,0.0012124516044339558,0.08901797914147715
lab006,F3,HOT->OFF,12.0,23,18.252173913043478,-0.004058984493766762,0.9599586956521738,-0.22554424940503354,-0.1422588108708165,0.37956312564396,-0.23066313646502487,0.09309696197294488,0.0057533215515387275,0.002157598050845251,0.07914438274132217
lab006,F3,HOT->OFF,13.0,23,18.230434782608697,-0.010443903922164597,1.055286956521739,-0.12901847333487734,-0.08312975385756993,0.3649105466654858,-0.13413736039486862,0.004272892903507787,0.006282992175667156,0.0026872686749736794,0.07608910882120061
lab006,F3,HOT->OFF,14.0,23,18.203260869565216,-0.03940407418668055,0.9913934782608697,-0.19263178123136648,-0.1416544274222883,0.36287002455023804,-0.19775066829135782,-0.007583433490039954,0.006936272833370631,0.0033405493326771536,0.07566363054796922
lab006,F3,HOT->OFF,15.0,23,18.16086956521739,-0.05112496199452759,1.079708695652174,-0.10419223595487276,-0.09913534224719012,0.37710246562204497,-0.10931112301486405,0.034598496738377366,0.007433824675507939,0.003838101174814462,0.07863129965865889
lab006,F3,HOT->OFF,16.0,23,18.108695652173914,-0.05007601094557618,1.0196,-0.16406474265344884,-0.1129686228017941,0.3308470137740494,-0.16918362971344014,0.01634793684212231,0.007563380990197787,0.003967657489504311,0.06898637121962886
lab006,F3,HOT->OFF,17.0,23,18.05217391304348,-0.06020066889632086,1.1420695652173913,-0.04106972081708967,-0.022506741674069186,0.2811106649553286,-0.04618860787708097,0.04385041804725796,0.008143004730883686,0.004547281230190209,0.05861562558835501
lab006,F3,HOT->OFF,18.0,23,17.98913043478261,-0.04546974764366218,1.1160826086956521,-0.06335776831325256,-0.03494113796216858,0.2610753079460748,-0.06847665537324386,0.025351655166721915,0.007943181306054623,0.004347457805361147,0.054437964861146146
lab006,F3,HOT->OFF,19.0,23,17.943478260869565,-0.06407722712070521,1.1349782608695653,-0.040093672510739024,0.025735360769271187,0.28598391339722656,-0.045212559570730323,-0.016785200668889284,0.00802216073323444,0.004426437232540963,0.059631768131771914
lab006,F3,HOT->OFF,20.0,23,17.878260869565217,-0.055822438431134644,1.1570152173913042,-0.016810348419164227,0.06917681381654084,0.2695939378933122,-0.02192923547915553,0.017200782340885793,0.007741928466419205,0.004146204965725727,0.05621422199316341
lab006,F3,HOT->OFF,21.0,23,17.82608695652174,-0.04889024019459004,1.1591500000000001,-0.013356511805524007,0.024308578711432882,0.2638387436281621,-0.018475398865515306,0.012377986722827465,0.007301024700079655,0.003705301199386178,0.055014181033180995
lab006,F3,HOT->OFF,22.0,23,17.769565217391303,-0.045515354211005235,1.1594934782608697,-0.010766050679941264,0.019933950341955442,0.30753236479696516,-0.015884937739932558,0.02636764275864535,0.006971451291714503,0.0033757277910210263,0.06412493084922576
lab006,F3,HOT->OFF,23.0,23,17.743478260869566,-0.03338400729705078,1.3416521739130436,0.17479932017826577,0.00011087962126377082,0.808576608704237,0.16968043311827447,0.048029322258649074,0.0065541096867485936,0.002958386186055117,0.16859987778422061
lab006,F3,HOT->OFF,24.0,23,17.715217391304346,-0.051033748859836844,1.2673260869565217,0.10160533900952261,0.029350596486559466,0.3613394645871162,0.09648645194953132,0.017355583296263653,0.00598924457659747,0.0023935210759039936,0.07534448673407966
lab006,F3,HOT->OFF,25.0,23,17.652173913043477,-0.02088780784433012,1.2515521739130435,0.08547555209527669,-0.00513088077079582,0.29906403705233614,0.08035666503528538,-0.08422786050025524,0.005252113401895942,0.0016563899012024652,0.06235916245151117
lab006,F3,HOT->OFF,26.0,23,17.64782608695652,-0.0007297050775310355,1.2238065217391303,0.05670269730584591,-0.02305079512789887,0.3291953967321381,0.051583810245854594,-0.07356450110307837,0.004434830161737059,0.0008391066610435826,0.06864198525988804
lab006,F3,HOT->OFF,27.0,23,17.643478260869564,0.0006384919428393664,1.1327760869565218,-0.04824048070134249,-0.02731270698742161,0.28447266961135104,-0.05335936776133379,-0.1626321948515508,0.003479236650199789,-0.00011648685049368773,0.059316652019262686
lab006,F3,HOT->OFF,28.0,23,17.652173913043477,-0.012541806020067424,0.9891913043478261,-0.2035674343660591,-0.08643247561809964,0.36273010663568384,-0.2086863214260504,0.06358724113399852,0.0031711032672681193,-0.0004246202334253572,0.07563445564599987
lab006,F3,HOT->OFF,29.0,23,17.62391304347826,-0.01901793858315554,1.2981326086956522,0.0900378352678481,-0.09928138143063803,1.415959536527731,0.08491894820785674,0.11237717325555856,0.002156320715312277,-0.001439402785381199,0.29524797308760703
lab006,F3,HOT->OFF,30.0,23,17.61304347826087,-0.012336576467013255,1.124204347826087,-0.09015899181604194,-0.054343595645288345,0.6459800297953527,-0.09527787887603326,0.16775691198982265,0.0013521912860034915,-0.0022435322146899844,0.1346961474053497
lab006,F3,OFF->COLD,-30.0,457,16.881728665207877,0.00022723447231083054,3.82389261487965,0.07062873611672717,-0.055599272221538154,1.78535827228264,-0.1150094386406453,-0.03818923874072635,-0.0057807355091875805,-0.0007627747933316483,0.08351553741641118
lab006,F3,OFF->COLD,-29.0,457,16.876477024070024,-0.0028874845067407397,3.7368063457330414,-0.0187754959548256,-0.07852418134833761,1.6257809462376862,-0.20441367071219807,-0.048750272114475954,-0.006027115293839189,-0.0010091545779832565,0.07605082495448111
lab006,F3,OFF->COLD,-28.0,457,16.87308533916849,-0.005364110725160626,3.7287246170678334,-0.028618276707695893,-0.08388200270771629,1.7691513885457903,-0.21425645146506836,-0.03805090733099853,-0.006292872017380496,-0.0012749113015245643,0.08275741137182868
lab006,F3,OFF->COLD,-27.0,457,16.867833698030637,-0.0047168367737298895,3.696664442013129,-0.06218638877025291,-0.06847066456136242,1.7323255417538184,-0.24782456352762539,0.013895374463811581,-0.006523135474073021,-0.0015051747582170887,0.08103477091730871
lab006,F3,OFF->COLD,-26.0,457,16.863019693654266,-0.0060687671190955625,3.6176548140043767,-0.14314719998050673,-0.08201042789701685,1.5384172943960384,-0.32878537473787917,-0.04297012205750344,-0.006695073634508113,-0.0016771129186521812,0.07196412569221651
lab006,F3,OFF->COLD,-25.0,457,16.854923413566738,-0.0054765803124665995,3.7244619256017506,-0.03823290688873022,-0.07411707261229256,1.7553495607232215,-0.22387108164610267,0.0012603953482967574,-0.0067701480194228576,-0.0017521873035669258,0.08211178909767478
lab006,F3,OFF->COLD,-24.0,457,16.850656455142232,-0.008217165766399866,3.64844567833698,-0.11449429025186628,-0.0854568793891417,1.2643160215997786,-0.30013246500923874,-0.03229296466438514,-0.006859960917406615,-0.0018420002015506842,0.05914220896015682
lab006,F3,OFF->COLD,-23.0,457,16.843107221006566,-0.007427583357561475,3.660327352297593,-0.10321141260071551,-0.07059593276978193,1.2865639463251828,-0.28884958735808797,0.08312894411039601,-0.006915843679066312,-0.001897882963210381,0.060182922983043896
lab006,F3,OFF->COLD,-22.0,457,16.8335886214442,-0.009853713026579544,3.758093654266958,-0.005350365908550345,-0.05991285161722404,1.7647061526786483,-0.19098854066592283,0.07705434797603793,-0.006997096199171037,-0.0019791354833151057,0.08254947200853639
lab006,F3,OFF->COLD,-21.0,457,16.8281181619256,-0.00725543603005335,3.8572694748358862,0.09445934433349805,-0.034194108242915355,2.679880179702954,-0.09117883042387441,0.08007606151991103,-0.007118680064255014,-0.0021007193483990826,0.12535950732920972
lab006,F3,OFF->COLD,-20.0,457,16.821772428884028,-0.002690088904531754,3.821482002188184,0.0595023960927643,-0.010925593229086594,2.4923732085620043,-0.12613577866460818,-0.1775096074428341,-0.007170343312970011,-0.0021523825971140804,0.11658830117564681
lab006,F3,OFF->COLD,-19.0,457,16.816301969365426,-0.0014575140395705916,3.721822264770241,-0.03945690183890338,-0.00380223438041416,1.3000523619150983,-0.22509507659627584,-0.04929209457199392,-0.007306891136749438,-0.0022889304208935073,0.06081388445132524
lab006,F3,OFF->COLD,-18.0,457,16.815207877461706,-0.0013106149867642615,3.7541193654266958,-0.007215207407925976,0.01344030173706745,1.1574831464719362,-0.19285338216529846,0.10439947518499691,-0.007324946577666468,-0.002306985861810537,0.05414477784587701
lab006,F3,OFF->COLD,-17.0,457,16.815207877461706,0.0029219139722421687,3.7842650984682713,0.0227213097348508,0.009087828294353617,1.109010888885838,-0.16291686502252165,0.03873854510937071,-0.007406214038524891,-0.0023882533226689583,0.0518773412730966
lab006,F3,OFF->COLD,-16.0,457,16.819146608315098,0.0031376719560528028,3.821103829321663,0.05859677682229207,0.02668120909716931,1.401863187569443,-0.1270413979350804,0.05303827440774435,-0.007447676545459471,-0.0024297158296035385,0.06557639399987655
lab006,F3,OFF->COLD,-15.0,457,16.822210065645514,0.005847270891034387,3.8776910284463897,0.1150404841966733,0.0478249171378442,1.6397039283657067,-0.07059769056069916,0.01741847354008426,-0.007490900663736546,-0.0024729399478806134,0.07670211458800327
lab006,F3,OFF->COLD,-14.0,457,16.82582056892779,0.00355541613747287,3.9124210065645513,0.15085050157018717,0.07155963772212015,2.264579073217463,-0.03478767318718528,0.031959123412559146,-0.007550200697226483,-0.0025322399813705507,0.10593254096832283
lab006,F3,OFF->COLD,-13.0,457,16.83129102844639,0.007537757647166771,3.900418490153173,0.14077775673783058,0.08643650552159787,2.0882729037648304,-0.0448604180195419,-0.0746822680375151,-0.007560524727319881,-0.002542564011463949,0.09768528621824962
lab006,F3,OFF->COLD,-12.0,457,16.840262582056894,0.010618047160716702,3.8616695842450763,0.10454359492013038,0.12556638730916947,0.756347662371281,-0.0810945798372421,0.03182297923469541,-0.007576874987776868,-0.0025589142719209352,0.0353804513509902
lab006,F3,OFF->COLD,-11.0,457,16.8554704595186,0.0113318847454516,3.8711503282275714,0.11745268589995574,0.11812859790165375,0.7678627934507654,-0.06818548885741672,-0.0024470320252384077,-0.007366206824923545,-0.0023482461090676135,0.03591910646321818
lab006,F3,OFF->COLD,-10.0,457,16.864770240700217,0.013898027574176623,3.8604946389496715,0.11016151251822844,0.14431691760290644,0.6104266600040078,-0.07547666223914404,0.004945948179389915,-0.0072452401042034376,-0.002227279388347505,0.028554554766399832
lab006,F3,OFF->COLD,-9.0,457,16.879540481400436,0.016177258190387175,3.8983312363238514,0.15096194813568778,0.1586263872117697,0.7405674866638959,-0.0346762266216847,0.026270495566077495,-0.0069671454752961584,-0.001949184759440226,0.03464228586611937
lab006,F3,OFF->COLD,-8.0,457,16.898468271334792,0.02115575890192958,3.894143490153173,0.14810202356150093,0.18759338286230243,0.6953991216630996,-0.03753615119587154,0.007410862669477877,-0.006684615069841937,-0.0016666543539860046,0.03252939886980845
lab006,F3,OFF->COLD,-7.0,457,16.920350109409192,0.0233500635032363,3.8881077133479214,0.14418217615573456,0.20305261083122605,0.675245646828505,-0.04145599860163791,0.0037859861446977207,-0.00635811607432074,-0.0013401553584648077,0.031586659080406206
lab006,F3,OFF->COLD,-6.0,457,16.941356673960613,0.024614772535997375,3.9234573304157547,0.1811782409165124,0.1935277872591321,0.7526147707716483,-0.004459933840860068,0.045031161493976464,-0.005771988499039413,-0.00075402778318348,0.03520583404705716
lab006,F3,OFF->COLD,-5.0,457,16.96892778993435,0.025778488469954234,3.953016557257476,0.21183811457781276,0.2391296919993442,1.2429167808846602,0.026199939820440298,0.05054917047087504,-0.005165164404417783,-0.0001472036885618505,0.05814119470079401
lab006,F3,OFF->COLD,-4.0,457,16.990481400437638,0.0185414148215016,4.05649989059081,0.31534195326917397,0.2290545260777187,1.947373400829493,0.1297037785118015,0.003040354480028277,-0.004429028933787761,0.0005889317820681708,0.09109428546952873
lab006,F3,OFF->COLD,-3.0,457,17.00229759299781,0.008673930008722136,3.9860834792122537,0.24490369214034555,0.2208214942170308,1.8238393897447798,0.05926551738297306,-0.06981941827169275,-0.0035556909937406343,0.0014622697221152983,0.08531560816698706
lab006,F3,OFF->COLD,-2.0,457,17.00733041575492,0.0031399672537528746,3.9479946389496714,0.20594236432027704,0.21880581282599398,1.4098598762902628,0.020304189562904567,-0.031017596974257076,-0.002560081530160073,0.0024578791856958594,0.06595046332054973
lab006,F3,OFF->COLD,-1.0,457,17.01148796498906,0.0015608024360751584,3.8862675054704594,0.14376972197845123,0.21784730840520172,1.1860466122963798,-0.04186845277892123,-0.012272352906467573,-0.0014425360737513832,0.0035754246421045494,0.05548092042064088
lab006,F3,OFF->COLD,0.0,457,17.04835886214442,0.03833376688956587,3.893922592997812,0.15236681648966555,0.20735355166462943,1.3178594821731238,-0.033271358267706906,-0.08860107658637771,-0.00016130547793917802,0.0048566552379167545,0.061646866403057686
lab006,F3,OFF->COLD,1.0,457,17.075054704595185,0.03331854141482191,3.8327142231947486,0.0918533988989677,0.035685607829527566,1.8544905322662277,-0.09378477585840478,-0.1454742931856834,0.0013649880811326689,0.006382948796988601,0.08674940813859326
lab006,F3,OFF->COLD,2.0,457,17.103063457330418,0.02453214181879439,3.345490809628009,-0.3953912139929599,-0.26382845165194535,1.345251845805121,-0.5810293887503324,-0.45952387114866977,0.0029838723959704112,0.008001833111826343,0.06292822712787575
lab006,F3,OFF->COLD,3.0,457,17.117833698030637,-0.0032501415433579374,3.0181439824945295,-0.7222716244710317,-0.6551903569478084,0.8496534449170965,-0.907909799228404,-0.11520946837854268,0.004702706646300712,0.009720667362156645,0.03974511176360846
lab006,F3,OFF->COLD,4.0,457,17.09628008752735,-0.03707594374990464,3.1213631838074396,-0.617131813659822,-0.5807182213068653,1.3487437703034306,-0.8027699884171945,0.22520065980492074,0.006390012122128478,0.01140797283798441,0.0630915724662436
lab006,F3,OFF->COLD,5.0,457,17.050875273522976,-0.05037489862435173,3.3676131291028444,-0.36835353130948084,-0.4328990166417519,1.988232776221801,-0.5539917060668532,0.1794917581792874,0.008083028492203749,0.013100989208059681,0.09300560643370959
lab006,F3,OFF->COLD,6.0,457,17.003610503282275,-0.049733362917169954,3.4933809628008756,-0.2410899921166055,-0.38215160888696875,2.172432415269259,-0.42672816687397797,0.06898267700281249,0.009554883014933277,0.01457284373078921,0.10162210211739611
lab006,F3,OFF->COLD,7.0,457,16.951641137855578,-0.04804746675643792,3.4621020787746173,-0.2713698929254368,-0.3257438747641985,1.7159032773298628,-0.4570080676828092,-0.017478615019591318,0.011028494361453091,0.016046455077309025,0.0802665697891354
lab006,F3,OFF->COLD,8.0,457,16.90995623632385,-0.03691756820859641,3.5279018599562364,-0.2041943762273207,-0.26265094510350595,1.8775765441017251,-0.38983255098469316,0.07390153220561041,0.012263793539855423,0.017281754255711355,0.08782932622292158
lab006,F3,OFF->COLD,9.0,457,16.871663019693656,-0.03669033373628539,3.5256592997811818,-0.20339718128418868,-0.21666687233325055,1.5229905852408798,-0.3890353560415612,0.03115534804625553,0.013383511968941556,0.018401472684797488,0.07124249467525962
lab006,F3,OFF->COLD,10.0,457,16.841903719912473,-0.032503710731281964,3.458108096280087,-0.26787822343692547,-0.20601101581238013,1.1876226597809507,-0.45351639819429795,-0.05889326647020896,0.014259681097982802,0.019277641813838734,0.05555464481238408
lab006,F3,OFF->COLD,11.0,457,16.815207877461706,-0.017664611100059822,3.4762874179431074,-0.24840417184285798,-0.21737907944613344,1.301442667247514,-0.43404234660023044,-0.02831616062590253,0.014875224300487945,0.01989318501634388,0.060878920191664986
lab006,F3,OFF->COLD,12.0,457,16.795404814004378,-0.022927728726415648,3.4933887308533915,-0.23046996120345783,-0.15452813707013724,1.2948257976475726,-0.4161081359608303,0.029690803144394665,0.015309245143804091,0.020327205859660025,0.060569396087045424
lab006,F3,OFF->COLD,13.0,457,16.779759299781183,-0.01508699178283439,3.4763154266958423,-0.24672156615560178,-0.15888994881847296,1.0381079572537673,-0.43235974091297424,0.10031136650180406,0.015477652997140252,0.020495613712996182,0.04856064202478236
lab006,F3,OFF->COLD,14.0,457,16.76586433260394,-0.010491805787210809,3.65517647702407,-0.06719882522059066,-0.14039616504542785,2.440490986812498,-0.2528369999779631,0.137668502767945,0.01550525176131192,0.02052321247716785,0.11416135320725525
lab006,F3,OFF->COLD,15.0,457,16.755908096280088,-0.013840645131673426,3.738712910284464,0.01704377646864121,-0.09669365771412863,2.950119465870825,-0.16859439828873127,-0.0027338671727138546,0.015349179594945963,0.020367140310801897,0.1380007679465992
lab006,F3,OFF->COLD,16.0,457,16.745295404814005,-0.0060022034857924265,3.7065677242888406,-0.013343743194927484,-0.07443636080565685,2.3696090883922203,-0.19898191795229997,-0.06607469736531801,0.014889911355599344,0.019907872071455276,0.11084563785108957
lab006,F3,OFF->COLD,17.0,457,16.743873085339168,-0.0018798488163914787,3.6541993435448576,-0.06360653418882238,-0.013249036452649854,1.3110942098846698,-0.24924470894619485,0.08787862786521668,0.014214406481319088,0.019232367197175023,0.06133040031347209
lab006,F3,OFF->COLD,18.0,457,16.739934354485776,-0.0026717265229297326,3.716151094091904,0.00011713646823023534,-0.034287745759545185,1.5911114613615318,-0.18552103828914224,0.02092308961113289,0.013356289986334322,0.018374250702190252,0.07442905485582171
lab006,F3,OFF->COLD,19.0,457,16.735886214442015,-0.0009456626524462224,3.7753770240700217,0.06121968987210535,-0.02252331990044698,1.8742435076376847,-0.12441848488526712,0.014601204210008609,0.012299218907195004,0.01731717962305094,0.08767341335330638
lab006,F3,OFF->COLD,20.0,457,16.73851203501094,0.0008515554467415469,3.8219907549234136,0.11057681580020466,-0.0022425176701921234,2.092806295657128,-0.07506135895716778,0.09406102922053079,0.011142941257906646,0.01616090197376258,0.09789734934646444
lab006,F3,OFF->COLD,21.0,457,16.740371991247265,0.006605866780921446,3.9412425601750547,0.23319070046855514,0.05353945230850554,2.372679433033951,0.047552525711182646,0.10302175192423861,0.009908409097111482,0.014926369812967416,0.11098926251555533
lab006,F3,OFF->COLD,22.0,457,16.747045951859956,0.007824669859680871,4.05592363238512,0.35085836145255034,0.0476954745720638,2.6760222607482893,0.16522018669517788,0.13901320589613977,0.008439401904995307,0.01345736262085124,0.1251790414922907
lab006,F3,OFF->COLD,23.0,457,16.75656455142232,0.00879328548912779,4.002639168490154,0.3009437157642388,0.08071571985741599,2.539954602544783,0.11530554100686631,-0.08535465499820524,0.006903198584409624,0.011921159300265558,0.11881406490676232
lab006,F3,OFF->COLD,24.0,457,16.761706783369803,0.008777218405226819,4.032129102844639,0.3341622615160978,0.09682818486545663,2.6996586623137486,0.1485240867587254,-0.006209569178472112,0.005430721306525522,0.010448682022381455,0.12628470572225256
lab006,F3,OFF->COLD,25.0,457,16.76980306345733,0.007996817187189321,4.0189431072210064,0.3254668788063714,0.09682818486545663,2.5757402881887175,0.1398287040489989,0.02040041380501212,0.00398478660750318,0.009002747323359114,0.12048804867504366
lab006,F3,OFF->COLD,26.0,457,16.780087527352297,0.009073311808541372,4.001265426695842,0.3094968815374103,0.11784344579392592,2.2500791930893818,0.12385870678003778,-0.09016221845876309,0.002657541578313069,0.007675502294169002,0.10525426518459344
lab006,F3,OFF->COLD,27.0,457,16.79059080962801,0.010948570029532893,3.8243252735229762,0.1335192085688339,0.1191091529298296,1.2054894215258665,-0.05211896618853858,-0.07693909234500897,0.0014152871665375766,0.006433247882393509,0.05639041667519896
lab006,F3,OFF->COLD,28.0,457,16.79934354485777,0.011455830821257257,3.85777056892779,0.16823888785350408,0.08285239678293044,1.547449500537523,-0.01739928690386838,-0.009248222958986238,0.0002114131703148265,0.00522937388617076,0.07238663447472404
lab006,F3,OFF->COLD,29.0,457,16.814113785557986,0.01470367706691552,3.8313578227571115,0.14211059965518558,0.09190318009602638,1.3496670485999596,-0.043527575102186876,-0.026055860545830607,-0.0009117656060296327,0.0041061951098263,0.06313476160330175
lab006,F3,OFF->COLD,30.0,457,16.826805251641137,0.013500941072057088,3.7856324945295405,0.09732388967501113,0.0879215887183018,1.282182232466574,-0.08831428508236135,-0.057173958430079816,-0.0018022622540571531,0.0032156984617987797,0.05997795505398012
lab006,F3,OFF->HOT,-30.0,29,17.70344827586207,0.044417651314202444,1.7808017241379308,0.31549379912674036,-0.011823277740877214,1.3659639298505044,0.5688929088829122,0.48110911337333445,-0.012653722515649135,-0.008188500511307812,0.25365313389124416
lab006,F3,OFF->HOT,-29.0,29,17.78620689655172,0.07783940197733266,2.7732293103448273,1.294237674859865,0.031336546482963135,4.101196193866716,1.5476367846160368,0.2735081152298216,-0.014405569970246062,-0.009940347965904739,0.7615730141505179
lab006,F3,OFF->HOT,-28.0,29,17.856896551724137,0.08503737641668595,2.3760793103448274,0.8905829850928132,-0.057871537479860846,3.9938693680565396,1.143982094848985,-0.45057014940527257,-0.016114739369888696,-0.011649517365547372,0.7416429229362276
lab006,F3,OFF->HOT,-27.0,29,17.93103448275862,0.07046057390884825,1.9340896551724138,0.44653473156319573,-0.12705553678262804,3.979200792310253,0.6999338413193675,-0.746439902227455,-0.017577027374891765,-0.013111805370550442,0.7389190368024452
lab006,F3,OFF->HOT,-26.0,29,18.00344827586207,0.06930311068242044,1.3584896551724137,-0.12948137557523284,-0.018094790130061655,1.1092492287910534,0.12391773418093896,-0.17442150011087224,-0.018507061041929056,-0.014041839037587732,0.20598241066298864
lab006,F3,OFF->HOT,-25.0,29,18.05344827586207,0.04177718832891204,1.4095793103448275,-0.07799421485004249,-0.018094790130061655,0.971900477950776,0.17540489490612937,0.17108894107257383,-0.018885150691466762,-0.014419928687125438,0.1804773879275077
lab006,F3,OFF->HOT,-24.0,29,18.08103448275862,0.0303110682421021,1.6784327586206897,0.18848386651826582,0.02938645990498512,1.4263254469900588,0.4418829762744376,0.05067100409914293,-0.018802671287809547,-0.014337449283468221,0.26486198622935364
lab006,F3,OFF->HOT,-23.0,29,18.11551724137931,0.009295876537253585,1.4491275862068966,-0.044986927468781364,-0.03129184056604417,1.1057079523669822,0.20841218228739047,-0.08070032997941036,-0.018668300200743074,-0.01420307819640175,0.20532481213984233
lab006,F3,OFF->HOT,-22.0,29,18.117241379310343,0.0038340969375438468,1.4612241379310347,-0.03708311742038038,-0.04393520404519846,0.932324455856436,0.21631599233579146,-0.12528199121087702,-0.018287467941373044,-0.01382224593703172,0.17312830512099675
lab006,F3,OFF->HOT,-21.0,29,18.129310344827587,0.02908126356402118,1.2783551724137932,-0.22470614312405027,-0.05296729353005658,0.8944953883370316,0.028692966632121612,-0.13597355016241147,-0.01756796513679989,-0.013102743132458565,0.16610362363505843
lab006,F3,OFF->HOT,-20.0,29,18.16896551724138,0.024198215577526445,1.2351051724137931,-0.2727371408701972,-0.10091649744994036,0.7517062460216023,-0.019338031114025357,-0.09071071539071479,-0.016565036469337675,-0.012099814464996349,0.13958834556478358
lab006,F3,OFF->HOT,-19.0,29,18.179310344827588,-0.0024596093561607374,1.1349810344827587,-0.3763766364941708,-0.10176049776732687,0.8305403836310613,-0.12297752673799892,0.04182251720961479,-0.015141062965109106,-0.01067584096076778,0.15422747740806833
lab006,F3,OFF->HOT,-18.0,29,18.170689655172417,-0.011068242102724238,1.1694586206896551,-0.34628058416589685,-0.0891050539939039,0.7604334728347515,-0.09288147440972502,0.03949763592540005,-0.013772723017999271,-0.009307501013657946,0.14120895089919916
lab006,F3,OFF->HOT,-17.0,29,18.15689655172414,-0.01823004581625188,1.1776310344827585,-0.3426165348642936,-0.09053216322232338,0.7171304366287511,-0.08921742510812175,-0.011457821562594355,-0.012639164907815898,-0.008173942903474575,0.1331677789468328
lab006,F3,OFF->HOT,-16.0,29,18.124137931034483,-0.04727513865444889,1.2181827586206897,-0.30664765190102455,-0.14753739020150525,0.6236906709707097,-0.05324854214485271,0.04651476410747521,-0.011327625403794572,-0.006862403399453246,0.11581645006377833
lab006,F3,OFF->HOT,-15.0,29,18.067241379310346,-0.06092958765372581,1.1984499999999998,-0.3307415161975547,-0.13234883966014666,0.6072688861573761,-0.07734240644138286,-0.017252755050093348,-0.009940015060511875,-0.0054747930561705495,0.11276700117939556
lab006,F3,OFF->HOT,-14.0,29,18.010344827586206,-0.055124186158667716,1.2161620689655173,-0.31603541832673804,-0.13138821830849612,0.5677561254279841,-0.06263630857056621,0.05703074727572246,-0.008420146649599669,-0.0039549246452583444,0.1054296657134422
lab006,F3,OFF->HOT,-13.0,29,17.958620689655174,-0.053116710875331145,1.2380896551724139,-0.2964633564936722,-0.047743809774066115,0.5252293386131723,-0.04306424673750036,0.03935722829896564,-0.0072170992857062445,-0.0027518772813649203,0.09753263965428233
lab006,F3,OFF->HOT,-12.0,29,17.90689655172414,-0.05230286954424691,1.3199551724137932,-0.21683642044677787,-0.06548302923440852,0.49513953385873083,0.03656268930939399,0.01947470881707601,-0.0063462601763242445,-0.00188103817198292,0.09194510318472485
lab006,F3,OFF->HOT,-11.0,29,17.858620689655172,-0.06413069688931693,1.329812068965517,-0.20844879993351698,-0.04772123082668256,0.49192209223645844,0.044950309822654896,0.012024730198758795,-0.00556701274746856,-0.001101790743127235,0.09134763927461205
lab006,F3,OFF->HOT,-10.0,29,17.79310344827586,-0.058958283096213406,1.2946103448275863,-0.24562012623986443,-0.0755545203055733,0.5145666181194332,0.007778983516307439,-0.032891169926465874,-0.004742816575299245,-0.00027759457095792047,0.09555262216631005
lab006,F3,OFF->HOT,-9.0,29,17.729310344827585,-0.05029539426091071,1.3235068965517243,-0.21907952900411204,-0.011958715361665928,0.5298631968750359,0.0343195807520598,0.0063924810444263265,-0.003981674729975601,0.00048354727436572363,0.09839312553128361
lab006,F3,OFF->HOT,-8.0,29,17.696551724137933,-0.026911020014468497,1.338351724137931,-0.20633927959130638,-0.040872675889025545,0.5691527419337645,0.04705983016486546,-0.056173390415509894,-0.0037325416232257937,0.0007326803811155309,0.10568901088778673
lab006,F3,OFF->HOT,-7.0,29,17.658620689655173,-0.02571738606221248,1.2544310344827587,-0.2918887911082874,-0.08874360675635506,0.5379723901640848,-0.0384896813521156,-0.05151268620603571,-0.0035719774953612577,0.0008932445089800667,0.09989896492143663
lab006,F3,OFF->HOT,-6.0,29,17.634482758620692,-0.03617072582589791,1.2717413793103447,-0.27599620183334106,-0.075073592659193,0.5940722925318429,-0.022597092077169208,-0.02669874436517547,-0.0036083837166400504,0.0008568382877012742,0.11031645526331706
lab006,F3,OFF->HOT,-5.0,29,17.610344827586207,-0.022027972027970823,1.2486362068965517,-0.3012311084533151,-0.09602420377444609,0.5946892425362874,-0.04783199869714321,0.011702760916275867,-0.003577711893379509,0.0008875101109618157,0.1104310200030307
lab006,F3,OFF->HOT,-4.0,29,17.587931034482757,-0.020074752833373077,1.2522327586206898,-0.3010136134054057,-0.12575002597312102,0.5901318236040137,-0.04761450364923388,0.031195120260371384,-0.004036920864747327,0.00042830113959399784,0.10958472855318765
lab006,F3,OFF->HOT,-3.0,29,17.57241379310345,-0.01186399807089565,1.3084913793103448,-0.24584075841862424,-0.07421517458310878,0.5571875771271715,0.007558351337547595,0.023285606174733596,-0.004752864520752164,-0.00028764251641083907,0.10346713556268228
lab006,F3,OFF->HOT,-2.0,29,17.56896551724138,-0.012768266216540671,1.3451689655172414,-0.2106685655579328,-0.05328132003584207,0.5547234682551754,0.042730544198239004,0.05749904550033916,-0.005746742014670674,-0.00128152001032935,0.1030095620323919
lab006,F3,OFF->HOT,-1.0,29,17.56034482758621,-0.0037979262117196775,1.3240224137931036,-0.23631312394952925,-0.07380074554610516,0.5897331352447632,0.017085985806642588,0.00155397832449825,-0.006900586609361624,-0.0024353646050202992,0.10951069398348938
lab006,F3,OFF->HOT,0.0,29,17.50689655172414,-0.029623824451412015,1.4402724137931033,-0.12379966491140751,-0.11390099251995467,0.8479380061917888,0.12959944484476435,0.10114470207503828,-0.008295222021849935,-0.0038300000175086097,0.15745813481295934
lab006,F3,OFF->HOT,1.0,29,17.48793103448276,-0.024125874125874067,2.051577586206897,0.4834274931688269,0.011942973503146215,2.202152335513817,0.7368266029249987,1.3995057033902514,-0.009795183133305572,-0.0053299611289642475,0.4089294226606229
lab006,F3,OFF->HOT,2.0,29,17.5,0.034506872437906747,3.6849396551724136,2.115068713100675,0.09214476005560668,5.275480670474519,2.368467822856847,1.3166342434506102,-0.011527414069126331,-0.0070621920647850065,0.9796321671502662
lab006,F3,OFF->HOT,3.0,29,17.55689655172414,0.05338799131902528,3.790503448275862,2.2208216718449925,0.21001791976514772,4.90306426134125,2.4742207816011645,-0.5044930567829504,-0.013485506965532041,-0.009020284961190716,0.9104761761135804
lab006,F3,OFF->HOT,4.0,29,17.610344827586207,0.08858210754762395,2.9898413793103447,1.4223571722685433,0.10188949372462885,4.787138864586888,1.6757562820247152,-1.2913223244076453,-0.015162024246418633,-0.010696802242077308,0.8889493703599703
lab006,F3,OFF->HOT,5.0,29,17.731034482758623,0.14757656136966482,1.7577931034482759,0.19546872624762318,-0.006824553355523677,0.8065784611425234,0.44886783600379504,-0.7054783703612921,-0.016476023286597252,-0.012010801282255925,0.14977786010818697
lab006,F3,OFF->HOT,6.0,29,17.867241379310343,0.13618278273450543,1.5232508620689655,-0.034112240955356456,0.024751430106291994,0.9500145336182769,0.21928686880081538,0.13099718438186955,-0.017195367477920415,-0.012730145473579087,0.17641327009336014
lab006,F3,OFF->HOT,7.0,29,18.00344827586207,0.12435495538943836,1.8392965517241378,0.28398407984837687,-0.019763960368698652,1.3299387091691899,0.5373831896045487,-0.12220752064145063,-0.017716427196508497,-0.013251205192167173,0.24696341835392455
lab006,F3,OFF->HOT,8.0,29,18.094827586206897,0.08113093802748862,1.5432362068965517,-0.010704133420615285,-0.01884751123169004,1.3039177530484243,0.2426949763355566,-0.20997405680237582,-0.01784643222711204,-0.013381210222770713,0.24213144810738876
lab006,F3,OFF->HOT,9.0,29,18.17241379310345,0.05856040511212807,1.2476620689655173,-0.3061099379915601,-0.10687832048861234,1.0160594319513685,-0.05271082823538831,-0.08802054421760154,-0.017517192818500463,-0.013051970814159137,0.1886774998241926
lab006,F3,OFF->HOT,10.0,29,18.20689655172414,0.0028574873402442383,1.2329620689655172,-0.3200349823021296,-0.05727952476932685,0.7910375489040843,-0.06663587254595779,-0.024092639945544364,-0.016860197516034056,-0.01239497551169273,0.14689198515449015
lab006,F3,OFF->HOT,11.0,29,18.20689655172414,-0.016855558234868402,1.1871775862068967,-0.36617229858427297,-0.05538471419407465,0.769462554662836,-0.11277318882810111,0.06195502133252668,-0.016132463136384435,-0.011667241132043111,0.1428856093026936
lab006,F3,OFF->HOT,12.0,29,18.18793103448276,-0.02135881360019172,1.293153448275862,-0.2608581728600343,-0.08870434644041258,0.6433091164883222,-0.007459063103862432,-0.03588162383686107,-0.015041930846937987,-0.010576708842596663,0.11945950393867945
lab006,F3,OFF->HOT,13.0,29,18.167241379310347,-0.009223535085601938,1.2912413793103448,-0.26161917424721387,-0.07959925318087158,0.5004353555192717,-0.008220064491042026,0.11250379401329501,-0.013773885001807413,-0.00930866299746609,0.09292851257890433
lab006,F3,OFF->HOT,14.0,29,18.160344827586208,-0.004738365083192912,1.3519706896551724,-0.19873192197506223,-0.1712225533447358,0.42069310295848317,0.0546671877811096,0.05513557507426967,-0.012415147310707433,-0.007949925306366108,0.07812074802262883
lab006,F3,OFF->HOT,15.0,29,18.137931034482758,-0.02944297082228235,1.4018293103448276,-0.14665078069784077,-0.10971084109330742,0.3166260708170267,0.1067483290583311,0.002542201295885825,-0.011089100847661616,-0.006623878843320292,0.05879598529603895
lab006,F3,OFF->HOT,16.0,29,18.089655172413792,-0.04485170002411379,1.4772137931034481,-0.07043262643227509,-0.049448536944391996,0.3431119692754293,0.18296648332389676,0.04733187456814707,-0.010136430263587253,-0.005671208259245928,0.06371429316719508
lab006,F3,OFF->HOT,17.0,29,18.06551724137931,-0.0243067277550052,1.4360224137931035,-0.11098018216925278,-0.04480744226427791,0.3713948617893299,0.14241892758691907,-0.008743405061164741,-0.008470829174536423,-0.004005607170195099,0.06896629445718906
lab006,F3,OFF->HOT,18.0,29,18.03103448275862,-0.03884735953701432,1.48995,-0.056592657690433056,-0.012685469693106688,0.33434365974924485,0.1968064520657388,-0.0010107330377099456,-0.007072182839884135,-0.002606960835542811,0.06208605896448919
lab006,F3,OFF->HOT,19.0,29,17.974137931034484,-0.052122015915119085,1.4927275862068965,-0.053661206912838585,-0.037993422136692656,0.32387936114551547,0.19973790284333326,0.0401596715690528,-0.005706769010209145,-0.0012415470058678196,0.060142887496484006
lab006,F3,OFF->HOT,20.0,29,17.92758620689655,-0.030708946226186702,1.4642396551724137,-0.08139807890693233,-0.04340900400043868,0.3878934067361614,0.1720010308492395,-0.04409224253490117,-0.0044386105841036794,2.6611420237645348e-05,0.07202999734052022
lab006,F3,OFF->HOT,21.0,29,17.894827586206898,-0.05646250301422666,1.4699448275862068,-0.07468120795647923,-0.03313217876527774,0.3821544803877436,0.1787179017996926,-0.021368199655358713,-0.0037420856519407354,0.000723136352400589,0.07096430547147758
lab006,F3,OFF->HOT,22.0,29,17.846551724137928,-0.045647455992282995,1.4570344827586206,-0.08622249984082045,-0.002523147930112102,0.4139586411957582,0.16717660991535138,-0.04729015995454648,-0.002236704826326587,0.0022285171780147377,0.0768701898681592
lab006,F3,OFF->HOT,23.0,29,17.808620689655175,-0.02767060525681427,1.4764293103448276,-0.06591030116765624,-0.002523147930112102,0.4370471202260236,0.1874888085885156,0.013498217201158968,-0.001122651265018254,0.0033425707393230706,0.0811576127896781
lab006,F3,OFF->HOT,24.0,29,17.78793103448276,-0.026802507836990844,1.4419517241379312,-0.0992525976894109,-0.010257449849449984,0.4427772554589869,0.15414651206676094,-0.009706051028893737,-8.369673789058672e-05,0.004381525266450738,0.08222167218956346
lab006,F3,OFF->HOT,25.0,29,17.75344827586207,-0.03255365324330753,1.4777051724137933,-0.06175066347679838,0.021708411868142097,0.4000188812110921,0.19164844627937347,0.014893632239662735,0.0009154049131747168,0.005380626917516042,0.07428164142369968
lab006,F3,OFF->HOT,26.0,29,17.727586206896554,-0.03041958041958012,1.4915094827586206,-0.04728300950658109,-0.0013175486850292017,0.42153470111921515,0.2061161002495908,0.037338396187935545,0.0012832767815672743,0.005748498785908599,0.07827702887769514
lab006,F3,OFF->HOT,27.0,29,17.698275862068964,-0.025102483723172204,1.5115844827586207,-0.02972414306442103,0.025735360769271187,0.41826430150286525,0.2236749666917508,0.003737210746434553,0.00233905423450373,0.006804276238845054,0.07766973091496295
lab006,F3,OFF->HOT,28.0,29,17.67758620689655,-0.016059802266698828,1.5260637931034484,-0.021199484879391488,0.025963497427638482,0.4448886275797216,0.23219962487678036,-0.006859290470690598,0.003064947851715811,0.007530169856057135,0.08261374414954088
lab006,F3,OFF->HOT,29.0,29,17.667241379310347,-0.003870267663372426,1.5027327586206898,-0.047122171814865395,0.00896565120890691,0.46213674775741853,0.20627693794130644,-0.0386786542364722,0.0037725235193347734,0.008237745523676097,0.08581663965885675
lab006,F3,OFF->HOT,30.0,29,17.662068965517243,-0.011574632264286126,1.4703155172413793,-0.08124808544883878,0.004909885013279935,0.5007338579966347,0.1721510243073331,-0.037569540798320665,0.004266461925334037,0.008731683929675361,0.09298394309738496
lab007,F1,COLD->OFF,-30.0,46,18.17391304347826,-0.012745653555929451,7.438371739130434,-0.16039754523911148,-0.1996730485182785,3.4387891971584925,-0.820531608105447,0.25785225749900254,-0.027395447843350983,-0.07696770679385798,0.5070218060333763
lab007,F1,COLD->OFF,-29.0,46,18.17391304347826,-0.0008257552723948687,7.604567028985508,0.031872923994774406,-0.016601051876383333,3.5664457861081496,-0.6282611388715612,-0.18170467196149323,-0.0226959793850814,-0.07226823833558838,0.5258437432241754
lab007,F1,COLD->OFF,-28.0,46,18.166304347826088,-0.007846402609248921,7.473968478260869,-0.0767388446703967,-0.11431016040035435,2.491759382217448,-0.7368729075367323,0.30853346184766367,-0.01818320138384922,-0.0677554603343562,0.3673898775814585
lab007,F1,COLD->OFF,-27.0,46,18.167934782608697,0.003914563697171879,7.516102173913043,-0.005477181732286256,-0.02970756382306944,2.4454803034749375,-0.6656112445986219,-0.061136464883690685,-0.013710633259165135,-0.06328289220967212,0.3605663996826163
lab007,F1,COLD->OFF,-26.0,46,18.17717391304348,0.0006253627795123597,7.407988043478261,-0.0885221033547604,-0.047772537885399924,2.131682948568466,-0.7486561662210961,-0.034387881452213616,-0.008892781027472927,-0.0584650399779799,0.3142995038389736
lab007,F1,COLD->OFF,-25.0,46,18.17282608695652,0.004961441720334571,7.151395652173913,-0.3296474861592424,-0.254134944203293,1.9014990494188373,-0.989781549025578,-0.11782969065090022,-0.0051679116936064135,-0.05474017064411339,0.2803607394729908
lab007,F1,COLD->OFF,-24.0,46,18.179891304347827,0.003987119599768051,7.296361956521739,-0.16988204428877424,-0.06759252149212602,1.8509499738964794,-0.8300161071551099,-0.024579503689997225,-0.0012594666049274077,-0.05083172555543438,0.2729076848961527
lab007,F1,COLD->OFF,-23.0,46,18.18695652173913,-0.0021248514331509327,7.275180434782609,-0.18172043899584445,-0.09195454441539669,1.766212577558075,-0.84185450186218,-0.036249384792470536,0.0030453358766447513,-0.04652692307386223,0.2604138374205456
lab007,F1,COLD->OFF,-22.0,46,18.18586956521739,0.005593714585809545,7.347519565217391,-0.10036596299039695,-0.03216008737906734,1.821857750314175,-0.7605000258567326,0.028254344740866275,0.006861397781121624,-0.042710861169385356,0.26861827054228216
lab007,F1,COLD->OFF,-21.0,46,18.192934782608695,0.0013060062467167804,7.3274043478260875,-0.11211925623703041,-0.05583941876319809,1.7256004578627588,-0.772253319103366,-0.018338943919317487,0.010504986690474036,-0.03906727226003294,0.2544259070490713
lab007,F1,COLD->OFF,-20.0,46,18.196739130434782,0.0010883385389322655,7.404890217391305,-0.032420831065151805,-0.16832932862797845,1.7946366517348746,-0.6925548939314874,0.04983143154645868,0.012615948242781264,-0.03695631070772571,0.2646047385190648
lab007,F1,COLD->OFF,-19.0,46,18.203260869565216,0.0015409491694079347,7.420898913043478,-0.018129148140514043,-0.1366176459311399,1.757681363835043,-0.6782632110068497,0.047889619066279254,0.016723613137685753,-0.03284864581282122,0.2591559785808462
lab007,F1,COLD->OFF,-18.0,46,18.207608695652173,0.00670969346858721,7.451744565217392,0.012085817330801612,-0.18182816185310646,1.7537177972080356,-0.648048245535534,0.0364440844959763,0.01869918938866216,-0.03087306956184482,0.25857158256400997
lab007,F1,COLD->OFF,-17.0,46,18.207608695652173,0.020094529975953193,7.41029384057971,-0.03098201292979477,-0.0662431729069537,1.7068467472806863,-0.6911160757961303,-0.05303351006758485,0.020821904589587156,-0.028750354360919824,0.25166082327568773
lab007,F1,COLD->OFF,-16.0,46,18.218478260869563,0.007272865474446579,7.51379347826087,0.07258604819740526,0.0,1.762298528829227,-0.5875480146689304,0.12491015596633315,0.023214021758773556,-0.026358237191733424,0.25983674241947863
lab007,F1,COLD->OFF,-15.0,46,18.225,0.009287155532214021,7.450388043478261,0.010860742117320799,0.0,1.7171630374789872,-0.6492733207490149,-0.06196911877969606,0.025944955551779867,-0.02362730339872711,0.2531818772827868
lab007,F1,COLD->OFF,-14.0,46,18.231521739130436,0.009988529257304176,7.881586956521739,0.4411797707314546,0.0,2.324165876960381,-0.21895429213488102,0.4374871487231244,0.028428360233448503,-0.02114389871705848,0.34267956332750055
lab007,F1,COLD->OFF,-13.0,46,18.23967391304348,0.008409574615107027,8.108598913043478,0.6692020648552893,0.0010729256794306252,2.7309600966632557,0.009068001988953734,0.5044082995704635,0.031924397801504086,-0.017647861149002898,0.40265809883299736
lab007,F1,COLD->OFF,-12.0,46,18.26195652173913,0.02023964178114301,8.373161413043478,0.9345533062531949,0.20367079681851896,2.804034916392306,0.27441924338685925,0.08568179454123422,0.03338743194557729,-0.01618482700492969,0.4134323931995151
lab007,F1,COLD->OFF,-11.0,46,18.29021739130435,0.037190082644627975,8.297510869565217,0.861789654056135,0.06892357492743217,2.5467482064475426,0.20165559118979934,-0.14889977786522043,0.03543393796579906,-0.014138320984707926,0.3754975373926015
lab007,F1,COLD->OFF,-10.0,46,18.32282608695652,0.0404585533044026,8.458685869565217,1.0293309256878649,0.20412577346585592,2.6092996181996857,0.36919686282152914,-0.10139814744870403,0.03888647150428843,-0.01068578744621855,0.3847202399015879
lab007,F1,COLD->OFF,-9.0,46,18.355434782608693,0.025518947455707038,8.666101630434783,1.2460311900736882,0.16084085625710093,4.179886617772984,0.5858971272073524,0.5571210572854439,0.04047979202222471,-0.009092466928282274,0.6162906594301255
lab007,F1,COLD->OFF,-8.0,46,18.389130434782608,0.029091461897786105,8.380371195652174,0.9750463668463787,0.24928934842452732,2.659212250755302,0.31491230398004305,-0.5758324954253821,0.04276120740711376,-0.006811051543393216,0.39207945608242856
lab007,F1,COLD->OFF,-7.0,46,18.415217391304346,0.023933082727548963,8.092616304347827,0.70572249576869,0.21534893622128654,1.9927876587673214,0.045588432902354314,0.15461742450516028,0.04450453439506334,-0.005067724555443638,0.29382051060999154
lab007,F1,COLD->OFF,-6.0,46,18.429347826086957,0.013865087481688106,8.070352717391303,0.7036102979767832,0.07676774276138443,1.8830137124188868,0.04347623511044759,0.06489197256346221,0.0479949943828915,-0.001577264567615478,0.2776352252255356
lab007,F1,COLD->OFF,-5.0,46,18.445652173913043,0.0258299013239722,8.059600724637681,0.717043660299761,0.33725102103109583,1.6817844571723886,0.05690959743342532,-0.1031956003234302,0.04978182132402213,0.00020956237351515126,0.2479655901963988
lab007,F1,COLD->OFF,-4.0,46,18.47065217391304,0.01538876143619193,8.100259601449276,0.7828979652245726,0.2991437485640418,1.8571292831201436,0.12276390235823682,0.11711263939648914,0.05330869658781277,0.0037364376373057884,0.2738187743357757
lab007,F1,COLD->OFF,-3.0,46,18.497826086956522,0.021072307139501967,7.961888043478261,0.6811567186348527,0.2438270602694106,1.7187323569852921,0.02102265576851702,-0.4586667857082231,0.055377106328316335,0.0058048473778093595,0.2534132608206284
lab007,F1,COLD->OFF,-2.0,46,18.521195652173912,0.02225047679593241,7.440841304347827,0.20532807449231716,0.0,1.9276832047177967,-0.4548059883740185,-0.6154131467985456,0.059749843383777465,0.01017758443327049,0.284221382550533
lab007,F1,COLD->OFF,-1.0,46,18.526086956521738,0.01144310235219408,6.752936956521739,-0.44482706634155117,-0.15120118773154012,2.1353362698689424,-1.1049611292078867,-0.7372441535451119,0.06287812216955936,0.013305863219052375,0.3148381566779782
lab007,F1,COLD->OFF,0.0,46,18.50108695652174,-0.027716354791454144,6.076805434782608,-1.0956297176983898,-0.6525068725152476,2.354912056640098,-1.7557637805647253,-0.5599971698590113,0.06703942531439097,0.017467166363883988,0.34721284020376797
lab007,F1,COLD->OFF,1.0,46,18.468478260869563,-0.05561928190386725,5.508940217391304,-1.6346567557208047,-1.3009295386200685,2.047349222959518,-2.29479081858714,-0.34835536952451973,0.06975733849599794,0.02018507954549096,0.30186517436536
lab007,F1,COLD->OFF,2.0,46,18.407608695652176,-0.06716603554548074,5.351989130434783,-1.7666919324577455,-1.180145214521469,1.9291893518306478,-2.4268259953240814,-0.00350682259713346,0.07388304413745456,0.024310785186947577,0.2844434518271088
lab007,F1,COLD->OFF,3.0,46,18.330434782608698,-0.07704745847038262,5.233191304347826,-1.862531255762441,-1.2320379064699982,1.9796194403320067,-2.5226653186287766,-0.18783035679927026,0.07685280617048709,0.027280547219980113,0.29187896272481373
lab007,F1,COLD->OFF,4.0,46,18.254347826086956,-0.06616407308106945,5.077885869565217,-1.9913900139857053,-1.2220439481779344,1.9841177858677488,-2.651524076852041,-0.03105659293100413,0.08070938633283968,0.031137127382332704,0.2925422075900642
lab007,F1,COLD->OFF,5.0,46,18.190217391304348,-0.0637870035103243,5.059573188405797,-1.9876810716120443,-1.3302626554843593,2.0046815726454223,-2.6478151344783796,0.055207813200303144,0.08249276500406914,0.032920506053562164,0.2955741725385166
lab007,F1,COLD->OFF,6.0,46,18.11521739130435,-0.05013267365046,5.0969579710144925,-1.9302809037750428,-1.5732213263182535,1.9954412831859463,-2.5904149666413785,0.03769637083225637,0.08461621161677231,0.03504395266626533,0.294211766185174
lab007,F1,COLD->OFF,7.0,46,18.081521739130434,-0.0366994665413633,5.143796376811594,-1.855423769406111,-1.3854840084944446,1.9522021061380705,-2.515557832272447,0.22098499470710734,0.08632879141232612,0.03675653246181913,0.28783649733870725
lab007,F1,COLD->OFF,8.0,46,18.041847826086954,-0.03421874568119707,5.221506884057971,-1.7475189109540537,-1.421029227146943,1.8370872390758355,-2.4076529738203893,-0.0646309801621584,0.0869007299879517,0.03732847103744472,0.27086373615654036
lab007,F1,COLD->OFF,9.0,46,18.020652173913046,-0.021321070234113504,5.236628804347826,-1.7090540357225705,-1.4075862604216203,1.7454314791090433,-2.369188098588906,0.12148731801987933,0.08656662713500216,0.03699436818449517,0.2573498316141728
lab007,F1,COLD->OFF,10.0,46,17.98913043478261,-0.021372895878824995,5.422714130434783,-1.50235223504476,-1.27775976541808,1.5995418552604381,-2.1624862979110957,0.4746240330019332,0.08535731823002524,0.03578505927951826,0.23583958009123235
lab007,F1,COLD->OFF,11.0,46,17.97336956521739,-0.014576826335718916,6.356663043478261,-0.546365153129601,-1.1744725593426835,5.924923419976453,-1.2064992159959367,0.6605856999341279,0.0831466556848889,0.033574396734381916,0.8735822991092914
lab007,F1,COLD->OFF,12.0,46,17.95271739130435,-0.02517689820061381,7.227352717391305,0.3460770242882996,-1.1303271477503323,7.719306637746156,-0.31405703857803596,0.1691709286872375,0.07987097890362498,0.030298719953118,1.138149670828775
lab007,F1,COLD->OFF,13.0,46,17.939673913043478,-0.013018601951408765,6.574471739130435,-0.2896169325850101,-1.1224771448286819,5.290941889381023,-0.9497509954513458,-0.5641482551784761,0.0758701954404735,0.026297936489966527,0.7801068220722254
lab007,F1,COLD->OFF,14.0,46,17.930434782608696,-0.010337488598358547,5.940764130434783,-0.911893150488235,-0.9534095677745382,1.2676539792943984,-1.5720272133545705,-0.07188824663467189,0.07112513509026923,0.021552876139762252,0.18690538243470556
lab007,F1,COLD->OFF,15.0,46,17.920652173913044,-0.007490533182232147,6.1230521739130435,-0.7312655727642486,-0.7116967530878399,1.1857264228734683,-1.3913996356305842,0.18987856836860714,0.06545606107362896,0.015883802123121977,0.17482582325301294
lab007,F1,COLD->OFF,16.0,46,17.91304347826087,0.003596699742944318,6.266954710144928,-0.58980429617462,-0.41361046754120895,1.168527177299401,-1.2499383590409558,0.1690757182290459,0.05911474406614883,0.009542485115641857,0.172289932841184
lab007,F1,COLD->OFF,17.0,46,17.90434782608696,-0.01546477238176825,6.499351086956522,-0.3591002627023404,-0.2851196679016954,1.185294388847538,-1.019234325568676,0.8522988922472458,0.05207068965694618,0.0024984307064392004,0.1747621233111043
lab007,F1,COLD->OFF,18.0,46,17.906521739130437,0.013730340805439155,7.369465217391305,0.5108783474929893,0.0,5.154279318070245,-0.14925571537334625,0.6331842278088652,0.044217406839818646,-0.005354852110688332,0.7599570252250061
lab007,F1,COLD->OFF,19.0,46,17.91086956521739,-0.0014442079659475655,7.560245652173913,0.6920264006688827,0.015610391340979468,5.0097063277179075,0.03189233780254712,-0.2828220955062389,0.03650532365494912,-0.013066935295557858,0.7386409007202944
lab007,F1,COLD->OFF,20.0,46,17.919565217391302,0.0046228475082227515,7.291149456521739,0.42460136424926903,0.010934678984903412,2.90059406690873,-0.2355326986170666,0.3605430133897744,0.028480946530586106,-0.021091312419920873,0.4276692632363117
lab007,F1,COLD->OFF,21.0,46,17.922826086956523,0.0005044362751871611,7.5982260869565215,0.7358695961942946,0.0,3.243653104582814,0.07573553332795896,0.1794030512820796,0.02015411924485453,-0.02941813970565245,0.47825055882759526
lab007,F1,COLD->OFF,22.0,46,17.934782608695652,0.011581304071424657,7.67724438405797,0.8242759258665358,0.03204778267953818,3.1095904214118644,0.16414186300020006,-0.22040612600281428,0.012168071816006692,-0.037404187134500284,0.4584840945734962
lab007,F1,COLD->OFF,23.0,46,17.95108695652174,0.015723900605323603,7.8732,1.0310135515435088,0.10926590689954524,3.040886390244438,0.37087948867717324,0.38894068775735513,0.0037697986816523582,-0.045802460268854615,0.4483542378224439
lab007,F1,COLD->OFF,24.0,46,17.965760869565216,0.013371016335443919,8.147929347826087,1.321913953926558,0.12049877780018178,3.7888836158370607,0.6617798910602225,0.3685549428585901,-0.004122912906329051,-0.053695171856836026,0.558640411962256
lab007,F1,COLD->OFF,25.0,46,17.981521739130436,0.011291080461041228,8.306034782608696,1.4983270197754466,0.050923455197866854,3.836795501848328,0.838192956909111,0.692514496662122,-0.012130086207621633,-0.06170234515812861,0.5657046341588278
lab007,F1,COLD->OFF,26.0,46,18.004347826086956,0.019641919345476683,9.366192391304349,2.5799594004909205,0.33271825196989313,7.199868376420211,1.919825337624585,0.34434472870447486,-0.02168471934284034,-0.07125697829334732,1.0615626774771791
lab007,F1,COLD->OFF,27.0,46,18.02173913043478,0.02698388567953823,8.76821304347826,2.0006988129492735,0.3203477223822926,6.876075190399565,1.340564750082938,-0.9585096773114898,-0.029241632392582463,-0.07881389134308944,1.0138219767406687
lab007,F1,COLD->OFF,28.0,46,18.042391304347827,0.0033202963044856966,8.124246739130434,1.37821524292395,0.14774734675325085,4.064077864989282,0.7180811800576145,-0.16626672252955044,-0.03865470135196168,-0.08822696030246865,0.5992155903798377
lab007,F1,COLD->OFF,29.0,46,18.057065217391305,0.03515160728599465,8.877238043478261,2.147229853305763,0.4599396153271552,3.907360918705105,1.4870957904394275,0.5340378396978561,-0.04545023648330516,-0.09502249543381212,0.5761089372570767
lab007,F1,COLD->OFF,30.0,46,18.088043478260868,0.02628942204041132,7.715355434782608,1.004837578470093,0.12462541720625975,4.290769748331749,0.3447035156037574,-0.7797267988545604,-0.05200865387668783,-0.10158091282719481,0.6326394851042887
lab007,F1,HOT->OFF,-30.0,143,19.724475524475523,-0.0014359448561605211,3.0340420745920746,0.10648809480067126,-0.02189198500883338,0.8155156310701944,0.32726449891537207,0.012522988915193663,-0.0029357266752687646,-0.014452711560921684,0.06819684305183404
lab007,F1,HOT->OFF,-29.0,143,19.720804195804195,-0.005439252419544203,3.030243414918415,0.10102013458065254,-0.015559012459899131,0.7472125675363398,0.32179653869535335,-0.0636445631279452,-0.0023863620588802305,-0.013903346944533148,0.062485053937914786
lab007,F1,HOT->OFF,-28.0,143,19.716958041958044,-0.0013459204495441936,2.964513986013986,0.033547784488668755,-0.01726559713453268,0.7509091623574407,0.2543241886033696,-0.06270853486362295,-0.0012722895167353167,-0.012789274402388235,0.0627941787262527
lab007,F1,HOT->OFF,-27.0,143,19.704895104895105,-0.00942255455923572,2.9160289044289045,-0.01784514688997725,-0.01726559713453268,0.7482777342887281,0.20293125722472358,-0.040908569135835536,-0.000461539033206294,-0.011978523918859212,0.06257412765651578
lab007,F1,HOT->OFF,-26.0,143,19.702972027972027,-0.003879940783946109,2.8893609557109556,-0.04821934959828692,-0.015534179664796996,0.6460583052154807,0.1725570545164139,0.0019791938623668426,0.0005394301365313903,-0.010977554749121527,0.054026109573516806
lab007,F1,HOT->OFF,-25.0,143,19.694055944055943,-0.008274465521763611,2.860130769230769,-0.08173732132817331,-0.02452774973996948,0.5698373509935941,0.13903908278652752,-0.08699617475693332,0.0017494959525572098,-0.009767488933095708,0.047652193177199924
lab007,F1,HOT->OFF,-24.0,143,19.687762237762236,-0.005150285188429083,2.800512703962704,-0.14532298386421597,-0.030361350969828397,0.5927725561102607,0.07545342025048486,-0.0078020399800014005,0.0031403180278977813,-0.008376666857755137,0.049570131379868536
lab007,F1,HOT->OFF,-23.0,143,19.676223776223775,-0.013402522461645356,2.7537283216783215,-0.1972864022316276,-0.03411891176724108,0.590164237606015,0.023490001883073233,-0.02685642820847352,0.004139270084301831,-0.0073777148013510875,0.04935201282899563
lab007,F1,HOT->OFF,-22.0,143,19.669055944055945,-0.013527000653510786,2.6990350815850817,-0.2570603770622826,-0.033270785208308035,0.7692418178014063,-0.03628397294758176,-0.054401760008041505,0.0056717338020923925,-0.005845251083560526,0.06432723238997563
lab007,F1,HOT->OFF,-21.0,143,19.656293706293706,-0.004964679313058153,2.70766013986014,-0.2530978959661178,-0.0327275407901696,0.7637619651440972,-0.032321491851417,-0.023661753670322763,0.006700545087194365,-0.004816439798458552,0.06386898408990654
lab007,F1,HOT->OFF,-20.0,143,19.64632867132867,-0.011437545290056302,2.687038111888112,-0.27731434924469833,-0.03327393015872073,0.8176404046753287,-0.0565379451299975,-0.06169177483712253,0.008195187549437703,-0.0033217973362152137,0.0683745255468708
lab007,F1,HOT->OFF,-19.0,143,19.631293706293707,-0.015310817599438312,2.632574009324009,-0.33581909189604103,-0.031799866224823614,0.9265623662294354,-0.11504268778134022,-0.029746950539206382,0.009158166063360508,-0.0023588188222924086,0.07748303755326293
lab007,F1,HOT->OFF,-18.0,143,19.6256993006993,-0.014425021894824717,2.6417027972027975,-0.33208595340103236,-0.032967867059900256,0.9019175534601486,-0.11130954928633156,0.02541383919002706,0.010394571610158908,-0.0011224132754940111,0.07542213477661924
lab007,F1,HOT->OFF,-17.0,143,19.60874125874126,-0.014112715002733929,2.5936439393939392,-0.38563600508170576,-0.04264074718273376,0.9011287906595006,-0.16485960096700497,0.011229995864300941,0.011440541582776097,-7.644330287682113e-05,0.07535617511763597
lab007,F1,HOT->OFF,-16.0,143,19.59527972027972,-0.011146355234085263,2.5599431235431234,-0.4221709502487704,-0.05129525942018472,0.9431036678488847,-0.20139454613406957,-0.013737761458662562,0.012471424833932558,0.0009544399482796398,0.0788662906847011
lab007,F1,HOT->OFF,-15.0,143,19.587412587412587,-0.009818217383379414,2.5518565268065267,-0.43337356259793464,-0.0426775641311065,1.012659717217055,-0.21259715848323382,-0.01996579797407469,0.013261431120985557,0.0017444462353326399,0.08468285973788023
lab007,F1,HOT->OFF,-14.0,143,19.57465034965035,-0.011403091504808012,2.5970374708624706,-0.3915565080016239,-0.03972540486347202,0.9171811107856205,-0.1707801038869231,0.04594167212891513,0.01400448494428713,0.002487500058634214,0.07669853756239034
lab007,F1,HOT->OFF,-13.0,143,19.564685314685313,-0.0117131755720439,2.667296853146853,-0.3247566590279688,-0.038360595305476315,0.8318016901807249,-0.103980254913268,0.007302974378517321,0.014530663943123164,0.0030136790574702478,0.06955875173240247
lab007,F1,HOT->OFF,-12.0,143,19.55437062937063,-0.006815181004627555,2.645989393939394,-0.34889647033835847,-0.0420318187848374,0.7665291038555639,-0.12812006622365768,-0.06241899276955188,0.014867711075929683,0.0033507261902767653,0.06410038385371108
lab007,F1,HOT->OFF,-11.0,143,19.544055944055945,-0.012049933537537132,2.7083666666666666,-0.29106468429777244,-0.034878495657775226,0.7505675321757322,-0.0702882801830716,0.05983074516926128,0.01511709675150304,0.0036001118658501212,0.0627656101752696
lab007,F1,HOT->OFF,-10.0,143,19.530594405594407,-0.010790703257327724,2.6750130536130534,-0.3282529225693658,-0.04354316389089986,0.6933419818541348,-0.10747651845466491,-0.022573291405730406,0.014964571056710054,0.0034475861710571384,0.05798016925280015
lab007,F1,HOT->OFF,-9.0,143,19.523076923076925,-0.007903253771022495,2.690147435897436,-0.31617619848581857,-0.040397232819961125,0.7437775325424354,-0.0953997943711177,-0.011359255960653888,0.014700468894280613,0.0031834840086276952,0.062197801881140054
lab007,F1,HOT->OFF,-8.0,143,19.513461538461538,-0.012642316361324646,2.6768188811188813,-0.33332277598461885,-0.04509384053424886,0.7266546459118821,-0.112546371869918,0.040698063143834694,0.014342308281593328,0.00282532339594041,0.06076591416783431
lab007,F1,HOT->OFF,-7.0,143,19.501573426573426,-0.005933830949724379,2.6889252913752917,-0.3257251293854575,-0.04100516173574167,0.7025542953980869,-0.10494872527075667,0.014422125791487406,0.013608147994039158,0.002091163108386239,0.05875054161228116
lab007,F1,HOT->OFF,-6.0,143,19.49615384615385,-0.007200841116925473,2.720043822843823,-0.30000601681381267,-0.045826899440823826,0.7166205751855985,-0.07922961269911188,-0.056313633605960464,0.0127256589758479,0.0012086740901949816,0.05992682302056424
lab007,F1,HOT->OFF,-5.0,143,19.488111888111888,-0.008956872752168268,2.6575202797202797,-0.3664515713212396,-0.04372946149298851,0.6992850477095904,-0.14567516720653878,0.045963105528789114,0.011783900275194555,0.0002669153895416353,0.058477153386457224
lab007,F1,HOT->OFF,-4.0,143,19.486538461538462,-0.00656177897118777,2.790671445221445,-0.23811504070372252,-0.028633184068033234,0.6961562864337243,-0.017338636589021676,0.09745819764439165,0.010461251087002342,-0.0010557337986505761,0.05821551322464096
lab007,F1,HOT->OFF,-3.0,143,19.47465034965035,-0.005300325866123325,2.901196445221445,-0.13141335420791467,-0.02321047438904911,0.7448314405127853,0.08936304990678616,0.06686239240398968,0.009230533731744569,-0.0022864511539083484,0.06228593409308884
lab007,F1,HOT->OFF,-2.0,143,19.46923076923077,-0.004795744624098115,2.9608656177156174,-0.07657362863537188,-0.023333697813174827,0.786618870509185,0.14420277547932892,0.13912616943749534,0.007510770979711989,-0.004006213905940929,0.06578037453841083
lab007,F1,HOT->OFF,-1.0,143,19.463986013986013,-0.006838520665602818,3.2503146853146854,0.20827259696031378,-0.005028615543193601,1.1719535809515864,0.4290490010750146,0.3413516279087547,0.005842237580404673,-0.005674747305248244,0.09800368181699624
lab007,F1,HOT->OFF,0.0,143,19.486888111888113,0.03148964830465228,3.516745979020979,0.4681338704039141,0.05778192552353367,1.522699338721748,0.6889102745186149,0.2859067832028386,0.004183094237125704,-0.007333890648527214,0.12733451556491424
lab007,F1,HOT->OFF,1.0,143,19.50664335664336,0.023765331934435596,3.6519569930069933,0.597897775785184,0.049567843923119914,1.5211788538813744,0.8186741798998849,-0.011025701479105659,0.0022053874566380287,-0.00931159742901489,0.1272073662350043
lab007,F1,HOT->OFF,2.0,143,19.53846153846154,0.04016533371269514,3.791138111888112,0.7324612771469121,0.046901980810993615,1.5123208752579977,0.9532376812616129,0.03967298198257391,-9.344856622623917e-05,-0.011610433451879157,0.12646662485014307
lab007,F1,HOT->OFF,3.0,143,19.5743006993007,0.04017755924939664,3.665896736596737,0.6025548781118114,0.07102704588101694,1.2383880092011244,0.8233312822265121,-0.10255969086603368,-0.002107224366160321,-0.013624209251813239,0.10355920779830279
lab007,F1,HOT->OFF,4.0,143,19.608566433566434,0.03718452558249164,3.6023607226107224,0.534480175017234,0.013014580482687998,1.08648462320781,0.7552565791319348,-0.10783410453236167,-0.004248898212821293,-0.015765883098474213,0.09085640851530957
lab007,F1,HOT->OFF,5.0,143,19.64353146853147,0.022280484931470116,3.5418442890442887,0.4701306964787367,0.0028721316565718524,1.0060930017124372,0.6909071005934374,-0.002379082587831368,-0.006260481771556514,-0.01777746665720943,0.08413372340060758
lab007,F1,HOT->OFF,6.0,143,19.677797202797205,0.036216485358253274,3.5189136363636364,0.44276479034125604,0.038545285959725395,0.9781576930299983,0.6635411944559568,-0.03575503821484306,-0.008385274486513512,-0.019902259372166428,0.08179765553233047
lab007,F1,HOT->OFF,7.0,143,19.70576923076923,0.0280509382543707,3.50337668997669,0.4228023823303217,-0.0007197384203048163,0.970370491733338,0.6435787864450224,-0.02693502900837123,-0.009970460940543751,-0.021487445826196667,0.08114645704586557
lab007,F1,HOT->OFF,8.0,143,19.73461538461538,0.021099053521176764,3.6176703962703964,0.5332965932071064,0.030876720659802903,1.40612239566152,0.7540729973218073,0.04472396548559375,-0.011823014996838207,-0.023339999882491125,0.11758586184639754
lab007,F1,HOT->OFF,9.0,143,19.756293706293707,0.018845109118472727,3.592879020979021,0.5050180905928219,-0.0044594038588392625,1.5137652457611197,0.7257944947075227,0.021775602367130352,-0.013466864703749817,-0.024983849589402734,0.12658740917941563
lab007,F1,HOT->OFF,10.0,143,19.769405594405594,0.01670786302064121,3.606745221445221,0.5159453983739353,0.021304195050719843,1.4006820513996487,0.7367218024886362,-0.24310677623702148,-0.014862983003758889,-0.026379967889411805,0.11713091740432975
lab007,F1,HOT->OFF,11.0,143,19.787412587412586,0.015336380085267531,3.3499871794871794,0.2556848291828069,-0.004267429505582442,1.3531254033482374,0.4764612332975078,0.01081393427331311,-0.016124100734890828,-0.027641085620543748,0.11315403070875854
lab007,F1,HOT->OFF,12.0,143,19.799475524475522,0.005953836373416136,3.2956200466200465,0.19810636018266395,-0.0042250709320919505,1.127843182813974,0.41888276429736476,-0.05601868963407289,-0.017028779513849995,-0.028545764399502908,0.09431498501691524
lab007,F1,HOT->OFF,13.0,143,19.810314685314687,0.0033609111803643683,3.4035694638694642,0.30189522929776724,-0.004392689420528545,1.5465665143996552,0.5226716334124681,0.07605399629830699,-0.017717900654728436,-0.029234885540381353,0.1293303890611228
lab007,F1,HOT->OFF,14.0,143,19.809790209790208,0.006784061456661961,3.327658508158508,0.2209368173388521,-0.004211801846400854,1.0778242687664201,0.4417132214535529,-0.09736510162644513,-0.01834363244395226,-0.02986061732960518,0.09013219329476539
lab007,F1,HOT->OFF,15.0,143,19.81520979020979,0.0037321229311054836,3.2214244172494175,0.10945206513154236,-0.010753759147771918,0.9393532338537095,0.3302284692462432,-0.06808843436145166,-0.018618736609082986,-0.030135721494735902,0.07855266363844868
lab007,F1,HOT->OFF,16.0,143,19.813111888111887,-0.007778775579156862,3.146802797202797,0.029350895277846175,-0.00456314648244663,0.8317925463889482,0.250127299392547,-0.04197646203728058,-0.018953389522753054,-0.030470374408405967,0.06955798709012102
lab007,F1,HOT->OFF,17.0,143,19.81451048951049,0.00694410484620313,3.1630539627039624,0.040762084493334405,-0.00883927947196872,0.7660844562451462,0.2615384886080352,-0.014721752012286557,-0.018806056495038158,-0.030323041380691078,0.06406320055256302
lab007,F1,HOT->OFF,18.0,143,19.817832167832165,0.0017971538950559273,3.1117203962703965,-0.015918309471121786,-0.013244853684517454,0.8452883408444204,0.20485809464357901,-0.06578525633940374,-0.01857087628044298,-0.030087861166095898,0.07068656211832969
lab007,F1,HOT->OFF,19.0,143,19.812062937062937,-0.0049502309515025026,3.068688111888112,-0.06489905732016232,-0.012567115419735557,0.7805494177242117,0.1558773467945385,0.007306968910400224,-0.018270464659285827,-0.029787449544938744,0.06527282139875591
lab007,F1,HOT->OFF,20.0,143,19.812412587412584,0.0009447005632642571,3.037007808857809,-0.10229009501072502,-0.017037972579558424,0.8359357676323818,0.11848630910397583,-0.030816473320737836,-0.017744945670485707,-0.029261930556138627,0.06990446065617233
lab007,F1,HOT->OFF,21.0,143,19.812062937062937,-0.0022883981879533435,3.0161941724941723,-0.1272772041294716,-0.01779068206659012,0.9132983629721352,0.09349919998522921,-0.05295225256139754,-0.016601743996594108,-0.028118728882247028,0.07637384587880039
lab007,F1,HOT->OFF,22.0,143,19.808566433566433,-0.0031875308416947955,3.0439247086247083,-0.10665088966636498,-0.021511192557045096,0.7815593810470433,0.11412551444833584,0.004514947118083753,-0.016323374468854426,-0.027840359354507342,0.06535727877466772
lab007,F1,HOT->OFF,23.0,143,19.805244755244757,-0.0064317437171852185,2.9872412587412587,-0.17001052557934504,-0.020487721408954523,0.8467720283479504,0.050765878535355795,0.012663268401982451,-0.015049664131822781,-0.0265666490174757,0.07081063430034713
lab007,F1,HOT->OFF,24.0,143,19.799825174825173,-0.004353402478005045,2.9877083916083915,-0.17758651807003545,-0.026380553031475736,0.7995169954031386,0.04318988604466538,-0.05516014134231919,-0.014268433239229631,-0.02578541812488255,0.06685896992707506
lab007,F1,HOT->OFF,25.0,143,19.799125874125874,-0.003657658298471513,2.9713522144522146,-0.2020337514075404,-0.01762629903766798,0.8499799978281415,0.0187426527071604,-0.036750448798288614,-0.01314886695590195,-0.024665851841554867,0.07107889818496277
lab007,F1,HOT->OFF,26.0,143,19.792482517482515,-0.006365058971542798,2.9921100815850816,-0.19049382208750024,-0.024076681742278522,0.8038283959015395,0.030282582027200577,0.09729275346977148,-0.012065528872290007,-0.023582513757942927,0.0672195073489479
lab007,F1,HOT->OFF,27.0,143,19.788286713286713,-0.002031661917230933,3.087266783216783,-0.1051297502765872,-0.025428988486794115,1.4137866956369343,0.11564665383811362,-0.03129970335519173,-0.010840047928696476,-0.022357032814349392,0.11822678280807129
lab007,F1,HOT->OFF,28.0,143,19.787237762237762,-0.004428978523066265,3.0622844988344986,-0.13809320297884817,-0.027568979480801878,1.4684917988270174,0.08268320113585267,0.026648117096820897,-0.009968402014253508,-0.021485386899906426,0.12280145335300334
lab007,F1,HOT->OFF,29.0,143,19.779895104895104,-0.009083573768888397,3.0588517482517483,-0.14952523064964146,-0.027102634436029716,1.495981524111385,0.07125117346505934,-0.0158706457662396,-0.008454522023312906,-0.019971506908965826,0.12510025966563756
lab007,F1,HOT->OFF,30.0,143,19.773426573426573,-0.0011280836137798772,3.077452097902098,-0.13728038030725273,-0.027171004780577258,1.4353834105756618,0.08349602380744812,0.07742804492303094,-0.00773782265384163,-0.01925480753949455,0.12003279083906246
lab007,F1,OFF->COLD,-30.0,124,18.22056451612903,-0.0007767159526677662,5.7873564516129035,-0.06152226827901443,-0.007555081077366304,3.1692927096365255,-0.5508932073559166,-0.16518091732934306,-0.05356610888138553,-0.06682895900524738,0.284610887162762
lab007,F1,OFF->COLD,-29.0,125,18.2208,-0.004246662428479443,5.5622072,-0.2439047000664424,-0.017941879586393483,2.293288835705527,-0.7453458684876381,-0.03884371896145126,-0.05195595452097433,-0.06526715589819974,0.2051179891471562
lab007,F1,OFF->COLD,-28.0,125,18.2204,0.003638906547998679,5.5462438,-0.2564689207666625,-0.006968600601866803,2.2528525897259994,-0.7579100891878582,-0.14692587947440733,-0.04884281576694248,-0.062154017144167885,0.20150126135655116
lab007,F1,OFF->COLD,-27.0,126,18.218055555555555,0.00013244331426131672,5.390608333333333,-0.36945190690585417,-0.0376826882691787,1.440537236443443,-0.883344161291,-0.021321559372428283,-0.04727274771666247,-0.060723232677929236,0.1283332569443221
lab007,F1,OFF->COLD,-26.0,127,18.219094488188976,0.004094688418238522,5.396343307086614,-0.32089579907084426,-0.006794864762210956,1.5966432168491898,-0.8568927195558215,-0.04303105798985943,-0.044764292660203736,-0.058410152076991184,0.14167917516862125
lab007,F1,OFF->COLD,-25.0,127,18.223228346456693,0.00020398356117817254,5.394615223097113,-0.32130602935512814,-0.00657074652254709,1.5290312934179955,-0.8573029498401054,0.06771129164510496,-0.041088238681306115,-0.05473409809809356,0.13567958713153982
lab007,F1,OFF->COLD,-24.0,128,18.22265625,0.0009548335187541997,5.366911328125,-0.30746418027728,-0.005061436259224701,1.52283477425013,-0.8350212080722283,-0.06593549061541853,-0.03833215092680193,-0.05224489074832028,0.13460084943736902
lab007,F1,OFF->COLD,-23.0,128,18.229296875,0.004616477272727313,5.38530703125,-0.2884472995950158,-0.0014072667476030531,1.4628168839899005,-0.8160043273899641,0.06706193614060228,-0.03412855022474006,-0.048041290046258414,0.12929596728792922
lab007,F1,OFF->COLD,-22.0,128,18.233984375,0.005084581611570392,5.3441921875,-0.3301069522761575,-0.004468958639614799,1.385549487766611,-0.8576639800711058,-0.08173481012598824,-0.030353717143734322,-0.04426645696525267,0.12246642980866475
lab007,F1,OFF->COLD,-21.0,128,18.2349609375,0.002854567307692023,5.3994765625,-0.27508482146490976,-0.0041147825535310725,1.3801348308926205,-0.802641849259858,0.06930346534261882,-0.026507591654779554,-0.04042033147629791,0.12198783723449011
lab007,F1,OFF->COLD,-20.0,128,18.24140625,0.003097931897647394,5.30496015625,-0.3720370590107709,-0.004555186514437712,1.4758487012337909,-0.8995940868057192,-0.044578215661132396,-0.023100216840722637,-0.03701295666224099,0.13044782808097155
lab007,F1,OFF->COLD,-19.0,128,18.242578124999998,0.005921457803559879,5.340049869791667,-0.33916138528027967,-0.0016074251124498556,1.3673796876341962,-0.866718413075228,0.031796800706926226,-0.019768388668283052,-0.0336811284898014,0.1208604311978604
lab007,F1,OFF->COLD,-18.0,128,18.2470703125,0.0015706949300699341,5.40924296875,-0.2751271168049786,-0.004380877847433471,1.4420062951869188,-0.8026841445999269,0.0157994540559175,-0.015886908606657188,-0.02979964842817554,0.12745655373004508
lab007,F1,OFF->COLD,-17.0,128,18.2482421875,0.010267254052765558,5.498742317708333,-0.1903013102251661,-1.2686969842067282e-05,1.6391946507393422,-0.7178583380201143,0.04841558493760521,-0.012798153575681228,-0.026710893397199578,0.1448857066528129
lab007,F1,OFF->COLD,-16.0,128,18.25703125,0.012133463127782013,5.448925455729166,-0.24429169156501707,-0.003749488963296856,1.4713539653426897,-0.7718487193599654,0.012298001165801988,-0.009878427737263617,-0.023791167558781967,0.13005054580244152
lab007,F1,OFF->COLD,-15.0,128,18.269140625,0.006812966862683254,5.5295388671875,-0.16700855973372705,-0.00043367038458079986,1.6235793199144384,-0.6945655875286754,0.02285181183324115,-0.006449262786278305,-0.020362002607796657,0.1435054933632178
lab007,F1,OFF->COLD,-14.0,128,18.276757812499998,0.008792166640177658,5.500040169270833,-0.2014169786696021,-0.001300138024006626,1.5449503567035971,-0.7289740064645504,-0.029547621229317093,-0.004267955090084934,-0.018180694911603283,0.13655560922771112
lab007,F1,OFF->COLD,-13.0,128,18.290234375,0.007827399872854095,5.527346549479167,-0.17839232862872617,-0.0019448636411928703,1.4853515390013312,-0.7059493564236745,0.11873897777693143,-0.0014390037023825856,-0.015351743523900938,0.13128776820921448
lab007,F1,OFF->COLD,-12.0,128,18.292382812499998,0.007510777574697702,5.648187760416667,-0.059925133436582616,0.0,1.5932853882511178,-0.5874821612315309,0.09991275752152218,0.0011983782224294507,-0.0127143615990889,0.1408278627997258
lab007,F1,OFF->COLD,-11.0,128,18.299609375,0.010935265019071914,5.877414453125,0.16657862729874146,0.0,1.7623638046082373,-0.36097840049620683,0.6104670599903491,0.0031716000482960175,-0.010741139773222334,0.155772424644526
lab007,F1,OFF->COLD,-10.0,128,18.312109375,0.013012555626191847,6.403255729166667,0.6925857034079881,0.0,3.8384708062567294,0.16502867561303974,0.09006270715178263,0.005269512378644961,-0.00864322744287339,0.33927609206134096
lab007,F1,OFF->COLD,-9.0,128,18.330468749999998,0.017814039653528502,6.1035244140625,0.39270374006039355,0.0,1.9278165287801565,-0.13485328773455474,-0.29264074673794344,0.007503118368417959,-0.006409621453100392,0.17039651754799495
lab007,F1,OFF->COLD,-8.0,128,18.344921875,0.016685374284805998,6.307090885416667,0.5980211026172633,0.0,2.8087311082808863,0.07046407482231494,0.13817175286008912,0.009166843269713825,-0.004745896551804527,0.2482591016493777
lab007,F1,OFF->COLD,-7.0,128,18.362499999999997,0.014307602908454974,6.4739630859375,0.7674413474663958,0.0,3.4598625577882802,0.23988431967144755,-0.09550132624628137,0.011397921468505084,-0.0025148183530132673,0.30581153457319077
lab007,F1,OFF->COLD,-6.0,128,18.376171874999997,0.014803023680864164,6.246678580729166,0.5439051086575667,0.0,2.6271193233965455,0.016348080862618408,-0.10471626722132601,0.012860407199159927,-0.0010523326223584244,0.23220673606998898
lab007,F1,OFF->COLD,-5.0,128,18.389062499999998,0.009627801176096608,6.261520703125,0.562901721408577,0.0,2.5985606025953114,0.035344693613628665,0.026941067692487122,0.015129495720967702,0.0012167558994493515,0.22968247792741822
lab007,F1,OFF->COLD,-4.0,128,18.401953125,0.014606842021614693,6.2203194010416665,0.5272325810551565,0.0,2.548898587069586,-0.0003244467397918033,-0.1599713009727046,0.016336387862836102,0.00242364804131775,0.22529293443421425
lab007,F1,OFF->COLD,-3.0,128,18.416015625,0.009955598378894188,6.21778125,0.5306454856437843,0.0014173101210125819,2.580942829716226,0.0030884578488360147,0.10973529198689462,0.01849052902077742,0.00457778919925907,0.22812527209339248
lab007,F1,OFF->COLD,-2.0,128,18.423046874999997,0.009543368563254702,6.12614609375,0.4454802012937735,0.0,2.5452500800557245,-0.08207682650117479,-0.09712067412110595,0.020141276605828706,0.006228536784310353,0.2249704489278757
lab007,F1,OFF->COLD,-1.0,128,18.4341796875,0.0005463286713285178,5.8838841796875,0.21465328633858408,0.0,1.7340749549882402,-0.31290374145636424,-0.19288464324438517,0.022831906320331823,0.008919166498813472,0.1532720199697427
lab007,F1,OFF->COLD,0.0,128,18.4421875,0.016665507787666966,5.897644140625,0.24157814795489987,0.0,2.593334156395935,-0.28597887984004844,0.02788669202240291,0.024879759873725763,0.010967020052207411,0.2292205209837825
lab007,F1,OFF->COLD,1.0,128,18.439843749999998,0.00017879847425249576,5.454933854166667,-0.18674076530546171,-0.05106602862603171,1.4299354095449892,-0.71429779310041,-0.38338412075518574,0.027286664998290293,0.013373925176771943,0.1263896280935031
lab007,F1,OFF->COLD,2.0,128,18.4390625,-0.008519002304513513,5.148882356770834,-0.4757189406156222,-0.24719203058664552,1.2771418196295845,-1.0032759684105705,-0.3762757945761516,0.02952278635984089,0.01561004653832254,0.11288445514962571
lab007,F1,OFF->COLD,3.0,128,18.4244140625,-0.019782064526382325,4.88452421875,-0.7226269146530623,-0.43164323952024386,1.3958339004999645,-1.2501839424480106,-0.10916247635873043,0.03250761336802743,0.01859487354650908,0.12337545205669918
lab007,F1,OFF->COLD,4.0,128,18.41171875,-0.022824121900826125,4.73367109375,-0.8603203504675704,-0.49808267250029603,1.4129253322778896,-1.3878773782625187,-0.0700772752706741,0.03425459239259784,0.020341852571079483,0.12488613547049394
lab007,F1,OFF->COLD,5.0,128,18.367578124999998,-0.03566905395740576,4.728108072916667,-0.8569875779064541,-0.41194650085750695,1.523449322297458,-1.3845446057014024,-0.06758167935734241,0.03716510397206699,0.023252364150548637,0.13465516832382285
lab007,F1,OFF->COLD,6.0,128,18.33515625,-0.03838455578512403,4.661360872395833,-0.9127810924677859,-0.47642737062758606,1.554706306762343,-1.4403381202627343,0.015497110448766603,0.03921913795147449,0.025306398129956137,0.13741792153314317
lab007,F1,OFF->COLD,7.0,128,18.295703125,-0.033348398760331056,4.6289673828125,-0.9354851724829824,-0.5091139281193915,1.6195938019904783,-1.4630422002779306,0.005183969547997641,0.04142216119694292,0.027509421375424562,0.1431532200193962
lab007,F1,OFF->COLD,8.0,128,18.26171875,-0.035760936506674744,4.6098578125,-0.943688447859339,-0.49805292242366567,1.6685790207354971,-1.4712454756542872,0.0348169565881448,0.04301823893940704,0.029105499117888685,0.14748294256345987
lab007,F1,OFF->COLD,9.0,128,18.2322265625,-0.031651054910998414,4.674232356770833,-0.8710701450825952,-0.4727152913797385,1.5872199939166107,-1.3986271728775435,0.02557591033959598,0.044767010791617545,0.030854270970099195,0.14029175261666327
lab007,F1,OFF->COLD,10.0,128,18.2001953125,-0.02236967577876614,4.688989453125,-0.8487247684271011,-0.46613965842892435,1.555715757137331,-1.3762817962220495,0.0495032628290305,0.045637104479541,0.03172436465802265,0.13750714518382134
lab007,F1,OFF->COLD,11.0,128,18.1814453125,-0.02947443181818196,4.762616536458333,-0.7653829434441025,-0.4095850539773154,1.5219709771468886,-1.2929399712390508,0.08000858450304038,0.04641355209568736,0.032500812274169004,0.1345244998387101
lab007,F1,OFF->COLD,12.0,128,18.15546875,-0.010875665527653683,4.798476432291666,-0.7214463457011887,-0.4309116591466479,1.4296118811574496,-1.249003373496137,-0.028253379811090898,0.04635021926734746,0.03243747944582911,0.12636103195391116
lab007,F1,OFF->COLD,13.0,128,18.1466796875,-0.01719445327399919,5.164619401041667,-0.34764353986565505,-0.39997626492890687,3.7510289767474063,-0.8752005676606033,0.3800501150755155,0.046454919240019286,0.03254217941850093,0.3315472532356659
lab007,F1,OFF->COLD,14.0,128,18.125,-0.018328085267005734,5.197909765625,-0.3103615046929422,-0.2518941002557621,3.273390709499588,-0.8379185324878905,0.17531525562988584,0.04550127753389438,0.031588537712376026,0.28932959602002534
lab007,F1,OFF->COLD,15.0,128,18.109375,-0.010700592021614688,5.26432265625,-0.24048846511511093,-0.20919431711035114,3.003567632191091,-0.7680454929100592,-0.15248926321806838,0.04351100076034728,0.02959826093882893,0.26548038005934277
lab007,F1,OFF->COLD,16.0,128,18.103515625,-0.013969872457088937,5.078539453125,-0.42402234225887125,-0.20309603014747868,1.1490538930709298,-0.9515793700538195,0.1795818190830399,0.04240723524631968,0.028494495424801328,0.10156297496740706
lab007,F1,OFF->COLD,17.0,128,18.096484375,-0.008238388032422363,5.539139388020834,0.03957388842896903,-0.04866274931244876,3.3317242521017656,-0.48798313936597926,0.061243885996103795,0.03991667623459954,0.026003936413081186,0.2944856014631046
lab007,F1,OFF->COLD,18.0,128,18.083203125,-0.008665517720915632,5.386908203125,-0.11107770978302894,-0.009377703970191905,1.9277542818581235,-0.6386347375779773,0.1930555020092555,0.03724358635152251,0.023330846530004157,0.17039101564541026
lab007,F1,OFF->COLD,19.0,128,18.0736328125,-0.0043333796884935,5.8647267578125,0.37183972951042876,-0.002961606637401694,3.8665827558935932,-0.15571729828451952,0.15608411659966298,0.034311578852205565,0.020398839030687215,0.3417608608389161
lab007,F1,OFF->COLD,20.0,128,18.073046875,-0.0009982914812465217,5.8205421875,0.32765450123014833,0.0,3.5129325351247886,-0.19990252656479995,-0.15911661922837866,0.031070431617306885,0.017157691795788535,0.31050230217969843
lab007,F1,OFF->COLD,21.0,128,18.07265625,-0.003152564764781056,5.7804076171875,0.27828336766247325,0.0,2.5716284050387146,-0.24927366013247504,0.12266060296711413,0.02747236871004023,0.013559628888521877,0.22730198548685254
lab007,F1,OFF->COLD,22.0,128,18.0765625,-0.001105073903369063,5.86052109375,0.35460238660095045,0.0,2.4732794434509904,-0.17295464119399784,0.16469295638909898,0.023919071796822372,0.010006331975304022,0.21860908327918568
lab007,F1,OFF->COLD,23.0,128,18.0734375,0.0022834055149400564,5.948967447916667,0.4420265803994478,0.0,2.5604746331485067,-0.08553044739550046,-0.04759742041295713,0.020440287476979825,0.006527547655461474,0.22631612201943083
lab007,F1,OFF->COLD,24.0,128,18.0720703125,0.006315062778131021,5.9742060546874995,0.4644972282305226,0.0,2.118001324767279,-0.06305979956442569,0.26293191024149787,0.01643675176337463,0.0025240119418562775,0.18720663741312923
lab007,F1,OFF->COLD,25.0,128,18.0755859375,0.0015682116179278772,6.289200651041667,0.770785633064,0.0,4.0835813455787715,0.24322860526905174,-0.01659871367209558,0.012837434494889291,-0.0010753053266290612,0.3609410076232044
lab007,F1,OFF->COLD,26.0,128,18.0826171875,0.006595677050221944,6.357453515625,0.8318519016790957,0.0,4.038357919692437,0.3042948738841475,-0.12563030964636204,0.009331242769794922,-0.004581497051723429,0.35694378373411517
lab007,F1,OFF->COLD,27.0,128,18.0869140625,0.007846024713922666,6.2201005859375,0.6874649590479034,0.0,2.3501017075107913,0.1599079312529551,-0.03982615850042639,0.005250753765063374,-0.008661986056454978,0.20772160673237058
lab007,F1,OFF->COLD,28.0,128,18.0955078125,0.011655425540369342,6.662218033854167,1.1219188868445051,0.0,4.724000071808553,0.594361859049557,0.24664044420093634,0.0022080102397341785,-0.011704729581784173,0.41754656063769563
lab007,F1,OFF->COLD,29.0,128,18.108984375,0.005603593849332874,6.278445052083334,0.7330774303671197,0.0,3.9267855990998286,0.2055204025721714,-0.39863044003736636,-0.0016499200509850053,-0.015562659872503359,0.34708209067364604
lab007,F1,OFF->COLD,30.0,128,18.1193359375,0.016214786633820786,6.044266666666667,0.49311719282128147,0.0,2.0965151889341422,-0.034439834973666816,-0.16489066840945163,-0.004345476364446621,-0.018258216185964973,0.18530751336949097
lab007,F1,OFF->HOT,-30.0,144,20.017881944444444,-0.0012648336511976485,3.7851921875,0.29142544494815875,-0.0037231937619246194,0.8949536923950667,0.7591424175646644,-0.015366238010478773,-0.009743222697711827,-0.026606547247541804,0.07457947436625556
lab007,F1,OFF->HOT,-29.0,144,20.01840277777778,0.0042911633820728245,3.7285215277777777,0.2326945878298813,-0.005761098358972566,0.8885663904689965,0.700411560446387,-0.06257599258416496,-0.008978439177496654,-0.02584176372732663,0.07404719920574972
lab007,F1,OFF->HOT,-28.0,144,20.021006944444444,-0.00030020484565896813,3.766679976851852,0.26873699633746173,-0.008101386997004967,0.9797482966321871,0.7364539689539673,-0.03245359760169568,-0.008429681598894637,-0.025293006148724612,0.08164569138601559
lab007,F1,OFF->HOT,-27.0,144,20.021527777777777,0.002470067810976907,3.70004849537037,0.20233795893158468,-0.011960224033372928,0.867731615831568,0.6700549315480903,-0.06035003646470854,-0.007269548297425077,-0.024132872847255054,0.072310967985964
lab007,F1,OFF->HOT,-26.0,144,20.019618055555554,-0.003960055096418495,3.6564737268518517,0.1579465582495582,-0.012990810814302142,0.8755542472364674,0.6256635308660639,-0.09564665388254467,-0.006207750139749127,-0.023071074689579103,0.07296285393637228
lab007,F1,OFF->HOT,-25.0,144,20.021527777777777,0.0005904764427490005,3.539759722222222,0.040340261327634214,-0.014424752314646856,0.7908691485982041,0.5080572339441398,-0.040346448897488126,-0.005106370691631952,-0.021969695241461928,0.06590576238318367
lab007,F1,OFF->HOT,-24.0,144,20.016493055555557,-0.0038055378964471386,3.4962238425925927,-0.005300746933493559,-0.018528889671573845,0.8547235261995588,0.4624162256830121,0.014514906549548111,-0.003931435147557387,-0.020794759697387363,0.0712269605166299
lab007,F1,OFF->HOT,-23.0,144,20.00625,-0.0017107261425446316,3.4919201388888887,-0.012277575050113364,-0.014220363970498395,0.8150670855058192,0.4554393975663922,-0.06034579552818255,-0.0023256443437509465,-0.019188968893580922,0.06792225712548493
lab007,F1,OFF->HOT,-22.0,144,20.006944444444443,-0.012355857526311563,3.407542361111111,-0.10017921560849315,-0.021462369107575856,0.6952770889367198,0.3675377570080125,-0.005118421862623056,-0.0007964871879302427,-0.01765981173776022,0.05793975741139332
lab007,F1,OFF->HOT,-21.0,144,19.9984375,-0.007026117821571971,3.376929861111111,-0.13520029779653894,-0.026541844464283676,0.7022675376600874,0.33251667481996666,-0.10363905170879512,0.0009489299489148253,-0.01591439460091515,0.058522294805007286
lab007,F1,OFF->HOT,-20.0,144,19.98888888888889,-0.008320751218478445,3.342282291666667,-0.17590462974274013,-0.02057713143836905,0.9294003468133258,0.2918123428737655,-0.14066766561963256,0.0023672779154218135,-0.014496046634408162,0.07745002890111048
lab007,F1,OFF->HOT,-19.0,144,19.976736111111112,-0.0129639930776294,3.2292805555555555,-0.29560457471535184,-0.030770210929285315,1.0198012963672536,0.1721123979011538,0.007658808536814258,0.004419115686228848,-0.012444208863601126,0.0849834413639378
lab007,F1,OFF->HOT,-18.0,144,19.96666666666667,-0.015158137317228192,3.266885763888889,-0.26372638113066144,-0.0254623622612166,1.4050102798965847,0.20399059148584417,-0.11017979292524974,0.006117963078258342,-0.010745361471571634,0.11708418999138205
lab007,F1,OFF->HOT,-17.0,144,19.953645833333336,-0.012417664406300873,3.1409986111111112,-0.39463537155076367,-0.03268932535222843,1.3779080674202375,0.07308160106574195,-0.09569827053107242,0.007756776045132617,-0.009106548504697358,0.11482567228501979
lab007,F1,OFF->HOT,-16.0,144,19.93888888888889,-0.01252693014056697,3.134869675925926,-0.4072556184898018,-0.03305797669367404,1.2646305675778464,0.06046135412670384,0.01607987739456985,0.009516112007929865,-0.0073472125419001095,0.1053858806314872
lab007,F1,OFF->HOT,-15.0,144,19.924305555555556,-0.011574441972169556,3.134854050925926,-0.41440572352144417,-0.03418288156462258,1.1801457487006055,0.05331124909506148,-0.032582901360012344,0.010987912532085973,-0.0058754120177440024,0.0983454790583838
lab007,F1,OFF->HOT,-14.0,144,19.914409722222224,-0.013301723528996084,3.1543640046296293,-0.40042892851101136,-0.04213821832130504,1.1485877591788798,0.06728804410549426,-0.044139602568912154,0.012709776088888347,-0.004153548460941629,0.09571564659823999
lab007,F1,OFF->HOT,-13.0,144,19.90277777777778,-0.010956373172282045,3.153788773148148,-0.4052673580580234,-0.04283005559778877,1.084398159518287,0.06244961455848224,-0.05076121082165208,0.014136392011329367,-0.002726932538500609,0.09036651329319058
lab007,F1,OFF->HOT,-12.0,144,19.89027777777778,-0.014940709542982203,3.0802346064814814,-0.4840710238926016,-0.043511759490794596,1.0939236215077357,-0.01635405127609603,0.011016248253643125,0.015346690138214238,-0.0015166344116157374,0.09116030179231131
lab007,F1,OFF->HOT,-11.0,144,19.876909722222223,-0.010951958395139667,3.036665277777778,-0.5328020582543573,-0.09500414215363953,1.0346382971645047,-0.06508508563785165,-0.0194561472692472,0.016340120076368727,-0.0005232044734612476,0.08621985809704207
lab007,F1,OFF->HOT,-10.0,144,19.859201388888888,-0.012047926820654245,3.061157986111111,-0.514100996227007,-0.06762018514226184,0.9389858404298486,-0.04638402361050132,7.719670088302856e-05,0.01744457026371877,0.0005812457138887913,0.07824882003582072
lab007,F1,OFF->HOT,-9.0,144,19.846006944444447,-0.01737987391396489,3.112324305555555,-0.4693361828695358,-0.08347383533017574,0.925418921992736,-0.0016192102530301529,0.03771285434496126,0.017854759062063796,0.0009914345122338207,0.07711824349939467
lab007,F1,OFF->HOT,-8.0,144,19.831944444444446,-0.008092286501377251,3.110327314814815,-0.4774747531789314,-0.09007234582778564,0.878807711413244,-0.009757780562425836,0.020431679311199595,0.0182447637145343,0.0013814391647043248,0.07323397595110366
lab007,F1,OFF->HOT,-7.0,144,19.82326388888889,-0.015847946245673546,3.1294484953703705,-0.4660042344064979,-0.07362287269738274,0.8085001534470122,0.0017127382100076633,0.009202302258051962,0.018185265187632672,0.001321940637802696,0.06737501278725101
lab007,F1,OFF->HOT,-6.0,144,19.811111111111114,-0.008367106378470174,3.141083564814815,-0.4620090182179443,-0.06138912097876875,0.7853911111984707,0.005707954398561298,-0.0024301375208738204,0.018297002854505303,0.0014336783046753282,0.06544925926653923
lab007,F1,OFF->HOT,-5.0,144,19.80034722222222,-0.010078936215299726,3.1475667824074076,-0.46448783746888606,-0.11628612677546807,0.7294431597156569,0.003229135147619611,-0.0012682605387834129,0.017611615082451168,0.0007482905326211932,0.06078692997630474
lab007,F1,OFF->HOT,-4.0,144,19.790972222222223,-0.005166392950483618,3.1957309027777776,-0.4236264332478452,-0.05071318498694542,0.7791973927793043,0.0440905393686604,-0.01729568992015367,0.01700622291211352,0.0001428983622835433,0.06493311606494202
lab007,F1,OFF->HOT,-3.0,144,19.78888888888889,-0.00531539167902781,3.165024189814815,-0.4616882948512222,-0.14704301906805817,0.7853845252957423,0.0060286777652834205,-0.0052593981516248466,0.015992505628208028,-0.000870818921621947,0.06544871044131186
lab007,F1,OFF->HOT,-2.0,144,19.78576388888889,-0.0034667037507950626,3.1764145833333335,-0.4555098664879265,-0.08286424508458064,0.7600984402190889,0.012207106128579134,0.01716178113072478,0.014676668789140408,-0.002186655760689569,0.06334153668492408
lab007,F1,OFF->HOT,-1.0,144,19.77777777777778,0.0012769742883377054,3.1541037037037034,-0.48293210920925983,-0.1441044667081097,0.7927156514557097,-0.015215136592754176,-0.022535728094558158,0.013319872003931798,-0.003543452545898178,0.06605963762130913
lab007,F1,OFF->HOT,0.0,144,19.75607638888889,-0.0239457512184791,3.259541666666667,-0.3819969233121894,-0.06705893752658418,0.8907308748490468,0.08572004930431623,0.029636601509710894,0.011755427433168906,-0.00510789711666107,0.07422757290408723
lab007,F1,OFF->HOT,1.0,144,19.74548611111111,-0.022164388641662494,3.2838857060185185,-0.36234242276362655,-0.050323248102293716,1.1354569584639596,0.10537454985287903,0.2811746056045628,0.009720684776729242,-0.007142639773100733,0.09462141320532996
lab007,F1,OFF->HOT,2.0,144,19.724652777777777,-0.01284700148336475,3.7370119212962964,0.0852175030969114,-0.0259094985173502,1.4675910543857411,0.552934475713417,0.5320485748041772,0.00798478301057176,-0.008878541539258218,0.12229925453214509
lab007,F1,OFF->HOT,3.0,144,19.723958333333332,-0.0023596983824262937,4.364340451388888,0.7074413890608845,0.08297974924272541,1.7714945776073197,1.1751583616773902,0.40701163683288166,0.0053589895085217765,-0.0115043350413082,0.1476245481339433
lab007,F1,OFF->HOT,4.0,144,19.73159722222222,0.02463114536978188,4.490422569444444,0.8288238517711117,0.15419247300674166,1.7024899672205405,1.2965408243876173,0.011526100219018657,0.0031073819047407747,-0.013755942645089201,0.14187416393504504
lab007,F1,OFF->HOT,5.0,144,19.761979166666666,0.027600082997810728,4.384520196759259,0.7199297754312265,0.1390159571147502,1.220226548311987,1.1876467480477322,-0.0809715417703857,2.9812302154113855e-05,-0.01683351224767586,0.10168554569266558
lab007,F1,OFF->HOT,6.0,144,19.789583333333333,0.03600912975912938,4.373708738425926,0.7062714455971527,0.18152550660984107,1.2705333088720139,1.1739884182136584,-0.013844432147363675,-0.0027962284323695824,-0.019659552982199558,0.10587777573933449
lab007,F1,OFF->HOT,7.0,144,19.831249999999997,0.036544421487603514,4.381542245370371,0.7121488162272079,0.09015683167766939,1.5714918624359946,1.1798657888437134,-0.008311447605220774,-0.005805034520164095,-0.022668359069994072,0.13095765520299954
lab007,F1,OFF->HOT,8.0,144,19.867013888888888,0.030694841774387097,4.322738715277778,0.651296343112657,0.1073093536590003,1.5241739814385282,1.1190133157291626,-0.02069960601248735,-0.008480553480177974,-0.025343878030007948,0.1270144984532107
lab007,F1,OFF->HOT,9.0,144,19.897743055555555,0.03611177332768292,4.348484317129629,0.6756576295269244,0.06515647782242956,1.8187625729343608,1.14337460214343,-0.13942693660430625,-0.011232786729509954,-0.028096111279339933,0.15156354774453007
lab007,F1,OFF->HOT,10.0,144,19.934375000000003,0.03378960055096447,4.295295717592593,0.6214277928532554,0.06298486180726037,2.125158949659772,1.089144765469761,0.15557853116583018,-0.013764755213040193,-0.03062807976287017,0.17709657913831434
lab007,F1,OFF->HOT,11.0,144,19.964062499999997,0.02895431588613357,4.316334375,0.6425679550174301,0.036094307867328396,1.9747958360423625,1.1102849276339357,-0.10195436703394539,-0.01645197174387663,-0.0333152962937066,0.1645663196701969
lab007,F1,OFF->HOT,12.0,144,19.991493055555555,0.027967613194885697,4.290990914351852,0.6171496647895315,-0.004128506017236126,2.2318063839923776,1.0848666374060372,-0.06376555794706168,-0.018647946535449916,-0.03551127108527989,0.18598386533269815
lab007,F1,OFF->HOT,13.0,144,20.021875,0.02426030408984932,4.012024305555555,0.33967563140404844,0.03352536364539163,1.723802924762145,0.8073926040205541,-0.16582556516319275,-0.020860139322510622,-0.0377234638723406,0.14365024373017873
lab007,F1,OFF->HOT,14.0,144,20.047048611111112,0.025696210355301296,4.028523842592593,0.35781653950931624,-0.004345149952407149,1.7562131396286182,0.8255335121258219,0.01506340812044969,-0.02247814341508221,-0.03934146796491218,0.14635109496905152
lab007,F1,OFF->HOT,15.0,144,20.062673611111112,0.010163920675284498,4.050027430555556,0.3820460971926437,-0.004501853519794271,1.760188668243514,0.8497630698091494,0.02434911900849031,-0.024253843331161307,-0.04111716788099128,0.14668238902029282
lab007,F1,OFF->HOT,16.0,144,20.074131944444442,0.011040253937981356,3.9141259837962963,0.2480815507599534,-0.004565857232953349,1.5100584619401904,0.715798523376459,-0.16578796019606426,-0.025474147358068112,-0.042337471907898085,0.12583820516168254
lab007,F1,OFF->HOT,17.0,144,20.079166666666666,0.002334313413859375,3.7720685763888886,0.10741229249955689,-0.004721018313256733,1.1302263731300914,0.5751292651160624,-0.07753706562839163,-0.026492541085323562,-0.04335586563515354,0.09418553109417428
lab007,F1,OFF->HOT,18.0,144,20.084895833333334,0.007102272727272189,3.7168843750000002,0.053154263749163135,-0.004664910827832714,0.9717388384248139,0.5208712363656688,-0.04520827529703873,-0.027329093237819433,-0.0441924177876494,0.08097823653540116
lab007,F1,OFF->HOT,19.0,144,20.091840277777777,0.008664000141273033,3.616873611111111,-0.04631866666576369,-0.014519123106538419,1.0224710312507999,0.42139830595074196,-0.029217668504060507,-0.027924191100903144,-0.04478751565073312,0.08520591927089999
lab007,F1,OFF->HOT,20.0,144,20.092708333333334,-0.0027603394080670065,3.614121643518519,-0.05020407502617785,-0.013254521529741818,1.0531734921123495,0.4175128975903278,-0.03299376401163505,-0.02844255351925692,-0.0453058780690869,0.08776445767602913
lab007,F1,OFF->HOT,21.0,144,20.101041666666664,0.0027791022109204945,3.600504166666666,-0.06543953225791065,-0.006198590202003911,1.0564929997024535,0.402277440358595,0.0036239865877071824,-0.028576588932330435,-0.045439913482160414,0.08804108330853778
lab007,F1,OFF->HOT,22.0,144,20.103125,0.0030550257822974645,3.5918554398148146,-0.07467462778476257,-0.004308507933014835,1.1449853939418162,0.39304234483174305,0.024585062412791816,-0.028382751772054064,-0.04524607632188404,0.09541544949515135
lab007,F1,OFF->HOT,23.0,144,20.10329861111111,0.003461185279366957,3.574447337962963,-0.09305559875875064,-0.00424983992327545,1.1264843094976649,0.374661373857755,0.04225346416328085,-0.028315400394452725,-0.045178724944282704,0.09387369245813874
lab007,F1,OFF->HOT,24.0,144,20.107118055555553,0.0016456081796987411,3.6237734375000006,-0.04447201125770395,-0.005386332304994039,1.0269770953154698,0.42324496135880163,0.000774445159574284,-0.02811492971727712,-0.044978254267107096,0.08558142460962248
lab007,F1,OFF->HOT,25.0,144,20.101041666666664,-0.0013476107226104907,3.608109201388889,-0.06431654737205479,-0.017769103558341957,0.9969509436233609,0.40340042524445086,-0.015802578457420346,-0.027362703136721123,-0.0442260276865511,0.08307924530194674
lab007,F1,OFF->HOT,26.0,144,20.103125,-0.0027137635092181847,3.6207128472222223,-0.055213583108600923,-0.020233411918309532,0.8907869915495155,0.4125033895079047,-0.03453774155082465,-0.027081553982443544,-0.04394487853227352,0.07423224929579296
lab007,F1,OFF->HOT,27.0,143,20.089510489510488,-0.005216969934070961,3.612713869463869,-0.09415600362265873,-0.02417595767640493,0.857415132007018,0.3727702034755429,0.05378867371985106,-0.024790929868942112,-0.041815035529961325,0.07170065534000437
lab007,F1,OFF->HOT,28.0,143,20.086713286713287,-0.0015015181893760312,3.6696710955710956,-0.041598791604305525,-0.02215313849286516,1.5027595297949299,0.42532741549389613,0.015906557656889187,-0.023635044519380703,-0.040659150180399915,0.12566706497530228
lab007,F1,OFF->HOT,29.0,143,20.08409090909091,-0.0029997021414691657,3.7363673659673657,0.020015904872477393,-0.025187763725840362,1.9292743081705181,0.48694211197067905,0.007286389057899242,-0.022828783264573944,-0.039852888925593154,0.16133402253195536
lab007,F1,OFF->HOT,30.0,143,20.083216783216784,-0.0073086481223798745,3.7716801864801868,0.051000540755513385,-0.024740889953521555,1.90532222200381,0.5179267478537151,0.03947686728327616,-0.02150626808227943,-0.038530373743298645,0.15933104846396423
lab008,F2,COLD->OFF,-30.0,31,18.23548387096774,-0.007274983081434786,7.758954838709678,-0.07282840442815347,-0.17572126836928392,0.9514340465985263,-1.0115936252402427,0.10410363967393918,-0.011627297845609069,0.0549662409042539,0.17088259929788494
lab008,F2,COLD->OFF,-29.0,31,18.22983870967742,0.012227508561820914,7.757043548387097,-0.06433194188443132,-0.05877266098274503,0.8907633417132819,-1.0030971626965206,0.05172096653398841,-0.014444862599994725,0.05214867614986824,0.1599858190227933
lab008,F2,COLD->OFF,-28.0,31,18.241129032258065,0.004383446465558076,7.730616129032258,-0.07812300219679115,-0.23756210838366787,0.8303404571557514,-1.0168882230088803,0.029539809575031835,-0.016884068966653176,0.049709469783209795,0.1491335485925091
lab008,F2,COLD->OFF,-27.0,31,18.245967741935484,0.006095810348009025,7.808509677419354,0.017156748450696653,-0.19960816170068263,0.8451338758647678,-0.9216084723613925,-0.034294567720597524,-0.02105956521971674,0.04553397353014623,0.15179052502775053
lab008,F2,COLD->OFF,-26.0,31,18.249193548387098,0.0056702827963821065,7.79537311827957,0.026468104628111618,-0.16943424138230867,0.7677364695300748,-0.9122971161839776,0.07520565928225338,-0.023618111907295184,0.042975426842567784,0.13788954048691895
lab008,F2,COLD->OFF,-25.0,31,18.25483870967742,0.005721551176097221,7.738188709677419,-0.017543142410777143,-0.24091408355124244,0.7466462333727332,-0.9563083632228664,0.0006377085447444241,-0.026719598089507232,0.03987394066035573,0.1341016222520636
lab008,F2,COLD->OFF,-24.0,31,18.26290322580645,0.004332178085843273,7.811003225806451,0.05407429892395685,-0.0524878567236744,0.7086483211563289,-0.8846909218881324,-0.049301573102853935,-0.02979629530674036,0.0367972434431226,0.12727699575204945
lab008,F2,COLD->OFF,-23.0,31,18.272580645161288,0.001999466808850717,7.716445161290323,-0.04133038940769321,-0.17560072087587564,0.6805586392425133,-0.9800956102197823,0.020226635125455767,-0.0326636483611732,0.03392989038868977,0.12223193994808254
lab008,F2,COLD->OFF,-22.0,31,18.270967741935483,-0.00364005495970282,7.722851612903225,-0.023388796601597903,-0.16443490470387978,0.710629581978274,-0.9621540174136871,-0.056466901454398075,-0.03726824288136096,0.029325295868501994,0.1276328407003687
lab008,F2,COLD->OFF,-21.0,31,18.269354838709678,0.008192687078317554,7.768793548387097,0.03604491549577565,0.019131335102445357,0.7743338108304466,-0.9027203053163135,0.02319251958725192,-0.04005147535694827,0.026542063392914688,0.13907445796374596
lab008,F2,COLD->OFF,-20.0,31,18.27741935483871,0.0024916432541071923,7.75619247311828,0.03324786782767739,-0.021773799289050544,0.7744913284595614,-0.9055173529844118,0.010540525136934573,-0.04423659659204055,0.02235694215782241,0.13910274896509764
lab008,F2,COLD->OFF,-19.0,31,18.280645161290323,0.001886676373480028,7.825215322580645,0.11211660979453951,-0.03573048700997461,0.7729390029841844,-0.8266486110175497,0.02749186103372877,-0.04618370264140246,0.02040983610846051,0.13882394307924872
lab008,F2,COLD->OFF,-18.0,31,18.287096774193547,0.01277608022476117,7.827106451612903,0.1269720340443183,0.005330673440530731,0.7739145939146431,-0.8117931867677709,0.5671980609279276,-0.05035615125469799,0.01623738749516498,0.13899916438296833
lab008,F2,COLD->OFF,-17.0,31,18.293548387096774,-0.0008356745893403361,8.425270967741936,0.7437449486821449,0.16416560034574346,3.464986235106637,-0.19502027212994438,0.5093136545291044,-0.05301096758628013,0.013582571163582842,0.6223298992749452
lab008,F2,COLD->OFF,-16.0,31,18.28790322580645,0.00994606566453941,9.052098387096773,1.3875138109633913,0.08584233619665271,4.757584350886951,0.44874859015130214,0.38232842156950986,-0.057888562088847385,0.008704976661015586,0.8544873742589087
lab008,F2,COLD->OFF,-15.0,31,18.30322580645161,0.00826446280991734,8.39934193548387,0.757477545781387,0.397876405547966,3.6578691469761146,-0.18128767503070217,-0.3037140114136923,-0.059733547109679576,0.006859991640183394,0.6569726929170666
lab008,F2,COLD->OFF,-14.0,31,18.316129032258065,0.016313598425035325,8.022500537634409,0.4017423934742733,0.397876405547966,3.0471910226196575,-0.5370228273378158,0.6078001924475375,-0.06438163905639131,0.0022118996934716592,0.5472916639508807
lab008,F2,COLD->OFF,-13.0,31,18.317741935483873,0.0068699628816931615,9.618104838709677,2.0188006666654674,0.6015777018570159,4.967315994378641,1.0800354458533785,0.6147304681171393,-0.06496508796542716,0.0016284507844358115,0.8921562894328056
lab008,F2,COLD->OFF,-12.0,31,18.316129032258065,0.006275249677008958,9.974666129032258,2.39270754766403,0.5978355426277346,4.817965241201676,1.4539423268519405,-0.4711142364242095,-0.06791801132989889,-0.0013244725800359153,0.8653321023005304
lab008,F2,COLD->OFF,-11.0,31,18.335483870967742,0.016457149888234893,8.767662903225807,1.2009488649431663,0.5439217927842748,3.241782045856927,0.2621836441310772,-1.6847102440074715,-0.06928348715545155,-0.0026899484055885876,0.5822412434511096
lab008,F2,COLD->OFF,-10.0,31,18.34032258064516,0.024649836966551826,7.861162903225807,0.30175960426933296,0.5863543607070865,2.598698525005741,-0.6370056165427562,0.886485038708289,-0.07142618126212498,-0.004832642512262014,0.46674003346019055
lab008,F2,COLD->OFF,-9.0,31,18.35967741935484,0.009356479297827625,8.375254838709678,0.8438003689013224,0.45546410793653624,3.044438753571678,-0.09496485191076684,0.0143362914990067,-0.07172185939140013,-0.00512832064153718,0.5467973418372594
lab008,F2,COLD->OFF,-8.0,31,18.36532258064516,0.01488833746898164,8.623906451612903,1.1156011326540995,0.5952163881018171,2.275388144288295,0.17683591184201036,-0.41966910310111893,-0.07237228427982095,-0.0057787455299579855,0.4086717748830421
lab008,F2,COLD->OFF,-7.0,31,18.390322580645158,0.012324918483274976,8.270964516129032,0.7880467462524552,0.5232403698714467,1.6785319463839996,-0.150718474559634,-0.04367561435264974,-0.07140464161989825,-0.004811102870035279,0.3014732371918886
lab008,F2,COLD->OFF,-6.0,31,18.39354838709677,0.006008654102495113,8.64029193548387,1.187936832059482,0.6003237859304402,3.1432709431762893,0.2491716112473929,0.4610321125122537,-0.07018136613067508,-0.0035878273808121154,0.5645481271011631
lab008,F2,COLD->OFF,-5.0,31,18.4,0.004265529192215593,9.040888709677418,1.6329734891297278,0.7197693371161051,4.2274418271029495,0.6942082683176387,0.5450178431639797,-0.06855799737645951,-0.0019644586265965456,0.7592709661574464
lab008,F2,COLD->OFF,-4.0,31,18.404838709677417,0.010089617127741167,8.638782258064516,1.2790756855117504,0.9536815630500399,3.1955112133810686,0.34031046469966114,-0.4374805206449829,-0.06627542864281574,0.00031811010704722105,0.5739307566092527
lab008,F2,COLD->OFF,-3.0,31,18.41290322580645,0.01910259828148368,8.231101612903226,0.9020753033595317,0.9948576696348201,2.142319061240865,-0.03668991745255757,0.0008241797900895692,-0.06219588775194538,0.004397650997917584,0.38477186203188246
lab008,F2,COLD->OFF,-2.0,31,18.43064516129032,0.01480630806144108,8.12638064516129,0.8236807045020897,0.6482062647187075,2.5309393751450675,-0.1150845163099994,0.36853906659670344,-0.05843403164459169,0.008159507105271281,0.4545701308843868
lab008,F2,COLD->OFF,-1.0,31,18.4741935483871,0.038533314193141786,7.7911161290322575,0.5127023414811,0.5762807321415959,2.2638529266577643,-0.4260628793309891,-0.5489873720926023,-0.053365709398897926,0.013227829350965042,0.40659998863656605
lab008,F2,COLD->OFF,0.0,31,18.43387096774193,-0.03940487664827935,7.223906451612903,-0.02114937490890371,-0.043202710323478555,1.8970844065119008,-0.9599145957209928,-0.7581264871785135,-0.04748338612575555,0.019110152624107417,0.340726417801855
lab008,F2,COLD->OFF,1.0,31,18.401612903225804,-0.052714148022066656,6.568120967741936,-0.6491571029799675,-0.8213387944128154,1.502232238070348,-1.5879223237920568,-0.3556261480138627,-0.04253040826646128,0.024063130483401682,0.2698088748329829
lab008,F2,COLD->OFF,2.0,31,18.35483870967742,-0.027874618050569434,6.323022580645161,-0.8607295312125599,-0.9648553287104109,1.278315307847568,-1.7994947520246491,-0.1739707664455994,-0.035035355269464004,0.03155818348039895,0.2295922069514122
lab008,F2,COLD->OFF,3.0,31,18.322580645161292,-0.036441564300802864,6.093956451612903,-1.0646531438124542,-1.1943855827966576,1.240238656014701,-2.0034183646245434,-0.15904152181843306,-0.028308132515193773,0.038285406234669195,0.22275343839880177
lab008,F2,COLD->OFF,4.0,31,18.29032258064516,-0.036051924614975986,5.864769354838709,-1.2717703532054927,-1.505740971361842,1.1653495677275731,-2.210535574017582,-0.13167937620614384,-0.021193298718657,0.04540024003120596,0.20930296107848237
lab008,F2,COLD->OFF,5.0,31,18.249193548387098,-0.03294506080429774,5.866122580645161,-1.24690842002426,-1.479294599501615,1.2229953569504037,-2.1856736408363493,-0.07455167185460593,-0.013015738620466812,0.05357780012939615,0.21965645046242066
lab008,F2,COLD->OFF,6.0,31,18.19193548387097,-0.0441215675819774,5.796414516129032,-1.2946803942452585,-1.3412884939100556,1.2382461614530131,-2.233445615057348,1.3093035380777172,-0.005258653598280855,0.06133488515158211,0.22239557581126312
lab008,F2,COLD->OFF,7.0,31,18.17096774193548,-0.026269917765519256,6.908551612903226,-0.1583289183761174,-1.3975466887942485,6.660654595240488,-1.0970941391882065,0.1440386565294776,0.0024584685487748646,0.06905200729863784,1.196288880274194
lab008,F2,COLD->OFF,8.0,31,18.154838709677417,-0.015119045177696373,6.942156451612903,-0.10463749342123813,-1.1468481929033736,6.417445888339677,-1.0434027142333273,-0.943520867237911,0.010463594902579997,0.07705713365244296,1.1526073070157326
lab008,F2,COLD->OFF,9.0,31,18.133064516129032,-0.0034093472509880854,5.838167741935484,-1.1866226660748447,-1.2097299672626418,1.139959314223817,-2.125387886886934,0.2531501300442131,0.01859732555785808,0.08519086430772103,0.20474273692940384
lab008,F2,COLD->OFF,10.0,31,18.12258064516129,-0.018154133256773595,5.832573655913979,-1.1745605164938067,-0.9182601612740982,1.2331391024478349,-2.113325737305896,0.08973988820897118,0.025578740905027014,0.09217227965488999,0.2214783209361695
lab008,F2,COLD->OFF,11.0,31,18.105645161290322,-0.014580727190697827,6.084594623655914,-0.9049024949284934,-0.6678907162643579,1.6197340984074233,-1.8436677157405825,0.17178888356950944,0.033962688616931185,0.10055622736679416,0.2909128319475312
lab008,F2,COLD->OFF,12.0,31,18.093548387096774,-0.0004511617414833831,6.066670967741936,-0.9097678807368086,-0.5668571105022551,1.5061559980529102,-1.8485331015488977,0.023715219876558495,0.04084463975436645,0.10743817850422942,0.27051360292973153
lab008,F2,COLD->OFF,13.0,31,18.083870967741937,-0.0057010438242103625,5.992770967741936,-0.9662311422604607,-0.5279337956657706,1.3852188490090493,-1.9049963630725497,0.05101019110838325,0.04871604601149744,0.11530958476136041,0.2487926497494518
lab008,F2,COLD->OFF,14.0,31,18.085483870967742,0.0005331911490261282,6.045932258064516,-0.8964256718100492,-0.3399704724659349,1.3093327812847966,-1.8351908926221383,0.05310082799971798,0.05444059916478299,0.12103413791464596,0.23516310963621312
lab008,F2,COLD->OFF,15.0,31,18.08709677419355,-0.0029017902918193586,6.143590322580645,-0.7787852861806567,-0.3158884610363044,1.192989753882433,-1.717550506992746,0.01791366913187831,0.0614958520300456,0.12808939077990858,0.21426728506090226
lab008,F2,COLD->OFF,16.0,31,18.085483870967742,-0.0014047536041668265,6.19906182795699,-0.7030553709246118,-0.16443490470387978,1.181021248219275,-1.641820591736701,0.09161109388711945,0.06714242421657561,0.13373596296643858,0.21211767798646158
lab008,F2,COLD->OFF,17.0,31,18.07903225806452,-0.0033990935750470006,6.194731182795699,-0.6867451954320657,-0.1585954157351559,1.183176889178135,-1.625510416244155,0.003085133339581992,0.07273946085866549,0.1393329996085285,0.2125048425319389
lab008,F2,COLD->OFF,18.0,31,18.083870967741937,0.0038246211266723573,6.211983870967742,-0.648239066708257,-0.26809819105528643,1.245683050682509,-1.587004287520346,0.050392096817906,0.07700060850184806,0.14359414725171102,0.22373128054746638
lab008,F2,COLD->OFF,19.0,31,18.070967741935487,-0.0023122039251066346,6.2697290322580645,-0.5724109717857248,-0.20806952885742902,1.3293811600241645,-1.511176192597814,0.023118119534056136,0.08220603673972052,0.1487995754895835,0.23876390475484446
lab008,F2,COLD->OFF,20.0,31,18.08709677419355,0.002235301355536307,6.224964516129033,-0.5984563834570206,-0.40207669989442163,1.2509901972969146,-1.5372216042691098,0.05521297114376854,0.08549934825622281,0.15209288700608578,0.22468447221804708
lab008,F2,COLD->OFF,21.0,31,18.07903225806452,-0.004419334331357499,6.3163827956989245,-0.49107018148250065,-0.19069943029620795,1.1790386824968957,-1.4298354022945898,0.045982088697215734,0.08897268159788303,0.15556622034774598,0.21176159867110572
lab008,F2,COLD->OFF,22.0,31,18.083870967741937,0.001671349178680046,6.371001612903226,-0.41955853253024367,-0.14029611999281677,1.126301133939313,-1.358323753342333,0.05042945300841157,0.0917643444624955,0.15835788321235847,0.20228965533426937
lab008,F2,COLD->OFF,23.0,31,18.095161290322583,-0.003229907921990029,6.30653870967742,-0.46610567028517874,-0.15474389377977538,1.102389758986168,-1.4048708910972678,-0.03476794163627182,0.09339920030714192,0.1599927390570049,0.1979950456139343
lab008,F2,COLD->OFF,24.0,31,18.10483870967742,0.006782806636179249,6.291404838709677,-0.4593773467254424,-0.16211607191078414,1.1551946738526002,-1.3981425675375316,-0.06091060678438321,0.09457381731643197,0.16116735606629493,0.207479088297018
lab008,F2,COLD->OFF,25.0,31,18.09758064516129,0.0028197608842769257,6.2901,-0.4408667751114012,-0.4855292224232679,1.1590263240883576,-1.3796319959234904,-0.019610205143689278,0.0958199541359763,0.16241349288583928,0.20816727299487217
lab008,F2,COLD->OFF,26.0,31,18.120967741935484,0.005911244181038863,6.246983870967742,-0.4620929569355464,-0.3314940596065492,1.1921096679721992,-1.4008581777476357,0.03558507445564865,0.09670843705728427,0.16330197580714725,0.2141092169651852
lab008,F2,COLD->OFF,27.0,31,18.12016129032258,0.00683920185386428,6.275694623655914,-0.4098925164365553,-0.12543639032182785,1.177829430655367,-1.3486577372486446,-0.013434680162923244,0.09518100088060268,0.16177453963046565,0.21154441062888152
lab008,F2,COLD->OFF,28.0,31,18.12741935483871,0.0038297479646457137,6.390735483870968,-0.2718917260577714,-0.09292496316965826,1.1547489455101787,-1.2106569468698605,0.07813932320310064,0.09495711797999078,0.16155065672985375,0.2073990331234555
lab008,F2,COLD->OFF,29.0,31,18.133870967741935,0.005854848963354144,6.375963440860215,-0.2618439449326747,-0.08203740621207345,1.0591255248604345,-1.200609165744764,0.058729972036530464,0.09187935526607811,0.15847289401594108,0.19022455977682484
lab008,F2,COLD->OFF,30.0,31,18.138709677419353,0.006567479441379892,6.449661290322581,-0.16532861004765298,-0.0698348410377454,1.0828867637343518,-1.104093830859742,0.11027508319006944,0.09039487488203467,0.15698841363189764,0.1944922042613051
lab008,F2,HOT->OFF,-30.0,155,20.27193548387097,0.005585177286056848,3.402917634408602,0.06225265009309334,0.03547840396520607,0.6574645708353444,0.2946049578205267,-0.02054286345995779,0.00237741304040859,-0.0027639232950787502,0.052808825136353474
lab008,F2,HOT->OFF,-29.0,155,20.27935483870968,0.0019492237967312744,3.401730322580645,0.05648789158263616,0.07444127209528029,0.61351118667965,0.28884019931006955,-0.005493859642844436,0.003232650514621274,-0.0019086858208660661,0.049278404363900415
lab008,F2,HOT->OFF,-28.0,155,20.276612903225807,0.0005516477657240827,3.342273548387097,-0.007543186899462593,0.003640687370958129,0.6918917090980208,0.2248091208279708,-0.09295009794942904,0.0030009405387233334,-0.002140395796764007,0.05557407942549152
lab008,F2,HOT->OFF,-27.0,155,20.27806451612903,-0.002801304267581159,3.361776451612903,0.008058363004623101,-0.01913591686030225,0.6227959933019886,0.24041067073205644,-0.028297910903528786,0.003719483536309611,-0.0014218527991777298,0.05002417797831885
lab008,F2,HOT->OFF,-26.0,155,20.276774193548388,0.002250681869449935,3.354382365591398,-0.0021674793143846164,-0.04278724537139578,0.6209865685649799,0.23018482841304874,-0.03340143403666689,0.003667849201109022,-0.001473487134378318,0.049878841486022875
lab008,F2,HOT->OFF,-25.0,155,20.27564516129032,-0.00331911490269266,3.3984804301075267,0.03955046816548536,-0.032150496318310795,0.677852895877386,0.2719027758929187,-0.00218628919435663,0.004389511266208761,-0.0007518250692785791,0.054446454812124935
lab008,F2,HOT->OFF,-24.0,155,20.280322580645162,0.001582142197978854,3.3139629569892475,-0.04686030645505852,-0.05838253128916815,0.6147912034610791,0.18549200127237483,0.09888157664968823,0.004511067496315657,-0.0006302688391716834,0.04938121778591675
lab008,F2,HOT->OFF,-23.0,155,20.278709677419357,0.0009669216414086042,3.3249839784946236,-0.03673440735103482,-0.01752430984591946,0.6593216357913515,0.19561790037639853,-0.0631309728901245,0.005306570554486822,0.00016523421899948125,0.05295798818312271
lab008,F2,HOT->OFF,-22.0,155,20.275,-0.006853557000184988,3.338570591397849,-0.0247029700724918,0.014354807091720989,0.6121590217654567,0.20764933765494156,-0.002799920914685348,0.005086350602407511,-5.498573307982928e-05,0.04916979586440603
lab008,F2,HOT->OFF,-21.0,155,20.27241935483871,-0.001745175645468674,3.3708386021505374,0.006454698560647525,0.018378345270838148,0.6474875112696288,0.23880700628808088,-0.040570446177679895,0.006071821063378003,0.0009304847278906627,0.05200744842747404
lab008,F2,HOT->OFF,-20.0,155,20.263387096774196,-0.006428029448556881,3.1956289247311824,-0.17083043731216133,-0.15252033740680404,0.5764127360211796,0.06152187041527204,-0.05590302157436678,0.005928467639741557,0.0007871313042542174,0.04629858509977851
lab008,F2,HOT->OFF,-19.0,155,20.254032258064516,-0.009259069376371186,3.2328626075268816,-0.13585777874113988,-0.11060141662521339,0.5494108382908273,0.09649452898629347,-0.012068671719551501,0.0067943247001332665,0.001652988364645926,0.04412974048237176
lab008,F2,HOT->OFF,-18.0,155,20.245967741935484,-0.012428480610299124,3.2013667741935485,-0.1702759013302165,-0.16082120592705762,0.6079423919726902,0.06207640639721686,-0.08839933755706841,0.006755844790675935,0.0016145084551885934,0.048831108009168414
lab008,F2,HOT->OFF,-17.0,155,20.23467741935484,-0.010876074072554543,3.2800388172043013,-0.09421834479515412,-0.10134072230613889,0.5378937170147717,0.13813396293227925,0.01497103717141397,0.007072030737161308,0.0019306944016739686,0.043204663040147556
lab008,F2,HOT->OFF,-16.0,155,20.21967741935484,-0.011899390931648867,3.1967071505376343,-0.18048730555386683,-0.152155980648762,0.5275237811652931,0.051865002173566536,-0.041164432604077816,0.007344741218076028,0.0022034048825886883,0.042371729748769536
lab008,F2,HOT->OFF,-15.0,155,20.215967741935483,-0.013113426163279441,3.1492733333333334,-0.23084915742970796,-0.17605318322200247,0.518099772370849,0.00150315029772537,-0.03220284551708616,0.00762164651421069,0.00248031017872335,0.04161477514682508
lab008,F2,HOT->OFF,-14.0,155,20.199354838709677,-0.013128806677193381,3.180057956989247,-0.20318354978982012,-0.10739442556191658,0.6035503623855043,0.029168757937613237,-0.025468077878196157,0.0076693528012790274,0.0025280164657916875,0.04847833170341447
lab008,F2,HOT->OFF,-13.0,155,20.182096774193546,-0.015535344420974316,3.153493010752688,-0.2338604358232221,-0.1268619583249797,0.6085437035998168,-0.00150812809578875,-0.045681964546153635,0.008044623195759364,0.0029032868602720248,0.048879406521328606
lab008,F2,HOT->OFF,-12.0,155,20.17241935483871,-0.011561019625535674,3.1512947311827957,-0.23926466259828336,-0.2033371836863882,0.5449045692527539,-0.006912354870850015,0.03009263744035334,0.007522430816233895,0.002381094480746555,0.04376778824311022
lab008,F2,HOT->OFF,-11.0,155,20.16758064516129,-0.006899698541927498,3.16608064516129,-0.2279978651159611,-0.11243236882907448,0.5961126975035598,0.0043544426114722375,0.00604666766341666,0.007965900721603872,0.002824564386116532,0.047880924083906755
lab008,F2,HOT->OFF,-10.0,155,20.157258064516128,-0.011344667063142085,3.193730322580645,-0.2038449260137568,-0.16752764229650352,0.5548439061214617,0.028507381713676554,0.0035174037858783738,0.007430354002640031,0.00228901766715269,0.044566134992052156
lab008,F2,HOT->OFF,-9.0,155,20.14709677419355,-0.0019984414412561086,3.134849569892473,-0.26642667665093267,-0.18911355554398823,0.5657284476715765,-0.034074368923499326,0.003291715736353882,0.007528217356919613,0.002386881021432273,0.04544040240798161
lab008,F2,HOT->OFF,-8.0,155,20.14516129032258,-0.004063531776141648,3.0670945161290324,-0.3380063453257425,-0.24072154501480741,0.629105197282358,-0.10565403759830914,-0.02222477404196968,0.0069174557818005265,0.0017761194463131863,0.050530945437020976
lab008,F2,HOT->OFF,-7.0,155,20.13983870967742,-0.0008254209133976257,3.0626663440860216,-0.34642990558238973,-0.26209734796004747,0.6552010111952979,-0.11407759785495641,-0.05842302158027846,0.006725809024187303,0.001584472688699962,0.05262701165085259
lab008,F2,HOT->OFF,-6.0,155,20.140645161290323,-0.008228574944117354,3.1356439784946235,-0.2775272935035598,-0.20484365341292676,0.6181682981447649,-0.045174985776126435,-0.0026420496096564755,0.0059450623000784015,0.0008037259645910608,0.04965247255846379
lab008,F2,HOT->OFF,-5.0,155,20.136290322580646,-0.007225765436909388,3.049235698924731,-0.3685002858064422,-0.28535635965034967,0.6420516624972341,-0.1361479780790088,0.0030505798491885796,0.0054213770749897494,0.00028004073950240957,0.051570830547176205
lab008,F2,HOT->OFF,-4.0,155,20.121129032258064,-0.013746077968952223,3.0775364516129033,-0.34491476893659534,-0.2542079431434443,0.7222416195588878,-0.112562461209162,0.07299393791741249,0.004315105106549967,-0.0008262312289373728,0.05801184289675437
lab008,F2,HOT->OFF,-3.0,155,20.10435483870968,-0.02368086458995594,3.164753870967742,-0.26223941497675085,-0.20183369582184163,0.8332986696319705,-0.029887107249317483,0.11262969035874314,0.003521434013301014,-0.0016199023221863268,0.06693215981971365
lab008,F2,HOT->OFF,-2.0,155,20.081612903225807,-0.016873449131513587,3.389769139784946,-0.042229502963165653,-0.08394475741565621,0.8826966003098248,0.1901228047642677,0.13449056900177014,0.002263379071712634,-0.0028779572637747065,0.07089989709253747
lab008,F2,HOT->OFF,-1.0,155,20.06483870967742,-0.012686873244058915,3.5623580645161286,0.12659604248500203,0.10262574462129681,0.9021759366522347,0.35894835021243543,0.1707808512354657,0.0013451696226941643,-0.003796166712793176,0.07246451503897913
lab008,F2,HOT->OFF,0.0,155,20.107258064516127,0.04906178865123209,3.7279589247311824,0.288338139989022,0.12124296161908443,0.9583463196898129,0.5206904477164553,0.20032853314918275,-0.0003172523129460176,-0.005458588648433358,0.07697622877574312
lab008,F2,HOT->OFF,1.0,155,20.124193548387098,0.031167073395812338,3.9344336559139785,0.49188886169444423,0.26989193093377417,0.795797958183542,0.7242411694218776,0.13314224277492245,-0.001565143825362295,-0.006706480160849635,0.06392003019141634
lab008,F2,HOT->OFF,2.0,155,20.16774193548387,0.04678547259192401,4.013546075268818,0.5664458450836161,0.5285491414249766,0.8445046464093673,0.7987981528110494,0.04725492127933419,-0.0034188505359251807,-0.008560186871412521,0.06783224553439741
lab008,F2,HOT->OFF,3.0,155,20.205161290322582,0.03862457190902913,3.969355806451613,0.5183485695772568,0.37772799295745574,0.7520665916738327,0.7507008773046903,-0.11335813469764897,-0.0046948498970211085,-0.00983618623250845,0.06040744230542455
lab008,F2,HOT->OFF,4.0,155,20.24516129032258,0.03514242355884584,3.965023870967742,0.5123558797714293,0.5182394050252791,0.810439222083799,0.7447081874988626,-0.00047254290732660827,-0.0064839802547468385,-0.01162531659023418,0.06509604480784123
lab008,F2,HOT->OFF,5.0,155,20.275967741935485,0.02710354161967081,3.837484623655914,0.38361894558674087,0.3202492585462464,0.6997439089796202,0.6159712533141742,-0.12266356441340966,-0.00778192641238304,-0.01292326274787038,0.05620478329742218
lab008,F2,HOT->OFF,6.0,155,20.300483870967742,0.024620101306318365,3.908434086021505,0.45123588487702027,0.42366549722171165,0.7046861246272237,0.6835881926044536,-0.03177429822491813,-0.009144162320328431,-0.01428549865581577,0.056601751610998126
lab008,F2,HOT->OFF,7.0,155,20.324354838709677,0.02390644546069757,3.8367672043010757,0.3748141045841241,0.37197029223475964,0.6280506908089001,0.6071664123115575,-0.05821167477335143,-0.0105591801715885,-0.01570051650707584,0.05044624543882755
lab008,F2,HOT->OFF,8.0,155,20.337096774193547,0.012649960010664383,3.7198933870967745,0.2542834436100495,0.19448982192534903,0.6622474998375383,0.4866357513374828,0.01124526732794087,-0.011741297656813383,-0.016882633992300722,0.05319299923868652
lab008,F2,HOT->OFF,9.0,155,20.35322580645161,0.007732297028484631,3.675197741935484,0.2052767284998175,0.17482093220961747,0.6024388851855484,0.43762903622725086,-0.07244542750423724,-0.012702748022050807,-0.017844084357538148,0.048389055706350576
lab008,F2,HOT->OFF,10.0,155,20.35516129032258,0.00540983942743385,3.676400483870968,0.20259239160538464,0.18338617985221095,0.6550260177170976,0.43494469933281804,-0.028495648503396368,-0.013755615685358687,-0.01889695202084603,0.052612955836440344
lab008,F2,HOT->OFF,11.0,155,20.35967741935484,0.0006808440826034463,3.61367752688172,0.1378531776407927,0.12056511400155534,0.624366092262638,0.37020548536822606,-0.06769027038039778,-0.01434434505607822,-0.01948568139156556,0.050150291361667175
lab008,F2,HOT->OFF,12.0,155,20.36241935483871,0.0037118306913029183,3.5969341397849464,0.11432038998712366,0.05554279089599046,0.5963882721112692,0.346672697714557,-0.03469848871842167,-0.015014087807469411,-0.020155424142956752,0.04790305876905345
lab008,F2,HOT->OFF,13.0,155,20.364516129032257,0.0004952525480385503,3.5359921505376346,0.04702895501257046,0.012480680188914572,0.6379445773320217,0.2793812627400038,-0.026364864227006148,-0.015452152150615963,-0.020593488486103304,0.05124094152816148
lab008,F2,HOT->OFF,14.0,155,20.359193548387097,-0.0036790189282857573,3.591799892473118,0.0989135524156828,0.023002421656402317,0.6123929822226759,0.33126586014311615,-0.06480001273198284,-0.015720145441170726,-0.020861481776658065,0.04918858802054976
lab008,F2,HOT->OFF,15.0,155,20.35677419354839,-0.005194512232635431,3.5408237096774196,0.0426197714492965,0.051716062303273524,0.6918739876781045,0.2749720791767299,-0.03622664645396239,-0.016052594703052123,-0.021193931038539462,0.05557265600679028
lab008,F2,HOT->OFF,16.0,155,20.351129032258065,-0.0027315792711680906,3.603291612903226,0.0995525025961162,0.0948295850397225,0.6912009371673721,0.33190481032354957,-0.03286155948150744,-0.016140655406006524,-0.021281991741493863,0.05551859528883549
lab008,F2,HOT->OFF,17.0,155,20.34258064516129,-0.005430346779320458,3.5451239247311825,0.03652517198103819,0.00584110660132775,0.7388648901637949,0.26887747970847153,-0.03638160392756652,-0.01593359748881527,-0.02107493382430261,0.05934705612269818
lab008,F2,HOT->OFF,18.0,155,20.33758064516129,-0.007083239341304864,3.5436718279569894,0.03082980815014094,0.019495130248828207,0.6853853621520727,0.2631821158775743,-0.06957260481903488,-0.015836793773428094,-0.020978130108915433,0.05505147706273839
lab008,F2,HOT->OFF,19.0,155,20.33274193548387,-0.008031704366015326,3.561230752688172,0.04526033722932412,0.05794787659834899,0.6693771105570703,0.27761264495675747,-0.019944149007484094,-0.015466846152733964,-0.020608182488221303,0.05376566335243438
lab008,F2,HOT->OFF,20.0,155,20.32032258064516,-0.005883559255993745,3.4382108602150536,-0.08266010379681589,-0.1008475011868798,0.6270143524653726,0.14969220393061747,-0.054224200856468174,-0.01504910550169873,-0.02019044183718607,0.05036300473994715
lab008,F2,HOT->OFF,21.0,155,20.31951612903226,-0.011066792445090982,3.4010905376344085,-0.123572679575174,-0.08076317278370637,0.7130723474418046,0.10877962815225935,0.004269885077496808,-0.014638396501215673,-0.019779732836703014,0.057275349237113575
lab008,F2,HOT->OFF,22.0,155,20.305967741935486,-0.006959169862395042,3.4552203225806455,-0.07306156285705467,0.0046864505977111115,0.7296010369526257,0.1592907448703787,-0.03233591346053006,-0.013843036315962282,-0.01898437265144962,0.05860296552676553
lab008,F2,HOT->OFF,23.0,155,20.298387096774192,-0.00938929106084491,3.3974900537634407,-0.1343583316892083,0.003193410035034372,0.6859014056403012,0.09799397603822507,0.04054845706440666,-0.013256499878515151,-0.018397836214002494,0.05509292667316834
lab008,F2,HOT->OFF,24.0,155,20.29032258064516,-0.0054816151590333225,3.41433688172043,-0.12119197013243525,0.005494165106620041,0.6311369582195218,0.11116033759499812,-0.013247247343917447,-0.01250140888982369,-0.01764274522531103,0.05069414040266487
lab008,F2,HOT->OFF,25.0,155,20.283548387096772,-0.006047618071078112,3.3830501075268815,-0.1570011744269252,-0.07247883369156494,0.5803234489170865,0.07535113330050815,-0.049902277105166225,-0.0118513352679229,-0.01699267160341024,0.04661270111855658
lab008,F2,HOT->OFF,26.0,155,20.27774193548387,-0.009542070832393458,3.3899215053763436,-0.15476649357760086,-0.08525105820896395,0.6483726895598094,0.07758581414983247,-0.00048649822976593287,-0.010957494005494358,-0.0160988303409817,0.05207854765869383
lab008,F2,HOT->OFF,27.0,155,20.27241935483871,-0.005319607079138111,3.426204569892473,-0.1237190073719853,-0.0679176119066991,0.5571838373717296,0.10863330035544808,0.06783798577166358,-0.010226203629076185,-0.015367539964563526,0.04475408279290397
lab008,F2,HOT->OFF,28.0,155,20.263064516129035,-0.00934622562188585,3.4484776344086026,-0.10707266686774194,-0.05543779716221664,0.5888679349821561,0.1252796408596914,-0.04876283837168815,-0.00950599179196716,-0.0146473281274545,0.04729901075485677
lab008,F2,HOT->OFF,29.0,155,20.254354838709677,-0.008657178598527474,3.4912950537634413,-0.07069320701212285,-0.061749082316337134,0.6402361770365973,0.1616591007153105,0.04035150381800751,-0.008516264858637245,-0.013657601194124585,0.051425007245843715
lab008,F2,HOT->OFF,30.0,155,20.247741935483873,-0.006731538256464946,3.479666344086022,-0.08958186852094502,-0.01836506787159564,0.626466230093678,0.14277043920648833,-0.006315299287561104,-0.007757731180036768,-0.012899067515524108,0.050318978491592246
lab008,F2,OFF->COLD,-30.0,87,18.32471264367816,0.0007782186465571993,4.377643103448276,0.012226694041473272,-0.054675270419794586,0.9387617182382136,-0.4126958629508524,-0.08183911833172898,0.0014618850076254571,0.010227282093876132,0.10064582053490549
lab008,F2,OFF->COLD,-29.0,88,18.327272727272728,-0.0013451424608446063,4.342734659090909,0.016279745440845997,-0.08163812529085984,0.8165687499106619,-0.4043981981563856,0.008287348264534962,-0.0030994107713202697,0.003860056546885349,0.0870465212172792
lab008,F2,OFF->COLD,-28.0,88,18.32840909090909,0.0025920360631120497,4.318233522727272,-0.008565495117954796,-0.04857324006619845,0.8108053838296602,-0.4292434387151864,0.007150997908789034,-0.0028195899669122976,0.004139877351293323,0.08643214432873461
lab008,F2,OFF->COLD,-27.0,89,18.33258426966292,0.005052251119666903,4.294684644194757,0.009116529528853274,-0.055939635352292516,0.7652721873721025,-0.4046761021581867,0.021505881909463846,-0.00664316123235929,-0.0014015405789969012,0.08111868962422586
lab008,F2,OFF->COLD,-26.0,89,18.33202247191011,0.0025571976542349147,4.326061797752809,0.0468636150238915,-0.03960327456553381,0.7497464469611494,-0.3669290166631485,0.0075354552824348055,-0.005511663295002808,-0.00027004264164041963,0.07947296443211192
lab008,F2,OFF->COLD,-25.0,89,18.335955056179774,0.0016857504089366558,4.30591329588015,0.03107604207791024,-0.004005150954036418,0.7427801642435666,-0.38271658960912974,0.022626648773935654,-0.004227859754908708,0.0010137608984536822,0.07873453994089566
lab008,F2,OFF->COLD,-24.0,89,18.339325842696628,0.003214354593312445,4.322674719101124,0.05115441550690888,-0.020142052003540467,0.7191104115287061,-0.36263821618013103,-0.003627833123585909,-0.003302972522229424,0.0019386481311329648,0.07622555117109296
lab008,F2,OFF->COLD,-23.0,89,18.342977528089886,0.004253662578484169,4.336966292134831,0.06840215107754685,-0.0047954655169100135,0.6823492635003429,-0.3453904806094931,-0.035857162595863974,-0.0027769012609289378,0.002464719392433451,0.07232887727342646
lab008,F2,OFF->COLD,-22.0,89,18.346629213483144,0.004409023050493932,4.265970505617978,0.0030062635965049152,-0.009839054370798017,0.609490830469577,-0.41078636809053504,-0.03482642685181345,-0.0020659239350047883,0.0031756967183576,0.06460589881810674
lab008,F2,OFF->COLD,-21.0,89,18.35112359550562,0.0037072222976202393,4.221030898876404,-0.03991639889182512,-0.05558690766056851,0.5856138428386448,-0.4537090305788651,-0.05126785247163973,-0.0016718039478943784,0.0035698167054680104,0.06207494319113412
lab008,F2,OFF->COLD,-20.0,89,18.353932584269664,0.005026893433429912,4.170192134831461,-0.08515415638676377,-0.01318125697087058,0.5916806773212813,-0.4989467880738037,-0.04685788500159291,-0.0013666347332307541,0.0038749859201316346,0.06271802636012853
lab008,F2,OFF->COLD,-19.0,89,18.356179775280896,0.0027357729094190176,4.148611235955056,-0.10568561786688802,-0.05181110306463055,0.6060099708263719,-0.519478249553928,-0.02782246815146484,-0.0009651867647041988,0.004276433888658188,0.06423692843386702
lab008,F2,OFF->COLD,-18.0,89,18.35898876404494,-0.0018821831896396154,4.145094382022473,-0.10975813494995922,-0.03878664367321538,0.6424620748053935,-0.5235507666369992,0.04022767701441017,-0.0009234386621711436,0.004318181991191244,0.06810084372782046
lab008,F2,OFF->COLD,-17.0,89,18.360112359550563,0.0008393036993649266,4.168030617977528,-0.08375048461968468,-0.048633623014233685,0.6697675481751344,-0.4975431163067247,0.004192850398864773,-0.0007285104955437458,0.004513110157818642,0.07099521811627
lab008,F2,OFF->COLD,-16.0,89,18.362078651685394,0.0022393337000077133,4.1897050561797755,-0.05723765530484361,-0.0006281364303866166,0.6973651173197731,-0.4710302869918836,0.03811820650889559,-0.00021775786701095685,0.005023862786351431,0.07392055459493461
lab008,F2,OFF->COLD,-15.0,89,18.35898876404494,0.0019321842610912601,4.230498033707865,-0.016322499155937586,-0.014951204200263635,0.7485725781704019,-0.43011513084297753,0.013106193374684435,-0.00079734690384365,0.004444273749518738,0.07934853458915213
lab008,F2,OFF->COLD,-14.0,89,18.36629213483146,-0.0011696679214558278,4.23883679775281,-0.004024980509857966,-0.0016881087117944782,0.7752225609601,-0.41781761219689795,0.026228821392806162,-0.0006384096346442998,0.004603211018718088,0.08217342711508072
lab008,F2,OFF->COLD,-13.0,89,18.367134831460675,0.007759094837746836,4.261039606741573,0.02217113482825441,0.03650942471452523,0.7856075354258375,-0.3916214968587856,0.20163446114299366,-0.001489918354611797,0.0037517022987505907,0.08327423220684091
lab008,F2,OFF->COLD,-12.0,89,18.367134831460675,0.004041158024814106,4.5140988764044945,0.28148776226374783,0.04353646907220554,2.156417068785643,-0.13230486942329212,0.3167085704196835,-0.0014575919808130402,0.0037840286725493483,0.22857975213223108
lab008,F2,OFF->COLD,-11.0,89,18.37022471910112,0.001089309056622497,4.736738764044944,0.5093019806714475,0.04615492140749233,2.9257532778927664,0.09550934898440748,0.35542027503369145,-0.0024086997779753606,0.0028329208753870277,0.3101292271987991
lab008,F2,OFF->COLD,-10.0,89,18.376404494382022,0.0011428816331775428,5.104754494382022,0.8784370240604953,0.0329696156353525,3.783668753666372,0.4646443923734554,-0.06022311766992236,-0.002800057369857661,0.0024415632835047274,0.4010680857532661
lab008,F2,OFF->COLD,-9.0,89,18.374157303370787,0.002403622934777123,4.831305056179775,0.6007833489198844,0.06058150658806316,3.3273534096670216,0.1869907172328444,-0.01805313726837337,-0.003540800291902106,0.001700820361460282,0.3526987560278977
lab008,F2,OFF->COLD,-8.0,89,18.378651685393255,0.003250069644348961,4.433675842696629,0.20190827724519633,0.01989971276438285,2.826886707894643,-0.21188435444184367,-0.1293568472997988,-0.004089697747399295,0.0011519229059630933,0.29964939173864796
lab008,F2,OFF->COLD,-7.0,89,18.384269662921348,0.006944791674107133,4.528415168539326,0.298019185766872,0.07096836148788377,1.9971158474496815,-0.11577344592016799,-0.31009348284973576,-0.004548474670007575,0.0006931459833548135,0.21169385644237676
lab008,F2,OFF->COLD,-6.0,89,18.38876404494382,0.006260848446752515,4.628111235955056,0.40267053634768774,0.0680282873828224,1.9320969898285492,-0.011122095339352243,0.410504088107559,-0.00525596386279577,-1.4343209433382635e-05,0.2048018713184932
lab008,F2,OFF->COLD,-5.0,89,18.3938202247191,0.0037482946063131088,4.544541011235955,0.3226283058723981,0.0912575442905823,1.5063079920896665,-0.09116432581464187,-0.13162155460771907,-0.00567233023982666,-0.00043070958646427177,0.15966832782516835
lab008,F2,OFF->COLD,-4.0,89,18.397191011235954,0.0035500760730587206,4.632345505617978,0.4114892850189675,0.06903208315606157,2.0259361685038617,-0.0023033466680725044,0.1821011180947713,-0.006064334572582165,-0.0008227139192197773,0.21474880436423013
lab008,F2,OFF->COLD,-3.0,89,18.401123595505616,0.001017878954548812,4.574710112359551,0.360532421848237,0.03004457447112019,1.9595208222283398,-0.05326020983880306,-0.009504664752769511,-0.0066363772072439205,-0.001394756553881533,0.20770879173903598
lab008,F2,OFF->COLD,-2.0,89,18.401123595505616,0.0019196839932283218,4.575332584269662,0.3708683289535613,0.061309617937778116,1.9763992789547828,-0.04292430273347871,-0.20774503905424396,-0.006936904270420636,-0.0016952836170582482,0.20949790457381684
lab008,F2,OFF->COLD,-1.0,89,18.403370786516852,1.0714515311074627e-05,4.48250393258427,0.29058960283710034,0.03844023403351504,1.2291494786527704,-0.12320302884993964,0.06598012567747694,-0.006871266301588095,-0.0016296456482257067,0.13028958415828593
lab008,F2,OFF->COLD,0.0,89,18.423595505617975,0.01505746551711823,4.487199438202247,0.30189124504920345,0.03144011657151513,1.3912807291585485,-0.11190138663783651,0.0410103259317222,-0.0068258156681925775,-0.0015841950148301896,0.14747546234017642
lab008,F2,OFF->COLD,1.0,89,18.416292134831462,0.0038732972849416223,4.342229775280899,0.1651263966738278,0.03475625775339686,1.2332477636614088,-0.24866623501321217,-0.07799647491890854,-0.00655620204715652,-0.0013145813937941316,0.13072400150036778
lab008,F2,OFF->COLD,2.0,89,18.415730337078653,-0.015439616563213075,4.089818539325843,-0.07775008802319022,-0.02687202041306813,1.072639089268199,-0.4915427197102303,-0.28209700814150535,-0.00632816890001063,-0.001086548246648241,0.11369951606362437
lab008,F2,OFF->COLD,3.0,89,18.397191011235954,-0.01696464924248383,3.8763123595505617,-0.28193105027710635,-0.029498385890106782,0.9683437336166624,-0.6957236819641464,-0.15410015202230146,-0.005795070575561592,-0.0005534499221992033,0.10264423047511055
lab008,F2,OFF->COLD,4.0,89,18.384269662921348,-0.015171753680435777,3.7914421348314606,-0.360584943813643,-0.05188740991633989,0.9816950974640068,-0.774377575500683,-0.09979753675851337,-0.005415177472916957,-0.00017355681955456853,0.10405947221244842
lab008,F2,OFF->COLD,5.0,89,18.373033707865165,-0.01005914412451716,3.689262921348315,-0.45542998995029144,-0.035447568832637666,0.9757579714619682,-0.8692226216373315,0.3778638940156781,-0.004718921930248837,0.0005226987231135515,0.10343013811489926
lab008,F2,OFF->COLD,6.0,89,18.357303370786518,-0.008378750973235443,3.996206179775281,-0.14066526120688633,-0.0782682098289258,3.9163797625124497,-0.5544578928939263,-0.024066895309900794,-0.00423465234370468,0.0010069683096577083,0.41513542455630087
lab008,F2,OFF->COLD,7.0,89,18.341573033707864,-0.02363979228126311,3.9363488764044945,-0.19665690321708995,-0.10492886320502115,3.5910473167915558,-0.6104495349041299,-0.09720227341679259,-0.0036621850986878306,0.0015794355546745577,0.3806502542801577
lab008,F2,OFF->COLD,8.0,89,18.32696629213483,-0.010760944877390417,3.9337084269662923,-0.19285124353102873,-0.14130774989985717,3.917929954744444,-0.6066438752180686,-0.014977580901224676,-0.002745561078912306,0.002496059574450081,0.41529974460425245
lab008,F2,OFF->COLD,9.0,89,18.31629213483146,-0.006453709722351203,3.9621977528089887,-0.15618822576275557,-0.1344372968569334,3.818318831879309,-0.5699808574497955,0.16282440083558328,-0.002020708803501561,0.003220911849860826,0.40474098669804287
lab008,F2,OFF->COLD,10.0,89,18.30758426966292,-0.006392994135588482,3.9425247191011237,-0.1662737008659026,-0.13145122580509028,3.4243611234991462,-0.5800663325529426,0.07303002966180723,-0.001235362230884986,0.0040062584224774015,0.36298155312852926
lab008,F2,OFF->COLD,11.0,89,18.3,-0.008762687771880955,3.5906901685393255,-0.513441524000783,-0.15169985332590663,0.9895291456908554,-0.9272341556878231,-0.39187125221813807,-0.00048300624725834484,0.004758614406104042,0.10488987966368113
lab008,F2,OFF->COLD,12.0,89,18.291853932584267,-0.0049911783823938325,3.673135674157303,-0.42690605397487663,-0.07908265413001658,1.0528577899561198,-0.8406986856619166,0.08034328876230892,0.00029512756691159374,0.005536748220273981,0.11160270253016685
lab008,F2,OFF->COLD,13.0,89,18.284269662921346,-0.005209040193718506,3.649894382022472,-0.4431989260973427,-0.09100275696152016,1.0136114784549108,-0.8569915577843826,0.07568475248164784,0.0012018686490537869,0.006443489302416174,0.10744260183123178
lab008,F2,OFF->COLD,14.0,89,18.281741573033706,-0.0035500760730589383,3.729125842696629,-0.35657566787970896,-0.09717978217285794,1.000725655852713,-0.770368299566749,0.15253732753006144,0.0018703727651128517,0.0071119934184752385,0.106076707367185
lab008,F2,OFF->COLD,15.0,89,18.274719101123594,-0.0040322292620556584,3.888088202247191,-0.19035799842220905,-0.11102671346912463,1.7412335635858869,-0.604150630109249,-0.024164966288610003,0.0026178019911493374,0.007859422644511727,0.18457038859969596
lab008,F2,OFF->COLD,16.0,89,18.271629213483145,-0.0026750573226569517,3.893917415730337,-0.17740475699800445,-0.10545313288712832,1.7184418881009262,-0.5911973886850443,0.06354806465256323,0.00335738639881505,0.008599007052177438,0.18215447583011085
lab008,F2,OFF->COLD,17.0,89,18.27191011235955,-0.005346543140210284,3.5935803370786514,-0.4696819248215282,-0.11827291316147859,1.4305798682720765,-0.8834745565085681,0.03607075791630359,0.004249122460687156,0.009490743114049545,0.1516411627548179
lab008,F2,OFF->COLD,18.0,89,18.264887640449437,-0.003094709172339741,3.8648398876404495,-0.19066761070798005,-0.12217094884732704,1.466848489369608,-0.60446024239502,0.21479257614123717,0.004391394077540782,0.009633014730903172,0.15548562890223164
lab008,F2,OFF->COLD,19.0,89,18.264887640449437,-8.750187504024213e-05,4.248287640449438,0.201331320229659,-0.0765430429218994,3.9881522538296954,-0.21246131145738092,0.3684447369618985,0.004982881960316387,0.010224502613678774,0.4227432934202064
lab008,F2,OFF->COLD,20.0,89,18.259550561797752,-0.0021893326285565037,4.186766853932585,0.14901290626771257,-0.06446112959423755,3.6418492570851573,-0.26477972541932737,-0.39205812539871027,0.005093466428976613,0.010335087082339,0.3860352491813004
lab008,F2,OFF->COLD,21.0,89,18.266011235955055,-0.0030375650906806413,3.9262022471910116,-0.10265004381573425,-0.0635668224560999,1.813545681956768,-0.5164426755027743,0.21930244606926247,0.005443338088928317,0.010684958742290704,0.19223545781688625
lab008,F2,OFF->COLD,22.0,89,18.265168539325842,0.0007232297834952973,3.875038202247191,-0.14478814311913796,-0.09247497023156626,1.7832504375937466,-0.5585807748061778,0.20298531486432364,0.005374458800008089,0.010616079453370475,0.18902416833697852
lab008,F2,OFF->COLD,23.0,89,18.262921348314606,-0.0003910798088526408,4.581516853932584,0.5705925490803753,-0.0403688087335754,4.5474158925823565,0.15679991739333524,0.13343644783867195,0.005694086714318022,0.01093570736768041,0.48202512056445274
lab008,F2,OFF->COLD,24.0,89,18.258988764044943,-0.004939391558389671,4.392228651685393,0.3901076239082358,-0.055668285060531564,4.0026123233020305,-0.023685007778804227,-0.1688798201171835,0.005338852724991042,0.010580473378353428,0.4242760577187484
lab008,F2,OFF->COLD,25.0,89,18.264606741573033,0.0023857654092592465,3.812940449438202,-0.18052545124280484,-0.05584508379464248,2.0975107916833373,-0.5943180829298448,-0.43707132065921905,0.00554783800074766,0.010789458654110047,0.22233569924747995
lab008,F2,OFF->COLD,26.0,89,18.26011235955056,0.00030714943891667085,3.8982825842696633,-0.08772558235267942,-0.05905449316242439,1.4850855655057589,-0.5015182140397194,0.19399258071537964,0.005038556775909151,0.01028017742927154,0.15741875510641506
lab008,F2,OFF->COLD,27.0,89,18.267415730337078,-0.0010482367479302803,3.7217876404494383,-0.25734057526507503,-0.058707498578996375,1.7648463513498,-0.671133206952115,0.006893071454230407,0.005508714678188237,0.010750335331550625,0.18707333909677476
lab008,F2,OFF->COLD,28.0,89,18.27078651685393,0.004505453688293168,3.9845595505617974,0.012841255088859568,-0.011799152199556961,1.5246510728092768,-0.4009513765981804,0.04052541051845646,0.0050625471403745,0.010304167793736886,0.16161269049272559
lab008,F2,OFF->COLD,29.0,89,18.27134831460674,0.0006000128574176684,3.873843820224719,-0.09103393567739766,-0.05084012985824682,1.3021257104690669,-0.5048265673644375,-0.048574302603443156,0.0047085455649114785,0.009950166218273866,0.13802504925989864
lab008,F2,OFF->COLD,30.0,89,18.275280898876403,0.006126917005364355,3.8371876404494385,-0.12080535268548427,-0.05064562216493873,1.0760769028216792,-0.5345979843725243,-0.03804224634544782,0.004263728311884935,0.009505348965247322,0.11406392357147899
lab008,F2,OFF->HOT,-30.0,186,20.24959677419355,0.00301885309216675,3.3522645161290323,0.027169934718721974,0.05175172854964549,0.7359159020189466,0.33775839650600187,0.08291291625995606,0.007288073658877331,-0.0018411499832745434,0.05395997196470771
lab008,F2,OFF->HOT,-29.0,186,20.251478494623658,0.0037742072199547297,3.3386136200716843,0.00892166328450766,0.023747335012241688,0.7718232691228439,0.31951012507178755,-0.020422920873912592,0.007118843459714669,-0.002010380182437205,0.056592827861607305
lab008,F2,OFF->HOT,-28.0,186,20.259139784946235,0.007321124623176544,3.3602763440860213,0.026238115935833306,0.03965903958224859,0.7315500617342569,0.3368265777231132,-0.004588798969721346,0.00772603897768383,-0.0014031846644680449,0.05363985302351083
lab008,F2,OFF->HOT,-27.0,186,20.263978494623654,0.0073382140830820525,3.3842364695340503,0.04620107536948796,0.016645430470199396,0.7277335322557896,0.35678953715676787,-0.0003881350647790624,0.007817189112250522,-0.0013120345299013532,0.05336001150480525
lab008,F2,OFF->HOT,-26.0,186,20.27217741935484,0.007583447832713948,3.3877515232974913,0.044696417455012974,0.04071858738711476,0.6570645989269147,0.3552848792422929,-0.008381151061014473,0.008160674884918782,-0.0009685487572330917,0.04817831390764732
lab008,F2,OFF->HOT,-25.0,186,20.278763440860214,0.0037853153688928325,3.3254807347670248,-0.022495562075958004,-0.06208427509339459,0.7294713058411558,0.28809289971132185,0.011371551801826656,0.008656749113275027,-0.00047247452887684744,0.053487431246232384
lab008,F2,OFF->HOT,-24.0,186,20.27755376344086,-0.0009219763618596278,3.311920564516129,-0.04143096048499444,-0.0863751717535407,0.6289958098619703,0.26915750130228544,-0.028273164524017243,0.008846209362077227,-0.00028301428007464907,0.04612021043838882
lab008,F2,OFF->HOT,-23.0,186,20.278225806451612,-0.001466275659824849,3.338425,-0.01930578466432165,-0.046767919278872305,0.6325028377963966,0.29128267712295824,0.009168629999004257,0.009152646861228702,2.3423219076827855e-05,0.04637735820283027
lab008,F2,OFF->HOT,-22.0,186,20.278629032258067,0.0013073436827104208,3.3168745967741935,-0.04533350963939751,-0.038004312720811784,0.6379519428965894,0.26525495214788236,-0.03302513413693792,0.009585548563488767,0.0004563249213368925,0.04677690597402598
lab008,F2,OFF->HOT,-21.0,186,20.281182795698925,-0.005907826289058085,3.3637716845878134,-0.0018839626259126157,-0.06490817829924356,0.6362258025482262,0.3087044991613673,0.07487786324548772,0.009732953630383203,0.0006037299882313295,0.04665033922292127
lab008,F2,OFF->HOT,-20.0,186,20.27809139784946,-0.002621523149382607,3.366431182795699,-0.002806061783779274,-0.040839701645058346,0.6203399495847005,0.30778240000350066,-0.0249437224042957,0.010261942560954468,0.0011327189188025943,0.04548553196954404
lab008,F2,OFF->HOT,-19.0,186,20.270430107526884,-0.004135649296939501,3.3023687275985663,-0.06981015012096316,-0.04897965725422193,0.6156703511200551,0.24077831166631675,-0.03321863804832784,0.010277757990997297,0.0011485343488454216,0.04514314039796984
lab008,F2,OFF->HOT,-18.0,186,20.265725806451613,-0.005701043824211092,3.3151526433691756,-0.0608243087028888,-0.09812287427749844,0.6068524691636127,0.24976415308439107,-0.03176204760431664,0.010705188868599442,0.0015759652264475663,0.04449658192321428
lab008,F2,OFF->HOT,-17.0,186,20.2627688172043,-0.00452528898276684,3.3275422939068102,-0.052882995832876624,-0.05893228688275576,0.617798318114267,0.25770546595440325,-0.04980926331773665,0.010829502173789963,0.0017002785316380894,0.04529917050825076
lab008,F2,OFF->HOT,-16.0,186,20.253225806451614,-0.005532712644149419,3.278083333333333,-0.10725030092186146,-0.11040502830814425,0.589615699996867,0.20333816086541845,-0.012730816105832566,0.011144700930833112,0.0020154772886812372,0.04323272068791815
lab008,F2,OFF->HOT,-15.0,186,20.245564516129033,-0.013241768007163956,3.24807105734767,-0.14192142199352198,-0.11190441164147424,0.5652180062754782,0.1686670397937579,-0.023516439400639678,0.011138531418642041,0.0020093077764901665,0.041443794989210025
lab008,F2,OFF->HOT,-14.0,186,20.238575268817204,-0.01080139313277172,3.226224462365592,-0.16799059237976588,-0.17015666746750735,0.5631825727081704,0.14259786940751398,-0.023682183564087668,0.011275984738917432,0.0021467610967655583,0.041294549758978366
lab008,F2,OFF->HOT,-13.0,186,20.225403225806453,-0.013815119386966368,3.234312768817204,-0.16495460832262326,-0.14441470814145396,0.541067735543904,0.14563385346465663,0.004548889436150965,0.011217171579010796,0.002087947936858921,0.039673011224325025
lab008,F2,OFF->HOT,-12.0,186,20.211155913978494,-0.01674254386864266,3.1588437275985664,-0.24532717607066673,-0.20694236753241768,0.5936384566941325,0.06526128571661315,-0.021693160559933717,0.011454936022020051,0.0023257123798681766,0.04352768351996156
lab008,F2,OFF->HOT,-11.0,186,20.196102150537634,-0.014711461558968438,3.1875326612903225,-0.22222720647701624,-0.1677327449047053,0.5254849220326024,0.08836125531026365,0.03782756912529174,0.011162925503897051,0.0020337018617451763,0.038530423901650956
lab008,F2,OFF->HOT,-10.0,186,20.18454301075269,-0.008995891693838777,3.1474830645161287,-0.26719862260469146,-0.1501429547548282,0.6081659980703332,0.043389839182588416,-0.03555376779402383,0.011402145829604166,0.0022729221874522904,0.04459289453554814
lab008,F2,OFF->HOT,-9.0,186,20.173655913978497,-0.014066334447565929,3.166109946236559,-0.2545357555766425,-0.15135878729625796,0.6556707542378896,0.056052706210637376,-0.011780935151849584,0.010870274827010468,0.0017410511848585935,0.04807611225643063
lab008,F2,OFF->HOT,-8.0,186,20.160752688172042,-0.008307186459678685,3.0961410394265236,-0.3297848392968624,-0.2265384532705954,0.6337507647909264,-0.019196377509582554,0.018386468713361984,0.010986974004596639,0.0018577503624447665,0.046468860649582805
lab008,F2,OFF->HOT,-7.0,186,20.145026881720433,-0.010192153887168012,3.1489275089605733,-0.2828933628434258,-0.199307047885678,0.5885683645224369,0.02769509894385406,-0.01072702315762568,0.010214573071425294,0.0010853494292734195,0.043155926325025795
lab008,F2,OFF->HOT,-6.0,186,20.14166666666667,-0.007539869709957461,3.1223663978494622,-0.315042512390613,-0.21114270959988363,0.597186017077167,-0.004454050603333099,-0.014385743611589742,0.010101411461361105,0.0009721878192092307,0.04378780326772958
lab008,F2,OFF->HOT,-5.0,186,20.138575268817206,-0.0029710026044333514,3.1300846326164873,-0.3124434720869576,-0.23041384924250008,0.6984675226756939,-0.001855010299677711,-0.030800199454224714,0.009192527868357954,6.33042262060793e-05,0.051214123568251085
lab008,F2,OFF->HOT,-4.0,186,20.135080645161292,-0.0036212565538077577,3.100033422939068,-0.34790777990903476,-0.1839349647928652,0.6609933851725006,-0.03731931812175489,-0.004436066169382056,0.008634352796998757,-0.0004948708451531183,0.04846638649187269
lab008,F2,OFF->HOT,-3.0,186,20.13481182795699,-0.0016243531639424157,3.138725806451613,-0.31497933945246975,-0.17552909985014986,0.8118482671672337,-0.004390877665189875,-0.06397800020829039,0.007726339220998984,-0.0014028844211528904,0.05952760310757984
lab008,F2,OFF->HOT,-2.0,186,20.130510752688174,-0.005382325396987978,3.129583064516129,-0.33066700011175176,-0.19966637744049154,0.773546987362252,-0.02007853832447187,0.013635596114391045,0.006692546651511799,-0.002436676990640075,0.05671921701506675
lab008,F2,OFF->HOT,-1.0,186,20.122580645161293,0.0037818974769118457,3.116053987455197,-0.3504319336003497,-0.22584396904467374,0.7805037108738913,-0.03984347181306982,-0.06754142761858299,0.005471090689653577,-0.003658132952498298,0.05722930873155831
lab008,F2,OFF->HOT,0.0,186,20.096102150537636,-0.035411924341544436,3.0937141577060934,-0.3793773998701549,-0.2218281707344394,0.7795235719975366,-0.06878893808287496,-0.060377059768482386,0.004475555020115118,-0.004653668622036756,0.05715744146228947
lab008,F2,OFF->HOT,1.0,186,20.080376344086023,-0.03125918558469948,3.1523069444444443,-0.3267287536845343,-0.252940022913798,0.8820205085283285,-0.016140291897254376,0.33008624554190347,0.0027671399937998944,-0.00636208364835198,0.06467288148267315
lab008,F2,OFF->HOT,2.0,186,20.05483870967742,-0.01509170204184895,3.5286723118279566,0.04415198617785431,-0.05011899765971073,0.9790067628693409,0.3547404479651342,0.4341531599137167,0.0015234499200073677,-0.007605773722144507,0.07178425868059149
lab008,F2,OFF->HOT,3.0,186,20.05766129032258,0.016144412771979446,3.895005600358423,0.405258819240173,0.29072218165671393,0.9286681004855234,0.7158472810274529,0.2338275268750478,-0.00040095469082241,-0.009530178332974284,0.06809324887428111
lab008,F2,OFF->HOT,4.0,186,20.091397849462364,0.04020893573679619,4.106677329749104,0.6112149916278377,0.5529389400902422,0.8356638575473746,0.9218034534151176,0.007997770527053414,-0.002059595116909409,-0.011188818759061282,0.06127384691846882
lab008,F2,OFF->HOT,5.0,186,20.140591397849462,0.05007809883176428,4.112287186379928,0.6115542232232041,0.6196947669787625,0.7586909630392463,0.922142685010484,0.034854786589561544,-0.004117425527868196,-0.013246649170020072,0.05562992046123883
lab008,F2,OFF->HOT,6.0,186,20.192069892473118,0.0497243470117372,4.0750461469534045,0.5689903099688224,0.5571906933684847,0.7526765162993777,0.8795787717561023,-0.05446856499406399,-0.005865964066849842,-0.014995187709001717,0.05518891982981317
lab008,F2,OFF->HOT,7.0,186,20.23225806451613,0.04292530538864857,4.0568886200716845,0.5482467979274636,0.5185229327165463,0.7717404872621413,0.8588352597147434,-0.07357644413021278,-0.007983610277034954,-0.017112833919186828,0.05658675800108324
lab008,F2,OFF->HOT,8.0,186,20.274327956989247,0.04143681343094851,4.007381630824373,0.4955147660577438,0.4924709674249611,0.7690315044647362,0.8061032278450236,-0.07349318050544978,-0.009834035126355258,-0.018963258768507133,0.05638812574514227
lab008,F2,OFF->HOT,9.0,186,20.301075268817204,0.02531888932182119,3.971457616487455,0.45459365077055425,0.42239497293942285,0.7439151929066601,0.7651821125578342,-0.01830787603089245,-0.01170787744108258,-0.020837101083234454,0.054546508430157604
lab008,F2,OFF->HOT,10.0,186,20.324193548387097,0.017444920670727112,3.913772177419355,0.39441487854547824,0.25987119228734545,0.7270767061320508,0.7050033403327582,-0.04410368902880093,-0.013261910247798369,-0.022391133889950243,0.05331185067674677
lab008,F2,OFF->HOT,11.0,186,20.340994623655916,0.014109058097327638,3.8258493279569894,0.3004868489650748,0.21050005402917538,0.684698801598184,0.6110753107523548,-0.053650703677221676,-0.014958298705301814,-0.024087522347453687,0.05020455195647582
lab008,F2,OFF->HOT,12.0,186,20.35524193548387,0.005684808837301508,3.8006070788530466,0.2710650905930897,0.2547520277941787,0.6811159695250009,0.5816535523803696,-0.0044155325619606835,-0.01615724209004984,-0.025286465732201717,0.049941845962906684
lab008,F2,OFF->HOT,13.0,186,20.36209677419355,0.012265959846604568,3.7820068100358424,0.24381361634100182,0.15644927350386462,0.6789979274122238,0.5544020781282817,-0.11081463757044144,-0.017597326232358323,-0.026726549874510196,0.049786543580240435
lab008,F2,OFF->HOT,14.0,186,20.3625,0.004372338316620389,3.6855808243727597,0.1372833816054068,0.07294518611503864,0.6842751272150427,0.44787184339268665,-0.02126874994561337,-0.018551646932993143,-0.027680870575145015,0.05017348664347776
lab008,F2,OFF->HOT,15.0,186,20.36760752688172,0.0015850474061619008,3.724596012544803,0.1679595448550604,0.11895848914111029,0.6583887110592357,0.4785480066423403,-0.07197522865907928,-0.019676395610638154,-0.02880561925279003,0.04827540251973214
lab008,F2,OFF->HOT,16.0,186,20.36733870967742,-0.0010057147153921897,3.6415878136200717,0.07735004419427108,0.0684108077916874,0.6385728504965545,0.38793850598155094,0.006951857987252417,-0.020333436277870855,-0.02946265992002273,0.04682243312814084
lab008,F2,OFF->HOT,17.0,186,20.368413978494623,-0.002810361681329524,3.718166129032258,0.14482313517576875,0.115187561279948,0.6121663785774994,0.45541159696304867,-0.021557971941556925,-0.021082764607367042,-0.030211988249518918,0.044886216665729936
lab008,F2,OFF->HOT,18.0,186,20.36774193548387,-0.0008151672374550924,3.6703527329749104,0.08841102237206887,0.06519955867410432,0.6599862748413065,0.39899948415934877,0.0054905196258131185,-0.021468530465569558,-0.03059775410772143,0.04839254157958378
lab008,F2,OFF->HOT,19.0,186,20.360887096774192,-0.007210043133796349,3.6236712365591397,0.033599996589858724,-0.007232343571684952,0.7504897467265633,0.3441884583771386,-0.05295484555305238,-0.021798865553302096,-0.030928089195453968,0.055028578105278315
lab008,F2,OFF->HOT,20.0,186,20.359005376344086,-0.0042706560301868125,3.7355150089605735,0.13815725224836692,0.05746765934904108,0.7365920265789123,0.44874571403564684,0.006720171004443236,-0.022013467091643358,-0.03114269073379523,0.05400954782276474
lab008,F2,OFF->HOT,21.0,186,20.351881720430107,-0.008201231808269396,3.6735613799283153,0.07048543454000428,0.01145106902792059,0.8312099554671747,0.38107389632728417,0.0021662314208626163,-0.022164122040610974,-0.031293345682762846,0.06094727097314436
lab008,F2,OFF->HOT,22.0,186,20.346505376344084,-0.009232580713518936,3.6930358422939067,0.08328024673104227,0.0036507526302113624,0.7790451272419304,0.3938687085183221,-0.027732068298234464,-0.02196875130729532,-0.03109797494944719,0.05712236019073609
lab008,F2,OFF->HOT,23.0,186,20.340860215053763,-0.004873059491827872,3.627893189964158,0.01221996261216722,-0.03397498919380493,0.81663696337337,0.3228084243994471,-0.03126284709213895,-0.021810416269231202,-0.030939639911383078,0.059878727349251634
lab008,F2,OFF->HOT,24.0,186,20.331182795698926,-0.007451858991448458,3.620092383512545,-0.0012686631951930865,0.024559643271468035,0.8152474357900302,0.3093197985920868,-0.031693324912138575,-0.021389621334366178,-0.03051884497651805,0.05977684224358195
lab008,F2,OFF->HOT,25.0,186,20.324059139784946,-0.007220296809739569,3.6067366935483873,-0.01933396373132034,-0.012666306210880163,0.7365229330698172,0.29125449805595954,-0.02817803457203134,-0.02088443766008874,-0.03001366130224061,0.05400448164087699
lab008,F2,OFF->HOT,26.0,186,20.31935483870968,-0.007817573433409305,3.558069713261649,-0.07380999378653434,-0.09685635058663755,0.7180571728152184,0.23677846800074553,-0.04634461979173722,-0.02027895769292882,-0.02940818133508069,0.05265050640687055
lab008,F2,OFF->HOT,27.0,186,20.309139784946236,-0.004648333094081115,3.5687763440860216,-0.06877089634416288,-0.05652904453768609,0.7108777950991916,0.241817565443117,-0.08085852818432797,-0.019704701894949203,-0.028833925537101075,0.05212408889201858
lab008,F2,OFF->HOT,28.0,186,20.301478494623655,-0.008379816664273978,3.526309498207885,-0.11749890287006595,-0.029953302033311036,0.7128439402473146,0.19308955891721394,-0.028534051822629105,-0.01884598768463879,-0.027975211326790664,0.05226825364886132
lab008,F2,OFF->HOT,29.0,186,20.296102150537635,-0.004397118033481606,3.582015770609319,-0.06846541668774889,-0.059258660042599054,0.6640165173678385,0.242123045099531,0.00593378917895419,-0.01829268585731429,-0.02742190949946616,0.048688053299259924
lab008,F2,OFF->HOT,30.0,186,20.288172043010753,-0.003901523696245082,3.5859079749103944,-0.07195493898282466,-0.062170851073014566,0.6347940999137579,0.2386335228044552,0.012728651625742179,-0.01729933962827725,-0.026428563270429122,0.04654536169246465
lab009,F3,COLD->OFF,-30.0,140,19.669642857142858,0.0028085550812820066,1.5877071428571428,-0.07460545885755997,0.009273285539919296,0.5670102424449228,-0.2570526847604873,0.024757238309911517,0.010130606410239247,0.020728795436697128,0.047921111887697425
lab009,F3,COLD->OFF,-29.0,140,19.72625,0.12287371719190006,1.615259761904762,-0.04538179949211104,0.09731167353854175,0.5908671378390887,-0.2278290253950384,-0.003027903121384622,0.009071865643233519,0.0196700546696914,0.04993738755239667
lab009,F3,COLD->OFF,-28.0,140,19.892142857142858,0.18392970665698016,1.593327738095238,-0.06559783932898795,0.07359078544465048,0.6173912874625197,-0.24804506523191533,-0.03290377373109133,0.008384744138306876,0.018982933164764758,0.05217908734312652
lab009,F3,COLD->OFF,-27.0,140,20.069464285714286,0.16899123603669058,1.5723296428571427,-0.08655044676159729,0.02325883730419015,0.5876857679708284,-0.2689976726645247,0.009313265420599032,0.0073255882832466285,0.017923777309704507,0.04966851272439414
lab009,F3,COLD->OFF,-26.0,140,20.215892857142858,0.11723617291799159,1.5216247619047618,-0.13729818861064338,-0.029879456915918146,0.5359037762962425,-0.3197454145135708,-0.054839845418590376,0.006482785983244833,0.017080975009702716,0.045292135666184855
lab009,F3,COLD->OFF,-25.0,140,20.26660714285714,-0.02019230769230744,1.6814667857142858,0.022083636389064902,-0.0970842417395476,1.7190822695577894,-0.16036358951386245,0.19166493340632418,0.005483301873571997,0.016081490900029877,0.14528896943451203
lab009,F3,COLD->OFF,-24.0,140,20.19392857142857,-0.12122195985832475,1.719800238095238,0.06065637779603232,-0.08942815768083773,1.853857188257669,-0.12179084810689506,0.04714826778196861,0.004646023905027963,0.015244212931485843,0.15667952903150137
lab009,F3,COLD->OFF,-23.0,140,20.058571428571426,-0.14055830533103264,1.708587976190476,0.04973486576441653,-0.07497179854863628,1.7325558561485768,-0.13271236013851084,-0.16978533321481507,0.003740230731269105,0.014338419757726987,0.14642769533787772
lab009,F3,COLD->OFF,-22.0,140,19.923928571428572,-0.12665175733357636,1.6169857142857145,-0.04105991379239632,-0.06334594473580973,0.6228560684513312,-0.22350713969532368,0.07806238812119463,0.002795093860956032,0.013393282887413914,0.052640945633511876
lab009,F3,COLD->OFF,-21.0,140,19.80732142857143,-0.10578966488057444,1.7896325595238094,0.13172935705219949,-0.04962694533870876,1.8219010822091684,-0.05071786885072792,0.18619726176090448,0.0016092055958207277,0.012207394622278609,0.15397874513235674
lab009,F3,COLD->OFF,-20.0,140,19.71964285714286,-0.09059803832531044,1.7960666666666667,0.13979186568272098,-0.05516602304598073,2.0116964979853096,-0.04265536022020636,-0.04359582664109306,0.000852787097878863,0.011450976124336746,0.1700193854494741
lab009,F3,COLD->OFF,-19.0,140,19.636607142857144,-0.07310530378712322,1.7942365476190476,0.14073851510298954,-0.03233169468670438,1.797136724689665,-0.04170871079993785,-0.1441786160382243,-0.00043647751659878697,0.010161711509859095,0.1518857749200341
lab009,F3,COLD->OFF,-18.0,140,19.592499999999998,0.01203342112433084,1.7433165476190475,0.09203412833047175,0.04315938913116729,0.668672853574745,-0.09041309757245562,0.20586898114591254,-0.0012849271062402444,0.009313261920217638,0.056513170722015414
lab009,F3,COLD->OFF,-17.0,140,19.68017857142857,0.16120583961493126,1.8174657142857142,0.168778304892337,0.15025892363812843,0.7974423958713885,-0.013668921010590362,-0.009356531764233142,-0.0025703541888247843,0.008027834837633098,0.0673961833771606
lab009,F3,COLD->OFF,-16.0,140,19.875,0.2041776405412774,1.7802808333333333,0.13481592289079636,0.09424226929493584,0.6837523334892708,-0.047631303012131004,-0.03830659814954755,-0.003421583250744351,0.007176605775713531,0.057787619382900876
lab009,F3,COLD->OFF,-15.0,140,20.07482142857143,0.18105757878485096,1.7319070238095238,0.08964493107994144,0.07518663227336386,0.661914183414122,-0.09280229482298594,-0.043482629232094505,-0.004584211001400296,0.006013978025057587,0.05594195883775969
lab009,F3,COLD->OFF,-14.0,140,20.22392857142857,0.09992053401144323,1.6711654761904762,0.031696536112254384,-0.004241367587635492,0.6269729217388557,-0.150750689790673,-0.07588666150390504,-0.005314611466799611,0.005283577559658271,0.05298888324071631
lab009,F3,COLD->OFF,-13.0,140,20.235535714285714,-0.06778789392425764,1.6115553571428571,-0.025706589408681133,-0.08524677431598482,0.5339223797821364,-0.2081538153116085,0.03348404840499946,-0.006614675576637077,0.003983513449820805,0.04512467709676475
lab009,F3,COLD->OFF,-12.0,140,20.121607142857144,-0.14296498955589915,1.6315567857142856,-0.0028973762941299796,-0.0905503482100457,0.6311692527924418,-0.18534460219705737,-0.015271554544606495,-0.0072410160228343,0.0033571730036235825,0.053343537945135085
lab009,F3,COLD->OFF,-11.0,140,19.979464285714286,-0.13791776405412773,1.6635388095238095,0.030183015951153986,-0.052247128489859795,0.6258741902298416,-0.1522642099517734,-0.014919655818304659,-0.008274796187608551,0.002323392838849332,0.05289602347975156
lab009,F3,COLD->OFF,-10.0,140,19.841428571428573,-0.11384978657706037,1.993627261904762,0.3604914479596588,-0.04270953169028541,2.5969586187164144,0.1780442220567315,0.40107633014125127,-0.008754322237364961,0.0018438667890929212,0.2194830625962069
lab009,F3,COLD->OFF,-9.0,140,19.759464285714284,-0.07297134683498317,2.086988392857143,0.4513362327818028,-0.03102757744517115,2.6270714927365098,0.26888900687887546,-0.016075584420076172,-0.009636642106773664,0.0009615469196842183,0.22202806495622565
lab009,F3,COLD->OFF,-8.0,140,19.68482142857143,-0.05236354554536292,2.0130089285714288,0.3746295906484101,-0.027344591546134334,1.9164938598522865,0.19218236474548275,-0.20271415492750888,-0.009782359468883778,0.0008158295575741043,0.1619732939815237
lab009,F3,COLD->OFF,-7.0,140,19.645357142857144,-0.05721097084733538,1.8745548809523809,0.23449731212271605,-0.0025506660791441704,0.7046169293672796,0.05205008621978868,0.043705845591959856,-0.010602697300071226,-4.5082736133434325e-06,0.059550999580849896
lab009,F3,COLD->OFF,-6.0,140,19.639642857142857,0.09823131414040696,1.9973825,0.359269438678387,0.15356382123562168,0.9313121441862409,0.17682221277545968,0.07988417002203507,-0.010683838492488782,-8.56494660308988e-05,0.07871024211393392
lab009,F3,COLD->OFF,-5.0,140,19.845714285714287,0.2570645263827089,1.9509584523809524,0.3151912247027515,0.20592926277306806,0.7018409227879028,0.13274399879982413,-0.08278747736712225,-0.011332978801059983,-0.0007347897746021004,0.05931638420367843
lab009,F3,COLD->OFF,-4.0,140,20.093214285714286,0.23624443738080214,1.8221376785714287,0.18659668129160795,0.09982796335134825,0.603569283601173,0.004149455388680583,-0.1686580439493986,-0.01121190179477828,-0.000613712768320397,0.0510109148058974
lab009,F3,COLD->OFF,-3.0,140,20.30875,0.19799745708836797,1.6507871428571428,0.012032639719977497,0.042971221384715985,0.5851900380395576,-0.17041458618294988,-0.23122077099120092,-0.011616666131146218,-0.0010184771046883364,0.04945758504738745
lab009,F3,COLD->OFF,-2.0,140,20.459642857142857,0.07045454545454553,1.4220729166666666,-0.21924044312837207,-0.12090242320696909,0.6397033435530789,-0.40168766903129943,-0.14968655662209288,-0.011252648212173253,-0.0006544591857153715,0.054064800256794256
lab009,F3,COLD->OFF,-1.0,140,20.415,-0.12149441467623456,1.3913997619047618,-0.2503318657476661,-0.11753532003430517,0.594726681752457,-0.4327790916505935,-0.008488973317647822,-0.011107835719838678,-0.0005096466933807963,0.05026357854836615
lab009,F3,COLD->OFF,0.0,140,20.223214285714285,-0.191997774952322,1.400097857142857,-0.24181123127083082,-0.13850596022250727,0.5210604471324959,-0.42425845717375815,0.07046157896846736,-0.010418597128855267,0.00017959189760261598,0.04403764538647722
lab009,F3,COLD->OFF,1.0,140,20.064642857142857,-0.15656616111161734,1.4417453571428571,-0.1998778698187607,-0.07916449602829967,0.5498774042706854,-0.38232509572168805,0.027140394320440336,-0.010305988234873694,0.00029220079158418703,0.046473122779844236
lab009,F3,COLD->OFF,2.0,140,19.904642857142857,-0.14611524838797582,1.4753317857142856,-0.16523700384534146,-0.07220357441040326,0.5161958054476655,-0.34768422974826885,0.03577819694539561,-0.009787838824033068,0.0008103502024248148,0.043626508124710806
lab009,F3,COLD->OFF,3.0,140,19.808571428571426,-0.1352057033875197,1.4996184523809524,-0.13940688947595253,-0.06596376311664492,0.5765665564993501,-0.3218541153788799,0.0029547947785225903,-0.009455462483672121,0.0011427265427857599,0.04872876783595954
lab009,F3,COLD->OFF,4.0,140,19.672142857142855,-0.10391199709381421,1.507348095238095,-0.12979910720138263,-0.044500999590457224,0.5672494278223038,-0.31224633310431005,0.008974533951213327,-0.008831286725745612,0.001766902300712271,0.047941326741633664
lab009,F3,COLD->OFF,5.0,140,19.563214285714285,-0.11475342838979383,1.5363284523809524,-0.0979913285456135,-0.011140246509388274,0.581226124623519,-0.2804385544485409,0.07620793238911325,-0.00823836216732628,0.0023598268591316024,0.04912257321849341
lab009,F3,COLD->OFF,6.0,140,19.551785714285714,0.1051425846880419,1.6543529761904763,0.023386400497323098,0.16876098672175016,0.5718842224571558,-0.1590608254056043,0.06674843248669847,-0.007836412942724219,0.0027617760837336616,0.048333038382177465
lab009,F3,COLD->OFF,7.0,140,19.727678571428573,0.203728090091727,1.6132275,-0.012096229652167402,0.12046976281481814,0.6210770594992029,-0.19454345555509478,-0.05522300097273617,-0.00751085067855419,0.0030873383479036918,0.05249059193500274
lab009,F3,COLD->OFF,8.0,140,19.916428571428572,0.17288733993279454,1.5674339285714287,-0.05334408516930715,0.07905937646629613,0.6390152898512739,-0.23579131107223453,0.08580425474105012,-0.006953220443806256,0.0036449685826516268,0.05400664910543804
lab009,F3,COLD->OFF,9.0,140,20.072142857142858,0.13750567614204123,1.6742658333333333,0.05621826060401922,0.017858754460216453,2.012103033912498,-0.12622896529890815,-0.0428229319373697,-0.006654726515298645,0.003943462511159238,0.17005374400633042
lab009,F3,COLD->OFF,10.0,140,20.157857142857143,-0.009667605122150452,1.5967846428571428,-0.01827930080128809,-0.0897589405606849,1.9387610735087482,-0.20072652670421545,-0.19999031063728817,-0.006001352152559625,0.004596836873898257,0.16385521701779449
lab009,F3,COLD->OFF,11.0,140,20.066964285714285,-0.12696848605939623,1.443529761904762,-0.1676423134159521,-0.11315938834995909,0.5799842800844585,-0.3500895393188795,0.07566964703183483,-0.005379983630101108,0.005218205396356775,0.04901761819890357
lab009,F3,COLD->OFF,12.0,140,19.924285714285716,-0.14990009990010023,1.462355,-0.14443277006225624,-0.09541406727599955,0.6398242997754972,-0.32687999596518363,0.033306828407886964,-0.004980526127456248,0.005617662899001635,0.05407502292339553
lab009,F3,COLD->OFF,13.0,140,19.78392857142857,-0.13815048587776066,1.4802135714285714,-0.12275880059905897,-0.06882832999696886,0.5727152118471951,-0.3052060265019863,0.10798967176786357,-0.0046710051296631,0.0059271838967947825,0.04840326980404006
lab009,F3,COLD->OFF,14.0,140,19.654642857142857,-0.10389950958132799,1.8099723214285715,0.21174950411596044,-0.053377805178634774,2.6123212589115776,0.029302278213033058,0.25412598570783096,-0.004059978473292556,0.006538210553165327,0.22078144266868746
lab009,F3,COLD->OFF,15.0,140,19.563214285714285,-0.09151984379257172,1.8609155357142855,0.2680968571189166,-0.03994422175814055,2.639339720293972,0.08564963121598923,0.00018501626897675,-0.003711699529649881,0.006886489496808002,0.22306491942804232
lab009,F3,COLD->OFF,16.0,140,19.484642857142855,-0.06588298065570848,1.4772836904761906,-0.11018566504444591,-0.04930650553595567,0.7836191485849145,-0.2926328909473733,-0.3440191195615174,-0.0033109618414147064,0.0072872271850431755,0.06622790575132781
lab009,F3,COLD->OFF,17.0,140,19.43125,-0.011448778494233446,1.6274434523809524,0.045224391805690455,0.004853338034017107,0.9013109511802068,-0.13722283409723693,0.18880086780605326,-0.002653426994092564,0.007944762032365318,0.07617467852233581
lab009,F3,COLD->OFF,18.0,140,19.520714285714288,0.17140359640359693,1.8648604761904761,0.2880163396526041,0.12346366551865506,1.9559778186758692,0.10556911374967674,0.16242295411270155,-0.0024611214340816605,0.008137067592376222,0.16531029756085136
lab009,F3,COLD->OFF,19.0,140,19.72732142857143,0.2208382526564351,1.8064535714285714,0.23489080865009676,0.07907974559645753,1.897881747864719,0.05244358274716936,-0.08662386437652317,-0.002082664444288184,0.008515524582169698,0.1604002834179461
lab009,F3,COLD->OFF,20.0,140,19.930714285714288,0.19370856416310972,1.749679880952381,0.18325863390513333,0.06884800072688979,1.8919693900909813,0.0008114080022059683,-0.27078415330872857,-0.0017639349301393334,0.008834254096318548,0.15990059798515094
lab009,F3,COLD->OFF,21.0,140,20.095714285714287,0.12052265915902376,1.5208937500000002,-0.04173233472242458,-0.04098927760065835,0.5528712156915536,-0.22417956062535196,-0.021365080730453186,-0.0012900484846080276,0.009308140541849854,0.04672614602586439
lab009,F3,COLD->OFF,22.0,140,20.143571428571427,-0.022538824811551703,1.518265238095238,-0.04049364396010824,-0.07723149036456611,0.8489614841447097,-0.2229408698630356,-0.04973351548151018,-0.0009207190481859401,0.009677469978271942,0.07175034104255375
lab009,F3,COLD->OFF,23.0,140,20.069642857142856,-0.10629711197893198,1.4653326785714285,-0.0893657051884244,-0.10164771618852275,0.623653229256858,-0.2718129310913518,-0.03600481935379703,-0.000140315001177039,0.010457874025280842,0.05270831801816125
lab009,F3,COLD->OFF,24.0,140,19.95357142857143,-0.12880074470983618,1.4566864285714287,-0.09317476515885695,-0.09446581782993141,0.49231991497818556,-0.27562199106178437,-0.011813025899313183,0.00022064758963525173,0.010818836616093133,0.041608627083139504
lab009,F3,COLD->OFF,25.0,140,19.8275,-0.11203796203796279,1.4156903571428572,-0.12921669603686503,-0.06832730315964203,0.4736821101261613,-0.3116639219397924,-0.00999042192796551,0.0009433607243347099,0.011541549750792591,0.040033445076190693
lab009,F3,COLD->OFF,26.0,140,19.72660714285714,-0.10086050313323085,1.4321315476190475,-0.10779465391804849,-0.06478219315274703,0.4526307784898761,-0.2902418798209759,0.024463607391716345,0.0011228132426993878,0.01172100226915727,0.03825428282617995
lab009,F3,COLD->OFF,27.0,140,19.621785714285714,-0.09231563890654791,1.416368095238095,-0.11836432900845129,-0.07120064076105898,0.42681732552856344,-0.3008115549113787,-0.017571597394787534,0.0017320688987956705,0.012330257925253553,0.03607264786623117
lab009,F3,COLD->OFF,28.0,140,19.54857142857143,-0.06613273090545944,1.4179170238095238,-0.11081767037123573,-0.057329183667726935,0.4085853336306578,-0.2932648962741631,0.052018142704831016,0.0019513987393711676,0.012549587765829049,0.034531763313762086
lab009,F3,COLD->OFF,29.0,140,19.523035714285715,0.035684769775678596,1.502967738095238,-0.01933149078318175,0.03432586217407224,0.3906517448818077,-0.20177871668610914,0.08647983625121371,0.002632603596458701,0.013230792622916583,0.03301609843039788
lab009,F3,COLD->OFF,30.0,140,19.62357142857143,0.1568442920715655,1.5849209523809524,0.06889552530309967,0.1362781347407055,0.46882751350922924,-0.11355170059982772,0.03450692112559539,0.0028639729195560253,0.013462161946013908,0.03962315677761162
lab009,F3,HOT->OFF,-30.0,182,20.55521978021978,-0.09035544874705816,1.6108916666666666,-0.05647387141976247,-0.06311858329570397,0.24445387885969805,0.057749281962907226,-9.395734128173903e-05,0.005676483541751549,0.006222092448082983,0.018120127065990678
lab009,F3,HOT->OFF,-29.0,182,20.458791208791208,-0.09467717597088299,1.6282486263736264,-0.0398802999939547,-0.050901691331875165,0.28458127832674723,0.07434285338871499,0.01830777364446407,0.004870216008771861,0.005415824915103294,0.021094567809424404
lab009,F3,HOT->OFF,-28.0,182,20.365384615384617,-0.08495700104091775,1.6404817765567765,-0.02952188287924624,-0.028811421572820017,0.3087661399427879,0.08470127050342346,0.208066027511931,0.004106256969725326,0.004651865876056759,0.022887269024067746
lab009,F3,HOT->OFF,-27.0,182,20.290384615384614,-0.05577377168286201,1.6703173076923077,-0.003020347647254898,-0.010293690169529579,0.3398375804472314,0.1112028057354148,-0.08527520835110915,0.003324225705857089,0.003869834612188522,0.025190437428227228
lab009,F3,HOT->OFF,-26.0,182,20.235851648351648,-0.048797356489664274,1.674893131868132,0.0008759470582699922,-0.010801252185602461,0.2923071679876258,0.1150991004409397,0.07943272314225479,0.002341971308749959,0.002887580215081392,0.021667248852596934
lab009,F3,HOT->OFF,-25.0,182,20.198626373626375,-0.026894434237092476,1.9903644688644688,0.3163357002976621,-0.007862679227301106,3.401163368792103,0.43055885368033187,0.08099121194164856,0.001652852187922161,0.002198461094253594,0.2521110022969915
lab009,F3,HOT->OFF,-24.0,182,20.211263736263735,0.06788840530099313,2.0263596153846155,0.3523813032865107,0.07308623593416341,3.38813247431321,0.4666044566691805,0.30821196396582856,0.0006955017388515776,0.0012411106451830109,0.2511450881341953
lab009,F3,HOT->OFF,-23.0,182,20.323076923076925,0.15194857589962624,2.2627729395604397,0.5889891379540727,0.08280645582668311,4.643088371972238,0.7032122913367423,-0.3473068319840775,3.64172224782359e-05,0.000582026128809669,0.34416860829215257
lab009,F3,HOT->OFF,-22.0,182,20.494642857142857,0.16696415472639267,1.9727633241758242,0.2985803831481494,0.05556799083515618,3.4075875319379505,0.412803536530819,-0.09505777232706104,-0.000683769061070806,-0.00013816015473937292,0.2525871929511894
lab009,F3,HOT->OFF,-21.0,182,20.643543956043956,0.13163148040770523,1.6269571428571428,-0.04798557251661563,0.0010039811028021428,0.5299407515190736,0.06623758086605407,-0.2704730381831724,-0.0012342632357949719,-0.0006886543294635381,0.039281821993438375
lab009,F3,HOT->OFF,-20.0,182,20.740109890109892,0.04306445302948776,1.5732964285714286,-0.10313165470423341,-0.0465687471245162,0.49150608383300504,0.01109149867843628,-0.045261617404826364,-0.0015810716007847465,-0.0010354626944533134,0.03643285487759889
lab009,F3,HOT->OFF,-19.0,182,20.718956043956045,-0.07302487722068196,1.5368520604395604,-0.14035008832021054,-0.08030220425590823,0.47424047572853195,-0.026126934937540848,-0.023308449189095384,-0.0019331220670888744,-0.0013875131607574412,0.035153042856680985
lab009,F3,HOT->OFF,-18.0,182,20.619230769230768,-0.11790132943979119,1.7599376373626374,0.08201770107898315,-0.08681715338072882,3.029060118867996,0.19624085446165287,0.1706238796113136,-0.002053819900553226,-0.0015082109942217928,0.2245288743236296
lab009,F3,HOT->OFF,-17.0,182,20.49835164835165,-0.11710492304897804,1.6592537087912087,-0.018766753827734246,-0.0730089738028617,1.9253945017197438,0.09545639955493546,-0.19279732572874925,-0.0021531908641984183,-0.0016075819578669852,0.14271973587028014
lab009,F3,HOT->OFF,-16.0,182,20.396153846153847,-0.10152609628134111,1.5340666666666667,-0.14473518710530306,-0.06584987481897525,0.4379426660179162,-0.030512033722633367,0.008780720938022046,-0.002077527020338208,-0.0015319181140067753,0.032462470192252124
lab009,F3,HOT->OFF,-15.0,182,20.306593406593407,-0.0824263149437973,1.534353021978022,-0.14509969542675302,-0.05930445661134931,0.4320707427781371,-0.03087654204408332,0.023935031523597338,-0.0018666621829208684,-0.0013210532765894354,0.03202721428335485
lab009,F3,HOT->OFF,-14.0,182,20.217307692307692,-0.07571624180015792,1.5421951923076924,-0.13960002339568758,-0.05394597249403876,0.4173244812262568,-0.025376870013017864,0.0071335607590003736,-0.0017121408047233997,-0.0011665318983919665,0.03093414865349114
lab009,F3,HOT->OFF,-13.0,182,20.142032967032968,-0.06760634470424819,1.5655311355311357,-0.12103147413197861,-0.053013832582817,0.41029441403714256,-0.006808320749308921,0.059972768947676065,-0.0015791446481088188,-0.0010335357417773857,0.030413045403489884
lab009,F3,HOT->OFF,-12.0,182,20.146291208791208,0.07297684832650078,1.6420401556776558,-0.048329769460635615,0.046720259433968014,0.48894133385214866,0.06589338392203407,0.03933690964402841,-0.0014817463676234017,-0.0009361374612919687,0.036242742960527256
lab009,F3,HOT->OFF,-11.0,182,20.271840659340658,0.15459016507967566,1.638628663003663,-0.05396521667418277,0.038722918222910685,0.5232914385581781,0.06025793670848693,-0.0479942404399556,-0.0011908980776023557,-0.0006452891712709225,0.03878894212458541
lab009,F3,HOT->OFF,-10.0,182,20.41717032967033,0.13953703639018414,1.6000463369963371,-0.09290771484928272,0.005203229344020621,0.5276572654050705,0.02131543853338698,-0.007458882916611894,-0.0010593389272895639,-0.0005137300209581307,0.039112558741277385
lab009,F3,HOT->OFF,-9.0,182,20.548351648351648,0.10806501191116684,1.5831706043956044,-0.11095254631292925,-0.0312860911494689,0.4886726672563346,0.003270607069740441,-0.058813806661174244,-0.0007749248477547051,-0.00022931594142327195,0.03622282806747157
lab009,F3,HOT->OFF,-8.0,182,20.6103021978022,-0.005825468238055914,1.5180002747252748,-0.17686914228075365,-0.10695666030354356,0.46480474741613365,-0.06264598889808397,-0.040610387383477206,-0.0007573871973849766,-0.00021177829105354322,0.03445362014030448
lab009,F3,HOT->OFF,-7.0,182,20.540796703296703,-0.11094499905688857,1.4896364010989012,-0.20582658004287252,-0.1186747562826937,0.46095068853726434,-0.09160342666020282,0.007248392059927441,-0.0004996167245178621,4.599218181357124e-05,0.03416793828927113
lab009,F3,HOT->OFF,-6.0,182,20.4228021978022,-0.12979415689205903,1.4984810439560439,-0.19746973668247214,-0.10847750735680667,0.46601175243929904,-0.08324658329980243,0.0115643957096198,-0.00043371515362036853,0.00011189375271106482,0.034543089305167266
lab009,F3,HOT->OFF,-5.0,182,20.312225274725275,-0.099776098027846,1.5336221611721612,-0.16266343119325527,-0.0710448809524038,0.456028835972222,-0.04844027781058557,0.021621508392754528,-0.0003245132606585363,0.00022109564567289708,0.03380310630421669
lab009,F3,HOT->OFF,-4.0,182,20.22197802197802,-0.07117620142095546,1.5405962454212454,-0.1562149792923415,-0.07340142054273024,0.4301008302681247,-0.04199182590967179,-0.006866088180036519,-0.00045791564794681446,8.76932583846189e-05,0.03188119465316197
lab009,F3,HOT->OFF,-3.0,182,20.149725274725274,-0.08953721104070748,1.5372228937728938,-0.15997204752160812,-0.06980124473447064,0.4244427957942414,-0.04574889413893843,-0.010736110151428105,-0.00027839384595462573,0.0002672150603768076,0.03146179323442087
lab009,F3,HOT->OFF,-2.0,182,20.06964285714286,-0.0821835507150215,1.5468832417582419,-0.1502144412487302,-0.06332040635596642,0.3843305067792112,-0.03599128786606051,0.1395676129038001,-0.00040052975295464845,0.00014507915337678463,0.028488472552210504
lab009,F3,HOT->OFF,-1.0,182,19.96978021978022,-0.05400368861907455,1.9677127747252745,0.2708590855975484,0.03629470026396159,2.367858383175338,0.3850822389802181,0.4021988875829274,-0.0004697537052322317,7.58552010992014e-05,0.1755173408478979
lab009,F3,HOT->OFF,0.0,182,20.078434065934065,0.20351501645208098,2.1810846153846155,0.4845726850502985,0.17017117792324643,2.320613039400871,0.5987958384329681,-0.06134872774362478,-0.0005330169589504035,1.259194738102957e-05,0.17201528296907365
lab009,F3,HOT->OFF,1.0,182,20.276923076923076,0.22800713272741072,2.019441575091575,0.3229859085470367,0.13497371921589207,1.6641105229612942,0.43720906192970643,-0.06655886436718203,-0.000844181778794513,-0.0002985728724630799,0.1233520787993607
lab009,F3,HOT->OFF,2.0,182,20.502335164835166,0.21166420991595858,1.900438553113553,0.20337180082295767,0.11678864322302562,0.5872330846996245,0.31759495420562733,-0.08681782150678569,-0.0010025062560595278,-0.0004568973497280947,0.04352861227543872
lab009,F3,HOT->OFF,3.0,182,20.697802197802197,0.16549709032226628,1.8802850274725276,0.18205051802478545,0.07407823265476127,0.7922537488510212,0.29627367140745514,-0.11966824697898393,-0.0012868866096734362,-0.0007412777033420032,0.05872575499580151
lab009,F3,HOT->OFF,4.0,182,20.78956043956044,-0.0093446763027182,1.7752880036630037,0.07581166907265938,-0.02449284823756409,0.6607051164528119,0.1900348224553291,-0.07841555497193566,-0.0014886608165226016,-0.0009430519101911685,0.04897472160851401
lab009,F3,HOT->OFF,5.0,182,20.73049450549451,-0.0786224265245257,1.7534121336996338,0.055140655850618704,-0.045884894077280636,0.532719733328492,0.1693638092332884,-0.0484687199957705,-0.001725458151821189,-0.0011798492454897559,0.03948781383016287
lab009,F3,HOT->OFF,6.0,182,20.626923076923077,-0.10434844875404295,1.6755327838827838,-0.01911475178408972,-0.02798708762958879,0.5370900157214283,0.09510840159857997,-0.005023181862752428,-0.0019135527557878308,-0.0013679438494563973,0.039811760713900884
lab009,F3,HOT->OFF,7.0,182,20.533516483516483,-0.09197271260208402,1.6718533882783881,-0.020180324948330483,-0.014237417594661295,0.5025948847026774,0.09404282843433923,-0.018373223821557694,-0.0022213516182066277,-0.001675742711875194,0.037254811484322456
lab009,F3,HOT->OFF,8.0,182,20.45576923076923,-0.06751290667374653,1.6647236721611722,-0.027620252987124522,-0.028099338981716293,0.4956523743781236,0.08660290039554518,0.06855286378074466,-0.0023373042991149556,-0.0017916953927835215,0.03674019838092364
lab009,F3,HOT->OFF,9.0,182,20.37912087912088,-0.07745838078005869,1.7252421245421243,0.03262284909825278,-0.023948193010499774,0.9549408761917159,0.14684600248092247,0.09682303692280687,-0.0025589770996931375,-0.0020133681933617036,0.07078492719288626
lab009,F3,HOT->OFF,10.0,182,20.314697802197802,-0.07392869368394002,1.8148865384615385,0.12113959400776836,-0.01712384591360888,1.8353705668186615,0.23536274739043805,-0.04303788154050797,-0.002676389513134068,-0.0021307806068026343,0.1360467178474231
lab009,F3,HOT->OFF,11.0,182,20.255631868131868,0.015097664573189519,1.7331395604395605,0.03810651799086623,0.07014079063149908,0.3566955537430688,0.15232967137353592,0.04272814865071762,-0.0028562991652382203,-0.0023106902589067873,0.026440033546810286
lab009,F3,HOT->OFF,12.0,182,20.353571428571428,0.1443591373661305,1.7892708791208793,0.09270578055413904,0.14017353396508947,0.3410279049797332,0.20692893393680875,-0.03251857526379792,-0.0028759283322650235,-0.00233031942593359,0.025278670152859416
lab009,F3,HOT->OFF,13.0,182,20.502335164835166,0.14426831909349414,1.7373783882783884,0.03963942532335158,0.07043674354912988,0.3192476019877236,0.15386257870602127,-0.021432744770007835,-0.0031742047854846052,-0.0026285958791531718,0.023664206681909532
lab009,F3,HOT->OFF,14.0,182,20.639285714285712,0.11984082351215299,1.7113282967032968,0.01220909780546313,0.037462479924560255,0.3201471252833819,0.12643225118813284,-0.030639331244351087,-0.0030065962548452957,-0.0024609873485138623,0.023730883784732277
lab009,F3,HOT->OFF,15.0,182,20.729945054945055,0.04714516252977809,1.6603968406593408,-0.03946205528839994,-0.013894633193004047,0.32711683894899446,0.07476109809426976,-0.046302168714173336,-0.003259319742297709,-0.002713710835966276,0.02424751333392816
lab009,F3,HOT->OFF,16.0,182,20.713186813186812,-0.06750242764228806,1.6427731227106228,-0.057687762837115145,-0.0484393950837268,0.33696891644204013,0.05653539054555456,-0.013463796043603024,-0.0031506230800531407,-0.0026050141737217073,0.024977797904869394
lab009,F3,HOT->OFF,17.0,182,20.623351648351647,-0.10590633143080722,1.6256767857142858,-0.07437956144281825,-0.06843487276655513,0.320587580638497,0.039843591939851444,-0.0005608676564614451,-0.0032190832956238494,-0.0026734743892924163,0.02376353250783216
lab009,F3,HOT->OFF,18.0,182,20.515384615384615,-0.10713849087974996,1.6345524725274725,-0.0653535349031108,-0.036321100003277984,0.3069434456987063,0.048869618479558896,-0.0018079356774720746,-0.0031671330298271394,-0.002621524123495706,0.022752161937776984
lab009,F3,HOT->OFF,19.0,182,20.416208791208792,-0.08576388646318722,1.6301478937728937,-0.06925593235462335,-0.04768778915091959,0.3019250603470898,0.044967221028046345,0.0016090278023062848,-0.0031775272617805684,-0.0026319183554491354,0.022380174466514205
lab009,F3,HOT->OFF,20.0,182,20.33956043956044,-0.07631180008802385,1.6414504578754578,-0.05695884830482925,-0.044648109852605145,0.2968184600488769,0.05726430507784045,0.010357193598543415,-0.003090149151887989,-0.002544540245556556,0.022001648068363036
lab009,F3,HOT->OFF,21.0,182,20.260714285714286,-0.07484648218913972,1.6631315018315018,-0.03383390465304891,-0.039842585371232475,0.3149460507114457,0.08038924872962079,0.2846216704390648,-0.0031488405105273417,-0.0026032316041959083,0.023345354487497166
lab009,F3,HOT->OFF,22.0,182,20.19945054945055,-0.04204536722019233,1.9280137362637364,0.23276794302638118,-0.02363892455893235,3.395238998348876,0.34699109640905085,0.0026778080818996614,-0.0031336217282079224,-0.002588012821876489,0.2516718587427226
lab009,F3,HOT->OFF,23.0,182,20.203296703296704,0.06341735187889122,2.023468131868132,0.3297006823341462,0.09174415657189028,3.3932259359835877,0.4439238357168159,-0.03102568682694276,-0.002984014178663289,-0.002438405272331856,0.251522640632456
lab009,F3,HOT->OFF,24.0,182,20.318956043956046,0.144812355476692,1.779409249084249,0.08707851072750078,0.07357659152167156,0.6197565021895007,0.2013016641101705,-0.18718897517915978,-0.0029809955025476304,-0.002435386596216197,0.045939408374424166
lab009,F3,HOT->OFF,25.0,182,20.467582417582417,0.13716528227017724,1.740362087912088,0.04869019750358777,0.02069812410584898,0.49870188209710264,0.16291335088625747,0.0015555930576983121,-0.002865198600458381,-0.002319589694126948,0.03696624293220824
lab009,F3,HOT->OFF,26.0,182,20.59107142857143,0.10846146860132894,1.705539468864469,0.014251513564458633,0.011473891029544159,0.5009667344889913,0.12847466694712834,-0.046783565361660534,-0.002610790969072773,-0.0020651820627413395,0.03713412496099081
lab009,F3,HOT->OFF,27.0,182,20.665796703296703,0.02551818810560094,1.6532634615384616,-0.03839203013875548,-0.04912026338069886,0.4323814122933697,0.07583112324391422,-0.011063961576296725,-0.002348722753679044,-0.0018031138473476105,0.03205024263994221
lab009,F3,HOT->OFF,28.0,182,20.63681318681319,-0.052304339017626086,1.656824816849817,-0.034511795716964416,-0.0749430774011069,0.46917803523486407,0.07971135766570528,-0.03752291475133675,-0.002105391120339518,-0.0015597822140080851,0.034777789801024105
lab009,F3,HOT->OFF,29.0,182,20.57184065934066,-0.08803608978434088,1.6043002747252746,-0.08627967778672072,-0.07532905158230824,0.41385620539622825,0.027943475595948977,-0.0031117140199908616,-0.0016430618211314772,-0.0010974529148000435,0.030677062944591053
lab009,F3,HOT->OFF,30.0,182,20.482142857142858,-0.08741084090734468,1.6180177655677657,-0.07140566966398092,-0.062077998220343045,0.4310960772038692,0.042817483718688785,-0.018778575214340364,-0.0014279902851100678,-0.0008823813787786339,0.03195496726426494
lab009,F3,OFF->COLD,-30.0,185,19.504459459459458,-0.07463531554440649,1.687521081081081,-0.14534151241199286,-0.04850106590920289,0.5538460088280639,-0.4091762350552819,-0.10970890570046965,0.012210456149237579,0.02712703496398406,0.04071956840786887
lab009,F3,OFF->COLD,-29.0,185,19.452567567567566,-0.04922853559217184,1.6994854054054056,-0.1411799523043981,-0.0601202095245712,0.6005242158754271,-0.4050146749476871,-0.002675468189343307,0.011743370704248402,0.026659949518994884,0.04415141844330324
lab009,F3,OFF->COLD,-28.0,185,19.398783783783784,-0.036710709437982464,1.7408566216216215,-0.10708710830835678,-0.0359964641583308,0.7498049727901789,-0.3709218309516458,0.019542620761800533,0.011020024554037429,0.025936603368783916,0.05512675797139891
lab009,F3,OFF->COLD,-27.0,185,19.37837837837838,-0.004472431745158899,1.7397761261261262,-0.11489998130388268,-0.013942186571375137,0.6732190353463625,-0.3787347039471717,0.041559369096199755,0.01044666275200575,0.025363241566752237,0.04949604786585337
lab009,F3,OFF->COLD,-26.0,185,19.421486486486486,0.09993127265854661,1.782589009009009,-0.07878959172301252,0.06457925098449913,0.6795324413277364,-0.34262431436630153,-0.015733953035780245,0.00950198028608019,0.024418559100826676,0.049960218705125424
lab009,F3,OFF->COLD,-25.0,185,19.55864864864865,0.1565926702290343,1.7886773873873871,-0.07890857619673053,0.06127179246359182,0.7204611881696252,-0.34274329884001953,-0.018908948159154625,0.008833730245699561,0.023750309060446048,0.05296936001933867
lab009,F3,OFF->COLD,-24.0,185,19.706891891891892,0.12967560694833483,1.762390990990991,-0.11220659703339694,0.026977611601467166,0.707458658934228,-0.37604131967668597,-0.004989446225733025,0.0078265894377925,0.022743168252538984,0.052013395057532046
lab009,F3,OFF->COLD,-23.0,185,19.820810810810812,0.09160839160839167,1.725965810810811,-0.155410415250487,-0.04814840612049898,0.7529848307926544,-0.419245137893776,-0.023629277743671993,0.0070609196155779815,0.02197749843032447,0.05536054578135912
lab009,F3,OFF->COLD,-22.0,185,19.862432432432435,-0.013830518375972971,1.6904642342342342,-0.19848200920766662,-0.08231756434292892,0.8020841593851497,-0.4623167318509556,-0.033839958661476974,0.0059342351850715964,0.020850813999818082,0.058970400212978225
lab009,F3,OFF->COLD,-21.0,185,19.805,-0.09459717186989966,1.6923808108108107,-0.2041471390587421,-0.10197082991629047,0.8266345340702007,-0.46798186170203115,-0.004712311330029811,0.005003104851771733,0.01991968366651822,0.060775379657611345
lab009,F3,OFF->COLD,-20.0,185,19.704054054054055,-0.10824212642394487,1.7310376576576576,-0.17319581189927102,-0.09090057864064915,0.8049287097547295,-0.43703053454256,0.17373576109339783,0.003974354169795459,0.018890932984541947,0.05917953571547797
lab009,F3,OFF->COLD,-19.0,185,19.59891891891892,-0.09449751722479054,1.9153132882882884,0.0039032328215517355,-0.05912097358784951,1.8416725620068999,-0.2599314898217373,0.00038915888125323387,0.0029749106556035887,0.017891489470350075,0.13540245966964376
lab009,F3,OFF->COLD,-18.0,185,19.51418918918919,-0.07817391453755114,1.9225602702702702,0.004252784459305606,-0.0649579239368232,1.6869441304834385,-0.2595819381839834,-0.08827258189075163,0.001691542775057954,0.01660812158980444,0.12402659913867482
lab009,F3,OFF->COLD,-17.0,185,19.445810810810812,-0.06653150289513855,1.8853005405405405,-0.03873070969626185,-0.05275316680188835,0.8576306317957225,-0.3025654323395509,0.0994565240509163,0.0004140274439028376,0.015330606258649323,0.06305425808517656
lab009,F3,OFF->COLD,-16.0,185,19.39148648648649,-0.05210992938265816,1.9314386486486486,0.0026194442561142937,-0.027459094146346175,0.8926379149281078,-0.26121527838717473,0.030186752494513303,-0.0008941913471281527,0.014022387467618334,0.06562804472904733
lab009,F3,OFF->COLD,-15.0,185,19.346486486486487,0.007736121372485257,2.0058770270270267,0.07230217827695845,0.03900320506852384,0.8056357202410547,-0.19153254436633058,0.08219275863745686,-0.0022640734215082126,0.012652505393238273,0.05923151616022996
lab009,F3,OFF->COLD,-14.0,185,19.424864864864865,0.12974519338155813,2.024155675675676,0.08646046556490795,0.12301957079450421,0.7245960871478221,-0.17737425707838106,-0.023157392697860966,-0.0035200661503886964,0.011396512664357789,0.05327336383830378
lab009,F3,OFF->COLD,-13.0,185,19.576486486486488,0.15818886273431737,2.0448075675675677,0.10233697720133542,0.08759261888721748,0.6404772237179203,-0.1614977454419536,0.00899438486451107,-0.004767964683977143,0.010148614130769344,0.04708882199954619
lab009,F3,OFF->COLD,-12.0,185,19.72756756756757,0.1383077610350343,2.025884144144144,0.07905726776939327,0.05981252517438862,0.5858418662074139,-0.18477745487389574,-0.004403150736355333,-0.006148832218621136,0.00876774659612535,0.043071950627041486
lab009,F3,OFF->COLD,-11.0,185,19.84162162162162,0.08543667634576774,1.9923954054054054,0.04163970869757457,-0.026713288542142943,0.6019017418308009,-0.22219501394571445,-0.05357824705795715,-0.00772785903701286,0.007188719777733625,0.044252696165773694
lab009,F3,OFF->COLD,-10.0,185,19.857432432432432,-0.05081613717977369,1.9930806306306308,0.04037003351876468,-0.0707583992057943,0.6016150957465698,-0.22346468912452438,0.01161500575266997,-0.009282963736072593,0.0056336150786738945,0.04423162152652443
lab009,F3,OFF->COLD,-9.0,185,19.77743243243243,-0.10693115238569827,1.9949886486486488,0.04163708776463588,-0.0826863465905765,0.640877597426652,-0.22219763487865316,0.03341878561119055,-0.010595326902718727,0.00432125191202776,0.047118258060042335
lab009,F3,OFF->COLD,-8.0,185,19.666216216216217,-0.09867613958523054,2.065185765765766,0.11229952031567551,-0.02809830672691882,0.7466902619657765,-0.15153520232761353,0.04870542827158779,-0.012099386856558115,0.002817191958188371,0.05489775987722947
lab009,F3,OFF->COLD,-7.0,185,19.573513513513515,-0.07955017955018019,2.1277665765765765,0.17481950499259644,-0.020517379565758165,0.8161266526586117,-0.08901521765069259,0.04803077477482829,-0.013262712670092382,0.0016538661446541042,0.06000282485150855
lab009,F3,OFF->COLD,-6.0,185,19.502837837837838,-0.06287177196268177,2.1262192792792796,0.17148198579387394,-0.020563769920122543,0.7130818670006162,-0.09235273684941508,0.2746016558484894,-0.01479857482315235,0.00011800399159413508,0.05242682153688048
lab009,F3,OFF->COLD,-5.0,185,19.44027027027027,-0.04233690142780986,2.4210426126126126,0.46533626283770535,-0.017575570492915027,2.37136936810071,0.2015015401944163,0.057155474572054644,-0.0157071664397638,-0.0007905876250173164,0.1743465433812995
lab009,F3,OFF->COLD,-4.0,185,19.406891891891892,-0.04806532533805469,2.428037162162162,0.4691971483236584,-0.008167613571910648,2.318749156085484,0.20536242568036941,-0.14468003780256813,-0.0169537848189386,-0.002037206004192117,0.17047782845217246
lab009,F3,OFF->COLD,-3.0,185,19.390945945945944,0.06759935396299126,2.3262931531531534,0.3655127417737527,0.1762058822876943,0.8599069755248814,0.10167801913046369,0.06465992659355445,-0.017945811727716258,-0.003029232912969772,0.06322161820463548
lab009,F3,OFF->COLD,-2.0,185,19.54945945945946,0.19792013882923112,2.392297927927928,0.4250237538301246,0.23325630318243862,1.0105473771955469,0.16118903118683556,-0.06269499842160906,-0.018905869564466785,-0.003989290749720298,0.07429692080327126
lab009,F3,OFF->COLD,-1.0,185,19.744594594594595,0.180359443995809,2.3465722972972975,0.37266918728210285,0.17080292940700992,0.8717494562576323,0.10883446463881381,-0.02871316820257818,-0.019614190607985246,-0.00469761179323876,0.06409229470429376
lab009,F3,OFF->COLD,0.0,185,19.928648648648647,0.1719910310819419,2.2901966666666667,0.31076920086079757,0.10323726389429644,0.7312392881721138,0.046934478217508534,-0.1870583757643658,-0.020368375907249592,-0.005451797092503108,0.05376178169136056
lab009,F3,OFF->COLD,1.0,185,20.05662162162162,0.06909761000670049,2.1094064864864865,0.12457850731118923,-0.06154022159715755,0.6744479714747615,-0.1392562153320998,-0.19978402737888923,-0.020777608624966144,-0.0058610298102196555,0.049586401046975204
lab009,F3,OFF->COLD,2.0,185,20.026756756756757,-0.08353206989570672,1.9053770270270272,-0.08436377437464161,-0.10386596108321866,0.7697591117754953,-0.34819849701793065,-0.12687983762784324,-0.021044721745244816,-0.006128142930498328,0.05659381544672858
lab009,F3,OFF->COLD,3.0,185,19.914594594594593,-0.13104585831858576,1.8250182882882882,-0.16961740654778892,-0.13184045008913103,0.7385127062956331,-0.43345212919107795,-0.04296501344152523,-0.02107172205079245,-0.006155143236045964,0.054296534027061916
lab009,F3,OFF->COLD,4.0,185,19.79162162162162,-0.1205451796360895,1.847725135135135,-0.15042240467273155,-0.07531160085066302,0.6608269408015567,-0.4142571273160206,0.017984730101382143,-0.02102718119385554,-0.006110602379109056,0.048584962955082356
lab009,F3,OFF->COLD,5.0,185,19.667837837837837,-0.1146887510523869,1.8478299999999999,-0.15462579547340524,-0.08071111054049596,0.6291234189786428,-0.41846051811669427,0.016356009455661718,-0.02097889120948525,-0.006062312394738766,0.04625407367347471
lab009,F3,OFF->COLD,6.0,185,19.583783783783783,-0.09766241129877515,1.8999825225225224,-0.10507573513728731,-0.05813951619330304,0.6186371179239029,-0.36891045778057635,0.02012671999216674,-0.020723552797768722,-0.005806973983022235,0.04548310548676246
lab009,F3,OFF->COLD,7.0,185,19.477027027027027,-0.09031975395611573,1.9250755855855857,-0.08279593237024878,-0.05072082323437044,0.5378034743757523,-0.3466306550135378,0.0185357759706646,-0.02055086143319995,-0.005634282618453465,0.03954009781739055
lab009,F3,OFF->COLD,8.0,185,19.38405405405405,-0.096457964639784,1.9560623423423424,-0.05308373647302131,-0.015426353980515062,0.599677644056846,-0.31691845911631034,0.07563644717057903,-0.02017938248979371,-0.005262803675047226,0.0440891772453359
lab009,F3,OFF->COLD,9.0,185,19.37135135135135,0.07280201371110566,2.0582676576576575,0.047702348144095484,0.16499415698228548,0.5944402716672044,-0.21613237449919356,0.054912888832981704,-0.01969380490887971,-0.004777226094133222,0.04370411796911441
lab009,F3,OFF->COLD,10.0,185,19.48581081081081,0.14255682892046498,2.051549099099099,0.040429523593090995,0.121332694331717,0.6341868644612836,-0.223405199050198,-0.06177235559032252,-0.019307182728989816,-0.004390603914243331,0.046626345589175944
lab009,F3,OFF->COLD,11.0,185,19.61797297297297,0.12333550969914626,1.994413963963964,-0.01676400511980433,0.04519786294058725,0.6497799247533276,-0.28059872776309336,-0.014308162877545647,-0.01866953089897744,-0.0037529520842309546,0.04777277018216605
lab009,F3,OFF->COLD,12.0,185,19.728378378378377,0.08634473634473626,1.9527554954954955,-0.05680401377212231,0.01666982743417378,0.6128077376278959,-0.32063873641541135,-0.04364859887577969,-0.018077804886966094,-0.003161226072219607,0.045054520923625475
lab009,F3,OFF->COLD,13.0,185,19.776891891891893,-0.015334788062060995,1.9152518018018019,-0.09118196106654203,-0.06868983474080659,0.5766950562165493,-0.3550166837098311,-0.020321359601163016,-0.017584934052039813,-0.0026683552372933285,0.042399463781961744
lab009,F3,OFF->COLD,14.0,185,19.707027027027028,-0.11047834229652516,1.891871126126126,-0.11279115935081611,-0.11087816147209373,0.5440315244573547,-0.3766258819941051,-0.02102885348551032,-0.01692853959665394,-0.0020119607819074547,0.03999799316610322
lab009,F3,OFF->COLD,15.0,185,19.584324324324324,-0.13052438961529905,2.015610720720721,0.01285273348246509,-0.07362899651544375,1.6788766519093017,-0.2509819891608239,0.11782637708620157,-0.01602513233508621,-0.0011085535203397218,0.12343346631756144
lab009,F3,OFF->COLD,16.0,185,19.46324324324324,-0.1051545506090964,2.147718828828829,0.1480269705868872,-0.05182995808026636,2.3059970990807415,-0.11580775205640183,0.08402278463349444,-0.015301636710121554,-0.0003850578953750661,0.16954027857500642
lab009,F3,OFF->COLD,17.0,185,19.364864864864863,-0.08450456177728936,2.006563963963964,0.010720839950731292,-0.05233583547960996,1.6946642252495634,-0.25311388269255775,-0.14896563469552226,-0.01440888356467708,0.0005076952500694075,0.12459419179427532
lab009,F3,OFF->COLD,18.0,185,19.28864864864865,-0.07843679661861436,1.9130454054054056,-0.0791556184276402,-0.03128876267108294,0.6508435926126288,-0.34299034107092924,-0.08453946390510289,-0.013572953871448173,0.0013436249432983156,0.047850972598487
lab009,F3,OFF->COLD,19.0,185,19.223513513513513,-0.05576622394804268,1.9937872972972972,0.006047696995064145,-0.0417007326265143,0.6851001336901078,-0.2577870256482249,0.16128621747458424,-0.013042523582451265,0.0018740552322952205,0.05036956358873897
lab009,F3,OFF->COLD,20.0,185,19.179324324324327,-0.00901359083177316,2.142419099099099,0.1589313546441889,0.03817810066412419,1.6726497705158072,-0.10490336799910013,-0.005070957783497997,-0.012198591288452547,0.0027179875262939393,0.12297565689250733
lab009,F3,OFF->COLD,21.0,185,19.23,0.12035961581416267,2.3215303153153153,0.3424111807739803,0.11158024259430643,2.2600449472370405,0.07857645813069125,0.08771312458363276,-0.011116390179435859,0.003800188635310626,0.16616180917979004
lab009,F3,OFF->COLD,22.0,185,19.38391891891892,0.1574887029432489,2.158218153153153,0.18297169424640836,0.08901980609708915,1.6564741518152972,-0.08086302839688067,-0.10118421147185855,-0.01049265120598152,0.004423927608764965,0.12178640175350444
lab009,F3,OFF->COLD,23.0,185,19.53689189189189,0.14013247195065465,2.186916936936937,0.2159703767299675,0.08899564174212993,1.7541239125614694,-0.047864345913321546,-0.13498900307651993,-0.009405500108740344,0.005511078706006143,0.1289657549479592
lab009,F3,OFF->COLD,24.0,185,19.657702702702704,0.09402501675229001,2.0155653153153152,0.04902254867939166,-0.015715712561529704,0.7201068238385838,-0.21481217396389737,-0.0938572641950709,-0.00825925525257133,0.006657323562175156,0.05294330663556566
lab009,F3,OFF->COLD,25.0,185,19.698513513513515,-0.017759145031873095,1.9687711711711713,0.006760417027755108,-0.04925033974394133,0.8186960520120675,-0.2570743056155339,-0.06278100331172044,-0.007532640609916948,0.0073839382048295375,0.06019173084897446
lab009,F3,OFF->COLD,26.0,185,19.64445945945946,-0.07673665400938157,1.8923558108108107,-0.06434058785911183,-0.08662907040220458,0.6005956004693918,-0.3281753105024009,-0.050876081681869696,-0.006491979578788428,0.008424599235958058,0.04415666674303074
lab009,F3,OFF->COLD,27.0,185,19.55743243243243,-0.08879314788405727,1.863286936936937,-0.08729556555445714,-0.05946916154775772,0.4785458548336822,-0.35113028819774617,-0.0026616916724705804,-0.005286534358070692,0.009630044456675793,0.035183390981610385
lab009,F3,OFF->COLD,28.0,185,19.46689189189189,-0.08544784453875338,1.8384403603603603,-0.10532079150293859,-0.06350374221683097,0.484633209032604,-0.3691555141462276,-0.031268721832527664,-0.004155116345159141,0.010761462469587346,0.035630942163301524
lab009,F3,OFF->COLD,29.0,185,19.392027027027027,-0.07568083022628494,1.8002501801801802,-0.13618367891904423,-0.06370033510428985,0.5108102374754914,-0.40001840156233326,-0.01832198489742166,-0.0030578579659926676,0.011858720848753819,0.03755551557071916
lab009,F3,OFF->COLD,30.0,185,19.317432432432433,-0.06284428102609889,1.7990123423423423,-0.13053575768314624,-0.05521075106180251,0.5289260761144902,-0.3943704803264353,0.01859030829225882,-0.0018390507000426634,0.013077528114703823,0.03888741851660755
lab009,F3,OFF->HOT,-30.0,236,20.269597457627118,0.026661512601420256,1.765651129943503,-0.008355816648685501,-0.022989880318891487,0.3672202151513518,0.14643268639570256,-0.030608228914097212,0.005502429668601251,-0.0006068212372583426,0.023903999950349163
lab009,F3,OFF->HOT,-29.0,236,20.259851694915252,-0.04778060922128758,1.744229731638418,-0.031245410492061518,-0.04342981780861277,0.32638733757780297,0.12354309255232655,-0.0315251593197065,0.005252549495786784,-0.0008567014100728101,0.02124600601859235
lab009,F3,OFF->HOT,-28.0,236,20.1948093220339,-0.07045333326149962,1.7330915607344632,-0.04449979813431914,-0.046703726571384996,0.3562975848253017,0.11028870491006892,0.005472250452532072,0.005231142550147936,-0.0008781083557116576,0.023192997276751875
lab009,F3,OFF->HOT,-27.0,236,20.115466101694917,-0.07435928863124569,1.7549939265536723,-0.02339559946870078,-0.032676981806043504,0.36263662418559883,0.13139290357568728,-0.003655514281743118,0.005069380637538983,-0.0010398702683206106,0.023605633592242704
lab009,F3,OFF->HOT,-26.0,236,20.047457627118643,-0.06330880213776993,1.7218314265536723,-0.05792522369808108,-0.02536258954801196,0.36929892495410194,0.096863279346307,-0.004271392016773179,0.0049512853001079105,-0.0011579656057516827,0.024039312433081765
lab009,F3,OFF->HOT,-25.0,236,19.991949152542375,-0.047247244281142485,1.7616109110169493,-0.01974292292009142,-0.01354270921550188,0.4112526015438205,0.13504558012429665,0.040497996904763627,0.004771351444007098,-0.0013378994618524962,0.02677026416651034
lab009,F3,OFF->HOT,-24.0,236,19.94417372881356,-0.03571794153458237,1.727606108757062,-0.05676027391542437,-0.02105847732513544,0.3923174504722398,0.0980282291289637,-0.03149239010669291,0.004640240450975592,-0.0014690104548840013,0.025537690817877105
lab009,F3,OFF->HOT,-23.0,236,19.91853813559322,-0.019394415291950098,1.7675356285310735,-0.019767549682869045,-0.004015442335229491,0.48917462992742833,0.135020953361519,0.13752851293697946,0.004490692456573217,-0.001618558449286376,0.03184255617484971
lab009,F3,OFF->HOT,-22.0,236,19.935381355932204,0.0673117329511789,2.001288206214689,0.2116769874835568,0.06274193894430291,2.9921537106790517,0.36646549052794486,0.21343800773035773,0.004413536355170792,-0.001695714550688801,0.19477261654026845
lab009,F3,OFF->HOT,-21.0,236,20.035381355932206,0.11906227439740548,2.1681761652542373,0.3766498072538201,0.0355152450771401,4.199713755627945,0.5314383102982081,-0.04853634430167158,0.004221575622310469,-0.001887675283549124,0.27337808013819404
lab009,F3,OFF->HOT,-20.0,236,20.155720338983052,0.11295820897130618,1.9605440677966102,0.16672533219301522,0.019832371068382648,3.0020105799509413,0.3215138352374033,-0.200390854139878,0.004208615406821935,-0.0019006354990376581,0.19541424407836228
lab009,F3,OFF->HOT,-19.0,236,20.25593220338983,0.0841982555195196,1.7125623587570622,-0.08382624102742206,-0.02349142772650692,0.4504455385592112,0.070962262016966,-0.2537046994887857,0.004218095675641467,-0.0018911552302181263,0.029321507060597208
lab009,F3,OFF->HOT,-18.0,236,20.30455508474576,-0.0028385520488758203,1.6458516242937853,-0.15284221893864286,-0.08139016583485331,0.42139685932475623,0.0019462841057452025,-0.02965030895385132,0.0042736891816998685,-0.0018355617241597253,0.027430599103114725
lab009,F3,OFF->HOT,-17.0,236,20.25783898305085,-0.07752647968364504,1.6237817796610168,-0.1771816861715177,-0.09356017483861534,0.43681691649452453,-0.02239318312712964,0.006210898144880915,0.004344873176861286,-0.0017643777289983076,0.028434359328211815
lab009,F3,OFF->HOT,-16.0,236,20.164724576271187,-0.09760174340297584,1.645591843220339,-0.1568171319216529,-0.07353216261003337,0.4465635232305486,-0.0020286288772648183,-0.0041551523808850774,0.0046332038235792385,-0.001476047082280355,0.029068809386572483
lab009,F3,OFF->HOT,-15.0,236,20.080402542372884,-0.08559833848739874,1.644986511299435,-0.15926410993045406,-0.06705118783092723,0.45306767052005203,-0.004475606886066008,0.14987344662204868,0.004896312739759301,-0.0012129381661002932,0.029492193312812148
lab009,F3,OFF->HOT,-14.0,236,19.99978813559322,-0.0760644401823133,1.757361299435028,-0.048701310056669646,-0.08330531122387624,1.9414987618164112,0.10608719298771842,-0.12561477011218727,0.005166244419846551,-0.0009430064860130426,0.12638080473574825
lab009,F3,OFF->HOT,-13.0,236,19.926800847457628,-0.06690699516200253,1.632290536723164,-0.1748722717047024,-0.07865850894780246,0.46163823954122774,-0.02008376866031435,-0.10397373490396287,0.005428781077627307,-0.0006804698282322871,0.03005008983648857
lab009,F3,OFF->HOT,-12.0,236,19.867161016949154,-0.056486849052335655,1.6369272598870057,-0.17217308653654764,-0.06798414926347401,0.4612464981230905,-0.017384583492159596,-0.007355677487441246,0.005712111978855126,-0.00039713892700446804,0.030024589642181885
lab009,F3,OFF->HOT,-11.0,236,19.808898305084742,-0.02849731162520171,1.6614848516949154,-0.1505165354170144,-0.04594070191959676,0.4570004122933418,0.0042719676273736676,0.0654943054210784,0.005920164244949658,-0.0001890866609099351,0.029748192997128844
lab009,F3,OFF->HOT,-10.0,236,19.84364406779661,0.0879237288135599,1.71762697740113,-0.10031384625816613,0.01622144132708775,0.532136801915949,0.054474656786221945,-0.0016662162328317874,0.0061901480166256405,8.089711076604756e-05,0.034639155367127895
lab009,F3,OFF->HOT,-9.0,236,19.95169491525424,0.11515497214649771,1.6916841807909604,-0.12987458266452168,-0.013517770156106168,0.5177860348129187,0.0249139203798664,-0.04261488100297378,0.006273621999704862,0.00016437109384526927,0.03370499999668643
lab009,F3,OFF->HOT,-8.0,236,20.060381355932204,0.0974044253127465,1.6918725635593221,-0.13178043186571253,-0.035351653777447534,0.5206943909290173,0.023008071178675545,0.011098324245727478,0.006423367201536303,0.0003141162956767102,0.033894317854436064
lab009,F3,OFF->HOT,-7.0,236,20.148940677966102,0.06745854299783482,1.6578545903954802,-0.16645488658653235,-0.08620533936827113,0.4846870523392176,-0.011666383542144285,-0.04358370799534678,0.006449761290005994,0.00034051038414640054,0.03155043975527416
lab009,F3,OFF->HOT,-6.0,236,20.16186440677966,-0.046825670477442294,1.640819350282486,-0.18612812724155095,-0.1143658115548366,0.45091034319039847,-0.03133962419716287,0.00245427571997046,0.0064633955628195785,0.0003541446569599859,0.029351763264973765
lab009,F3,OFF->HOT,-5.0,236,20.087711864406778,-0.08963628821101935,1.644204802259887,-0.18504859506998544,-0.11043500724398259,0.47913925917421124,-0.03026009202559738,-0.001567349167033434,0.006366740950357788,0.0002574900444981945,0.031189309180024643
lab009,F3,OFF->HOT,-4.0,236,19.9875,-0.0911279590979121,1.6475612994350282,-0.18394250316807761,-0.08841996206794767,0.5171809257520451,-0.029154000123689572,0.019181923014597098,0.006256943543472462,0.00014769263761286872,0.03366561075185654
lab009,F3,OFF->HOT,-3.0,236,19.911652542372885,-0.07285818957621787,1.6680274011299436,-0.16569476638048847,-0.06952232914794121,0.5249043976162933,-0.010906263336100395,-0.0009371942185240114,0.005923464416869455,-0.00018578648899013898,0.03416836594735529
lab009,F3,OFF->HOT,-2.0,236,19.84512711864407,-0.04878403568696389,1.6801627118644067,-0.15619442441273818,-0.06790255642395354,0.5232848707675891,-0.0014059213683501192,0.010863474473730173,0.005628473181461089,-0.0004807777243985046,0.03406294372898679
lab009,F3,OFF->HOT,-1.0,236,19.779449152542373,-0.050008350663204845,1.696186299435028,-0.1424528667961073,-0.07637687685451905,0.4978774208021554,0.01233563624828075,0.020872129349393094,0.005116592895742762,-0.0009926580101168316,0.032409059608087
lab009,F3,OFF->HOT,0.0,236,19.709110169491527,-0.0804579665326998,1.713326906779661,-0.127199542898546,-0.073038365280226,0.4618122586973763,0.027588960145842077,0.19326436849425074,0.0046993251675484194,-0.0014099257383111744,0.030061417518702966
lab009,F3,OFF->HOT,1.0,236,19.664936440677966,0.008556736022067572,2.031624399717514,0.18922014240584895,0.03805914205726041,2.0681121750523492,0.344008645450237,0.23583608075228496,0.004242569719028868,-0.0018666811868307256,0.13462263592812418
lab009,F3,OFF->HOT,2.0,236,19.76186440677966,0.15523209456183215,2.193058368644068,0.34841622068163774,0.11924136563555826,2.047070226596824,0.5032047237260259,0.06590083349078933,0.0036131145972992116,-0.002496136308560382,0.13325292175095443
lab009,F3,OFF->HOT,3.0,236,19.93622881355932,0.17947393515575485,2.165955790960452,0.3190001713267749,0.11524110836561968,1.4929220964510752,0.4737886743711629,-0.08560852963212985,0.002835476836869979,-0.003273774068989614,0.09718095095808699
lab009,F3,OFF->HOT,4.0,236,20.121398305084742,0.1843624403331654,2.1200338629943505,0.2700428988809571,0.12013571572532056,0.7905624126579858,0.4248314019253452,0.00782215009223996,0.0022348998768768552,-0.003874351028982738,0.05146122978315793
lab009,F3,OFF->HOT,5.0,236,20.27563559322034,0.11061194198713427,2.0294774011299435,0.1779657748217304,0.0760423047545471,0.7496411968676057,0.33275427786611844,-0.0786513267339101,0.0013082715454739648,-0.004800979360385629,0.04879748552327749
lab009,F3,OFF->HOT,6.0,236,20.320974576271187,-0.008340561595569805,1.9742061440677965,0.1215976006406909,0.023011744436309933,0.6185100245690835,0.276386103685079,-0.06067233137861646,0.0006699339031168361,-0.005439317002742757,0.0402615732646858
lab009,F3,OFF->HOT,7.0,236,20.280402542372883,-0.05738185158447157,1.9022508121468926,0.0481572746461253,-0.018220818112484938,0.6156452259043446,0.20294577769051336,0.011303212119327881,-0.0002663649269755365,-0.006375615832835129,0.04007509075551496
lab009,F3,OFF->HOT,8.0,236,20.214300847457626,-0.06891115433103112,1.8679473870056496,0.015155713979317484,-0.00900037340410198,0.5927171511193224,0.16994421702370555,0.0304907783801082,-0.000939175020047916,-0.007048425925907509,0.0385826002119405
lab009,F3,OFF->HOT,9.0,236,20.15190677966102,-0.06349467173812305,1.9574339689265536,0.10725550741725319,-0.011012709965782852,1.685912511343353,0.2620440104616413,-0.07050457405956302,-0.0018422763001752845,-0.007951527206034878,0.10974355693036851
lab009,F3,OFF->HOT,10.0,236,20.095550847457627,-0.05273376469447369,1.9227696327683617,0.07349496302158615,-0.02859454495093111,1.7029309306785427,0.22828346606597422,0.02136691857194949,-0.0025328552858958253,-0.008642106191755419,0.11085136167030017
lab009,F3,OFF->HOT,11.0,236,20.040572033898304,-0.05417829474069841,2.055777683615819,0.20564551627390218,-0.012326963003665647,2.3107296014160865,0.3604340193182902,0.09057844220164261,-0.003356183120897586,-0.009465434026757178,0.15041568518975676
lab009,F3,OFF->HOT,12.0,236,19.98771186440678,-0.05074644153997133,1.9641915254237288,0.11018571612286926,0.00043903215599688794,1.651597201822694,0.26497421916725733,0.02717295101799824,-0.004015808733022483,-0.010125059638882078,0.10750982054213626
lab009,F3,OFF->HOT,13.0,236,19.9760593220339,0.05387659336041583,1.9264038841807911,0.06864621210079389,0.09513291722977868,0.44523188087527443,0.22343471514518198,-0.03107221439363099,-0.004798152293207782,-0.010907403199067377,0.028982126852547942
lab009,F3,OFF->HOT,14.0,236,20.066313559322033,0.11746958742336283,1.9359721751412429,0.07492168677414181,0.10302839161825639,0.41996462742434093,0.22971018981852986,-0.031491393229241875,-0.005334787689807148,-0.01144403859566674,0.02733736874742119
lab009,F3,OFF->HOT,15.0,236,20.184110169491525,0.10135886840432276,1.9069586511299434,0.04174575816830348,0.05023659184039875,0.4015130346700522,0.19653426121269155,-0.013127524406107057,-0.006043147665402069,-0.012152398571261663,0.026136272364149938
lab009,F3,OFF->HOT,16.0,236,20.27563559322034,0.07569606818451233,1.88378915960452,0.014210627968002432,0.013476410710789755,0.3995393992784103,0.1689991310123905,-0.025071364964414908,-0.006498725557116625,-0.012607976462976218,0.026007799642994402
lab009,F3,OFF->HOT,17.0,236,20.321080508474576,0.00804559462109567,1.8647658898305084,-0.008689601172418121,-0.024297132621584727,0.4343246713984463,0.14609890187196994,-0.028858657939524277,-0.007130904585850794,-0.013240155491710388,0.028272127990733954
lab009,F3,OFF->HOT,18.0,236,20.28135593220339,-0.07264942299611102,1.860856391242938,-0.016531825505841286,-0.0400424656261672,0.4631815453953096,0.13825667753854676,0.016074206832760993,-0.007484799587726553,-0.013594050493586146,0.030150550490715196
lab009,F3,OFF->HOT,19.0,236,20.20529661016949,-0.08588522417490096,1.86627302259887,-0.014410560200280398,-0.03798760284919134,0.4726330588778152,0.14037794284410768,0.007237770101325051,-0.007890112142010006,-0.0139993630478696,0.030765791614419186
lab009,F3,OFF->HOT,20.0,236,20.121080508474577,-0.07521388472852286,1.88237468220339,-0.0024249014797111047,-0.025131739482781024,0.4626279655972141,0.15236360156467696,0.00452473705625244,-0.008229539867804711,-0.014338790773664307,0.03011451551518768
lab009,F3,OFF->HOT,21.0,236,20.050847457627118,-0.06098206493044697,1.8723866525423727,-0.015552962602951175,-0.03393199093033494,0.4496254858609661,0.1392355404414369,-0.003534190890375242,-0.008586986791290656,-0.01469623769715025,0.0292681261767315
lab009,F3,OFF->HOT,22.0,236,19.992796610169492,-0.05807886258579652,1.8709103107344633,-0.0202078304163907,-0.024056161940077925,0.43931557296219576,0.13458067262799736,0.008246890519182083,-0.008812958577899248,-0.014922209483758843,0.028597008010432468
lab009,F3,OFF->HOT,23.0,236,19.935063559322035,-0.048157735946642015,1.894701059322034,0.000796735606150441,-0.03804265190700007,0.5176713591569128,0.15558523865053853,-0.021810607489005575,-0.009157767712277925,-0.015267018618137519,0.03369753524730071
lab009,F3,OFF->HOT,24.0,236,19.899046610169492,-0.01639895158770389,1.923990324858757,0.027636201864308273,-0.014766259642610913,0.49753775215268203,0.18242470490869633,0.2043189946791222,-0.009241471504944967,-0.015350722410804561,0.03238694906230237
lab009,F3,OFF->HOT,25.0,236,19.925,0.07070250627646647,2.177107379943503,0.2780931960821271,0.06327002849094615,2.9912684074641573,0.4328816991265152,0.20082160391381215,-0.00965946611224401,-0.0157687170181036,0.194714988209551
lab009,F3,OFF->HOT,26.0,236,20.027542372881356,0.11092307153555253,2.324182062146893,0.4227775737642626,0.04371287122653578,4.189473738015898,0.5775660768086507,-0.24123566861545787,-0.009591949190451109,-0.015701200096310704,0.27271151176752556
lab009,F3,OFF->HOT,27.0,236,20.12701271186441,0.09510058508517732,2.1159650423728813,0.21164502951970152,0.02721970516897093,3.0037026140138066,0.36643353256408956,-0.21275019809083343,-0.009742950971642319,-0.01585220187750191,0.1955243861143557
lab009,F3,OFF->HOT,28.0,236,20.20762711864407,0.06757168101544163,1.8773641949152542,-0.028644506239982926,-0.02399187295977817,0.6584858028777193,0.12614399680440513,-0.17476943975186096,-0.009528092616276762,-0.015637343522136356,0.042863774786491865
lab009,F3,OFF->HOT,29.0,236,20.241525423728813,-0.004756510823536383,1.8251043785310734,-0.08224161811360767,-0.0824592007310812,0.5169530085767355,0.0725468849307804,-0.004792715844734863,-0.009364577269432222,-0.015473828175291816,0.03365077460743285
lab009,F3,OFF->HOT,30.0,236,20.2114406779661,-0.04568553557382542,1.8442848163841807,-0.0637387023553695,-0.08033897811089075,0.5298214568433333,0.09104980068901855,-0.017299681655123175,-0.008981651995855308,-0.015090902901714902,0.034488439240353566
lab010,F1,COLD->OFF,-30.0,317,15.32839116719243,-0.009497862810165536,2.1270900630914826,-0.004807701577129662,-0.017067287269312382,0.8285870641843085,-0.010685844312034912,0.09018662167824787,-0.0010576047564536182,-0.000255424332713946,0.046538085991368106
lab010,F1,COLD->OFF,-29.0,317,15.32429022082019,-0.004983134636131453,2.171128233438486,0.03971089097193592,-0.009776176443456122,1.062877992846494,0.033832748237030676,0.06509175527662932,-0.0012234197627608596,-0.0004212393390211874,0.05969717555042613
lab010,F1,COLD->OFF,-28.0,317,15.319558359621452,-0.006261351687219126,2.2403380126182966,0.11068064103147823,-0.01924586148807288,2.708276421785269,0.10480249829657297,0.1156173659880188,-0.0013771437963868503,-0.0005749633726471781,0.1521119583607234
lab010,F1,COLD->OFF,-27.0,317,15.313564668769715,-0.005735589331803916,2.358936119873817,0.22849788774896274,-0.010990163642383874,3.8189127366060065,0.2226197450140575,-0.06802593819563091,-0.001513654558719976,-0.0007114741349803039,0.2144915085111305
lab010,F1,COLD->OFF,-26.0,317,15.306940063091483,-0.007551859286875106,2.027220977917981,-0.10395268457747132,-0.0205072162768843,0.44474081141798777,-0.10983082731237656,-0.1601247707056199,-0.001651203982715323,-0.0008490235589756505,0.024979132574337745
lab010,F1,COLD->OFF,-25.0,317,15.30173501577287,-0.00080434812296,2.047426340694006,-0.08538981707422424,-0.021481118444009847,0.5951049578642577,-0.0912679598091295,0.04639582648168741,-0.0017304628741526065,-0.0009282824504129342,0.03342442442091506
lab010,F1,COLD->OFF,-24.0,317,15.299684542586752,-0.0019746814699496923,2.0928029968454256,-0.039853188573693195,-0.014243520385998711,0.6082095941590531,-0.04573133130859844,0.023011145845262492,-0.0018352838923188584,-0.0010331034685791861,0.03416045412392903
lab010,F1,COLD->OFF,-23.0,317,15.300473186119874,-0.0023433979269939986,2.0785517350157727,-0.05332636292530331,-0.012681072557973128,0.4393230670868488,-0.05920450566020855,-0.012342514972841416,-0.001920987751005188,-0.001118807327265516,0.024674841737007333
lab010,F1,COLD->OFF,-22.0,317,15.296687697160884,0.00011061493711321119,2.0769167192429023,-0.05470983019234694,-0.009297519849369185,0.4110806228971168,-0.06058797292725218,-0.012876020975505142,-0.0020002184073369157,-0.0011980379835972435,0.023088588037039115
lab010,F1,COLD->OFF,-21.0,317,15.29684542586751,-0.003119068103295465,2.066646529968454,-0.06586465316105815,-0.009053088272002323,0.39575172247985774,-0.0717427958959634,0.07421294723685036,-0.002047286835660894,-0.0012451064119212217,0.02222763121474815
lab010,F1,COLD->OFF,-20.0,317,15.292113564668771,-0.0016687833722533398,2.2397493690851733,0.10823727255398996,-0.0003243616697458354,2.6304826825934877,0.1023591298190847,0.2061372555127449,-0.0021087479462757685,-0.0013065675225360962,0.14774262666271865
lab010,F1,COLD->OFF,-19.0,317,15.291640378548895,0.002395291354281872,2.274832649842271,0.14447199042509654,0.0,2.624832198888908,0.13859384769019129,-0.04197034233538324,-0.00217573361273067,-0.0013735531889909978,0.14742526387985236
lab010,F1,COLD->OFF,-18.0,317,15.294794952681388,0.0016865363868518825,2.138165615141956,0.008469495650215129,0.0,0.46232141799589505,0.0025913529153098803,0.023559340607816583,-0.0022299417719720766,-0.0014277613482324041,0.025966557814325646
lab010,F1,COLD->OFF,-17.0,317,15.298422712933755,0.008673030439592088,2.2878536277602524,0.1587077617641332,-0.00012532983895414474,2.6683823741523094,0.15282961902922798,-0.08459278622419336,-0.002217268005879315,-0.0014150875821396427,0.1498712854133197
lab010,F1,COLD->OFF,-16.0,317,15.302523659305992,0.0043781665232769185,2.1654203470031548,0.03631848628398889,0.0,0.6427817259126237,0.030440343549083645,-0.04602915493960734,-0.0022062171272547717,-0.0014040367035150995,0.036102218496073146
lab010,F1,COLD->OFF,-15.0,317,15.306624605678232,0.006875879115626703,2.162477444794953,0.03222222814148391,0.020401761244597694,0.48283003016658094,0.026344085406578663,0.03117336483802441,-0.0021790176334644065,-0.001376837209724734,0.027118436232440434
lab010,F1,COLD->OFF,-14.0,317,15.318927444794953,0.012121212121212225,2.197245268138801,0.0677650918850638,0.027692626307851298,0.45399771449330406,0.06188694915015855,0.108221021748159,-0.0021496404310732318,-0.0013474600073335595,0.025499052049253665
lab010,F1,COLD->OFF,-13.0,317,15.328548895899052,0.012519972141423348,2.3241228706624604,0.195898828550806,0.020065603901472055,2.633238944455108,0.19002068581590079,-0.010293582062542984,-0.002112441232342843,-0.0013102608086031707,0.14789743375188927
lab010,F1,COLD->OFF,-12.0,317,15.346687697160883,0.013504581643382953,2.1719791798107253,0.04533517349170696,0.02119262133246913,0.40679059286441294,0.03945703075680171,-0.14053895430504376,-0.002026216245288475,-0.0012240358215488028,0.022847635944980973
lab010,F1,COLD->OFF,-11.0,317,15.357255520504731,0.01547653188031728,2.16302594637224,0.03930880013484476,0.03845131008943092,0.45049580913107967,0.03343065739993951,0.037469055374237156,-0.001956342667833022,-0.0011541622440933502,0.025302365448743838
lab010,F1,COLD->OFF,-10.0,317,15.377129337539433,0.016659155775875043,2.2150645110410094,0.09368602834609353,0.04136887261694522,0.5338203755001749,0.0878078856111883,0.03128456939674448,-0.001859250790978217,-0.0010570703672385447,0.029982339349489955
lab010,F1,COLD->OFF,-9.0,317,15.39353312302839,0.018007019268848852,2.1862302839116716,0.0661876217395522,0.044358275592350616,0.49156658247875845,0.060309479004646956,-0.023595317675835555,-0.0017050877197595205,-0.0009029072960198484,0.02760912989680805
lab010,F1,COLD->OFF,-8.0,317,15.411514195583596,0.010625862045420275,2.1945670347003152,0.07700233841068899,0.08937714286309159,0.4776043233604027,0.07112419567578374,0.010337303949623077,-0.0015177929819038924,-0.0007156125581642203,0.026824931297082785
lab010,F1,COLD->OFF,-7.0,317,15.421451104100948,0.014597074849440707,2.218876971608833,0.10331573846669456,0.08398797184248799,0.5174518641610985,0.09743759573178933,0.022375198607330598,-0.0013318295764155376,-0.0005296491526758655,0.029062992160551485
lab010,F1,COLD->OFF,-6.0,317,15.435962145110409,0.015301732967347834,2.20658738170347,0.0910659616363136,0.09135393742131993,0.47188884496742034,0.08518781890140836,-0.015083812165688232,-0.0010601915263603588,-0.00025801110262068657,0.026503918048829546
lab010,F1,COLD->OFF,-5.0,317,15.45820189274448,0.024911576331134538,2.20753738170347,0.09223092871609906,0.08028300980010405,0.48639603439455964,0.08635278598119381,0.011949670767271298,-0.0007785495899486639,2.3630833791008177e-05,0.027318722983924574
lab010,F1,COLD->OFF,-4.0,317,15.480126182965298,0.02293006677864712,2.161766403785489,0.04673461946254273,2.628400059640733e-05,0.4957514857860344,0.04085647672763749,-0.11846099800120002,-0.0005106233195776315,0.00029155710416204066,0.027844177483715885
lab010,F1,COLD->OFF,-3.0,317,15.507728706624604,0.01787318885110674,2.0316458990536277,-0.08337031505748206,-0.008894935386051602,0.4899845554651153,-0.08924845779238733,-0.14995875884182064,-0.0001222186778288536,0.0006799617459108187,0.02752027440728376
lab010,F1,COLD->OFF,-2.0,317,15.514826498422712,-0.001756182828738377,1.9086339116719244,-0.20646895504378993,-0.05239034009832525,0.47046860149031594,-0.21234709777869518,-0.0525824231511625,0.0002505872936822196,0.0010527677174218917,0.02642414922799811
lab010,F1,COLD->OFF,-1.0,317,15.507255520504732,-0.013227361492345492,1.8939365930599368,-0.2216025393276602,-0.14069345837492808,0.4359466353493436,-0.22748068206256541,-0.001916583583050263,0.0006131526516937345,0.0014153330754334067,0.02448520243736573
lab010,F1,COLD->OFF,0.0,317,15.452996845425869,-0.04489600830294784,1.9075394321766563,-0.2088874737736459,-0.164338866985563,0.48760751270343405,-0.21476561650855114,0.04216699621164421,0.001032540036492881,0.001834720460232553,0.027386766384735542
lab010,F1,COLD->OFF,1.0,317,15.441640378548897,-0.011747033198136955,1.9152990536277603,-0.20216740209746906,-0.15518502186832261,0.4320116283866358,-0.20804554483237428,-0.039645454382422306,0.0014473095937653205,0.0022494900175049925,0.024264190427496373
lab010,F1,COLD->OFF,2.0,317,15.413406940063092,-0.03691124858317271,1.9006897476340694,-0.21713840489719377,-0.14353532134019792,0.3747533431295937,-0.22301654763209902,0.02318583284419339,0.001884836764164294,0.0026870171879039666,0.021048244731272245
lab010,F1,COLD->OFF,3.0,317,15.378391167192428,-0.03848853564941915,1.9136698738170346,-0.20338686543041573,-0.1411609192293355,0.3567334513686215,-0.20926500816532098,0.022379725268303306,0.00226221955443378,0.003064399978173452,0.020036146777325996
lab010,F1,COLD->OFF,4.0,317,15.340378548895897,-0.03125486500880822,1.936207097791798,-0.18157505916589037,-0.08017192244193483,0.3370487056815196,-0.18745320190079562,0.015429995109603653,0.0025842140611590015,0.0033863944848986738,0.018930541310981437
lab010,F1,COLD->OFF,5.0,317,15.314037854889591,-0.02619525584825264,1.9608395899053628,-0.15666110835753588,-0.06003551051640699,0.32429479102136455,-0.16253925109244116,0.061343366464466566,0.0029245644712698935,0.0037267448950095657,0.01821421009747743
lab010,F1,COLD->OFF,6.0,317,15.289274447949527,-0.02181435809196041,2.0019436908517347,-0.11507812851853393,-0.04671489961820532,0.7519097959557298,-0.12095627125343916,0.12245822367294425,0.003192460114214866,0.003994640537954539,0.04223146155001544
lab010,F1,COLD->OFF,7.0,317,15.270504731861198,-0.01319322107965632,2.1330873817034703,0.01707040612617002,-0.03760615698782299,2.631041480154427,0.011192263391264771,-0.022643013207112764,0.003455885643075932,0.004258066066815604,0.1477740118605655
lab010,F1,COLD->OFF,8.0,317,15.259148264984226,-0.011581793600720966,2.0095260252365934,-0.1055101052488399,-0.017794309301451428,0.34076506039211646,-0.11138824798374516,-0.09358001748036414,0.0036702416203925653,0.004472422044132238,0.01913927258687511
lab010,F1,COLD->OFF,9.0,317,15.248895899053627,-0.00567277097245538,2.025309936908517,-0.08887929856929591,-0.01775015855156139,0.3975488176446541,-0.09475744130420115,0.06493135343772029,0.0038435966758788333,0.0046457770996185055,0.022328566135083043
lab010,F1,COLD->OFF,10.0,317,15.244164037854889,-0.004413672552473736,2.089835015772871,-0.02374226455442455,-0.010139943239761723,0.44556744914308766,-0.0296204072893298,0.03226413395121914,0.003909118440424569,0.004711298864164242,0.025025561174538354
lab010,F1,COLD->OFF,11.0,317,15.24447949526814,0.0021972769606838924,2.10491214511041,-0.008426109545540766,-0.007606005344921377,0.42277860153931984,-0.014304252280446014,0.15655754292089383,0.003999659520098675,0.004801839943838347,0.02374561197514749
lab010,F1,COLD->OFF,12.0,317,15.246529968454258,0.001050159094323136,2.287148264984227,0.17386246615297324,-0.002341938482682868,2.692997967751742,0.167984323418068,-0.006977880240626759,0.004033259844623711,0.004835440268363384,0.15125383488962213
lab010,F1,COLD->OFF,13.0,317,15.249842271293375,0.006926406926407045,2.145126340694006,0.031790747097853206,0.0,0.6770537401570926,0.025912604362947962,-0.07813272419753083,0.004091774391283024,0.004893954815022696,0.038027126589559514
lab010,F1,COLD->OFF,14.0,317,15.254416403785488,0.005487047127425685,2.1162298107255517,0.0028404185260361686,-0.0001951439143958348,0.46722146612276755,-0.0030377242088690786,0.006753094993994846,0.004099586802960417,0.004901767226700089,0.026241771935987954
lab010,F1,COLD->OFF,15.0,317,15.261198738170348,0.007067065426687072,2.1371900630914826,0.023658764937901165,0.0,0.420819994560664,0.017780622202995915,0.03323933294772415,0.004057582000467228,0.004859762424206901,0.02363560564758587
lab010,F1,COLD->OFF,16.0,317,15.27192429022082,0.01025577997186847,2.1246171924290222,0.010990593276637503,-0.00032708904339541934,0.37413256496792147,0.005112450541732251,0.03936211114109375,0.004011349094713057,0.004813529518452729,0.02101337835606772
lab010,F1,COLD->OFF,17.0,317,15.280441640378548,0.011835798271129556,2.1456485804416405,0.032036109249225814,-0.00013935147180121882,0.47653331001254745,0.02615796651432057,0.0024863048376486266,0.003931627042023714,0.0047338074657633875,0.02676477719447263
lab010,F1,COLD->OFF,18.0,317,15.2903785488959,0.008007975200404137,2.167352208201893,0.05343512150877805,-8.401719738738135e-06,0.7203881987521457,0.047556978773872806,0.03563720380662706,0.003852557007115179,0.004654737430854852,0.04046103226786174
lab010,F1,COLD->OFF,19.0,317,15.302208201892745,0.013144058885383777,2.1860443217665613,0.07178027302471622,0.0,0.7385745536685343,0.06590213028981096,-0.03096530603274902,0.003703422158703249,0.004505602582442921,0.041482479724082436
lab010,F1,COLD->OFF,20.0,317,15.309305993690852,0.010640883827003678,2.1566433753943217,0.042156423310945865,0.0,0.46489775874680667,0.036278280576040614,0.0007852963851746342,0.0036452672316611414,0.004447447655400814,0.026111259527146886
lab010,F1,COLD->OFF,21.0,317,15.32397476340694,0.012954238190831253,2.1658299684542586,0.049908032178374105,0.0,0.4718807078466874,0.044029889443468855,-0.09380043420625613,0.0035111673991294343,0.0043133478228691065,0.026503461022596868
lab010,F1,COLD->OFF,22.0,317,15.332018927444794,0.008048943695631436,2.1481307570977917,0.03155926329983493,0.005547090106845065,0.3932739943764601,0.025681120564929688,-0.024735033473965492,0.0033907533673385353,0.0041929337910782075,0.022088468140011204
lab010,F1,COLD->OFF,23.0,317,15.345425867507887,0.013090799841588573,2.124757413249211,0.00773980803029275,0.004870716816718176,0.4135581236790304,0.001861665295387502,-0.020113556752677467,0.003264064028853239,0.00406624445259291,0.02322773834412951
lab010,F1,COLD->OFF,24.0,317,15.354258675078865,0.008219645759077885,2.0936738170347002,-0.02394187835815884,0.0,0.3934839455157053,-0.02982002109306409,0.0020721604941932002,0.0031169569581397556,0.003919137381879428,0.022100260170800145
lab010,F1,COLD->OFF,25.0,317,15.363406940063092,0.008480478512024256,2.1036791798107255,-0.011903981476024195,-0.0002895762142469628,0.4150649293218301,-0.017782124210929447,-0.021883004445316614,0.003012895179374351,0.0038150756031140234,0.02331236898055626
lab010,F1,COLD->OFF,26.0,317,15.373028391167193,0.007198164611413821,2.0874880126182966,-0.02799857390370972,-0.0010816470665423361,0.4066330247693897,-0.033876716638614975,-0.014141857219980243,0.0028864804883112004,0.003688660912050872,0.02283878603907168
lab010,F1,COLD->OFF,27.0,317,15.378233438485804,-0.0019897032515328143,2.0597304416403786,-0.05517125551902916,-0.0012053262179058833,0.4025679465820684,-0.06104939825393442,-0.015139813434078013,0.00279993726480993,0.003602117688549602,0.022610468501397554
lab010,F1,COLD->OFF,28.0,317,15.375552050473187,-0.0001761645294768434,2.0803307570977916,-0.03680086219337454,-0.0056149927769065635,0.40812161524073487,-0.04267900492827979,0.021019354154895996,0.0026381874813805797,0.0034403679051202515,0.02292239360954418
lab010,F1,COLD->OFF,29.0,317,15.375078864353311,0.00046704084558970416,2.090998422712934,-0.027596459556961207,-0.005427355878627159,0.4100991892026579,-0.03347460229186646,-0.006629531239978826,0.0025268086406233592,0.0033289890643630315,0.02303346522901831
lab010,F1,COLD->OFF,30.0,317,15.377129337539433,0.0006582271566499162,2.0805354889589904,-0.03673416069264064,-0.0030181990667216274,0.393873367737546,-0.04261230342754589,-0.009816967402705691,0.0023451142502812746,0.003147294674020947,0.022122132301841454
lab010,F1,OFF->COLD,-30.0,356,15.330337078651686,-0.007191497640935865,1.8484164325842696,-0.014320739629275494,-0.00638740417654635,0.3992453527325949,-0.11337506800136479,0.017049226859159963,-0.00021326621838424026,0.0004348563721427235,0.021159961374947103
lab010,F1,OFF->COLD,-29.0,356,15.32120786516854,-0.005543800768519896,1.866729915730337,0.0051556625202687605,-0.0051843468132573775,0.3767409078482924,-0.09389866585182054,0.0071360368311886345,-0.00021147012806663505,0.0004366524624603287,0.01996722818154307
lab010,F1,OFF->COLD,-28.0,356,15.313483146067417,-0.008988764044943878,1.8486261235955057,-0.013044830557333869,-0.005076283248454308,0.3838141403818428,-0.11209915892942317,-0.029213749424275914,-0.00024013185547310694,0.0004079907350538568,0.020342108756060844
lab010,F1,OFF->COLD,-27.0,356,15.306460674157304,-0.00737754754608684,1.8147171348314608,-0.04728135702882815,-0.008533323452187967,0.4085106609881442,-0.14633568540091746,0.07761694480566268,-0.0002508153251757587,0.00039730726535120505,0.021651021730371485
lab010,F1,OFF->COLD,-26.0,356,15.297752808988765,-0.006330560824942959,1.975911095505618,0.11312673703027078,-0.009633147663434614,2.6343995154780453,0.014072408658181471,0.1486780869770036,-0.0002824124787765619,0.00036571011175040184,0.1396228950748255
lab010,F1,OFF->COLD,-25.0,356,15.296769662921347,-0.006531202879517623,1.8881910112359552,0.024889156365736926,-0.01817441716026516,1.2731803003909485,-0.07416517200635238,-0.19072863792625575,-0.0003312624795817919,0.0003168601109451719,0.06747842096401331
lab010,F1,OFF->COLD,-24.0,356,15.290730337078651,-0.006379201323021667,1.7827716292134832,-0.08016271179092876,-0.03236509446046392,0.96006716085181,-0.17921704016301807,-0.035640560365310145,-0.0003559097171910335,0.0002922128733359302,0.05088345775833218
lab010,F1,OFF->COLD,-23.0,356,15.28314606741573,-0.005811323507952567,1.7660904494382024,-0.09554570203138073,-0.02428508706633212,0.5639621415871733,-0.19460003040347001,-0.046034442938231473,-0.0003809054028668878,0.00026721718766007594,0.029889933724312517
lab010,F1,OFF->COLD,-22.0,356,15.273455056179776,-0.00886837881219901,1.7774370786516855,-0.08312947957180852,-0.022029844581779784,0.4057736031432456,-0.18218380794389785,0.0567800985322929,-0.00038856752580345924,0.00025955506472350457,0.021505957954719122
lab010,F1,OFF->COLD,-21.0,356,15.26376404494382,-0.0061797752808989345,1.928798595505618,0.06778561138470836,-0.014143057271629234,2.4859963116413546,-0.03126871698738096,0.012022762088322515,-0.00040143331756212143,0.00024668927296484227,0.13175754100217332
lab010,F1,OFF->COLD,-20.0,356,15.264044943820224,-0.000908361301619832,1.8130237359550563,-0.04996354854391907,-0.011257891894414684,0.3506350442621753,-0.14901787691600837,-0.10514553266624256,-0.000405198747000423,0.00024292384352654083,0.0185836201786921
lab010,F1,OFF->COLD,-19.0,356,15.257022471910112,-0.004456685636460883,1.7989903089887642,-0.06457926431695508,-0.011531926774387996,0.3974750400076387,-0.1636335926890444,-0.0010800402533653233,-0.0004219215175388335,0.00022620107298813017,0.02106613498817701
lab010,F1,OFF->COLD,-18.0,356,15.255477528089887,-0.0023882484556641565,1.8181574438202248,-0.04663281064421447,-0.00937610111706948,0.40452516345394357,-0.14568713901630378,0.014101679556196903,-0.00042880185833614216,0.00021932073219082163,0.021439790783520322
lab010,F1,OFF->COLD,-17.0,356,15.253370786516854,-0.0014166545065421089,1.8160921348314607,-0.05001021314475339,-0.009347751431825927,0.35170724857929025,-0.14906454151684267,0.001990563508294617,-0.0004409939424354199,0.00020712864809154392,0.018640446893845877
lab010,F1,OFF->COLD,-16.0,356,15.254775280898876,0.0035556204095529248,1.8316483146067417,-0.035843246234965494,-0.007228887984460371,0.31527297355908895,-0.1348975746070548,0.01469945404650319,-0.0004644530146924391,0.00018366957583452464,0.016709434179796773
lab010,F1,OFF->COLD,-15.0,356,15.259129213483146,0.0031409601634318812,1.8495112359550563,-0.017910695548910612,-0.005189616006996789,0.33404108613679373,-0.11696502392099992,0.0182868805750804,-0.0005002945745580544,0.00014782801596890932,0.017704142157001165
lab010,F1,OFF->COLD,-14.0,356,15.262219101123595,0.003378082591565725,1.8749042134831462,0.007761577501154736,-2.8563133482781924e-05,0.3297878676348092,-0.09129275087093457,0.030171279884098047,-0.0005275068326786656,0.00012061575784829825,0.017478722027235792
lab010,F1,OFF->COLD,-13.0,356,15.264606741573033,0.005059827812636763,1.9031560393258427,0.03593920801053321,0.0,0.3299276923531818,-0.06311512036155609,0.013667800957118172,-0.0005530655880888748,9.505700243808892e-05,0.017486132722488164
lab010,F1,OFF->COLD,-12.0,356,15.274297752808987,0.010116007587917624,1.9052186797752808,0.03796648718764625,0.0,0.3475956214904089,-0.06108784118444306,0.00032148514707017965,-0.000550891768058661,9.723082246830274e-05,0.01842253109396633
lab010,F1,OFF->COLD,-11.0,356,15.284831460674157,0.010118439612821715,1.9142032303370788,0.046661016143963986,0.0,0.3641000472862113,-0.05239331222812532,0.05981883910258228,-0.0005801611246737935,6.796146585317031e-05,0.019297263911679973
lab010,F1,OFF->COLD,-10.0,356,15.292837078651685,0.01172479206187093,2.0283516853932584,0.16082751451996083,0.010474608387659724,2.4811268356530816,0.061773186147871514,0.10103132750665275,-0.0006091588552488865,3.89637352780772e-05,0.13149945929095774
lab010,F1,OFF->COLD,-9.0,356,15.309269662921348,0.018116153509412113,1.925413904494382,0.05970049974589181,0.03335614078004907,0.35059820967584915,-0.0393538286261975,-0.1088601039680813,-0.0006533363759192242,-5.213785392260314e-06,0.01858166794952127
lab010,F1,OFF->COLD,-8.0,356,15.324719101123597,0.01727832093000665,1.925838342696629,0.06173283707828406,0.027536812649702126,0.402572246708973,-0.03732149129380525,0.040937700717399085,-0.0006763095944626615,-2.8187003935697793e-05,0.021336286403045437
lab010,F1,OFF->COLD,-7.0,356,15.344943820224719,0.02170947030497593,1.9687785112359548,0.10608316551338458,0.03908357412820117,0.5189660863364944,0.007028837141295279,0.02922406053885559,-0.0006989451120064123,-5.0822521479448506e-05,0.027505147565594086
lab010,F1,OFF->COLD,-6.0,356,15.363904494382023,0.02378641957293634,1.9654188202247191,0.10575435622495263,0.04123107519654139,0.4046303708361221,0.006700027852863325,0.0016134175978683894,-0.0007228749995733881,-7.47524090464243e-05,0.021445366763623835
lab010,F1,OFF->COLD,-5.0,356,15.390870786516855,0.01947808745561541,1.9674891853932583,0.10995376886087295,0.043738735516688484,0.3642101115395467,0.010899440488783652,0.001718233716618493,-0.0007358681655526138,-8.774557502564997e-05,0.01930309730543997
lab010,F1,OFF->COLD,-4.0,356,15.409129213483148,0.012971204825137314,1.9575035112359551,0.09980459660471624,0.058365812096158376,0.36211856692602046,0.0007502682326269481,-0.023098117649512254,-0.0007082021952562013,-6.0079604729237604e-05,0.019192245662626145
lab010,F1,OFF->COLD,-3.0,356,15.414325842696629,0.0023882484556642263,1.9458391853932584,0.08706615163052893,0.0452993950558625,0.3637401574734051,-0.011988176741560365,0.011832063042619606,-0.0006365610556157292,1.1561534911234586e-05,0.019278189789749448
lab010,F1,OFF->COLD,-2.0,356,15.413904494382024,-0.0007916241062307565,1.9655009831460675,0.1056897877312393,0.05168085184538396,0.3873488335363641,0.006635459359149995,0.015790937805578074,-0.0005835972366289272,6.452535389803656e-05,0.020529447118574122
lab010,F1,OFF->COLD,-1.0,356,15.414466292134833,-0.0015796001751061399,1.9547480337078653,0.09393060581106173,0.024568015083444333,0.3675034762967739,-0.005123722561027578,0.026538595133828256,-0.0004563723150055933,0.00019175027552137045,0.019477645288477397
lab010,F1,OFF->COLD,0.0,356,15.441292134831462,0.036192178607908645,1.9732926966292135,0.11169131027873541,0.0235647197839311,0.40869176622956116,0.012636981906646111,0.007462281314763092,-0.0003209343075945778,0.000327188282932386,0.021660620288969486
lab010,F1,OFF->COLD,1.0,356,15.47317415730337,0.04580840507806813,2.0023393258426965,0.1398600535372386,0.0,0.5193082309896541,0.04080572516514929,-0.029088080260814587,-0.00014448844991882275,0.0005036341406081411,0.027523281195944323
lab010,F1,OFF->COLD,2.0,356,15.52008426966292,0.03555863612043402,1.8015275280898877,-0.06223812888210576,-0.016076415144000232,0.559870091234101,-0.16129245725419505,-0.27480317630729084,8.043815168338224e-05,0.0007285607422103461,0.029673055489355723
lab010,F1,OFF->COLD,3.0,356,15.534269662921348,-0.003891239846295994,1.6215942415730338,-0.24360771697367734,-0.17165867713401295,0.4662219581812463,-0.34266204534576666,-0.09015306073602991,0.00031322977071034796,0.0009613523612373118,0.024709714364226747
lab010,F1,OFF->COLD,4.0,356,15.517837078651686,-0.029095529938226707,1.5965224719101123,-0.2704871634920658,-0.21433366272201737,0.35338261781918295,-0.36954149186415514,0.00942194574119589,0.0005524183049706895,0.0012005408954976534,0.018729241285971584
lab010,F1,OFF->COLD,5.0,356,15.47752808988764,-0.047340580767547005,1.6107792134831462,-0.2580539599595827,-0.17386521706353125,0.367177550322415,-0.357108288331672,0.030739230279890416,0.0007823236467625435,0.0014304462372895074,0.019460371246384424
lab010,F1,OFF->COLD,6.0,356,15.43314606741573,-0.043297339364754835,1.6671737359550562,-0.20347304840068642,-0.09188879602252342,0.3757438857988778,-0.30252737677277575,0.03704447098633185,0.0010813715906258289,0.0017294941811527925,0.019914386118608116
lab010,F1,OFF->COLD,7.0,356,15.388623595505619,-0.04401235468651211,1.6980463483146067,-0.17422567547006557,-0.05830202332357856,0.330132921238645,-0.2732800038421549,0.035245514344493335,0.0013385346155028424,0.0019866572060298062,0.017497009831663517
lab010,F1,OFF->COLD,8.0,356,15.346629213483146,-0.03756627267863234,1.7289250702247192,-0.14222866097753373,-0.05366576459348649,0.30853850886811224,-0.241282989349623,0.023032502737590676,0.001571363292087783,0.0022194858826147467,0.016352508265026124
lab010,F1,OFF->COLD,9.0,356,15.315168539325843,-0.030783355221557618,1.7332498595505619,-0.1378682254938728,-0.05490668080576095,0.313188255816155,-0.2369225538659621,0.010174165379270897,0.0017505785928488612,0.002398701183375825,0.016598944360400693
lab010,F1,OFF->COLD,10.0,356,15.288483146067415,-0.02341067172527858,1.7842422752808988,-0.08704711273039525,-0.02959204270384843,0.6805064395769744,-0.18610144110248455,0.03853174185548471,0.0019418700270622286,0.0025899926175891926,0.03606676916411345
lab010,F1,OFF->COLD,11.0,356,15.260393258426966,-0.01975898633201997,1.7874154494382022,-0.08354349424114933,-0.024756993287272242,0.7149191101183257,-0.18259782261323865,0.0071657290213782854,0.0020869251331975475,0.0027350477237245113,0.03789063705507293
lab010,F1,OFF->COLD,12.0,356,15.246488764044944,-0.011608054866481865,1.795983988764045,-0.0746473255393658,-0.02314379061574398,0.7566260858148866,-0.1737016539114551,0.11230355697179016,0.0022191270666687994,0.0028672496571957628,0.0401011023460645
lab010,F1,OFF->COLD,13.0,356,15.237921348314606,-0.00874312952964632,1.9422375,0.07182116338110764,-0.020283709582219568,2.562360825997844,-0.027233164990981672,-0.013261651548995633,0.002292393229775661,0.0029405158203026248,0.135804852168453
lab010,F1,OFF->COLD,14.0,356,15.230898876404494,-0.003620069069507251,1.934708356741573,0.06434104323353791,-0.009981673284218761,2.478151726890308,-0.03471328513855139,0.08573103137887034,0.002350006619231449,0.002998129209758413,0.13134177884189133
lab010,F1,OFF->COLD,15.0,356,15.224859550561797,-0.00276642832822592,1.9679155898876404,0.09729493101909875,-0.005159170847246767,2.173436684474451,-0.0017593973529905628,-0.09267708899912107,0.0023662501185164504,0.003014372709043414,0.1151919138935485
lab010,F1,OFF->COLD,16.0,356,15.226685393258427,0.00035629164842640107,1.8927342696629212,0.02167921910927571,-0.0023481506757676166,0.45361180410920177,-0.0773751092628136,0.010094675705277074,0.0023555611289888837,0.0030036837195158476,0.024041377535080708
lab010,F1,OFF->COLD,17.0,356,15.227387640449438,0.0020489809815651154,1.8897865168539325,0.017944838903856505,-0.002938343848351202,0.3589701030648778,-0.08110948946823279,0.02794556157281541,0.002333350425272168,0.0029814730157991316,0.019025377411721753
lab010,F1,OFF->COLD,18.0,356,15.232724719101125,0.005975485188968299,1.8918087078651684,0.01917409550565725,-0.0035685237153645862,0.4004614551351146,-0.07988023286643205,-0.005212554777922035,0.0022822985553280833,0.002930421145855047,0.021224414673374176
lab010,F1,OFF->COLD,19.0,356,15.23553370786517,0.007930833211731972,1.9157146067415731,0.04227035692797493,-0.0003728597990517796,0.6323851301596605,-0.05678397144411437,0.0016384673270730496,0.0022293876772439742,0.002877510267770938,0.033516344865839306
lab010,F1,OFF->COLD,20.0,356,15.244241573033708,0.008510871151320678,1.9211141853932585,0.04700114195455435,-0.0005886298602215058,0.698930871536396,-0.05205318641753496,-0.026067602144937283,0.0021242393483838916,0.0027723619389108554,0.037043262104978866
lab010,F1,OFF->COLD,21.0,356,15.253932584269663,0.01074955007539289,1.8905505617977527,0.016103642308675996,-0.0013794394541956528,0.4376865115384318,-0.0829506860634133,0.009354513677732029,0.002075293796548373,0.002723416387075337,0.02319733871690585
lab010,F1,OFF->COLD,22.0,356,15.266573033707864,0.009876453134880019,1.9228904494382022,0.047138269468354706,-0.00014780072452749165,0.5252849866057729,-0.0519160589037346,-0.07551255854621806,0.0019933463273355467,0.0026414689178625105,0.02784004861006443
lab010,F1,OFF->COLD,23.0,356,15.271910112359551,0.008715161243251094,1.890129775280899,0.013399603180535749,-0.00014772977011324965,0.4413664403075376,-0.08565472519155355,-0.0005831569408499409,0.001864092311373263,0.002512214901900227,0.023392374551597175
lab010,F1,OFF->COLD,24.0,356,15.28202247191011,0.01245075149569522,1.9075758426966292,0.029889249523161666,0.0,0.4456945313890443,-0.06916507884892764,-0.012279612603572356,0.0017152556805496535,0.0023633782710766175,0.023621762920140753
lab010,F1,OFF->COLD,25.0,356,15.293539325842696,0.011041393063864926,1.898131179775281,0.018869498364856786,0.0,0.34478096421367577,-0.08018483000723252,-0.004455623060127543,0.0015796304466657977,0.0022277530371927617,0.01827335455665225
lab010,F1,OFF->COLD,26.0,356,15.303370786516854,0.011321075927817533,1.8963863764044944,0.016021418953891902,0.0,0.3802046407963257,-0.08303290941819741,0.0014137469919430162,0.0014713547773708183,0.0021194773678977824,0.020150805660634246
lab010,F1,OFF->COLD,27.0,356,15.317977528089887,0.013483146067415751,1.9072073033707864,0.025401088195583132,0.0,0.3792260477026255,-0.07365324017650617,0.0013463432252817686,0.0013596913255224823,0.002007813916049446,0.02009894033039869
lab010,F1,OFF->COLD,28.0,356,15.330056179775282,0.013753100831752584,1.8927010533707864,0.012106786042215295,0.0,0.37766941107226415,-0.086947542329874,-0.025875651390266787,0.0012075040278356982,0.001855626618362662,0.020016438753992526
lab010,F1,OFF->COLD,29.0,356,15.34058988764045,0.008306581059390273,1.8727189606741572,-0.007097726707819219,0.0,0.3965990419157952,-0.10615205507990852,0.10298628877859119,0.001087140963055256,0.00173526355358222,0.021019707182164823
lab010,F1,OFF->COLD,30.0,356,15.351404494382024,0.010209640546719146,1.9972085674157305,0.11822271529055847,-0.0010866926229426122,2.4874915616346236,0.019168386918469157,-0.02387985108042939,0.0009443990227608344,0.001592521613287798,0.13183678909332056
lab011,F2,COLD->OFF,-30.0,371,19.678571428571427,-0.08216123499142385,8.208737264150944,-1.8099278004644819,-0.9170035587794113,3.9099239743450687,-3.3833317471724573,-1.2693889677207595,-0.0015531600128871985,-0.0004046163266371552,0.20299313842026728
lab011,F2,COLD->OFF,-29.0,371,19.586522911051215,-0.10239670482258062,7.71193679245283,-2.335173584911013,-1.6440641675609733,3.3595975217613283,-3.9085775316189886,-0.11402500584580015,-0.0010891808593556731,5.9362826894370364e-05,0.17442161260578434
lab011,F2,COLD->OFF,-28.0,371,19.480458221024257,-0.10270825311256575,7.734823180592992,-2.3377637646624434,-1.6809187142661646,3.3713018025594907,-3.9111677113704184,-0.0847509743829676,-0.0005497455612681782,0.0005987981249818651,0.1750292685877831
lab011,F2,COLD->OFF,-27.0,371,19.38544474393531,-0.08714717447871098,7.55685154986523,-2.535716781105538,-1.9761287790727025,3.5296666553582483,-4.109120727813513,0.008005242557255276,2.1032287191769513e-05,0.001169575973441813,0.18325116208136905
lab011,F2,COLD->OFF,-26.0,371,19.299595687331536,-0.07988471546422997,7.657798113207547,-2.4441291642348806,-1.9020407688117753,3.731647703829686,-4.017533110942856,0.20923195759904467,0.00043805827324436026,0.0015866019594944036,0.1937374956263841
lab011,F2,COLD->OFF,-25.0,371,19.235175202156334,-0.05628522420975262,8.263880862533693,-1.8364492373626387,-1.3249041561417014,3.759745537933429,-3.409853184070614,0.7699345310650022,0.0006253369661705863,0.0017738806524206297,0.19519626248859304
lab011,F2,COLD->OFF,-24.0,371,19.185714285714283,-0.03270323566819569,9.150568800539084,-0.9346107708548214,-0.21733673169085965,4.059189590639634,-2.5080147175627965,1.6069154662974263,0.0006854851813587595,0.0018340288676088029,0.210742623092778
lab011,F2,COLD->OFF,-23.0,371,19.17641509433962,0.00856582770329418,11.144572708894879,1.0856651808685909,0.16058621480678026,4.203049605329225,-0.4877387658393846,1.7945994673166887,0.0003852185059512864,0.0015337621922013299,0.21821146291335722
lab011,F2,COLD->OFF,-22.0,371,19.216307277628033,0.08588114491079449,12.805128706199461,2.773193186180216,2.565191468507563,4.076342832178457,1.199789239472241,1.1580192431758927,-0.00015773148966333577,0.0009908121965867076,0.21163317502087012
lab011,F2,COLD->OFF,-21.0,371,19.338140161725068,0.14347557204700045,13.33494703504043,3.328177838103298,3.3783796496661758,3.8719321216593285,1.7547738913953226,0.23050154313799878,-0.0009130354782551585,0.00023550820799488482,0.2010206997074735
lab011,F2,COLD->OFF,-20.0,371,19.504716981132077,0.1805159799768963,13.544980188679245,3.5601550336070016,3.5256055363375847,4.140686433338542,1.9867510868990264,-0.21425068096195224,-0.0016037841973526878,-0.00045524051110264446,0.21497372834682968
lab011,F2,COLD->OFF,-19.0,371,19.670889487870618,0.15643924808345258,12.997617654986522,3.026904422991319,3.116393305647387,3.9695542397109342,1.4535004762833437,-0.8467720476475341,-0.0022192669076809327,-0.0010707232214308895,0.2060889875444125
lab011,F2,COLD->OFF,-18.0,371,19.80134770889488,0.10190079462316666,11.74264474393531,1.769638506850807,0.46226034470567345,4.104485152008312,0.19623456014283172,-0.9656007001746664,-0.0027042020404145534,-0.00155565835416451,0.21309425146690153
lab011,F2,COLD->OFF,-17.0,371,19.86698113207547,0.030800107349973127,10.763826415094341,0.777663446639644,0.06638385630450294,4.279179245323046,-0.7957405000683313,-1.6790799549230746,-0.0028632972419560475,-0.0017147535557060038,0.22216391688702802
lab011,F2,COLD->OFF,-16.0,371,19.856603773584908,-0.062131130325200616,9.02749076819407,-0.9847831357981883,-0.5037782659528709,3.908034205649848,-2.558187082506164,-1.797836070727861,-0.0027300826841915767,-0.0015815389979415327,0.20289502651813102
lab011,F2,COLD->OFF,-15.0,371,19.766442048517522,-0.11514918145645897,7.465978167115903,-2.5733247283898395,-2.256033489286925,3.504910814440081,-4.1467286750978145,-0.8077537057618893,-0.0022693030778295257,-0.0011207593915794824,0.18196590286017064
lab011,F2,COLD->OFF,-14.0,371,19.631266846361186,-0.13228317055810296,7.30083436657682,-2.76054482398079,-2.270433708780275,3.0591373125017105,-4.333948770688766,-0.009817283777706435,-0.0015651796826195493,-0.00041663599636950594,0.1588224957819754
lab011,F2,COLD->OFF,-13.0,371,19.50633423180593,-0.1186427229553913,7.135182345013477,-2.941239894879281,-2.4433404838406014,3.2610066770440573,-4.514643841587256,0.019426579092303043,-0.0008745469659092491,0.0002739967203407943,0.16930303098629995
lab011,F2,COLD->OFF,-12.0,371,19.385714285714286,-0.11682827504929928,7.29835128032345,-2.784011132418576,-2.270684847735181,3.1472907890184594,-4.357415079126552,-0.027944592864437092,-0.00015668149020794245,0.000991862196042101,0.16339919624423685
lab011,F2,COLD->OFF,-11.0,371,19.283153638814017,-0.09355083371255908,7.323127088948787,-2.75793447226049,-2.2860341590153928,3.4412027687993616,-4.331338418968466,0.15513112067366627,0.000469775450737049,0.0016183191369870925,0.17865834593269933
lab011,F2,COLD->OFF,-10.0,371,19.187466307277628,-0.08526154887340834,7.740753706199461,-2.3270198861763185,-1.554480652040743,3.404946600241611,-3.900423832884294,0.806442499010772,0.0008427782901317137,0.001991321976381757,0.17677601944990248
lab011,F2,COLD->OFF,-9.0,371,19.11765498652291,-0.05228877142623813,9.276794070080863,-0.7632925729358099,-0.06619625403974871,3.76693400859939,-2.336696519643785,2.1438052244859795,0.0008587005385360916,0.002007244224786135,0.19556946929018304
lab011,F2,COLD->OFF,-8.0,371,19.097035040431265,0.01990758567577962,11.684699326145552,1.6743831350926832,0.3917965835825754,3.9792158753025157,0.10097918838470783,2.2928022237424788,0.000592888250137594,0.0017414319363876372,0.20659059467127142
lab011,F2,COLD->OFF,-7.0,371,19.166307277628032,0.1241339074223169,13.654983692722372,3.6687613298883925,4.167128199857702,3.7770228508391,2.095357383180417,1.5499222775720471,-8.813870797613291e-05,0.0010604049782739105,0.19609325588109974
lab011,F2,COLD->OFF,-6.0,371,19.335714285714285,0.20041656456750787,14.110278167115903,4.1410748991786726,4.0039020640066525,3.6105107253154034,2.5676709524706967,-0.46038360003539563,-0.0009436456982768028,0.00020489798797324063,0.18744837706328424
lab011,F2,COLD->OFF,-5.0,371,19.54946091644205,0.22057735615687024,13.78634447439353,3.8241594051476624,3.9436954805126554,3.3893343622482313,2.250755458439687,-0.45619895142800354,-0.0017416270934495046,-0.0005930834071994611,0.17596547243956806
lab011,F2,COLD->OFF,-4.0,371,19.761725067385445,0.20598242727622734,13.320917654986523,3.358718448701448,3.404876430027514,3.3972296406109224,1.785314501993473,-0.3513900219433701,-0.0024182187007054635,-0.0012696750144554202,0.17637537486837748
lab011,F2,COLD->OFF,-3.0,371,19.96212938005391,0.17695709501639412,12.642193530997305,2.667341441401804,3.0270171958255467,3.522792151798894,1.0939374946938283,-1.2291234989510018,-0.0029084891929011306,-0.001759945506651087,0.18289425563977296
lab011,F2,COLD->OFF,-2.0,371,20.087196765498653,0.0647250323800189,10.881204514824798,0.8851910276131602,0.0785770683890985,3.9394920492802306,-0.6882129190948153,-2.131944989324135,-0.00297046014166482,-0.001821916455414776,0.20452823638317322
lab011,F2,COLD->OFF,-1.0,371,20.080592991913747,-0.07035973909289261,8.629858692722372,-1.3952777608319393,-1.182433012155623,3.6728788238152568,-2.9686817075399152,-2.774245954671898,-0.00270922440633198,-0.0015606807200819366,0.1906863674014238
lab011,F2,COLD->OFF,0.0,371,19.891374663072774,-0.19303275341011167,6.76978409703504,-3.2789184527742536,-3.1275022576812272,2.7373338248450323,-4.852322399482229,-0.4225339031610181,-0.00203557619339533,-0.0008870325071452866,0.14211529115532817
lab011,F2,COLD->OFF,1.0,371,19.766711590296495,-0.1388140161725063,7.098030525606469,-2.968488157180637,-2.406827143610281,2.921658253492053,-4.541892103888612,0.3156783218537498,-0.0012281209247142785,-7.957723846423503e-05,0.1516849386738196
lab011,F2,COLD->OFF,2.0,371,19.604716981132075,-0.16380322283287174,7.078149326145552,-2.9922017230149027,-2.1677385542564345,3.054774060119659,-4.565605669722878,-0.11987370204167262,-0.00025881873266709546,0.0008897249535829481,0.15859596700531278
lab011,F2,COLD->OFF,3.0,371,19.456873315363882,-0.1487812277569686,6.991499932614555,-3.0759567559711507,-2.5840479195276798,3.3310951731664393,-4.649360702679126,-0.1264074152614462,0.0007034359145550906,0.001851979600805134,0.17294184439760732
lab011,F2,COLD->OFF,4.0,371,19.316711590296496,-0.12149333146637709,6.916033153638814,-3.1405112515284914,-2.5435881311050625,3.03616344774752,-4.713915198236466,0.26068033332353907,0.001597721021026386,0.0027462647072764297,0.15762975215353262
lab011,F2,COLD->OFF,5.0,371,19.189757412398922,-0.1267103067642151,7.341432614555256,-2.690160280705488,-2.5123587401980547,3.5121546389307867,-4.263564227413464,0.6402060777363129,0.0021978515162836562,0.0033463952025336997,0.1823419834891502
lab011,F2,COLD->OFF,6.0,371,19.087061994609165,-0.08779010746665715,8.736579110512128,-1.263040066602204,-0.9287577898847879,3.4682112019584403,-2.8364440133101794,2.4826374546708854,0.0025136683489920915,0.003662212035242135,0.18006055391596165
lab011,F2,COLD->OFF,7.0,371,19.030727762803235,-0.013123534147792963,11.230693530997305,1.2618647384893271,-0.04235883544376451,3.9176553077134155,-0.31153920821864817,2.1123978988399137,0.002367836704407812,0.0035163803906578554,0.203394529249069
lab011,F2,COLD->OFF,8.0,371,19.068328840970352,0.09583318747739224,13.144020619946092,3.1927857510637527,2.419852785806331,4.0913137577157155,1.6193818043557773,1.553836833932849,0.0019145911349360313,0.0030631348211860748,0.21241042674745214
lab011,F2,COLD->OFF,9.0,371,19.200269541778976,0.16065856874482187,13.823496495956874,3.878481623957059,3.8669735171840163,4.145846619716114,2.305077677249084,-0.07767527881313997,0.0012489781103424665,0.00239752179659251,0.2152416318750031
lab011,F2,COLD->OFF,10.0,371,19.377628032345015,0.18793946395024513,13.706901886792451,3.7557512029258677,3.923031041312022,4.2798385059347135,2.1823472562178923,-0.22955532223033182,0.0004995325772840992,0.0016480762635341427,0.22219814399258742
lab011,F2,COLD->OFF,11.0,371,19.561590296495957,0.1892941739302921,13.498522911051214,3.5323204100056556,3.743896648928766,3.7666283485940255,1.9589164632976805,-0.6558806121241967,-0.0002565855997094414,0.0008919580865406021,0.1955536002133965
lab011,F2,COLD->OFF,12.0,371,19.745148247978435,0.15465280451803332,12.415777493261455,2.429309917962673,2.436278690241877,3.6275956088063976,0.8559059712546976,-1.4704968679932875,-0.0008136207500225673,0.00033492293622747605,0.18833538001836408
lab011,F2,COLD->OFF,13.0,371,19.84609164420485,0.06087910292762037,10.810202762803234,0.8027957361259305,0.2123343289815256,4.113848913665423,-0.7706082105820449,-2.0354181241669695,-0.0011908071560004108,-4.2263469750367374e-05,0.21358039374963345
lab011,F2,COLD->OFF,14.0,371,19.859433962264152,-0.03413962497520423,8.916637196765498,-1.1125061758922064,-0.2166184476140216,4.049614213420945,-2.685910122600182,-1.319306042273721,-0.0011825029442404666,-3.395925799042325e-05,0.21024549427750347
lab011,F2,COLD->OFF,15.0,371,19.80323450134771,-0.08358595582315272,7.902184433962264,-2.1461210055656426,-1.5746941228498503,3.7985443571719117,-3.7195249522736176,-0.7181524586416284,-0.0008491592370614454,0.00029938444918859797,0.197210596817316
lab011,F2,COLD->OFF,16.0,371,19.702291105121294,-0.10696141235224794,7.667329380053909,-2.3887378330897717,-1.7849621563624005,3.4334135511674444,-3.9621417797977476,-0.2387349967548422,-0.00023995702671487617,0.0009085866595351672,0.17825394990267007
lab011,F2,COLD->OFF,17.0,371,19.593935309973048,-0.1126602956791633,7.490517654986523,-2.5610089177782096,-1.8918837603568512,3.3985379956298725,-4.134412864486185,-0.17484389142593662,0.0004416696463992115,0.001590213332649255,0.176443301276463
lab011,F2,COLD->OFF,18.0,371,19.482614555256067,-0.11267313100197208,7.26778665768194,-2.769592217561777,-1.9790612861075054,3.292551736213332,-4.342996164269753,-0.18209724282308937,0.0011544878883238566,0.0023030315745739,0.17094076885650925
lab011,F2,COLD->OFF,19.0,371,19.370215633423182,-0.10805008109590335,7.156189016172506,-2.8575247849092276,-2.308402256164314,3.391725577339463,-4.430928731617203,0.20746389905077614,0.0018030730921515456,0.002951616778401589,0.1760896181414262
lab011,F2,COLD->OFF,20.0,371,19.26078167115903,-0.10071411068715613,7.726591711590296,-2.2531483259157574,-1.9503254765457,3.2704624106973235,-3.8265522726237324,1.0104455880858496,0.0022279621459326284,0.0033765058321826714,0.16979394821715588
lab011,F2,COLD->OFF,21.0,371,19.181940700808624,-0.06039252750843053,9.382751212938006,-0.5614433476374758,-0.3661672325926908,4.16475175604307,-2.1348472943454513,1.9085919624735719,0.0023792771293166125,0.003527820815566656,0.21622313764863255
lab011,F2,COLD->OFF,22.0,371,19.151617250673855,0.007752534976254654,10.966741778975742,1.0508175618105569,0.013628761378118304,4.658531054450445,-0.5225863848974185,1.4266806281609348,0.0022632146587433974,0.0034117583449934405,0.2418588814964296
lab011,F2,COLD->OFF,23.0,371,19.198921832884096,0.07792791215971813,12.394143935309973,2.485224870483972,0.5163917416335444,4.600214687979815,0.9118209237759968,1.009102136809296,0.0018548551654773307,0.003003398851727374,0.23883124660408553
lab011,F2,COLD->OFF,24.0,371,19.294070080862536,0.11247360007467802,12.862544272237196,2.9461847869879954,1.8403181750937883,4.3002621082663985,1.37278084028002,0.0472094379919593,0.0012660538241064557,0.002414597510356499,0.22325848459316155
lab011,F2,COLD->OFF,25.0,371,19.42547169811321,0.1438909697669805,12.905603504043127,2.9705185085362693,2.594511415815525,3.9345189683324002,1.397114561828294,0.30762468869082404,0.0005908947262016098,0.0017394384124516536,0.20427004688490114
lab011,F2,COLD->OFF,26.0,371,19.575067385444743,0.14546504708229788,12.965449191374665,3.001068036857243,3.0765620605891026,3.5965212146222307,1.4276640901492679,-0.42547716615764525,-5.551926033296481e-06,0.001142991760216747,0.186722077856649
lab011,F2,COLD->OFF,27.0,371,19.712938005390836,0.11637437136089397,11.815461118598384,1.820692765740454,0.7194088171088389,3.9985904870396696,0.24728881903247843,-1.7815960423943553,-0.0004452292861189307,0.0007033144001311127,0.20759647439374293
lab011,F2,COLD->OFF,28.0,371,19.788409703504044,0.03116066323613471,10.329302291105122,0.31017242795810634,0.13785407715180442,4.046748710363326,-1.263231518749869,-1.2754043106383517,-0.0006316229169224708,0.0005169207693275728,0.21009672477133517
lab011,F2,COLD->OFF,29.0,371,19.788544474393532,-0.021098937001901966,9.06595923180593,-0.9743570885873746,-0.13599209119712663,4.1516583288846105,-2.5477610352953497,-1.0245480846606212,-0.0005904343075880384,0.000558109378662005,0.21554336078109945
lab011,F2,COLD->OFF,30.0,371,19.749191374663074,-0.054214069847492934,8.495986522911052,-1.5528518010163543,-0.5800602139705835,3.9834560469285645,-3.12625574772433,-0.4011267653234652,-0.00040424892697629353,0.0007442947592737498,0.20681073341347198
lab011,F2,HOT->OFF,-30.0,287,20.688675958188153,0.13713139357738624,15.90750801393728,3.56057085359196,4.283474833974081,4.6172900840378395,5.530063698839704,0.8265854255581119,-0.0005474265139620917,-0.00042380432305959905,0.2725500159971548
lab011,F2,HOT->OFF,-29.0,287,20.851219512195122,0.18149237522059813,16.237183275261327,3.925979364038749,4.892540227241291,4.385038778367929,5.895472209286492,-0.10403206220383371,-0.0014112545587554055,-0.0012876323678529128,0.25884065489495217
lab011,F2,HOT->OFF,-28.0,287,21.038850174216027,0.17220236209783213,15.970975609756097,3.688307338372717,4.694174704691715,4.451601140929119,5.65780018362046,-0.64613719491767,-0.002134432476751103,-0.00201081028584861,0.26276970692561774
lab011,F2,HOT->OFF,-27.0,287,21.186759581881535,0.125099174924959,14.691667073170732,2.417995177526813,3.7967483165837095,4.702828967698539,4.387488022774556,-1.1596416658038933,-0.0025856403759228984,-0.0024620181850204055,0.277599216650737
lab011,F2,HOT->OFF,-26.0,287,21.28170731707317,0.06252469945849773,13.392863327526133,1.1080055467694334,1.1230240272764438,4.8285995713697565,3.077498392017177,-1.551217349404463,-0.0027681480941203593,-0.0026445259032178664,0.28502322064846397
lab011,F2,HOT->OFF,-25.0,287,21.303135888501743,-0.03889467095042046,11.476730662020906,-0.8382375853263665,-1.3513555570522064,4.741592034426486,1.131255259921377,-2.0588409561957226,-0.0026314881865922186,-0.002507865995689726,0.2798873281326913
lab011,F2,HOT->OFF,-24.0,287,21.22526132404181,-0.1141559949922319,9.441714111498257,-2.905675368468144,-3.2055765882007172,3.9786867851680863,-0.9361825232204005,-1.3499553026974271,-0.002183561110641748,-0.0020599389197392555,0.23485445514762324
lab011,F2,HOT->OFF,-23.0,287,21.087108013937282,-0.1371374270328972,9.279863327526133,-3.099031444300169,-3.225776526587355,3.496208459538448,-1.129538599052426,0.0364567694151087,-0.00149131160492976,-0.0013676894140272672,0.20637466007838176
lab011,F2,HOT->OFF,-22.0,287,20.943031358885015,-0.15437651779115152,9.240166986062718,-3.1663404602577567,-3.015624970960907,3.495876266095696,-1.1968476150100134,0.08112241243411134,-0.0007479779541179567,-0.0006243557632154639,0.2063550513194586
lab011,F2,HOT->OFF,-21.0,287,20.801742160278746,-0.1298942636921727,9.184729268292683,-3.237791105164259,-3.179564149518045,3.682737207327315,-1.2682982599165156,-0.1462585026642569,-8.028092452678724e-07,0.0001228193816572249,0.2173851039249868
lab011,F2,HOT->OFF,-20.0,287,20.68135888501742,-0.10807879692897056,9.294922822299652,-3.1297422352955833,-3.1599942961073664,3.8140705158258483,-1.1602493900478401,0.2864099192840571,0.0007048938783374586,0.0008285160692399514,0.22513746400649415
lab011,F2,HOT->OFF,-19.0,287,20.57700348432056,-0.10009050183266191,9.862850696864111,-2.550144877961635,-3.0180663781313033,4.081873762020339,-0.5806520327138915,0.6434375976255651,0.0010359506931846014,0.0011595728840870943,0.24094538980407987
lab011,F2,HOT->OFF,-18.0,287,20.49843205574913,-0.050254159313392915,11.129187717770035,-1.2563331967136104,-2.413447637861636,4.234517390079355,0.7131596485341329,2.150458127866659,0.0011057000889111161,0.001229322279813609,0.24995565827587715
lab011,F2,HOT->OFF,-17.0,287,20.47491289198606,0.011710937146476957,13.792706794425088,1.4421074599289043,1.5426711061644056,4.60689396549562,3.4116003051766475,2.3409611052243964,0.000749153974787675,0.000872776165690168,0.2719363525228183
lab011,F2,HOT->OFF,-16.0,287,20.53101045296167,0.11277584204413488,15.847106271777003,3.5277681803945957,4.495668036100262,4.400163567968191,5.497261025642339,1.776461954859299,3.911237141674277e-05,0.00016273456231923563,0.259733442996301
lab011,F2,HOT->OFF,-15.0,287,20.69965156794425,0.2107998853643455,16.992748344947735,4.695637456240135,5.122498146893504,3.9231174620077285,6.665130301487879,0.658552433037553,-0.000889631508801107,-0.0007660093178986141,0.23157430171549107
lab011,F2,HOT->OFF,-14.0,287,20.933797909407666,0.2458753789764241,17.04574224738676,4.765849855201022,5.210959204518851,3.779909588163258,6.735342700448765,-0.4588543250567774,-0.0017611409702205094,-0.0016375187793180165,0.22312100820418196
lab011,F2,HOT->OFF,-13.0,287,21.166376306620208,0.2142902393773467,16.32476959930314,4.051136696272288,4.5400243555518,3.4926723729911124,6.020629541520031,-0.440753275571311,-0.0026848344956018817,-0.0025612123046993883,0.20616593148920878
lab011,F2,HOT->OFF,-12.0,287,21.35905923344948,0.16723682821243774,15.667309581881534,3.3869273230419434,4.19008147106716,4.176820482668418,5.356420168289687,-1.493934896616343,-0.003246614131944427,-0.003122991941041934,0.2465499175163351
lab011,F2,HOT->OFF,-11.0,287,21.48466898954704,0.07787230191411365,13.20541594076655,0.9041416607139517,1.6145280756232152,4.6887444145739625,2.873634505961695,-2.9015597136509412,-0.0034605517830592907,-0.0033369295921567978,0.276767831767061
lab011,F2,HOT->OFF,-10.0,287,21.472125435540068,-0.0876811922108084,10.462344773519165,-1.8712688581055499,-2.567203063507133,4.518348921939966,0.09822398714219352,-2.6943287112992462,-0.003285753934643181,-0.0031621317437406883,0.2667097038613034
lab011,F2,HOT->OFF,-9.0,287,21.342508710801393,-0.1542694239558346,8.81907831010453,-3.543658695556184,-3.5003180588918728,3.359802381268781,-1.5741658503084408,-0.7774901918110709,-0.002635462407538708,-0.002511840216636215,0.19832286386505074
lab011,F2,HOT->OFF,-8.0,287,21.186236933797908,-0.16444182994705658,8.585768815331011,-3.799146283099365,-3.706173972161473,2.9546262324609796,-1.8296534378516218,-0.03224807371326057,-0.0017667745342325035,-0.0016431523433300106,0.17440607201759986
lab011,F2,HOT->OFF,-7.0,287,21.00609756097561,-0.18204594476371413,8.540970731707317,-3.852448568577956,-3.5746533048311253,3.00596497427302,-1.8829557233302123,-0.026195094806653264,-0.0007277419662825839,-0.0006041197753800909,0.1774365021286552
lab011,F2,HOT->OFF,-6.0,287,20.827874564459933,-0.16386261821801879,8.50253693379791,-3.8940658882521073,-3.720461917719356,3.0877321293109468,-1.924573043004364,-0.0012665885461227416,0.00026578511550746806,0.000389407306409961,0.18226306468115133
lab011,F2,HOT->OFF,-5.0,287,20.66724738675958,-0.16047634131257807,8.524794076655054,-3.862792977556931,-3.651670296793771,2.967919088026081,-1.8933001323091876,0.32553241663600313,0.0011457238709607243,0.0012693460618632172,0.17519072447195638
lab011,F2,HOT->OFF,-4.0,287,20.518118466898954,-0.1342006425630119,9.194605574912892,-3.165685096314081,-3.243196671521101,3.0601850151203482,-1.1961922510663379,1.3250070850284819,0.001728923515091556,0.001852545705994049,0.18063700994413612
lab011,F2,HOT->OFF,-3.0,287,20.38554006968641,-0.11170188696321123,11.169807229965157,-1.1516334432720778,-1.884041811111901,3.693279894733392,0.8178594019756654,2.2938750292723125,0.0018452992682569706,0.0019689214591594633,0.2180074190858022
lab011,F2,HOT->OFF,-2.0,287,20.32369337979094,-0.01844276513266033,13.34160905923345,1.0616687440542547,-0.1420373679039828,4.370066807390765,3.0311615893019983,2.7143587056844325,0.0014685326077724156,0.0015921547986749085,0.2579568873917057
lab011,F2,HOT->OFF,-1.0,287,20.34076655052265,0.10352504638218729,16.63684668989547,4.384102614202564,5.809261126307479,4.461516783108797,6.3535954594503075,2.535458891350121,0.0007252465560829134,0.0008488687469854063,0.26335500877702966
lab011,F2,HOT->OFF,0.0,287,20.593379790940766,0.2854065794832346,17.973442857142857,5.731987598777451,6.533580757582381,3.8133413648303107,7.7014804440251945,0.027584716847371665,-0.00038735940655617007,-0.00026373721565367715,0.2250944235841076
lab011,F2,HOT->OFF,1.0,287,20.82177700348432,0.24463248714119704,17.13802369337979,4.893885083731013,5.107828822612044,2.82282095027454,6.863377928978756,-0.5967900673319531,-0.0015950743163535208,-0.0014714521254510279,0.16662585221018236
lab011,F2,HOT->OFF,2.0,287,21.0904181184669,0.27131393577386564,16.778601219512197,4.523855477946222,4.668115174263438,2.813425439318698,6.493348323193966,-0.42333293229867264,-0.002631256212768384,-0.002507634021865891,0.1660712527341458
lab011,F2,HOT->OFF,3.0,287,21.348257839721253,0.23850702143385022,16.346324216027874,4.069977022942396,4.5187260157565525,3.3608737459642257,6.03946986819014,-1.4738633127231873,-0.0035417221806779945,-0.0034180999897755015,0.19838610452343858
lab011,F2,HOT->OFF,4.0,287,21.545470383275262,0.11657239392430997,13.866052613240418,1.560105930746415,3.004762495699145,4.4378201521502705,3.5295987759941583,-2.9125672400167617,-0.0039510756926636765,-0.003827453501761184,0.2619562408787006
lab011,F2,HOT->OFF,5.0,287,21.560104529616726,-0.05464349819750519,10.650091986062717,-1.6860898955925803,-2.431628411881266,4.434740729616154,0.28340294965516316,-2.6522526628641945,-0.0037185337550052337,-0.0035949115641027408,0.2617744683139149
lab011,F2,HOT->OFF,6.0,287,21.470731707317075,-0.12419717332609313,8.908339459930314,-3.4544501408093744,-3.6506910253648037,3.5679250021006426,-1.4849572955616308,-0.9342004548479658,-0.0031369175926770957,-0.0030132954017746028,0.2106079537347971
lab011,F2,HOT->OFF,7.0,287,21.319512195121952,-0.16054120095931917,8.58928275261324,-3.7855888610547024,-3.5693415969492905,2.941026928652152,-1.8160960158069595,-0.30243413922299817,-0.002301451625677279,-0.002177829434774786,0.1736033304953681
lab011,F2,HOT->OFF,8.0,287,21.147038327526133,-0.19197701253450314,8.394347909407665,-3.977135168546645,-3.751952165631538,3.1202534890386775,-2.0076423232989016,0.03034441618814658,-0.0012180161451128325,-0.0010943939542103396,0.1841827398483418
lab011,F2,HOT->OFF,9.0,287,20.961149825783973,-0.17091874443790767,8.526102787456447,-3.8336910441539014,-3.705398460749694,3.0957583156662345,-1.8641981989061585,-0.1759342506129682,-7.830036554231069e-05,4.5321825360182186e-05,0.18273683548171077
lab011,F2,HOT->OFF,10.0,287,20.78937282229965,-0.17330045100079935,8.423937979094077,-3.9121974675292708,-3.742034454783351,2.828200451840903,-1.9427046222815272,0.2961351946902162,0.0010102259895006214,0.0011338481804031143,0.16694339414739737
lab011,F2,HOT->OFF,11.0,287,20.627003484320557,-0.14803233932153778,8.995932229965158,-3.305150787879104,-3.377081577272789,3.0048522877392307,-1.3356579426313604,1.04911666280533,0.001779445853494304,0.001903068044396797,0.17737082231927254
lab011,F2,HOT->OFF,12.0,287,20.497909407665503,-0.10882242032067767,10.919493728222996,-1.3397830703594213,-2.3340683659804595,3.9463573481660363,0.6297097748883219,2.60173923952987,0.002188479495551761,0.0023121016864542537,0.23294610882072705
lab011,F2,HOT->OFF,13.0,287,20.429965156794424,-0.01632200552061213,13.558155226480835,1.3403314266039767,-0.2296382680035034,4.746585002588025,3.3098242718517206,2.6317941119164874,0.002193139912045591,0.0023167621029480836,0.2801820537244416
lab011,F2,HOT->OFF,14.0,287,20.46759581881533,0.0899693802132833,15.500850174216026,3.303387784153105,3.8651723275392555,5.066273844944641,5.272880629400849,1.5461783083957557,0.001704460946895526,0.0018280831377980188,0.2990526894247247
lab011,F2,HOT->OFF,15.0,287,20.59843205574913,0.16571941415146985,16.68024468641115,4.480652006009174,5.444100251192918,4.51833928373467,6.450144851256917,0.3504545474063647,0.0009068525561066816,0.0010304747470091743,0.26670913493603343
lab011,F2,HOT->OFF,16.0,287,20.78240418118467,0.19853085358311823,16.63093789198606,4.412637633736496,5.312722193349991,3.5092986607942738,6.382130478984239,0.0839021819019685,0.00014328411647485359,0.00026690630737734615,0.20714735022709369
lab011,F2,HOT->OFF,17.0,287,20.995296167247385,0.22579754740033467,16.703084843205577,4.455986930361846,4.930006379226601,3.167806890242788,6.425479775609589,-0.8210602900792416,-0.0007512366971256637,-0.000627614506223171,0.18698972836823252
lab011,F2,HOT->OFF,18.0,287,21.213937282229963,0.18768420893856408,15.506796602787459,3.2296336540199087,4.196828450646862,3.7328694665133684,5.199126499267652,-1.8199779421932418,-0.0014232758926346304,-0.001299653701732138,0.22034431761839712
lab011,F2,HOT->OFF,19.0,287,21.352090592334495,0.08008205499494676,13.480949477351915,1.1734590204552453,2.3581695128570024,4.524851950822782,3.1429518657029885,-2.5558841475154432,-0.001755990277290816,-0.0016323680863883233,0.2670935655190686
lab011,F2,HOT->OFF,20.0,287,21.378919860627178,-0.01432493174653422,11.178938675958188,-1.1568183520136832,-1.2074876367936156,4.59293497879221,0.8126744932340599,-1.5164427905658242,-0.00171664815731379,-0.0015930259664112972,0.27111237959062784
lab011,F2,HOT->OFF,21.0,287,21.33658536585366,-0.06847368659215367,10.30818475609756,-2.0411143703738386,-2.7672811984638352,4.360402582542283,-0.0716215251260953,-0.7445562250322098,-0.0013258186439219443,-0.0012021964530194518,0.2573864262361115
lab011,F2,HOT->OFF,22.0,287,21.245644599303137,-0.11198244264446335,9.424944076655052,-2.9218510959755113,-3.1905694836474243,3.819728617839055,-0.952358250727768,-0.5350847677903066,-0.0006646373640726834,-0.0005410151731701906,0.22547145120810927
lab011,F2,HOT->OFF,23.0,287,21.112020905923345,-0.13819931520279916,9.109007665505226,-3.2220532856147375,-3.3651659945649772,3.7907459762066975,-1.2525604403669939,-0.2901525615161978,0.0002076660131261342,0.0003312882040286269,0.22376065996546093
lab011,F2,HOT->OFF,24.0,287,20.97369337979094,-0.14421014525544057,8.8591712543554,-3.4460861916684373,-3.3793668681140403,3.354511718088702,-1.476593346420694,0.10630188220495558,0.0011365844612564741,0.0012602066521589666,0.198010565891971
lab011,F2,HOT->OFF,25.0,287,20.818118466898955,-0.14651040016893654,9.247092682926828,-3.0245421422202607,-3.078212126873069,3.4589169230347716,-1.0550492969725174,0.3134426163605606,0.0019375923951824535,0.0020612145860849466,0.204173410279117
lab011,F2,HOT->OFF,26.0,287,20.693031358885015,-0.12261188289062804,9.94468763066202,-2.2841780159786342,-2.585493906880326,3.853381758337148,-0.3146851707308911,1.3066875828176132,0.0025557492132609375,0.0026793714041634304,0.22745793328183
lab011,F2,HOT->OFF,27.0,287,20.595993031358887,-0.057536540114937126,11.467705574912891,-0.7166269631678565,-1.5982177637543393,4.526501510919874,1.2528658820798868,2.0456958225150728,0.0028106642241558636,0.0029342864150583565,0.26719093597287763
lab011,F2,HOT->OFF,28.0,287,20.5698606271777,0.02037799598775192,13.279553658536587,1.1305372397634386,-0.2542562464925764,5.2709346216490225,3.1000300850111815,1.2295773985946115,0.0026738176568333744,0.0027974398477358673,0.3111334330967768
lab011,F2,HOT->OFF,29.0,287,20.62682926829268,0.07630360348130424,14.490781097560976,2.3502143145573386,2.0284767412149467,5.070032655252309,4.319707159805082,0.8275447009288104,0.00235100383673181,0.002474626027634303,0.2992745649817807
lab011,F2,HOT->OFF,30.0,287,20.72282229965157,0.11958308822420315,15.113309756097562,2.955585390115016,3.774090968444236,4.754507282019475,4.92507823536276,0.4990752820132953,0.0018519499964407056,0.0019755721873431988,0.2806496910932177
lab011,F2,OFF->COLD,-30.0,405,19.212222222222223,0.06864625086847304,10.319195679012347,1.2215798653798593,0.05061589124009336,4.186559095230233,0.5956834398637864,-0.8838175551061126,-0.0015106806779825448,-0.0007340507482025888,0.20803179397232927
lab011,F2,OFF->COLD,-29.0,405,19.26358024691358,0.02816097482764142,9.70701611111111,0.5977621126961468,0.022832985348046453,4.1031149419511355,-0.028134312819926212,-0.8914568008807503,-0.0016660099428252426,-0.0008893800130452865,0.20388542065995205
lab011,F2,OFF->COLD,-28.0,405,19.2562962962963,-0.03641280530169417,8.325875,-0.8111256618358192,-0.1494482304476814,3.8066723853274365,-1.4370220873518922,-1.4415331996577527,-0.0015883873470603487,-0.0008117574172803927,0.18915507159252046
lab011,F2,OFF->COLD,-27.0,405,19.19098765432099,-0.08660253326920017,7.39119425925926,-1.7736839639498627,-0.4356915150723717,3.4857383580408086,-2.3995803894659358,-0.656633477041442,-0.0013122178385170757,-0.0005355879087371196,0.17320773156350552
lab011,F2,OFF->COLD,-26.0,405,19.10074074074074,-0.08406712628934836,7.0192355555555555,-2.1741271875772696,-1.0072135418386514,3.2791484757366556,-2.8000236130933427,-0.024155935086233343,-0.0009853121815460125,-0.00020868225176605645,0.16294219777915514
lab011,F2,OFF->COLD,-25.0,405,19.015185185185185,-0.08980599647266253,7.113930679012346,-2.103301286171318,-0.8692770351300805,3.513056608193549,-2.7291977116873904,-0.004124202536350877,-0.0005102889258140973,0.0002663410039658587,0.174565186327236
lab011,F2,OFF->COLD,-24.0,405,18.924691358024692,-0.08293837849393373,7.114120370370371,-2.1165436778530555,-0.7846543644081767,3.653896222223899,-2.7424401033691286,0.04014495714351684,-1.1188791612785995e-05,0.00076544113816717,0.18156356301382923
lab011,F2,OFF->COLD,-23.0,405,18.857283950617283,-0.06235369568702866,7.356662222222222,-1.8786466564052362,-0.6253291633377553,3.6235066723922715,-2.5045430819213093,0.23913016295935918,0.00030548010705216857,0.0010821100368321249,0.18005349414207064
lab011,F2,OFF->COLD,-22.0,405,18.794938271604938,-0.0417219817219816,7.638250740740741,-1.5909295079855597,-0.31673222641013243,3.851103459796297,-2.2168259335016325,0.5206467485042819,0.0004564793099260958,0.001233109239706052,0.1913628694330922
lab011,F2,OFF->COLD,-21.0,405,18.767037037037035,-0.02137031692587241,8.692435185185186,-0.5187682093810074,-0.08952544696223996,3.7196234017484495,-1.1446646348970804,1.4457025895716344,0.00038228030712469236,0.0011589102369046484,0.18482957282241205
lab011,F2,OFF->COLD,-20.0,405,18.764444444444447,0.0202330180107957,10.245983456790125,1.0581061742223952,0.07232720780008273,3.6872706436848826,0.43220974870632217,1.4900855242811626,6.26295298671032e-05,0.0008392594596470591,0.18322195134930672
lab011,F2,OFF->COLD,-19.0,405,18.807407407407407,0.07885094329538726,11.64611049382716,2.4809447983740407,0.430197942717359,4.023939130662369,1.8550483728579674,1.0907307594345932,-0.00046677665215609694,0.00030985327762385903,0.199951142966277
lab011,F2,OFF->COLD,-18.0,405,18.91827160493827,0.14154133931911728,12.304187530864198,3.1568941600241307,2.2693713134006224,3.818512637735531,2.5309977345080577,0.2506946297305222,-0.0011140922783203857,-0.00033746234854042977,0.18974341846485945
lab011,F2,OFF->COLD,-17.0,405,19.07358024691358,0.15736625514403277,12.130333456790124,2.9988814891686633,2.314129212219467,3.9446817994579835,2.37298506365259,-0.4684920961682751,-0.001788761397034102,-0.001012131467254146,0.19601281451542762
lab011,F2,OFF->COLD,-16.0,405,19.222716049382715,0.13671316337982992,11.405718086419752,2.2806053490756204,0.5954900592724188,3.7344618709668964,1.6547089235595476,-0.5513906801257541,-0.002339285852754248,-0.0015626559229742919,0.18556690228584508
lab011,F2,OFF->COLD,-15.0,405,19.3458024691358,0.09693014804125921,10.84604265432099,1.716337064450847,0.28990708472898463,3.8777061982360657,1.0904406389347743,-1.0091317779983613,-0.002706106182901885,-0.0019294762531219289,0.19268477013395816
lab011,F2,OFF->COLD,-14.0,405,19.402962962962963,0.017392977392977065,9.2360287654321,0.08791176044139694,0.022454346543195225,4.047223653610646,-0.537984665074676,-1.908656442171252,-0.0028077474789065865,-0.0020311175491266307,0.2011081602137437
lab011,F2,OFF->COLD,-13.0,405,19.375925925925927,-0.07771364438031111,7.641023024691358,-1.5319454686982672,-0.5320218893196671,3.658482633095075,-2.1578418942143403,-1.5980986167511624,-0.0025881225995444046,-0.0018114926697644488,0.1817914636022891
lab011,F2,OFF->COLD,-12.0,405,19.26567901234568,-0.11374378707711985,6.507956419753087,-2.68668890406298,-1.9073420974912185,3.186292641100655,-3.3125853295790533,-0.15776771511430437,-0.0021470666943439907,-0.0013704367645640347,0.1583281542601868
lab011,F2,OFF->COLD,-11.0,405,19.164444444444445,-0.11145315589760033,6.523787283950618,-2.690149870763116,-1.6109559189945797,3.216146952172345,-3.3160462962791892,-0.005832473396878212,-0.0015897597875680724,-0.0008131298577881165,0.1598116269041362
lab011,F2,OFF->COLD,-10.0,405,19.039753086419754,-0.11310245310245248,6.698938271604939,-2.5268925945911898,-1.6440641675609733,3.207841386964,-3.152789020107263,0.046112606375987325,-0.0009305251476729546,-0.0001538952178929985,0.15939892005086026
lab011,F2,OFF->COLD,-9.0,405,18.93925925925926,-0.10138741916519643,6.881603333333333,-2.3485868702311397,-1.34416417486208,3.229307121329475,-2.9744832957472127,0.09441248805105713,-0.0003810228617037329,0.0003956070680762231,0.16046556096704148
lab011,F2,OFF->COLD,-8.0,405,18.84111111111111,-0.08202020202020191,7.029221049382716,-2.1962134567536022,-1.1219467211253331,3.3398584131851172,-2.8221098822696757,0.319278413567282,0.00011239598290149885,0.0008890259126814549,0.16595889882458892
lab011,F2,OFF->COLD,-7.0,405,18.770617283950617,-0.0631168831168828,7.607518765432098,-1.5990935684149974,-0.3885866360372179,3.2855548509813457,-2.22498999393107,1.1224636854551744,0.0003531810102602498,0.0011298109400402058,0.16326053312441066
lab011,F2,OFF->COLD,-6.0,405,18.720864197530865,-0.029580460691572052,9.113846975308642,-0.06661059429416319,0.07870830813643548,3.2590148391337297,-0.6925070198102361,1.5176225529849552,0.00030500028656649345,0.0010816302163464495,0.161941749332968
lab011,F2,OFF->COLD,-5.0,405,18.724444444444444,0.033367537811982276,10.653444691358024,1.4988602876027841,0.31537059265184975,3.633704408922003,0.8729638620867113,2.079335310605487,-2.356526917832916e-05,0.0007530646606016269,0.18056022374422873
lab011,F2,OFF->COLD,-4.0,405,18.79543209876543,0.11418844529955625,12.702205000000001,3.5645997499884183,2.6439246317730536,4.035683013928734,2.9387033244723457,1.3576391087494226,-0.0006861953312211457,9.043459855881034e-05,0.200534701217464
lab011,F2,OFF->COLD,-3.0,405,18.94395061728395,0.17691090802201975,12.95829864197531,3.8304420578407363,3.196770818033638,3.8216898803887265,3.2045456323246637,-0.3170395356350547,-0.0014969915163547869,-0.0007203615865748309,0.18990129692160518
lab011,F2,OFF->COLD,-2.0,405,19.127407407407407,0.1847244936133818,12.340094320987653,3.215686783928677,2.7797798515980183,3.1787239330008634,2.589790358412604,-0.2840733735683787,-0.0022023698637832017,-0.0014257399340032455,0.15795206213100926
lab011,F2,OFF->COLD,-1.0,405,19.30037037037037,0.16690609801720932,12.019083580246914,2.886772460085206,2.5479826283690885,2.9640280295717285,2.260876034569133,-0.04059603169258522,-0.0028162065876136512,-0.0020395766578336955,0.14728373691860314
lab011,F2,OFF->COLD,0.0,405,19.50493827160494,0.18717652717652866,12.11821086419753,2.971574632471468,2.421223222924066,3.1743108695321083,2.345678206955395,-0.921868732793622,-0.0032005329561008433,-0.002423903026320887,0.157732775244228
lab011,F2,OFF->COLD,1.0,405,19.626172839506175,0.04457912457912419,10.000136790123458,0.8300355614294631,0.268702372776783,4.087714694470595,0.20413913591339009,-3.929359747561616,-0.0032102148111943754,-0.0024335848814144197,0.2031201762102452
lab011,F2,OFF->COLD,2.0,405,19.57814814814815,-0.11981187536743075,6.355133456790123,-2.839867768241473,-2.686830348407368,3.1373197947701237,-3.465764193757546,-1.404413048086773,-0.002807151611266082,-0.0020305216814861258,0.1558946739613708
lab011,F2,OFF->COLD,3.0,405,19.458148148148148,-0.12418684196462,6.336316296296296,-2.8799199476185304,-2.447497445549831,2.787636086336006,-3.5058163731346035,-0.007436347441648917,-0.0021913566463203794,-0.0014147267165404234,0.13851875079063958
lab011,F2,OFF->COLD,4.0,405,19.31543209876543,-0.14888033776922635,6.464533333333334,-2.7629043440910785,-1.6636749715017185,2.9489077780275728,-3.388800769607151,0.08081294947038938,-0.0013733414039321789,-0.0005967114741522228,0.14653240557883362
lab011,F2,OFF->COLD,5.0,405,19.168518518518518,-0.14943295387739813,6.3845997530864205,-2.844823510967878,-1.7212128975954357,3.062011076614645,-3.4707199364839507,-0.06765320075906629,-0.0004189693487560182,0.0003576605810239378,0.1521525536703925
lab011,F2,OFF->COLD,6.0,405,19.023456790123458,-0.1304932927155147,6.4714649382716045,-2.7549525941889543,-1.8732427354790278,3.309445113971409,-3.380849019705027,0.005499586725164469,0.0005048952559930766,0.0012815251857730325,0.16444764983654686
lab011,F2,OFF->COLD,7.0,405,18.89456790123457,-0.1332873710651486,6.413243271604939,-2.79914377242298,-1.9790404133482875,3.5703211583336305,-3.4250401979390532,0.18792456583472664,0.0012456424486628466,0.0020222723784428026,0.17741068470088417
lab011,F2,OFF->COLD,8.0,405,18.77851851851852,-0.10537117203783856,7.008688950617284,-2.178806666217313,-1.5028810654290794,3.071921470342773,-2.8047030917333857,1.1478617733619165,0.0018248168417502304,0.002601446771530187,0.15264500509394544
lab011,F2,OFF->COLD,9.0,405,18.691975308641975,-0.06291058735503152,8.615133456790124,-0.5426596654896702,-0.34631525959385756,3.5080156507816724,-1.168556091005743,2.1131448418471663,0.0019954587801934366,0.002772088709973393,0.1743146991395774
lab011,F2,OFF->COLD,10.0,405,18.660864197530863,0.005186254075142865,10.630652160493828,1.498012190524047,-0.015420014037445195,3.7272378270160234,0.872115765007974,1.7459693772847145,0.0018436477438000891,0.002620277673580045,0.18520793665592067
lab011,F2,OFF->COLD,11.0,405,18.70864197530864,0.09034257923146834,12.080752530864197,2.9596175892950973,0.5499614849328207,4.24401370802708,2.3337211637790243,0.7565382099092203,0.00141303185571082,0.002189661785490776,0.21088673663532215
lab011,F2,OFF->COLD,12.0,405,18.822592592592592,0.13544332210998844,12.382133333333334,3.2599402734775444,2.4852509018902875,3.83204258040916,2.6340438479614714,0.13613072278120208,0.0008418295452360364,0.0016184594750159923,0.1904157267215241
lab011,F2,OFF->COLD,13.0,405,18.971975308641973,0.1516060071615622,12.375215925925925,3.2418936073409874,2.882150788885925,3.642987934096817,2.6159971818249144,-0.08000842559395278,0.00011371285397432977,0.0008903427837542857,0.18102152581893347
lab011,F2,OFF->COLD,14.0,405,19.127777777777776,0.16220939554272917,12.282867654320986,3.132626956417375,2.971508495920828,3.5783391433793867,2.5067305309013026,-0.41597324372138045,-0.0005376058907033213,0.0002390240390766346,0.17780910158099278
lab011,F2,OFF->COLD,15.0,405,19.278271604938272,0.13462882796216122,11.423923703703704,2.2544609994786,1.8385825659099564,3.789079388254188,1.6285645739625267,-1.5021538674205868,-0.0010378703295065388,-0.0002612403997265827,0.18828086853954848
lab011,F2,OFF->COLD,16.0,405,19.37493827160494,0.04062850729517366,9.48508549382716,0.2934878692665316,0.043978034571525715,4.0558007982441575,-0.3324085562495414,-1.9505399392740894,-0.0013030636681390156,-0.0005264337383590597,0.20153436195715213
lab011,F2,OFF->COLD,17.0,405,19.37358024691358,-0.03389129389129425,7.8614904320987655,-1.353321041299451,-0.1780055089753252,3.848562688946214,-1.979217466815524,-1.1782319489797932,-0.001216980233794035,-0.0004403503040140791,0.19123661751451362
lab011,F2,OFF->COLD,18.0,405,19.312716049382715,-0.07872695206028558,7.108429753086419,-2.1189161994097274,-0.8743504111291069,3.422805671834067,-2.7448126249258005,-0.44456097786857485,-0.0008578457134944633,-8.12157837145073e-05,0.17008058124428468
lab011,F2,OFF->COLD,19.0,405,19.22320987654321,-0.09679333012666338,6.979810246913581,-2.2485082891213004,-1.303369702198613,3.2173662758383927,-2.874404714637373,-0.22603731344284678,-0.0002892429733859928,0.00048738695639396324,0.15987221558422188
lab011,F2,OFF->COLD,20.0,405,19.12148148148148,-0.09937790604457267,6.779693209876543,-2.4412118082221523,-1.3409076070384565,3.278767081087904,-3.0671082337382254,-0.04048836750689141,0.0003057229031144754,0.0010823528328944316,0.1629232461266915
lab011,F2,OFF->COLD,21.0,405,19.025061728395062,-0.1004681738015071,6.732866666666667,-2.4731701335664966,-1.292711910668777,3.2630569517078323,-3.0990665590825692,0.05694394483081825,0.0008951046499112563,0.0016717345796912122,0.16214260352159915
lab011,F2,OFF->COLD,22.0,405,18.914814814814815,-0.0945625567847791,6.939297283950617,-2.244564245844413,-1.4037446677639573,3.2641955893673784,-2.8704606713604863,0.2269094871749413,0.0014657807690170042,0.0022424106987969606,0.16219918288178772
lab011,F2,OFF->COLD,23.0,405,18.828765432098766,-0.08394206616428773,7.454918395061728,-1.6997452533378818,-1.0381122433825247,3.4651815604707505,-2.3256416788539545,1.188677972849329,0.001801556570383517,0.0025781865001634732,0.1721862560798088
lab011,F2,OFF->COLD,24.0,405,18.769753086419755,-0.022205119982897925,8.963912592592592,-0.16034499913748632,-0.15378065602324043,3.935287310033715,-0.7862414246535593,1.5545475880383974,0.0019166633122771576,0.0026932932420571133,0.19554599858283725
lab011,F2,OFF->COLD,25.0,405,18.766049382716048,0.016082518304740227,10.332512716049383,1.2315939741433157,0.027574470869382917,4.412130068039962,0.6056975486272428,1.3422521300462724,0.0017724741282118225,0.0025491040579917784,0.21924050572684728
lab011,F2,OFF->COLD,26.0,405,18.815308641975307,0.07403345625567849,11.332863024691358,2.2344703709975966,0.19941927027660222,4.493064469296862,1.6085739454815238,0.5219741963605522,0.001339692091839549,0.002116322021619505,0.22326216845859556
lab011,F2,OFF->COLD,27.0,405,18.903827160493826,0.09858692747581607,11.712138888888889,2.6024201590643403,0.453679668060631,4.327789002243927,1.9765237335482677,0.4028748459035627,0.0007782231258024754,0.0015548530555824316,0.21504956447318688
lab011,F2,OFF->COLD,28.0,405,19.015802469135803,0.12071294960183838,11.874700185185185,2.7395959377271915,1.182275802591029,3.6869474219770377,2.1136995122111184,0.10887703460377311,0.00019246812514027808,0.0009690980549202343,0.18320589033351684
lab011,F2,OFF->COLD,29.0,405,19.13456790123457,0.12227994227994199,11.721978395061727,2.5559510782011623,1.4065558405281045,3.734742038142143,1.9300546526850895,-0.6725694952401154,-0.00036572787916963563,0.0004109020506103204,0.18558082390470987
lab011,F2,OFF->COLD,30.0,405,19.24604938271605,0.08253540697985129,10.619089444444446,1.4271080952729704,0.30206097688478284,3.9439476237636644,0.8012116697568976,-1.2670702783165009,-0.0007184432869697814,5.8186642810174726e-05,0.19597633303187373
lab011,F2,OFF->HOT,-30.0,343,20.626676384839648,-0.052551335933259787,9.877951457725947,-1.8413862456702947,-2.409623803509449,4.513862823377597,-1.153832360120173,0.971198479882182,0.001495388368551637,0.0018339306835979548,0.24372568332483655
lab011,F2,OFF->HOT,-29.0,343,20.589650145772595,-0.021598323930685493,11.498959839650146,-0.2150377013689971,-0.20437329291204387,5.1810444594960385,0.4725161841811247,1.6561931856182686,0.0015636959471610878,0.0019022382622074056,0.27975010553868523
lab011,F2,OFF->HOT,-28.0,343,20.605102040816327,0.04029634117097672,12.75884613702624,1.0743786486260987,1.1997641583227736,5.146280412789871,1.7619325341762204,1.3861810302065427,0.0012746199233509181,0.001613162238397236,0.27787302345397596
lab011,F2,OFF->HOT,-27.0,343,20.67332361516035,0.09911779182916206,14.166998542274053,2.5249850096835407,3.4135400017678688,4.272597837957969,3.2125388952336627,1.463046127891226,0.0007499897350969638,0.0010885320501432818,0.23069859860059247
lab011,F2,OFF->HOT,-26.0,343,20.796209912536444,0.15135738896671785,15.057322011661807,3.4598784748888485,4.124108064021867,3.9260063011708644,4.1474323604389705,0.5752706290467668,5.158790455061906e-05,0.000390130219596937,0.2119844146647073
lab011,F2,OFF->HOT,-25.0,343,20.970408163265308,0.17928009793898977,15.122991472303205,3.5654871058906363,4.216882040153154,3.7955705703251983,4.253040991440759,-0.40931879602822047,-0.0006693726498421881,-0.0003308303347958701,0.2049415471974708
lab011,F2,OFF->HOT,-24.0,343,21.132069970845482,0.13487309580604032,14.405829008746355,2.874487739457951,3.7042058082728833,4.55717638042309,3.5620416250080726,-1.1624731699898647,-0.0012363793285142862,-0.0008978370134679682,0.24606439557667292
lab011,F2,OFF->HOT,-23.0,343,21.23746355685131,0.07521739679174087,13.338833965014578,1.8170843408046853,1.86830850158693,4.4729775848923765,2.5046382263548073,-0.7284374684686791,-0.0016809101693690143,-0.0013423678543226963,0.24151808795084756
lab011,F2,OFF->HOT,-22.0,343,21.28396501457726,0.023660595963803082,12.433319533527698,0.8981193410635154,-0.14371456736361732,4.522905545829886,1.5856732266136373,-0.9837989702106826,-0.0018231744934558726,-0.0014846321784095548,0.24421394444287198
lab011,F2,OFF->HOT,-21.0,343,21.273906705539357,-0.037729228982873474,11.523662099125366,-0.03743421371296743,-0.9054868210413343,4.359571879353103,0.6501196718371544,-1.5150583555053672,-0.001643329583767482,-0.001304787268721164,0.23539475541793453
lab011,F2,OFF->HOT,-20.0,343,21.21195335276968,-0.09677785771080234,9.494000874635569,-2.102028863772484,-2.5736836330439274,4.067843807111183,-1.414474978222362,-1.5856316597005529,-0.0011674656035861766,-0.0008289232885398587,0.21964292011980383
lab011,F2,OFF->HOT,-19.0,343,21.074198250728863,-0.14063963247636696,8.576954956268223,-3.05130194095518,-2.8896610818129833,3.264891301356911,-2.3637480554050585,-0.6396885237515213,-0.00038300489552592137,-4.4462580479603474e-05,0.1762875600213964
lab011,F2,OFF->HOT,-18.0,343,20.94125364431487,-0.1381457221107364,8.374075947521867,-3.277160299942269,-3.3422771434947567,2.916956584444021,-2.5896064143921476,-0.01719470203541645,0.0004308629421159456,0.0007694052571622636,0.15750085117573998
lab011,F2,OFF->HOT,-17.0,343,20.799708454810496,-0.13425088031501956,8.061655758017494,-3.605712332722021,-3.44062865894242,3.258585562944656,-2.918158447171899,-0.08487420756912345,0.0013160167994643675,0.0016545591145106853,0.17594708215055038
lab011,F2,OFF->HOT,-16.0,343,20.670116618075802,-0.12445193290674342,8.412979810495626,-3.2658222601102405,-3.417148615026748,3.635540664167405,-2.578268374560119,0.44710519962497036,0.001985265689567076,0.002323808004613394,0.19630074446223558
lab011,F2,OFF->HOT,-15.0,343,20.566326530612244,-0.07895573813941174,9.096387682215743,-2.5813485056767327,-3.0789242505345253,4.222712107575244,-1.8937946201266105,0.9639690579137312,0.002441367211364578,0.0027799095264108955,0.2280050223441943
lab011,F2,OFF->HOT,-14.0,343,20.499271137026238,-0.04374944783108051,10.706527842565597,-0.9526904318745515,-0.9238896720598829,4.747312055075917,-0.26513654632442973,2.266889244193302,0.002578481771532457,0.0029170240865787752,0.2563307570153029
lab011,F2,OFF->HOT,-13.0,343,20.498396501457727,0.03436825565105427,13.154571574344022,1.5274026163446432,1.8838490165942376,4.806973583645412,2.2149565018947652,2.4587303285119466,0.00228168911831522,0.002620231433361538,0.25955217675883063
lab011,F2,OFF->HOT,-12.0,343,20.581778425655976,0.13416758168944737,15.204409766763847,3.6123575030781723,4.504775694539084,3.8985861845598797,4.299911388628294,1.3940486616132557,0.001619602075739251,0.0019581443907855686,0.21050386753260408
lab011,F2,OFF->HOT,-11.0,343,20.761078717201165,0.21713048855905964,16.01146545189504,4.454891708214534,4.800495380675709,3.7949204607993674,5.142445593764656,0.045583361476585094,0.0007587108823791615,0.0010972531974254793,0.20490644458256665
lab011,F2,OFF->HOT,-10.0,343,20.995626822157433,0.23715244910580194,15.587457288629738,4.057876138603354,4.497589456551681,3.5991664833444896,4.745430024153476,-0.5985382335518403,-0.00020726993293595998,0.00013127238211035788,0.1943367233071105
lab011,F2,OFF->HOT,-9.0,343,21.212244897959184,0.17948960660330876,14.635063119533527,3.1176196527630573,3.9436954805126554,4.1405899038861556,3.805173538313179,-1.2736682984601215,-0.0009896667995147013,-0.0006511244844683834,0.2235708401385225
lab011,F2,OFF->HOT,-8.0,343,21.35276967930029,0.1086239319475472,13.720803935860058,2.1971808079843185,3.004762495699145,4.43986962275633,2.88473469353444,-0.8774110950518483,-0.0015544647616476531,-0.0012159224466013353,0.23973042602782466
lab011,F2,OFF->HOT,-7.0,343,21.422886297376095,0.02439513838930768,12.786132871720117,1.246153423317104,-0.1588571158413684,4.453126572036021,1.9337073088672259,-1.0407379939682189,-0.0017087280645254656,-0.0013701857494791477,0.24044623400614018
lab011,F2,OFF->HOT,-6.0,343,21.411078717201168,-0.0426589930963104,11.003763994169095,-0.5598578893538454,-1.2955115382718703,4.216198249048606,0.12769599619627645,-1.9654262684960575,-0.0015327964316539234,-0.0011942541166076058,0.2276533070434404
lab011,F2,OFF->HOT,-5.0,343,21.318075801749274,-0.13839309378667938,9.278781195335277,-2.3171469550201205,-2.6379056758110746,3.6890213953043327,-1.629593069469999,-1.8286449896210726,-0.0010716448633739098,-0.000733102548327592,0.19918843251370943
lab011,F2,OFF->HOT,-4.0,343,21.163848396501457,-0.17084043264801282,8.202301749271138,-3.420553279553949,-3.2137812204609837,2.7267098119168045,-2.732999394003827,-0.3274289313068408,-0.0003534689755711041,-1.4926660524786228e-05,0.14722849101574628
lab011,F2,OFF->HOT,-3.0,343,20.99067055393586,-0.15964055380964956,7.978462099125365,-3.661176344751111,-3.396612584356429,2.8231087113048914,-2.973622459200989,-0.25461677657255083,0.0005336417114659831,0.000872184026512301,0.1524335423308731
lab011,F2,OFF->HOT,-2.0,343,20.827405247813413,-0.17529438491537516,7.9264816326530605,-3.7175305512317665,-3.4853357332513717,2.8151379365601885,-3.0299766656816445,-0.04041972525753189,0.0014229298483465005,0.0017614721633928184,0.15200316094860783
lab011,F2,OFF->HOT,-1.0,343,20.684256559766762,-0.10724824252520926,7.817929446064141,-3.8181038582582603,-3.4764390784758135,2.8310451078631615,-3.1305499727081387,0.06309078138270288,0.0020760451189470557,0.002414587433993373,0.1528620674655501
lab011,F2,OFF->HOT,0.0,343,20.49868804664723,-0.16499943205482712,8.029645335276967,-3.5909469234614093,-3.5401005641184393,3.2706268235905345,-2.9033930379112878,0.7701337097300442,0.002581295211973153,0.002919837527019471,0.17659724911260558
lab011,F2,OFF->HOT,1.0,343,20.42784256559767,-0.06936377519467822,9.732881268221574,-1.8620150813512406,-2.6390074027046557,4.402791184837896,-1.1744611958011189,2.3275234095103094,0.0027088061797959843,0.003047348494842302,0.2377283785638466
lab011,F2,OFF->HOT,2.0,343,20.362973760932945,-0.01181957012860781,13.54519300291545,1.9804034387451128,2.7036705215613877,5.025100283328076,2.6679573242952346,4.716790181306256,0.0023597405308354706,0.0026982828458817884,0.2713299114866592
lab011,F2,OFF->HOT,3.0,343,20.43527696793003,0.14371284691984426,16.0984861516035,4.5644376513680225,4.68946607448742,3.27049725947987,5.251991536918145,0.4358911118181102,0.0015544704711718078,0.0018930127862181257,0.17659025330820438
lab011,F2,OFF->HOT,4.0,343,20.62055393586006,0.22455163883735169,16.25033527696793,4.741512052654836,4.808848378042789,3.149258077136847,5.429065938204958,-0.032863042946694065,0.00048513887370466496,0.0008236811887509828,0.1700439527850115
lab011,F2,OFF->HOT,5.0,343,20.872157434402332,0.2655093206113611,15.999490670553937,4.502614552593183,4.573820654199167,3.2733687849956716,5.1901684381433055,-0.34421967121778235,-0.0006435566017762598,-0.000305014286729942,0.17674530111224904
lab011,F2,OFF->HOT,6.0,343,21.13134110787172,0.2443224414069893,15.56613112244898,4.064630032595013,4.314527499006827,3.2723603470806237,4.752183918145135,-0.9077854683325995,-0.001692999626256795,-0.0013544573112104772,0.17669085058294567
lab011,F2,OFF->HOT,7.0,343,21.338629737609327,0.1611475016722825,13.967442274052479,2.450735720035819,3.3436864068310648,4.1816367291023715,3.138289605585941,-1.5771167233574153,-0.0024950821489110524,-0.0021565398338647345,0.22578716037588661
lab011,F2,OFF->HOT,8.0,343,21.450437317784257,0.05800234750672068,12.218420553935859,0.6840629940327235,0.26953315410893075,4.510775954600503,1.3716168795828454,-1.9705328950255725,-0.002945671077616104,-0.002607128762569786,0.2435590080776104
lab011,F2,OFF->HOT,9.0,343,21.458163265306123,-0.03589161081872488,10.637195043731777,-0.921008043017004,-2.0239615933337833,4.3341067745312545,-0.23345415746688225,-0.8798393145171468,-0.0030710882788137174,-0.0027325459637673995,0.23401976900020385
lab011,F2,OFF->HOT,10.0,343,21.3801749271137,-0.10091123647974917,9.645895772594752,-1.9396142873095081,-2.423676185534992,3.979301143150923,-1.2520604017593864,-0.9351437721912361,-0.00278795627077541,-0.0024494139557290923,0.21486206564515056
lab011,F2,OFF->HOT,11.0,343,21.26997084548105,-0.12712632362778142,9.059404008746355,-2.547955279758277,-2.4782829267512287,3.4787898486366955,-1.8604013942081552,-0.5564807816552975,-0.0021637001048163615,-0.0018251577897700438,0.18783699597854542
lab011,F2,OFF->HOT,12.0,343,21.12259475218659,-0.15218785102167012,8.679479737609329,-2.9317912029010573,-2.7491620873439118,3.253328875615961,-2.2442373173509353,-0.2491478106238032,-0.001278968396064196,-0.0009404260810178782,0.17566324771398403
lab011,F2,OFF->HOT,13.0,343,20.977988338192418,-0.14267287620057253,8.216439941690961,-3.3861914551607817,-3.286834263184498,3.0214240248853876,-2.69863756961066,-0.35844608898717645,-0.0004834321678445656,-0.00014488985279824783,0.1631415627576034
lab011,F2,OFF->HOT,14.0,343,20.834256559766764,-0.13759923264296342,7.97636195335277,-3.6100077373549917,-3.3122587611138066,3.0080875765249537,-2.9224538518048697,0.07866120376478539,0.0003332580832969617,0.0006718003983432794,0.16242146223240822
lab011,F2,OFF->HOT,15.0,343,20.70072886297376,-0.1331755707849001,8.373333017492712,-3.188916445762136,-3.1661191139333074,3.2920814474240063,-2.501362560212014,0.9138137698734042,0.0009043249675382025,0.0012428672825845204,0.17775568991129548
lab011,F2,OFF->HOT,16.0,343,20.587172011661806,-0.09630961846705252,10.202291034985421,-1.3319980889966725,-1.9173823690439127,4.580416185716811,-0.6444442034465507,2.624287814457913,0.0011997130651900869,0.0015382553802364045,0.24731922711391272
lab011,F2,OFF->HOT,17.0,343,20.521428571428572,-0.012690419395958755,12.794868294460642,1.2853690596004697,0.014936690512347361,5.261014277487022,1.9729229451505912,2.2010436688346564,0.0010712028836235732,0.001409745198669891,0.28406806984062893
lab011,F2,OFF->HOT,18.0,343,20.568950437317785,0.0945565610288638,14.41203112244898,2.9223999670306195,3.3578768255205453,4.721288359066869,3.609953852580741,1.3434169632624,0.0006501739715873547,0.0009887162866336725,0.2549256095084726
lab011,F2,OFF->HOT,19.0,343,20.70058309037901,0.16644453699847261,15.227655830903789,3.746238745264301,4.361918671383531,4.259792449168346,4.433792630814423,0.26372295535353274,-6.0056143837343826e-05,0.00027848617120897396,0.23000717259694273
lab011,F2,OFF->HOT,20.0,343,20.888921282798833,0.19591458104577583,15.414208454810497,3.923670634884915,4.462953209756565,3.879447092261363,4.611224520435036,-0.09425074863192213,-0.0008152241189148119,-0.00047668180386849397,0.20947045368482067
lab011,F2,OFF->HOT,21.0,343,21.077551020408166,0.1805093837163801,15.004899854227405,3.496530901329258,4.105906307519952,3.885100695219,4.18408478687938,-0.8809674707803182,-0.0015457888002294495,-0.0012072464851831319,0.20977571955089022
lab011,F2,OFF->HOT,22.0,343,21.238483965014577,0.12055709111102662,13.645885568513119,2.113926840563411,2.7120534398595293,4.238072654401853,2.801480726113533,-1.6309717071213794,-0.002081314857487562,-0.0017427725424412443,0.22883441391368758
lab011,F2,OFF->HOT,23.0,343,21.314868804664723,0.03509017707268427,11.821828206997084,0.26783730018194946,0.0060581513817967725,4.323661056678226,0.9553911857320713,-1.7676470970843416,-0.0024068678277969677,-0.00206832551275065,0.23345575325112916
lab011,F2,OFF->HOT,24.0,343,21.31413994169096,-0.039386366791614405,10.614047667638484,-0.9586400746110314,-1.551212356250673,4.26352939172906,-0.2710861890609096,-1.00707180364744,-0.0022915960642281605,-0.0019530537491818426,0.230208948529175
lab011,F2,OFF->HOT,25.0,343,21.238775510204082,-0.09469791627225989,9.628543002915453,-1.9607653741649647,-2.5908583071961147,4.091853979553422,-1.273211488614843,-0.8486922601292666,-0.0019866444955229487,-0.0016481021804766308,0.22093934757323117
lab011,F2,OFF->HOT,26.0,343,21.13061224489796,-0.11622177628008513,9.233122084548105,-2.360075050346438,-2.581965082359755,3.889971453640539,-1.6725211647963159,0.013605032974902904,-0.0014641508221287312,-0.0011256085070824131,0.2100387157851691
lab011,F2,OFF->HOT,27.0,343,21.01078717201166,-0.12142036777605285,9.0589,-2.521842168552152,-2.5359492786924105,3.736560285406463,-1.8342882830020306,-0.35918651634561755,-0.0008243275497082186,-0.0004857852346619007,0.20175529130583733
lab011,F2,OFF->HOT,28.0,343,20.886880466472302,-0.11469211061047781,8.789812973760933,-2.7696798320299627,-2.9122621589003392,3.6684827422269373,-2.0821259464798407,-0.053277563345176256,-0.0002027014668557251,0.00013584084819059269,0.19807944948703557
lab011,F2,OFF->HOT,29.0,343,20.794169096209913,-0.10060454608559617,8.650830174927114,-2.8771291067517692,-2.98588059990821,3.659755537632089,-2.1895752212016477,0.3613698065031784,0.00030360806801333734,0.0006421503830596551,0.19760822473195908
lab011,F2,OFF->HOT,30.0,343,20.690379008746355,-0.08455189125743072,9.369324416909622,-2.1214223578341413,-2.6954432886791837,4.148457161985177,-1.4338684722840196,1.241705504016623,0.0005926479559526778,0.0009311902709989957,0.22399563214729737
lab012,F3,COLD->OFF,-30.0,352,19.22215909090909,-0.06328832152695785,8.372154119318182,-1.2386117502480583,-1.1869091246871757,2.4633528590354308,-2.4263606801763107,-0.48942180022555154,-0.000266726942080589,0.006180394916000842,0.13129714854574873
lab012,F3,COLD->OFF,-29.0,352,19.143323863636365,-0.07675127902400623,8.133738494318182,-1.490648265883251,-1.7253937843629212,2.1862275556055506,-2.678397195811504,0.08501027605566967,-0.00037737142600278425,0.006069750432078646,0.11652632024286963
lab012,F3,COLD->OFF,-28.0,352,19.06747159090909,-0.08362234356552538,8.282190411931818,-1.3542500815806167,-1.5362122542076913,2.13337543464652,-2.541999011508869,0.08933154256174279,-0.0004339018014740391,0.00601322005660739,0.11370929273052496
lab012,F3,COLD->OFF,-27.0,352,18.98380681818182,-0.06964408697363218,8.34611377840909,-1.3009153896509789,-1.4191674451283292,2.124377174281482,-2.488664319579232,0.014716209518991713,-0.00043249716884597426,0.006014624689235456,0.11322968384157986
lab012,F3,COLD->OFF,-26.0,352,18.918892045454545,-0.06795429948839021,8.433923721590908,-1.2223591090847064,-1.5607651132923497,2.378191526220532,-2.4101080390129592,0.08626183229489201,-0.000506155326062854,0.005940966532018575,0.126758034255265
lab012,F3,COLD->OFF,-25.0,352,18.8515625,-0.06415412239275872,8.476949005681819,-1.1882986232694077,-1.5935360626872228,2.5705136525546717,-2.376047553197661,0.10120954112164776,-0.0007628210947239074,0.005684300763357522,0.13700883803163316
lab012,F3,COLD->OFF,-24.0,352,18.789488636363636,-0.04762888626524977,8.716046164772727,-0.9539316714037102,-1.2781272641296164,2.5161386888883572,-2.141680601331963,0.5802711618548386,-0.001105706115162449,0.005341415742918981,0.13411064273026604
lab012,F3,COLD->OFF,-23.0,352,18.765198863636364,-0.0044150924832744905,9.587580823863636,-0.07760675550478725,-0.6398381600595124,3.5195054518364106,-1.26535568543304,1.19591094242478,-0.0016367985857836575,0.004810323272297772,0.18759027088724978
lab012,F3,COLD->OFF,-22.0,352,18.78678977272727,0.06254673356946087,10.838634232954545,1.1849348857501134,-0.06652462722439023,4.136611082670168,-0.0028140441781393864,1.5668874221664637,-0.0023541667490411676,0.004092955109040262,0.22048211152745925
lab012,F3,COLD->OFF,-21.0,352,18.88778409090909,0.12784828807556073,12.456096306818182,2.8219450238176673,1.1721997356411729,4.143754751501818,1.634196093889415,0.9354758313626603,-0.0031085697447962063,0.0033385521132852235,0.220862870355538
lab012,F3,COLD->OFF,-20.0,352,19.034943181818182,0.15006272136953908,12.68211434659091,3.068656899319036,3.2517830829734793,3.8706337035084672,1.8809079693907826,-0.301207020223238,-0.003883399798524,0.00256372205955743,0.20630546958454365
lab012,F3,COLD->OFF,-19.0,352,19.172301136363636,0.12263626524990094,11.952215696022728,2.3553357693924175,1.2848035454727889,3.536441021484028,1.1675868394641646,-0.9248023533563291,-0.00461883210092378,0.00182828975715765,0.18849293978244036
lab012,F3,COLD->OFF,-18.0,352,19.274857954545453,0.07590638528138541,11.028588920454546,1.4439190277474447,0.3406648821137139,3.3741841622543953,0.25617009781919203,-1.0417651023743648,-0.005286666621500284,0.0011604552365811456,0.1798446201270981
lab012,F3,COLD->OFF,-17.0,352,19.31306818181818,8.731798504554603e-05,9.725104474431818,0.14485773432646154,-0.06310426432895555,3.2941729905323642,-1.0428911956017912,-1.3975975619032668,-0.005755081238201345,0.0006920406198800851,0.17558001034520088
lab012,F3,COLD->OFF,-16.0,352,19.27897727272727,-0.06207201889020066,8.27916747159091,-1.3062458358056757,-1.6864636148973218,2.5427806826807413,-2.4939947657339285,-1.2182223083850376,-0.005970125730709193,0.00047699612737223655,0.13553066577068554
lab012,F3,COLD->OFF,-15.0,352,19.196732954545453,-0.08807433097205865,7.767141477272728,-1.8265344963169012,-2.060409515620331,1.9423572589594233,-3.014283426245154,0.0007781101953747969,-0.005941057417251413,0.0005060644408300182,0.10352798975716725
lab012,F3,COLD->OFF,-14.0,352,19.1046875,-0.09875418142463528,7.913831747159091,-1.6873442376703336,-1.7544399144086622,1.9222208590169814,-2.8750931675985862,0.11983872104565232,-0.005717750835332999,0.0007293710227484318,0.10245471603402932
lab012,F3,COLD->OFF,-13.0,352,19.006960227272728,-0.09123622589531677,8.01972315340909,-1.5861532199722097,-1.6391140759570244,1.9370047996261035,-2.773902149900462,0.1368043469783061,-0.005448232824394641,0.0009988890336867886,0.10324270271613523
lab012,F3,COLD->OFF,-12.0,352,18.91633522727273,-0.07842015938606829,8.17950965909091,-1.4280622709676953,-1.5845521588705629,2.0221680344560995,-2.615811200895948,0.2810657838011894,-0.005210429591235074,0.001236692266846356,0.10778191838436428
lab012,F3,COLD->OFF,-11.0,352,18.850142045454547,-0.05988046044864201,8.3761265625,-1.2342704792973345,-1.6628219624752791,2.9327836502340583,-2.422019409225587,0.13447245820142448,-0.00511015555435399,0.0013369663037274407,0.1563178937864808
lab012,F3,COLD->OFF,-10.0,352,18.79346590909091,-0.04753049980322688,8.696491335227272,-0.9159976805721527,-1.6633339818512178,3.351661586168078,-2.1037466105004055,0.25208029859060394,-0.005122042570058968,0.0013250792880224614,0.17864416278815393
lab012,F3,COLD->OFF,-9.0,352,18.75,-0.034534878000787826,8.899729758522726,-0.7143860935019636,-1.285931321561545,3.5160204718093406,-1.9021350234302163,0.2932578938590292,-0.005314273216435386,0.0011328486416460446,0.1874045208276857
lab012,F3,COLD->OFF,-8.0,352,18.72883522727273,0.0011031582054308623,9.481872017045454,-0.13201303694450808,-0.2706221643201531,3.572935238266426,-1.319761966872761,1.0569815796836166,-0.005615423189228619,0.0008316986688528103,0.19043808807265142
lab012,F3,COLD->OFF,-7.0,352,18.78068181818182,0.09980691656828036,11.614502414772728,2.004545123996057,0.43551039616515386,4.245933295707595,0.8167961940678045,2.6835216940719566,-0.00605441024543513,0.0003927116126462996,0.2263090050607493
lab012,F3,COLD->OFF,-6.0,352,18.93309659090909,0.19556277056277055,13.527397301136364,3.9270267334099147,3.810167035910066,3.7841285307045767,2.7392778034816625,0.503206762160476,-0.006537140284525198,-9.00184264437681e-05,0.20169472838197983
lab012,F3,COLD->OFF,-5.0,352,19.146022727272726,0.21225895316804355,13.284471448863638,3.689992933929391,4.002123952388134,3.1000890545602413,2.5022440040011387,-0.6905831219402437,-0.007100238098479878,-0.0006531162403984484,0.16523530179960763
lab012,F3,COLD->OFF,-4.0,352,19.34318181818182,0.18407369146005495,12.641135227272729,3.046255499782221,2.865333380809709,2.671677517340223,1.858506569853968,-0.475947854947289,-0.007387316422423559,-0.0009401945643421294,0.14240089014202859
lab012,F3,COLD->OFF,-3.0,352,19.5,0.11295257772530505,11.770254261363636,2.176043867773956,1.9406468623620006,3.125329312752892,0.9882949378457032,-1.3920863745545118,-0.0074825557922633176,-0.0010354339341818875,0.16658061208152605
lab012,F3,COLD->OFF,-2.0,352,19.545312499999998,-0.017718171979535565,9.871983380681819,0.27580484320080306,-0.30870247496091385,3.4115454281696005,-0.9119440867274498,-2.195425125386009,-0.007282628596438843,-0.0008355067383574142,0.18183598229136663
lab012,F3,COLD->OFF,-1.0,352,19.493039772727272,-0.08544249311294831,8.121497017045455,-1.479782891791192,-1.942394747592683,2.288167629851961,-2.6675318217194444,-1.1591442906353615,-0.006575190165525397,-0.00012806830744396786,0.12195974445653933
lab012,F3,COLD->OFF,0.0,352,19.344886363636363,-0.142174586776859,7.387829971590909,-2.2167056988719747,-2.593778120552771,2.0492661917875603,-3.4044546288002278,-0.06260978868814354,-0.005618160947920485,0.0008289609101609451,0.1092262550231104
lab012,F3,COLD->OFF,1.0,352,19.240482954545453,-0.11007354388036136,7.658547585227273,-1.948059682763371,-1.8878880812632999,1.9097548584848643,-3.1358086126916236,0.11032177073864934,-0.004465763992041722,0.001981357866039708,0.10179027597314512
lab012,F3,COLD->OFF,2.0,352,19.124573863636364,-0.11940795946477699,7.645284801136364,-1.9594326104556818,-2.0403455602269247,2.1200986504729347,-3.1471815403839343,-0.04256010059478746,-0.003138309959121026,0.003308811898960404,0.11300163775634815
lab012,F3,COLD->OFF,3.0,352,19.003835227272727,-0.1117178276269187,7.609329048295454,-1.991540393679177,-2.1242430061129833,2.3657475138144246,-3.1792893236074296,0.06030382603820112,-0.001759252805644284,0.004687869052437146,0.1260947661654349
lab012,F3,COLD->OFF,4.0,352,18.90724431818182,-0.09402056277056249,7.577930681818182,-2.0182198147532544,-2.1732077090921975,2.3752325940577195,-3.2059687446815066,-0.03506247513718979,-0.0003674934407991617,0.006079628417282268,0.12660032264107515
lab012,F3,COLD->OFF,5.0,352,18.811505681818183,-0.09222009051554547,7.61050184659091,-1.982469425935127,-2.2021289870037712,2.357207844639154,-3.1702183558633794,0.0027681392966767584,0.000779276483841837,0.007226398341923266,0.125639600269033
lab012,F3,COLD->OFF,6.0,352,18.728551136363635,-0.07260674931129449,7.63041328125,-1.959664882953261,-2.150243065997449,1.9483811706491698,-3.147413812881514,0.15196924494230826,0.0018023657248610375,0.008249487582942467,0.10384906532904646
lab012,F3,COLD->OFF,7.0,352,18.674005681818183,-0.037240505706415065,8.530974431818182,-1.05868161121176,-1.5947169873974478,2.896792267771925,-2.246430541140013,1.5464904514277598,0.002562306131767168,0.009009427989848598,0.1543995466555919
lab012,F3,COLD->OFF,8.0,352,18.675426136363637,0.04527376033057881,10.22590596590909,0.6384082967850939,-0.4141265129006608,3.913479684561782,-0.5493406331431588,1.8357376619526085,0.0031023789801922874,0.009549500838273718,0.20858916804792507
lab012,F3,COLD->OFF,9.0,352,18.771448863636365,0.14705086580086563,12.099297940340909,2.5152386614383264,0.08333869831394508,4.390236016403828,1.3274897315100735,1.3084710178660646,0.0033365453510472457,0.009783667209128676,0.2340003659168744
lab012,F3,COLD->OFF,10.0,352,18.940482954545455,0.1786624360487991,12.472099147727272,2.8861826228599585,3.1661697608702406,3.894935322106757,1.6984336929317059,-0.2415900834950855,0.0033889371286722494,0.00983605898675368,0.20760075020798271
lab012,F3,COLD->OFF,11.0,352,19.110795454545453,0.1553903482880751,12.258182528409092,2.664341953542273,3.33680535212818,3.2978562372664504,1.4765930236140201,-0.43159135590026254,0.003372798198129991,0.009819920056211422,0.1757763280557563
lab012,F3,COLD->OFF,12.0,352,19.236363636363635,0.08700191853600941,11.36656796875,1.7673324286099614,0.41469504982666516,3.4613376121371395,0.5795834986817087,-1.2589140715926332,0.0032955092592689707,0.009742631117350402,0.18448991461406405
lab012,F3,COLD->OFF,13.0,352,19.277556818181818,0.0014794864226685663,10.034005042613636,0.43615110603439516,-0.052865903379783585,3.4878858183722175,-0.7515978238938575,-1.2415237648509378,0.003378423819169624,0.009825545677251054,0.18590493876088282
lab012,F3,COLD->OFF,14.0,352,19.251278409090908,-0.04617645611963781,8.89056669034091,-0.7041717903322929,-0.9406344132070013,3.1041998398012733,-1.8919207202605457,-0.7140222689573231,0.003653899814292377,0.010101021672373806,0.16545440738915065
lab012,F3,COLD->OFF,15.0,352,19.19474431818182,-0.06546266233766239,8.653791761363637,-0.932619087926374,-1.057941822546466,2.8702980771543496,-2.1203680178546267,-0.3390901352923533,0.003977056407054649,0.010424178265136079,0.15298740155085963
lab012,F3,COLD->OFF,16.0,352,19.120738636363637,-0.07287239275875647,8.320286789772727,-1.2510375555585922,-1.5265091125207473,2.2140827743142797,-2.438786485486845,0.0035774893812776003,0.004445476694421242,0.010892598552502672,0.11801100838860544
lab012,F3,COLD->OFF,17.0,352,19.05497159090909,-0.06630263675718212,8.454803125,-1.1031146140770385,-1.4560310499418838,2.88794829948059,-2.290863544005291,-0.05421435754280331,0.00485440563968605,0.011301527497767479,0.15392816156180716
lab012,F3,COLD->OFF,18.0,352,18.985795454545453,-0.06171044864226709,8.338837073863637,-1.2028493905175697,-1.546374456033588,2.7955652962864805,-2.390598320445822,-0.1339848192638333,0.005298073238463167,0.011745195096544597,0.1490041309467905
lab012,F3,COLD->OFF,19.0,352,18.926420454545454,-0.05781434474616261,8.176935227272727,-1.347250066793604,-1.5940884798265809,2.29739108290665,-2.534998996721857,-0.04631672492981486,0.005653109617159727,0.012100231475241157,0.12245135615617235
lab012,F3,COLD->OFF,20.0,352,18.878125,-0.04449035812672164,8.13926875,-1.3679738553125973,-1.8221877356909624,2.303087666066352,-2.55572278524085,0.1344060270516238,0.0059638014380591405,0.01241092329614057,0.12275498505877928
lab012,F3,COLD->OFF,21.0,352,18.832102272727273,-0.03738931523022416,8.463297443181817,-1.030027948375068,-1.629210909439017,2.777916105570976,-2.217776878303321,0.4063363002160514,0.0060982579047340136,0.012545379762815443,0.1480634259208799
lab012,F3,COLD->OFF,22.0,352,18.811079545454547,-0.0011252951593856823,9.075476775568182,-0.4082032480402274,-0.7521404363648256,3.1736870896237934,-1.59595217796848,0.759546432552887,0.006024408734844417,0.012471530592925849,0.1691580902490863
lab012,F3,COLD->OFF,23.0,352,18.835227272727273,0.048709907516725576,10.137838352272727,0.6586182106611808,-0.07530219709767211,3.819265760416575,-0.5291307192670719,1.228942576934037,0.0057241037792794824,0.012171225637360911,0.20356754901831725
lab012,F3,COLD->OFF,24.0,352,18.914772727272727,0.11024449035812657,11.243236221590909,1.762383267288756,0.19885383398654666,3.927980221126821,0.5746343373605035,1.0446580991088188,0.00527263944260918,0.011719761300690608,0.20936204924372684
lab012,F3,COLD->OFF,25.0,352,19.042329545454546,0.13639069264069273,11.93191768465909,2.437921031251762,1.0518837380529407,3.8996413258499607,1.2501721013235094,0.166889492285226,0.0047378565333615645,0.011184978391442994,0.2078515810502885
lab012,F3,COLD->OFF,26.0,352,19.168323863636363,0.11734676308539914,11.888293536931819,2.373720687175052,1.1738191613718465,3.884704245104551,1.1859717572467992,-0.3137534755575868,0.004136193718964279,0.01058331557704571,0.2070554319714928
lab012,F3,COLD->OFF,27.0,352,19.269744318181818,0.07375910074773719,11.161161647727273,1.6282735832240554,0.2843483976806357,3.7633607757664778,0.4405246532958025,-0.8745347481737745,0.0035527522140711893,0.00999987407215262,0.2005878033245047
lab012,F3,COLD->OFF,28.0,352,19.308948863636363,0.004084268004722361,10.360276846590908,0.8142559193808367,-0.03566348296160382,3.7247756241434784,-0.37349301054741596,-1.1467954953579313,0.0031302037353289026,0.009577325593410332,0.19853120783282638
lab012,F3,COLD->OFF,29.0,352,19.284375,-0.04234061393152258,9.041872017045455,-0.5081533268080488,-0.574725636893314,3.240676342640295,-1.6959022567363016,-1.0269556435194753,0.002831870620829687,0.009278992478911117,0.17272862943189762
lab012,F3,COLD->OFF,30.0,352,19.230255681818182,-0.06660271546635217,8.527563920454545,-1.0161832466604823,-1.2559753058068612,2.477093749452574,-2.2039321765887347,-0.13296624427671666,0.0027124190755623656,0.009159540933643795,0.13202954046582344
lab012,F3,HOT->OFF,-30.0,241,20.26058091286307,0.15464963805212764,15.130592116182571,2.7664824051449384,4.216364667438077,4.559799969153805,4.9513825704717895,1.3697861561202365,0.00027749878439339306,-0.0016461915512742526,0.29372253651927277
lab012,F3,HOT->OFF,-29.0,241,20.4298755186722,0.17430259919886415,16.1038387966805,3.7721943779470912,5.033845767213614,4.085434439998496,5.957094543273943,0.34093949340332386,-0.00023313213525124555,-0.002156822470918891,0.2631659666251199
lab012,F3,HOT->OFF,-28.0,241,20.593153526970955,0.1461999964074656,15.502385684647304,3.2065040088073222,4.76327914462958,3.93819971165358,5.391404174134173,-1.0278683902064232,-0.0007007822538226833,-0.002624472589490329,0.2536817440351495
lab012,F3,HOT->OFF,-27.0,241,20.72738589211618,0.11006268973073907,14.527984647302905,2.255992149540149,3.926492348442949,3.986769962999852,4.440892314867001,-0.9696800908590432,-0.0011344199322505732,-0.0030581102679182186,0.256810428960215
lab012,F3,HOT->OFF,-26.0,241,20.809336099585064,0.04832857322483957,13.39159377593361,1.1286779528951674,1.2386865920534644,3.843193637283976,3.313578118222019,-1.47288742638418,-0.0014831437651997741,-0.0034068341008674195,0.24756186479979844
lab012,F3,HOT->OFF,-25.0,241,20.808713692946057,-0.04389358912180513,11.225717323651454,-1.046690417247236,-2.1885012971930085,3.4370100970008255,1.1382097480796156,-1.8180447622351605,-0.0014181424239367451,-0.003341832759604391,0.2213972828989644
lab012,F3,HOT->OFF,-24.0,241,20.740871369294606,-0.09002532736972556,10.339560269709544,-1.9509265421700368,-2.590339946163091,2.807043744493862,0.2339736231568149,-0.5327288380071281,-0.0010855741636337816,-0.0030092644993014272,0.18081758286127217
lab012,F3,HOT->OFF,-23.0,241,20.633609958506224,-0.11145479693197545,10.202786721991702,-2.1081254057611134,-2.730373687203821,2.444704102355966,0.07677475956573843,0.17920718061565158,-0.0005608121245137736,-0.0024845024601814194,0.15747723471218905
lab012,F3,HOT->OFF,-22.0,241,20.519917012448133,-0.11782615724524406,10.395451452282158,-1.9296561033604958,-2.544865530655626,2.536656664341948,0.2552440619663561,0.13773215367146308,7.756892739597672e-05,-0.001846121408271669,0.1634004199239694
lab012,F3,HOT->OFF,-21.0,241,20.41286307053942,-0.09700202978211209,10.491667012448133,-1.8461157682375897,-2.345295152916688,2.359877974392982,0.338784397089262,0.012557335259149233,0.0005973815201825631,-0.0013263088154850825,0.15201310347026095
lab012,F3,HOT->OFF,-20.0,241,20.32240663900415,-0.08132061576044936,10.383727385892117,-1.966966276712043,-2.349889506464864,2.230364980016689,0.21793388861480884,0.048254545796969785,0.0011255180904906445,-0.000798172245177001,0.1436704381170107
lab012,F3,HOT->OFF,-19.0,241,20.24149377593361,-0.08152898277379605,10.5684744813278,-1.7917594863115764,-2.409972040285039,2.4203975176479045,0.3931406790152753,0.18473867220114887,0.0014310171472992409,-0.0004926731883684048,0.15591150995170194
lab012,F3,HOT->OFF,-18.0,241,20.16846473029046,-0.0666989994790827,10.658939211618257,-1.7083857929464075,-2.2965140691818418,2.536604819602832,0.4765143723804442,0.12192743050045637,0.0016150064887928634,-0.000308683846874782,0.16339708031074482
lab012,F3,HOT->OFF,-17.0,241,20.116597510373445,-0.027123637082144398,11.498530912863071,-0.8704368701961601,-2.0791386543400776,3.341985999757565,1.3144632951306916,1.6242832242656848,0.0015546460541589727,-0.000369044281508673,0.2152762427082641
lab012,F3,HOT->OFF,-16.0,241,20.128008298755184,0.06722530581451694,13.519864211618257,1.1664831744904847,-1.3480539260183706,4.659596582242563,3.3513833398173363,2.7750041579764346,0.0012768045218281433,-0.0006468858138395021,0.30015100148062107
lab012,F3,HOT->OFF,-15.0,241,20.265352697095434,0.20417811787106394,16.418753112033194,4.089701911258154,5.506229777286418,4.626564603881035,6.274602076585006,2.1989402282688464,0.0007053376427362761,-0.0012183526929313692,0.2980232247061504
lab012,F3,HOT->OFF,-14.0,241,20.494813278008298,0.2437067773167354,17.06543755186722,4.757719993851579,5.57879514952983,3.749506979722623,6.942620159178431,-0.6052730971537584,7.087354166873971e-05,-0.0018528167939989057,0.24152697667244932
lab012,F3,HOT->OFF,-13.0,241,20.722199170124483,0.19837437804242739,15.930097199170124,3.643096606282579,5.039922986224539,3.5497881615055515,5.82799677160943,-0.972670750066095,-0.00046730493423969264,-0.0023909952699073377,0.22866195665530237
lab012,F3,HOT->OFF,-12.0,241,20.88298755186722,0.13495356648883644,14.943096576763486,2.673064640276127,4.323991967623737,3.980435952445247,4.857964805602978,-1.3838560800295252,-0.0008746638147565083,-0.002798354150424154,0.25640241947317083
lab012,F3,HOT->OFF,-11.0,241,20.96473029045643,0.01807583840778827,13.378766078838174,1.1183407889502215,-0.27243996151911176,4.01358635207241,3.303240954277073,-2.1248011336494335,-0.0010186863123956406,-0.002942376648063286,0.2585378244319381
lab012,F3,HOT->OFF,-10.0,241,20.92427385892116,-0.08450180524869297,10.485273236514523,-1.7748259966478412,-2.612322272269915,3.0360039812947544,0.41007416867901053,-2.468986978732711,-0.0008542670152780723,-0.002777957350945718,0.195566208233032
lab012,F3,HOT->OFF,-9.0,241,20.808298755186723,-0.13810960823408985,9.25910539419087,-3.00310591637965,-2.983130995242533,1.4157879249789902,-0.8182057510527984,-0.20274598742996564,-0.0002869772847010156,-0.0022106676203686613,0.09119891734534989
lab012,F3,HOT->OFF,-8.0,241,20.6603734439834,-0.15830683838982518,9.441103112033195,-2.823842709916915,-2.7119252435643997,1.3605943302712087,-0.6389425445900633,0.19281165848223444,0.0005385029387117987,-0.0013851873969558468,0.08764358536875996
lab012,F3,HOT->OFF,-7.0,241,20.504979253112033,-0.15466041565626576,9.622209336099585,-2.6451260061725197,-2.6455020993839815,1.3534204006859039,-0.46022584084566803,0.1404261079425751,0.0015349859635761607,-0.00038870437209148466,0.08718147194078925
lab012,F3,HOT->OFF,-6.0,241,20.350622406639005,-0.14165543999568928,9.654709128630707,-2.610142173170319,-2.521643587217187,1.3229951060084504,-0.4252420078434673,-0.00032485282242246296,0.002412365880677767,0.0004886755450101213,0.0852216064231213
lab012,F3,HOT->OFF,-5.0,241,20.236929460580914,-0.10385658601426179,9.68740020746888,-2.5740033314921025,-2.5099218609245852,1.5387688583970085,-0.38910316616525087,0.0836730207833599,0.0030483276849510082,0.0011246373492833628,0.09912081566356748
lab012,F3,HOT->OFF,-4.0,241,20.12033195020747,-0.12231502936897042,9.664865767634854,-2.5949962262041533,-2.592778080760337,1.5035865705059424,-0.4100960608773012,-0.057766058023582624,0.0034310837151817057,0.0015073933795140603,0.09685452527587028
lab012,F3,HOT->OFF,-3.0,241,20.020746887966805,-0.0901941765012311,9.875441493775934,-2.3843212541407537,-2.492346853560335,2.273598078226619,-0.199421088813902,0.3546719424860943,0.003592513541385351,0.0016688232057177055,0.14645532678618714
lab012,F3,HOT->OFF,-2.0,241,19.921784232365145,-0.08775843796590853,10.394326452282158,-1.8607727018370621,-2.122462973244155,2.5895901806964754,0.3241274634897896,0.789790099255659,0.003284630049582094,0.0013609397139144482,0.16681016745581595
lab012,F3,HOT->OFF,-1.0,241,19.87551867219917,0.018494368701837398,12.668413278008298,0.42213466269279926,-1.5430383760944615,4.011086766565546,2.6070348280196507,5.6675666175761155,0.0025357378825896578,0.0006120475469220122,0.2583768119751879
lab012,F3,HOT->OFF,0.0,241,20.06182572614108,0.31037703651811516,19.73043962655602,7.496312953768774,7.696020179609488,2.976186980910981,9.681213119095625,2.8969728967076644,0.0014424940511943024,-0.00048119628447334313,0.19171305651616916
lab012,F3,HOT->OFF,1.0,241,20.370539419087137,0.30589355319645656,17.70394917012448,5.475085339857779,5.715915458029695,1.9818483507879312,7.659985505184631,-1.9008450780471373,0.00011200806892857331,-0.001811682266739072,0.1276620747681604
lab012,F3,HOT->OFF,2.0,241,20.67240663900415,0.2952273176339564,17.0647989626556,4.835296966082169,5.171233182215367,1.932510966600606,7.02019713140902,-0.612667123583645,-0.0011598584382844046,-0.00308354877395205,0.1244839744728055
lab012,F3,HOT->OFF,3.0,241,20.944398340248963,0.22017926748217204,16.214039004149377,3.979073286399207,4.340186265020893,2.3597208984761533,6.163973451726059,-1.1728043266344035,-0.0021633839066186903,-0.0040870742422863355,0.15200298532099363
lab012,F3,HOT->OFF,4.0,241,21.073858921161825,0.040507625154927715,13.774671473029045,1.5359131764818206,2.6687804047939547,4.147059482436244,3.720813341808672,-3.413652729601186,-0.003038285550139631,-0.004961975885807277,0.2671355845689707
lab012,F3,HOT->OFF,5.0,241,21.047510373443984,-0.05955524420254681,10.98032427385892,-1.2623592234162389,-2.56108654562473,3.4517830719681757,0.922540941910613,-1.3283745418467368,-0.0033121818002645183,-0.005235872135932164,0.22234889387065163
lab012,F3,HOT->OFF,6.0,241,20.96701244813278,-0.10518402759066688,10.566641908713693,-1.6738794546986815,-2.6854959937197878,2.8294837735018743,0.5110207106281701,-0.6059749669286286,-0.003151248328009028,-0.005074938663676674,0.18226307219948598
lab012,F3,HOT->OFF,7.0,241,20.8344398340249,-0.15059725889601352,10.02425082987552,-2.2111053846551534,-2.5968059201991185,2.062131654198043,-0.026205219328301603,-0.07392184149513835,-0.0026893134869628234,-0.004613003822630469,0.13283357695625758
lab012,F3,HOT->OFF,8.0,241,20.690041493775933,-0.14290564207576661,9.969030082987553,-2.2580781455944443,-2.421270196538634,2.174688609902771,-0.07317798026759258,-0.06648159578119531,-0.002018419370008722,-0.003942109705676368,0.14008400784272815
lab012,F3,HOT->OFF,9.0,241,20.546473029045643,-0.1317741732679493,9.810865663900415,-2.402573655280846,-2.423760436252456,2.0854211930006468,-0.21767348995399416,-0.09667670773501627,-0.0011405037866955101,-0.0030641941223631558,0.13433378803080925
lab012,F3,HOT->OFF,10.0,241,20.41867219917012,-0.12883907240753664,9.730763278008299,-2.4693426936848932,-2.49061002086301,2.0616866235777644,-0.2844425283580415,-0.10670902389072795,-0.00023974092119224608,-0.002163431256859892,0.13280491001395725
lab012,F3,HOT->OFF,11.0,241,20.2896265560166,-0.1242082951626516,9.610202697095435,-2.5769746904368453,-2.5608189782295963,2.002822392515355,-0.39207452510999363,-0.03674092147354992,0.0006474059674919622,-0.0012762843681756834,0.12901313156427316
lab012,F3,HOT->OFF,12.0,241,20.176141078838175,-0.10833108799913815,9.69724502074689,-2.4802454300121086,-2.5428905808543805,2.203525215238868,-0.29534526468525674,0.3407774407128654,0.0012329348116401945,-0.0006907555240274511,0.1419415368837434
lab012,F3,HOT->OFF,13.0,241,20.08008298755187,-0.07372599737745013,10.367914937759336,-1.801278599455289,-2.283344245716761,2.9111510192410277,0.3836215658715628,1.1393776599611032,0.0015308657400479484,-0.00039282459561969707,0.18752372194976405
lab012,F3,HOT->OFF,14.0,241,20.04439834024896,0.023647859747444752,12.248930082987552,0.08311566855467983,-1.7800085871839344,4.5048827918338255,2.2680158338815315,3.0262369891389445,0.0015789878311879358,-0.0003447025044797097,0.2901850101518833
lab012,F3,HOT->OFF,15.0,241,20.13838174273859,0.16242567943812733,15.313053734439833,3.145904012910514,4.1490998760619116,4.830762783334546,5.330804178237366,2.0500319366643196,0.0014076666528523927,-0.0005160236828152529,0.31117678574554686
lab012,F3,HOT->OFF,16.0,241,20.347925311203323,0.24015196421835422,16.34149211618257,4.1634069653642705,5.427894572719648,4.121665286554214,6.348307130691123,0.38133940360126983,0.000937954458783597,-0.0009857358768840484,0.2654998006140176
lab012,F3,HOT->OFF,17.0,241,20.59460580912863,0.23056708160442652,16.097595228215766,3.8979722479007353,5.1926337630268655,3.5173087725182404,6.082872413227586,-0.7706413714683411,0.0003979040044312489,-0.001525786331236397,0.2265697752915397
lab012,F3,HOT->OFF,18.0,241,20.78423236514523,0.15452210306982056,15.170560995850622,2.9460961837910036,4.619221714834975,3.72810307537204,5.130996349117855,-1.3819996098461182,-5.144803979602291e-05,-0.0019751383754636684,0.24014822999062158
lab012,F3,HOT->OFF,19.0,241,20.879253112033194,0.02784573655942897,13.414545124481327,1.1726358700128225,0.2056837504996487,4.11260903940428,3.357536035339674,-2.07227644317886,-0.00029516866022548757,-0.0022188589958931334,0.26491643645282226
lab012,F3,HOT->OFF,20.0,241,20.847302904564316,-0.06996820606779056,11.208889730290455,-1.043384905144849,-2.406756328566498,3.5506608616556457,1.1415152601820029,-1.5127023070109546,-0.00029254914699219865,-0.0022162394826598444,0.2287181722137568
lab012,F3,HOT->OFF,21.0,241,20.760165975103735,-0.09984911354205948,10.718440352697094,-1.5314130239548893,-2.5627722477868495,2.905840297846217,0.6534871413719624,-0.07503458086015392,-7.746080112748654e-05,-0.002001151136795132,0.18718162831202045
lab012,F3,HOT->OFF,22.0,241,20.65726141078838,-0.10922742540999772,10.601621784232366,-1.6346186847888353,-2.4926263443379577,2.71535663172866,0.5502814805380166,-0.1960527534842657,0.0005378893640946189,-0.0013858009715730266,0.17491149673694567
lab012,F3,HOT->OFF,23.0,241,20.542116182572613,-0.10945734763162114,10.460468257261411,-1.7569506543201745,-2.5552636057035274,2.7891821489107147,0.4279495110066773,-0.08108004675992848,0.0011930992842603002,-0.0007305910514073454,0.17966701634597457
lab012,F3,HOT->OFF,24.0,241,20.434854771784234,-0.09858993012519898,10.386472821576765,-1.810931544657167,-2.351144566511219,2.7265304389110203,0.37396862066968467,-0.0383055235124621,0.0017332940424696743,-0.00019039629319797137,0.17563126493080994
lab012,F3,HOT->OFF,25.0,241,20.34460580912863,-0.08975409099890372,10.298283195020748,-1.87617692102732,-2.456880802808321,2.5612446171744323,0.30872324429953163,-0.03797604440927624,0.0023055237195833095,0.0003818333839156639,0.16498426919863698
lab012,F3,HOT->OFF,26.0,241,20.260165975103735,-0.0763323813116335,10.324483402489626,-1.8261109918184333,-2.3067570612427515,2.7085546358554846,0.3587891735084185,0.24505378243184023,0.002756547475335855,0.0008328571396682096,0.1744733416655
lab012,F3,HOT->OFF,27.0,241,20.198547717842324,-0.057999676671876325,10.683246058091287,-1.4407113311031094,-2.2655572455081874,3.2087474201249333,0.7441888342237425,0.5254052148601622,0.003014757865595826,0.0010910675299281806,0.20669359131200465
lab012,F3,HOT->OFF,28.0,241,20.15103734439834,-0.02203481166136775,11.30600663900415,-0.7965302752481684,-1.9412957834998377,3.57850903281176,1.3883698900786834,0.9176339047375518,0.0030769013822605825,0.0011532110465929367,0.23051203061209233
lab012,F3,HOT->OFF,29.0,241,20.167634854771784,0.06032584289845656,12.654697510373444,0.5645728077699597,-1.5851628608463937,4.525437563610173,2.7494729730968115,1.7397696211790128,0.0029263877838501214,0.0010026974481824765,0.2915090593962724
lab012,F3,HOT->OFF,30.0,241,20.271576763485477,0.1351870812451722,14.324843257261412,2.2358204469807865,2.1072650565315003,4.643260880207456,4.420720612307638,1.0834507862430671,0.0024785641536936294,0.0005548738180259842,0.2990987264093387
lab012,F3,OFF->COLD,-30.0,397,18.8492443324937,0.076380210889027,10.591249307304787,1.424614032472625,0.27024134040455405,3.39589667834928,0.983780431159675,-0.6915940375857462,0.0016233279722274794,0.007054108276668779,0.17043516868739395
lab012,F3,OFF->COLD,-29.0,397,18.910705289672546,0.04494422454120216,9.958437090680102,0.7992099310925036,0.16272300972477627,3.2127900228888158,0.3583763297795533,-0.801598873571614,0.0010422782759952815,0.006473058580436582,0.16124530908119455
lab012,F3,OFF->COLD,-28.0,397,18.929974811083124,-0.006449889321426127,9.146443261964736,-0.01780546109822524,-0.08724942095493171,2.9852437527069244,-0.45863906241117536,-0.8923874880336563,0.000535779833766847,0.005966560138208146,0.149825089146385
lab012,F3,OFF->COLD,-27.0,397,18.9095717884131,-0.03970362131571211,8.326120403022669,-0.8510083244360009,-0.42195258084060927,2.6244009783693643,-1.291841925748951,-0.5005054426290189,0.00021841031412325607,0.0056491906185645565,0.13171490943863723
lab012,F3,OFF->COLD,-26.0,397,18.852267002518893,-0.06328524540111465,8.072177204030226,-1.1205018962390567,-0.7755463449752102,2.3332508372479404,-1.5613354975520068,-0.1278512642627253,2.1016976217335695e-05,0.005451797280658635,0.11710250272680833
lab012,F3,OFF->COLD,-25.0,397,18.784760705289674,-0.07420698529010869,8.100722418136021,-1.1051573942175372,-0.8745844871687178,2.149269779957871,-1.5459909955304876,0.07047617974968974,-0.00019287645507038602,0.005237903849370914,0.107868758150763
lab012,F3,OFF->COLD,-24.0,397,18.718639798488667,-0.06711810439770113,8.141635894206548,-1.073879220144632,-0.9019978752006335,2.115794495614284,-1.514712821457582,0.030993326548759508,-0.0003359047674457983,0.0050948755369955015,0.10618868178968505
lab012,F3,OFF->COLD,-23.0,397,18.65566750629723,-0.056623812795097275,8.153412090680101,-1.072390408450518,-0.9714985569220846,2.148773334244267,-1.5132240097634682,-0.001581559745549845,-0.0004549103682516533,0.004975869936189647,0.10784384225462232
lab012,F3,OFF->COLD,-22.0,397,18.602015113350127,-0.055152823666677245,8.264135894206548,-0.9671959175684973,-0.8879263452466695,2.342642789020905,-1.4080295188814476,0.25023575676920384,-0.0006413051963004226,0.004789475108140877,0.11757387127430702
lab012,F3,OFF->COLD,-21.0,397,18.550755667506298,-0.04589180760465381,8.412114546599497,-0.8230897149310324,-0.7695554846957893,2.594257715936218,-1.2639233162439825,0.12731946559432358,-0.0010209711701851007,0.004409809134256199,0.13020206246354052
lab012,F3,OFF->COLD,-20.0,397,18.50654911838791,-0.03726105967919624,8.598148677581865,-0.6349623426212432,-0.9172142730592825,2.7990904620164407,-1.0757959439341933,0.3688262589234238,-0.0014607795796233085,0.003970000724817991,0.14048232330111543
lab012,F3,OFF->COLD,-19.0,397,18.486146095717885,0.00901894075697553,9.46462071788413,0.2404407809988248,-0.20207933623225416,3.646229681726216,-0.20039282031412536,1.5760173141408558,-0.0020567100332190688,0.0033740702712222307,0.18299902197851042
lab012,F3,OFF->COLD,-18.0,397,18.538413098236777,0.08984701276892719,11.363792695214105,2.1585548806402253,0.21292932939589804,4.271648920673363,1.7177212793272751,1.493708125143361,-0.00277608261533892,0.0026546976891023795,0.21438791380489922
lab012,F3,OFF->COLD,-17.0,397,18.649748110831233,0.12682128954169228,11.965719773299748,2.7798163192171077,1.133048230920279,3.774902852711357,2.3389827179041576,0.12314110790557384,-0.003533607435934187,0.0018971728685071127,0.1894569433111037
lab012,F3,OFF->COLD,-16.0,397,18.777959697733,0.12354018777192555,11.630128337531486,2.459265544819915,1.1635731253296449,3.4024722943447157,2.0184319435069655,-0.6234831473400738,-0.004283206848258772,0.001147573456182528,0.1707651893940164
lab012,F3,OFF->COLD,-15.0,397,18.895717884130985,0.1019202460008511,10.975391183879093,1.8152052605314657,0.5585202341642366,3.365106830559393,1.3743716592185156,-0.8482565673431474,-0.0049283360294575885,0.0005024442749837112,0.16888987052347001
lab012,F3,OFF->COLD,-14.0,397,18.960705289672543,0.02650397461480602,9.919690176322419,0.766068053708295,0.011008074728948047,3.2027753691570484,0.3252344523953449,-1.4449557969586788,-0.005391684215038482,3.909608940281898e-05,0.16074268801825065
lab012,F3,OFF->COLD,-13.0,397,18.959068010075566,-0.03378368063506569,8.421418891687658,-0.7336944499473653,-0.2738791604274129,2.7851010572955177,-1.1745280512603156,-1.2779321658691039,-0.005664811491378979,-0.00023403118693767944,0.13978021520440922
lab012,F3,OFF->COLD,-12.0,397,18.901889168765745,-0.07498009966523791,7.619444710327456,-1.5410766135662424,-1.7934678068119556,2.5511311802734897,-1.9819102148791927,-0.19049996032240463,-0.005709531784004907,-0.00027875147956360697,0.1280376036837896
lab012,F3,OFF->COLD,-11.0,397,18.81851385390428,-0.0887892963459714,7.769923677581865,-1.3973747421930187,-1.6324727247026747,2.486461209346134,-1.838208343505969,0.07867186147856207,-0.005600184160113397,-0.00016940385567209724,0.12479191088215512
lab012,F3,OFF->COLD,-10.0,397,18.72984886649874,-0.08466965444295382,7.8541965994962215,-1.3192668381695345,-1.3117992123497304,2.011890574989257,-1.7601004394824848,0.11125109160058452,-0.005414721222754091,1.6059081687208206e-05,0.10097389349771138
lab012,F3,OFF->COLD,-9.0,397,18.65541561712846,-0.07242849509851987,7.9480376574307305,-1.2319406483466881,-1.1798003293938137,2.033466712976398,-1.6727742496596383,0.0484215196832066,-0.00518279848452305,0.00024798181991825014,0.10205676882218928
lab012,F3,OFF->COLD,-8.0,397,18.596599496221664,-0.05398933560142604,8.053451070528968,-1.1296010307725974,-1.1798003293938137,2.039843830611528,-1.5704346320855473,0.10233499591589769,-0.004989871574689894,0.00044090872975140584,0.10237682718168302
lab012,F3,OFF->COLD,-7.0,397,18.54685138539043,-0.05026770039364473,8.165951511335013,-1.0198201032881653,-1.0436640469172787,2.176904522620373,-1.4606537046011154,0.16016078958777755,-0.004977118617656618,0.00045366168678468224,0.10925570612752114
lab012,F3,OFF->COLD,-6.0,397,18.50403022670025,-0.03610956633626604,8.565819647355164,-0.619935192262275,-0.33370151183212293,2.9652741880917803,-1.0607687935752252,0.4585468957479203,-0.005003752594920963,0.0004270277095203365,0.14882284542810725
lab012,F3,OFF->COLD,-5.0,397,18.476070528967256,-0.017145910344903148,9.032595151133501,-0.15271295605373444,-0.11686078823373991,3.249227500152433,-0.5935465573666846,0.32445782417080166,-0.00514857267478643,0.0002822076296548692,0.16307405364328956
lab012,F3,OFF->COLD,-4.0,397,18.477455919395467,0.02220441187695553,9.416275062972291,0.2342845333458203,-0.02969014631910527,3.0977101144994075,-0.20654906796712982,1.3625945518374587,-0.005367497468089274,6.328283635202595e-05,0.15546961404196483
lab012,F3,OFF->COLD,-3.0,397,18.543073047858943,0.12867174806721415,12.056749874055416,2.881416679165671,1.5384251543035905,3.8444734373306386,2.440583077852721,2.7058952307583675,-0.005722704998379453,-0.0002919246939381539,0.192948590863535
lab012,F3,OFF->COLD,-2.0,397,18.713853904282114,0.1853140981604454,12.862672040302268,3.690793612583112,3.129813496159632,3.4724245641518237,3.249960011270162,-0.7538540106880882,-0.006090720764497646,-0.0006599404600563455,0.17427599317690295
lab012,F3,OFF->COLD,-1.0,397,18.891183879093198,0.16614544146030216,12.247902770780858,3.075117956927893,2.7109691171073838,2.906189987279445,2.634284355614943,-0.25743610400823214,-0.006410044644115579,-0.0009792643396742784,0.14585749439242582
lab012,F3,OFF->COLD,0.0,397,19.08198992443325,0.18706859890739075,11.93665717884131,2.7595605930241636,2.4050482156189936,2.609564677080921,2.3187269917112134,-0.28852223219019946,-0.006495544933113486,-0.001064764628672186,0.1309702968216179
lab012,F3,OFF->COLD,1.0,397,19.20843828715365,0.05444622547897121,11.570472481108313,2.3878370102991577,2.07159362717388,2.777532937056588,1.9470034089862074,-3.0234286849749874,-0.006403305763772757,-0.0009725254593314578,0.139400382137699
lab012,F3,OFF->COLD,2.0,397,19.195465994962216,-0.058669458165679554,7.324991309823678,-1.8625782536349047,-2.3237875826063767,2.488339273406414,-2.303411854947855,-2.0556765884483243,-0.005779887160978338,-0.0003491068565370381,0.12488616821541271
lab012,F3,OFF->COLD,3.0,397,19.11750629722922,-0.09321862017076106,7.156339294710327,-2.0341149698280208,-2.270588685284597,2.2950056844104707,-2.474948571140971,-0.09388333895802736,-0.004827025062608817,0.0006037552418324831,0.11518303352832324
lab012,F3,OFF->COLD,4.0,397,19.013350125944584,-0.1141962990829493,7.1455097607052895,-2.0458329827882435,-2.2312172903208056,1.9323225024244282,-2.486666584101194,0.08808867006935527,-0.003702039196939039,0.0017287411075022608,0.09698048640845053
lab012,F3,OFF->COLD,5.0,397,18.892695214105792,-0.11988615918086935,7.192783879093199,-1.9974289354061479,-1.9339923847192564,1.8807026242263944,-2.438262536719098,0.11089885931255644,-0.002363382613005949,0.0030673976914353507,0.09438975898603048
lab012,F3,OFF->COLD,6.0,397,18.77531486146096,-0.10725135485840759,7.269637405541562,-1.9193697283440694,-1.850808354112785,2.171431021730699,-2.3602033296570197,-0.007573077452214647,-0.000933599584363501,0.0044971807200777985,0.10898099899246906
lab012,F3,OFF->COLD,7.0,397,18.6727959697733,-0.09904696479003788,7.2816564231738035,-1.9057973147610194,-1.9440382801791074,2.1309697714527975,-2.34663091607397,0.06223382960348687,0.00044420242912763467,0.005874982733568935,0.10695030705169743
lab012,F3,OFF->COLD,8.0,397,18.58148614609572,-0.08724633888361785,7.266388161209068,-1.9175210749447191,-2.0495813672320615,2.2739170265357584,-2.3583546762576693,0.03828658909767394,0.0016633704695074478,0.007094150773948748,0.11412462412936164
lab012,F3,OFF->COLD,9.0,397,18.497607052896726,-0.07961224334020309,7.381009823677583,-1.797948367334578,-1.9633571812749255,2.25011608909962,-2.238781968647528,0.1748280294553934,0.0027252496795762368,0.008156029984017536,0.1129300893213067
lab012,F3,OFF->COLD,10.0,397,18.42670025188917,-0.04993730031513403,7.799339735516373,-1.3758540244993294,-1.789340478915058,2.3119445245136703,-1.8166876258122795,0.6668179026099107,0.0036187525289623377,0.009049532833403639,0.1160331695435806
lab012,F3,OFF->COLD,11.0,397,18.39508816120907,0.0008134602593039631,9.130235705289673,-0.039065883029958455,-0.7666799953055587,3.3036713295436244,-0.47989948434290863,1.9081872674924227,0.004261933072486097,0.009692713376927396,0.16580651111334013
lab012,F3,OFF->COLD,12.0,397,18.442317380352645,0.08342547460935387,10.803423614609573,1.635962734920175,-0.030732504941660244,4.23849017989657,1.1951291336072247,1.0994572913392424,0.0046042378739873996,0.010035018178428699,0.21272372431003467
lab012,F3,OFF->COLD,13.0,397,18.551385390428212,0.13904718287589798,11.535745591939547,2.3664729380453564,0.19858985402468443,3.8977547948911573,1.925639336732406,0.5770175919927578,0.004755302486349158,0.010186082790790458,0.19562270554482575
lab012,F3,OFF->COLD,14.0,397,18.704156171284634,0.14729955183355656,11.688951889168765,2.5135615807015848,0.48221003685745933,3.5419112165572995,2.0727279793886346,-0.2728490713676017,0.004728666431868122,0.010159446736309424,0.1777634282922747
lab012,F3,OFF->COLD,15.0,397,18.8404282115869,0.11191621141243284,11.255626889168765,2.073433905377461,0.39092133608376844,3.2098003853481334,1.6326003040645107,-0.7193327313222817,0.004650053819540286,0.010080834123981587,0.16109526347415093
lab012,F3,OFF->COLD,16.0,397,18.921788413098238,0.04020521879463929,10.317245340050377,1.1289060263494044,0.03564813727506655,3.3696708877215453,0.6880724250364542,-1.2927511292928942,0.004664143554565799,0.0100949238590071,0.16911893398623368
lab012,F3,OFF->COLD,17.0,397,18.925314861460958,-0.02716041305461943,8.903800944584383,-0.287073515201549,-0.200237142249015,3.156935910161539,-0.7279071165144991,-1.1785175492451219,0.004732218162326994,0.010162998466768295,0.15844207151944828
lab012,F3,OFF->COLD,18.0,397,18.882619647355163,-0.05505468502949622,8.30690201511335,-0.879213598400424,-0.8937931564532047,3.3976176502375615,-1.320047199713374,-0.30256339613481414,0.004911405170803763,0.010342185475245062,0.17052154179054388
lab012,F3,OFF->COLD,19.0,397,18.817884130982367,-0.06944071881099569,8.06415604534005,-1.109488378355413,-0.966749038271975,2.265455438321342,-1.5503219796683632,-0.06667627915058003,0.005227615600019408,0.010658395904460707,0.1136999491903737
lab012,F3,OFF->COLD,20.0,397,18.754659949622166,-0.06337247974527578,8.030527329974811,-1.128340160647005,-0.9934395088514199,2.1838364985060146,-1.569173761959955,0.015175544575748027,0.005472422885037602,0.010903203189478902,0.10960361202434617
lab012,F3,OFF->COLD,21.0,397,18.69521410579345,-0.05486604076024736,8.051200755667507,-1.0935314886745136,-0.9016001378568657,2.3502059946075478,-1.5343650899874637,0.03897164769087423,0.005742145872370187,0.011172926176811485,0.11795345768168955
lab012,F3,OFF->COLD,22.0,397,18.648110831234256,-0.050655893225162354,8.046900503778337,-1.0833792877787576,-0.9092859559572919,2.3464416165936965,-1.5242128890917077,0.04950439278161318,0.005966263769390979,0.011397044073832279,0.11776452896489899
lab012,F3,OFF->COLD,23.0,397,18.592191435768264,-0.046392314654279204,8.07979370277078,-1.037177049464548,-0.8639988275698682,2.774198944687346,-1.4780106507774984,-0.005355715947248916,0.006145144928130989,0.011575925232572289,0.1392330538572254
lab012,F3,OFF->COLD,24.0,397,18.55302267002519,-0.037253426674081554,8.134255478589422,-0.9690140580165921,-1.1729662495236184,3.1055431662916306,-1.4098476593295424,0.24605510275228862,0.00610625786762913,0.01153703817207043,0.1558627436421839
lab012,F3,OFF->COLD,25.0,397,18.52405541561713,-0.02181294775753202,8.398556423173805,-0.6908854126034166,-0.6749141265636724,2.96897394923065,-1.1317190139163666,0.5734550039806827,0.005916842896490215,0.011347623200931514,0.14900853111690532
lab012,F3,OFF->COLD,26.0,397,18.520906801007555,0.028321720261267083,9.399476448362721,0.31971086476128946,-0.10316268650168214,3.350290379196692,-0.12112273655166074,1.299470141472203,0.0055554819409042635,0.010986262245345563,0.16814625414566609
lab012,F3,OFF->COLD,27.0,397,18.579974811083122,0.0837198905208979,10.548930289672544,1.4692836558753264,0.10039837103399485,3.877961006350771,1.0284500545623763,0.5145004218390546,0.005060222898247463,0.010491003202688762,0.19462928377485506
lab012,F3,OFF->COLD,28.0,397,18.673551637279598,0.1034424853064649,10.706357178841309,1.6180324449416916,0.18010071877445077,3.451724648745324,1.1771988436287413,0.29944465441027895,0.00442037200779496,0.00985115231223626,0.17323709420314606
lab012,F3,OFF->COLD,29.0,397,18.784256926952143,0.11323345000926888,11.224477329974812,2.115806748911631,0.5457024364124248,3.589492455450709,1.6749731475986809,0.23366706207633275,0.0037329388939377883,0.009163719198379088,0.18015146221829376
lab012,F3,OFF->COLD,30.0,397,18.88463476070529,0.08370026279346204,10.977717947103274,1.8491082394948377,0.3989806062524168,3.7301083127331753,1.4082746381818876,-0.6553977180215236,0.0030433595629404783,0.008474139867381778,0.18720876979447987
lab012,F3,OFF->HOT,-30.0,252,20.066666666666666,-0.013175977461691284,11.45766498015873,-0.6289714179647553,-1.9917462872770932,3.91258975255329,0.6875735669791232,1.408995889731934,0.001902911320651257,-0.0001844035020170825,0.24646998732085115
lab012,F3,OFF->HOT,-29.0,252,20.08531746031746,0.04386896172610361,12.775952182539681,0.6998108849253645,-1.3154888888861702,4.502916648167771,2.0163558698692428,1.0802164820682836,0.0017376830440084718,-0.0003496317786598676,0.2836570863215345
lab012,F3,OFF->HOT,-28.0,252,20.160119047619048,0.11206280491994747,13.804012797619048,1.7562944660071498,0.20061277268393907,4.496804396666466,3.072839450951028,1.4863084475067663,0.0013608734560956036,-0.0007264413665727359,0.2832720506686028
lab012,F3,OFF->HOT,-27.0,252,20.306944444444447,0.16604136604136596,15.277425,3.267435530965095,4.691223398448055,4.412474597886345,4.583980515908974,0.9477458508926679,0.0008574037687528436,-0.0012299110539154962,0.27795977267611904
lab012,F3,OFF->HOT,-26.0,252,20.46527777777778,0.14108087679516243,15.236875496031747,3.2634737385621744,4.561789980798805,3.907252959515734,4.580018723506052,-0.7572404503582085,0.00042082558104183845,-0.001666489241626501,0.24613380095951798
lab012,F3,OFF->HOT,-25.0,252,20.592261904761905,0.1215247715247715,14.391086111111111,2.4492474572233323,3.8669282769367133,3.9846023812069062,3.765792442167211,-0.8211914427739809,-6.674256006870188e-07,-0.0020879822482690264,0.25100635652736336
lab012,F3,OFF->HOT,-24.0,252,20.696428571428573,0.07369958084243843,13.726911904761904,1.7943823045588525,2.087113941162221,3.8478115339342267,3.1109272895027313,-0.9313959494363999,-0.0003189576153596387,-0.002406272438027978,0.24238934311037935
lab012,F3,OFF->HOT,-23.0,252,20.73769841269841,0.009528963100391736,12.241140674603175,0.30584910493572537,-0.974715004417538,3.6949863855462315,1.6223940898796039,-1.9724975048080786,-0.0006043755834500933,-0.0026916904061184328,0.2327622636648751
lab012,F3,OFF->HOT,-22.0,252,20.70873015873016,-0.06406411049268244,10.616326488095238,-1.3364582487963133,-2.2482335812722196,3.013318428802083,-0.019913263852434603,-1.0354867170645208,-0.0005027109864839903,-0.0025900258091523295,0.18982121865852863
lab012,F3,OFF->HOT,-21.0,252,20.623214285714287,-0.10192743764172392,9.923014285714286,-2.0509517798874275,-2.7234926341828185,2.602880602629992,-0.7344067949435484,-0.3090755877218785,-5.9867854076642784e-05,-0.002147182676744982,0.16396606587983079
lab012,F3,OFF->HOT,-20.0,252,20.51230158730159,-0.11262626262626216,10.014717063492064,-1.9750902124522471,-2.4939200101783916,2.431698122410595,-0.6585452275083686,0.2761290172011351,0.0005728290640085221,-0.0015144857586598174,0.1531825832257413
lab012,F3,OFF->HOT,-19.0,252,20.40357142857143,-0.10582525939668784,10.193357738095237,-1.8080248824863627,-2.351529748548163,2.467039412617594,-0.49147989754248417,0.09455188178860975,0.0011355361188892974,-0.000951778703779042,0.15540887524716707
lab012,F3,OFF->HOT,-18.0,252,20.31111111111111,-0.07981000481000443,10.205103174603176,-1.8102860280171005,-2.217660830026308,2.496090357249935,-0.4937410430732218,-0.028140241827474405,0.0016293095849857241,-0.0004580052376826153,0.15723891274356425
lab012,F3,OFF->HOT,-17.0,252,20.22361111111111,-0.085736617879475,10.333523412698414,-1.6929996691526752,-2.256143535986629,2.653232765483711,-0.37645468420879674,0.1534368333647248,0.002109918868169419,2.26040455010795e-05,0.16713795399614423
lab012,F3,OFF->HOT,-16.0,252,20.150198412698415,-0.06557067271352993,10.33657123015873,-1.7011964263756836,-2.2440579768856517,2.663030098954607,-0.384651441431805,0.07619792551877398,0.002353297267838919,0.00026598244517057933,0.16775512799318137
lab012,F3,OFF->HOT,-15.0,252,20.090476190476192,-0.04903456332027797,10.707879861111111,-1.337442521028151,-2.1458752447002025,2.910971339465792,-0.0208975360842725,0.826632562951607,0.002368737881986959,0.0002814230593186192,0.18337395804435871
lab012,F3,OFF->HOT,-14.0,252,20.070238095238093,0.018896447467874732,11.973777182539683,-0.06418417392356515,-1.7254203242910857,4.012239653246962,1.2523608110203133,2.02512676979349,0.0022895346623235317,0.00020221983965519206,0.25274734102103547
lab012,F3,OFF->HOT,-13.0,252,20.151587301587302,0.1472995258709548,14.864735515873015,2.8457343991483617,2.8831474399731993,4.833166618309691,4.1622793840922405,3.0778690878656136,0.001866316111891097,-0.00022099871077724243,0.30446087897586854
lab012,F3,OFF->HOT,-12.0,252,20.341468253968255,0.2136741565312995,16.62274265873016,4.628972127981739,5.52451840952631,3.952687048685956,5.945517112925618,0.2152275781499335,0.001424052590567684,-0.0006632622321006555,0.2489958795544975
lab012,F3,OFF->HOT,-11.0,252,20.560515873015873,0.2026455026455025,15.863584126984128,3.8915414514505304,5.060049647435771,3.6618538906945837,5.208086436394408,-0.9929390923576344,0.0008173140383008133,-0.001270000784367526,0.23067511267219443
lab012,F3,OFF->HOT,-10.0,252,20.740873015873014,0.16278258778258772,14.873115178571428,2.918297374420422,4.437424565860545,3.8664702694604216,4.2348423593643005,-1.1493638873319387,0.00037077165777231713,-0.0017165431648960225,0.2435647329670755
lab012,F3,OFF->HOT,-9.0,252,20.861706349206347,0.06773517487803206,13.64556369047619,1.700520937675979,2.4596832808904976,3.9214637298614,3.0170659226198575,-1.520337630369639,0.00022680446165427058,-0.001860510361014069,0.2470289953469771
lab012,F3,OFF->HOT,-8.0,252,20.88670634920635,-0.022845804988662254,11.698456051587302,-0.2431374480905142,-1.7847107900553847,3.6071521203132964,1.0734075368533644,-2.163754318670539,0.00028892638449846015,-0.0017983884381698794,0.2272292250363886
lab012,F3,OFF->HOT,-7.0,252,20.812103174603173,-0.10944478801621613,9.858972817460318,-2.087491807675686,-2.74350286266185,2.591132839537903,-0.7709468227318073,-1.250846460890437,0.0005203558451582217,-0.001566958977510118,0.16322602636547434
lab012,F3,OFF->HOT,-6.0,252,20.684920634920637,-0.14278671064385323,9.253800793650795,-2.696528490575951,-2.8557902467917664,1.5679071838327605,-1.3799835056320724,-0.1480306788658178,0.0012226361612961926,-0.0008646786613721471,0.09876886874412182
lab012,F3,OFF->HOT,-5.0,252,20.537301587301585,-0.1481378409949835,9.312427976190477,-2.642066988253166,-2.5902646342784683,1.410806650537587,-1.3255220033092876,0.1650270686380486,0.0021221871185260156,3.487229585767594e-05,0.08887246536472533
lab012,F3,OFF->HOT,-4.0,252,20.387896825396826,-0.14653851439565632,9.4053375,-2.55091416099292,-2.494844040643148,1.3068508998802968,-1.2343691760490412,0.08189133714629869,0.0030233391699539757,0.000936024347285636,0.08232386861248178
lab012,F3,OFF->HOT,-3.0,252,20.25436507936508,-0.11365526008383049,9.410148511904762,-2.5422059592121,-2.4002700444050102,1.487405151457202,-1.2256609742682212,0.03438650582742338,0.0038321795323355452,0.0017448647096672053,0.09369771737028852
lab012,F3,OFF->HOT,-2.0,252,20.14900793650794,-0.115953755239469,9.420949801587302,-2.528185926565711,-2.4396656370768643,1.454283406852397,-1.2116409416218328,-0.0830137538763914,0.004466525854765274,0.0023792110320969345,0.09161124357950497
lab012,F3,OFF->HOT,-1.0,252,20.03174603174603,-0.0743558029272303,9.457126785714285,-2.4937373801691383,-2.413408600882512,1.591857106381834,-1.17719239522526,0.03290620745138651,0.004799422040723126,0.0027121072180547857,0.1002775720532672
lab012,F3,OFF->HOT,0.0,252,19.9265873015873,-0.12379578093864091,9.576293452380952,-2.3729795402167992,-2.4795645802553645,1.9458850872035147,-1.0564345552729208,0.45371893482652254,0.004808543177638317,0.0027212283549699775,0.12257923858689843
lab012,F3,OFF->HOT,1.0,252,19.84246031746032,-0.041879681165395526,9.913037003968254,-2.0281626934723396,-2.1724577868000425,2.4784900377595687,-0.711617708528461,1.4592745616047051,0.0043384602512120405,0.002251145428543701,0.15613019683006918
lab012,F3,OFF->HOT,2.0,252,19.883333333333336,0.15702604274032966,17.07007529761905,5.142269049403241,5.767711109143908,4.584112891399673,6.45881403434712,7.397476990274342,0.0034721206353675745,0.0013848058126992348,0.28877196886878037
lab012,F3,OFF->HOT,3.0,252,20.121428571428574,0.2743970315398877,17.71327837301587,5.796499113590405,6.479683866182891,2.626428613191606,7.113044098534283,-1.6366162179562787,0.002248967319067754,0.00016165249639941436,0.16544945111355347
lab012,F3,OFF->HOT,4.0,252,20.41349206349206,0.28779804851233354,16.92512222222222,5.009787806176538,5.4330869146983884,2.056535148381836,6.326332791120417,-0.7269507611892696,0.0009086562028050405,-0.001178658619863299,0.1295495372638489
lab012,F3,OFF->HOT,5.0,252,20.687103174603173,0.2642754071325502,16.249250992063494,4.330479233985652,4.7095884581970875,1.996179690488132,5.64702421892953,-0.4707340118427514,-0.0003008656681566872,-0.002388180490825027,0.1257475007911782
lab012,F3,OFF->HOT,6.0,252,20.900793650793652,0.1370129870129871,14.931856448412697,3.007139545404412,4.098238169160805,3.272328101043401,4.323684530348291,-2.8405706930397208,-0.0012843281651757324,-0.003371642987844072,0.2061372943706924
lab012,F3,OFF->HOT,7.0,252,20.950198412698413,-0.014476396619253743,11.86684365079365,-0.0636124190661958,-1.867804271426749,3.8662677648374344,1.2529325658776829,-2.135295345341227,-0.0020343405633660456,-0.004121655386034385,0.24355197637489062
lab012,F3,OFF->HOT,8.0,252,20.905158730158732,-0.06484401841544768,10.72728472222222,-1.207309763534818,-2.5410900890571524,3.50317914196368,0.10923522140906074,-0.3332707782148716,-0.002235000331356916,-0.004322315154025255,0.22067954304153653
lab012,F3,OFF->HOT,9.0,252,20.821031746031746,-0.10741084312512812,10.380734722222222,-1.5569535556343925,-2.504570892728803,2.7150968888012494,-0.24040857069051405,-0.19927980664563338,-0.0022338777263897374,-0.0043211925490580765,0.17103502745745944
lab012,F3,OFF->HOT,10.0,252,20.69920634920635,-0.12896310039167133,10.242954761904763,-1.6943872347642193,-2.317148202058377,2.6077835265912666,-0.3778422498203406,-0.26866198066901925,-0.001772347639704104,-0.0038596624623724435,0.1642749210583687
lab012,F3,OFF->HOT,11.0,252,20.573015873015873,-0.12569745069745003,9.967746031746032,-1.962866168783033,-2.2721867151574116,2.4121382284575548,-0.6463211838391545,-0.29532486866352964,-0.0011703116740870187,-0.003257626496755358,0.15195042572406176
lab012,F3,OFF->HOT,12.0,252,20.44702380952381,-0.11471174328317132,9.703267857142857,-2.216912144302071,-2.2997492629816385,2.176456844605433,-0.9003671593581927,-0.13512596125664872,-0.00046436008360460965,-0.0025516749062729494,0.13710389404976966
lab012,F3,OFF->HOT,13.0,252,20.338492063492065,-0.11612725898440159,9.565366666666668,-2.3413185073259295,-2.353317702360986,2.052587722281735,-1.0247735223820509,-0.08399105146834308,0.0002467874597653348,-0.0018405273629030047,0.1293008727929043
lab012,F3,OFF->HOT,14.0,252,20.221230158730158,-0.11546760118188681,9.538855952380953,-2.3550210984331565,-2.3457056873010913,2.0472826986533774,-1.0384761134892782,-0.06826618754941306,0.0007992690769014316,-0.0012880457457669081,0.12896668771623873
lab012,F3,OFF->HOT,15.0,252,20.108730158730157,-0.09877688449117078,9.508011011904761,-2.376523182007549,-2.304277820708509,1.6769915490949336,-1.0599781970636706,0.3418981561153985,0.0011503771899927496,-0.0009369376326755902,0.10564053784909903
lab012,F3,OFF->HOT,16.0,252,20.039285714285715,-0.040084518655947546,10.658688392857142,-1.2186812479833953,-2.0785167446913144,3.5550776076892037,0.09786373696048335,2.3834974756920526,0.0012715116691604266,-0.000815803153507913,0.223948839082859
lab012,F3,OFF->HOT,17.0,252,20.062301587301587,0.09769978698550182,13.841516964285715,1.9715761519751653,-0.6436491322171359,5.275803156313526,3.288121136919044,2.818368561668722,0.0011476451398389055,-0.0009396696828294342,0.3323443599460766
lab012,F3,OFF->HOT,18.0,252,20.214682539682542,0.20119562976705743,15.711508432539683,3.8398193392723208,5.31674339963028,4.684592919997977,5.1563643242162,0.7594361453391572,0.0007793731282812995,-0.0013079416943870402,0.295101615711632
lab012,F3,OFF->HOT,19.0,252,20.437896825396827,0.22123788909503217,15.607446626984126,3.7216131059733777,5.22015701325308,3.874067706566491,5.038158090917256,-0.4467755428625524,0.00020551546402597818,-0.0018817993586423614,0.2440433265190782
lab012,F3,OFF->HOT,20.0,252,20.643650793650792,0.18956400742115015,15.126198015873015,3.223222092015208,4.766631431129844,3.4920113210673183,4.5397670769590865,-0.7659387533240128,-0.0002739881335929067,-0.0023613029562612464,0.21997603645157737
lab012,F3,OFF->HOT,21.0,252,20.788888888888888,0.08064316635745163,13.806270337301587,1.8836748535521215,3.161849199105034,3.9059017858946143,3.200219838496,-2.117333444527722,-0.0007132834321880536,-0.0028005982548563934,0.24604868502190955
lab012,F3,OFF->HOT,22.0,252,20.806944444444447,-0.031697931697931656,11.695542063492065,-0.24343885677879346,-1.8945383491077479,3.898213551814246,1.0731061281650849,-1.9001020370445951,-0.000756790612612542,-0.0028441054352808816,0.24556437179814988
lab012,F3,OFF->HOT,23.0,252,20.740873015873014,-0.0936026936026941,10.277270833333333,-1.6672777966754166,-2.6339799243269395,2.945179689802289,-0.3507328117315381,-0.5718123634748365,-0.0007770721522672185,-0.002864386974935558,0.1855288815622669
lab012,F3,OFF->HOT,24.0,252,20.636111111111113,-0.10249089534803803,10.31994265873016,-1.6202674178475054,-2.409165286531159,2.742727494178494,-0.3037224329036268,0.14226560521703882,-0.0004225685255054369,-0.0025098833481737768,0.1727755919908488
lab012,F3,OFF->HOT,25.0,252,20.53313492063492,-0.1119133511990654,10.33294861111111,-1.5973461810764014,-2.36564488801481,2.5796272396566438,-0.28080119613252275,0.08586210165004475,-9.186783214552829e-06,-0.002096501605882892,0.1625012416995118
lab012,F3,OFF->HOT,26.0,252,20.41984126984127,-0.09769291555005817,10.388362301587302,-1.528446630791324,-2.2017942784162283,2.8338134128218524,-0.21190164584744556,-0.07509494139458534,0.00047886643413371595,-0.0016084483885346237,0.17851346553061517
lab012,F3,OFF->HOT,27.0,252,20.339285714285715,-0.08245035387892449,10.342645634920634,-1.556723489438045,-2.2122312610093613,2.8439431270576354,-0.2401785044941666,-0.017790583011162164,0.0008985125437318835,-0.0011888022789364563,0.17915157754775882
lab012,F3,OFF->HOT,28.0,252,20.255357142857143,-0.07682093039235854,10.286329365079366,-1.5923768565232348,-2.1269908542183042,2.7700641410848266,-0.27583187157935635,-0.052112053435765755,0.001204017422545999,-0.0008832974001223408,0.17449763888114736
lab012,F3,OFF->HOT,29.0,252,20.187103174603173,-0.06095993953136835,10.224574603174602,-1.6303574202533841,-2.2481269559840102,2.7572002912672735,-0.3138124353095054,0.14065741334730095,0.0014805605581905336,-0.000606754264477806,0.17368729251162046
lab012,F3,OFF->HOT,30.0,252,20.13095238095238,-0.04451487665773361,10.638641865079366,-1.1904535702455166,-2.0370951700069875,3.0154547816629513,0.12609141469836205,0.824683321469126,0.0014307620395139827,-0.0006565527831543569,0.18995579623906528
