lab_id,fermenter,timestamp,transition,from_state,to_state,co2_fast_effect_sccm,filt_fast_effect_sccm,co2_rms_before,co2_rms_after
lab001,F1,2026-03-28 18:06:17,COLD->HOT,COLD,HOT,0.6778486491954308,0.1844999571582439,0.24014675390586274,0.9466936517077171
lab001,F1,2026-03-28 18:10:59,HOT->COLD,HOT,COLD,-0.6452199449584008,0.2087375913555507,0.9730387691275127,0.47151466815005144
lab001,F1,2026-03-28 18:27:39,COLD->HOT,COLD,HOT,0.6781224213663819,0.0553290369601894,0.5090978926769223,0.9157287060156695
lab001,F1,2026-03-28 18:32:10,HOT->COLD,HOT,COLD,-0.23542961859955003,-0.0032531681755833264,0.8693795623693099,0.6124730544087853
lab001,F1,2026-03-28 18:44:42,COLD->HOT,COLD,HOT,0.7185506830638533,-0.04922359132944876,0.4978243203512338,0.8357285931281324
lab001,F1,2026-03-28 18:49:07,HOT->COLD,HOT,COLD,-0.27813541802683545,-0.05497637314462595,0.9599992737931962,0.5150922597776052
lab001,F1,2026-03-28 19:02:41,COLD->HOT,COLD,HOT,0.7094853801811397,-0.045899260421845604,0.39902553398269586,0.7343223708927006
lab001,F1,2026-03-28 19:07:40,HOT->COLD,HOT,COLD,-0.28571476599840684,-0.03728953661016208,0.5993767359806168,0.45368677150361003
lab001,F1,2026-03-28 19:19:55,COLD->HOT,COLD,HOT,0.4933806811937881,-0.011205735406128438,0.37414706859264235,0.6427128303624078
lab001,F1,2026-03-28 19:24:37,HOT->COLD,HOT,COLD,-0.3520427627388665,-0.004764735060990906,0.6620651795782138,0.4320227943819349
lab001,F1,2026-03-28 19:37:24,COLD->HOT,COLD,HOT,0.5369038585204874,0.0011504133839009174,0.39973248460275074,0.5464346377220073
lab001,F1,2026-03-28 19:41:28,HOT->COLD,HOT,COLD,-0.09616480603167132,-0.00010922519508422754,0.4792470555838429,0.42645023946461824
lab001,F1,2026-03-28 19:53:09,COLD->HOT,COLD,HOT,0.5441210669093837,0.0004090844049241295,0.3145352780643425,0.6743087632347491
lab001,F1,2026-03-28 19:57:47,HOT->COLD,HOT,COLD,-0.28081478746075866,0.002366834338203505,0.6509521865937937,0.3421742061206706
lab001,F1,2026-03-28 20:10:57,COLD->HOT,COLD,HOT,0.35438506159686045,0.012465461582622028,0.2866886814567464,0.4991847699205612
lab001,F1,2026-03-28 20:15:39,HOT->COLD,HOT,COLD,-0.32462060712655605,0.01385787429804215,0.5185119883836493,0.3587956385984365
lab001,F1,2026-03-28 20:26:56,COLD->HOT,COLD,HOT,0.5763552748717105,0.014027423131933014,0.35109355088366123,0.6515400120409733
lab001,F1,2026-03-28 20:31:14,HOT->COLD,HOT,COLD,-0.4354587261047649,0.011727422478314022,0.6419089137411256,0.4307271750198259
lab001,F1,2026-03-28 20:43:50,COLD->HOT,COLD,HOT,0.5577139787070909,-0.0013175608607834295,0.43109810367379975,0.6099367023328487
lab001,F1,2026-03-28 20:48:35,HOT->COLD,HOT,COLD,-0.08941207918548871,-0.006621608495526354,0.7105271303089543,0.3717779935631775
lab001,F1,2026-03-28 21:01:04,COLD->HOT,COLD,HOT,0.4394260974068317,-0.009832756131455645,0.3260711003541665,0.7247373704138844
lab001,F1,2026-03-28 21:05:56,HOT->COLD,HOT,COLD,-0.23164694380028772,-0.009939176924335501,0.6073597287187968,0.42820862719719416
lab001,F1,2026-03-28 21:17:41,COLD->HOT,COLD,HOT,0.29941411835340376,-0.00362526427953278,0.2845169234609635,0.6123012726776282
lab001,F1,2026-03-28 21:22:05,HOT->COLD,HOT,COLD,-0.4378477178648582,-0.002518310696836278,0.7016457526732448,0.5118696849593966
lab001,F1,2026-03-28 21:33:02,COLD->HOT,COLD,HOT,0.9344964821437334,0.00035146153272869185,0.5118696849593966,0.9287312822011305
lab001,F1,2026-03-28 21:37:09,HOT->COLD,HOT,COLD,-0.38422082948862546,0.0024578251882179554,0.6990858533004195,0.5092340437513815
lab001,F1,2026-03-28 21:48:58,COLD->HOT,COLD,HOT,0.5262354997797282,0.009309686891575764,0.43026068660536504,0.8273396145916976
lab001,F1,2026-03-28 21:53:43,HOT->COLD,HOT,COLD,-0.3132068351714215,0.008745742068508955,0.772451721473147,0.45094538212243307
lab001,F1,2026-03-28 22:07:14,COLD->HOT,COLD,HOT,0.448131703801586,0.002148105585966986,0.391332371124047,0.6300397553411199
lab001,F1,2026-03-28 22:12:09,HOT->COLD,HOT,COLD,-0.24593606577494517,-0.003155260456032094,0.6112811853082047,0.4508842096227568
lab001,F1,2026-03-28 22:23:34,COLD->HOT,COLD,HOT,0.7899834169865678,-0.010722723868303552,0.49492335399062437,0.8203318904048575
lab001,F1,2026-03-28 22:28:26,HOT->COLD,HOT,COLD,-0.3118897890971292,-0.012330173532232314,0.7036952097790775,0.535273486970998
lab001,F1,2026-03-28 22:40:58,COLD->HOT,COLD,HOT,0.7606233071485777,-0.00948945596555881,0.5719307616439142,0.7803947708242981
lab001,F1,2026-03-28 22:45:30,HOT->COLD,HOT,COLD,0.07482739565595425,-0.00863277494922232,0.988417512921882,0.6247035800107641
lab001,F1,2026-03-28 22:58:52,COLD->HOT,COLD,HOT,1.2582382089708117,0.003458647203916731,0.5482844395211214,1.2195165090257754
lab001,F1,2026-03-28 23:03:54,HOT->COLD,HOT,COLD,0.16598871631949824,0.006204866392858888,1.1038634555739009,0.6666333583378562
lab001,F1,2026-03-28 23:19:06,COLD->HOT,COLD,HOT,0.8198266915208229,0.021637822591557578,0.5992767140496008,1.1453770475300975
lab001,F1,2026-03-28 23:23:48,HOT->COLD,HOT,COLD,-0.07003765446241159,0.01573727470976838,0.9133173807103814,0.7459859208099565
lab001,F1,2026-03-28 23:37:57,COLD->HOT,COLD,HOT,1.669874101993043,-0.016062095970929315,0.8546831134629285,1.530857564479049
lab001,F1,2026-03-28 23:42:43,HOT->COLD,HOT,COLD,-0.40654652974676614,-0.025449433386878263,1.329155842421086,0.687856140887454
lab001,F1,2026-03-28 23:55:33,COLD->HOT,COLD,HOT,1.369395260379045,-0.023212880847528348,0.6508228973349138,1.4282787177265044
lab001,F1,2026-03-28 23:59:55,HOT->COLD,HOT,COLD,-0.3605100454759606,-0.01825924963809964,1.4717553423324699,0.9377571073370787
lab001,F1,2026-03-29 00:14:08,COLD->HOT,COLD,HOT,1.2703588283490932,0.006388906088309287,0.8522743915895883,1.4946167978774505
lab001,F1,2026-03-29 00:18:54,HOT->COLD,HOT,COLD,-0.6265143000807332,0.006156027002986165,1.426895068983152,0.8674444563266681
lab001,F1,2026-03-29 00:32:39,COLD->HOT,COLD,HOT,1.927497109203066,0.002360827181452408,0.858793643424249,1.8945895024327133
lab001,F1,2026-03-29 00:37:14,HOT->COLD,HOT,COLD,-0.6320277021949332,0.0006696695911466051,1.6641972750578906,0.8648811723774023
lab001,F1,2026-03-29 00:50:15,COLD->HOT,COLD,HOT,1.7874616565977193,0.003343797478654764,1.053560869933109,2.037196372268008
lab001,F1,2026-03-29 00:55:04,HOT->COLD,HOT,COLD,-0.17594076674918274,0.0002598944126382288,1.6458647498072305,1.1300609693978898
lab001,F1,2026-03-29 01:08:09,COLD->HOT,COLD,HOT,2.116713404211233,-0.002748282178263839,1.2098356188564503,1.9345547345156984
lab001,F1,2026-03-29 01:13:25,HOT->COLD,HOT,COLD,-0.7686177275887873,-0.006669799294004975,2.2105784867536578,1.1975090444243615
lab001,F1,2026-03-29 01:26:09,COLD->HOT,COLD,HOT,1.7615150760999292,0.003079659363780163,1.0742808082610251,2.220658832380187
lab001,F1,2026-03-29 01:30:54,HOT->COLD,HOT,COLD,-1.1142374650658784,0.0021849348059394206,1.8908106902499402,1.2066260422481754
lab001,F1,2026-03-29 01:42:12,COLD->HOT,COLD,HOT,1.6438584074778522,0.0018960616948021421,1.0990802382884404,2.243474188248648
lab001,F1,2026-03-29 01:47:08,HOT->COLD,HOT,COLD,-1.2858041925580068,-0.001090375012478795,1.9922221964023992,1.3034731719245904
lab001,F1,2026-03-29 01:58:22,COLD->HOT,COLD,HOT,2.2637736544853846,-0.010928832897683717,1.4732350454364689,2.398128351343192
lab001,F1,2026-03-29 02:03:04,HOT->COLD,HOT,COLD,-0.4997421580214778,-0.016389950260406662,2.5025736754873527,1.6093846203103985
lab001,F1,2026-03-29 02:15:14,COLD->HOT,COLD,HOT,1.942318300441896,-0.005574843792671124,1.3244266677280698,2.195896510820926
lab001,F1,2026-03-29 02:20:48,HOT->COLD,HOT,COLD,-0.8340477161236108,-0.001760032856287363,2.5051445820083833,1.3122090210979647
lab001,F1,2026-03-29 02:33:28,COLD->HOT,COLD,HOT,1.869400352373948,0.004341288127538689,1.2458460570584908,2.468973933186653
lab001,F1,2026-03-29 02:38:28,HOT->COLD,HOT,COLD,-0.9351542238110201,-0.003392288081896311,2.0197084348048664,1.9225570831225307
lab001,F1,2026-03-29 02:48:43,COLD->HOT,COLD,HOT,2.4712214364162506,-0.012170775476119822,1.9681305645486336,2.6757847889388566
lab001,F1,2026-03-29 02:53:56,HOT->COLD,HOT,COLD,-1.7909369853157826,-0.011858082532433657,2.7298948508700414,1.4587579091634693
lab001,F1,2026-03-29 03:06:10,COLD->HOT,COLD,HOT,1.8884056333225294,0.003484699082721577,1.5068127988452549,2.036065367069513
lab001,F1,2026-03-29 03:11:02,HOT->COLD,HOT,COLD,-0.7671239167336233,0.003261786258124565,2.401997695691051,1.7495446609746663
lab001,F1,2026-03-29 03:22:37,COLD->HOT,COLD,HOT,3.366300110392527,0.004089139955370946,1.4491677637007785,3.189715334803568
lab001,F1,2026-03-29 03:27:33,HOT->COLD,HOT,COLD,-0.6573795027721321,0.00204098793019476,2.5474412295917115,1.9780799053298557
lab001,F1,2026-03-29 03:40:00,COLD->HOT,COLD,HOT,2.775803027456133,0.0030491034995625554,1.7217973359064118,2.5247972715140206
lab001,F1,2026-03-29 03:45:17,HOT->COLD,HOT,COLD,-0.7024785558793231,-0.008227441941380675,3.074163488486241,1.6313649628100078
lab001,F1,2026-03-29 03:56:48,COLD->HOT,COLD,HOT,2.1952595749400023,-0.0026094623341549553,1.4881648361945314,2.855302551946284
lab001,F1,2026-03-29 04:01:58,HOT->COLD,HOT,COLD,-1.5682366700798696,0.00042959944295049065,2.6560875602829546,2.102132918363282
lab001,F1,2026-03-29 04:12:42,COLD->HOT,COLD,HOT,2.1928521653512068,0.0012075289770345776,1.980419421208696,2.89176021141074
lab001,F1,2026-03-29 04:17:31,HOT->COLD,HOT,COLD,-0.7971412260181695,-0.005083759108686258,2.728537346889876,1.992112279490416
lab001,F1,2026-03-29 04:28:21,COLD->HOT,COLD,HOT,1.8540288314108821,-0.011598834308846406,2.0334109718170814,2.4623406523853664
lab001,F1,2026-03-29 04:33:07,HOT->COLD,HOT,COLD,-0.877358882932008,-0.014806215509455357,2.702873343592742,2.0575667178744426
lab001,F1,2026-03-29 04:43:43,COLD->HOT,COLD,HOT,2.2848735088729253,-0.007782615423151108,2.024758676404504,3.045440599543849
lab001,F1,2026-03-29 04:48:53,HOT->COLD,HOT,COLD,-0.7766319528203961,-0.0055796040580027295,2.713660917668274,1.3453715766445378
lab001,F1,2026-03-29 05:01:13,COLD->HOT,COLD,HOT,2.893512253291221,-0.0001683370407327793,1.6093118442412673,2.7614469712023966
lab001,F1,2026-03-29 05:06:40,HOT->COLD,HOT,COLD,-1.3015281012394717,-0.005356545666246149,2.912814878566011,1.1812143405951436
lab001,F1,2026-03-29 05:19:00,COLD->HOT,COLD,HOT,1.8831655463233905,0.009209976671426822,1.162886267535329,2.5744921442701783
lab001,F1,2026-03-29 05:23:46,HOT->COLD,HOT,COLD,-1.327461308385792,0.008949085845596371,2.369634133261923,1.353953823084361
lab001,F1,2026-03-29 05:36:02,COLD->HOT,COLD,HOT,2.280963256714568,0.004227641208080079,1.282115028202229,2.701452491365529
lab001,F1,2026-03-29 05:40:41,HOT->COLD,HOT,COLD,-1.4809352859603784,0.0038160185588488084,2.654462852960276,1.5195972939181581
lab001,F1,2026-03-29 05:52:40,COLD->HOT,COLD,HOT,1.8352321099118378,0.009830332306003341,1.621321666050964,2.050683553315927
lab001,F1,2026-03-29 05:57:25,HOT->COLD,HOT,COLD,-0.5150346448231845,-0.0020668397019463214,2.612658198012694,1.3057471749245584
lab001,F1,2026-03-29 06:09:11,COLD->HOT,COLD,HOT,2.380284899133932,-0.03031679309742916,1.5806170067044583,2.5375702385508934
lab001,F1,2026-03-29 06:14:21,HOT->COLD,HOT,COLD,-0.4777455384637195,-0.04186132757061749,2.6151225423139146,1.1998912352581752
lab001,F1,2026-03-29 06:25:56,COLD->HOT,COLD,HOT,2.488723193375831,-0.026434174488696803,1.2438082298514932,2.990967159452618
lab001,F1,2026-03-29 06:30:58,HOT->COLD,HOT,COLD,-0.9070682325693166,-0.013864247658824352,2.647531534665514,1.8523269936169717
lab001,F1,2026-03-29 06:41:45,COLD->HOT,COLD,HOT,1.9184768205515637,0.024383485968979275,1.8992001273451926,3.1185384287160245
lab001,F1,2026-03-29 06:46:52,HOT->COLD,HOT,COLD,-1.525282973099313,0.03581169787521521,2.60803821634406,2.5090634125110567
lab001,F1,2026-03-29 06:57:04,COLD->HOT,COLD,HOT,1.2853521789529934,0.03903151167674093,2.830827695561214,2.5520479682940853
lab001,F1,2026-03-29 07:02:00,HOT->COLD,HOT,COLD,-1.1162419697277393,0.025254157970999815,2.6545810728454104,1.9670293020714416
lab001,F1,2026-03-29 07:13:11,COLD->HOT,COLD,HOT,2.994957843887351,-0.012866241841957123,2.0156835281111682,2.757127098070103
lab001,F1,2026-03-29 07:18:28,HOT->COLD,HOT,COLD,-1.7784618771825471,-0.02961823036034019,3.3559122251416373,1.454969668856825
lab001,F1,2026-03-29 07:29:46,COLD->HOT,COLD,HOT,2.5524258616426705,-0.03175454047041946,1.4647599751776257,2.901700225490958
lab001,F1,2026-03-29 07:35:09,HOT->COLD,HOT,COLD,-2.181978343836705,-0.02504788823926187,3.0631977676207254,1.689181443853743
lab001,F1,2026-03-29 07:45:56,COLD->HOT,COLD,HOT,2.172775151718083,0.002406630434197865,2.138589465768509,2.744283039462159
lab001,F1,2026-03-29 07:51:37,HOT->COLD,HOT,COLD,-1.4661918251064443,0.009558300396158969,2.5668371908882484,1.7239421831416566
lab001,F1,2026-03-29 08:03:19,COLD->HOT,COLD,HOT,2.3322255616238876,0.02211495220465807,1.625778907187957,2.8264765585701737
lab001,F1,2026-03-29 08:08:36,HOT->COLD,HOT,COLD,-2.065589721120339,0.015807924177816977,2.991314578545804,1.8638095169214821
lab001,F1,2026-03-29 08:18:45,COLD->HOT,COLD,HOT,1.9918852493759385,0.00728010318089858,2.372488452285531,2.8521593331640664
lab001,F1,2026-03-29 08:23:55,HOT->COLD,HOT,COLD,-1.6211849859672804,-0.0012102926999519419,2.571806026659688,1.9080654412101423
lab001,F1,2026-03-29 08:33:54,COLD->HOT,COLD,HOT,1.8795071458827426,-0.013526374319522461,1.97209945187924,2.5678296834933225
lab001,F1,2026-03-29 08:39:00,HOT->COLD,HOT,COLD,-1.9971525848334228,-0.01949403297796106,3.1381395882511316,1.8246044946989
lab001,F1,2026-03-29 08:49:40,COLD->HOT,COLD,HOT,2.170599387302767,-0.023072890645829427,1.6232470683850655,2.3359876436813756
lab001,F1,2026-03-29 08:54:40,HOT->COLD,HOT,COLD,-0.9637212889411747,-0.02480692283228141,2.4840485896215374,1.5352319882277703
lab001,F1,2026-03-29 09:05:13,COLD->HOT,COLD,HOT,2.787969760316061,-0.015287073928143349,1.6233915409659565,3.2294859192736394
lab001,F1,2026-03-29 09:10:30,HOT->COLD,HOT,COLD,-1.6852474579160734,-0.0053638184671066305,3.19778008632657,2.330214283350685
lab001,F1,2026-03-29 09:22:09,COLD->HOT,COLD,HOT,2.6363829018015026,0.02498560811760839,1.8523879136630221,2.7495480602821374
lab001,F1,2026-03-29 09:27:25,HOT->COLD,HOT,COLD,-1.8900302411889485,0.02202599710235198,3.391394682417996,1.6560716831293376
lab001,F1,2026-03-29 09:38:57,COLD->HOT,COLD,HOT,2.932241409985922,0.004749901669814527,1.755218043079421,2.9803861951393036
lab001,F1,2026-03-29 09:44:21,HOT->COLD,HOT,COLD,-1.8331541713596387,-0.0064892441392201405,3.081369001326971,1.51427212074325
lab001,F1,2026-03-29 09:55:15,COLD->HOT,COLD,HOT,2.1798045397453025,-0.004781679890617418,1.842865531793966,3.119862391668007
lab001,F1,2026-03-29 10:00:52,HOT->COLD,HOT,COLD,-1.7005933418959074,-0.0017931782435429257,2.722925977717869,1.5633849909862105
lab001,F1,2026-03-29 10:11:49,COLD->HOT,COLD,HOT,2.681001674475814,0.022257528488300163,1.5633849909862105,3.110687228231812
lab001,F1,2026-03-29 10:17:06,HOT->COLD,HOT,COLD,-1.645305784037828,0.026318759117047112,2.8607654332206556,2.2817476203368474
lab001,F1,2026-03-29 10:27:05,COLD->HOT,COLD,HOT,0.5845379073022169,0.02907873549654863,2.4260629215656886,2.7032005605772027
lab001,F1,2026-03-29 10:32:08,HOT->COLD,HOT,COLD,-2.6715374563696423,0.009722863308474501,2.63276014833487,2.811148029736318
lab001,F1,2026-03-29 10:41:57,COLD->HOT,COLD,HOT,2.644921220987265,-0.06011703333615763,2.7713618610419135,2.9490016364276097
lab001,F1,2026-03-29 10:46:56,HOT->COLD,HOT,COLD,-1.7594089623980487,-0.09818307818438399,3.1613824984160592,2.7640994504423464
lab001,F1,2026-03-29 10:58:42,COLD->HOT,COLD,HOT,3.2055247358509056,-0.16812714994073338,2.577907578538696,2.7754244987232015
lab001,F1,2026-03-29 11:03:48,HOT->COLD,HOT,COLD,4.277097717872672,-0.1859862085626064,3.2691773985346013,10.26245788003354
lab001,F1,2026-03-29 11:12:04,COLD->HOT,COLD,HOT,4.009878923037004,-0.072325581439868,6.033736163274188,10.94665075578498
lab001,F1,2026-03-29 11:16:50,HOT->COLD,HOT,COLD,-9.006021898177941,0.1101580996465712,13.315038659025307,2.2280104078012286
lab001,F1,2026-03-29 11:30:39,COLD->HOT,COLD,HOT,2.120703862068515,0.42387861394712534,2.9640876409692933,1.821353856888588
lab001,F1,2026-03-29 11:36:41,HOT->COLD,HOT,COLD,-0.7313314939101778,0.3177968928251863,2.663524522104795,2.6833478612687376
lab001,F1,2026-03-29 11:48:54,COLD->HOT,COLD,HOT,2.8681598271476787,-0.04548457316421006,2.9029709814211624,2.2206470666078832
lab001,F1,2026-03-29 11:54:01,HOT->COLD,HOT,COLD,-0.3222127374087883,-0.18195548362154085,3.107543433396235,1.3883533914920116
lab001,F1,2026-03-29 12:05:36,COLD->HOT,COLD,HOT,3.6589262854614124,-0.31302144265432924,1.5795811620405984,3.564149903841733
lab001,F1,2026-03-29 12:10:39,HOT->COLD,HOT,COLD,-1.5225207137013081,-0.2914724506378101,3.213577088993598,1.2980714840508847
lab001,F1,2026-03-29 12:21:47,COLD->HOT,COLD,HOT,2.1887117187995164,-0.14686748583090814,1.337431436791749,2.2925792363468327
lab001,F1,2026-03-29 12:26:54,HOT->COLD,HOT,COLD,-0.7355512885293032,-0.07623953791778817,1.9699109985856769,1.3886335106378886
lab001,F1,2026-03-29 12:37:48,COLD->HOT,COLD,HOT,2.22460903333476,0.05903136929362579,1.3886335106378886,2.9633352197731084
lab001,F1,2026-03-29 12:42:51,HOT->COLD,HOT,COLD,-1.7795784453914227,0.09585492613907468,2.7131020289780587,1.7595093763920022
lab001,F1,2026-03-29 12:53:45,COLD->HOT,COLD,HOT,1.1095443543868144,0.12164261953438382,1.8797022963642356,2.203404220866959
lab001,F1,2026-03-29 12:58:27,HOT->COLD,HOT,COLD,-0.6940607014722064,0.1076915368765989,2.348279040403312,1.7506267381204215
lab001,F1,2026-03-29 13:09:46,COLD->HOT,COLD,HOT,2.5521977282629624,0.052421324073085446,1.5425632282099238,2.1952574096061914
lab001,F1,2026-03-29 13:14:39,HOT->COLD,HOT,COLD,-0.4608832785161336,0.034150208633951795,2.2784710649441298,1.4416587938214165
lab001,F1,2026-03-29 13:26:31,COLD->HOT,COLD,HOT,2.065724294459484,0.031110499788162202,1.1919241558975202,2.6221506871035296
lab001,F1,2026-03-29 13:31:45,HOT->COLD,HOT,COLD,-1.3641808041285333,0.02820333555114586,2.7764208636347725,1.6906695543313777
lab001,F1,2026-03-29 13:43:48,COLD->HOT,COLD,HOT,1.4216037634067347,0.011610369068340273,1.3426167312206176,2.3384287565575033
lab001,F1,2026-03-29 13:48:30,HOT->COLD,HOT,COLD,-0.7600315114698122,-0.0017282741249442096,2.211832573802418,1.5896583293052209
lab001,F1,2026-03-29 14:01:35,COLD->HOT,COLD,HOT,1.5584269466441902,-0.04020719081906607,1.3581277350283347,2.168312836172266
lab001,F1,2026-03-29 14:06:18,HOT->COLD,HOT,COLD,-0.5232254444774099,-0.05384460915427436,2.1222903960760386,1.389606294069124
lab001,F1,2026-03-29 14:17:53,COLD->HOT,COLD,HOT,1.6485475873783386,-0.05241986492085813,1.3247890780670022,2.40363456127564
lab001,F1,2026-03-29 14:22:36,HOT->COLD,HOT,COLD,-1.3969976594315128,-0.04313652921962588,2.3544438611747425,1.5018763172809118
lab001,F1,2026-03-29 14:34:25,COLD->HOT,COLD,HOT,2.2432327606801215,-0.013984913406184952,1.4374972205809549,2.712540843974224
lab001,F1,2026-03-29 14:39:38,HOT->COLD,HOT,COLD,-1.64865678211326,-0.005306181982448616,3.082820888505995,1.7672592471590276
lab001,F1,2026-03-29 14:51:58,COLD->HOT,COLD,HOT,2.5449667622488947,0.00245158422679239,1.4491364504233863,2.436762954338507
lab001,F1,2026-03-29 14:57:15,HOT->COLD,HOT,COLD,-0.924095252455595,0.0006341600020580707,2.7778562649573715,1.2971355944702645
lab001,F1,2026-03-29 15:09:21,COLD->HOT,COLD,HOT,0.8668034382204721,0.015312393242239252,1.1494939149983683,2.4347938125709363
lab001,F1,2026-03-29 15:14:03,HOT->COLD,HOT,COLD,-1.1802225822346677,0.012842616713068987,2.0003976789164324,1.820075493769275
lab001,F1,2026-03-29 15:25:59,COLD->HOT,COLD,HOT,3.4013580398403214,-0.010147679367536534,1.6658873471707665,2.7451576085837677
lab001,F1,2026-03-29 15:30:45,HOT->COLD,HOT,COLD,-0.2992248117582454,-0.00507564438803927,2.3454141678161373,1.400778058161172
lab001,F1,2026-03-29 15:45:45,COLD->HOT,COLD,HOT,1.478722157592376,0.05948127374958857,0.9798848633751036,2.3661837834613593
lab001,F1,2026-03-29 15:50:23,HOT->COLD,HOT,COLD,-1.6707069050787138,0.06489843843048267,2.2771082517150925,1.901230291774616
lab001,F1,2026-03-29 16:04:41,COLD->HOT,COLD,HOT,1.019648916157673,-0.002728586195328217,2.1156177355873225,2.3574061245895814
lab001,F1,2026-03-29 16:09:03,HOT->COLD,HOT,COLD,-0.9563040507996556,-0.060633595316791314,2.564758641643883,2.304078154986992
lab001,F1,2026-03-29 16:24:19,COLD->HOT,COLD,HOT,6.3215073206771315,-0.23346016447125412,2.0337216017072333,5.293860299307684
lab001,F1,2026-03-29 16:28:40,HOT->COLD,HOT,COLD,-0.6557234693363687,-0.1952422062921758,5.051970703933091,2.294917785082846
lab001,F1,2026-03-29 16:43:01,COLD->HOT,COLD,HOT,-0.3600366117451374,0.11571647453587719,0.9412288414680323,2.6193885263566603
lab001,F1,2026-03-29 16:47:33,HOT->COLD,HOT,COLD,-2.322713816523481,0.15810566376173207,1.7492012824835983,2.5663810302865664
lab001,F1,2026-03-29 17:05:10,COLD->HOT,COLD,HOT,2.296829964242593,-0.06631434875834082,2.9520065925068115,3.824333373768804
lab001,F1,2026-03-29 17:09:49,HOT->COLD,HOT,COLD,11.496486812747756,-0.15523113071671196,3.8620804483866102,22.755596153605417
lab001,F1,2026-03-29 17:26:45,COLD->HOT,COLD,HOT,-16.752880161510276,0.38091338596838076,23.377748887251926,3.9350300803156144
lab001,F1,2026-03-29 17:31:10,HOT->COLD,HOT,COLD,-6.601242944288646,0.5367506550436469,6.753327907753118,4.081146000694772
lab001,F1,2026-03-29 17:49:38,COLD->HOT,COLD,HOT,0.8603787441083144,-0.0007094950752151163,3.987189757020244,3.517126241322305
lab001,F1,2026-03-29 17:54:31,HOT->COLD,HOT,COLD,1.3557784918907578,-0.24620735707072816,3.6640528164873527,3.300204863880926
lab001,F1,2026-03-29 18:00:02,COLD->HOT,COLD,HOT,3.316988020109267,-0.48559933022859825,3.467593641528679,1.5858377206598877
lab001,F1,2026-03-29 18:22:42,HOT->COLD,HOT,COLD,-4.450530476055057,-0.23663855584474064,3.5193180052892656,2.2407029809917853
lab001,F1,2026-03-29 18:33:32,COLD->HOT,COLD,HOT,1.070933946984633,0.07334657233818931,2.147275629786685,1.214064746449348
lab001,F1,2026-03-29 18:51:30,HOT->COLD,HOT,COLD,-0.78865575928177,0.34958632247073185,0.6108634029724301,3.0688024811780883
lab001,F1,2026-03-29 18:57:28,COLD->HOT,COLD,HOT,0.7416572851104168,0.3923184288090476,2.096936916922672,2.8453262470293623
lab001,F1,2026-03-29 19:01:39,HOT->COLD,HOT,COLD,-1.159646434061676,0.3733932248773226,3.819974335663223,1.72538872227703
lab001,F1,2026-03-29 19:08:12,COLD->HOT,COLD,HOT,0.1821843640298612,0.2634655067438315,3.2033832977112926,0.7319251801426299
lab002,F2,2026-03-30 13:09:57,HOT->OFF,HOT,OFF,1.5143690426831,-0.01156863083245412,0.8901189578320737,1.1411180351313044
lab002,F2,2026-03-30 13:13:29,HOT->OFF,HOT,OFF,-0.042084463409027245,-0.021146396702360806,0.973917096845825,0.8187682337412653
lab002,F2,2026-03-30 13:21:41,OFF->COLD,OFF,COLD,-1.0196748857352085,-0.013263410752262849,1.1320807093509195,0.3281128830014354
lab002,F2,2026-03-30 14:11:41,COLD->OFF,COLD,OFF,0.4120819691868409,0.003862085925538848,0.5058763250092986,0.9356085382653055
lab002,F2,2026-03-30 14:13:34,COLD->OFF,COLD,OFF,0.5286286685459151,0.012713664114242105,0.5206335903023348,1.0594943324422381
lab002,F2,2026-03-30 14:14:35,OFF->COLD,OFF,COLD,0.37163046655717746,0.017776006866109383,0.5335105915808019,1.053591216467288
lab002,F2,2026-03-30 14:15:37,OFF->COLD,OFF,COLD,0.169609222886154,0.022670936113157403,0.5662652085982046,1.0296670965530652
lab002,F2,2026-03-30 14:16:45,OFF->COLD,OFF,COLD,-0.03375335500246324,0.027539100804118012,0.607922798668019,1.015893421462012
lab002,F2,2026-03-30 14:22:30,OFF->COLD,OFF,COLD,-2.1426478898949854,0.0633215350203968,0.9826797901039118,1.4951041743150086
lab002,F2,2026-03-30 14:43:02,COLD->OFF,COLD,OFF,5.416081239076398,-0.11915402163893543,2.5924559922719648,3.386048367369743
lab002,F2,2026-03-30 14:53:10,HOT->OFF,HOT,OFF,-2.3891953092939193,-0.14393306186067584,3.148986251421859,2.0122348113878026
lab002,F2,2026-03-30 14:55:09,OFF->COLD,OFF,COLD,-3.080272728514148,-0.11696243327645414,3.2495837469637383,2.401378331752325
lab002,F2,2026-03-30 14:56:58,COLD->OFF,COLD,OFF,-1.5554270009566293,-0.08948709526331902,3.2878859573767483,1.6690785169048454
lab002,F2,2026-03-30 15:02:16,OFF->HOT,OFF,HOT,1.1540386294023461,-0.016397600151373926,2.112752112138466,1.4805512808684578
lab002,F2,2026-03-30 15:05:03,HOT->OFF,HOT,OFF,-0.06467744118996661,0.01763310613804668,2.258747208146515,1.496504428749821
lab002,F2,2026-03-30 15:12:03,OFF->COLD,OFF,COLD,-3.443103125287168,0.08599312291130842,1.6827833356188002,2.5462126107297003
lab002,F2,2026-03-30 15:13:56,COLD->OFF,COLD,OFF,-3.0284425525804366,0.09397991447087875,1.6967881473595765,2.2590574180190313
lab002,F2,2026-03-30 15:21:16,OFF->HOT,OFF,HOT,-0.27282515657219397,0.0491793978396116,2.5873844883596333,3.6603875916820594
lab002,F2,2026-03-30 15:25:22,HOT->OFF,HOT,OFF,-1.675913477961581,-0.013042724384766703,2.3592774159511283,4.284075717150759
lab002,F2,2026-03-30 15:29:14,OFF->COLD,OFF,COLD,-3.281910860413989,-0.08364030362146258,2.0948486701220244,4.88793432435414
lab002,F2,2026-03-30 15:32:25,COLD->OFF,COLD,OFF,3.0695670134940656,-0.15650444132313612,3.6603875916820594,9.436152537736339
lab002,F2,2026-03-30 15:38:44,OFF->HOT,OFF,HOT,12.9336026451108,-0.29550181589519486,3.9717901385632026,13.474729845403536
lab002,F2,2026-03-30 15:43:24,HOT->OFF,HOT,OFF,2.9658700720310116,-0.2836654697557747,9.436152537736339,8.588968690004865
lab002,F2,2026-03-30 15:46:11,OFF->COLD,OFF,COLD,-2.7207755675994574,-0.19510563989701674,11.515958553791693,5.1705129379819175
lab002,F2,2026-03-30 15:47:47,COLD->OFF,COLD,OFF,-3.655707918444668,-0.11520185575580727,12.827085033142543,4.152825063613298
lab002,F2,2026-03-30 15:51:46,OFF->HOT,OFF,HOT,-11.085617550216973,0.11802056530018018,13.454519948284599,2.777619942598601
lab002,F2,2026-03-30 15:52:47,HOT->OFF,HOT,OFF,-9.534557694447871,0.17543075164791455,12.087846664911932,2.9927700271987177
lab002,F2,2026-03-30 15:55:41,HOT->OFF,HOT,OFF,-6.889252710818358,0.3283533156578562,8.699812359951395,3.20348884427386
lab002,F2,2026-03-30 15:59:06,OFF->COLD,OFF,COLD,-5.571472746114115,0.46279016072482937,3.4950141652459075,3.8917761651227267
lab002,F2,2026-03-30 16:02:21,COLD->OFF,COLD,OFF,-0.35536323761150035,0.5223037015236469,3.144751599574957,3.42751607485653
lab002,F2,2026-03-30 16:09:10,OFF->HOT,OFF,HOT,0.6480549047982809,0.46960749133857327,3.793420161327053,3.6240377790397176
lab002,F2,2026-03-30 16:10:12,HOT->OFF,HOT,OFF,1.09691468287989,0.44764441955710405,3.8917761651227267,3.5664218247183928
lab002,F2,2026-03-30 16:11:23,OFF->HOT,OFF,HOT,-0.7067519646038329,0.4183709028195855,4.137675820054327,3.425402725869514
lab002,F2,2026-03-30 16:12:42,OFF->COLD,OFF,COLD,-1.0081381976140091,0.3774305852781,2.6744718253742654,3.384039638766951
lab002,F2,2026-03-30 16:16:06,COLD->OFF,COLD,OFF,2.1986495694707924,0.25890385945916194,3.6483036844357293,2.0104871822060626
lab002,F2,2026-03-30 16:21:48,OFF->HOT,OFF,HOT,1.3966584791072756,0.054066095620616705,3.4045380810535035,1.8182329559136223
lab002,F2,2026-03-30 16:22:56,OFF->HOT,OFF,HOT,1.598049356249407,0.013273087081889234,3.188115934401797,1.7951376547993847
lab002,F2,2026-03-30 16:27:29,OFF->COLD,OFF,COLD,-0.2601292947408683,-0.12400834139304934,1.4715157363970397,1.7897714369698903
lab002,F2,2026-03-30 16:28:58,COLD->OFF,COLD,OFF,-0.9427182146942032,-0.1616271321891064,2.444078230677124,1.2838128101863395
lab002,F2,2026-03-30 16:40:27,OFF->HOT,OFF,HOT,1.0974196366344215,-0.32896217343147893,0.6303752984491827,2.087023516599483
lab002,F2,2026-03-30 16:41:32,HOT->OFF,HOT,OFF,0.8374230248189984,-0.32791799574209607,0.5720692437104047,2.0681140574951944
lab002,F2,2026-03-30 16:42:34,OFF->HOT,OFF,HOT,0.5111660730041544,-0.32423762586287774,0.5668252988859623,2.0232352914709244
lab002,F2,2026-03-30 16:46:16,OFF->COLD,OFF,COLD,-1.1866290690351955,-0.2963356983785497,2.1262799378131603,2.31912638196813
lab002,F2,2026-03-30 16:48:02,COLD->OFF,COLD,OFF,-1.8331758115887944,-0.27805661951439165,3.237076657102291,1.2175591755024073
lab002,F2,2026-03-30 16:54:58,OFF->HOT,OFF,HOT,0.18151256684053643,-0.18104785997111775,1.29363141570075,1.085205658521684
lab002,F2,2026-03-30 16:56:02,HOT->OFF,HOT,OFF,0.365741574401629,-0.16490540009816207,1.2344611385988047,1.0813386426764755
lab002,F2,2026-03-30 17:02:52,OFF->COLD,OFF,COLD,-1.0435468524448477,-0.06871378927415794,1.2678847921736116,1.0190556673112052
lab002,F2,2026-03-30 17:56:14,OFF->COLD,OFF,COLD,-0.6313894813822968,0.11331616452358415,0.1740937528840639,0.5568868158227153
lab002,F2,2026-03-30 17:57:23,OFF->COLD,OFF,COLD,-0.6389739300213924,0.1122674485351415,0.23093106856437576,0.5335236716378605
lab002,F2,2026-03-30 17:59:05,OFF->COLD,OFF,COLD,-0.40299520577712356,0.10903435030726202,0.3878437066350846,0.44385504488534633
lab002,F2,2026-03-30 18:01:11,OFF->COLD,OFF,COLD,-0.22306492914968423,0.10214769945217785,0.48176199798864494,0.38868841078869143
lab002,F2,2026-03-30 19:42:27,OFF->COLD,OFF,COLD,-0.3214392677222288,0.04411956996135405,0.19040533865643253,0.3794222290704218
lab002,F2,2026-03-30 19:43:53,OFF->COLD,OFF,COLD,-0.41840150287312566,0.0447322800203032,0.2711280784128672,0.36361610572087993
lab002,F2,2026-03-30 19:45:08,OFF->COLD,OFF,COLD,-0.5347743869902613,0.04509009682992357,0.22542581106891754,0.4812867161942786
lab002,F2,2026-03-30 22:05:29,OFF->COLD,OFF,COLD,0.0420548775414594,-0.0068188949192086405,0.2147879349389808,0.25857581544602126
lab002,F2,2026-03-30 22:07:05,OFF->COLD,OFF,COLD,-0.0068175516218075705,-0.0077611470450945855,0.2351557011530321,0.22873934848559407
lab002,F2,2026-03-30 22:44:22,OFF->COLD,OFF,COLD,0.10187544429130746,0.002996109388152181,0.30734286722995147,0.31076553762127396
lab002,F2,2026-03-30 22:47:20,OFF->COLD,OFF,COLD,-0.10521753941840131,0.007107409233856821,0.3260651664803242,0.329033243741247
lab002,F2,2026-03-30 22:50:58,OFF->COLD,OFF,COLD,-0.23535022735688788,0.013151079676500643,0.3120358708167646,0.3862171322381415
lab002,F2,2026-03-30 22:52:10,OFF->COLD,OFF,COLD,-0.2518669530336225,0.014968348799912247,0.28752734004370734,0.3686195572700342
lab002,F2,2026-03-30 22:53:39,OFF->COLD,OFF,COLD,-0.3871626822712688,0.01673043799454894,0.3283461354689314,0.3128844682842586
lab002,F2,2026-03-30 22:54:44,OFF->COLD,OFF,COLD,-0.42327110863180095,0.017828959226640517,0.3333407708594669,0.3134283833351849
lab002,F2,2026-03-30 22:56:16,OFF->COLD,OFF,COLD,-0.3467032764031267,0.01964487071270611,0.2961360806782425,0.29124443856313864
lab002,F2,2026-03-31 15:24:58,OFF->COLD,OFF,COLD,0.6051249349523945,-0.11755632848072324,0.7671976136518237,2.8360783813276513
lab002,F2,2026-03-31 15:27:53,OFF->COLD,OFF,COLD,0.9743412961467348,-0.13891197010393302,0.899527493621869,3.419411005581922
lab002,F2,2026-03-31 15:29:21,OFF->COLD,OFF,COLD,3.584537036521729,-0.14881138575800718,1.0581165867146214,5.413465889515968
lab002,F2,2026-03-31 15:30:23,COLD->OFF,COLD,OFF,4.703301510536347,-0.15426698344382786,1.0786076960294262,6.067866488860417
lab002,F2,2026-03-31 15:31:25,COLD->OFF,COLD,OFF,5.5244094798845715,-0.15832768979420428,1.233101770088604,6.182795925836908
lab002,F2,2026-03-31 15:32:26,OFF->COLD,OFF,COLD,5.444868274568249,-0.16055583323426995,1.4181965459583408,6.648805261630972
lab002,F2,2026-03-31 15:34:45,OFF->HOT,OFF,HOT,2.505113130204177,-0.15623314138063626,3.7196296113263774,5.628110845576864
lab002,F2,2026-03-31 15:38:41,HOT->OFF,HOT,OFF,0.8188182873603749,-0.11371398725470924,4.258913678941631,4.009769227878154
lab002,F2,2026-03-31 15:41:21,OFF->COLD,OFF,COLD,-3.8735750389787094,-0.06186489956203367,6.067866488860417,1.0111065593373305
lab002,F2,2026-03-31 15:43:52,COLD->OFF,COLD,OFF,-3.1377443375386296,-0.005400717079329653,6.043227207926537,0.5707579696225314
lab002,F2,2026-03-31 15:51:54,OFF->HOT,OFF,HOT,0.08517901122772897,0.15099033020798874,1.1112431013344903,1.4782331181036572
lab002,F2,2026-03-31 15:55:16,HOT->OFF,HOT,OFF,-1.3943215568109961,0.1886515820506962,0.935159774367886,1.4737097792867786
lab002,F2,2026-03-31 16:00:44,OFF->COLD,OFF,COLD,-1.4300027835196087,0.2096883440641442,1.2038919466325513,1.438678477187749
lab002,F2,2026-03-31 16:02:44,COLD->OFF,COLD,OFF,-0.5348999997410125,0.202561677092542,1.4449473855553792,1.3349626698367492
lab002,F2,2026-03-31 16:10:36,OFF->HOT,OFF,HOT,0.944895141629499,0.11992960442688161,1.4511764913550302,1.3276048367008604
lab002,F2,2026-03-31 16:13:00,HOT->OFF,HOT,OFF,0.5771507911139457,0.08917811428486101,1.3454014231600668,0.8891366030896819
lab002,F2,2026-03-31 16:18:52,OFF->COLD,OFF,COLD,-0.5011018424096282,0.013679885901193428,1.1837808429146326,0.9705620843232559
lab002,F2,2026-03-31 16:20:14,COLD->OFF,COLD,OFF,-0.03481832701768017,-0.002437138001820577,1.2298493250283415,0.536154248820927
lab002,F2,2026-03-31 16:28:20,OFF->HOT,OFF,HOT,1.2700944629299942,-0.0895083396198913,0.876693920978361,1.3608668820249827
lab002,F2,2026-03-31 16:31:11,HOT->OFF,HOT,OFF,0.264505458785281,-0.10728119968005863,0.536154248820927,0.7926264242131565
lab002,F2,2026-03-31 16:36:46,OFF->COLD,OFF,COLD,-0.7807588132749029,-0.11709026329142871,1.1944470026249154,0.5644665718167742
lab002,F2,2026-03-31 16:39:03,COLD->OFF,COLD,OFF,-0.08394371426251757,-0.11646398878512013,1.2616828852819448,1.2838896565276903
lab002,F2,2026-03-31 16:46:11,OFF->HOT,OFF,HOT,1.1134224582133125,-0.10621478501423365,0.64054113450218,1.2370594991918913
lab002,F2,2026-03-31 16:48:31,HOT->OFF,HOT,OFF,0.5363037013138562,-0.0978297903228269,0.6692821444954348,0.8005561679814392
lab002,F2,2026-03-31 16:55:46,OFF->COLD,OFF,COLD,-0.8228124335351068,-0.05995113993712349,1.260701506495467,0.803406853438129
lab002,F2,2026-03-31 16:57:29,COLD->OFF,COLD,OFF,-0.400849833859782,-0.051797913937041494,1.1703540651683884,0.5606172870962572
lab002,F2,2026-03-31 17:07:14,OFF->HOT,OFF,HOT,0.599804895552421,-0.0020523901487267127,0.5946818579327541,1.259165198547121
lab002,F2,2026-03-31 17:08:15,OFF->HOT,OFF,HOT,0.41768075968673124,0.0038628003401045136,0.4184518623784015,1.2612516686183046
lab002,F2,2026-03-31 17:09:58,HOT->OFF,HOT,OFF,-0.13544746554954903,0.014608207895246389,0.3215268612664341,0.5320817418686484
lab002,F2,2026-03-31 17:19:29,OFF->COLD,OFF,COLD,-0.6717608201741999,0.06631718843595968,0.9392858414030548,0.4874630983984907
lab002,F2,2026-03-31 17:20:31,COLD->OFF,COLD,OFF,-0.5216565531986664,0.06926407886594817,0.9511217058831072,0.36932376407258855
lab002,F2,2026-03-31 17:21:39,OFF->COLD,OFF,COLD,0.016627942980555505,0.0714424772097119,0.40421213396911204,0.3262186382897343
lab002,F2,2026-03-31 17:54:51,OFF->HOT,OFF,HOT,0.06584656894463257,-0.012651532047389315,0.10170392402444396,0.07193034960150907
lab002,F2,2026-03-31 17:55:52,OFF->HOT,OFF,HOT,0.07283916137130718,-0.015282231258797851,0.09157371723543023,0.06275054536164137
lab002,F2,2026-03-31 20:05:59,OFF->COLD,OFF,COLD,-0.34496881578225747,-0.0013845326898590665,0.14205027160072595,0.5903086403498169
lab002,F2,2026-03-31 20:07:24,OFF->COLD,OFF,COLD,-0.31402674418035365,-0.004210326481490979,0.18145768751581137,0.5466459266158396
lab002,F2,2026-03-31 20:08:26,COLD->OFF,COLD,OFF,-0.2363436111222882,-0.006934128615901584,0.21900640357060566,0.49381273416588206
lab002,F2,2026-03-31 20:09:28,COLD->OFF,COLD,OFF,-0.18412239741369216,-0.009462092663188863,0.22748915242354598,0.44456029587666895
lab002,F2,2026-03-31 20:10:36,COLD->OFF,COLD,OFF,-0.005317302738434115,-0.012703851408570915,0.35616231044192465,0.41214167698883986
lab002,F2,2026-03-31 20:11:38,COLD->OFF,COLD,OFF,0.12032866200535242,-0.015744123547155757,0.43180252956577336,0.3344163817260472
lab002,F2,2026-03-31 20:22:52,OFF->HOT,OFF,HOT,1.1901444958690373,-0.046515094945685294,0.34319271546167457,1.7370462764774173
lab002,F2,2026-03-31 20:30:14,HOT->OFF,HOT,OFF,-1.7297883558549612,-0.025803811264898047,1.8097080317177925,0.9076764009119754
lab002,F2,2026-03-31 20:34:17,OFF->COLD,OFF,COLD,-1.7694634880603846,-0.00321972097680627,1.8966933100475518,0.8047689286510684
lab002,F2,2026-03-31 20:39:52,COLD->OFF,COLD,OFF,1.1521182787282194,0.01161445876269869,0.9529249004749298,1.4994636031201887
lab002,F2,2026-03-31 20:45:41,OFF->HOT,OFF,HOT,1.1143234092270238,0.009214532133179867,0.7493743286301845,1.654991840243588
lab002,F2,2026-03-31 20:50:53,HOT->OFF,HOT,OFF,-1.388329953737224,0.012771867826704253,1.4994636031201887,1.0323189964448403
lab002,F2,2026-03-31 20:54:38,OFF->COLD,OFF,COLD,-0.6255959949282445,0.019094544635207523,1.5861771913100484,1.5250174315266067
lab002,F2,2026-03-31 20:58:07,COLD->OFF,COLD,OFF,0.06217852196140994,0.02085417932727268,1.5647438184126083,1.4122480710308263
lab002,F2,2026-03-31 21:01:53,OFF->HOT,OFF,HOT,1.326134878053701,0.019450927660176875,1.0323189964448403,1.6464555785370953
lab002,F2,2026-03-31 21:04:10,HOT->OFF,HOT,OFF,0.5497392722872491,0.018146470091474177,0.9765909730978015,1.3794819764045783
lab002,F2,2026-03-31 21:05:46,HOT->OFF,HOT,OFF,-0.50746938994497,0.017670798174227176,1.5233600111193568,0.9358994205073548
lab002,F2,2026-03-31 21:10:30,OFF->COLD,OFF,COLD,-0.9705959289801959,0.018910222742478354,1.32823804110475,1.2500466313947332
lab002,F2,2026-03-31 21:13:31,COLD->OFF,COLD,OFF,0.17250031697512605,0.01640308213792632,1.5020481511182655,1.3645476205987854
lab002,F2,2026-03-31 21:18:02,OFF->HOT,OFF,HOT,1.0100491590990752,0.007670491822601834,0.8409588211507343,1.5130738077264758
lab002,F2,2026-03-31 21:22:08,HOT->OFF,HOT,OFF,-0.5787296336243889,0.002122448131413178,1.4756869431914081,0.9158697689331324
lab002,F2,2026-03-31 21:26:38,OFF->COLD,OFF,COLD,-0.5536342678510857,0.0006323348189252835,1.3328390432113633,1.458283915106544
lab002,F2,2026-03-31 21:29:26,COLD->OFF,COLD,OFF,0.04380802099376452,-0.001080515668569107,1.407654481032792,1.3833967422059026
lab002,F2,2026-03-31 21:33:09,OFF->HOT,OFF,HOT,1.1585212381149332,-0.004297404842010577,0.9158697689331324,1.4323851065891413
lab002,F2,2026-03-31 21:36:27,HOT->OFF,HOT,OFF,-0.05723093555631359,-0.005800733464736085,1.3156784525315781,0.7913476221190843
lab002,F2,2026-03-31 21:42:03,OFF->COLD,OFF,COLD,-0.9049939783865657,-0.0022515590949735206,1.6079498020481398,1.432589762978449
lab002,F2,2026-03-31 21:44:47,COLD->OFF,COLD,OFF,-0.0021229942707761684,-0.0014240416337693903,1.5384173440217592,1.3244975838235578
lab002,F2,2026-03-31 21:48:36,OFF->HOT,OFF,HOT,0.839643558354601,-0.0021271192694341853,0.8646712268324197,1.369907103626797
lab002,F2,2026-03-31 21:51:41,HOT->OFF,HOT,OFF,-0.25851244835672527,-0.002097124837736608,1.1834843660250243,0.8775174843405523
lab002,F2,2026-03-31 21:58:18,OFF->COLD,OFF,COLD,-0.545668230195883,0.0007723318509131882,1.357621754626938,1.3756442979127022
lab002,F2,2026-03-31 22:00:55,COLD->OFF,COLD,OFF,0.15672506959029678,-0.0005133795405465776,1.4115573581741663,1.4377732556455134
lab002,F2,2026-03-31 22:03:50,OFF->HOT,OFF,HOT,1.0560933016067828,-0.003952272829515513,0.873723530605279,1.4145093373940207
lab002,F2,2026-03-31 22:06:41,HOT->OFF,HOT,OFF,-0.20438873825932158,-0.0066701540585718975,1.2020202830077753,0.8395680540501632
lab002,F2,2026-03-31 22:13:14,OFF->COLD,OFF,COLD,-0.11631399858152547,-0.008620167343324226,1.2166964247362393,1.445462001509251
lab002,F2,2026-03-31 22:15:25,COLD->OFF,COLD,OFF,0.5682156071294718,-0.009836483393824104,1.2397349684996635,1.476721991692551
lab002,F2,2026-03-31 22:18:33,OFF->HOT,OFF,HOT,1.2249619115679078,-0.012412650227644128,0.8147196778619057,1.5499494943236773
lab002,F2,2026-03-31 22:21:41,HOT->OFF,HOT,OFF,-0.13298088576315908,-0.01326696518375432,1.1600886416368943,0.8296972831616989
lab002,F2,2026-03-31 22:28:25,OFF->COLD,OFF,COLD,-0.5343149514203978,-0.009105635723550786,1.4344580086193521,1.4352139659766188
lab002,F2,2026-03-31 22:30:38,COLD->OFF,COLD,OFF,0.12746280452970543,-0.008344765412131694,1.3459907603017973,1.477132498761953
lab002,F2,2026-03-31 22:33:02,OFF->HOT,OFF,HOT,0.8658961167988197,-0.00805441606484112,0.7953971798263917,1.4712113420869237
lab002,F2,2026-03-31 22:35:50,HOT->OFF,HOT,OFF,-0.09320193756176659,-0.007093641229797566,1.1910149582617116,0.8693283132486086
lab002,F2,2026-03-31 22:41:29,OFF->COLD,OFF,COLD,-0.09355000014155679,-0.0026989557491559728,1.4785227503518263,1.7465769686432049
lab002,F2,2026-03-31 22:43:35,COLD->OFF,COLD,OFF,0.21425133574358535,-0.0016258829428686498,1.5238165327190658,1.6570183698110887
lab002,F2,2026-03-31 22:46:50,OFF->HOT,OFF,HOT,0.912667243728109,-0.0004064220393155127,0.8693283132486086,1.3916960593186576
lab002,F2,2026-03-31 22:49:38,HOT->OFF,HOT,OFF,-0.05163208692159238,0.0012987838596484995,1.131308560591243,0.7384363616282476
lab002,F2,2026-03-31 22:55:17,OFF->COLD,OFF,COLD,-0.25821405329277103,0.008502202366815958,1.1919136684224005,1.1689456744941609
lab002,F2,2026-03-31 22:56:59,COLD->OFF,COLD,OFF,0.004158965560962513,0.010337042161747089,1.2140699924868237,1.2293850099128099
lab002,F2,2026-03-31 23:01:03,OFF->HOT,OFF,HOT,0.7232246182710995,0.013190940558333876,0.6975708442130709,1.2272571382153807
lab002,F2,2026-03-31 23:03:50,HOT->OFF,HOT,OFF,-0.21810898004877502,0.014774818347550078,0.9783075740190925,0.8311712321871292
lab002,F2,2026-03-31 23:10:58,OFF->COLD,OFF,COLD,-0.3565960948670729,0.018228988609500573,1.20639130966108,1.1704880567622662
lab002,F2,2026-03-31 23:12:51,COLD->OFF,COLD,OFF,-0.08536315804536504,0.016876813509455735,1.3084946560663342,1.1350518792111797
lab002,F2,2026-03-31 23:17:28,OFF->HOT,OFF,HOT,0.9332883760468818,0.009596077027256133,0.7782054209116639,1.0946388265777625
lab002,F2,2026-03-31 23:19:59,HOT->OFF,HOT,OFF,0.17170445331833484,0.005980468840312846,0.646212050940531,0.6260805955609872
lab002,F2,2026-03-31 23:27:58,OFF->COLD,OFF,COLD,-0.2639385902328883,-0.0005204510888601188,1.0381961898417096,1.2363416958711575
lab002,F2,2026-03-31 23:29:10,COLD->OFF,COLD,OFF,-0.22033676388614892,-0.002155735912481792,1.1743694927685406,1.245832131438115
lab002,F2,2026-03-31 23:34:32,OFF->HOT,OFF,HOT,0.9902336639934199,-0.011561357484986833,0.605292160576741,1.3547291338785676
lab002,F2,2026-03-31 23:37:30,HOT->OFF,HOT,OFF,-0.17610457131926,-0.014493088046713655,0.9273246277960034,0.7497508447729274
lab002,F2,2026-03-31 23:43:46,OFF->COLD,OFF,COLD,-0.3172034663448835,-0.012712280971870138,1.1586980721204259,1.107063067508889
lab002,F2,2026-03-31 23:45:39,COLD->OFF,COLD,OFF,0.06713960796130475,-0.012111387309710907,1.2024357126041434,1.0451864436244975
lab002,F2,2026-03-31 23:50:13,OFF->HOT,OFF,HOT,0.8811907318322121,-0.01158677033625557,0.6847196168522935,1.129699844181849
lab002,F2,2026-03-31 23:53:01,HOT->OFF,HOT,OFF,-0.10254719613216981,-0.009914840830769434,0.8804379218398224,0.5985982372640345
lab002,F2,2026-04-01 00:00:12,OFF->COLD,OFF,COLD,-0.2964202689993737,-0.0007790730899081,1.1258029905761961,1.1848186078853886
lab002,F2,2026-04-01 00:01:48,COLD->OFF,COLD,OFF,0.058434530002897916,0.0002548449129690985,1.036720844987934,1.222597630659449
lab002,F2,2026-04-01 00:07:23,OFF->HOT,OFF,HOT,0.8725851960602504,-7.358881508947625e-05,0.5968700646579089,1.1733877815068054
lab002,F2,2026-04-01 00:10:01,HOT->OFF,HOT,OFF,-0.09668293679869985,0.0007096721824395146,0.8543476088728217,0.7143526368598637
lab002,F2,2026-04-01 00:17:19,OFF->COLD,OFF,COLD,-0.3547313952905168,0.007273356976853607,1.1649655709509459,1.2609149816206493
lab002,F2,2026-04-01 00:19:15,COLD->OFF,COLD,OFF,0.01809843326880245,0.00724075557061219,1.1874128001366544,1.2046069547721234
lab002,F2,2026-04-01 00:24:17,OFF->HOT,OFF,HOT,0.8853140131464584,0.002946234728416131,0.5764590765951535,1.2301804182519052
lab002,F2,2026-04-01 00:27:04,HOT->OFF,HOT,OFF,0.3477948108362586,0.0012830479309887451,0.710925534096425,0.7034249589236072
lab002,F2,2026-04-01 00:33:24,OFF->COLD,OFF,COLD,-0.4876046484932994,0.003753587726133212,1.2074887511766654,1.201240179981058
lab002,F2,2026-04-01 00:34:57,COLD->OFF,COLD,OFF,-0.025174599141917664,0.004307935119904482,1.2072865577258622,1.1366178670939409
lab002,F2,2026-04-01 00:40:59,OFF->HOT,OFF,HOT,0.8516308858054886,0.002802923342303654,0.5776707431673854,1.0813218501562867
lab002,F2,2026-04-01 00:43:13,HOT->OFF,HOT,OFF,0.2713304756700978,0.0024368789958215454,0.5352086665693596,0.5654185182954999
lab002,F2,2026-04-01 00:51:32,OFF->COLD,OFF,COLD,-0.6027008597291408,0.005243542355753684,0.8864510509831217,0.47817732730597157
lab002,F2,2026-04-01 00:53:25,COLD->OFF,COLD,OFF,-0.04476762724105113,0.0045049915831525175,1.14228252093727,1.0620171221621049
lab002,F2,2026-04-01 00:59:49,OFF->HOT,OFF,HOT,0.9543535596961846,-0.002452438114194267,0.5304387308077019,1.18583192077282
lab002,F2,2026-04-01 01:02:16,HOT->OFF,HOT,OFF,0.5453634235045624,-0.0033125990347776186,0.4836255253658755,0.45097390700050166
lab002,F2,2026-04-01 01:12:55,OFF->COLD,OFF,COLD,-0.5805002109196542,0.00833316678340924,0.8945594202037028,0.3808570228806599
lab002,F2,2026-04-01 01:14:04,COLD->OFF,COLD,OFF,-0.24667209919813893,0.008862998058387184,0.29656456061790365,0.2879119123454062
lab002,F2,2026-04-01 01:26:33,OFF->HOT,OFF,HOT,0.3192594322441265,-0.005461690173653944,0.21017399431149397,0.5882264525212793
lab002,F2,2026-04-01 01:27:35,OFF->HOT,OFF,HOT,0.35003453975490323,-0.006591082312948981,0.21472364474949696,0.5806525024595868
lab002,F2,2026-04-01 01:28:37,HOT->OFF,HOT,OFF,0.34460656379133336,-0.007851962762978025,0.19518823042405517,0.5155909604975933
lab002,F2,2026-04-01 01:29:38,HOT->OFF,HOT,OFF,0.35135992151636763,-0.008712402323099389,0.19534235301834899,0.5158060768654109
lab002,F2,2026-04-01 02:13:09,OFF->COLD,OFF,COLD,-0.05147433059207369,0.00164252570515655,0.11609724829439205,0.25599232063387817
lab002,F2,2026-04-01 02:14:21,OFF->COLD,OFF,COLD,0.008271035852747539,0.0013637055531276142,0.12802369592573376,0.20810239387688265
lab003,F3,2026-03-30 13:06:13,OFF->COLD,OFF,COLD,0.12790636807079736,0.019889240541240485,0.24480906409811748,0.22390376261609662
lab003,F3,2026-03-30 14:33:47,COLD->OFF,COLD,OFF,-0.0531683362098026,0.02378904825505799,0.235289539138689,0.2017260100711701
lab003,F3,2026-03-30 15:40:20,OFF->COLD,OFF,COLD,-1.0408612772512411,-0.084175717455205,1.1843328993499944,2.2331345406451373
lab003,F3,2026-03-30 15:41:25,COLD->OFF,COLD,OFF,-0.9370239734801555,-0.09752347838195814,1.234305182682837,2.1738723706250402
lab003,F3,2026-03-30 15:43:32,COLD->OFF,COLD,OFF,-0.5286563969548483,-0.12820990786002587,1.6374429893027638,2.093441555196615
lab003,F3,2026-03-30 15:54:03,OFF->HOT,OFF,HOT,7.956632284779548,-0.24945602306958092,2.1969719959412055,14.044075556407952
lab003,F3,2026-03-30 15:55:18,HOT->OFF,HOT,OFF,5.0432393106298505,-0.24475854120080792,2.4256647876908404,6.311231659440092
lab003,F3,2026-03-30 15:56:47,OFF->COLD,OFF,COLD,4.392146610994975,-0.22850516748987876,4.18218947769216,11.901425095787594
lab003,F3,2026-03-30 16:02:32,COLD->OFF,COLD,OFF,-7.775344599807158,-0.07657233935630348,15.469747082844922,0.873810534145898
lab003,F3,2026-03-30 16:42:28,OFF->COLD,OFF,COLD,0.2511165858221745,-0.03414393656310294,0.5806327370198744,0.6525547207329824
lab003,F3,2026-03-30 16:44:07,OFF->COLD,OFF,COLD,0.34895116034792895,-0.054344737171438035,0.4824299404851372,0.5422665019253686
lab003,F3,2026-03-30 16:49:38,COLD->OFF,COLD,OFF,0.9275555518402012,-0.10791999414821751,0.5836514223923094,0.5001081708626027
lab003,F3,2026-03-30 17:35:43,OFF->COLD,OFF,COLD,-0.643455881936361,0.02819643731868106,0.3591949087343619,0.5076311318767293
lab003,F3,2026-03-30 17:36:54,OFF->COLD,OFF,COLD,-0.5818895853219035,0.03149992924992705,0.29571353683606966,0.467293928474273
lab003,F3,2026-03-30 17:42:39,COLD->OFF,COLD,OFF,0.07744066614059181,0.04155904034685243,0.5349256380880271,0.10146577099673303
lab003,F3,2026-03-30 18:31:25,OFF->COLD,OFF,COLD,-0.344837209752213,0.0036078221102951117,0.15898359241084312,0.3613464363112157
lab003,F3,2026-03-30 18:32:30,COLD->OFF,COLD,OFF,-0.28180795681824916,0.003763147829588576,0.1386132144502826,0.3456448425091608
lab003,F3,2026-03-30 18:36:26,COLD->OFF,COLD,OFF,0.21455934617394173,0.0032405025842371705,0.3717830681809565,0.0804604938210898
lab003,F3,2026-03-30 19:30:17,OFF->COLD,OFF,COLD,-0.43054476261450436,0.010102112865456325,0.2737932625746584,0.5643406969023282
lab003,F3,2026-03-30 19:35:52,COLD->OFF,COLD,OFF,0.43420807162783437,0.011362863980051641,0.5091461481297743,0.25374112865658915
lab003,F3,2026-03-30 20:33:43,OFF->COLD,OFF,COLD,-0.44666939355221547,0.006954629123827804,0.40202188181994447,0.37097322191349635
lab003,F3,2026-03-30 20:38:54,COLD->OFF,COLD,OFF,-0.24960515148183454,0.014473083139477462,0.554351698975637,0.1508299187174925
lab003,F3,2026-03-30 21:36:24,OFF->COLD,OFF,COLD,-0.4864653581442747,0.022103368188558646,0.28252496440116726,0.613285097918135
lab003,F3,2026-03-30 21:37:29,OFF->COLD,OFF,COLD,-0.5328611928710736,0.02497645284710792,0.3066207736177464,0.5937762739189095
lab003,F3,2026-03-30 21:38:30,OFF->COLD,OFF,COLD,-0.5657903830967201,0.027108790235007386,0.29620608586583325,0.5652749825226678
lab003,F3,2026-03-30 21:43:45,COLD->OFF,COLD,OFF,-0.08172292540514325,0.03177071509486533,0.6156982796544959,0.24000087618424407
lab003,F3,2026-03-30 22:48:56,OFF->COLD,OFF,COLD,-0.49481539911302796,0.018384735957447475,0.3638125976989561,0.2938238208005386
lab003,F3,2026-03-30 22:50:15,COLD->OFF,COLD,OFF,-0.5080643167770001,0.020418516675601683,0.33518520236139604,0.2752545151936165
lab003,F3,2026-03-30 22:52:45,COLD->OFF,COLD,OFF,-0.19947424334928793,0.023505017889417876,0.38213173138697515,0.21379759639541143
lab003,F3,2026-03-30 22:53:53,COLD->OFF,COLD,OFF,-0.21861528038449896,0.024323026927185354,0.3474941969210915,0.21051982357010374
lab003,F3,2026-03-30 23:53:27,OFF->COLD,OFF,COLD,-0.48699703504155134,0.026891644028223326,0.2845705733221429,0.49837364708306836
lab003,F3,2026-03-30 23:54:42,OFF->COLD,OFF,COLD,-0.3549288812421164,0.0284515745005375,0.20739359542454044,0.45314309753693965
lab003,F3,2026-03-30 23:55:44,COLD->OFF,COLD,OFF,-0.3878018597035227,0.029516711616614153,0.20351127742400887,0.4573134593483434
lab003,F3,2026-03-31 00:01:29,COLD->OFF,COLD,OFF,-0.0199694809958903,0.028548939771611215,0.5443582561951751,0.25985757670008286
lab003,F3,2026-03-31 01:14:01,OFF->COLD,OFF,COLD,-0.4715061477745479,0.01193338352728297,0.27165436420596667,0.4339229736558154
lab003,F3,2026-03-31 01:16:07,OFF->COLD,OFF,COLD,-0.33573404660420636,0.013777045435640267,0.20099387858090384,0.4403620209665412
lab003,F3,2026-03-31 01:20:30,COLD->OFF,COLD,OFF,0.060657374913774986,0.01446166287935471,0.49362304402842405,0.1285101247728539
lab003,F3,2026-03-31 01:50:13,OFF->COLD,OFF,COLD,0.14242520004310527,-0.006304404662323359,0.1750568439686433,0.20572991433018453
lab003,F3,2026-03-31 02:21:11,OFF->COLD,OFF,COLD,-0.40674855630315654,0.016274034974130602,0.21725432823548155,0.4370924482392779
lab003,F3,2026-03-31 02:22:13,COLD->OFF,COLD,OFF,-0.38708796362678466,0.016617500028201195,0.21719942614709023,0.4421769874131343
lab003,F3,2026-03-31 02:27:54,COLD->OFF,COLD,OFF,0.05462895266984379,0.013828391352504665,0.3630556978297209,0.2049050173228387
lab003,F3,2026-03-31 03:45:24,OFF->COLD,OFF,COLD,-0.3574394754581753,0.013225594263721007,0.15848422761313016,0.4349843050853702
lab003,F3,2026-03-31 03:46:29,COLD->OFF,COLD,OFF,-0.14383151215161283,0.01262675591482727,0.1817061566693826,0.49920416077192126
lab003,F3,2026-03-31 03:50:52,COLD->OFF,COLD,OFF,0.268471677645194,0.007422934556503058,0.434500865253359,0.16394983494791027
lab003,F3,2026-03-31 05:02:14,OFF->COLD,OFF,COLD,-0.296902242717639,0.007208010580930357,0.12714919438532235,0.4198742540960674
lab003,F3,2026-03-31 05:03:15,OFF->COLD,OFF,COLD,-0.21979109540012406,0.006789921784696806,0.12575930792835754,0.4234301218083168
lab003,F3,2026-03-31 05:04:44,COLD->OFF,COLD,OFF,-0.07776032687639857,0.005817868267815495,0.18781330775198415,0.37268926765260607
lab003,F3,2026-03-31 05:06:33,COLD->OFF,COLD,OFF,0.12438786118413954,0.00395679790651039,0.3456662040091666,0.1787076655594711
lab003,F3,2026-03-31 06:19:43,OFF->COLD,OFF,COLD,-0.3064543876037151,0.0070281380488261165,0.16736168479886324,0.4497472084067379
lab003,F3,2026-03-31 06:20:48,COLD->OFF,COLD,OFF,-0.2910955330540908,0.006768565354500511,0.16276524382672247,0.45769782520929736
lab003,F3,2026-03-31 06:24:47,COLD->OFF,COLD,OFF,0.19208333960548957,0.0038883911982907967,0.45562296089540516,0.15753573050287922
lab003,F3,2026-03-31 07:50:14,OFF->COLD,OFF,COLD,-0.14621728564694517,0.004914428774467206,0.1395554078211872,0.4971337241194937
lab003,F3,2026-03-31 07:51:15,COLD->OFF,COLD,OFF,-0.13947206241773286,0.004530803072988166,0.13377555131083055,0.49600456986116037
lab003,F3,2026-03-31 07:52:24,OFF->COLD,OFF,COLD,-0.15068101367809505,0.003935190592776871,0.14716591427647413,0.5085240915213913
lab003,F3,2026-03-31 07:55:45,COLD->OFF,COLD,OFF,0.08681720888363494,0.001118295562366112,0.30842518015475023,0.21082028340975942
lab003,F3,2026-03-31 07:56:47,COLD->OFF,COLD,OFF,0.19536086694953006,-0.0002474114777740394,0.382169574063086,0.09712598110100389
lab003,F3,2026-03-31 09:12:25,OFF->COLD,OFF,COLD,-0.2563473287759636,0.006842320019613688,0.12123150255836865,0.4564201654667193
lab003,F3,2026-03-31 09:13:44,OFF->COLD,OFF,COLD,-0.20930738128545337,0.005160000522639551,0.16879704270056353,0.5252129766519279
lab003,F3,2026-03-31 09:17:09,COLD->OFF,COLD,OFF,0.2962199719868661,-0.0009964920424300958,0.34870461509816253,0.19236341504930696
lab003,F3,2026-03-31 09:18:10,OFF->COLD,OFF,COLD,0.4022142522244979,-0.0031419918600505727,0.43086159181064015,0.20327798541421419
lab003,F3,2026-03-31 10:36:30,OFF->COLD,OFF,COLD,-0.3065054636241915,0.008176910091358892,0.16794663487318684,0.4759638309588057
lab003,F3,2026-03-31 10:37:42,OFF->COLD,OFF,COLD,-0.3233428342771486,0.007451608301600611,0.18468142340546234,0.5546354556358501
lab003,F3,2026-03-31 10:41:38,COLD->OFF,COLD,OFF,0.3003967023593692,0.0027999652890273972,0.5154627684570566,0.15863754142611391
lab003,F3,2026-03-31 11:43:47,OFF->COLD,OFF,COLD,-0.23681149323753975,0.011591467997520742,0.21102041518406076,0.5059289106058371
lab003,F3,2026-03-31 11:45:20,OFF->COLD,OFF,COLD,-0.14459237693760849,0.010364752665526765,0.22755447512343485,0.4930176174749346
lab003,F3,2026-03-31 11:49:26,COLD->OFF,COLD,OFF,0.13867943920881057,0.005234277375780272,0.49389453333708117,0.19130829344394867
lab003,F3,2026-03-31 12:53:46,OFF->COLD,OFF,COLD,-0.07298527836440294,0.006218282892950466,0.14359665572305041,0.4941344304574916
lab003,F3,2026-03-31 12:54:48,OFF->COLD,OFF,COLD,-0.12200633278446876,0.006029272057132185,0.18028805484235816,0.48980669215074646
lab003,F3,2026-03-31 12:59:42,COLD->OFF,COLD,OFF,0.2228049932387629,0.003746311038888816,0.425866408067149,0.11841550315089805
lab003,F3,2026-03-31 14:04:36,OFF->COLD,OFF,COLD,-0.3440914716955207,-1.8457835501384592e-05,0.12501131028935994,0.5381600891441188
lab003,F3,2026-03-31 14:06:08,OFF->COLD,OFF,COLD,-0.2887207522431881,-0.0011734762961604804,0.10528245260002687,0.5334876697020695
lab003,F3,2026-03-31 14:07:13,OFF->COLD,OFF,COLD,-0.18841076121193212,-0.0023089112911755306,0.13023182184916465,0.5291697872859421
lab003,F3,2026-03-31 14:08:15,COLD->OFF,COLD,OFF,-0.0432485082669441,-0.003724613752512817,0.17407198422341943,0.4787960228809173
lab003,F3,2026-03-31 14:12:59,COLD->OFF,COLD,OFF,0.6635456226675368,-0.012915210518583908,0.49414495273326353,0.2706407966159138
lab003,F3,2026-03-31 15:16:26,OFF->COLD,OFF,COLD,-0.8053438887467006,0.0011321801623619399,0.4652738937542535,1.2906612847582557
lab003,F3,2026-03-31 15:20:36,COLD->OFF,COLD,OFF,-0.06642221960613348,-0.03363589346348547,1.0494853772262218,0.977837501149754
lab003,F3,2026-03-31 16:11:11,OFF->COLD,OFF,COLD,-0.3651010096234707,0.24400862313464394,0.848056694660613,1.289382907307854
lab003,F3,2026-03-31 16:13:55,COLD->OFF,COLD,OFF,0.14322615628055202,0.21306353139061912,1.0504584051644577,0.9195544489962648
lab003,F3,2026-03-31 16:14:57,COLD->OFF,COLD,OFF,0.382881841792611,0.1949858774395372,1.1820211042387867,0.7786784556482139
lab003,F3,2026-03-31 16:16:02,COLD->OFF,COLD,OFF,0.5054529437926715,0.17842935114001537,1.233428303825482,0.6958955293577778
lab003,F3,2026-03-31 16:58:31,OFF->COLD,OFF,COLD,-0.2835538102334795,-0.0838239285099707,0.32771675491815305,0.4854465943966613
lab003,F3,2026-03-31 17:01:15,COLD->OFF,COLD,OFF,-0.08540609664726234,-0.06551404033702155,0.42959835490455883,0.33808741296190004
lab003,F3,2026-03-31 17:33:46,OFF->COLD,OFF,COLD,-0.22055479256993687,0.05301126273741287,0.1292165130109881,0.34002896690259965
lab003,F3,2026-03-31 17:34:51,OFF->COLD,OFF,COLD,-0.15161597925247533,0.052129037370835934,0.12740198158488306,0.30024674386459027
lab003,F3,2026-03-31 17:38:20,COLD->OFF,COLD,OFF,0.15657596943641466,0.04649211355088332,0.320245890791678,0.0693151259472288
lab003,F3,2026-03-31 18:21:13,OFF->COLD,OFF,COLD,-0.0922255693239089,-0.0070187718434252325,0.06714344975427752,0.2654761375420022
lab003,F3,2026-03-31 18:22:28,OFF->COLD,OFF,COLD,0.019731930394640333,-0.0074491535951932576,0.128710427910209,0.22769184544820714
lab003,F3,2026-03-31 18:24:52,COLD->OFF,COLD,OFF,0.19860611447364446,-0.008449802659408623,0.20497707615557767,0.11922591855022384
lab003,F3,2026-03-31 19:10:05,OFF->COLD,OFF,COLD,-0.34451650609716916,0.005307792897509311,0.18095858381631882,0.43998791275963195
lab003,F3,2026-03-31 19:15:30,COLD->OFF,COLD,OFF,0.225849428440911,0.0025801916584611453,0.37091819233131845,0.14294193445668385
lab003,F3,2026-03-31 20:08:30,OFF->COLD,OFF,COLD,-0.34790132950389047,0.013813871775291907,0.0946835758329595,0.44325220226967094
lab003,F3,2026-03-31 20:09:35,OFF->COLD,OFF,COLD,-0.31052099789992177,0.012630656447140898,0.09444266086163075,0.4421397873028244
lab003,F3,2026-03-31 20:14:12,COLD->OFF,COLD,OFF,0.31959383694515825,0.0034416813753765617,0.4382834599206106,0.1476249685146002
lab003,F3,2026-03-31 20:15:24,COLD->OFF,COLD,OFF,0.41649666453289047,0.0005186186483267519,0.442847766670338,0.09230260140390124
lab003,F3,2026-03-31 21:09:43,OFF->COLD,OFF,COLD,-0.31455718663081006,0.010158319440631636,0.038831219847299085,0.4020133211770115
lab003,F3,2026-03-31 21:10:44,OFF->COLD,OFF,COLD,-0.2418713558225797,0.0092115466747419,0.042569620720775456,0.35582882327526716
lab003,F3,2026-03-31 21:16:06,COLD->OFF,COLD,OFF,0.38452384292118985,1.7317483920731812e-05,0.38718319244962146,0.16641937942214355
lab003,F3,2026-03-31 21:17:08,COLD->OFF,COLD,OFF,0.4744471911123954,-0.0020000204588647933,0.3965652913644758,0.16895588098667347
lab003,F3,2026-03-31 22:14:51,OFF->COLD,OFF,COLD,-0.2642724340053926,0.006469558603085611,0.06703756058561625,0.364912833936905
lab003,F3,2026-03-31 22:15:59,COLD->OFF,COLD,OFF,-0.17119596835505763,0.005050259796061473,0.12386436875638282,0.33575063785416404
lab003,F3,2026-03-31 22:20:13,COLD->OFF,COLD,OFF,0.2561706272434683,-0.001609275172520087,0.34268853841907204,0.13959207613025726
lab003,F3,2026-03-31 23:15:09,OFF->COLD,OFF,COLD,-0.2842767393888039,0.009096303281545327,0.10449576263384897,0.41062021789601105
lab003,F3,2026-03-31 23:16:10,COLD->OFF,COLD,OFF,-0.19763282404862392,0.008286591724153903,0.07681921975132355,0.3885773478367778
lab003,F3,2026-03-31 23:17:15,OFF->COLD,OFF,COLD,-0.05777085604664848,0.007261872222257914,0.1560802385490142,0.33575690435534805
lab003,F3,2026-03-31 23:18:55,COLD->OFF,COLD,OFF,0.1496685234583708,0.005105420242736103,0.29043482284601435,0.24715121829498532
lab003,F3,2026-03-31 23:19:56,OFF->COLD,OFF,COLD,0.32500213392178906,0.003318411416548505,0.39222330408135786,0.14932518515128893
lab003,F3,2026-04-01 00:16:35,OFF->COLD,OFF,COLD,-0.2364154026124142,0.009019510822998887,0.09195769766085102,0.32653326009427763
lab003,F3,2026-04-01 00:17:37,COLD->OFF,COLD,OFF,-0.18212476768772334,0.008371979675173113,0.0561089825596688,0.3135779559895093
lab003,F3,2026-04-01 00:20:21,COLD->OFF,COLD,OFF,0.06919411511839307,0.006095812766650799,0.3166581452701733,0.07928224623319176
lab003,F3,2026-04-01 00:21:30,OFF->COLD,OFF,COLD,0.2011106962441279,0.00468961420149373,0.3301418545698473,0.11543146522060771
lab003,F3,2026-04-01 01:12:53,OFF->COLD,OFF,COLD,-0.18679148375351146,0.003527590896682664,0.08857942039562576,0.44988390325038247
lab003,F3,2026-04-01 01:14:18,COLD->OFF,COLD,OFF,-0.04831290251027829,0.0027833634030210662,0.08068726653755383,0.2816339985862664
lab003,F3,2026-04-01 01:16:04,COLD->OFF,COLD,OFF,0.11955703513717614,0.0016571619597040455,0.3165390329345042,0.23578584199705663
lab003,F3,2026-04-01 02:06:50,OFF->COLD,OFF,COLD,-0.16389439952235513,0.007200083757318921,0.1331648557615125,0.3704819232037848
lab003,F3,2026-04-01 02:11:07,COLD->OFF,COLD,OFF,0.2706037279751672,0.0022071017106344067,0.39594165080367516,0.14368875970007683
lab003,F3,2026-04-01 03:06:45,OFF->COLD,OFF,COLD,-0.0745850103894655,0.0049463025741234064,0.10159590901026523,0.36795568433585363
lab003,F3,2026-04-01 03:10:00,COLD->OFF,COLD,OFF,0.05141684626707233,0.0021375191752871945,0.35629410261472605,0.19768001114154674
lab003,F3,2026-04-01 03:56:54,OFF->COLD,OFF,COLD,-0.35229924334242124,0.007576644551486788,0.11707229788572061,0.4340458886292352
lab003,F3,2026-04-01 03:58:02,COLD->OFF,COLD,OFF,-0.2519940997881138,0.0068993778422693375,0.1326088699701132,0.41836251220078674
lab003,F3,2026-04-01 04:01:14,COLD->OFF,COLD,OFF,0.05824246873299019,0.0038104759587614502,0.36987406852092714,0.20132225665739112
lab003,F3,2026-04-01 05:00:50,OFF->COLD,OFF,COLD,-0.1869253646509275,0.008328493266245263,0.09641679956203701,0.38186640437591113
lab003,F3,2026-04-01 05:01:56,OFF->COLD,OFF,COLD,-0.1400231050466113,0.007097668706886095,0.14550909879152146,0.36920351950786373
lab003,F3,2026-04-01 05:06:09,COLD->OFF,COLD,OFF,0.35378033145353116,0.0007107427535095953,0.3746779442179418,0.1710384750105438
lab003,F3,2026-04-01 06:12:37,OFF->COLD,OFF,COLD,-0.23497250213012633,0.007916674904775135,0.1224088147401114,0.3728113014096841
lab003,F3,2026-04-01 06:13:45,OFF->COLD,OFF,COLD,-0.21916198317328298,0.007197608345045647,0.1263045383799206,0.369131857406802
lab003,F3,2026-04-01 06:19:11,COLD->OFF,COLD,OFF,0.3099104221485042,0.0007525823724955014,0.3612995841273541,0.13387522198217375
lab003,F3,2026-04-01 07:37:00,OFF->COLD,OFF,COLD,-0.33571154287984106,0.008052837885076426,0.13593446933276293,0.3839506466733825
lab003,F3,2026-04-01 07:38:12,COLD->OFF,COLD,OFF,-0.2602257819184592,0.007561825034981651,0.13416312123028185,0.35291559166098985
lab003,F3,2026-04-01 07:42:56,COLD->OFF,COLD,OFF,0.27319403165943706,0.0028976115207723016,0.3890814374572918,0.09180528486997977
lab004,F1,2026-04-07 10:12:57,OFF->COLD,OFF,COLD,-0.0005524906018738066,-0.00011606279522247478,0.0009050294722433577,0.0005425350460525814
lab004,F1,2026-04-07 10:13:58,COLD->OFF,COLD,OFF,-0.0006283724549710829,0.00016121311323883357,0.000847977074467995,0.00040025626404535425
lab004,F1,2026-04-07 11:13:39,OFF->COLD,OFF,COLD,0.0,0.0005281605081771787,0.0,0.0
lab004,F1,2026-04-07 11:15:39,OFF->COLD,OFF,COLD,0.0,0.0003909471352502318,0.0,0.0
lab004,F1,2026-04-07 11:16:40,OFF->COLD,OFF,COLD,0.0,0.0003254632300832758,0.0,0.0
lab004,F1,2026-04-07 11:17:45,OFF->COLD,OFF,COLD,0.0,0.0002647435716585866,0.0,0.0
lab004,F1,2026-04-07 11:18:47,OFF->COLD,OFF,COLD,0.0,0.00017078101831039037,0.0,0.0
lab004,F1,2026-04-07 11:19:55,OFF->COLD,OFF,COLD,0.0,0.00011819145483455882,0.0,0.0
lab004,F1,2026-04-07 12:38:29,OFF->COLD,OFF,COLD,0.0,-3.3605191939164785e-06,0.0,0.0
lab004,F1,2026-04-07 12:39:58,COLD->OFF,COLD,OFF,0.0,1.851364157897978e-05,0.0,0.0
lab004,F1,2026-04-07 12:42:01,COLD->OFF,COLD,OFF,0.0,3.2334489886648194e-05,0.0,0.0
lab004,F1,2026-04-07 14:03:14,OFF->COLD,OFF,COLD,-0.09952035600921189,0.004451568269523391,0.07853120722505093,0.17343198046779904
lab004,F1,2026-04-07 14:04:16,OFF->COLD,OFF,COLD,-0.0961756009666532,0.003379670155445831,0.08949039732659533,0.18196007273429404
lab004,F1,2026-04-07 14:05:20,COLD->OFF,COLD,OFF,-0.09329349492868287,0.0023583247802716166,0.09882576987983369,0.18900316708667864
lab004,F1,2026-04-07 14:07:13,COLD->OFF,COLD,OFF,-0.08800963385907054,0.0002475639643931427,0.11560307277437241,0.20126869661183505
lab004,F1,2026-04-07 15:09:40,OFF->COLD,OFF,COLD,0.15284080764893526,0.023092023943078133,0.11646568408333247,0.07709254860890691
lab004,F1,2026-04-07 15:11:05,COLD->OFF,COLD,OFF,0.11879268852923719,0.019908472020770486,0.08670001089520228,0.07878376965462516
lab004,F1,2026-04-07 15:12:10,OFF->COLD,OFF,COLD,0.09007530402828262,0.017315773432455786,0.06495163592772385,0.07838901502269631
lab004,F1,2026-04-07 16:05:51,OFF->COLD,OFF,COLD,0.2466833298370713,-0.08952122948850676,1.4923339609064663,0.6719923882957122
lab004,F1,2026-04-07 16:07:16,COLD->OFF,COLD,OFF,-0.2348337907630318,-0.08098637095973427,1.5234796220539855,0.3839075765281679
lab004,F1,2026-04-07 16:08:52,COLD->OFF,COLD,OFF,-0.5878157497331724,-0.07008299780699366,1.5351277792209068,0.4928125831287201
lab004,F1,2026-04-07 17:04:26,OFF->COLD,OFF,COLD,-0.4850021337977422,0.01902129255223743,0.34047788690256897,0.26878818095479057
lab004,F1,2026-04-07 17:05:45,COLD->OFF,COLD,OFF,-0.7873206321466601,0.014623724394754747,0.4651979721468428,0.3617512641466015
lab004,F1,2026-04-07 17:08:03,COLD->OFF,COLD,OFF,-0.8677807938234936,0.006637130590616672,0.4893312795282638,0.5398253761259959
lab004,F1,2026-04-07 18:05:36,OFF->COLD,OFF,COLD,-0.9359528968230819,0.04523189559855902,0.5531148867912422,0.5900722294746573
lab004,F1,2026-04-07 18:06:38,COLD->OFF,COLD,OFF,-1.0551532755775503,0.050266311899954716,0.5443505699291598,0.5910262444086047
lab004,F1,2026-04-07 18:07:39,OFF->COLD,OFF,COLD,-1.1510277576307442,0.0548255610963305,0.5675495224674018,0.6456658033192192
lab004,F1,2026-04-07 18:08:40,OFF->COLD,OFF,COLD,-1.1521441737275324,0.05880008683400705,0.5612132270717028,0.6834406957301485
lab004,F1,2026-04-07 18:09:42,COLD->OFF,COLD,OFF,-1.1336091783798234,0.06210088554643378,0.5702547844851846,0.7152701347707703
lab004,F1,2026-04-07 19:05:46,OFF->COLD,OFF,COLD,-1.1143581809339043,0.06596913666215554,0.719025922083392,0.7482605340748039
lab004,F1,2026-04-07 19:06:48,COLD->OFF,COLD,OFF,-1.3181485571501326,0.07190525497196468,0.735468494370174,0.7506672268956078
lab004,F1,2026-04-07 19:07:59,COLD->OFF,COLD,OFF,-1.479369059857092,0.07816493786225887,0.7103588103100307,0.8452005688784281
lab004,F1,2026-04-07 19:10:13,COLD->OFF,COLD,OFF,-1.4137639286718384,0.08648736796078751,0.6341740198704449,0.875390814546832
lab004,F1,2026-04-07 20:14:07,OFF->COLD,OFF,COLD,-1.4519990380679215,0.0981120122558579,0.7106085550766496,0.9251439730576123
lab004,F1,2026-04-07 20:15:09,COLD->OFF,COLD,OFF,-1.5960161134900854,0.10350556958351528,0.7186693187280956,0.9715498028740697
lab004,F1,2026-04-07 20:16:14,OFF->COLD,OFF,COLD,-1.6389651755926327,0.1082875017759278,0.6908724167090617,1.0301215196092908
lab004,F1,2026-04-07 20:17:19,COLD->OFF,COLD,OFF,-1.5324656487658983,0.11239675841669117,0.7129122289228096,0.9846369253492597
lab004,F1,2026-04-07 20:18:20,COLD->OFF,COLD,OFF,-1.406812137791357,0.11460616825278773,0.6751131921389102,1.0136867725291312
lab004,F1,2026-04-07 21:22:23,OFF->COLD,OFF,COLD,-1.5489339331329899,0.12480437961296155,0.7956003806004298,1.140272168620313
lab004,F1,2026-04-07 21:23:25,COLD->OFF,COLD,OFF,-1.786390086929094,0.13162813293745906,0.7973382359139217,1.1398493495707698
lab004,F1,2026-04-07 21:26:22,COLD->OFF,COLD,OFF,-1.8017501922736419,0.14651964383395968,0.8230338844693499,1.254322726807658
lab004,F1,2026-04-07 22:37:04,OFF->COLD,OFF,COLD,-2.456420132090938,0.16926761317390976,1.1319516425557703,1.5257433534421085
lab004,F1,2026-04-07 22:38:13,OFF->COLD,OFF,COLD,-2.7873086279701216,0.17465275861707974,1.0810048244153538,1.7804704431346383
lab004,F1,2026-04-07 22:39:38,COLD->OFF,COLD,OFF,-2.3722223997547522,0.17840848753106198,0.8774833921074621,1.657711789456392
lab004,F1,2026-04-07 23:49:03,OFF->COLD,OFF,COLD,-2.4375754020873757,0.2011024921577654,1.0530037849190437,2.02370392732652
lab004,F1,2026-04-07 23:50:11,OFF->COLD,OFF,COLD,-2.7060132802592713,0.20917061687539862,0.9827101084386536,2.0563100597860164
lab004,F1,2026-04-07 23:51:12,COLD->OFF,COLD,OFF,-3.0765488318411007,0.21425308827783454,1.0626715666307913,2.1732800833575685
lab004,F1,2026-04-07 23:52:41,COLD->OFF,COLD,OFF,-3.1251518157044993,0.2163508484343658,0.9858718158448578,2.312630021177618
lab004,F1,2026-04-08 01:06:37,OFF->COLD,OFF,COLD,-0.37032948397330917,0.08841166887897929,0.5166471632144292,0.5666377050930136
lab004,F1,2026-04-08 01:07:38,OFF->COLD,OFF,COLD,-0.3418887674972332,0.08845286014842753,0.48522897449330366,0.5422831761493991
lab004,F1,2026-04-08 01:09:14,OFF->COLD,OFF,COLD,-0.3904050828162162,0.08865077415964846,0.4320589716560685,0.6425951827289924
lab004,F1,2026-04-08 01:30:12,OFF->COLD,OFF,COLD,-2.438813427025135,0.0865960048576861,0.8205592270004193,2.350380041848581
lab004,F1,2026-04-08 01:31:13,COLD->OFF,COLD,OFF,-3.0210853957532158,0.08828816176717975,0.9807181226288173,2.3801748672130065
lab004,F1,2026-04-08 01:32:15,OFF->COLD,OFF,COLD,-3.4623433556382013,0.0891415365235087,1.170388337715312,2.4875899874425613
lab004,F1,2026-04-08 01:33:20,COLD->OFF,COLD,OFF,-3.2313305395501795,0.08834524482694182,1.0718864669577206,2.3383049248432632
lab004,F1,2026-04-08 02:34:34,OFF->COLD,OFF,COLD,-3.4597913724642,0.21837165985335166,1.3525643808973538,2.7340185870046736
lab004,F1,2026-04-08 02:35:35,COLD->OFF,COLD,OFF,-3.7656056982301602,0.22409542531746213,1.2359839217091546,2.83215512985825
lab004,F1,2026-04-08 02:36:54,COLD->OFF,COLD,OFF,-3.8450003026263833,0.2288279788014334,1.184354877933868,2.7823039859911813
lab004,F1,2026-04-08 02:37:59,COLD->OFF,COLD,OFF,-3.774402498792833,0.2295752378738845,1.4003857398179949,2.859536122236952
lab004,F1,2026-04-08 04:05:40,OFF->COLD,OFF,COLD,-1.9921904618669373,0.13642816108316733,0.821947152917523,2.3542767599897965
lab004,F1,2026-04-08 04:07:16,OFF->COLD,OFF,COLD,-2.8825260335983987,0.1399442449208264,0.8254547945356262,2.5481266108546494
lab004,F1,2026-04-08 04:08:34,OFF->COLD,OFF,COLD,-3.5570523792564774,0.13981576432534604,1.1383122196310618,2.616729968855156
lab004,F1,2026-04-08 04:09:39,OFF->COLD,OFF,COLD,-3.7297397138072035,0.13720162618767623,1.078539290523391,2.810583801651516
lab004,F1,2026-04-08 05:17:27,OFF->COLD,OFF,COLD,-0.7633189943300591,0.12240115140362134,0.36533197974777115,1.2532063425376982
lab004,F1,2026-04-08 05:18:39,OFF->COLD,OFF,COLD,-1.0424862564854744,0.12246119645192213,0.40780240003459395,1.4857512016659713
lab004,F1,2026-04-08 05:20:01,OFF->COLD,OFF,COLD,-1.62857444340318,0.12208524674638462,0.4778058063969454,1.8113934638343239
lab004,F1,2026-04-08 05:21:03,OFF->COLD,OFF,COLD,-1.9708108462305471,0.1205220048733393,0.4895674097832469,1.9417247851762196
lab004,F1,2026-04-08 05:22:04,OFF->COLD,OFF,COLD,-2.1917841185322797,0.11807316483810643,0.519316660416095,2.0241326735984315
lab004,F1,2026-04-08 05:23:20,OFF->COLD,OFF,COLD,-2.354423817376131,0.11254159860041817,0.46166298432555736,2.1501148447694183
lab004,F1,2026-04-08 05:24:39,OFF->COLD,OFF,COLD,-2.2370017033825396,0.10525298229390981,0.5907907870307936,2.0716350094535136
lab004,F1,2026-04-08 06:15:56,OFF->COLD,OFF,COLD,-2.565632196157437,0.12320720742454211,0.8119082285050078,2.049573531067696
lab004,F1,2026-04-08 06:16:57,COLD->OFF,COLD,OFF,-2.567215227562445,0.1249175340295043,0.7543025013328453,2.0846666414954043
lab004,F1,2026-04-08 06:18:02,OFF->COLD,OFF,COLD,-2.5509119853270117,0.12514605765118192,0.8211266147949771,2.149159355264078
lab004,F1,2026-04-08 07:11:54,OFF->COLD,OFF,COLD,-1.8758296585501366,0.08925753002466763,0.6937157862071899,1.7893322779816445
lab004,F1,2026-04-08 07:13:47,OFF->COLD,OFF,COLD,-2.543412705766296,0.09772752024655577,0.793604747901516,2.0704485747394084
lab004,F1,2026-04-08 07:14:49,COLD->OFF,COLD,OFF,-2.7057394465209192,0.1000756233117432,0.7831168081956997,2.1312688052080335
lab004,F1,2026-04-08 07:15:50,COLD->OFF,COLD,OFF,-2.746594534916433,0.10109930137295553,0.7704868658088379,2.1704026383460726
lab004,F1,2026-04-08 07:16:52,COLD->OFF,COLD,OFF,-2.4946590165311227,0.10091112856710271,0.7356382375483218,2.152556010849208
lab004,F1,2026-04-08 08:14:01,OFF->COLD,OFF,COLD,-7.113044828865194,0.4539052078029696,4.959038676417671,9.928156607078245
lab004,F1,2026-04-08 08:22:40,OFF->COLD,OFF,COLD,-4.694795545264114,0.6972681162634385,9.723084862741981,4.446693500778451
lab004,F1,2026-04-08 08:23:42,COLD->OFF,COLD,OFF,-3.409392431510609,0.6901965919737528,9.7866450576776,4.382496815832332
lab004,F1,2026-04-08 08:25:31,COLD->OFF,COLD,OFF,-3.558851561547085,0.6558386035216406,13.128660743778203,3.9576161447519955
lab004,F1,2026-04-08 08:26:33,OFF->COLD,OFF,COLD,-1.063364266159994,0.6256182697099892,12.087874350678636,3.6995369492643646
lab004,F1,2026-04-08 10:00:31,OFF->COLD,OFF,COLD,-0.10969073192373383,0.17094063573515847,0.1439806321987945,0.09595348382912067
lab004,F1,2026-04-08 10:01:33,COLD->OFF,COLD,OFF,-0.09024290510549604,0.1656503239668251,0.13618374540128395,0.09257100148903581
lab004,F1,2026-04-08 10:18:39,OFF->COLD,OFF,COLD,-0.4065218839034056,0.06166530252394503,0.1447490546715194,0.4418895105528232
lab004,F1,2026-04-08 10:19:51,OFF->COLD,OFF,COLD,-0.48400954243440686,0.05421584624195436,0.18260634234317358,0.4155809610456401
lab004,F1,2026-04-08 10:20:52,COLD->OFF,COLD,OFF,-0.48253447910074077,0.04741989327935994,0.18263040799663174,0.41428162334270796
lab004,F1,2026-04-08 10:21:54,OFF->COLD,OFF,COLD,-0.4687370569034416,0.04054450306030799,0.18579451390961096,0.41343204471306244
lab004,F1,2026-04-08 11:01:10,OFF->COLD,OFF,COLD,-0.388181229670179,-0.03709731273804111,0.19202136700334993,0.29230802383326354
lab004,F1,2026-04-08 11:02:12,OFF->COLD,OFF,COLD,-0.43389902181501516,-0.034518931387183316,0.19553531790535902,0.2946890358281351
lab004,F1,2026-04-08 11:03:17,OFF->COLD,OFF,COLD,-0.4491868419445583,-0.03143477457921773,0.22434291120205263,0.2837852071044967
lab004,F1,2026-04-08 11:41:22,OFF->COLD,OFF,COLD,-0.0019999842804938883,0.017958631027468197,0.2652814061511569,0.32797074984373215
lab004,F1,2026-04-08 11:42:31,COLD->OFF,COLD,OFF,0.08618832096319706,0.020687395552452668,0.26447842077039424,0.44429019967068234
lab004,F1,2026-04-08 11:43:36,COLD->OFF,COLD,OFF,0.2051907757616,0.02345767487396351,0.2907431852142381,0.5554086604103645
lab004,F1,2026-04-08 12:30:39,OFF->COLD,OFF,COLD,-2.214243296359967,-0.18807154015982358,3.230709854047699,6.782725120948558
lab004,F1,2026-04-08 12:32:35,OFF->COLD,OFF,COLD,-1.2312754149343785,-0.2534143443700386,3.612030469764143,7.398333553219874
lab004,F1,2026-04-08 12:36:25,COLD->OFF,COLD,OFF,4.3485727599250525,-0.4045332256125903,4.494335267307693,7.279920008467156
lab004,F1,2026-04-08 13:31:33,OFF->COLD,OFF,COLD,-3.6223534999474887,0.5329992464142446,0.6500769158780771,4.273471244585601
lab004,F1,2026-04-08 13:32:52,COLD->OFF,COLD,OFF,-4.951465506691917,0.4927829661310028,0.6403434009736977,4.907869731856242
lab004,F1,2026-04-08 13:34:07,COLD->OFF,COLD,OFF,-4.532770214343263,0.44875340146962767,0.743737288309517,4.353080666668075
lab004,F1,2026-04-08 14:34:24,OFF->COLD,OFF,COLD,-3.391163241508262,0.06282905501871491,0.6765371992109186,4.359144621156556
lab004,F1,2026-04-08 14:35:26,OFF->COLD,OFF,COLD,-4.559663339559357,0.07126918231737653,0.6026013056783529,4.736752322195096
lab004,F1,2026-04-08 14:38:30,COLD->OFF,COLD,OFF,-4.858547829851151,0.07960596938409667,1.6956365009427896,4.606706842613531
lab004,F1,2026-04-08 14:50:08,OFF->HOT,OFF,HOT,7.79886132811437,-0.1154931369966194,4.270719687458891,3.866733076943646
lab004,F1,2026-04-08 14:51:20,OFF->HOT,OFF,HOT,7.864903887097839,-0.13684553111774245,4.020755559091273,4.088858242289735
lab004,F1,2026-04-08 14:52:35,OFF->HOT,OFF,HOT,7.324229359089315,-0.1542562098470759,3.6405210857421064,4.339140679477813
lab004,F1,2026-04-08 15:20:22,OFF->COLD,OFF,COLD,-6.4214569056972515,0.717717406163598,11.247054288260342,4.668864575003064
lab004,F1,2026-04-08 15:21:41,COLD->OFF,COLD,OFF,-4.800041128558352,0.7154871803315037,11.209981042884662,4.367931033396249
lab004,F1,2026-04-08 15:23:24,COLD->OFF,COLD,OFF,0.10228369634218382,0.6898266550900282,8.387922200081514,4.0546562095003456
lab004,F1,2026-04-08 16:13:05,OFF->COLD,OFF,COLD,-1.4248588684035182,-0.18637687917651252,1.227164814852108,0.27254295948383944
lab004,F1,2026-04-08 16:14:07,COLD->OFF,COLD,OFF,-1.4025999213153064,-0.14777498334801298,1.1377356109178687,0.3071247651951977
lab004,F1,2026-04-08 16:16:38,COLD->OFF,COLD,OFF,-1.1757185870599833,-0.08878509687992442,0.9920408697740328,0.34237959145774893
lab004,F1,2026-04-08 17:08:46,OFF->COLD,OFF,COLD,-2.8979620242812,0.28368288361309246,1.2759375784885814,1.8175865101033937
lab004,F1,2026-04-08 17:11:03,COLD->OFF,COLD,OFF,-2.9380068824705967,0.2786910760675252,0.9826193203322198,2.1997512744483134
lab004,F1,2026-04-08 17:12:08,OFF->COLD,OFF,COLD,-2.9407743816872047,0.27185954407122664,0.9357690631792228,2.459529967996375
lab004,F1,2026-04-08 18:05:28,OFF->COLD,OFF,COLD,-6.67623790284289,0.48894577257572946,4.0700820477288575,3.5376921572029087
lab004,F1,2026-04-08 18:06:29,OFF->COLD,OFF,COLD,-6.9871785810373925,0.5412349440712438,3.8007279109184844,3.6362395138000707
lab004,F1,2026-04-08 18:07:31,COLD->OFF,COLD,OFF,-7.244021563291717,0.5867792666002423,3.6071424676287793,3.705761451483545
lab004,F1,2026-04-08 18:08:33,COLD->OFF,COLD,OFF,-6.890751328354762,0.6294461801737457,3.4187029176629995,3.5869566223782785
lab004,F1,2026-04-08 18:59:25,OFF->COLD,OFF,COLD,-3.2399877297601285,-0.12976955310062693,0.8437735199247551,2.522715947609354
lab004,F1,2026-04-08 19:00:44,COLD->OFF,COLD,OFF,-2.8967674167301354,-0.12602435597904244,0.9336910175181076,2.23435039672955
lab004,F1,2026-04-08 19:47:53,OFF->COLD,OFF,COLD,-2.891347850311999,0.12186039348161763,0.956795080337331,2.474743196860441
lab004,F1,2026-04-08 19:50:41,COLD->OFF,COLD,OFF,-3.4175474366772187,0.14356432028555588,1.0346402254624736,2.497843548242003
lab004,F1,2026-04-08 20:43:43,OFF->COLD,OFF,COLD,-2.922363102968781,0.15684884009084482,0.950278412407177,2.6891956493851343
lab004,F1,2026-04-08 20:44:45,COLD->OFF,COLD,OFF,-3.3629277821834433,0.16167856380324552,1.0013673592539925,2.743634802908445
lab004,F1,2026-04-08 20:46:44,COLD->OFF,COLD,OFF,-3.596359719771219,0.16491309993169556,1.0891101895952204,2.6494106248900446
lab004,F1,2026-04-08 21:48:07,OFF->COLD,OFF,COLD,-2.9342742499928587,0.12807553814061662,1.0269695844149058,2.538700106128524
lab004,F1,2026-04-08 21:49:08,OFF->COLD,OFF,COLD,-3.2468573798392812,0.13350155698476537,1.0598179416746722,2.529392604878305
lab004,F1,2026-04-08 21:50:58,COLD->OFF,COLD,OFF,-3.4747929460073657,0.1388124070041245,1.0854230069145478,2.611498828709402
lab004,F1,2026-04-08 21:51:59,COLD->OFF,COLD,OFF,-2.999195433697013,0.13856320364399083,1.2399267418185766,2.389486862529688
lab004,F1,2026-04-08 23:04:56,OFF->COLD,OFF,COLD,-2.7665696620987825,0.11933368641190115,1.0011080947010185,2.081302027116728
lab004,F1,2026-04-08 23:05:58,OFF->COLD,OFF,COLD,-2.919056206114261,0.1216660543875788,1.001016807181239,2.1087497629994405
lab004,F1,2026-04-08 23:06:59,OFF->COLD,OFF,COLD,-2.812675776142946,0.12243710975103,0.9904778388846596,2.050861772865267
lab004,F1,2026-04-09 00:09:31,OFF->COLD,OFF,COLD,-2.544490331308141,0.11548793745476632,1.226716754327143,2.435956579979515
lab004,F1,2026-04-09 00:10:39,OFF->COLD,OFF,COLD,-3.155718189797545,0.12560825594422056,1.1801440184837622,2.4017183948932797
lab004,F1,2026-04-09 00:11:44,OFF->COLD,OFF,COLD,-3.534255393211679,0.13296611353900972,1.2550219728584526,2.496523809516687
lab004,F1,2026-04-09 00:12:49,COLD->OFF,COLD,OFF,-3.3072081611147235,0.13972894583135123,1.1814574871922503,2.270267292552769
lab004,F1,2026-04-09 00:14:11,COLD->OFF,COLD,OFF,-3.147696814305415,0.1443598963303433,1.2388735551300099,2.036840718968493
lab004,F1,2026-04-09 01:44:46,OFF->COLD,OFF,COLD,-0.862393447088418,0.06096526341893682,0.5039053258196025,1.0020938808469555
lab004,F1,2026-04-09 01:46:59,OFF->COLD,OFF,COLD,-1.5065111472571169,0.06224408859629893,0.5251715503654393,1.1636899706476387
lab004,F1,2026-04-09 01:48:01,COLD->OFF,COLD,OFF,-1.6177610696313,0.06169011972945526,0.5764237016288989,1.1934601773171856
lab004,F1,2026-04-09 01:49:16,OFF->COLD,OFF,COLD,-1.6407138754076396,0.060447758788424365,0.6102157080727824,1.3307697462772445
lab004,F1,2026-04-09 02:43:04,OFF->COLD,OFF,COLD,-1.092873876657715,0.06354710556806875,0.6653257911289291,1.2830295045425353
lab004,F1,2026-04-09 02:44:13,OFF->COLD,OFF,COLD,-1.643568364227718,0.0683165961489081,0.7034965706273735,1.454097956259286
lab004,F1,2026-04-09 02:45:35,OFF->COLD,OFF,COLD,-1.633122251954993,0.07304883648792497,0.6081829890899848,1.3951208157842683
lab004,F1,2026-04-09 02:46:47,OFF->COLD,OFF,COLD,-1.4636106287686457,0.07649861197435809,0.5355433922279361,1.408416132899134
lab004,F1,2026-04-09 02:48:12,OFF->COLD,OFF,COLD,-1.962013994130422,0.0783781113491541,0.6072758200766252,1.5696177528250155
lab004,F1,2026-04-09 02:49:21,OFF->COLD,OFF,COLD,-1.807070426155681,0.078693413958867,0.6196938823290925,1.4227456635254891
lab004,F1,2026-04-09 04:28:12,OFF->COLD,OFF,COLD,-1.155274075091296,0.07063192687967543,0.350057726536175,1.091070503465701
lab004,F1,2026-04-09 04:29:17,OFF->COLD,OFF,COLD,-1.1248863615151463,0.06999945725629093,0.46765341796293913,1.0780925518900921
lab004,F1,2026-04-09 04:30:22,OFF->COLD,OFF,COLD,-0.9384641062380632,0.06868597580707475,0.43321453449103653,1.0473313453606075
lab004,F1,2026-04-09 05:44:48,OFF->COLD,OFF,COLD,-1.4612363600571392,0.05421714155277346,0.7365692006039685,1.2778173629669671
lab004,F1,2026-04-09 05:45:56,OFF->COLD,OFF,COLD,-1.5514543309995956,0.0591259526247887,0.6534148052273706,1.2698589775860938
lab004,F1,2026-04-09 05:47:01,COLD->OFF,COLD,OFF,-1.7959854070622538,0.06262739712329779,0.6804513736254755,1.2120739564607046
lab004,F1,2026-04-09 05:48:10,COLD->OFF,COLD,OFF,-1.9582180582341364,0.06563256892504618,0.8931278366368964,1.2531629816010708
lab004,F1,2026-04-09 07:35:27,OFF->COLD,OFF,COLD,-0.09937346624160828,0.009544498767441033,0.33542290079624,0.2759102766164393
lab004,F1,2026-04-09 07:37:34,OFF->COLD,OFF,COLD,-0.1776334157603067,0.009808276625787116,0.29802847362812174,0.2615526733970359
lab004,F1,2026-04-09 07:41:20,OFF->COLD,OFF,COLD,-0.1543688872702102,0.010178759409055615,0.3748336895209696,0.33121113037858724
lab004,F1,2026-04-09 07:50:58,OFF->COLD,OFF,COLD,0.4009414532800847,0.0032503578483442652,0.45430599181051495,0.4670988887187627
lab004,F1,2026-04-09 08:00:48,OFF->COLD,OFF,COLD,-0.2645993019695311,0.010403696864574208,0.5328424891272039,0.6487278088991866
lab004,F1,2026-04-09 08:02:34,OFF->COLD,OFF,COLD,-0.4052587321444042,0.013759193816114745,0.3964553023493477,0.5808431087394927
lab004,F1,2026-04-09 08:23:21,OFF->COLD,OFF,COLD,-1.2604419394837527,0.022751796667351526,0.8907303149151196,1.5386844153367307
lab004,F1,2026-04-09 08:25:04,OFF->COLD,OFF,COLD,-1.9717936124556834,0.02482919475004692,0.8776976617951853,1.6669288002618883
lab004,F1,2026-04-09 08:58:29,OFF->COLD,OFF,COLD,-7.882239442945092,-0.2023013193911218,8.827536944462201,6.189017084794706
lab004,F1,2026-04-09 08:59:31,COLD->OFF,COLD,OFF,-9.831916173635385,-0.1852376840121808,9.150574485759924,6.713637859288045
lab004,F1,2026-04-09 09:00:43,OFF->COLD,OFF,COLD,-10.844703960912906,-0.16714360974279907,8.24646792517142,7.180242550572895
lab004,F1,2026-04-09 09:01:55,COLD->OFF,COLD,OFF,-10.754826201959407,-0.15227361593137445,8.777385126533222,7.624238093487927
lab004,F1,2026-04-09 09:02:57,OFF->COLD,OFF,COLD,-10.993951768433412,-0.1416889158677826,9.055544935138615,7.822666732050887
lab004,F1,2026-04-09 10:05:54,OFF->COLD,OFF,COLD,2.503810072724878,-0.6723436311814469,0.7027729370957692,2.646653480124498
lab004,F1,2026-04-09 10:06:56,COLD->OFF,COLD,OFF,2.4692300016286395,-0.6741022539898026,0.7550470537131052,2.8072964355817698
lab004,F1,2026-04-09 10:07:57,COLD->OFF,COLD,OFF,2.1380912627342545,-0.6703511738072163,0.9047171316380292,2.7658127195423052
lab004,F1,2026-04-09 10:09:20,COLD->OFF,COLD,OFF,1.721062560607933,-0.6565918550070068,1.2983059592502442,2.6768892105661246
lab004,F1,2026-04-09 11:04:18,OFF->COLD,OFF,COLD,11.452584385868812,-0.2206741407908891,8.044731303469158,8.683808208323644
lab004,F1,2026-04-09 11:21:13,OFF->COLD,OFF,COLD,-4.090653194808422,0.3134187856945921,3.229405898718662,2.1747658823013283
lab004,F1,2026-04-09 11:22:15,OFF->COLD,OFF,COLD,-4.387204218244387,0.34944887761615545,3.0317986487038207,2.2622923360673064
lab004,F1,2026-04-09 11:23:23,COLD->OFF,COLD,OFF,-5.112330238086903,0.39106422736390367,2.8473839613090814,2.4228451558444135
lab004,F1,2026-04-09 11:24:45,COLD->OFF,COLD,OFF,-5.169472063676586,0.4281934731591203,2.7366265174866964,2.5498173669944912
lab004,F1,2026-04-09 12:24:02,OFF->COLD,OFF,COLD,-2.6173038736382797,-0.05788087350865448,1.0247545941664087,1.9479239730532554
lab004,F1,2026-04-09 12:25:14,OFF->COLD,OFF,COLD,-2.7633563583994007,-0.047539935404711645,0.9717339919982216,2.1138859203059615
lab004,F1,2026-04-09 12:26:36,COLD->OFF,COLD,OFF,-2.5623919889149542,-0.03637754080723496,0.7510320834132924,1.9292500370812398
lab004,F1,2026-04-09 12:27:48,COLD->OFF,COLD,OFF,-2.1856111543102403,-0.030586671702630505,1.0469223254592903,1.8552388172765362
lab004,F1,2026-04-09 13:19:33,OFF->COLD,OFF,COLD,-2.6446408938670967,0.11910566698457911,1.2135745072531774,1.9108621092215774
lab004,F1,2026-04-09 13:20:51,OFF->COLD,OFF,COLD,-2.931341144289659,0.13017839101498385,1.2553740828977935,2.016598475427224
lab004,F1,2026-04-09 13:23:05,COLD->OFF,COLD,OFF,-2.923792226334907,0.1409064538723479,1.1694779102925275,1.8699864401544477
lab004,F1,2026-04-09 14:18:05,OFF->COLD,OFF,COLD,-2.2949778534518335,0.011044473082067439,0.3571314907024055,2.694425102033143
lab004,F1,2026-04-09 14:19:06,OFF->COLD,OFF,COLD,-2.5459198954961715,0.006213639459713781,0.3663923372332812,2.8880473980251047
lab004,F1,2026-04-09 14:20:08,COLD->OFF,COLD,OFF,-2.526406614313637,0.0008085050402589986,0.33948754445114054,2.898652394685246
lab004,F1,2026-04-09 14:21:24,COLD->OFF,COLD,OFF,-2.0993144385093374,-0.007104798806478917,0.4647619653228021,2.716175874319403
lab004,F1,2026-04-09 14:22:25,COLD->OFF,COLD,OFF,-1.332994553991726,-0.015797361556202285,1.616310324535163,2.4337313670627094
lab004,F1,2026-04-09 14:34:16,OFF->HOT,OFF,HOT,3.8139971283876974,-0.17911561500308348,2.1174704104069306,2.16039316511216
lab004,F1,2026-04-09 14:35:18,OFF->HOT,OFF,HOT,5.148879089682597,-0.18717982295285845,1.8289301822235506,5.687234869880374
lab004,F1,2026-04-09 15:06:24,OFF->COLD,OFF,COLD,-1.3804687777652376,0.4806958173488145,2.7166725607748163,4.057769516556493
lab004,F1,2026-04-09 15:07:26,OFF->COLD,OFF,COLD,-1.1695954157276525,0.4480409951869648,2.8853254410640856,4.087659951343078
lab004,F1,2026-04-09 15:09:50,COLD->OFF,COLD,OFF,-0.037379356239876316,0.3694478472307983,3.5512854330398613,3.4170314259172665
lab004,F1,2026-04-09 16:00:27,OFF->COLD,OFF,COLD,-2.8099274277075654,0.1350913403379274,1.29895750571949,1.9908755634985893
lab004,F1,2026-04-09 16:01:46,COLD->OFF,COLD,OFF,-3.361810391654897,0.16410516262534364,1.1336440247912944,2.434347537461764
lab004,F1,2026-04-09 16:04:44,COLD->OFF,COLD,OFF,-2.691161501398507,0.21039091005151073,1.480406602620396,2.251381653702845
lab004,F1,2026-04-09 17:01:00,OFF->COLD,OFF,COLD,-3.3226624249721723,0.1777312819500734,1.3914786838415294,2.6346954627853796
lab004,F1,2026-04-09 17:02:16,OFF->COLD,OFF,COLD,-4.056104347082351,0.18526358095101658,1.4396153087807386,2.828570362959698
lab004,F1,2026-04-09 17:05:55,COLD->OFF,COLD,OFF,-3.5224673274444496,0.19129685478953418,1.8478558805855232,2.6566497177350157
lab004,F1,2026-04-09 17:57:44,OFF->COLD,OFF,COLD,-3.212662964242902,0.05681352600913048,1.2692799413670455,2.5520111299764667
lab004,F1,2026-04-09 17:58:52,OFF->COLD,OFF,COLD,-3.584116808159663,0.06776644008680838,1.355358823243534,2.61143121591697
lab004,F1,2026-04-09 18:02:32,COLD->OFF,COLD,OFF,-2.9087951372774388,0.08730133394234976,2.0364770139804036,2.063081360816951
lab004,F1,2026-04-09 18:56:28,OFF->COLD,OFF,COLD,-3.417199482159131,0.149920244515018,1.5907685789203456,2.847966404673438
lab004,F1,2026-04-09 18:57:33,OFF->COLD,OFF,COLD,-3.829513101942108,0.15798604603967786,1.5948810777328137,2.7612626066383594
lab004,F1,2026-04-09 18:59:47,COLD->OFF,COLD,OFF,-3.2213205560246956,0.1690280454680984,1.5926482717016635,2.3451326325173882
lab004,F1,2026-04-09 19:13:55,OFF->HOT,OFF,HOT,2.018987580209195,-0.00854020138740949,1.969501186895641,0.3461110898719275
lab004,F1,2026-04-09 20:00:18,OFF->COLD,OFF,COLD,-3.5263011706012675,0.17771150397983693,1.4284667982238788,2.613535509782594
lab004,F1,2026-04-09 20:01:20,OFF->COLD,OFF,COLD,-3.952897475306162,0.1847791980641258,1.481146677443391,2.6630122185178906
lab004,F1,2026-04-09 20:03:51,COLD->OFF,COLD,OFF,-3.2534192004155855,0.192426583027701,1.3832903991208454,2.566142365783841
lab004,F1,2026-04-09 21:00:52,OFF->COLD,OFF,COLD,-3.436816226280052,0.18132858609580998,1.3554076863546323,2.3973304634618224
lab004,F1,2026-04-09 21:02:01,COLD->OFF,COLD,OFF,-3.7896587625083114,0.19132908249465555,1.5014538303074716,2.448475957308807
lab004,F1,2026-04-09 21:03:58,COLD->OFF,COLD,OFF,-3.3345772386651507,0.20175541265415192,1.5570280348123176,2.3260345474325863
lab004,F1,2026-04-09 22:04:56,OFF->COLD,OFF,COLD,-3.0018895531378487,0.15309457243588548,1.5362125155890707,2.1729280532689086
lab004,F1,2026-04-09 22:06:08,OFF->COLD,OFF,COLD,-3.341091964404143,0.16469387377340966,1.4871520395927662,2.166556080301406
lab004,F1,2026-04-09 22:07:44,COLD->OFF,COLD,OFF,-3.4134223422189964,0.17648650111647013,1.3622611260594797,2.250493182760749
lab004,F1,2026-04-09 22:08:59,COLD->OFF,COLD,OFF,-2.7909690796024527,0.18270032620493792,1.2477483896781931,1.8933457195295236
lab004,F1,2026-04-09 23:16:29,OFF->COLD,OFF,COLD,-2.150919636419096,0.15432515015681397,1.1708705340961392,2.2101728016642017
lab004,F1,2026-04-09 23:17:41,OFF->COLD,OFF,COLD,-2.8232937154176483,0.16393372750906324,1.159233629103609,2.100287070323179
lab004,F1,2026-04-09 23:18:46,COLD->OFF,COLD,OFF,-3.365935906773333,0.1717293615749181,1.314179347087453,2.1765895795902557
lab004,F1,2026-04-09 23:20:57,COLD->OFF,COLD,OFF,-2.586095588351524,0.17987042337179435,1.488195803087093,1.880272309936166
lab004,F1,2026-04-10 00:38:47,OFF->COLD,OFF,COLD,-2.427330061407981,0.17782469081964541,0.7145914624553108,2.0226074336572517
lab004,F1,2026-04-10 00:39:53,COLD->OFF,COLD,OFF,-2.5578505590052325,0.1782297994990138,0.7181442640543761,2.0644723015642126
lab004,F1,2026-04-10 00:41:01,COLD->OFF,COLD,OFF,-2.682436744226196,0.17652648037282398,0.7407120797308239,2.096296056617057
lab004,F1,2026-04-10 01:57:40,OFF->COLD,OFF,COLD,-2.0274371831823936,0.12770812806359083,1.103167121900481,1.1922417370295435
lab004,F1,2026-04-10 01:58:45,OFF->COLD,OFF,COLD,-2.1993746710984006,0.13130428026768753,1.1387692094434194,1.2882733511455813
lab004,F1,2026-04-10 01:59:50,OFF->COLD,OFF,COLD,-2.206653104207682,0.13451448648098624,0.9492122094723272,1.525582733288361
lab004,F1,2026-04-10 02:01:33,OFF->COLD,OFF,COLD,-1.8972643370953537,0.13637020849894482,0.9733018373264435,1.2165224718607084
lab004,F1,2026-04-10 03:03:00,OFF->COLD,OFF,COLD,-2.014771140172676,0.11189093841942926,1.431920659289967,1.0593024760317435
lab004,F1,2026-04-10 03:04:02,OFF->COLD,OFF,COLD,-2.305628797946958,0.12187626693986875,1.4299309700848584,1.1983963222440357
lab004,F1,2026-04-10 03:05:07,COLD->OFF,COLD,OFF,-2.434831911435073,0.13227399906286674,1.3754085695196232,1.3607012729421524
lab004,F1,2026-04-10 03:06:19,OFF->COLD,OFF,COLD,-2.4637831205885714,0.14083281861112856,1.1344423512272055,1.5365110470824839
lab004,F1,2026-04-10 03:07:21,COLD->OFF,COLD,OFF,-2.4086590861903776,0.1466606903255766,1.0576627191956034,1.5786592093676255
lab004,F1,2026-04-10 03:08:40,OFF->COLD,OFF,COLD,-2.06053350418754,0.15203561568361348,0.8834092398224709,1.5224993962335076
lab004,F1,2026-04-10 04:22:58,OFF->COLD,OFF,COLD,-0.36311163180387335,0.04834401545393181,0.3995162882954361,0.5276838356084387
lab004,F1,2026-04-10 04:24:07,OFF->COLD,OFF,COLD,-0.323204288410383,0.04768896392006923,0.42711802994640563,0.46115840026985727
lab004,F1,2026-04-10 04:25:26,OFF->COLD,OFF,COLD,-0.4792352992038648,0.04615202713287427,0.30143791041408347,0.6185258617385248
lab004,F1,2026-04-10 04:26:52,OFF->COLD,OFF,COLD,-0.29662382620364736,0.04474473885941724,0.4738058199194499,0.581087663059001
lab004,F1,2026-04-10 04:29:13,OFF->COLD,OFF,COLD,0.003387823869456408,0.04028232963395535,0.487567343497243,0.39682983273720884
lab004,F1,2026-04-10 05:03:49,OFF->COLD,OFF,COLD,-0.7377160292543092,0.006212307983696701,0.34570800443157135,0.647012017726771
lab004,F1,2026-04-10 05:04:54,COLD->OFF,COLD,OFF,-0.7003726960632647,0.0069852153999400805,0.290825369511847,0.6646831074101999
lab004,F1,2026-04-10 05:05:56,COLD->OFF,COLD,OFF,-0.861549718666663,0.007433765400255334,0.2816281049022011,0.8081174134189152
lab004,F1,2026-04-10 05:07:11,OFF->COLD,OFF,COLD,-0.5893378538712415,0.00745242577138594,0.23359721413967147,0.6563245737252357
lab004,F1,2026-04-10 05:46:58,OFF->COLD,OFF,COLD,-1.2252591261114034,0.01354643669393436,0.7382918215620017,0.7979385416617196
lab004,F1,2026-04-10 05:48:44,OFF->COLD,OFF,COLD,-0.6756052903127454,0.017753400203204706,0.23642649854623826,0.7273551668775876
lab004,F1,2026-04-10 05:50:44,OFF->COLD,OFF,COLD,-0.6758797502546356,0.021133812658368712,0.2383024699819114,0.7376618197835063
lab004,F1,2026-04-10 05:52:41,OFF->COLD,OFF,COLD,-0.5698169093048107,0.022365584336833777,0.32467301347579536,0.6993049547430332
lab004,F1,2026-04-10 06:29:45,OFF->COLD,OFF,COLD,-1.2301892793848215,0.022595340500652837,0.7969564665344457,0.794448556322899
lab004,F1,2026-04-10 06:30:47,OFF->COLD,OFF,COLD,-1.239799430115399,0.0260924604801529,0.7168286601870311,0.6424113595111833
lab004,F1,2026-04-10 06:31:48,OFF->COLD,OFF,COLD,-1.0856219129948121,0.028721436221894693,0.6737062678336198,0.5378401972032251
lab004,F1,2026-04-10 07:31:05,OFF->COLD,OFF,COLD,-0.8287324601737573,0.033760315358053995,0.8021985597059894,0.6904757796770415
lab004,F1,2026-04-10 07:32:17,OFF->COLD,OFF,COLD,-1.1203622750996476,0.04214718591121471,0.9000201495885384,0.5945850652167204
lab004,F1,2026-04-10 07:33:26,COLD->OFF,COLD,OFF,-1.1101859397228346,0.04923442560336948,0.8313959198860489,0.6044417802256182
lab004,F1,2026-04-10 07:34:27,COLD->OFF,COLD,OFF,-1.2435698994939086,0.054801544633847676,0.7793542163500699,0.6087804927960571
lab004,F1,2026-04-10 08:35:17,OFF->COLD,OFF,COLD,-0.761249517665783,-0.5052437757529594,3.2009488778110327,6.833777505661679
lab004,F1,2026-04-10 08:36:22,COLD->OFF,COLD,OFF,0.986463380415247,-0.531753631479259,3.22809552748956,7.8103920929462305
lab004,F1,2026-04-10 08:37:34,COLD->OFF,COLD,OFF,5.397857256269022,-0.5623255677432294,3.476015035939913,14.067693457315185
lab004,F1,2026-04-10 08:45:28,OFF->HOT,OFF,HOT,23.610416973443897,-0.6038252220357173,5.615699323598728,27.50009820373605
lab004,F1,2026-04-10 08:47:35,HOT->OFF,HOT,OFF,17.58646194959154,-0.503296247377951,7.819519000277039,25.08738816692598
lab004,F1,2026-04-10 09:18:53,OFF->COLD,OFF,COLD,1.3266337626737101,0.6699341648250934,5.5617602397833945,4.3182543907865325
lab004,F1,2026-04-10 09:19:58,COLD->OFF,COLD,OFF,1.4188429637247975,0.5706267539198612,5.331814521226975,4.042889388352652
lab004,F1,2026-04-10 09:22:43,COLD->OFF,COLD,OFF,2.1313129497947814,0.33541940184744945,5.022279764594187,3.012143722050672
lab004,F1,2026-04-10 10:50:40,OFF->COLD,OFF,COLD,-1.5073575371901655,0.2151991891109867,0.8960114813915486,1.213711762156003
lab004,F1,2026-04-10 10:51:46,OFF->COLD,OFF,COLD,-1.785846988089073,0.21225378416560153,0.9358033028624821,1.2158744383546356
lab004,F1,2026-04-10 10:52:48,OFF->COLD,OFF,COLD,-2.0711288008401785,0.20947123246179633,0.9886407206976002,1.2732502792232379
lab004,F1,2026-04-10 10:55:50,COLD->OFF,COLD,OFF,-1.5140526756550652,0.19737275362510867,1.0909070617252272,1.0746845788392865
lab004,F1,2026-04-10 12:09:11,OFF->COLD,OFF,COLD,-2.543854382992989,0.0960274048161656,0.9131634366996046,1.823362346912647
lab004,F1,2026-04-10 12:11:01,COLD->OFF,COLD,OFF,-2.6536695115455475,0.09827451541481026,0.901909761075791,1.8916426815901495
lab004,F1,2026-04-10 12:12:37,COLD->OFF,COLD,OFF,-1.4220253016014797,0.0956485037699915,1.6534072500558736,1.5724527350639446
lab004,F1,2026-04-10 12:29:54,OFF->HOT,OFF,HOT,2.3110423026680076,-0.11135646068153067,1.2940546207469628,1.5063424365436302
lab004,F1,2026-04-10 12:32:05,OFF->HOT,OFF,HOT,2.7234563703538517,-0.1339058719888908,1.0925424733935734,1.8806703001635103
lab004,F1,2026-04-10 12:33:11,OFF->HOT,OFF,HOT,2.7688650650526583,-0.14263765963668024,0.9630640833716207,1.9256441372771478
lab004,F1,2026-04-10 12:34:16,HOT->OFF,HOT,OFF,2.7092745405350707,-0.14876950942748648,0.9999232554013807,1.9317049104202693
lab004,F1,2026-04-10 12:50:59,OFF->COLD,OFF,COLD,-3.2935637626541405,0.014792863535302903,1.5327616638790864,2.044578435369438
lab004,F1,2026-04-10 12:52:00,OFF->COLD,OFF,COLD,-3.3737263397418578,0.027189449234032187,1.4338129573152678,2.0671554356778468
lab004,F1,2026-04-10 12:55:16,COLD->OFF,COLD,OFF,-1.6661576678221448,0.05583430223218873,1.9083761448974266,1.558742318366026
lab004,F1,2026-04-10 13:06:57,OFF->HOT,OFF,HOT,3.740231083904016,0.0071583669461139365,1.62731030093184,2.472681591743875
lab004,F1,2026-04-10 13:08:12,OFF->HOT,OFF,HOT,4.137478099258445,0.0007571307131889263,1.4473768340896622,2.8853896631714875
lab004,F1,2026-04-10 13:09:17,HOT->OFF,HOT,OFF,3.0266075778263453,-0.0037551697948422225,1.327149408277234,2.6514331852390036
lab004,F1,2026-04-10 13:17:56,OFF->COLD,OFF,COLD,-3.739814385252816,0.0331805655190271,2.472681591743875,1.7006793227121189
lab004,F1,2026-04-10 13:21:56,COLD->OFF,COLD,OFF,-1.6413484850594409,0.05976815855375514,2.0939476334808798,1.0584935054142812
lab004,F1,2026-04-10 13:33:37,OFF->HOT,OFF,HOT,2.853760766265527,0.025887198124834133,1.1615096983813533,3.4405446758922658
lab004,F1,2026-04-10 13:35:03,OFF->HOT,OFF,HOT,2.936686100035624,0.020044849813016172,0.8924660807909433,3.7436517226193753
lab004,F1,2026-04-10 13:36:08,HOT->OFF,HOT,OFF,2.4837451343388572,0.0168506210130932,0.8332240723710295,3.829577215421861
lab004,F1,2026-04-10 13:37:30,HOT->OFF,HOT,OFF,1.3061698878071364,0.016035832670127356,0.9174057195330524,2.9345081518403346
lab004,F1,2026-04-10 13:41:37,OFF->COLD,OFF,COLD,-3.4365153559362325,0.027602530368070165,3.337244396769602,2.121715826063664
lab004,F1,2026-04-10 13:46:29,COLD->OFF,COLD,OFF,-3.3880458261752633,0.04493205366959314,3.5939484632270173,1.7257683069940182
lab004,F1,2026-04-10 13:57:08,OFF->HOT,OFF,HOT,3.6732012772682334,-0.02004257790789233,1.924972161230704,4.0728900175873735
lab004,F1,2026-04-10 14:00:09,HOT->OFF,HOT,OFF,0.832832985474658,-0.03439426432674396,2.5869333724299834,2.3350745042621517
lab004,F1,2026-04-10 14:03:08,OFF->COLD,OFF,COLD,-2.8066046398364186,-0.034493309676788014,4.1050837162318485,1.5791981942247544
lab004,F1,2026-04-10 14:08:38,COLD->OFF,COLD,OFF,-2.5646743033895443,-0.02048696466625346,3.9140862627357977,1.2150453302177107
lab004,F1,2026-04-10 14:17:37,OFF->HOT,OFF,HOT,3.8221824646573253,-0.043600574325683095,1.4737588806840873,4.516617208196375
lab004,F1,2026-04-10 14:18:52,OFF->HOT,OFF,HOT,3.0271226873881014,-0.0460446424695653,1.4322101154419014,5.009449296375899
lab004,F1,2026-04-10 14:21:40,HOT->OFF,HOT,OFF,0.8225811283564883,-0.043599830857989644,2.36637274599529,2.8807392964545837
lab004,F1,2026-04-10 14:24:32,OFF->COLD,OFF,COLD,-2.193683563769211,-0.02821741777480504,3.6963836685101557,1.8679629240008733
lab004,F1,2026-04-10 14:29:54,COLD->OFF,COLD,OFF,-2.3566385730373964,0.010494459082022178,5.009449296375899,0.8856574932967565
lab004,F1,2026-04-10 14:39:32,OFF->HOT,OFF,HOT,1.9755007703879883,0.02472276549290857,0.9166694901570821,4.537794380193419
lab004,F1,2026-04-10 14:40:44,HOT->OFF,HOT,OFF,1.5082182014586905,0.026684236509040546,0.9620262497854221,5.0003348461446775
lab004,F1,2026-04-10 14:42:40,HOT->OFF,HOT,OFF,-1.3823862730121648,0.03276271158277328,2.0559548009869615,3.7056009461806307
lab004,F1,2026-04-10 14:45:22,OFF->COLD,OFF,COLD,-4.460882114021522,0.045151220558213814,3.65874510274774,3.0542106625794925
lab004,F1,2026-04-10 14:51:09,COLD->OFF,COLD,OFF,-2.9484321291471285,0.05154313448487509,4.373626590495329,2.4170914198429454
lab004,F1,2026-04-10 15:00:18,OFF->HOT,OFF,HOT,3.787215195117307,-0.0649367215881429,2.8410642439749383,4.763270467808821
lab004,F1,2026-04-10 15:03:20,HOT->OFF,HOT,OFF,0.38793800914846877,-0.10001442987626473,3.2302335991929727,3.6101219300187846
lab004,F1,2026-04-10 15:06:02,OFF->COLD,OFF,COLD,-3.7656337423110395,-0.11821497840851897,4.163262025049739,3.0856160893220794
lab004,F1,2026-04-10 15:11:59,COLD->OFF,COLD,OFF,-2.994089282715109,-0.14572841729656502,4.4854537740315905,2.185339613328349
lab004,F1,2026-04-10 15:22:17,OFF->HOT,OFF,HOT,11.540180294692505,-0.24089599684444174,2.410574426352929,11.331558512231235
lab004,F1,2026-04-10 15:25:02,HOT->OFF,HOT,OFF,12.256036439841694,-0.22987067498428088,1.9112348954770146,12.408703567124029
lab004,F1,2026-04-10 15:27:50,OFF->COLD,OFF,COLD,8.149703016305025,-0.16824067928299885,3.872496488134666,11.854071688977166
lab004,F1,2026-04-10 15:30:25,COLD->OFF,COLD,OFF,-0.7652241050545987,-0.06954108648657392,7.329228675461479,7.217757679888959
lab004,F1,2026-04-10 16:00:03,OFF->HOT,OFF,HOT,6.1242122179736525,0.01333010101054205,4.575886391368248,2.3446594392559095
lab004,F1,2026-04-10 16:08:55,HOT->OFF,HOT,OFF,-0.2579214823823053,-0.29952716932163787,2.922560105604757,5.045375904973849
lab004,F1,2026-04-10 16:11:09,OFF->COLD,OFF,COLD,-0.3702719769529945,-0.33667007838659413,2.2838340243767323,6.2885524616931905
lab004,F1,2026-04-10 16:14:18,COLD->OFF,COLD,OFF,4.724788458972668,-0.36521230243552444,3.5443988047772996,5.462068625665311
lab004,F1,2026-04-10 16:17:34,OFF->HOT,OFF,HOT,3.538211178931666,-0.3671710749405622,4.109277834159347,6.171492935858556
lab004,F1,2026-04-10 16:20:39,HOT->OFF,HOT,OFF,1.1995341869384577,-0.33564231168752395,4.517911441118529,4.735831860001963
lab004,F1,2026-04-10 16:24:39,OFF->COLD,OFF,COLD,-4.946610092884599,-0.25200132925002244,5.479607166296031,3.9389212469485813
lab004,F1,2026-04-10 16:27:21,COLD->OFF,COLD,OFF,-2.9329671193078903,-0.18862399929822188,5.7865558406659385,3.5246001830291935
lab004,F1,2026-04-10 16:32:40,OFF->HOT,OFF,HOT,2.0488766022734124,-0.08136609309071607,4.040865845777539,2.776402691572722
lab004,F1,2026-04-10 16:35:25,HOT->OFF,HOT,OFF,1.094639126636531,-0.03867251048018375,4.172936086210995,4.27082039617607
lab004,F1,2026-04-10 16:42:20,OFF->COLD,OFF,COLD,-4.072972314942555,0.05577034949330484,3.458340530325702,5.105956247324313
lab004,F1,2026-04-10 16:44:44,COLD->OFF,COLD,OFF,-0.9162718639741654,0.07107983707340881,3.912757959927456,3.82386150903959
lab004,F1,2026-04-10 16:49:15,OFF->HOT,OFF,HOT,3.6277332493335583,0.06755242923926152,4.49138639269282,2.8088989572142022
lab004,F1,2026-04-10 16:51:46,HOT->OFF,HOT,OFF,4.477541881360058,0.05494887896546857,5.052763146043009,2.2671597857993953
lab004,F1,2026-04-10 17:03:33,OFF->COLD,OFF,COLD,-3.7158355331142032,0.08887104898115794,1.7527976729003796,2.6891903049199772
lab004,F1,2026-04-10 17:04:46,COLD->OFF,COLD,OFF,-3.3313042014488436,0.09631240933492294,1.83299550477128,2.803397698691351
lab004,F1,2026-04-10 17:05:58,COLD->OFF,COLD,OFF,-1.8723746691133152,0.10027723392674376,2.494124212920906,3.1830279988301133
lab004,F1,2026-04-10 17:13:24,OFF->HOT,OFF,HOT,3.4970896945097762,0.08448630306511902,3.049936655592897,5.2021066772030755
lab004,F1,2026-04-10 17:17:00,HOT->OFF,HOT,OFF,0.1414838806342017,0.07332667047644578,3.1830279988301133,3.4833112645334516
lab004,F1,2026-04-10 17:21:15,OFF->COLD,OFF,COLD,-3.215020981998787,0.07552270667444265,3.9223785666153894,3.7595897931426054
lab004,F1,2026-04-10 17:24:44,COLD->OFF,COLD,OFF,-1.827011377089069,0.07620500550918036,4.850258923335528,3.663751962275387
lab004,F1,2026-04-10 17:28:44,OFF->HOT,OFF,HOT,2.82262271876902,0.059889026931443025,4.24435272254209,4.197024541739881
lab004,F1,2026-04-10 17:32:21,HOT->OFF,HOT,OFF,1.9701911690198366,0.04114719893213348,4.654237541510856,3.450140228290892
lab004,F1,2026-04-10 17:37:26,OFF->COLD,OFF,COLD,-4.155793473579124,0.028453767960789203,3.755913939646757,4.37126629441445
lab004,F1,2026-04-10 17:40:25,COLD->OFF,COLD,OFF,-1.6512718318281137,0.019624800905375397,4.031395075476624,3.4885472596338793
lab004,F1,2026-04-10 17:44:56,OFF->HOT,OFF,HOT,3.4937456213231686,-0.012972362130936874,3.591763818587593,3.8384036745402597
lab004,F1,2026-04-10 17:48:15,HOT->OFF,HOT,OFF,3.053775302501877,-0.036870477047125066,3.9549474687320503,2.843038084541698
lab004,F1,2026-04-10 17:53:07,OFF->COLD,OFF,COLD,-1.6332805770304972,-0.05251105026669246,3.665209320691438,3.3015440083193344
lab004,F1,2026-04-10 17:55:58,COLD->OFF,COLD,OFF,-1.3916214878708881,-0.05362041661714034,3.8384036745402597,3.5643644779361274
lab004,F1,2026-04-10 18:00:05,OFF->HOT,OFF,HOT,1.183066894652628,-0.05568528406087979,3.206864042373853,4.289347627030696
lab004,F1,2026-04-10 18:04:06,HOT->OFF,HOT,OFF,0.36959085448704865,-0.05508421254747056,3.3015440083193344,3.4799591566610912
lab004,F1,2026-04-10 18:07:28,OFF->COLD,OFF,COLD,-3.7009682623035394,-0.047329536847571414,3.201474423013372,4.033075657859785
lab004,F1,2026-04-10 18:10:10,COLD->OFF,COLD,OFF,-1.1073780684416055,-0.04127665973885701,4.164892318287714,3.1307122479670135
lab004,F1,2026-04-10 18:15:26,OFF->HOT,OFF,HOT,3.063817914729915,-0.04169902085005415,3.928506930896937,3.922700346499314
lab004,F1,2026-04-10 18:18:52,HOT->OFF,HOT,OFF,2.0140156623669494,-0.04270351298261001,3.8456615752195695,2.569280734902984
lab004,F1,2026-04-10 18:23:51,OFF->COLD,OFF,COLD,-2.9305652047264683,-0.02701575130402851,3.000156399276383,3.179069569100223
lab004,F1,2026-04-10 18:26:56,COLD->OFF,COLD,OFF,-0.7680372984305378,-0.01669908407767089,4.258926600040459,4.068352942692187
lab004,F1,2026-04-10 18:32:22,OFF->HOT,OFF,HOT,3.1134703453486896,-0.018286745703515628,3.329882065225793,4.492075809083011
lab004,F1,2026-04-10 18:36:23,HOT->OFF,HOT,OFF,0.7012926378357826,-0.01774350278986639,3.3140960524291914,3.668941814205892
lab004,F1,2026-04-10 18:39:49,OFF->COLD,OFF,COLD,-4.345313666569155,-0.004338581451594693,4.1638619128579,4.0721155502942
lab004,F1,2026-04-10 18:43:01,COLD->OFF,COLD,OFF,-1.3506512754913715,0.009634147625465064,5.017756967440985,3.808115744109731
lab004,F1,2026-04-10 18:47:56,OFF->HOT,OFF,HOT,2.5838985608314036,0.016696563941670205,3.887556798703768,4.595586279108915
lab004,F1,2026-04-10 18:51:46,HOT->OFF,HOT,OFF,0.3314799968641584,0.019036371488874687,3.5812015370650983,3.683520811546977
lab004,F1,2026-04-10 18:55:51,OFF->COLD,OFF,COLD,-3.040652228034778,0.031606281000467,3.672471150243835,4.123686398350883
lab004,F1,2026-04-10 18:58:35,COLD->OFF,COLD,OFF,-1.9348374446486027,0.03992828034461837,4.2519709558089245,3.4901723377311193
lab004,F1,2026-04-10 19:03:03,OFF->HOT,OFF,HOT,2.2856927626394645,0.042461000799180054,3.704321647840126,4.359431505402491
lab004,F1,2026-04-10 19:06:46,HOT->OFF,HOT,OFF,1.0072791708143045,0.03963379926856998,4.123686398350883,3.578891500039073
lab004,F1,2026-04-10 19:10:43,OFF->COLD,OFF,COLD,-3.953409627165585,0.041423674296949646,3.6164610525317067,4.028789826725948
lab004,F1,2026-04-10 19:13:32,COLD->OFF,COLD,OFF,-1.5138033833848228,0.040013927115532685,3.7595484384619087,3.3809384643803075
lab004,F1,2026-04-10 19:18:54,OFF->HOT,OFF,HOT,2.541657364063356,0.017688269329275034,3.498041038800615,4.090823876096456
lab004,F1,2026-04-10 19:22:48,HOT->OFF,HOT,OFF,0.10284274765415913,-0.002177053930450687,3.3583699991809155,3.3995158462652477
lab004,F1,2026-04-10 19:26:27,OFF->COLD,OFF,COLD,-2.97225439837694,-0.010477972352378198,3.6423552109495327,3.9659920135865403
lab004,F1,2026-04-10 19:30:11,COLD->OFF,COLD,OFF,0.13121087358463623,-0.01904469918035421,4.3836047618420535,4.05711346005564
lab004,F1,2026-04-10 19:34:04,OFF->HOT,OFF,HOT,2.751044029342017,-0.032985036267231926,3.6659191798887023,5.075165821117703
lab004,F1,2026-04-10 19:38:01,HOT->OFF,HOT,OFF,0.1917972401850392,-0.040875989130778834,4.159549817851712,4.495577420324365
lab004,F1,2026-04-10 19:41:41,OFF->COLD,OFF,COLD,-3.075005388989832,-0.034700121035579734,3.8724157129950405,4.853688257173082
lab004,F1,2026-04-10 19:44:54,COLD->OFF,COLD,OFF,0.7825832970194658,-0.028017324756876325,4.9567745359770825,4.315678792044582
lab004,F1,2026-04-10 19:48:57,OFF->HOT,OFF,HOT,2.4802195005718364,-0.025796701191497108,4.495577420324365,4.990818520326672
lab004,F1,2026-04-10 19:52:10,HOT->OFF,HOT,OFF,1.6726037672689424,-0.02316438836225503,4.5998523069743396,3.7837972860970295
lab004,F1,2026-04-10 19:55:29,OFF->COLD,OFF,COLD,-2.6333756285577605,-0.01287198562102283,4.413545016795316,3.0718369542090116
lab004,F1,2026-04-10 19:59:05,COLD->OFF,COLD,OFF,-1.0672485583966753,-0.001463568247684767,4.982432575707092,3.07228050915473
lab004,F1,2026-04-10 20:03:06,OFF->HOT,OFF,HOT,1.8650304919422285,0.0018553663602388845,3.7837972860970295,3.535393829062702
lab004,F1,2026-04-10 20:06:36,HOT->OFF,HOT,OFF,1.7637360091807772,0.0010320396881662725,4.078265632396042,3.691704883234475
lab004,F1,2026-04-10 20:11:21,OFF->COLD,OFF,COLD,-3.210526731188075,0.007333843436643762,3.095471177773829,3.9319880441131727
lab004,F1,2026-04-10 20:14:20,COLD->OFF,COLD,OFF,-0.023650129161908673,0.009917498283178897,3.909370440670141,3.5362022117823364
lab004,F1,2026-04-10 20:18:34,OFF->HOT,OFF,HOT,2.070339349500862,0.0043512848098612444,3.844946502028577,4.577676527912533
lab004,F1,2026-04-10 20:22:38,HOT->OFF,HOT,OFF,0.6383201110295454,0.0016058165044590574,3.7779900378345443,4.1337666020447985
lab004,F1,2026-04-10 20:26:25,OFF->COLD,OFF,COLD,-3.2434200740753503,0.010842272941052045,3.6617878073065886,3.7374982212585506
lab004,F1,2026-04-10 20:29:30,COLD->OFF,COLD,OFF,-0.4826635316400756,0.019524005362713304,4.577676527912533,3.337526474094788
lab004,F1,2026-04-10 20:33:27,OFF->HOT,OFF,HOT,2.3695107431358973,0.020906327404961365,4.141692999822676,4.37035208900577
lab004,F1,2026-04-10 20:37:07,HOT->OFF,HOT,OFF,1.0140002851222618,0.01958495915496794,3.849137799918042,3.2569491773553714
lab004,F1,2026-04-10 20:41:18,OFF->COLD,OFF,COLD,-3.2990021172622415,0.02483103485557834,3.5649307459616564,4.295803966480082
lab004,F1,2026-04-10 20:44:06,COLD->OFF,COLD,OFF,-1.0487610173598245,0.027393925759302638,3.844355980170697,3.3911418137029803
lab004,F1,2026-04-10 20:48:37,OFF->HOT,OFF,HOT,2.1821907320139857,0.01998498990610695,3.566887475159914,4.166075998252627
lab004,F1,2026-04-10 20:52:10,HOT->OFF,HOT,OFF,1.0551396337545493,0.012942952409582452,3.520079113908283,3.6353267869314196
lab004,F1,2026-04-10 20:56:25,OFF->COLD,OFF,COLD,-3.0767210663465843,0.014619419163520143,3.61905714970851,3.327660036470088
lab004,F1,2026-04-10 20:59:37,COLD->OFF,COLD,OFF,-0.2581436317174688,0.015435422660030972,4.166075998252627,3.405355143156009
lab004,F1,2026-04-10 21:04:22,OFF->HOT,OFF,HOT,1.610274728061317,0.0028138826692226046,3.3516339096121204,4.060740841885744
lab004,F1,2026-04-10 21:07:41,HOT->OFF,HOT,OFF,1.862396421081496,-0.007220335285864007,3.9915307928904307,3.8223098949293717
lab004,F1,2026-04-10 21:11:59,OFF->COLD,OFF,COLD,-3.0991214139397014,-0.008870363027696192,3.3320105939989975,3.9225617022303156
lab004,F1,2026-04-10 21:14:44,COLD->OFF,COLD,OFF,-1.9598216463827038,-0.008605100843068491,4.230465320107728,3.1960280781951287
lab004,F1,2026-04-10 21:19:43,OFF->HOT,OFF,HOT,2.503598399854866,-0.018176821141447166,3.707965856028462,3.9698240880772255
lab004,F1,2026-04-10 21:23:09,HOT->OFF,HOT,OFF,0.9227056672010392,-0.022931205613782254,3.8465462461872857,4.181698164835411
lab004,F1,2026-04-10 21:27:48,OFF->COLD,OFF,COLD,-4.115768589579061,-0.013769401215536535,3.199284437900224,4.246717989551166
lab004,F1,2026-04-10 21:30:50,COLD->OFF,COLD,OFF,-0.7207230190275138,-0.007716012928300663,4.4707199562980025,2.9858521889981424
lab004,F1,2026-04-10 21:35:46,OFF->HOT,OFF,HOT,1.6074310645319227,-0.013423978780802858,4.165074573450019,4.287388056725915
lab004,F1,2026-04-10 21:39:08,HOT->OFF,HOT,OFF,1.8720180721619486,-0.0197456081412966,4.427966096888529,3.757383003916058
lab004,F1,2026-04-10 21:42:41,OFF->COLD,OFF,COLD,-2.6520450929156074,-0.019804030517958714,3.169803622577652,4.063447881163986
lab004,F1,2026-04-10 21:45:37,COLD->OFF,COLD,OFF,0.9255026379925814,-0.019114133952374247,4.123114793444642,4.059475197386935
lab004,F1,2026-04-10 21:50:43,OFF->HOT,OFF,HOT,2.708053608886412,-0.023269502761485143,3.553138091460616,5.01602144395711
lab004,F1,2026-04-10 21:53:34,HOT->OFF,HOT,OFF,1.2127895143396754,-0.022688110046183586,4.330708757135828,4.272570251918328
lab004,F1,2026-04-10 21:56:54,OFF->COLD,OFF,COLD,-2.05539696659733,-0.013970062276616433,3.6708233564065167,3.896766396877491
lab004,F1,2026-04-10 22:00:13,COLD->OFF,COLD,OFF,-0.4063200848891856,-0.003605128209415831,4.60558560839428,3.028374933955521
lab004,F1,2026-04-10 22:04:27,OFF->HOT,OFF,HOT,1.639434448821809,0.0007109632974096058,4.272570251918328,4.146661233422321
lab004,F1,2026-04-10 22:07:47,HOT->OFF,HOT,OFF,0.1808634357702661,0.002209737338015213,3.896766396877491,3.605045199892644
lab004,F1,2026-04-10 22:12:39,OFF->COLD,OFF,COLD,-3.7657021472923176,0.01359542934689948,3.327720630543155,4.305481750516626
lab004,F1,2026-04-10 22:15:41,COLD->OFF,COLD,OFF,-0.2801235101806514,0.018694987275600636,4.3700897274887405,3.645720308994901
lab004,F1,2026-04-10 22:20:09,OFF->HOT,OFF,HOT,2.055952134989489,0.012987421875599647,3.62916501308132,4.310571502016586
lab004,F1,2026-04-10 22:23:36,HOT->OFF,HOT,OFF,0.7814115231051673,0.007509842166933647,4.305481750516626,3.6812889583572375
lab004,F1,2026-04-10 22:27:47,OFF->COLD,OFF,COLD,-3.446932628700993,0.01072462267516592,3.287537331776528,3.4604920605685066
lab004,F1,2026-04-10 22:30:32,COLD->OFF,COLD,OFF,-1.2509509633726559,0.012368142691228545,3.943368491213844,3.913324294698697
lab004,F1,2026-04-10 22:36:02,OFF->HOT,OFF,HOT,2.8657143738528896,0.0008458722890215317,3.3263796316617746,4.00574453404694
lab004,F1,2026-04-10 22:39:25,HOT->OFF,HOT,OFF,0.5754176671981452,-0.0045260542586881055,4.2050540068985605,4.363578011574275
lab004,F1,2026-04-10 22:43:22,OFF->COLD,OFF,COLD,-4.330646191582099,0.0019483244092986852,4.013533460361099,4.634859176302608
lab004,F1,2026-04-10 22:46:17,COLD->OFF,COLD,OFF,-0.6150859112744773,0.007602090050172804,4.890267682140701,4.593475544493818
lab004,F1,2026-04-10 22:50:52,OFF->HOT,OFF,HOT,2.006480697905114,0.004868246968434686,3.8556656025917118,4.166761915072074
lab004,F1,2026-04-10 22:54:29,HOT->OFF,HOT,OFF,1.4810241748149169,0.0015746553977174392,4.388571207922489,4.1533814248455965
lab004,F1,2026-04-10 22:58:12,OFF->COLD,OFF,COLD,-2.9878670980405944,0.008679050772196373,4.448682297782421,3.3585976557479187
lab004,F1,2026-04-10 23:01:49,COLD->OFF,COLD,OFF,-0.33954335713143236,0.016803041232043372,4.166761915072074,3.4298572692253044
lab004,F1,2026-04-10 23:06:31,OFF->HOT,OFF,HOT,2.192995409042738,0.012457849824036239,3.9201397570800802,3.29536116099832
lab004,F1,2026-04-10 23:10:01,HOT->OFF,HOT,OFF,0.16762059729187984,0.004824927429469295,3.8103852810189647,3.5295697264534533
lab004,F1,2026-04-10 23:13:41,OFF->COLD,OFF,COLD,-2.117261220150406,0.00202851954844876,2.9780641898824705,3.358971660804073
lab004,F1,2026-04-10 23:16:50,COLD->OFF,COLD,OFF,-0.45132502440532474,-0.0015231981393531765,4.234790570626473,3.257923363855828
lab004,F1,2026-04-10 23:21:49,OFF->HOT,OFF,HOT,3.225782939328071,-0.01581208188180927,3.649008142909406,4.254291507704598
lab004,F1,2026-04-10 23:25:18,HOT->OFF,HOT,OFF,-0.17706316854369564,-0.020194487078680278,3.7506576186512475,3.779351385356856
lab004,F1,2026-04-10 23:29:16,OFF->COLD,OFF,COLD,-3.8410303410917823,-0.01001302648182749,3.7114647095021187,4.401019037544406
lab004,F1,2026-04-10 23:32:18,COLD->OFF,COLD,OFF,-0.3309542782086283,-0.00014178310756447494,4.624995983557658,3.9177969024088806
lab004,F1,2026-04-10 23:36:32,OFF->HOT,OFF,HOT,2.2262013156193543,0.006313933886873357,3.881977749776768,5.526464284324795
lab004,F1,2026-04-10 23:40:16,HOT->OFF,HOT,OFF,0.7222016353986405,0.010275227615533566,4.401019037544406,4.265747823994755
lab004,F1,2026-04-10 23:42:58,OFF->COLD,OFF,COLD,-2.9684825806226036,0.015923368776819567,4.421115116876613,4.728498363178241
lab004,F1,2026-04-10 23:45:57,COLD->OFF,COLD,OFF,0.25947790256332925,0.020541986533948807,5.441529271968645,3.9085711757434973
lab004,F1,2026-04-10 23:50:32,OFF->HOT,OFF,HOT,1.2221492091881507,0.016796042359375193,4.438029175130316,4.428869875403676
lab004,F1,2026-04-10 23:53:44,HOT->OFF,HOT,OFF,0.5865675027349002,0.01116435641581557,3.6951926783366438,3.8783020591745525
lab004,F1,2026-04-10 23:58:06,OFF->COLD,OFF,COLD,-1.861753307627819,0.008760675307245957,3.7621716594653054,4.147542839837413
lab004,F1,2026-04-11 00:01:08,COLD->OFF,COLD,OFF,-0.722667157116194,0.005550819947085728,4.276373083897189,3.5448399565736692
lab004,F1,2026-04-11 00:05:05,OFF->HOT,OFF,HOT,0.9866538805377827,-0.006133290709416438,3.5326629069513795,4.215532474157825
lab004,F1,2026-04-11 00:08:21,HOT->OFF,HOT,OFF,1.0325382620027819,-0.016876528281536185,4.74738211693553,3.065426598347193
lab004,F1,2026-04-11 00:12:36,OFF->COLD,OFF,COLD,-2.676086350946496,-0.022115965431023187,3.460488293080562,4.489903939899451
lab004,F1,2026-04-11 00:14:57,COLD->OFF,COLD,OFF,-0.4342019556510705,-0.024205127011783567,3.681648314819368,3.1799719504117148
lab004,F1,2026-04-11 00:19:45,OFF->HOT,OFF,HOT,3.5920120777476505,-0.03397527661402453,3.6518066179721895,3.7529924439816753
lab004,F1,2026-04-11 00:22:37,HOT->OFF,HOT,OFF,2.8722056410315764,-0.0379507124388037,4.232502738357663,2.7921563200532127
lab004,F1,2026-04-11 00:27:37,OFF->COLD,OFF,COLD,-2.4543166714018563,-0.023881094234188806,3.8386006817830562,3.172406072212342
lab004,F1,2026-04-11 00:30:15,COLD->OFF,COLD,OFF,-1.758028762369026,-0.012143935380368287,3.828674992537688,3.59723245895917
lab004,F1,2026-04-11 00:36:18,OFF->HOT,OFF,HOT,2.051642547317365,0.0017370418276154709,2.6400817542848167,4.512871552786374
lab004,F1,2026-04-11 00:39:07,HOT->OFF,HOT,OFF,1.4842919356065865,0.006357527532213414,3.3459925335066054,3.182320962196124
lab004,F1,2026-04-11 00:44:13,OFF->COLD,OFF,COLD,-1.8187032473040743,0.02464246181811145,3.8164351824460545,4.663294917236217
lab004,F1,2026-04-11 00:46:54,COLD->OFF,COLD,OFF,-1.5643441535931215,0.031819052140808955,4.26957934851921,3.866855532604642
lab004,F1,2026-04-11 00:51:43,OFF->HOT,OFF,HOT,2.0561115922821935,0.028430793553310706,3.6139860133820694,4.9668688701234185
lab004,F1,2026-04-11 00:54:25,HOT->OFF,HOT,OFF,0.2075824262722752,0.022885346101768178,4.494877931767379,4.3313811692299
lab004,F1,2026-04-11 00:58:39,OFF->COLD,OFF,COLD,-2.360860934961533,0.017284907635384705,4.038372482923778,5.014299769484395
lab004,F1,2026-04-11 01:01:31,COLD->OFF,COLD,OFF,1.2108484960376247,0.011203533366457295,5.033029307745625,4.725729443446155
lab004,F1,2026-04-11 01:05:56,OFF->HOT,OFF,HOT,1.730668890506459,-0.005123390098995184,3.5692136241038517,5.3436423713933
lab004,F1,2026-04-11 01:09:08,HOT->OFF,HOT,OFF,0.35087778611223186,-0.014142398553861214,4.27232180718466,3.656991130918977
lab004,F1,2026-04-11 01:12:07,OFF->COLD,OFF,COLD,-2.251473567816049,-0.015346265649624158,4.055802616501249,3.9930640887971975
lab004,F1,2026-04-11 01:15:16,COLD->OFF,COLD,OFF,-0.08921907485731584,-0.014042422431983859,4.866765059520148,2.910400848730443
lab004,F1,2026-04-11 01:19:27,OFF->HOT,OFF,HOT,2.1428807825263703,-0.01571258788706693,4.316119851876866,3.824582164270568
lab004,F1,2026-04-11 01:22:09,HOT->OFF,HOT,OFF,1.7190219485554314,-0.015608702818054888,3.8280347955876906,3.524948534140034
lab004,F1,2026-04-11 01:27:53,OFF->COLD,OFF,COLD,-2.722067671664661,-0.00039287476433651474,3.4436458398812437,3.832311116719235
lab004,F1,2026-04-11 01:30:21,COLD->OFF,COLD,OFF,-0.49863108681438195,0.006878455914807091,3.477215119317276,3.4058470023339797
lab004,F1,2026-04-11 01:35:24,OFF->HOT,OFF,HOT,1.0995453764145757,0.008472632012667526,3.407437900254008,4.838121048764014
lab004,F1,2026-04-11 01:38:43,HOT->OFF,HOT,OFF,-0.12630758438639877,0.007501572357909403,4.015778924500623,3.977875319636105
lab004,F1,2026-04-11 01:42:23,OFF->COLD,OFF,COLD,-3.005397070066368,0.010501079795567757,3.532008899971152,4.381249594174768
lab004,F1,2026-04-11 01:45:08,COLD->OFF,COLD,OFF,0.3337118590112531,0.010581189901027788,4.1546745891112495,3.3932181199959928
lab004,F1,2026-04-11 01:49:40,OFF->HOT,OFF,HOT,2.020136278599529,-5.83666226559032e-05,3.977875319636105,4.073580968740334
lab004,F1,2026-04-11 01:52:25,HOT->OFF,HOT,OFF,2.108752073125575,-0.006501371101858222,4.1230531765186305,3.55982211885294
lab004,F1,2026-04-11 01:57:52,OFF->COLD,OFF,COLD,-3.026937645127549,-0.005469833335637553,2.9085414758857016,4.2548639605058955
lab004,F1,2026-04-11 02:00:23,COLD->OFF,COLD,OFF,-0.40100284704739675,-0.004098551638552372,3.6359986236670543,3.4879353701715825
lab004,F1,2026-04-11 02:05:05,OFF->HOT,OFF,HOT,2.2821472102947977,-0.01009181834605144,3.4072701865214228,4.392318695147516
lab004,F1,2026-04-11 02:07:30,HOT->OFF,HOT,OFF,-0.1245917750730241,-0.012846365951500082,3.7613317452305584,4.423000605941695
lab004,F1,2026-04-11 02:12:29,OFF->COLD,OFF,COLD,-3.5544642894330076,-0.0056247404520555645,3.3667580954575573,5.110885717068402
lab004,F1,2026-04-11 02:15:01,COLD->OFF,COLD,OFF,-0.4048198603808084,-2.4546238130973563e-05,4.01146486807275,3.39871742713297
lab004,F1,2026-04-11 02:19:36,OFF->HOT,OFF,HOT,1.78531698374797,0.004741835032918385,3.6567637794906482,4.583010357203076
lab004,F1,2026-04-11 02:22:10,HOT->OFF,HOT,OFF,0.00184224959464252,0.006767739070247902,4.177672933546042,3.9748134586190997
lab004,F1,2026-04-11 02:25:54,OFF->COLD,OFF,COLD,-1.9898455618913093,0.012949635268453007,3.43432432819384,3.4942628443456725
lab004,F1,2026-04-11 02:28:53,COLD->OFF,COLD,OFF,-0.35749786223357916,0.01644803492569382,4.016284924479879,2.7430361317730885
lab004,F1,2026-04-11 02:33:14,OFF->HOT,OFF,HOT,1.1063875274309867,0.012146488958160794,3.9748134586190997,4.251116435541665
lab004,F1,2026-04-11 02:36:34,HOT->OFF,HOT,OFF,-0.3585351988341817,0.005690675379961619,4.234988301075568,3.8827483928116213
lab004,F1,2026-04-11 02:39:36,OFF->COLD,OFF,COLD,-2.433830050997859,0.0019528894024906755,3.4590527808378377,4.022043504132737
lab004,F1,2026-04-11 02:42:28,COLD->OFF,COLD,OFF,0.04796757319947487,-0.0010523349771154322,4.774766743971117,3.4228713500574126
lab004,F1,2026-04-11 02:46:46,OFF->HOT,OFF,HOT,2.3173657756471386,-0.007733116202957113,3.859371533809061,4.379614448595631
lab004,F1,2026-04-11 02:49:52,HOT->OFF,HOT,OFF,0.5660788168120073,-0.009499162249956328,4.0192186419394185,3.4952466640877295
lab004,F1,2026-04-11 02:53:59,OFF->COLD,OFF,COLD,-2.17566762567661,-0.004130176298946875,3.6170160561127904,4.533577311187388
lab004,F1,2026-04-11 02:56:48,COLD->OFF,COLD,OFF,-1.3914869683873086,-0.0007216310412168528,4.030756966121945,2.8557240295470994
lab004,F1,2026-04-11 03:00:42,OFF->HOT,OFF,HOT,1.4041087504430116,-0.0019664476288728137,3.3925803799732255,4.206023827003474
lab004,F1,2026-04-11 03:03:44,HOT->OFF,HOT,OFF,0.5610133659030009,-0.00387617673932974,3.805413210087239,3.5497454680728624
lab004,F1,2026-04-11 03:08:09,OFF->COLD,OFF,COLD,-3.211923259734018,-0.00163338415527301,3.656996438982117,4.036143365899018
lab004,F1,2026-04-11 03:10:37,COLD->OFF,COLD,OFF,0.0940284456430498,-0.0014270237961984122,3.7894686136055427,3.769076399078109
lab004,F1,2026-04-11 03:15:09,OFF->HOT,OFF,HOT,1.9264816127480262,-0.007447303803339801,3.337040336218962,3.9994867377132644
lab004,F1,2026-04-11 03:18:21,HOT->OFF,HOT,OFF,-0.31992364464178147,-0.010234060756014872,4.280070868630643,4.0521829522830535
lab004,F1,2026-04-11 03:22:19,OFF->COLD,OFF,COLD,-3.565436887294874,-0.005889212755290618,3.955174051690923,4.741708336521635
lab004,F1,2026-04-11 03:25:11,COLD->OFF,COLD,OFF,0.6046851898339076,-0.003864776089210587,3.5716556491183056,4.04532648624369
lab004,F1,2026-04-11 03:29:08,OFF->HOT,OFF,HOT,1.9126890956090716,-0.009002236932056994,3.4139530551018686,4.8915609633760075
lab004,F1,2026-04-11 03:32:10,HOT->OFF,HOT,OFF,0.8690785780354771,-0.014982979483617775,3.970750533347276,3.7351012634827163
lab004,F1,2026-04-11 03:36:04,OFF->COLD,OFF,COLD,0.16619048699231725,-0.016620062053763186,2.852122914522396,4.626276829920535
lab004,F1,2026-04-11 03:38:15,COLD->OFF,COLD,OFF,0.578231318963782,-0.014891174944290774,4.506796420100262,4.628959602253154
lab004,F1,2026-04-11 03:42:02,OFF->HOT,OFF,HOT,1.263774872760008,-0.009614349808918642,3.8073971997257177,4.6295221146859875
lab004,F1,2026-04-11 03:45:32,HOT->OFF,HOT,OFF,-0.2034903987698522,-0.0009493358577001842,3.908694228127105,4.206729654724291
lab004,F1,2026-04-11 03:48:10,OFF->COLD,OFF,COLD,-1.816587080541339,0.00928858748070711,4.799916477934451,3.5581050582543625
lab004,F1,2026-04-11 03:50:56,COLD->OFF,COLD,OFF,-1.7614911536257327,0.0206625884831519,4.54416407007776,2.8380563983066707
lab004,F1,2026-04-11 03:54:46,OFF->HOT,OFF,HOT,0.38090795105775566,0.030258474147317305,4.186984328725741,3.3636758802415634
lab004,F1,2026-04-11 03:57:24,HOT->OFF,HOT,OFF,0.9741117906196963,0.033377729434231895,4.264531690741751,2.456414482706121
lab004,F1,2026-04-11 04:03:19,OFF->COLD,OFF,COLD,-2.629719856710862,0.03819074842567449,3.2285758730138916,2.9158463805231856
lab004,F1,2026-04-11 04:05:47,COLD->OFF,COLD,OFF,-0.41708375554294175,0.03634779567472899,3.3636758802415634,2.8305797528857797
lab004,F1,2026-04-11 04:10:32,OFF->HOT,OFF,HOT,2.6788781497261938,0.018686800274410675,3.217656827079628,2.1578415333411978
lab004,F1,2026-04-11 04:12:46,HOT->OFF,HOT,OFF,1.4205993413796374,0.007451111725493578,3.701433724928689,2.9977470694421595
lab004,F1,2026-04-11 04:20:21,OFF->COLD,OFF,COLD,-1.866652219498425,-0.007717355776432469,2.1894584815890767,3.5120084243249634
lab004,F1,2026-04-11 04:23:10,COLD->OFF,COLD,OFF,-0.08174658890661213,-0.011578848123672183,2.5557713149104755,2.9748432526697237
lab004,F1,2026-04-11 04:28:23,OFF->HOT,OFF,HOT,2.904177701205451,-0.026289296903934466,3.096200415673048,3.687291433401101
lab004,F1,2026-04-11 04:31:25,HOT->OFF,HOT,OFF,1.4680634533416679,-0.029541106782975213,3.5120084243249634,3.5235056630918993
lab004,F1,2026-04-11 04:36:11,OFF->COLD,OFF,COLD,-2.959957972760402,-0.018262506426678107,3.120064116064635,3.79140080790355
lab004,F1,2026-04-11 04:39:20,COLD->OFF,COLD,OFF,-1.4541406732366662,-0.00955393044097912,3.687291433401101,2.2636754672905552
lab004,F1,2026-04-11 04:43:21,OFF->HOT,OFF,HOT,0.4806739708984542,-0.006329200727476003,3.4064182922390898,3.185048063967039
lab004,F1,2026-04-11 04:45:56,HOT->OFF,HOT,OFF,1.3746076123500452,-0.004602826730642473,3.6862370037407337,2.8933927126298875
lab004,F1,2026-04-11 04:51:09,OFF->COLD,OFF,COLD,-2.3241875218635073,0.005852902534095161,2.3539126671626036,3.771090251636146
lab004,F1,2026-04-11 04:53:33,COLD->OFF,COLD,OFF,-1.1546032364197893,0.010040080358393322,3.6332535043039744,3.0962660970280016
lab004,F1,2026-04-11 04:58:36,OFF->HOT,OFF,HOT,0.8141388033934324,0.008606045390137585,2.772644243532336,3.3411945402860246
lab004,F1,2026-04-11 05:02:06,HOT->OFF,HOT,OFF,-0.20537831557077824,0.007351820202800231,3.771090251636146,3.093261715002559
lab004,F1,2026-04-11 05:05:22,OFF->COLD,OFF,COLD,-2.7360912252276313,0.010035710839717549,3.07838063710085,3.265445541686919
lab004,F1,2026-04-11 05:08:04,COLD->OFF,COLD,OFF,-0.9548834244142332,0.011765525293864697,3.4710196129071007,3.0022868139920336
lab004,F1,2026-04-11 05:13:45,OFF->HOT,OFF,HOT,1.7781375193891544,0.004280633579934712,2.6506460446533797,3.7737489358445364
lab004,F1,2026-04-11 05:16:47,HOT->OFF,HOT,OFF,0.6898210296394953,8.461551864966631e-05,3.1448184116329623,3.281789242931376
lab004,F1,2026-04-11 05:20:58,OFF->COLD,OFF,COLD,-2.1628321380522637,0.0011852809836835135,3.0451892230779287,4.242797919586831
lab004,F1,2026-04-11 05:23:16,COLD->OFF,COLD,OFF,-1.242514649718757,0.0011900537237526272,3.168174594064229,2.781008049563322
lab004,F1,2026-04-11 05:28:12,OFF->HOT,OFF,HOT,1.4906700033912705,-0.00679293992995138,3.2890938238254948,3.4752970303736093
lab004,F1,2026-04-11 05:30:12,HOT->OFF,HOT,OFF,1.2424767184939127,-0.010365425075423575,2.895780576695581,2.8726486766453165
lab004,F1,2026-04-11 05:35:39,OFF->COLD,OFF,COLD,-2.4133480373368013,-0.011008805996654481,3.296680856544422,3.070520278342821
lab004,F1,2026-04-11 05:38:38,COLD->OFF,COLD,OFF,-1.3717832034344914,-0.011676784644006233,3.587632472829693,2.491116470171047
lab004,F1,2026-04-11 05:43:41,OFF->HOT,OFF,HOT,2.05193320028465,-0.02136345112739395,2.645763993873261,2.9112920029854
lab004,F1,2026-04-11 05:46:19,HOT->OFF,HOT,OFF,0.9072508547548017,-0.024699155900690252,3.00844662842165,2.7907234382995116
lab004,F1,2026-04-11 05:52:17,OFF->COLD,OFF,COLD,-2.8492402422915095,-0.01215460687007326,2.7274442274395625,3.253674547689865
lab004,F1,2026-04-11 05:54:59,COLD->OFF,COLD,OFF,-1.1070896314233016,-0.005807476410946411,3.1661523791146573,3.159687338724592
lab004,F1,2026-04-11 06:00:43,OFF->HOT,OFF,HOT,2.1779560936861615,-0.006380357205128105,2.727198698008174,3.387485198274002
lab004,F1,2026-04-11 06:03:24,HOT->OFF,HOT,OFF,1.286883913834503,-0.006158133630483852,3.253674547689865,3.2081517536381816
lab004,F1,2026-04-11 06:08:07,OFF->COLD,OFF,COLD,-2.3522560231275524,0.005264505482750259,3.037379148640989,3.581036752078096
lab004,F1,2026-04-11 06:10:41,COLD->OFF,COLD,OFF,-1.3289180859204288,0.011319338635772079,3.1309100943844625,2.5912185854830887
lab004,F1,2026-04-11 06:15:41,OFF->HOT,OFF,HOT,0.6918583522601103,0.014226262864571293,3.0063328123456885,3.297768933667811
lab004,F1,2026-04-11 06:18:22,HOT->OFF,HOT,OFF,0.743746638073642,0.013941345988577325,3.2259967715094517,2.3901526651225047
lab004,F1,2026-04-11 06:22:47,OFF->COLD,OFF,COLD,-1.9973857493806282,0.0173261329054494,2.5331008436314812,3.3249568359882904
lab004,F1,2026-04-11 06:24:48,COLD->OFF,COLD,OFF,-0.5329377846340717,0.018469199685049276,2.981649810547844,2.862418417057001
lab004,F1,2026-04-11 06:29:58,OFF->HOT,OFF,HOT,1.0925232107965333,0.014073377804129183,2.793788102054411,3.4143613162503486
lab004,F1,2026-04-11 06:32:57,HOT->OFF,HOT,OFF,0.12906767098757554,0.010431664448170964,3.14152942025706,2.9209269314437014
lab004,F1,2026-04-11 06:36:51,OFF->COLD,OFF,COLD,-1.3031742216375344,0.009037200729992723,2.5232295274723593,3.3492219161894914
lab004,F1,2026-04-11 06:39:46,COLD->OFF,COLD,OFF,-0.4948783781527133,0.007003081089665387,3.023847287652922,2.783171312168703
lab004,F1,2026-04-11 06:44:25,OFF->HOT,OFF,HOT,0.9149519758596087,-0.0016457347598594282,2.5792914069771924,3.068579889824198
lab004,F1,2026-04-11 06:46:56,HOT->OFF,HOT,OFF,1.1947969576822384,-0.005283501393666779,3.3179304350724315,2.59180144244442
lab004,F1,2026-04-11 06:52:13,OFF->COLD,OFF,COLD,-3.0632828594239996,-0.002529153303363606,2.8609224532602133,3.0007250600103985
lab004,F1,2026-04-11 06:54:24,COLD->OFF,COLD,OFF,0.0875003038180514,-0.0011476752678553307,2.7393292330851406,3.5575323753149894
lab004,F1,2026-04-11 06:59:51,OFF->HOT,OFF,HOT,1.7530207458808704,-0.007407912530700944,2.397149900218512,3.420755447558591
lab004,F1,2026-04-11 07:02:36,HOT->OFF,HOT,OFF,0.6358039252137954,-0.010220479600738484,2.913848035192567,3.0151971486290665
lab004,F1,2026-04-11 07:07:18,OFF->COLD,OFF,COLD,-2.865596778082329,-0.006711480650110601,3.3130449289025816,3.365328706757644
lab004,F1,2026-04-11 07:10:20,COLD->OFF,COLD,OFF,-0.5531595799298932,-0.004774585596737512,3.843313881340539,2.608355384407049
lab004,F1,2026-04-11 07:15:03,OFF->HOT,OFF,HOT,2.159835272259718,-0.0073917606772126564,2.503583773590505,4.025979161637206
lab004,F1,2026-04-11 07:17:34,HOT->OFF,HOT,OFF,1.0949565470772549,-0.007601942013807417,2.6078337704806533,2.4348768638056297
lab004,F1,2026-04-11 07:21:14,OFF->COLD,OFF,COLD,-2.1851557679185225,-0.0021899590474754762,3.520127342650391,3.6487999135713443
lab004,F1,2026-04-11 07:23:25,COLD->OFF,COLD,OFF,-0.44640975133750566,0.0019346609718629004,2.9996932202165656,3.1934777563456658
lab004,F1,2026-04-11 07:28:45,OFF->HOT,OFF,HOT,1.5577688808321868,0.006980763238224074,2.455095900283699,3.607512655172731
lab004,F1,2026-04-11 07:31:23,HOT->OFF,HOT,OFF,0.002531334915720551,0.00928440084942057,3.42235238356198,2.661932791725427
lab004,F1,2026-04-11 07:36:12,OFF->COLD,OFF,COLD,-1.5550821480710808,0.0166674898346443,2.866150357118008,3.8828732768352765
lab004,F1,2026-04-11 07:39:01,COLD->OFF,COLD,OFF,-1.1195672477897274,0.017566779955253332,3.3509208650776965,2.515542052252997
lab004,F1,2026-04-11 07:43:02,OFF->HOT,OFF,HOT,1.1934385551664195,0.01081665792009776,2.5263376613882462,3.0731094969433803
lab004,F1,2026-04-11 07:45:44,HOT->OFF,HOT,OFF,0.5211405831017872,0.005537216145691649,3.4268508983953665,2.215978194285786
lab004,F1,2026-04-11 07:51:07,OFF->COLD,OFF,COLD,-2.3536579429784767,0.00028080900979974253,3.024458560208476,3.7806772245405904
lab004,F1,2026-04-11 07:53:18,COLD->OFF,COLD,OFF,-0.08672991562231913,-0.0031462673817742367,3.111636879269358,3.4595472794246125
lab004,F1,2026-04-11 07:57:43,OFF->HOT,OFF,HOT,1.4235371630410663,-0.01487884870435181,2.2522395988061663,4.4145803676138184
lab004,F1,2026-04-11 08:00:38,HOT->OFF,HOT,OFF,-0.6042370877635515,-0.021277112141217726,3.7349956284411276,2.9460456901420358
lab004,F1,2026-04-11 08:04:08,OFF->COLD,OFF,COLD,-1.3555826874104864,-0.02185267592878377,3.605157657745216,3.5929408011469497
lab004,F1,2026-04-11 08:07:00,COLD->OFF,COLD,OFF,-0.06251879749301337,-0.019743293345673686,4.1383765201455285,2.471207581597734
lab004,F1,2026-04-11 08:11:08,OFF->HOT,OFF,HOT,0.915997671147259,-0.016864997725058384,3.3409478576204017,3.561637452983943
lab004,F1,2026-04-11 08:13:46,HOT->OFF,HOT,OFF,0.9224456929940967,-0.013580159117387948,3.144975975726206,2.2471442835749422
lab004,F1,2026-04-11 08:18:25,OFF->COLD,OFF,COLD,-2.666604273264639,-0.0025049326509336105,2.9929457029359394,2.990054755844596
lab004,F1,2026-04-11 08:20:36,COLD->OFF,COLD,OFF,-0.13431490186580497,0.0030175249370338435,2.8167523674734314,3.2169515183985307
lab004,F1,2026-04-11 08:25:25,OFF->HOT,OFF,HOT,0.9064175830954972,0.007569015095758313,2.6944197999511283,3.2302477422910245
lab004,F1,2026-04-11 08:28:00,HOT->OFF,HOT,OFF,0.24436891697684904,0.009833578356446626,2.8224956439825206,2.813303015513485
lab004,F1,2026-04-11 08:33:03,OFF->COLD,OFF,COLD,-1.7787478826214835,0.018013730497970837,2.813228071507441,3.4127822551788936
lab004,F1,2026-04-11 08:35:17,COLD->OFF,COLD,OFF,0.44500930473881034,0.020259866590835608,3.0110685906729393,2.8874102509404573
lab004,F1,2026-04-11 08:39:42,OFF->HOT,OFF,HOT,1.628556224891916,0.017645781923192504,2.717271979839284,3.127710752001068
lab004,F1,2026-04-11 08:42:21,HOT->OFF,HOT,OFF,1.0564104772807381,0.015730682363726343,3.2245545585653557,2.5669414919414253
lab004,F1,2026-04-11 08:46:59,OFF->COLD,OFF,COLD,-3.008431544420554,0.018263569272694014,2.7379356089991576,2.8978673127246877
lab004,F1,2026-04-11 08:48:53,COLD->OFF,COLD,OFF,-1.113200186893244,0.018966364183305905,2.4056599123915126,2.7455528447859887
lab004,F1,2026-04-11 08:55:12,OFF->HOT,OFF,HOT,1.0167991953036988,0.006857793296662518,2.6543006432124012,2.852037785939094
lab004,F1,2026-04-11 08:57:43,HOT->OFF,HOT,OFF,0.621683963305245,0.0006146861931584993,2.844313760756953,2.6820358302709555
lab004,F1,2026-04-11 09:02:25,OFF->COLD,OFF,COLD,-1.9124889108057632,-0.004292196167142669,2.44633464933643,2.5601548208279397
lab004,F1,2026-04-11 09:04:36,COLD->OFF,COLD,OFF,-0.8683444216112379,-0.0059595709212972615,2.9118841863736433,3.3482619210485374
lab004,F1,2026-04-11 09:10:00,OFF->HOT,OFF,HOT,1.4065291537708227,-0.014748232513002703,2.498926703781309,3.2751454434310703
lab004,F1,2026-04-11 09:11:39,HOT->OFF,HOT,OFF,1.3021772540525345,-0.017017359671516807,2.4430901608993727,2.388253382647728
lab004,F1,2026-04-11 09:17:27,OFF->COLD,OFF,COLD,-2.564966467327869,-0.014436051207541479,3.54413619315115,2.9237381009210153
lab004,F1,2026-04-11 09:19:34,COLD->OFF,COLD,OFF,-1.5950328005225298,-0.011765003846331857,3.7544227716644683,2.396047424008629
lab004,F1,2026-04-11 09:24:34,OFF->HOT,OFF,HOT,0.9808014073255348,-0.006940928441599725,2.513484933770401,2.7807981231087497
lab004,F1,2026-04-11 09:27:15,HOT->OFF,HOT,OFF,0.6840413368514948,-0.0019381565456380923,2.5541663785047732,2.3383036339480148
lab004,F1,2026-04-11 09:31:24,OFF->COLD,OFF,COLD,-1.6862736370852434,0.012037681985813498,2.504149307054018,3.50271679836582
lab004,F1,2026-04-11 09:34:02,COLD->OFF,COLD,OFF,-0.3474217416091139,0.02122974609669206,2.9053819796520726,3.6277438461381664
lab004,F1,2026-04-11 09:39:36,OFF->HOT,OFF,HOT,0.8073204632170952,0.034647129439843605,2.405565150493538,4.332228735623919
lab004,F1,2026-04-11 09:42:04,HOT->OFF,HOT,OFF,-1.2951965586498133,0.039553492506516894,3.202065762952366,3.1848331491052266
lab004,F1,2026-04-11 09:45:51,OFF->COLD,OFF,COLD,-3.582162437510256,0.046549568526221344,2.6706786968024234,3.623428909087716
lab004,F1,2026-04-11 09:49:11,COLD->OFF,COLD,OFF,-1.973949813420338,0.04134550540429802,4.204726732110809,2.8968958071404667
lab004,F1,2026-04-11 09:54:20,OFF->HOT,OFF,HOT,0.9747914039109473,0.0007474192351583295,2.9993271530234957,3.208894637173056
lab004,F1,2026-04-11 09:56:55,HOT->OFF,HOT,OFF,0.7581699698302224,-0.028192294216967277,3.623428909087716,2.7786465512922383
lab004,F1,2026-04-11 10:01:45,OFF->COLD,OFF,COLD,0.25540243126516904,-0.08643712200104696,3.020753495797618,4.322612534342911
lab004,F1,2026-04-11 10:03:38,COLD->OFF,COLD,OFF,1.9374257184888481,-0.11025788806167083,3.3074866887040866,3.545918603888797
lab004,F1,2026-04-11 10:09:08,OFF->HOT,OFF,HOT,0.9343513784233088,-0.1623833430928446,2.958200235623037,4.9030036811721285
lab004,F1,2026-04-11 10:12:11,HOT->OFF,HOT,OFF,-1.9274765674797716,-0.1756992838443875,3.7054500689047565,4.225576224137718
lab004,F1,2026-04-11 10:15:17,OFF->COLD,OFF,COLD,-4.822455006110189,-0.1800981316604482,3.873257492438403,4.528018265107504
lab004,F1,2026-04-11 10:18:19,COLD->OFF,COLD,OFF,1.7846278384296606,-0.18609950368679462,4.774501790761456,9.303392204476339
lab004,F1,2026-04-11 10:23:19,OFF->HOT,OFF,HOT,10.821839922634556,-0.19595716142578068,4.0670886652263345,12.715132581040368
lab004,F1,2026-04-11 10:25:37,HOT->OFF,HOT,OFF,9.492476244237254,-0.18048924534981492,4.067766131820031,11.506336857928039
lab004,F1,2026-04-11 10:31:28,OFF->COLD,OFF,COLD,-7.175120789242756,-0.0218358883380097,12.78364839996962,2.5441292701180798
lab004,F1,2026-04-11 10:33:59,COLD->OFF,COLD,OFF,-5.319760706311415,0.08713953488832393,11.233848621174419,3.8018362297388384
lab004,F1,2026-04-11 10:39:19,OFF->HOT,OFF,HOT,-5.380368923542938,0.3077136426136942,9.029172410061866,3.745467845665387
lab004,F1,2026-04-11 10:42:01,HOT->OFF,HOT,OFF,-3.7967331754777036,0.38625483586736764,3.661997874336249,3.4458032381702983
lab004,F1,2026-04-11 10:45:45,OFF->COLD,OFF,COLD,-4.13295435889263,0.44936499589661,2.0922623092038237,3.6559946077837298
lab004,F1,2026-04-11 10:48:40,COLD->OFF,COLD,OFF,-0.5054909173951814,0.4546822538613603,3.010520724543621,3.196612410679688
lab004,F1,2026-04-11 10:54:25,OFF->HOT,OFF,HOT,2.212153124878438,0.36064032140005653,3.1761879014584378,2.661931804129777
lab004,F1,2026-04-11 10:56:28,HOT->OFF,HOT,OFF,2.3364551600212837,0.30264433889567594,3.743362306717683,1.426357735273836
lab004,F1,2026-04-11 11:08:24,OFF->COLD,OFF,COLD,-0.10527275825793847,-0.030059113790000702,1.2320243481625774,1.5895146592645824
lab004,F1,2026-04-11 11:09:26,COLD->OFF,COLD,OFF,0.11442285319302647,-0.05882798477342577,1.182130551285527,1.3597292355732746
lab004,F1,2026-04-11 11:10:28,COLD->OFF,COLD,OFF,0.43715638409915414,-0.08303896628755791,1.3600347765500649,1.1256359728699228
lab004,F1,2026-04-11 11:11:37,OFF->COLD,OFF,COLD,0.7390614298434535,-0.11037352435336178,1.4141506408723048,0.8062405400852755
lab004,F1,2026-04-11 11:31:10,OFF->HOT,OFF,HOT,0.5493740505952862,-0.285381099992231,0.422239008647391,0.9732116309303882
lab004,F1,2026-04-11 11:32:43,OFF->HOT,OFF,HOT,0.46192214121557074,-0.27118377244006525,0.3900107560619529,0.8319361149907231
lab004,F1,2026-04-11 12:25:44,OFF->COLD,OFF,COLD,-0.027997906946498563,0.06853612848638022,0.42846446747270506,0.5045074865560225
lab004,F1,2026-04-11 12:27:14,OFF->COLD,OFF,COLD,0.18905101443746397,0.06914223778211054,0.4577648175573816,0.5658635600310512
lab004,F1,2026-04-11 12:28:16,OFF->COLD,OFF,COLD,0.1466121030243142,0.06986487333886085,0.3945572001380816,0.535503504092287
lab004,F1,2026-04-11 12:29:35,OFF->COLD,OFF,COLD,0.30798404957273684,0.0709383718385967,0.35248239711410845,0.5626002967647051
lab004,F1,2026-04-11 13:31:00,OFF->COLD,OFF,COLD,-1.0211947616212311,0.017633943617456804,0.7425982507068104,0.5797766181661075
lab004,F1,2026-04-11 13:32:05,OFF->COLD,OFF,COLD,-1.122170656040319,0.023549102163460175,0.7139059430281863,0.6304334712712866
lab004,F1,2026-04-11 13:33:07,OFF->COLD,OFF,COLD,-0.9971577762321913,0.029984079575668555,0.5802882089599086,0.6318349714507973
lab004,F1,2026-04-11 13:34:09,COLD->OFF,COLD,OFF,-0.9478037700451476,0.03502253953829712,0.5287598445834837,0.667269057712108
lab004,F1,2026-04-11 13:35:14,OFF->COLD,OFF,COLD,-0.8923395067731681,0.03948647204826803,0.5241127232778453,0.6874811765452548
lab004,F1,2026-04-11 13:36:33,OFF->COLD,OFF,COLD,-0.910771990084221,0.0443993119512395,0.5058115269981789,0.8236451547489042
lab004,F1,2026-04-11 15:37:38,OFF->COLD,OFF,COLD,-1.3001486843255772,0.35923475044829034,1.114914129075191,2.2910342851564303
lab004,F1,2026-04-11 15:38:53,OFF->COLD,OFF,COLD,-1.0103828728015696,0.3492404443484387,1.3228018836054434,2.2475005137849777
lab004,F1,2026-04-11 15:39:59,OFF->COLD,OFF,COLD,-0.6818531997267798,0.33580293263238675,1.52380259870582,2.1242817404997725
lab004,F1,2026-04-11 15:41:15,COLD->OFF,COLD,OFF,0.20650697652640493,0.31786331351779473,1.7458135769624679,2.220620310504778
lab004,F1,2026-04-11 15:43:39,COLD->OFF,COLD,OFF,1.4160471748502999,0.26927221559505804,2.042178210871117,2.1471024460084607
lab004,F1,2026-04-11 15:48:18,OFF->HOT,OFF,HOT,2.223902862572368,0.15221571111824236,2.2981953676074065,2.0569018512275057
lab004,F1,2026-04-11 15:51:20,HOT->OFF,HOT,OFF,0.34429442303641244,0.07607351729091516,2.5683792876448157,1.0451507789948082
lab004,F1,2026-04-11 15:59:33,OFF->COLD,OFF,COLD,-0.5701612916068564,-0.09432974066197847,1.8606035733791486,0.7307925399455926
lab004,F1,2026-04-11 16:01:30,COLD->OFF,COLD,OFF,0.23477343996276223,-0.12799824276738614,1.2656258755946608,0.48055585470461887
lab004,F1,2026-04-11 16:11:42,OFF->HOT,OFF,HOT,1.5665859969581386,-0.23362473671785852,0.5516143572332204,1.9355193589281103
lab004,F1,2026-04-11 16:15:40,HOT->OFF,HOT,OFF,-0.26338516790603483,-0.22915213037460258,1.3791746582899904,0.8921796685880944
lab004,F1,2026-04-11 16:19:41,OFF->COLD,OFF,COLD,-1.5532827619002438,-0.20010984943174542,1.8997955712572805,0.4933677445666413
lab004,F1,2026-04-11 16:22:44,COLD->OFF,COLD,OFF,-0.7322494274807805,-0.17167925802221565,1.9355193589281103,2.643137497208304
lab004,F1,2026-04-11 16:30:29,OFF->HOT,OFF,HOT,1.6048102528406667,-0.09475939637599215,0.5101280270051203,2.360846436377589
lab004,F1,2026-04-11 16:31:31,OFF->HOT,OFF,HOT,1.6030666573831953,-0.0846711771382441,0.5246058939107107,2.3651288538546784
lab004,F1,2026-04-11 16:33:41,HOT->OFF,HOT,OFF,-0.43097938849427975,-0.061727785333065,2.643137497208304,0.4873619031373156
lab004,F1,2026-04-11 16:40:31,OFF->COLD,OFF,COLD,-1.5595139559122444,0.01587924532478957,2.369827641345956,0.5556852645828955
lab004,F1,2026-04-11 16:42:21,COLD->OFF,COLD,OFF,-1.727665167690081,0.03252128221425957,2.168159212984865,0.5925053764564493
lab004,F1,2026-04-11 16:52:13,OFF->HOT,OFF,HOT,0.7981129364999796,0.07398219410261199,0.5790879723797956,0.8319707354914174
lab004,F1,2026-04-11 16:53:36,OFF->HOT,OFF,HOT,0.6139294969880126,0.07421450851478786,0.5431435941202302,0.7677995949821099
lab004,F1,2026-04-11 16:57:37,OFF->HOT,OFF,HOT,-0.2162220149270711,0.07308764665902845,0.8488772758856257,0.40672834029121724
lab004,F1,2026-04-11 16:59:34,OFF->HOT,OFF,HOT,-0.41352351324851,0.07172930171065141,0.8506861235373656,0.3944366160039479
lab004,F1,2026-04-11 17:54:23,OFF->COLD,OFF,COLD,-0.7624120011890235,0.027196807181173465,0.38245416028502804,0.7414255853512153
lab004,F1,2026-04-11 17:55:55,OFF->COLD,OFF,COLD,-0.8323706297348983,0.027773728471675564,0.32600107635001935,0.8883426627407488
lab004,F1,2026-04-11 17:56:57,COLD->OFF,COLD,OFF,-0.8705667209311657,0.02738587058633738,0.22215327849875646,0.8578926145815462
lab004,F1,2026-04-11 17:57:59,OFF->COLD,OFF,COLD,-0.8000756669055888,0.026484566570028078,0.22225133464333752,0.8020221834297158
lab004,F1,2026-04-11 17:59:36,COLD->OFF,COLD,OFF,-0.1066881643689182,0.02372372815960363,0.590488643149166,1.2301696676074652
lab004,F1,2026-04-11 18:07:14,OFF->HOT,OFF,HOT,1.5149131083230412,-0.0022725949719352156,0.7699113055759954,1.6131534383288766
lab004,F1,2026-04-11 18:09:38,HOT->OFF,HOT,OFF,1.1530026611792528,-0.009350225790889833,0.8422272769097793,0.9880110126678748
lab004,F1,2026-04-11 18:22:29,OFF->COLD,OFF,COLD,-0.4083448491958882,-0.004332869699438713,0.26616001625842683,0.6374835121531043
lab004,F1,2026-04-11 18:25:28,COLD->OFF,COLD,OFF,0.9845808121901722,-0.006267291595015911,0.4660367288796698,2.0198704747850527
lab004,F1,2026-04-11 18:31:37,OFF->HOT,OFF,HOT,1.2345240069616525,-0.011888965234089232,0.6465755435377512,1.8170997206618804
lab004,F1,2026-04-11 18:34:25,HOT->OFF,HOT,OFF,0.37380421589157076,-0.009461277995465945,0.9607836059682462,0.8200622734168463
lab004,F1,2026-04-11 18:42:31,OFF->COLD,OFF,COLD,-1.2142696259695602,0.01916887192875838,1.9921752989265014,0.3639925160945309
lab004,F1,2026-04-11 18:43:36,OFF->COLD,OFF,COLD,-1.1044314200445504,0.023072569180293923,1.8174740488209502,0.4053301004687093
lab004,F1,2026-04-11 21:14:47,OFF->COLD,OFF,COLD,-0.18917848077434266,-0.0030566228486203773,0.1812700251281371,0.3036612466254195
lab004,F1,2026-04-11 21:16:55,OFF->COLD,OFF,COLD,-0.11714719368309257,-0.006314976450363045,0.21218088742964877,0.29960759174374335
lab004,F1,2026-04-11 21:18:28,OFF->COLD,OFF,COLD,-0.13376307946074734,-0.00939527335490118,0.2464518474311835,0.32184468411848166
lab004,F1,2026-04-11 21:19:30,COLD->OFF,COLD,OFF,-0.1305036986539898,-0.011417024776818729,0.2507463449441011,0.3218864469450811
lab004,F1,2026-04-11 21:20:32,OFF->COLD,OFF,COLD,-0.07893843583004706,-0.013559533478897306,0.270460556533996,0.3032963065510518
lab004,F1,2026-04-11 21:21:34,COLD->OFF,COLD,OFF,-0.016638098486053243,-0.015781666567610174,0.28885255970058143,0.28952055044560926
lab004,F1,2026-04-11 21:29:19,OFF->HOT,OFF,HOT,0.7056459247348895,-0.030476930374819074,0.297309709893657,1.5450406134976316
lab004,F1,2026-04-11 21:32:48,HOT->OFF,HOT,OFF,-0.17191177195601146,-0.029808142078650644,1.1570117076982755,0.3694960382621347
lab004,F1,2026-04-11 21:41:01,OFF->COLD,OFF,COLD,-0.578790969273812,-0.011230362971085216,0.7942098791514302,0.29235579879507795
lab004,F1,2026-04-11 21:43:05,COLD->OFF,COLD,OFF,0.13143432018764137,-0.007305952427845652,0.7790030135849514,1.281813627388262
lab004,F1,2026-04-11 21:49:54,OFF->HOT,OFF,HOT,0.7165232505909829,0.001183277478617354,0.2867961130396923,1.2866315332149532
lab004,F1,2026-04-11 21:53:04,HOT->OFF,HOT,OFF,-0.1713114303562533,0.007293390716391148,0.988145836246028,0.26409372685129023
lab004,F1,2026-04-11 22:00:21,OFF->COLD,OFF,COLD,-0.8511783884718269,0.027039655313757332,2.1037982460880666,0.20387458436567144
lab004,F1,2026-04-11 22:01:33,OFF->COLD,OFF,COLD,-0.8535084143564359,0.0292964661701914,1.9556786696115067,0.19832807146554365
lab004,F1,2026-04-11 22:02:35,OFF->COLD,OFF,COLD,-0.8272928203271805,0.030810242763193565,1.957041744161256,0.19247221083184354
lab004,F1,2026-04-11 22:03:58,OFF->COLD,OFF,COLD,-0.05652512035591878,0.03225621566385549,0.26409372685129023,0.18738106277383831
lab004,F1,2026-04-11 22:45:34,OFF->HOT,OFF,HOT,0.06439414366528824,-0.017980550259178826,0.018128041346048823,0.07031740326588648
lab004,F1,2026-04-11 22:51:56,OFF->HOT,OFF,HOT,0.017134422690645516,-0.013863927004929348,0.048986895399170796,0.1437661436552265
lab004,F1,2026-04-11 22:53:15,HOT->OFF,HOT,OFF,-0.03436681358560788,-0.012802416261374294,0.05455421862541479,0.07137769842403514
lab004,F1,2026-04-12 06:17:46,OFF->HOT,OFF,HOT,0.14760391340128576,-0.016060715065683226,0.16607774900764935,0.5020766270464168
lab004,F1,2026-04-12 06:18:48,OFF->HOT,OFF,HOT,0.4165477549790354,-0.017450154744836913,0.1685193682085758,0.9377288229277633
lab004,F1,2026-04-12 06:22:14,OFF->HOT,OFF,HOT,0.5912949178028142,-0.021377100129760088,0.17123514565989303,1.0314692269135848
lab004,F1,2026-04-12 06:23:16,OFF->HOT,OFF,HOT,0.8257912683172823,-0.02216484928683,0.17291611662792775,1.4886066358889871
lab004,F1,2026-04-12 06:24:18,OFF->HOT,OFF,HOT,0.8210194885980193,-0.022497271383906434,0.1745837569773792,1.4895883458160313
lab004,F1,2026-04-12 06:25:58,HOT->OFF,HOT,OFF,0.3672254362740168,-0.022217029870831316,0.1778892969558579,0.7053943039729621
lab004,F1,2026-04-12 06:27:21,HOT->OFF,HOT,OFF,0.6192355862386567,-0.02119965738643038,0.18139241655902796,1.395379404447476
lab004,F1,2026-04-12 06:28:37,HOT->OFF,HOT,OFF,0.0648797038619676,-0.01937946453498296,0.6321048696410889,0.7828765376188388
lab004,F1,2026-04-12 06:33:12,OFF->COLD,OFF,COLD,-0.698003275815198,-0.008651387520074754,1.0314692269135848,0.27778224230648546
lab004,F1,2026-04-12 06:36:38,COLD->OFF,COLD,OFF,-0.5556327890458712,6.826035113875056e-05,1.2043751101745443,0.7977037330968044
lab004,F1,2026-04-12 06:44:20,OFF->HOT,OFF,HOT,0.6726232025807695,0.009773545835814985,0.2783284011903828,1.0786141585155264
lab004,F1,2026-04-12 06:48:17,HOT->OFF,HOT,OFF,-0.48172019569645075,0.014801346416537683,0.9633349966712687,0.28038047713341596
lab004,F1,2026-04-12 06:57:56,OFF->COLD,OFF,COLD,-0.2464818116811341,0.026894250350661383,0.8088860270185522,0.2307180579290475
lab004,F1,2026-04-12 06:59:53,COLD->OFF,COLD,OFF,0.08006122320590126,0.026075462490011823,0.2893133013170423,0.2210828033711883
lab004,F1,2026-04-12 07:13:43,OFF->HOT,OFF,HOT,0.545634625743896,-0.0017158058030189438,0.22398748384897263,0.7716104769236336
lab004,F1,2026-04-12 07:14:59,HOT->OFF,HOT,OFF,0.6545250624813777,-0.0038062393215896606,0.21810483622603583,1.0921567096062512
lab004,F1,2026-04-12 07:17:41,HOT->OFF,HOT,OFF,-0.024000526753436478,-0.006335732301093803,0.49668676790970384,0.2478626294908132
lab004,F1,2026-04-12 07:26:17,OFF->COLD,OFF,COLD,-0.43486838508467884,-0.002124125221946535,0.8128348437020404,0.11159911034791428
lab004,F1,2026-04-12 07:27:29,OFF->COLD,OFF,COLD,-0.3780316023837328,-0.0014770740430731788,0.7795815333928167,0.10661510806125805
lab004,F1,2026-04-12 07:55:06,OFF->HOT,OFF,HOT,0.47270964593534964,-0.013263087780696365,0.0725636139794138,1.419577748821129
lab004,F1,2026-04-12 07:56:08,HOT->OFF,HOT,OFF,0.4806172561856597,-0.01322940815937014,0.07569432779691904,1.4194402882604453
lab004,F1,2026-04-12 07:57:10,HOT->OFF,HOT,OFF,0.4891326740687931,-0.013036111802840897,0.07868968000128415,1.4193092319391083
lab004,F1,2026-04-12 07:58:50,HOT->OFF,HOT,OFF,0.16984567742857523,-0.012394766925327722,0.10200404823414519,0.42803146191318264
lab004,F1,2026-04-12 10:15:33,OFF->HOT,OFF,HOT,0.16335385108987258,-0.020379513958277605,0.14492221602031516,0.2981887931379362
lab004,F1,2026-04-12 10:18:15,OFF->HOT,OFF,HOT,0.8114373205882673,-0.021776566939940113,0.18929702599381826,1.3490140968605437
lab004,F1,2026-04-12 10:19:31,OFF->HOT,OFF,HOT,0.44862905533746467,-0.02192133639215332,0.18258972962391082,0.9084593621516127
lab004,F1,2026-04-12 10:20:33,HOT->OFF,HOT,OFF,0.45030285639936274,-0.02173760908320192,0.1839962298954113,0.9084620879133418
lab004,F1,2026-04-12 10:21:35,OFF->HOT,OFF,HOT,0.45197665746126076,-0.021185716046973044,0.18528012614860442,0.9084376878395765
lab004,F1,2026-04-12 10:22:37,OFF->HOT,OFF,HOT,0.5642694253668086,-0.02006523927120889,0.23656110882136225,1.1902575467865095
lab004,F1,2026-04-12 10:23:39,OFF->HOT,OFF,HOT,0.5440332264287064,-0.01860219456784401,0.23736205638729135,1.1911892718404151
lab004,F1,2026-04-12 10:24:55,OFF->HOT,OFF,HOT,0.44977599433425425,-0.016274401200785524,0.24080778698642746,1.2227918103304987
lab004,F1,2026-04-12 10:26:11,HOT->OFF,HOT,OFF,0.3756077290834517,-0.012995955607141327,0.2434611318311981,1.206112323265629
lab004,F1,2026-04-12 10:33:18,OFF->COLD,OFF,COLD,-0.8305966966396124,0.014093719246572371,1.2574352018456834,0.15006691573426723
lab004,F1,2026-04-12 10:34:20,OFF->COLD,OFF,COLD,-0.8289228955777145,0.01771899594815741,1.2573818128729333,0.14799658421576148
lab004,F1,2026-04-12 17:20:25,OFF->COLD,OFF,COLD,0.0,0.011891742118639193,0.0,0.0
lab004,F1,2026-04-12 17:24:47,OFF->COLD,OFF,COLD,0.0,0.017997054217020386,0.0,0.0
lab004,F1,2026-04-12 17:26:09,OFF->COLD,OFF,COLD,0.0,0.01912669043257835,0.0,0.0
lab004,F1,2026-04-12 17:27:43,OFF->COLD,OFF,COLD,0.0,0.02056391762274505,0.0,0.0
lab004,F1,2026-04-12 17:29:05,OFF->COLD,OFF,COLD,0.0,0.021357650763305397,0.0,0.0
lab004,F1,2026-04-12 19:46:37,OFF->COLD,OFF,COLD,0.0,0.0003281115032830245,0.0,0.0
lab004,F1,2026-04-12 19:48:00,OFF->COLD,OFF,COLD,0.0,0.0003959496765072114,0.0,0.0
lab004,F1,2026-04-12 19:49:33,OFF->COLD,OFF,COLD,0.0,0.00045133044858913524,0.0,0.0
lab004,F1,2026-04-12 19:50:39,OFF->COLD,OFF,COLD,0.0,0.0004864958643570772,0.0,0.0
lab004,F1,2026-04-12 19:52:43,OFF->COLD,OFF,COLD,0.0,0.0005510434340872136,0.0,0.0
lab004,F1,2026-04-12 19:53:52,OFF->COLD,OFF,COLD,0.0,0.0005880080150856865,0.0,0.0
lab004,F1,2026-04-12 19:55:18,OFF->COLD,OFF,COLD,0.0,0.0006280446774749925,0.0,0.0
lab004,F1,2026-04-12 23:47:07,OFF->COLD,OFF,COLD,-0.0564796690808034,-0.0032780712193613438,0.12814463150396074,0.1831202614966223
lab004,F1,2026-04-12 23:49:42,OFF->COLD,OFF,COLD,-0.062202958669178826,-0.006696023777101303,0.14231530395078487,0.2117647949072499
lab004,F1,2026-04-12 23:50:58,OFF->COLD,OFF,COLD,-0.06645875717279615,-0.008657740951799879,0.14608507997921477,0.22104532162266402
lab004,F1,2026-04-12 23:52:11,COLD->OFF,COLD,OFF,-0.09974928257233673,-0.010463235358070862,0.15089316603134992,0.2537053220224304
lab004,F1,2026-04-12 23:53:26,OFF->COLD,OFF,COLD,-0.1172280704503943,-0.01260843088075405,0.1579984266146866,0.27662811015725536
lab004,F1,2026-04-12 23:54:32,OFF->COLD,OFF,COLD,-0.1243873970959723,-0.014264539848570849,0.16368422145733402,0.288814514909347
lab004,F1,2026-04-12 23:55:38,COLD->OFF,COLD,OFF,-0.1117793688698156,-0.016268069229929787,0.17106993802734358,0.29176891753249606
lab004,F1,2026-04-13 00:05:32,OFF->HOT,OFF,HOT,1.1124755085201359,-0.03158192291055772,0.288814514909347,1.606764777663356
lab004,F1,2026-04-13 00:12:30,HOT->OFF,HOT,OFF,-1.0432580253650507,-0.020336037978758433,1.5951031553157544,0.4218705202947111
lab004,F1,2026-04-13 00:18:36,OFF->COLD,OFF,COLD,-0.37135727370156146,0.0006967295854134331,1.6557426342729715,1.4906010575703668
lab004,F1,2026-04-13 00:23:19,COLD->OFF,COLD,OFF,0.6712195700138927,0.00882106459183634,0.41483756202828526,1.0796109045822424
lab004,F1,2026-04-13 00:25:23,OFF->HOT,OFF,HOT,0.6875294567192918,0.011201209992718921,0.4326095018206967,1.0825776732833738
lab004,F1,2026-04-13 00:29:18,HOT->OFF,HOT,OFF,-0.5115861080276514,0.017450543632249467,1.0547740847972873,0.4176892769311927
lab004,F1,2026-04-13 00:37:59,OFF->COLD,OFF,COLD,0.08681891744516768,0.029991095693761835,1.2368545902136943,1.6802686158176592
lab004,F1,2026-04-13 00:39:56,COLD->OFF,COLD,OFF,0.7254453011611706,0.028896650343754385,0.6382413534084287,1.6754636221684003
lab004,F1,2026-04-13 00:44:53,OFF->HOT,OFF,HOT,0.9077357284748435,0.02282090830188447,0.4108100956840447,1.59176510930256
lab004,F1,2026-04-13 00:48:10,HOT->OFF,HOT,OFF,-0.3423386958026535,0.02005378141590538,1.373781435935409,0.29223880753490655
lab004,F1,2026-04-13 00:56:24,OFF->COLD,OFF,COLD,-0.4223949634324721,0.020818364501351855,1.311503895030644,0.1803516252352533
lab004,F1,2026-04-13 00:58:01,COLD->OFF,COLD,OFF,-0.24976310598367762,0.019590421214234523,1.0719168838794975,0.15189925293689735
lab004,F1,2026-04-13 01:15:58,OFF->HOT,OFF,HOT,0.11762191492031776,-0.014734588274586135,0.11830611960566512,0.14460432054385897
lab004,F1,2026-04-13 01:17:24,OFF->HOT,OFF,HOT,0.18575457739919266,-0.01673897460655119,0.11747607724991972,0.16351871185389957
lab004,F1,2026-04-13 01:19:43,HOT->OFF,HOT,OFF,0.3220273620109816,-0.019342528765399967,0.11807345866449112,0.6890222843891338
lab004,F1,2026-04-13 01:55:09,OFF->COLD,OFF,COLD,-0.013857646191645132,-0.003456990696195315,0.031220847977929258,0.007115087495395741
lab004,F1,2026-04-13 01:56:29,OFF->COLD,OFF,COLD,-0.004478465501929829,-0.0025388710008911845,0.025110647990920273,0.006032604940715586
lab004,F1,2026-04-13 01:58:19,OFF->COLD,OFF,COLD,0.008569780694228531,-0.0015935175147920866,0.01274845104645598,0.004769708297735793
lab004,F1,2026-04-13 01:59:46,OFF->COLD,OFF,COLD,0.010422596080184771,-0.000960346476769524,0.012899427229702684,0.004116731127611258
lab004,F1,2026-04-13 06:28:35,OFF->HOT,OFF,HOT,-0.08441532393936874,-0.018844725443882323,0.2282390947776422,0.3114268592347183
lab004,F1,2026-04-13 06:32:13,OFF->HOT,OFF,HOT,0.9103930351870004,-0.026312631069172844,0.2604793622399269,1.46679784938277
lab004,F1,2026-04-13 06:34:21,OFF->HOT,OFF,HOT,1.0105266110344,-0.02998705215339629,0.2774257047013326,1.536020961273627
lab004,F1,2026-04-13 06:35:26,OFF->HOT,OFF,HOT,0.6258119980291539,-0.03138245497735376,0.28589547852803904,1.2883063943340551
lab004,F1,2026-04-13 06:36:32,HOT->OFF,HOT,OFF,0.6296351868818002,-0.032123550774837084,0.29278845319863084,1.2891426953589609
lab004,F1,2026-04-13 06:37:34,HOT->OFF,HOT,OFF,0.6334583757344462,-0.03236635996937456,0.2993418426735185,1.2898929272197486
lab004,F1,2026-04-13 06:38:40,OFF->HOT,OFF,HOT,0.9735137627291999,-0.031923186093463826,0.30655723208162455,1.5665680490764022
lab004,F1,2026-04-13 06:39:42,HOT->OFF,HOT,OFF,0.551076951581846,-0.031004675835248293,0.312372327020882,0.9633383843088378
lab004,F1,2026-04-13 06:41:05,HOT->OFF,HOT,OFF,-0.15897046328129255,-0.02880679771112036,1.119371277047458,0.7841193247647628
lab004,F1,2026-04-13 06:44:46,OFF->COLD,OFF,COLD,-1.1646749060128159,-0.017976886196023868,1.6171048586488692,0.3356213905488933
lab004,F1,2026-04-13 06:49:05,COLD->OFF,COLD,OFF,-0.5211149524601238,-0.0050774924324385115,1.415740695668718,1.1567432562510749
lab004,F1,2026-04-13 06:56:16,OFF->HOT,OFF,HOT,0.9704367657926143,0.00822656179593207,0.35618421271752304,1.4871206237501837
lab004,F1,2026-04-13 06:57:19,OFF->HOT,OFF,HOT,0.9742599546452603,0.01009241071107389,0.35592254633819354,1.4862087963097186
lab004,F1,2026-04-13 07:00:11,HOT->OFF,HOT,OFF,-0.0623226769389092,0.017087502969778193,1.2544371940570156,0.9513749029703739
lab004,F1,2026-04-13 07:12:03,OFF->COLD,OFF,COLD,0.0838190972173346,0.04751070644645408,0.29895025314446855,0.21382577260080696
lab004,F1,2026-04-13 07:14:24,OFF->COLD,OFF,COLD,0.12020742291994377,0.0465067126181357,0.3014066472626657,0.18417715329855
lab004,F1,2026-04-13 07:15:30,COLD->OFF,COLD,OFF,0.1270610886222622,0.044822791496424534,0.29385744435766487,0.1683411277806374
lab004,F1,2026-04-13 08:11:37,OFF->HOT,OFF,HOT,0.7409688582010381,-0.022637472396635976,0.13832606094390543,1.281884565073424
lab004,F1,2026-04-13 08:13:04,OFF->HOT,OFF,HOT,0.5596605341188929,-0.021264195626558843,0.1305596117754432,1.1359173720580718
lab004,F1,2026-04-13 08:14:10,OFF->HOT,OFF,HOT,0.4338266004001261,-0.019765839089425384,0.12372828664999742,0.477881410110103
lab004,F1,2026-04-13 08:15:22,HOT->OFF,HOT,OFF,0.850790501788602,-0.01789896509074642,0.11815726895423098,1.4249804991844413
lab004,F1,2026-04-13 08:16:24,HOT->OFF,HOT,OFF,0.4757294449393671,-0.015955255505171087,0.11124402578075275,0.8096968332521179
lab004,F1,2026-04-13 08:21:07,OFF->COLD,OFF,COLD,-0.2276567178940973,-0.0006313859725688778,0.47068302909202864,0.11988042446332872
lab004,F1,2026-04-13 08:23:12,COLD->OFF,COLD,OFF,-0.35018873089686486,0.006965605282352225,0.4762805608775649,0.13987866502756402
lab004,F1,2026-04-13 08:31:32,OFF->HOT,OFF,HOT,0.19514703608886452,0.03395643313915988,0.11684796529095982,1.4001159968523225
lab004,F1,2026-04-13 08:34:39,HOT->OFF,HOT,OFF,-0.7041459115140059,0.04176914033719353,0.9740179746623348,0.6024681756246876
lab004,F1,2026-04-13 08:42:56,OFF->COLD,OFF,COLD,-0.98350025887994,0.04678212886318166,1.3190071920657331,0.8847310349226861
lab004,F1,2026-04-13 08:43:58,COLD->OFF,COLD,OFF,-0.9691348616148637,0.04439174019081725,1.3348617644584593,0.9118205640390765
lab004,F1,2026-04-13 09:07:59,OFF->HOT,OFF,HOT,3.3794428533954517,-0.1417266255945942,1.1477932471351588,4.5562262242392215
lab004,F1,2026-04-13 09:10:14,HOT->OFF,HOT,OFF,3.1409906526652627,-0.14818309482465708,1.1973618589403638,4.60716373813019
lab004,F1,2026-04-13 09:29:52,OFF->COLD,OFF,COLD,-1.649306419880876,0.16720794053056554,1.4312343709964153,0.9595465177364549
lab004,F1,2026-04-13 09:31:05,OFF->COLD,OFF,COLD,-1.2431342831404308,0.17967989481051583,0.9680772581409746,0.9666362849374847
lab004,F1,2026-04-13 09:33:02,OFF->COLD,OFF,COLD,-0.6539451733400572,0.1954386631727753,0.6256073414055944,0.9372878550998094
lab004,F1,2026-04-13 11:43:57,OFF->HOT,OFF,HOT,0.0,0.004318221003697571,0.0,0.0
lab004,F1,2026-04-13 16:00:01,OFF->COLD,OFF,COLD,0.0006790898749366395,-0.00015366651237336002,0.00019610545822500738,0.0007257438383611372
lab004,F1,2026-04-13 16:26:40,COLD->OFF,COLD,OFF,-0.0005631435674891578,1.8866797193432285e-05,0.00017364910333310068,0.0005293088386846885
lab004,F1,2026-04-13 17:06:54,OFF->COLD,OFF,COLD,-2.218187581524739e-05,-0.0001416345602500606,0.001289905479665705,0.0013119123095694056
lab004,F1,2026-04-13 17:07:56,OFF->COLD,OFF,COLD,-6.469295559158577e-06,-0.00010216822750766207,0.0012992064365798222,0.0013056248023036701
lab004,F1,2026-04-13 17:16:00,COLD->OFF,COLD,OFF,0.00010127411191116343,0.00014704344962001382,0.0013184524475130064,0.0012180206992781005
lab004,F1,2026-04-13 17:51:07,OFF->COLD,OFF,COLD,0.0003570215412450024,-6.609937799395229e-05,0.00047059184701910803,0.00016222136889350696
lab004,F1,2026-04-13 17:52:19,OFF->COLD,OFF,COLD,0.00037888380871358237,-7.997726058317438e-05,0.00044368913017464617,0.00013907459684660574
lab004,F1,2026-04-13 17:53:39,COLD->OFF,COLD,OFF,0.0004038692572491024,-8.120055500646122e-05,0.00041044718422330884,0.0001325177057984206
lab004,F1,2026-04-13 17:56:14,COLD->OFF,COLD,OFF,0.0004507169732532023,-0.00011510617300455303,0.00034147152458656525,0.00018902988929895783
lab004,F1,2026-04-13 17:57:23,COLD->OFF,COLD,OFF,0.00047257924072178223,-0.00011771163857609475,0.00030673095152401476,0.00023572907549027064
lab004,F1,2026-04-13 17:58:32,OFF->COLD,OFF,COLD,0.00048394600183321237,-0.00012996872960901,0.0002708407906369711,0.0002727804722920056
lab004,F1,2026-04-13 18:31:20,OFF->COLD,OFF,COLD,-0.00036412582727142495,-6.064063383802002e-05,0.0005263323480031997,0.0008808632334871228
lab004,F1,2026-04-13 18:32:23,OFF->COLD,OFF,COLD,-0.0003500715124701945,-4.597613763730457e-05,0.0005641918531772671,0.0009059138025600766
lab004,F1,2026-04-13 18:37:47,COLD->OFF,COLD,OFF,-0.00027277278106343,5.2518755380399454e-05,0.0007529699821138098,0.001021445893324355
lab004,F1,2026-04-13 18:39:34,COLD->OFF,COLD,OFF,-0.01687934892306138,7.6325891825646e-05,0.05235460774018585,0.0010489747543235522
lab004,F1,2026-04-13 18:40:36,OFF->COLD,OFF,COLD,-0.00023295222245994503,8.430180556264834e-05,0.0008363736218408932,0.0010661653296581792
lab004,F1,2026-04-13 19:10:53,OFF->COLD,OFF,COLD,0.00019101960737715926,-0.0001192589672784878,0.0011023222453829442,0.0009135951148868818
lab004,F1,2026-04-13 19:12:02,COLD->OFF,COLD,OFF,0.000207416307978594,-9.540572110588303e-05,0.0010895213910130127,0.0008847066947816072
lab004,F1,2026-04-13 19:15:50,COLD->OFF,COLD,OFF,0.0002612911813833093,-1.9708900110859188e-05,0.0010353759943078128,0.0007780128258450841
lab004,F1,2026-04-13 19:16:52,COLD->OFF,COLD,OFF,0.00027534549618453896,7.954657059264757e-06,0.0010182095638405794,0.0007472490819493951
lab004,F1,2026-04-13 19:18:29,OFF->COLD,OFF,COLD,0.0002987693541865892,3.5339518792696514e-05,0.0009868101595371778,0.0006933387144021393
lab004,F1,2026-04-13 19:43:31,OFF->COLD,OFF,COLD,0.00027587483100001176,4.518859341699312e-05,0.0005964097769963571,0.00032866164639000197
lab004,F1,2026-04-13 19:44:37,OFF->COLD,OFF,COLD,0.00028612184438895537,2.9565534194323927e-05,0.0005721430343113784,0.00029583106904020317
lab004,F1,2026-04-13 19:48:42,COLD->OFF,COLD,OFF,0.00032125446172247664,2.5406611972626715e-06,0.0004812061044827818,0.0001822980471669685
lab004,F1,2026-04-13 19:49:44,OFF->COLD,OFF,COLD,0.000330037616055857,-8.798779683689918e-06,0.00045665118078406456,0.0001559559714960525
lab004,F1,2026-04-13 20:21:33,OFF->COLD,OFF,COLD,-7.45516064991363e-05,-3.1291464008572344e-05,0.000174757401844723,2.222940363297597e-05
lab004,F1,2026-04-13 20:27:09,COLD->OFF,COLD,OFF,-1.727786873737135e-05,-2.4357971703986674e-05,1.3732775385314558e-05,3.021375644534737e-05
lab004,F1,2026-04-13 20:59:33,OFF->COLD,OFF,COLD,-0.0005303942775209104,3.370912137884828e-05,0.00016502679046808197,0.0005907285286427918
lab004,F1,2026-04-13 21:00:38,COLD->OFF,COLD,OFF,0.00106527207838752,3.622095707298471e-05,0.00018987998375105049,0.004897323607406618
lab004,F1,2026-04-13 21:01:41,COLD->OFF,COLD,OFF,-0.0005012996165481116,3.950436461562344e-05,0.00022265373234251344,0.0006749245324762597
lab004,F1,2026-04-13 21:03:04,COLD->OFF,COLD,OFF,-0.00048339520979562,5.021572506902405e-05,0.00027469419115533155,0.0007242948776558232
lab004,F1,2026-04-13 21:04:27,COLD->OFF,COLD,OFF,-0.00046325275219906697,4.9431751648192765e-05,0.0003380598437962314,0.0007775061558098239
lab004,F1,2026-04-13 21:05:49,COLD->OFF,COLD,OFF,-0.00044534834544657546,5.9413614014519596e-05,0.000395566888626899,0.000822681695924564
lab004,F1,2026-04-13 21:06:55,OFF->COLD,OFF,COLD,-0.00043192004038220656,5.154925731758753e-05,0.00043855375811435737,0.000855230093951808
lab004,F1,2026-04-13 21:39:23,OFF->COLD,OFF,COLD,0.013599499874209775,-0.0001254551628284437,0.0012679356606955104,0.04260064684260388
lab004,F1,2026-04-13 21:44:44,COLD->OFF,COLD,OFF,7.611750121974247e-05,8.085379354138056e-06,0.0012840715666956254,0.0012085890139311496
lab004,F1,2026-04-13 22:21:13,OFF->COLD,OFF,COLD,4.060060147391176e-06,-6.3457680939303315e-06,0.0006801377296843994,0.00019690404480956724
lab004,F1,2026-04-13 22:23:04,OFF->COLD,OFF,COLD,-0.00030248515060063007,-1.0605780121356224e-05,0.0006409502078046419,0.00013333210103258093
lab004,F1,2026-04-13 22:28:22,COLD->OFF,COLD,OFF,-0.0004407673805240501,-1.8234869215664562e-05,0.00038332599698395113,0.0001155579033881695
lab004,F1,2026-04-13 22:29:27,OFF->COLD,OFF,COLD,-0.0003990415863796453,-1.436659496720417e-05,0.00032026525826734926,0.0001310478775671942
lab004,F1,2026-04-13 23:12:44,OFF->COLD,OFF,COLD,0.039557320389934106,-0.0002782371623457265,0.0021092225333925033,0.12454965465067064
lab004,F1,2026-04-13 23:13:50,COLD->OFF,COLD,OFF,0.03241311435361691,-0.0002354428207278812,0.002107793890121184,0.10200545768622837
lab004,F1,2026-04-13 23:19:38,COLD->OFF,COLD,OFF,-0.039685330981497915,9.100646749226363e-05,0.12454849841020725,0.0021664996875674844
lab004,F1,2026-04-13 23:20:41,COLD->OFF,COLD,OFF,-0.039658309548552394,0.00015050602677604884,0.12454884512050907,0.0021604843172248057
lab004,F1,2026-04-14 00:07:14,OFF->COLD,OFF,COLD,0.0006875173858626765,-0.00024791197697972186,0.00044561995330773957,0.0006192640084360093
lab004,F1,2026-04-14 00:08:23,OFF->COLD,OFF,COLD,0.013717718711345198,-0.00026109461904621513,0.00036953395627723287,0.0418837305006305
lab004,F1,2026-04-14 00:15:56,COLD->OFF,COLD,OFF,-0.0008074783002360647,-0.00016169153169550145,0.0005804872832716545,0.00038244182134235764
lab004,F1,2026-04-14 01:13:12,OFF->COLD,OFF,COLD,-0.00014218313503939863,2.284684719554779e-05,0.00017374927154185707,0.0
lab004,F1,2026-04-14 01:14:25,COLD->OFF,COLD,OFF,-0.00013044521474803308,4.852836206068527e-06,0.0001708716861538695,0.0
lab004,F1,2026-04-14 01:21:21,COLD->OFF,COLD,OFF,0.00014704937182260272,1.3758225083365384e-05,0.0,0.0003291430529200344
lab004,F1,2026-04-14 01:22:22,COLD->OFF,COLD,OFF,0.00021079130488398904,6.311627471843901e-06,0.0,0.0003859604767194992
lab004,F1,2026-04-14 02:26:18,OFF->COLD,OFF,COLD,-4.3044112539626384e-05,-0.00019509601925776044,0.001161296955522981,0.0012039982455779425
lab004,F1,2026-04-14 02:28:02,OFF->COLD,OFF,COLD,-2.2546916092185424e-05,-0.00017400049725571282,0.0011763905157412585,0.001198759394216497
lab004,F1,2026-04-14 02:29:04,OFF->COLD,OFF,COLD,-1.0248598223720588e-05,-0.00015893730769203667,0.0011839692965158227,0.0011941371762431367
lab004,F1,2026-04-14 02:30:24,COLD->OFF,COLD,OFF,6.14915893423231e-06,-0.0001150209870163246,0.001192349994238978,0.001186249245680565
lab004,F1,2026-04-14 02:35:18,COLD->OFF,COLD,OFF,6.764074827655562e-05,5.754184297786439e-05,0.001206217160280241,0.001139124651812366
lab004,F1,2026-04-14 02:37:01,OFF->COLD,OFF,COLD,8.81379447239968e-05,9.395622057011826e-05,0.0012046762405664613,0.0011172676455450884
lab004,F1,2026-04-14 03:47:52,OFF->COLD,OFF,COLD,0.0,-1.8620845638638827e-05,0.0,0.0
lab004,F1,2026-04-14 03:48:58,OFF->COLD,OFF,COLD,0.0,-1.9669090018312104e-05,0.0,0.0
lab004,F1,2026-04-14 03:50:00,COLD->OFF,COLD,OFF,0.0,-2.128046493461087e-05,0.0,0.0
lab004,F1,2026-04-14 03:51:20,COLD->OFF,COLD,OFF,0.0,-2.4377445080792115e-05,0.0,0.0
lab004,F1,2026-04-14 03:52:36,COLD->OFF,COLD,OFF,0.0,-8.230323299658767e-06,0.0,0.0
lab004,F1,2026-04-14 03:53:38,COLD->OFF,COLD,OFF,0.0,-1.164951836546253e-05,0.0,0.0
lab004,F1,2026-04-14 05:08:28,OFF->COLD,OFF,COLD,-7.670600320021815e-06,3.10232522551066e-05,0.00019725467329113536,0.00020486411078979964
lab004,F1,2026-04-14 05:10:33,OFF->COLD,OFF,COLD,-3.486636509100825e-06,2.089157121501475e-05,0.00020033561898070333,0.00020379473937970238
lab004,F1,2026-04-14 05:11:38,COLD->OFF,COLD,OFF,-1.0459909527302204e-06,7.926428666829543e-07,0.00020178466550236415,0.00020282242170044468
lab004,F1,2026-04-14 05:13:36,COLD->OFF,COLD,OFF,3.1379728581907153e-06,-9.460794786026845e-06,0.00020367155761805324,0.00020055833666395267
lab004,F1,2026-04-14 05:15:06,COLD->OFF,COLD,OFF,-0.006593724054283619,5.066535080779661e-07,0.020806804775794482,0.00019836539936682283
lab004,F1,2026-04-14 05:16:08,OFF->COLD,OFF,COLD,-0.006591632072378159,5.459137075245861e-07,0.020806808490534626,0.00019666791684495936
lab004,F1,2026-04-14 05:17:20,COLD->OFF,COLD,OFF,1.0808573178212476e-05,5.135100796262352e-07,0.00020517078482417176,0.00019444951330096005
lab004,F1,2026-04-14 06:53:22,OFF->COLD,OFF,COLD,2.6955467319588465e-05,-9.022866708602046e-05,0.0007140957081791168,0.0007004870060914912
lab004,F1,2026-04-14 06:54:34,OFF->COLD,OFF,COLD,6.404261191736101e-05,-9.645611237586889e-05,0.0007223914053547933,0.0006750665876372381
lab004,F1,2026-04-14 06:55:46,OFF->COLD,OFF,COLD,9.665242057689636e-05,-8.317032229828229e-05,0.0007307176289226524,0.0006516681653011392
lab004,F1,2026-04-14 06:57:16,OFF->COLD,OFF,COLD,0.00015900478843537235,-8.044145348672438e-05,0.0007386116448819962,0.0005981637472871169
lab004,F1,2026-04-14 06:58:36,COLD->OFF,COLD,OFF,0.0001810016205429164,-7.663715181455879e-05,0.0007443185506844249,0.0005785416579699551
lab004,F1,2026-04-14 07:01:01,COLD->OFF,COLD,OFF,0.00021764460975160567,-2.6355237242331426e-05,0.0007513374565147474,0.000541348766439018
lab004,F1,2026-04-14 07:02:03,COLD->OFF,COLD,OFF,0.00023414244298242907,-9.930609611094712e-06,0.0007531887684986949,0.0005226276618708683
lab004,F1,2026-04-14 07:03:12,OFF->COLD,OFF,COLD,0.00017545805371100545,1.6238019898761583e-05,0.0007266005003130022,0.0005460205117707455
lab004,F1,2026-04-14 08:43:27,OFF->COLD,OFF,COLD,-0.0680127886461476,0.005807005296648296,0.030954726495635864,0.08750202075334675
lab004,F1,2026-04-14 08:44:33,OFF->COLD,OFF,COLD,-0.07527885732470395,0.0058816824157782305,0.027727610670107636,0.09637326349894472
lab004,F1,2026-04-14 08:45:39,OFF->COLD,OFF,COLD,-0.10277021245482165,0.005909999378074989,0.023839014742460737,0.09259992362308064
lab004,F1,2026-04-14 08:46:44,COLD->OFF,COLD,OFF,-0.10792870531552712,0.005880212335845152,0.021384984881100133,0.10305162309181415
lab004,F1,2026-04-14 08:49:09,COLD->OFF,COLD,OFF,-0.15036664168298547,0.005499251199223601,0.09734504009678707,0.12779215189967078
lab004,F1,2026-04-14 08:50:32,COLD->OFF,COLD,OFF,-0.1320361974274765,0.005129613520744861,0.062272098225591176,0.13188565175656847
lab004,F1,2026-04-14 08:51:34,COLD->OFF,COLD,OFF,-0.1313350215877236,0.004745898159196418,0.06663160109504926,0.14048963739602455
lab004,F1,2026-04-14 09:48:18,OFF->COLD,OFF,COLD,-0.39226051968994247,0.03482082981773867,0.18343686914703317,0.32952462602341703
lab004,F1,2026-04-14 09:51:32,COLD->OFF,COLD,OFF,0.05050711067102596,0.033791957355683494,0.26671431165577514,0.24553093057660694
lab004,F1,2026-04-14 09:52:37,COLD->OFF,COLD,OFF,0.1625846364136932,0.032804335813885775,0.28070287221553714,0.17749928331646114
lab004,F1,2026-04-14 09:53:53,OFF->COLD,OFF,COLD,0.24469050284707553,0.03117786328278547,0.30073945806595087,0.11386410292604009
lab004,F1,2026-04-14 10:16:38,OFF->COLD,OFF,COLD,-0.11640859734135768,-0.0009213563046839533,0.050961549445002405,0.14886173479263778
lab004,F1,2026-04-14 10:17:40,OFF->COLD,OFF,COLD,-0.08609407768929145,-0.0017986809680858307,0.07570849808806276,0.142556072221611
lab004,F1,2026-04-14 10:18:42,OFF->COLD,OFF,COLD,-0.06234736900448401,-0.0027009946503030145,0.093308480817494,0.13671808790357912
lab004,F1,2026-04-14 10:21:56,COLD->OFF,COLD,OFF,0.08537214597061298,-0.005699346300120332,0.12061007313964,0.13576965892111895
lab004,F1,2026-04-14 10:40:15,OFF->COLD,OFF,COLD,-0.14298545533206292,-0.02353397405245571,0.12160009700160605,0.04881550193249831
lab004,F1,2026-04-14 10:42:43,OFF->COLD,OFF,COLD,-0.0694666287530725,-0.02717015475417754,0.06741928869515186,0.04101023113648541
lab004,F1,2026-04-14 10:43:49,OFF->COLD,OFF,COLD,-0.07320489752376627,-0.028380872628137238,0.09653747374526962,0.037738144712594686
lab004,F1,2026-04-14 10:44:51,COLD->OFF,COLD,OFF,-0.057718178213720425,-0.029243406516676687,0.09515221055985433,0.03499778909963094
lab004,F1,2026-04-14 10:46:28,COLD->OFF,COLD,OFF,-0.03989880639518832,-0.030116675259696017,0.10279240477713202,0.03040949054598688
lab004,F1,2026-04-14 10:47:40,COLD->OFF,COLD,OFF,-0.014551254974279284,-0.030201256490225613,0.0735166964340437,0.026766182626076277
lab004,F1,2026-04-14 10:48:53,COLD->OFF,COLD,OFF,0.011143488150107166,-0.02995266732056892,0.05521079261216947,0.02486160615227295
lab004,F1,2026-04-14 11:05:56,OFF->COLD,OFF,COLD,0.014639488049207137,-0.004905495908192101,0.012902982862442826,0.003763409269971
lab004,F1,2026-04-14 11:06:58,OFF->COLD,OFF,COLD,0.013694893532799002,-0.002426298665423522,0.011202743934589232,0.004275778405044364
lab004,F1,2026-04-14 11:10:50,COLD->OFF,COLD,OFF,-0.011306052113432219,0.007935624098522838,0.04656080288703051,0.006114706424219689
lab005,F2,2026-04-08 05:34:31,OFF->COLD,OFF,COLD,0.031199759785739366,0.010056186337186718,0.3982361997466725,0.4982055040431436
lab005,F2,2026-04-08 05:36:21,OFF->COLD,OFF,COLD,-0.6166880607336283,0.015929416072459013,0.42901138327444155,0.5408677583786364
lab005,F2,2026-04-08 05:41:49,OFF->COLD,OFF,COLD,-0.429224411162639,0.029788099178237284,0.35891107385263826,0.41372654473011156
lab005,F2,2026-04-08 05:56:41,OFF->COLD,OFF,COLD,0.22874853219365096,0.031029511050448908,0.3129125616499414,0.3943076183537746
lab005,F2,2026-04-08 06:02:37,OFF->COLD,OFF,COLD,0.047454493499365535,0.034933473157434135,0.4042114671301392,0.45978848076867174
lab005,F2,2026-04-08 06:03:52,OFF->COLD,OFF,COLD,-0.028422900705328047,0.03604801414615011,0.4026818747207064,0.5153024249078343
lab005,F2,2026-04-08 06:12:15,OFF->COLD,OFF,COLD,-1.4296705634380449,0.044782861772369204,0.48689031927700893,1.1322211938463467
lab005,F2,2026-04-08 07:09:14,OFF->COLD,OFF,COLD,-0.37175981083605547,0.04858396301122738,0.373089702918594,0.47129757199566497
lab005,F2,2026-04-08 07:10:36,OFF->COLD,OFF,COLD,-0.47701053470539473,0.05120874129606587,0.38375780899644996,0.45624101964666436
lab005,F2,2026-04-08 07:11:52,OFF->COLD,OFF,COLD,-0.49957239445983137,0.052733273007151915,0.3177168433184021,0.435586516960198
lab005,F2,2026-04-08 07:39:40,OFF->COLD,OFF,COLD,-1.3790070433706172,0.017085628205328093,0.588439296306161,1.1679138225463477
lab005,F2,2026-04-08 07:41:03,OFF->COLD,OFF,COLD,-1.5015952758218691,0.016747308376621105,0.5095019693431343,1.2276562221222378
lab005,F2,2026-04-08 07:42:14,OFF->COLD,OFF,COLD,-1.6405694436378067,0.015842725753156553,0.528928952952972,1.2931571351699616
lab005,F2,2026-04-08 07:43:20,OFF->COLD,OFF,COLD,-1.5893764258097047,0.014327810710954118,0.46261878820728325,1.2822661304152796
lab005,F2,2026-04-08 08:24:37,OFF->COLD,OFF,COLD,4.570655877881142,-0.030452706701191795,0.9732082182561874,11.335857241414361
lab005,F2,2026-04-08 08:25:56,OFF->COLD,OFF,COLD,4.814416113515125,-0.0017207709433746388,0.9973034051546251,11.15646356602455
lab005,F2,2026-04-08 09:19:01,OFF->COLD,OFF,COLD,0.7581835315666968,-0.36186386424407946,0.270337809410394,1.0049739083682154
lab005,F2,2026-04-08 09:20:54,OFF->COLD,OFF,COLD,0.7097518767853263,-0.3548143259254527,0.35100070584538157,1.0237087947499979
lab005,F2,2026-04-08 09:31:20,OFF->COLD,OFF,COLD,-0.5209968251133873,-0.20640425917366445,0.9034115309303933,0.5930543933867958
lab005,F2,2026-04-08 09:35:57,OFF->COLD,OFF,COLD,-0.9927294032825693,-0.11706943680957468,1.0503241421100544,0.30664902896748436
lab005,F2,2026-04-08 09:38:21,OFF->COLD,OFF,COLD,-0.9462037478498582,-0.07125394627177817,0.9263416010010839,0.31861871339225983
lab005,F2,2026-04-08 09:39:46,OFF->COLD,OFF,COLD,-0.6443577840109584,-0.04627393261883089,0.8274275310868193,0.37165121003017376
lab005,F2,2026-04-08 09:40:55,OFF->COLD,OFF,COLD,-0.4176511931314932,-0.029985227362652633,0.7543956745650479,0.3557742645111185
lab005,F2,2026-04-08 09:46:30,OFF->COLD,OFF,COLD,-0.24960310481678913,0.04873929583918302,0.2607394580889186,0.5056894514861896
lab005,F2,2026-04-08 09:47:52,OFF->COLD,OFF,COLD,-0.11143455076823036,0.06351674077136121,0.3169569686850273,0.5831520562338147
lab005,F2,2026-04-08 09:49:01,OFF->COLD,OFF,COLD,-0.42087180346320247,0.07576131975268241,0.2701397455920268,0.5870826459200766
lab005,F2,2026-04-08 09:50:13,OFF->COLD,OFF,COLD,-0.3223998578797915,0.08585677464580127,0.31334942991579445,0.5369235699594824
lab005,F2,2026-04-08 10:03:16,OFF->COLD,OFF,COLD,0.5867102391499535,0.1233431811490705,0.5578222715904411,0.26212706896171806
lab005,F2,2026-04-08 10:12:13,OFF->COLD,OFF,COLD,0.1429520694754638,0.11381961080195965,0.31974935618228645,0.3751096268810836
lab005,F2,2026-04-08 10:22:01,OFF->COLD,OFF,COLD,-0.22916404514336258,0.09489850951912082,0.2630986579785439,0.4167377055707456
lab005,F2,2026-04-08 10:23:34,OFF->COLD,OFF,COLD,-0.4990767479021839,0.09339437444726215,0.4314884251524488,0.4434335177568317
lab005,F2,2026-04-08 10:36:34,OFF->COLD,OFF,COLD,0.3908577264788642,0.0539477657768975,0.41868794908522494,0.392571284195244
lab005,F2,2026-04-08 10:48:32,OFF->COLD,OFF,COLD,-0.7716585817290911,0.014567563724984467,0.39548686752217765,0.791946979165043
lab005,F2,2026-04-08 10:49:33,OFF->COLD,OFF,COLD,-0.9203224716569937,0.011844065223181821,0.3927085149739974,0.8685908955121143
lab005,F2,2026-04-08 10:51:09,OFF->COLD,OFF,COLD,-1.1439427307830823,0.009512471888818652,0.42195102748015895,0.9869035300795994
lab005,F2,2026-04-08 10:52:14,COLD->OFF,COLD,OFF,-1.1720428164861418,0.006649513954677555,0.42310230642427443,0.9848736926564093
lab005,F2,2026-04-08 11:18:30,OFF->COLD,OFF,COLD,-0.5525208747065957,-0.06659325491372847,0.5734885100287225,0.45934727917690854
lab005,F2,2026-04-08 11:20:13,OFF->COLD,OFF,COLD,-0.6945056221043995,-0.0608347158651629,0.6304337025921153,0.35078169327936576
lab005,F2,2026-04-08 11:21:25,OFF->COLD,OFF,COLD,-0.7264269321771277,-0.05660020245084514,0.5217232279695712,0.43352287641547127
lab005,F2,2026-04-08 11:22:31,OFF->COLD,OFF,COLD,-0.6809403565811785,-0.052070905714944084,0.5366061415736225,0.4481478893399782
lab005,F2,2026-04-08 11:23:36,COLD->OFF,COLD,OFF,-0.7084318519137522,-0.047502709314033706,0.5132663356815451,0.5423524417187872
lab005,F2,2026-04-08 11:40:42,OFF->COLD,OFF,COLD,-0.42296382413596517,-0.009593901033005454,0.5839739049579693,0.4046112187372549
lab005,F2,2026-04-08 11:42:18,OFF->COLD,OFF,COLD,-0.37508185909462033,-0.007209564489015288,0.4536518977196478,0.41576871425319567
lab005,F2,2026-04-08 11:43:50,OFF->COLD,OFF,COLD,-0.2176897909081971,-0.005654952843217306,0.5757654691569198,0.5232009055982082
lab005,F2,2026-04-08 11:59:17,OFF->COLD,OFF,COLD,-0.11876733003521578,0.012683529250700508,0.8879458905565811,1.0405085149939526
lab005,F2,2026-04-08 12:00:19,COLD->OFF,COLD,OFF,-0.3895706381082997,0.017263425634702047,0.8963373478336395,1.1705844200037128
lab005,F2,2026-04-08 12:05:13,OFF->COLD,OFF,COLD,-1.4395420780241563,0.0421557061492134,0.7037810012600764,1.495121036423501
lab005,F2,2026-04-08 12:06:28,OFF->COLD,OFF,COLD,-2.002000742328363,0.048066867345920625,0.9541973924887854,1.3420601478462226
lab005,F2,2026-04-08 12:38:42,OFF->COLD,OFF,COLD,3.267746802251864,0.003575904120422635,6.913990696573827,1.4503210896691014
lab005,F2,2026-04-08 12:51:15,OFF->COLD,OFF,COLD,-0.30144694627041635,-0.09253292093118795,1.0538942627400172,0.8473189410966498
lab005,F2,2026-04-08 12:53:22,OFF->COLD,OFF,COLD,-0.09780853184534222,-0.08868649865369543,0.888796182427112,0.9034835489953423
lab005,F2,2026-04-08 12:57:31,OFF->COLD,OFF,COLD,-0.807375570999193,-0.06796259421179833,0.7110055337379836,0.6799432875257884
lab005,F2,2026-04-08 12:59:21,OFF->COLD,OFF,COLD,-1.066589705427071,-0.05574394618459007,0.9165368108371029,0.8038906038067454
lab005,F2,2026-04-08 13:01:21,OFF->COLD,OFF,COLD,-1.1083492187969601,-0.04131685381359152,0.8840441373668763,0.7787449697463291
lab005,F2,2026-04-08 13:02:43,OFF->COLD,OFF,COLD,-0.8957822155113431,-0.03187402722504906,0.7958025124877427,0.600203969349133
lab005,F2,2026-04-08 13:24:27,OFF->COLD,OFF,COLD,-0.6122675954921728,0.05048780456144683,0.6073947591486,0.3775644932739073
lab005,F2,2026-04-08 13:25:28,COLD->OFF,COLD,OFF,-0.5724060234707056,0.05197680537328236,0.4384482449784698,0.5053102114707182
lab005,F2,2026-04-08 13:26:30,COLD->OFF,COLD,OFF,-0.5679603583894197,0.052961903014969995,0.4036009990458131,0.5456050125585339
lab005,F2,2026-04-08 13:39:57,OFF->COLD,OFF,COLD,0.5698000137658775,0.02657925173137432,0.5644681613207057,0.4437423932396063
lab005,F2,2026-04-08 13:42:45,OFF->COLD,OFF,COLD,0.14931227763404065,0.019039495901882298,0.6426872260328987,0.31363490792620125
lab005,F2,2026-04-08 13:44:17,OFF->COLD,OFF,COLD,-0.12511731719118302,0.015195814754154213,0.6326474235840753,0.3654517225928781
lab005,F2,2026-04-08 13:50:27,OFF->COLD,OFF,COLD,-0.02634859285262897,0.006101383453847295,0.5897337575981147,0.40059062535058365
lab005,F2,2026-04-08 13:51:59,OFF->COLD,OFF,COLD,0.04593718102589843,0.0047051465955355795,0.3509264095333363,0.3870050329722713
lab005,F2,2026-04-08 13:54:26,OFF->COLD,OFF,COLD,0.2599344038563478,0.003142905003258714,0.3123852842294822,0.37678788885180714
lab005,F2,2026-04-08 13:56:43,OFF->COLD,OFF,COLD,-0.20855391774450227,0.002628592978380334,0.39072159891116237,0.45336386579011595
lab005,F2,2026-04-08 13:57:44,OFF->COLD,OFF,COLD,-0.2708185815505807,0.002556658883412763,0.379764481555323,0.5348837889712925
lab005,F2,2026-04-08 13:59:27,OFF->COLD,OFF,COLD,-0.5221283161022303,0.0024257807446268487,0.39231969242488046,0.7978036953796451
lab005,F2,2026-04-08 14:05:06,OFF->COLD,OFF,COLD,-0.8956960024399612,0.0006225176797533608,0.3298903187429455,1.0381510600205868
lab005,F2,2026-04-08 14:28:12,OFF->COLD,OFF,COLD,-0.2550265751561872,-0.035805789038989566,0.5075237600895561,0.5068132831083358
lab005,F2,2026-04-08 14:29:13,OFF->COLD,OFF,COLD,-0.3335635698715752,-0.0323743808458099,0.5328636724086716,0.44999103343233177
lab005,F2,2026-04-08 14:30:29,COLD->OFF,COLD,OFF,-0.5909544467703293,-0.027373504829220963,0.7527406020581224,0.3580777337695976
lab005,F2,2026-04-08 14:57:17,OFF->COLD,OFF,COLD,-0.9410381991597898,-0.016804360881759094,0.9236116470892753,1.8325098777272824
lab005,F2,2026-04-08 14:58:29,COLD->OFF,COLD,OFF,-1.3647378360533058,-0.023454628535568567,0.6706956237624796,1.962229740054176
lab005,F2,2026-04-08 15:27:34,OFF->COLD,OFF,COLD,-2.4063384873223224,0.09911571027930019,8.284490854917216,5.579436532287683
lab005,F2,2026-04-08 15:39:54,OFF->COLD,OFF,COLD,-2.0873143372934324,0.4300074857003665,2.7294730487799845,2.9174134406489496
lab005,F2,2026-04-08 15:47:39,OFF->COLD,OFF,COLD,1.5243036545789526,0.28968316725907906,2.986470698915631,1.6217497496195465
lab005,F2,2026-04-08 15:48:47,OFF->COLD,OFF,COLD,1.6131543841371647,0.2524931600808564,2.9676735593692465,1.447221150469052
lab005,F2,2026-04-08 15:52:27,OFF->COLD,OFF,COLD,1.830565381636231,0.1259604450604035,2.781445467199971,0.9237539701633475
lab005,F2,2026-04-08 15:54:47,OFF->COLD,OFF,COLD,1.3040779071588227,0.04572365096786957,2.4147083945336116,1.020637474077424
lab005,F2,2026-04-08 15:56:03,OFF->COLD,OFF,COLD,1.0150238482627094,0.0066747280180868285,2.1603125922649733,1.0200927141508163
lab005,F2,2026-04-08 15:59:01,OFF->COLD,OFF,COLD,0.7464975021844241,-0.08930957582286703,1.5620623341501407,0.881438335402249
lab005,F2,2026-04-08 16:08:49,OFF->COLD,OFF,COLD,1.3122518970103136,-0.2979445943768735,0.9118251208699688,0.5799270121664643
lab005,F2,2026-04-08 16:10:56,OFF->COLD,OFF,COLD,1.0545205922740444,-0.3227739315334448,0.833315002249329,0.5479037021882951
lab005,F2,2026-04-08 16:26:58,OFF->COLD,OFF,COLD,-0.9622671933927909,-0.21523257046794447,0.8327320686099782,0.8228169065696678
lab005,F2,2026-04-08 16:28:00,COLD->OFF,COLD,OFF,-1.0067339308605836,-0.19838227709340558,0.8177430151283329,0.8396843775109438
lab005,F2,2026-04-08 16:30:37,OFF->COLD,OFF,COLD,-1.2546206525223285,-0.15772029241283825,0.8804629342269481,0.7169597628433136
lab005,F2,2026-04-08 16:32:06,OFF->COLD,OFF,COLD,-1.3168668956789453,-0.13151643511003552,0.8782846939589296,0.6625026061331752
lab005,F2,2026-04-08 16:57:29,OFF->COLD,OFF,COLD,-0.161176417120535,0.10641784086174388,0.7005291139784309,0.5562357896852544
lab005,F2,2026-04-08 16:58:38,OFF->COLD,OFF,COLD,-0.3209328412516081,0.1159537321246516,0.7911702593222026,0.7148204462283629
lab005,F2,2026-04-08 17:07:18,OFF->COLD,OFF,COLD,-1.0484169728783574,0.1731260808782439,0.7189090415734627,0.6365311605350467
lab005,F2,2026-04-08 17:25:50,OFF->COLD,OFF,COLD,-0.7756070145415318,0.10833113129059946,0.2270363823163105,0.998627574091665
lab005,F2,2026-04-08 17:27:02,OFF->COLD,OFF,COLD,-0.9668583928612378,0.10101478719116219,0.22602388431918652,1.027650235111106
lab005,F2,2026-04-08 17:28:10,COLD->OFF,COLD,OFF,-0.8400807374444373,0.09212804996318534,0.19060679654397505,0.9732172171974558
lab005,F2,2026-04-08 17:45:14,OFF->COLD,OFF,COLD,2.183566415905763,-0.09290813393027707,0.9636759768355263,1.5267117273445192
lab005,F2,2026-04-08 17:46:23,OFF->COLD,OFF,COLD,2.2156035493119792,-0.09986606670285755,1.013718127143914,1.3086151654947813
lab005,F2,2026-04-08 17:47:34,OFF->COLD,OFF,COLD,1.4076752788061686,-0.1044638901725417,1.7470572749387756,1.2690160276657025
lab005,F2,2026-04-08 17:59:33,OFF->COLD,OFF,COLD,-0.9797664252867339,-0.056978839132569625,1.0269221362104062,0.26867552542907325
lab005,F2,2026-04-08 18:00:34,COLD->OFF,COLD,OFF,-1.0083695401540136,-0.04985957487645187,0.9080345058594499,0.35698100559689405
lab005,F2,2026-04-08 18:01:36,COLD->OFF,COLD,OFF,-0.8788529929659608,-0.0411107649257751,0.7576517091093398,0.3757639097431669
lab005,F2,2026-04-08 18:21:34,OFF->COLD,OFF,COLD,-0.28310066839224723,0.023398608630821726,0.3383329636022119,0.4039426348613807
lab005,F2,2026-04-08 18:22:39,OFF->COLD,OFF,COLD,-0.4526160126354991,0.02464156724301905,0.37607377184702817,0.3891248826159115
lab005,F2,2026-04-08 18:25:02,OFF->COLD,OFF,COLD,-0.19489209427497425,0.026108728760824287,0.18707767541587259,0.37542315187966663
lab005,F2,2026-04-08 18:27:05,OFF->COLD,OFF,COLD,-0.1250698611668417,0.025936281321487266,0.20508951584707935,0.3953971128945556
lab005,F2,2026-04-08 18:29:36,OFF->COLD,OFF,COLD,-0.17533058678181757,0.025259834396995015,0.22788266184131267,0.606228994217289
lab005,F2,2026-04-08 18:38:19,OFF->COLD,OFF,COLD,-0.27696679935576507,0.014595525769095022,0.3936553634268054,0.5458888865926166
lab005,F2,2026-04-08 18:39:21,OFF->COLD,OFF,COLD,-0.31069473059963626,0.012711580790831789,0.38481984743834236,0.550477534898737
lab005,F2,2026-04-08 18:52:32,OFF->COLD,OFF,COLD,-0.17878535282048064,-0.018370711819262024,0.23155361880057473,0.7124464794025185
lab005,F2,2026-04-08 18:56:01,OFF->COLD,OFF,COLD,-0.6326374968667657,-0.02402664012441402,0.4545760290234573,0.6353148903108826
lab005,F2,2026-04-08 18:57:06,COLD->OFF,COLD,OFF,-0.6423139561731981,-0.025260869373260244,0.3680313643700735,0.6708158243374774
lab005,F2,2026-04-08 19:14:15,OFF->COLD,OFF,COLD,-0.04247337746156035,-0.04238916710662135,0.4650845829719028,0.5006090790769301
lab005,F2,2026-04-08 19:15:34,OFF->COLD,OFF,COLD,-0.0705618475293967,-0.039983287120462126,0.44328328296142766,0.4945635349791902
lab005,F2,2026-04-08 19:21:23,OFF->COLD,OFF,COLD,-0.3927793196459673,-0.022416893572922092,0.4922033965963778,0.3504346086074392
lab005,F2,2026-04-08 19:22:55,OFF->COLD,OFF,COLD,-0.5477728682075951,-0.017054803127596503,0.5496671879809131,0.3496788821113479
lab005,F2,2026-04-08 19:33:52,OFF->COLD,OFF,COLD,0.18634781377907517,0.014660753489683917,0.3496788821113479,0.4376720677334877
lab005,F2,2026-04-08 19:35:07,OFF->COLD,OFF,COLD,-0.12989274263167871,0.016643208290983043,0.252683320477678,0.35213408892004716
lab005,F2,2026-04-08 19:47:57,OFF->COLD,OFF,COLD,-0.7079006574521678,0.028673672981140715,0.38087878517027424,0.9577958072956428
lab005,F2,2026-04-08 19:49:06,OFF->COLD,OFF,COLD,-0.8698965781941794,0.029406462151635716,0.3906523744933763,0.8229359799546626
lab005,F2,2026-04-08 19:50:14,COLD->OFF,COLD,OFF,-1.134123070257127,0.029970769396586938,0.4556655142879717,0.8144369509359779
lab005,F2,2026-04-08 20:15:58,OFF->COLD,OFF,COLD,-0.924155360234395,-0.012165350770449201,0.6061044050155574,0.5027785638071893
lab005,F2,2026-04-08 20:17:06,OFF->COLD,OFF,COLD,-0.7760768570206679,-0.009771705017755216,0.5757265923950716,0.46057093815817635
lab005,F2,2026-04-08 20:18:08,COLD->OFF,COLD,OFF,-0.7580852773569324,-0.007713790331050951,0.5639344026228141,0.46072598182948077
lab005,F2,2026-04-08 20:39:14,OFF->COLD,OFF,COLD,-0.20794061095117602,0.0034666327139273537,0.3564555174503886,0.5217474214005603
lab005,F2,2026-04-08 20:40:22,OFF->COLD,OFF,COLD,-0.02822951879375655,0.004143830079167543,0.3465232869815648,0.5485576715379327
lab005,F2,2026-04-08 20:43:58,OFF->COLD,OFF,COLD,-0.645121121958082,0.007039808019141524,0.44687309734503816,0.5307460634236908
lab005,F2,2026-04-08 20:45:37,OFF->COLD,OFF,COLD,-0.6974294656559714,0.008497067193246721,0.422612543934811,0.5979635078604105
lab005,F2,2026-04-08 20:46:38,COLD->OFF,COLD,OFF,-0.7492754042271385,0.009144312489093842,0.44389096014265206,0.5973605190797489
lab005,F2,2026-04-08 21:06:12,OFF->COLD,OFF,COLD,-0.20551140207192609,-0.004667058200418594,0.305490298538942,0.45307657778384636
lab005,F2,2026-04-08 21:07:38,OFF->COLD,OFF,COLD,-0.2533951617652015,-0.00456762761173497,0.4378414478921594,0.4807436981715105
lab005,F2,2026-04-08 21:24:07,OFF->COLD,OFF,COLD,-0.918631562232625,0.010972797842154236,0.42484118999544623,0.8126996950890818
lab005,F2,2026-04-08 21:25:25,OFF->COLD,OFF,COLD,-0.8862522067155019,0.013210095323274728,0.41596730893277717,0.772163135308082
lab005,F2,2026-04-08 21:26:27,OFF->COLD,OFF,COLD,-1.150089278024593,0.015048766283531023,0.6020224809217923,0.7289617755355651
lab005,F2,2026-04-08 21:27:32,COLD->OFF,COLD,OFF,-1.059010399665394,0.016363905109311183,0.5847172254897196,0.7232208984395605
lab005,F2,2026-04-08 21:57:19,OFF->COLD,OFF,COLD,-1.875377253688081,0.026788818501440482,0.7754739310305012,1.4486163413935857
lab005,F2,2026-04-08 21:58:27,COLD->OFF,COLD,OFF,-2.021763265905473,0.030526679317813252,0.8091729541043832,1.394746476991034
lab005,F2,2026-04-08 22:44:36,OFF->COLD,OFF,COLD,-0.8596977576854842,0.020362525280320655,0.4597404040251666,0.5557267981108207
lab005,F2,2026-04-08 22:45:44,COLD->OFF,COLD,OFF,-0.9049459260561632,0.024815800173471736,0.4386317967541562,0.5978788807937482
lab005,F2,2026-04-08 23:01:21,OFF->COLD,OFF,COLD,0.0803332551926303,0.030793185518749586,0.3820419485996418,0.3642705069464071
lab005,F2,2026-04-08 23:02:23,OFF->COLD,OFF,COLD,0.1616453605567191,0.02900491415252606,0.3880930043954307,0.3890027105173238
lab005,F2,2026-04-08 23:03:28,OFF->COLD,OFF,COLD,0.30440185315566115,0.026901623260097728,0.4392076847080009,0.30610373677099495
lab005,F2,2026-04-08 23:04:30,OFF->COLD,OFF,COLD,0.3267695323121396,0.02529588014981954,0.4433497105327676,0.30097296941667984
lab005,F2,2026-04-08 23:09:48,OFF->COLD,OFF,COLD,0.06814617903242617,0.01813901532885769,0.33123039046131086,0.5046544139899515
lab005,F2,2026-04-08 23:12:35,OFF->COLD,OFF,COLD,0.18110155654550047,0.015606877414435694,0.2637296628017542,0.38203714272357203
lab005,F2,2026-04-08 23:26:30,OFF->COLD,OFF,COLD,0.3018509232222565,0.01723977104563392,0.36434126721751325,0.5875051310796369
lab005,F2,2026-04-08 23:30:06,OFF->COLD,OFF,COLD,-0.2035602270499638,0.025014845955421274,0.5310705985853882,0.35393322078832024
lab005,F2,2026-04-08 23:38:50,OFF->COLD,OFF,COLD,-1.6370820275195017,0.04401316174876175,0.4944601749140073,1.3478861987981319
lab005,F2,2026-04-08 23:40:02,COLD->OFF,COLD,OFF,-1.4833388030301422,0.04420373209874651,0.41021638856600023,1.2867720570816907
lab005,F2,2026-04-09 00:31:02,OFF->COLD,OFF,COLD,-0.37931863647214603,0.0199508487601765,0.32344814206615824,0.34340139615080983
lab005,F2,2026-04-09 00:34:38,OFF->COLD,OFF,COLD,-0.24009966430030721,0.02743816370556012,0.32629351051738903,0.40369397173127053
lab005,F2,2026-04-09 00:40:26,OFF->COLD,OFF,COLD,-0.035354844302336555,0.030812286419564926,0.26572448096045037,0.27659754564421984
lab005,F2,2026-04-09 00:41:48,OFF->COLD,OFF,COLD,0.26697725200823186,0.030114759778056308,0.3375336368241606,0.26710030293236
lab005,F2,2026-04-09 00:43:00,OFF->COLD,OFF,COLD,0.4546187161433156,0.029179946965124513,0.3533513388187331,0.3202187587924659
lab005,F2,2026-04-09 00:47:03,OFF->COLD,OFF,COLD,0.2133842636749977,0.025156067898954682,0.29835408293563004,0.3149421326842476
lab005,F2,2026-04-09 00:48:25,OFF->COLD,OFF,COLD,0.3258126957788896,0.023400547121237382,0.330104120722827,0.33270733709339806
lab005,F2,2026-04-09 00:51:47,OFF->COLD,OFF,COLD,-0.12898518178789703,0.01930375470277248,0.2660192036192607,0.35087336463737295
lab005,F2,2026-04-09 00:59:43,OFF->COLD,OFF,COLD,0.02219196412934607,0.013107659822781947,0.3167325851772586,0.30944091259199075
lab005,F2,2026-04-09 01:08:54,OFF->COLD,OFF,COLD,0.2827387936595921,0.0140477224363325,0.41643132596073923,0.5227833435259556
lab005,F2,2026-04-09 01:12:53,OFF->COLD,OFF,COLD,0.004460092050577902,0.018609811191124415,0.4554393756562633,0.4284394877897622
lab005,F2,2026-04-09 01:20:15,OFF->COLD,OFF,COLD,-0.018863995820475488,0.03361138055573232,0.40395811466524434,0.670227976333078
lab005,F2,2026-04-09 01:23:16,OFF->COLD,OFF,COLD,-0.5825091993127952,0.042144392549203144,0.5001763229994256,0.9466034242512306
lab005,F2,2026-04-09 01:25:06,OFF->COLD,OFF,COLD,-0.9633019673863122,0.047035897285541854,0.44686031128485365,1.0884344585746821
lab005,F2,2026-04-09 01:26:59,OFF->COLD,OFF,COLD,-1.9449581549076909,0.05111546564377871,0.6853113599335154,1.4728570093663145
lab005,F2,2026-04-09 01:28:17,OFF->COLD,OFF,COLD,-1.6944078718465692,0.05287555874063407,0.615293926024877,1.2366032028765812
lab005,F2,2026-04-09 02:46:17,OFF->COLD,OFF,COLD,-0.5067505073257893,0.05269032589246283,0.32561168900408355,0.8103611124895861
lab005,F2,2026-04-09 02:48:16,OFF->COLD,OFF,COLD,-0.8463675710924992,0.05472595938070804,0.3180297352482531,0.7724285503271926
lab005,F2,2026-04-09 03:52:43,OFF->COLD,OFF,COLD,-0.22749445990256179,0.004199748103570752,0.2911351233247328,0.3060869366920684
lab005,F2,2026-04-09 03:53:55,OFF->COLD,OFF,COLD,-0.16517931714282455,0.005428943549339493,0.19129764677791347,0.26828135983656204
lab005,F2,2026-04-09 04:05:43,OFF->COLD,OFF,COLD,0.09088898092962266,0.011074973105720965,0.23247050784343976,0.2699510297817096
lab005,F2,2026-04-09 04:08:00,OFF->COLD,OFF,COLD,-0.04056227092025697,0.01173483752676727,0.18867625051864506,0.22675169854175956
lab005,F2,2026-04-09 04:11:15,OFF->COLD,OFF,COLD,-0.11442829350370368,0.012781185437884446,0.247154041216779,0.28969288427117906
lab005,F2,2026-04-09 04:13:53,OFF->COLD,OFF,COLD,-0.4228225758716657,0.01339563799715844,0.27798451881511804,0.41635380935402966
lab005,F2,2026-04-09 04:15:15,OFF->COLD,OFF,COLD,-0.3187343044185619,0.013691489870690533,0.26392366357327707,0.32655946604363234
lab005,F2,2026-04-09 04:33:55,OFF->COLD,OFF,COLD,0.07624492927513504,-0.006061837608357834,0.17212563747240564,0.2617118740342469
lab005,F2,2026-04-09 04:47:50,OFF->COLD,OFF,COLD,-0.3868220973493488,-0.004240393483487814,0.3678809434865644,0.36013953648736885
lab005,F2,2026-04-09 04:49:09,OFF->COLD,OFF,COLD,-0.2557213381303848,-0.0025987153271060494,0.3538012810620756,0.35295215898589344
lab005,F2,2026-04-09 05:10:54,OFF->COLD,OFF,COLD,-0.6763410073122897,0.017970059631778314,0.3024040941829763,0.5992090374002755
lab005,F2,2026-04-09 05:12:43,OFF->COLD,OFF,COLD,-0.5671007204853084,0.017570310226751575,0.35907595497183326,0.5131208007593959
lab005,F2,2026-04-09 05:54:48,OFF->COLD,OFF,COLD,-0.4091562532798513,0.013793624844375785,0.31934439653493046,0.4296966586021204
lab005,F2,2026-04-09 05:59:46,OFF->COLD,OFF,COLD,-0.40183175014029543,0.019819654491849727,0.30085601713939564,0.5014932815324009
lab005,F2,2026-04-09 06:34:49,OFF->COLD,OFF,COLD,-0.3024792136668655,0.018670399901645138,0.4589507492855052,0.6726984035437497
lab005,F2,2026-04-09 06:38:29,OFF->COLD,OFF,COLD,-1.1702302152886683,0.03444710700855236,0.6360752794374638,0.8109163917730984
lab005,F2,2026-04-09 06:39:37,OFF->COLD,OFF,COLD,-1.301608809456276,0.03885290626503987,0.637731950434899,0.8792886424348875
lab005,F2,2026-04-09 06:40:42,OFF->COLD,OFF,COLD,-1.3668451229357959,0.04213988309814702,0.594190595196045,0.9221134510525127
lab005,F2,2026-04-09 06:41:54,OFF->COLD,OFF,COLD,-1.1528587261071745,0.045316120170678785,0.4888634643411836,0.8277368071307482
lab005,F2,2026-04-09 08:05:50,OFF->COLD,OFF,COLD,-0.5879250805865237,0.03104651836288337,0.6459850245966429,0.4438293760816975
lab005,F2,2026-04-09 08:08:18,OFF->COLD,OFF,COLD,-0.798270668834165,0.038126267596958564,0.6272871395006239,0.4272460246759402
lab005,F2,2026-04-09 08:11:33,OFF->COLD,OFF,COLD,-1.2385819774407452,0.04603496414183894,0.5977545418315524,0.9015810224506425
lab005,F2,2026-04-09 08:14:14,OFF->COLD,OFF,COLD,-1.1698581819083815,0.04902531426032493,0.5339627011452173,1.0311029524145345
lab005,F2,2026-04-09 08:30:47,OFF->COLD,OFF,COLD,0.5276389861860085,-0.030364523087855484,0.9666130227901504,0.31482669194867136
lab005,F2,2026-04-09 08:41:11,OFF->COLD,OFF,COLD,-1.1001506066231517,-0.07198692106446813,0.282226900601513,1.2920414937557785
lab005,F2,2026-04-09 08:43:39,OFF->COLD,OFF,COLD,-0.8265335228150689,-0.08132872000272115,0.473372973984044,1.1737657793597738
lab005,F2,2026-04-09 08:44:47,OFF->COLD,OFF,COLD,-0.5252738132119705,-0.08644061030257522,0.6973575762118955,1.200938971058621
lab005,F2,2026-04-09 09:06:16,OFF->COLD,OFF,COLD,-9.570636576985665,0.02997079755304738,7.775541050422895,5.323748053967189
lab005,F2,2026-04-09 09:07:25,OFF->COLD,OFF,COLD,-9.454504587188993,0.05047333293959913,7.825466011282441,5.383911017303083
lab005,F2,2026-04-09 09:28:36,OFF->COLD,OFF,COLD,-7.780909485019242,0.00022949786375150993,18.339390442412267,6.413070849699702
lab005,F2,2026-04-09 09:30:26,OFF->COLD,OFF,COLD,-13.151121155953042,0.10172760967733811,17.635750164813334,4.729651151800921
lab005,F2,2026-04-09 09:48:56,OFF->COLD,OFF,COLD,2.156008333798165,0.33941070469695145,4.109945164105814,1.9657099891847416
lab005,F2,2026-04-09 09:55:03,OFF->COLD,OFF,COLD,1.4880924330946184,0.08571208806246722,2.846969584328636,1.3374776819518959
lab005,F2,2026-04-09 09:56:49,OFF->COLD,OFF,COLD,1.494716181832998,0.010573530559492617,2.565897483850371,1.0418981250172397
lab005,F2,2026-04-09 10:07:17,OFF->COLD,OFF,COLD,0.8643260222081204,-0.32770928468104094,1.039365571074413,0.5420133839356874
lab005,F2,2026-04-09 10:08:46,OFF->COLD,OFF,COLD,1.052639784598811,-0.356671304952156,0.9430513658074984,0.5179865312126853
lab005,F2,2026-04-09 10:22:39,OFF->COLD,OFF,COLD,-0.08706567783407604,-0.37441369481446096,1.0096706410169782,0.8706974915552712
lab005,F2,2026-04-09 10:44:15,OFF->COLD,OFF,COLD,-0.030420351221268793,0.04314204465565091,0.43058426924550663,0.4182918873402815
lab005,F2,2026-04-09 10:45:17,OFF->COLD,OFF,COLD,-0.36127681474263684,0.061110293645253555,0.5273400546909808,0.4328706554308259
lab005,F2,2026-04-09 10:47:21,OFF->COLD,OFF,COLD,-0.5714687055012153,0.08901877418035975,0.5278513690214414,0.44074459179063086
lab005,F2,2026-04-09 10:48:29,COLD->OFF,COLD,OFF,-0.5314551227081413,0.10302991092980757,0.5343196288161837,0.40175958580783167
lab005,F2,2026-04-09 11:06:39,OFF->COLD,OFF,COLD,-0.42405861569867503,0.1810905109672462,0.35300907450014823,0.5986202931531007
lab005,F2,2026-04-09 11:08:22,OFF->COLD,OFF,COLD,-0.7322309281702422,0.17668306104156847,0.3838364632659412,0.6183089320134345
lab005,F2,2026-04-09 11:28:56,OFF->COLD,OFF,COLD,-0.5381838459081133,0.04843893678190962,0.4552112247103419,0.5411962151981575
lab005,F2,2026-04-09 11:29:58,COLD->OFF,COLD,OFF,-0.6867511596677559,0.0435838058168522,0.30492849518224535,0.5416103986915277
lab005,F2,2026-04-09 11:58:29,OFF->COLD,OFF,COLD,-1.0375324070724692,-0.030369448624728075,0.6131953675683056,0.718514635465954
lab005,F2,2026-04-09 11:59:31,COLD->OFF,COLD,OFF,-1.157970956224644,-0.027034414849894967,0.6118912641180686,0.7442249851420984
lab005,F2,2026-04-09 12:00:43,COLD->OFF,COLD,OFF,-1.3030654872886016,-0.024043746108273284,0.5477286036598622,0.8563177878754706
lab005,F2,2026-04-09 12:31:50,OFF->COLD,OFF,COLD,-0.22429629609133883,-0.025216515963790265,0.39033665733883444,0.25998498115268
lab005,F2,2026-04-09 12:46:51,OFF->COLD,OFF,COLD,0.0814074778689367,0.006904719974103912,0.26303161289649307,0.560470812131276
lab005,F2,2026-04-09 12:51:47,OFF->COLD,OFF,COLD,-0.32501186466867493,0.015574885213392165,0.424463689354455,0.40805885071421427
lab005,F2,2026-04-09 12:53:02,OFF->COLD,OFF,COLD,-0.3889627034798783,0.017421775247863105,0.42651089320866775,0.4290086367755626
lab005,F2,2026-04-09 12:54:17,OFF->COLD,OFF,COLD,-0.4937993039220736,0.019277800745446962,0.36869098405923856,0.4009409983835051
lab005,F2,2026-04-09 13:16:25,OFF->COLD,OFF,COLD,-0.9204019378342116,0.018678142156881707,0.6821520070107531,1.1293597928781212
lab005,F2,2026-04-09 13:19:16,OFF->COLD,OFF,COLD,-1.49863909448844,0.026193766374279906,0.7997072839942838,1.0616036884835338
lab005,F2,2026-04-09 13:20:18,OFF->COLD,OFF,COLD,-1.6839388833835112,0.028340376232291575,0.8219721418066034,1.0526563636815054
lab005,F2,2026-04-09 14:02:05,OFF->COLD,OFF,COLD,-0.8838754292202194,-0.0005750314941856544,0.7620802798865504,0.5414693426013049
lab005,F2,2026-04-09 14:03:21,COLD->OFF,COLD,OFF,-0.8897692949127759,0.006607947640553568,0.7250017906820252,0.42523537870733613
lab005,F2,2026-04-09 14:20:43,OFF->COLD,OFF,COLD,-0.6787367849495823,0.018622172936917633,0.6159983983030256,1.2703727067172077
lab005,F2,2026-04-09 14:43:02,OFF->COLD,OFF,COLD,0.03460062260047875,-0.12172754170838634,0.37778643249088945,0.6419336581310351
lab005,F2,2026-04-09 14:44:03,COLD->OFF,COLD,OFF,0.17841455124192207,-0.12172494081742061,0.3774132542266402,0.6583730672926278
lab005,F2,2026-04-09 15:06:32,OFF->COLD,OFF,COLD,-9.167068593830322,0.31187605521531053,9.718951354525906,2.849765023125283
lab005,F2,2026-04-09 15:07:33,COLD->OFF,COLD,OFF,-9.074929689870583,0.3443742437188394,9.723390592842952,2.9066817018930227
lab005,F2,2026-04-09 15:21:24,OFF->COLD,OFF,COLD,1.5187377360883882,0.27973782688921633,3.1537292806326773,1.6566760960512719
lab005,F2,2026-04-09 15:30:46,OFF->COLD,OFF,COLD,1.0810530842816686,-0.042683983319518504,1.7617694197111395,0.8761275655467669
lab005,F2,2026-04-09 15:37:38,OFF->COLD,OFF,COLD,1.343841353428956,-0.2280429622205542,1.3424107298390766,0.20252972277393527
lab005,F2,2026-04-09 15:38:40,OFF->COLD,OFF,COLD,1.2679429766583536,-0.24788372307953332,1.2618578939404217,0.19911131394755927
lab005,F2,2026-04-09 15:39:42,COLD->OFF,COLD,OFF,1.1397942257135614,-0.2655845914316568,1.175633207332186,0.202450928623847
lab005,F2,2026-04-09 15:50:44,OFF->COLD,OFF,COLD,0.6974337912538552,-0.3281665642432964,0.202450928623847,0.8232812036902455
lab005,F2,2026-04-09 15:51:49,COLD->OFF,COLD,OFF,0.62684684159258,-0.32392172237484596,0.29632209883810534,0.9026649212423041
lab005,F2,2026-04-09 16:07:54,OFF->COLD,OFF,COLD,-1.1982099125757462,-0.0881229691530298,1.062013712929079,0.3290257308856836
lab005,F2,2026-04-09 16:21:03,OFF->COLD,OFF,COLD,-0.043406701528412486,0.08007483770091256,0.5396326729939565,0.2971842141512282
lab005,F2,2026-04-09 16:22:19,OFF->COLD,OFF,COLD,0.037562287476143125,0.09110065046390614,0.5573331958456381,0.24397564337465893
lab005,F2,2026-04-09 16:32:39,OFF->COLD,OFF,COLD,0.31646611950496306,0.13333085242160275,0.16914637397669233,0.482555781377388
lab005,F2,2026-04-09 16:34:02,OFF->COLD,OFF,COLD,0.36162037439121825,0.13492629982285714,0.16231323733884734,0.5715669863469633
lab005,F2,2026-04-09 16:37:52,OFF->COLD,OFF,COLD,0.40975863533151563,0.13730026190987044,0.23820192585534772,0.46361307910171984
lab005,F2,2026-04-09 16:39:07,OFF->COLD,OFF,COLD,-0.11621217310399425,0.1361366302450052,0.3225094466453015,0.5802930679302245
lab005,F2,2026-04-09 16:43:04,OFF->COLD,OFF,COLD,-1.0231031810683264,0.13491658515800628,0.5574897949048365,1.0218588070774242
lab005,F2,2026-04-09 16:45:45,OFF->COLD,OFF,COLD,-1.0391869298043772,0.13087617081653127,0.47043365472261545,0.8692488068466806
lab005,F2,2026-04-09 16:46:50,OFF->COLD,OFF,COLD,-1.0542973834726173,0.12775854615069282,0.4725115120317036,0.9076976012155559
lab005,F2,2026-04-09 17:08:41,OFF->COLD,OFF,COLD,-0.8484248783034523,0.0030160751784453765,0.33744392430351167,0.8591527515528536
lab005,F2,2026-04-09 17:09:46,COLD->OFF,COLD,OFF,-0.7328112932171786,-0.0013225959897843198,0.4078410359678257,0.7762338435842568
lab005,F2,2026-04-09 17:30:59,OFF->COLD,OFF,COLD,-1.560464159972697,-0.018713790204053282,0.8797725156744823,0.8793979528366078
lab005,F2,2026-04-09 17:32:11,COLD->OFF,COLD,OFF,-1.5347787522151757,-0.014078014727201806,0.861547589609252,0.876348404662966
lab005,F2,2026-04-09 18:00:05,OFF->COLD,OFF,COLD,-1.0625310669642316,-0.018160230243265473,0.6421898457971004,0.7685521049458733
lab005,F2,2026-04-09 18:01:07,OFF->COLD,OFF,COLD,-1.3456756522786548,-0.01586130569332056,0.6416101718222005,0.9023666703776662
lab005,F2,2026-04-09 18:02:12,COLD->OFF,COLD,OFF,-1.4211990296101078,-0.014270954381790622,0.6407361611194377,0.927582252374616
lab005,F2,2026-04-09 18:29:02,OFF->COLD,OFF,COLD,-0.29691061722361367,-0.02532668129422877,0.5307045740540693,0.5272962086429195
lab005,F2,2026-04-09 18:37:19,OFF->COLD,OFF,COLD,-0.5525340148292956,0.009421104549166691,0.6600310687094653,0.4385362260231411
lab005,F2,2026-04-09 18:56:49,OFF->COLD,OFF,COLD,-1.0782220159003444,0.04704786456172059,0.5850242792531714,1.1294294455522453
lab005,F2,2026-04-09 18:57:55,OFF->COLD,OFF,COLD,-1.3700651044668248,0.04857323873912023,0.6870928525064381,1.0464710780576478
lab005,F2,2026-04-09 18:58:56,COLD->OFF,COLD,OFF,-1.3820648730105476,0.04986808905234561,0.6348765540512025,0.9208106999970896
lab005,F2,2026-04-09 19:31:50,OFF->COLD,OFF,COLD,-1.1177290840043443,-0.023476977441811896,0.5395084589279638,0.7687069115622938
lab005,F2,2026-04-09 19:32:55,OFF->COLD,OFF,COLD,-1.1143032581278192,-0.021498278416021498,0.539258667227764,0.769261005982543
lab006,F3,2026-04-07 09:01:38,OFF->COLD,OFF,COLD,1.20107029404258,-0.03464950570631049,0.1756308082214509,2.1512008385002264
lab006,F3,2026-04-07 09:02:46,OFF->COLD,OFF,COLD,1.1463222691151065,-0.03081767460084496,0.24531605610058838,2.10187787119114
lab006,F3,2026-04-07 09:07:02,COLD->OFF,COLD,OFF,1.4162993229455592,-0.01266113493846821,0.2051345311533029,2.022655866686605
lab006,F3,2026-04-07 09:38:47,OFF->COLD,OFF,COLD,-0.3075185138920128,0.05779285098236109,0.2109036440093136,0.3745089451532977
lab006,F3,2026-04-07 09:40:02,OFF->COLD,OFF,COLD,-0.17959977506305708,0.05406001809495427,0.2988423488069311,0.34327507148413805
lab006,F3,2026-04-07 09:45:53,COLD->OFF,COLD,OFF,0.10920192686402624,0.028622404116571284,0.39653964342772585,0.22928135203777417
lab006,F3,2026-04-07 09:47:02,OFF->COLD,OFF,COLD,0.24488293175621967,0.02259512127237495,0.42950227253607615,0.19477254550373233
lab006,F3,2026-04-07 10:17:38,OFF->COLD,OFF,COLD,-0.009464613412329528,-0.040758159727152146,0.0949993790094821,0.08587237536834239
lab006,F3,2026-04-07 10:20:53,OFF->COLD,OFF,COLD,-0.01831005887762773,-0.033765556592239,0.07514938335265302,0.07128346979651992
lab006,F3,2026-04-07 10:22:56,COLD->OFF,COLD,OFF,-0.038401550283686595,-0.029999212990905112,0.08236687234774202,0.05063383292647415
lab006,F3,2026-04-07 10:23:58,COLD->OFF,COLD,OFF,-0.03361550918187095,-0.028138364766635313,0.08513555828510933,0.05893349754518043
lab006,F3,2026-04-07 10:25:02,COLD->OFF,COLD,OFF,-0.03110717969633872,-0.025672037342599773,0.08174028393437074,0.058476956126122165
lab006,F3,2026-04-07 10:54:48,OFF->COLD,OFF,COLD,-0.0006019815852839182,0.01305323828228408,0.036666483462983256,0.04119740157877409
lab006,F3,2026-04-07 10:55:49,COLD->OFF,COLD,OFF,0.0041571002357654215,0.01337401436543632,0.03623772231290663,0.0407780584119981
lab006,F3,2026-04-07 10:57:11,COLD->OFF,COLD,OFF,-0.0030763234516279978,0.013443732695590106,0.05250183883984672,0.05582874043612941
lab006,F3,2026-04-07 11:00:43,COLD->OFF,COLD,OFF,0.014013154893274798,0.013562756954929226,0.05053655962684237,0.033572036934531264
lab006,F3,2026-04-07 11:01:47,COLD->OFF,COLD,OFF,-0.028489695237970056,0.01362273504923488,0.041910340418982756,0.051609094912290786
lab006,F3,2026-04-07 11:33:33,OFF->COLD,OFF,COLD,0.002317041044938385,0.0039302527809077226,0.050348506397549925,0.046891109513124064
lab006,F3,2026-04-07 11:34:55,COLD->OFF,COLD,OFF,-0.0009220125851006466,0.0035453824111792874,0.03624999649717302,0.04417064591495527
lab006,F3,2026-04-07 11:36:37,COLD->OFF,COLD,OFF,0.006665326014068095,0.0029179185849635744,0.046019029331797676,0.03983704590033481
lab006,F3,2026-04-07 11:38:27,OFF->COLD,OFF,COLD,-0.01658449024038351,0.002376979946349206,0.05111059716721164,0.04151602133636492
lab006,F3,2026-04-07 11:59:10,OFF->COLD,OFF,COLD,-0.04342975878549982,-0.0015334716213100787,0.03422932251731573,0.04322441381418403
lab006,F3,2026-04-07 12:01:13,COLD->OFF,COLD,OFF,-0.02027563355737999,-0.0015859334551361131,0.030560585569845387,0.04685148235180233
lab006,F3,2026-04-07 12:03:19,OFF->COLD,OFF,COLD,0.015204609313510664,-0.0017243116663220974,0.016477714997379413,0.028838188811764608
lab006,F3,2026-04-07 12:24:09,OFF->COLD,OFF,COLD,0.011838746073160772,-0.002305204898600588,0.047818145556260745,0.042889253670055034
lab006,F3,2026-04-07 12:25:34,COLD->OFF,COLD,OFF,0.030504143004312787,-0.0022844076178025865,0.039898627716267294,0.040998561935297766
lab006,F3,2026-04-07 12:26:59,COLD->OFF,COLD,OFF,-0.01193592415882555,-0.0022593949852602324,0.029584434390951594,0.04617966985764663
lab006,F3,2026-04-07 12:28:11,COLD->OFF,COLD,OFF,0.014555945903947915,-0.0022179439638002948,0.04575387183979919,0.048867940093924464
lab006,F3,2026-04-07 12:29:13,COLD->OFF,COLD,OFF,0.012649278760296334,-0.002190352545182239,0.04579382049458563,0.04844613722675905
lab006,F3,2026-04-07 12:30:14,OFF->COLD,OFF,COLD,0.001776664849916459,-0.0021328095376238476,0.046138470447305846,0.0496188498606764
lab006,F3,2026-04-07 12:54:30,OFF->COLD,OFF,COLD,-0.0019973675689811572,-0.0014413596074724366,0.03831098961830121,0.03659684190897678
lab006,F3,2026-04-07 12:57:58,COLD->OFF,COLD,OFF,0.03360626944381049,-0.0014597489936745698,0.03274753121109894,0.0362431230865179
lab006,F3,2026-04-07 13:24:53,OFF->COLD,OFF,COLD,-0.007920489126529092,0.0010322765661404387,0.0314465037077336,0.04029033141338893
lab006,F3,2026-04-07 13:26:19,OFF->COLD,OFF,COLD,0.014121460715105576,0.0010929744786680017,0.034742647671812975,0.033388483735205
lab006,F3,2026-04-07 13:27:48,COLD->OFF,COLD,OFF,-0.0001632290465230224,0.0011736845028550436,0.035216573168055126,0.04376307588081243
lab006,F3,2026-04-07 13:30:28,COLD->OFF,COLD,OFF,-0.014799575726464714,0.0011996435104666913,0.03996954527576701,0.04767712562203996
lab006,F3,2026-04-07 13:56:29,OFF->COLD,OFF,COLD,-0.36847385942417765,0.02309901640372377,0.5051144408935734,0.180756918980823
lab006,F3,2026-04-07 13:57:41,COLD->OFF,COLD,OFF,-0.46066143948935145,0.026747489387947593,0.5337671917584252,0.17700391521304912
lab006,F3,2026-04-07 13:58:56,COLD->OFF,COLD,OFF,-0.5679627322036054,0.030763783577222665,0.5369835233801182,0.19543507695815968
lab006,F3,2026-04-07 14:00:01,OFF->COLD,OFF,COLD,-0.6312244710925717,0.03367516790084591,0.5400308493661498,0.20896408324639726
lab006,F3,2026-04-07 14:01:06,OFF->COLD,OFF,COLD,-0.6593434320745227,0.036850136353892254,0.4903229976275889,0.26621789619847175
lab006,F3,2026-04-07 14:24:16,OFF->COLD,OFF,COLD,-0.44228642013504427,-0.04122301765222354,0.8761193304064516,1.309850624150941
lab006,F3,2026-04-07 14:25:48,COLD->OFF,COLD,OFF,-0.46461046478390366,-0.055916150539990474,0.9040166792894597,1.3626015030177983
lab006,F3,2026-04-07 14:26:50,OFF->COLD,OFF,COLD,-0.4405542705829192,-0.06612631250225484,0.9647873927138324,1.3956492273824888
lab006,F3,2026-04-07 14:29:30,COLD->OFF,COLD,OFF,-0.24548597932965555,-0.09471908189577957,1.073948503588602,1.379411048379149
lab006,F3,2026-04-07 14:53:32,OFF->COLD,OFF,COLD,-6.285584361947854,-0.0048343542717520505,12.014135609360036,1.0256982879760725
lab006,F3,2026-04-07 15:00:18,COLD->OFF,COLD,OFF,-2.9251590924210067,0.22496406688249318,8.409918533411956,1.0657687482642912
lab006,F3,2026-04-07 15:32:00,OFF->COLD,OFF,COLD,0.5190769646365233,-0.060214394063732635,0.5846739971709008,0.266407258729986
lab006,F3,2026-04-07 15:38:06,COLD->OFF,COLD,OFF,0.8823184387740599,-0.1251486623725388,0.4062392077978021,0.5354125020107711
lab006,F3,2026-04-07 15:59:20,OFF->COLD,OFF,COLD,-0.19460693921698133,-0.07553272925145152,0.19115646535859124,0.14606993794285825
lab006,F3,2026-04-07 16:01:40,COLD->OFF,COLD,OFF,-0.06261515084482434,-0.06123852788146966,0.13505774525214154,0.06383293512815821
lab006,F3,2026-04-07 16:02:41,COLD->OFF,COLD,OFF,-0.005649411547588277,-0.056196302747667674,0.16165508998263822,0.06750840823399226
lab006,F3,2026-04-07 16:03:50,OFF->COLD,OFF,COLD,0.03915313140913364,-0.05045469757585812,0.17774104623726442,0.06278732534090778
lab006,F3,2026-04-07 16:20:10,OFF->COLD,OFF,COLD,-0.18493174849679372,0.013166147487994287,0.16242771439109607,0.16858779562209453
lab006,F3,2026-04-07 16:21:25,OFF->COLD,OFF,COLD,-0.24103918685117515,0.016719430277924663,0.17015964520956048,0.1716105751527628
lab006,F3,2026-04-07 16:22:58,COLD->OFF,COLD,OFF,-0.13756768905058644,0.020779455909152603,0.21186698782416613,0.09915747730719146
lab006,F3,2026-04-07 16:24:34,COLD->OFF,COLD,OFF,-0.07218668826602191,0.02295396493939461,0.22295470668911807,0.04590680807832748
lab006,F3,2026-04-07 16:25:35,COLD->OFF,COLD,OFF,-0.019492542724507688,0.024479350749962922,0.21381188395943093,0.054936646496538274
lab006,F3,2026-04-07 16:26:44,OFF->COLD,OFF,COLD,0.02685281376537284,0.026456677051591833,0.1687040422846968,0.059058072553842204
lab006,F3,2026-04-07 16:45:14,OFF->COLD,OFF,COLD,-0.12603557956380784,0.028843828662428874,0.06920261706006925,0.1535703650551184
lab006,F3,2026-04-07 16:46:32,OFF->COLD,OFF,COLD,-0.038852603190479874,0.02780697251516,0.045119657388372716,0.15806716409366
lab006,F3,2026-04-07 16:51:26,COLD->OFF,COLD,OFF,0.13168890658657537,0.02306160073959276,0.13785113338308697,0.07427997747642746
lab006,F3,2026-04-07 17:14:38,OFF->COLD,OFF,COLD,-0.22715006784713263,0.0007079919604471175,0.17659922302450706,0.17309919652212574
lab006,F3,2026-04-07 17:15:45,COLD->OFF,COLD,OFF,-0.22744273973336632,0.001036853029491469,0.17085761556608847,0.1730588305311849
lab006,F3,2026-04-07 17:17:04,COLD->OFF,COLD,OFF,-0.1723107390476986,0.0014430474270040287,0.1747759600106234,0.08287658789495579
lab006,F3,2026-04-07 17:18:43,COLD->OFF,COLD,OFF,-0.10999128272372138,0.0019509482471772085,0.1918527714845053,0.07862119775769469
lab006,F3,2026-04-07 17:40:11,OFF->COLD,OFF,COLD,-0.14569106034452245,0.0010139756524545022,0.10959565901772365,0.12590600799729276
lab006,F3,2026-04-07 17:42:11,OFF->COLD,OFF,COLD,-0.17319356571373873,0.0010701945978429106,0.09412377785265995,0.12872065556050763
lab006,F3,2026-04-07 17:45:52,COLD->OFF,COLD,OFF,-0.04774146920847103,0.0006542571486126362,0.12642415430522055,0.13571514521237935
lab006,F3,2026-04-07 17:47:08,OFF->COLD,OFF,COLD,-0.03991551487765943,0.0001871475695697459,0.1318235117308408,0.09118239746526556
lab006,F3,2026-04-07 18:07:17,OFF->COLD,OFF,COLD,-0.1058218873060052,-0.00654047595191134,0.09142725685854589,0.17902292371831674
lab006,F3,2026-04-07 18:08:22,OFF->COLD,OFF,COLD,-0.09125860967027252,-0.006444711054211405,0.09879102845499181,0.17931532377077958
lab006,F3,2026-04-07 18:09:37,COLD->OFF,COLD,OFF,-0.09187779147895492,-0.006318419990883695,0.11332657603755857,0.12303809587653419
lab006,F3,2026-04-07 18:12:24,COLD->OFF,COLD,OFF,0.13966111127230213,-0.006174586553888384,0.16365799738795717,0.08462389286955027
lab006,F3,2026-04-07 18:31:48,OFF->COLD,OFF,COLD,-0.17180510372776825,-0.0004160041085758733,0.12435566912199454,0.11007666684529167
lab006,F3,2026-04-07 18:32:50,COLD->OFF,COLD,OFF,-0.1512623470861444,0.00010508557631219197,0.12513438457293366,0.11380331529624732
lab006,F3,2026-04-07 18:33:51,COLD->OFF,COLD,OFF,-0.1412154225438099,0.0005771377609753436,0.1278656574663162,0.11749551680692581
lab006,F3,2026-04-07 18:38:01,COLD->OFF,COLD,OFF,0.051047198274353695,0.0018684189686214657,0.1793262304900248,0.06032751888964902
lab006,F3,2026-04-07 19:01:55,OFF->COLD,OFF,COLD,-0.11386195940311421,0.0011583564435876158,0.10901881663358218,0.08900980471233376
lab006,F3,2026-04-07 19:03:21,OFF->COLD,OFF,COLD,-0.1650666760382653,0.0014409588574278319,0.09670792664563246,0.12223788537238553
lab006,F3,2026-04-07 19:07:51,COLD->OFF,COLD,OFF,-0.07917431245389792,0.002016793292175367,0.10051676628424476,0.06702628471290623
lab006,F3,2026-04-07 19:09:06,COLD->OFF,COLD,OFF,0.015377782199389333,0.0019950380710481498,0.1006297347751515,0.09176690571271946
lab006,F3,2026-04-07 19:31:11,OFF->COLD,OFF,COLD,0.0011422054183877883,1.2105669184392408e-05,0.08561019456367992,0.07752072325676422
lab006,F3,2026-04-07 19:32:12,OFF->COLD,OFF,COLD,-0.0049242791825451215,0.00014743983531775303,0.08282370654884592,0.0767378134086648
lab006,F3,2026-04-07 19:33:21,OFF->COLD,OFF,COLD,-0.09865976806564528,0.00030681677997592696,0.11875349859479507,0.08429426658163579
lab006,F3,2026-04-07 19:37:43,COLD->OFF,COLD,OFF,0.007648576802559936,0.0006911697233089598,0.16989496097711834,0.082491087375141
lab006,F3,2026-04-07 19:39:02,OFF->COLD,OFF,COLD,-0.02790478699729696,0.0006589877728135907,0.1519114998274719,0.10056838677048036
lab006,F3,2026-04-07 20:05:37,OFF->COLD,OFF,COLD,-0.09999399450068158,0.0024795035938384833,0.10359911811219971,0.10938163114036789
lab006,F3,2026-04-07 20:06:55,COLD->OFF,COLD,OFF,-0.10038705802344515,0.002663582349914595,0.09341071189951045,0.0999308924796202
lab006,F3,2026-04-07 20:09:56,COLD->OFF,COLD,OFF,-0.013573469022724938,0.0027342257305648767,0.087494065248917,0.06692286022440681
lab006,F3,2026-04-07 20:35:47,OFF->COLD,OFF,COLD,-0.07883550930142591,-0.0013990405334380674,0.09109738094332659,0.16277756056572942
lab006,F3,2026-04-07 20:36:49,COLD->OFF,COLD,OFF,-0.1232367383225334,-0.001216319811917499,0.09535191767602381,0.15233508327886114
lab006,F3,2026-04-07 20:37:57,OFF->COLD,OFF,COLD,-0.12307843219417036,-0.0010193119025749154,0.12650721473403734,0.10564802384391309
lab006,F3,2026-04-07 20:43:18,COLD->OFF,COLD,OFF,0.011623664724629647,-0.0006314172894988701,0.13870350576623813,0.10391663081353006
lab006,F3,2026-04-07 21:11:43,OFF->COLD,OFF,COLD,-0.12320166614800239,0.0022793561586626817,0.10374955234169378,0.12306120131411197
lab006,F3,2026-04-07 21:13:08,OFF->COLD,OFF,COLD,-0.1558571040708119,0.0029192468295552443,0.09486009744389579,0.131063233636114
lab006,F3,2026-04-07 21:18:33,COLD->OFF,COLD,OFF,-0.007193074306411553,0.0038716301253405305,0.16106652160324622,0.08319323403320715
lab006,F3,2026-04-07 21:47:14,OFF->COLD,OFF,COLD,-0.12498053206085545,-0.00038229963656448706,0.11540560076662916,0.12911641057815626
lab006,F3,2026-04-07 21:48:15,COLD->OFF,COLD,OFF,-0.12285056979084,8.253739479593404e-05,0.11510318846977317,0.1291329274765726
lab006,F3,2026-04-07 21:49:23,OFF->COLD,OFF,COLD,-0.14457634428526092,0.0005880321497579777,0.1147913537022808,0.11401431234863144
lab006,F3,2026-04-07 21:56:03,COLD->OFF,COLD,OFF,-0.09365738496582462,0.002814676697993335,0.14747085151348963,0.11818228016078243
lab006,F3,2026-04-07 22:27:18,OFF->COLD,OFF,COLD,-0.06464495312738842,-0.0011757139763715729,0.1026763063171178,0.0756831634983778
lab006,F3,2026-04-07 22:32:16,COLD->OFF,COLD,OFF,-0.023294839683085412,-5.405494295569464e-05,0.06940283251302407,0.10359416426115212
lab006,F3,2026-04-07 22:33:24,COLD->OFF,COLD,OFF,-0.006657861062582637,3.639819916625444e-05,0.06441054653926181,0.10530745109374162
lab006,F3,2026-04-07 23:01:45,OFF->COLD,OFF,COLD,-0.10298120454572642,0.0023122505400998247,0.11287468335079065,0.0822742741000624
lab006,F3,2026-04-07 23:03:00,OFF->COLD,OFF,COLD,-0.06705966944810056,0.002792138467946015,0.06418041624902486,0.08293106299007046
lab006,F3,2026-04-07 23:08:25,COLD->OFF,COLD,OFF,-0.12070305962929556,0.003584054907461565,0.10749481337950512,0.08515381632816027
lab006,F3,2026-04-07 23:39:20,OFF->COLD,OFF,COLD,-0.14365360797354126,7.044845611494651e-05,0.10008136514743464,0.14559587667657664
lab006,F3,2026-04-07 23:40:56,OFF->COLD,OFF,COLD,-0.027281073179953007,0.000738367657219352,0.10017109778062036,0.09499160357998626
lab006,F3,2026-04-07 23:45:50,COLD->OFF,COLD,OFF,-0.11094133429906049,0.002098346706141685,0.09551226067686779,0.11556425271524826
lab006,F3,2026-04-08 00:14:35,OFF->COLD,OFF,COLD,0.023694256167991375,-0.0016571637550233608,0.12085301006984732,0.12423021734223157
lab006,F3,2026-04-08 00:15:44,OFF->COLD,OFF,COLD,-0.07355176745549245,-0.0011417491459590813,0.11826411920249662,0.13665292643531599
lab006,F3,2026-04-08 00:16:52,OFF->COLD,OFF,COLD,-0.1453510063859339,-0.0005697812521353151,0.14197978889422447,0.1212225114113953
lab006,F3,2026-04-08 00:23:28,COLD->OFF,COLD,OFF,-0.18835876400864537,0.0024867063717900705,0.137194165110518,0.116775799053855
lab006,F3,2026-04-08 00:57:04,OFF->COLD,OFF,COLD,-0.07355584186598382,-0.0006833062404148381,0.10470745689309806,0.12027881481193681
lab006,F3,2026-04-08 00:58:06,OFF->COLD,OFF,COLD,-0.11257157958196604,-0.00017762144311415104,0.06821552338252708,0.09704752180169648
lab006,F3,2026-04-08 01:01:00,COLD->OFF,COLD,OFF,-0.0028350469039707185,0.000855293114062272,0.11751407139130371,0.0970620430733177
lab006,F3,2026-04-08 01:28:17,OFF->COLD,OFF,COLD,-0.09927800752135403,0.0020298496578850635,0.13939365473396936,0.0989131067539328
lab006,F3,2026-04-08 01:29:19,OFF->COLD,OFF,COLD,-0.10927388514288967,0.002196884679507938,0.1379051108817343,0.09215163091669108
lab006,F3,2026-04-08 01:32:54,COLD->OFF,COLD,OFF,-0.11680176282711525,0.0026863232284562557,0.08302499262577025,0.1422379597656771
lab006,F3,2026-04-08 02:02:45,OFF->COLD,OFF,COLD,-0.1261950425864567,-0.001062202574290705,0.11561593570031731,0.12472168240319143
lab006,F3,2026-04-08 02:03:46,OFF->COLD,OFF,COLD,-0.07800937002794903,-0.0004269843757591428,0.11531858254683974,0.10843867873573029
lab006,F3,2026-04-08 02:07:53,COLD->OFF,COLD,OFF,-0.10286562064944596,0.0014891541556592669,0.11959562870798052,0.09913856530674085
lab006,F3,2026-04-08 02:38:45,OFF->COLD,OFF,COLD,-0.22869806298339798,-0.0004196246675996606,0.15281940097218474,0.15071554336437054
lab006,F3,2026-04-08 02:40:07,COLD->OFF,COLD,OFF,-0.20655636299648267,0.00020146440848523017,0.19258573527904688,0.09565893189679064
lab006,F3,2026-04-08 02:42:13,COLD->OFF,COLD,OFF,-0.1543792275893,0.0008672030922076247,0.1858865842215236,0.10386882193341651
lab006,F3,2026-04-08 03:12:39,OFF->COLD,OFF,COLD,-0.11283268051438232,0.0019757320582334485,0.12105071712963557,0.15030058980817323
lab006,F3,2026-04-08 03:13:54,OFF->COLD,OFF,COLD,-0.12082785485314623,0.0025167553515085487,0.06529801206154767,0.11441155141473242
lab006,F3,2026-04-08 03:18:07,COLD->OFF,COLD,OFF,-0.10302576052487356,0.003762402563005529,0.13475754034106488,0.13350063917509966
lab006,F3,2026-04-08 03:55:27,OFF->COLD,OFF,COLD,-0.16641009752771818,0.0032085779275453415,0.14232782662756469,0.17003852157133523
lab006,F3,2026-04-08 03:56:38,OFF->COLD,OFF,COLD,-0.24447043632543708,0.0041242497759448995,0.16521469915745415,0.1849459044730179
lab006,F3,2026-04-08 04:00:34,COLD->OFF,COLD,OFF,-0.19820321611429828,0.006454314711422482,0.1782990687065286,0.13633872574310887
lab006,F3,2026-04-08 04:39:22,OFF->COLD,OFF,COLD,-0.17321304847378388,0.0032367719822604,0.19896052242947881,0.16758548872233167
lab006,F3,2026-04-08 04:40:23,COLD->OFF,COLD,OFF,-0.17799989165938776,0.004566691849492632,0.19905088272558852,0.1660558881641586
lab006,F3,2026-04-08 04:45:58,COLD->OFF,COLD,OFF,-0.28025932683472854,0.009962379612397588,0.21393263539332444,0.1932573247290582
lab006,F3,2026-04-08 05:25:35,OFF->COLD,OFF,COLD,-0.18587238079747403,0.00026681455406609746,0.14343269757815758,0.16487951907119713
lab006,F3,2026-04-08 05:26:43,COLD->OFF,COLD,OFF,-0.20201078606676393,0.0015652671815391313,0.13693595754320814,0.24314310236518807
lab006,F3,2026-04-08 05:27:45,COLD->OFF,COLD,OFF,-0.28122626430530756,0.0025932692652989252,0.15215100831288073,0.23189015914442568
lab006,F3,2026-04-08 05:28:46,COLD->OFF,COLD,OFF,-0.24450313456890962,0.003617349598161934,0.15511081623750994,0.16374799292167536
lab006,F3,2026-04-08 05:29:52,OFF->COLD,OFF,COLD,-0.21631332133912792,0.004337861499912953,0.16266390437862496,0.16233364408160925
lab006,F3,2026-04-08 05:30:53,COLD->OFF,COLD,OFF,-0.1674428712539802,0.004967556643774751,0.13609905372410716,0.16263334384428393
lab006,F3,2026-04-08 06:05:25,OFF->COLD,OFF,COLD,-0.3020655581161044,0.0040525354520879915,0.22897937100160962,0.18054994350816478
lab006,F3,2026-04-08 06:06:37,COLD->OFF,COLD,OFF,-0.2628695208246735,0.005873294651936844,0.1809383287563323,0.18115779655375844
lab006,F3,2026-04-08 06:07:38,OFF->COLD,OFF,COLD,-0.2829718690123541,0.00712008304044891,0.18328860818869683,0.1800971384924719
lab006,F3,2026-04-08 06:10:26,COLD->OFF,COLD,OFF,-0.3293879418142329,0.009837706163995019,0.20337174220745255,0.2241191198225655
lab006,F3,2026-04-08 06:50:06,OFF->COLD,OFF,COLD,-0.32696217371090125,0.0050536513419539904,0.27316753868177024,0.3334636602474401
lab006,F3,2026-04-08 06:51:21,COLD->OFF,COLD,OFF,-0.4308777522547511,0.007327912887351306,0.36235112963105603,0.13612548082088297
lab006,F3,2026-04-08 06:56:12,COLD->OFF,COLD,OFF,-0.36343945594004984,0.014098765682469639,0.3439329157572949,0.30335306067988566
lab006,F3,2026-04-08 07:38:47,OFF->COLD,OFF,COLD,-0.012125453276744108,0.008804970140215395,0.22312711034506014,0.3473845747942711
lab006,F3,2026-04-08 07:39:58,OFF->COLD,OFF,COLD,-0.04344965834433012,0.011123611395927258,0.26316627641129453,0.31456069248930046
lab006,F3,2026-04-08 07:41:07,COLD->OFF,COLD,OFF,-0.10403938814775479,0.013373971493161108,0.253208883209172,0.21634025724493278
lab006,F3,2026-04-08 07:44:15,COLD->OFF,COLD,OFF,0.008255915207046605,0.0191765869566868,0.22404246766769917,0.21692552773848062
lab006,F3,2026-04-08 08:22:59,OFF->COLD,OFF,COLD,-0.4362770628927173,-0.08281001539935247,0.9569340325675532,1.390137322311569
lab006,F3,2026-04-08 08:24:04,OFF->COLD,OFF,COLD,-0.507500255108466,-0.09127978190653555,0.9427835307575441,1.4373727125557816
lab006,F3,2026-04-08 08:25:16,COLD->OFF,COLD,OFF,-0.33544634142646834,-0.10287360854153253,1.0431429113765769,1.3887159059806948
lab006,F3,2026-04-08 08:28:14,COLD->OFF,COLD,OFF,-0.06852347032035921,-0.12730972255641396,1.3293659508324969,1.3985083615025684
lab006,F3,2026-04-08 08:29:42,COLD->OFF,COLD,OFF,-0.27875403741186733,-0.14072082289796792,1.2475215833324265,1.5262984334438767
lab006,F3,2026-04-08 09:04:39,OFF->COLD,OFF,COLD,0.006854020662179439,0.3531982491767794,1.5116739056403594,1.536834419792761
lab006,F3,2026-04-08 09:05:58,OFF->COLD,OFF,COLD,-0.004465995480485541,0.34148225492581274,1.569934110590999,1.6202320143751625
lab006,F3,2026-04-08 09:06:59,COLD->OFF,COLD,OFF,-0.0814457425595756,0.3294497946672803,1.5506662948846397,1.658144112112828
lab006,F3,2026-04-08 09:11:30,COLD->OFF,COLD,OFF,0.3214365945553317,0.24442152914194512,1.621180084167028,1.298770373532923
lab006,F3,2026-04-08 09:46:52,OFF->COLD,OFF,COLD,-0.6377880698668,-0.16520982191333633,0.6983853403152611,0.175976651091992
lab006,F3,2026-04-08 09:47:53,COLD->OFF,COLD,OFF,-0.6625436032225401,-0.1560442401086298,0.7239699086229667,0.18238728511441019
lab006,F3,2026-04-08 09:48:55,COLD->OFF,COLD,OFF,-0.573366174298847,-0.1460106913361452,0.6979511462807694,0.19779470700573648
lab006,F3,2026-04-08 09:51:05,COLD->OFF,COLD,OFF,-0.4009516478013074,-0.12596394712005887,0.6918212516031957,0.27603828621834975
lab006,F3,2026-04-08 09:52:07,COLD->OFF,COLD,OFF,-0.41754374804983047,-0.11542338446630361,0.657868626156333,0.28216615899838343
lab006,F3,2026-04-08 09:56:06,OFF->COLD,OFF,COLD,0.08980489259826153,-0.07755708137306327,0.3609588981428516,0.2714478350993887
lab006,F3,2026-04-08 10:17:52,OFF->COLD,OFF,COLD,-0.21268099593283124,0.05135064358006977,0.24359671889332674,0.25854979244705556
lab006,F3,2026-04-08 10:23:17,COLD->OFF,COLD,OFF,-0.10275641080133661,0.06106563393410065,0.32659360365169654,0.18428535070212054
lab006,F3,2026-04-08 10:49:10,OFF->COLD,OFF,COLD,-0.28987268517304166,0.02309037798095983,0.18533804189247757,0.30839369946635925
lab006,F3,2026-04-08 10:50:15,OFF->COLD,OFF,COLD,-0.34652666145922456,0.02190514925487799,0.1884245589408443,0.3084913475670364
lab006,F3,2026-04-08 10:51:17,COLD->OFF,COLD,OFF,-0.2029674666058426,0.020461585282263696,0.18875511793144958,0.2999571295370225
lab006,F3,2026-04-08 10:56:48,COLD->OFF,COLD,OFF,-0.09919771359273204,0.011998759984673944,0.24642039187192644,0.2356708541838389
lab006,F3,2026-04-08 11:25:50,OFF->COLD,OFF,COLD,-0.051488579879271246,-0.0031933347147984556,0.2604686886956938,0.3568031995650652
lab006,F3,2026-04-08 11:26:55,OFF->COLD,OFF,COLD,-0.1520596609366252,-0.0027774962537871137,0.2892496536070091,0.3146434031863966
lab006,F3,2026-04-08 11:31:49,COLD->OFF,COLD,OFF,-0.15331046981551194,-0.00023976032003236725,0.3936037994536171,0.28814048612209764
lab006,F3,2026-04-08 12:00:33,OFF->COLD,OFF,COLD,-0.6692568630592446,0.009210188071262683,0.5768582443739391,0.5171580784534282
lab006,F3,2026-04-08 12:01:38,OFF->COLD,OFF,COLD,-0.7860242278302239,0.012884839543381687,0.47355913291012475,0.5229371571237256
lab006,F3,2026-04-08 12:06:12,COLD->OFF,COLD,OFF,-1.0428510751197622,0.022954053013719822,0.5491791881364221,0.7654907854563526
lab006,F3,2026-04-08 12:07:17,COLD->OFF,COLD,OFF,-0.8226707166330182,0.024019455259407782,0.40218277785133244,0.7576574047181277
lab006,F3,2026-04-08 12:34:13,OFF->COLD,OFF,COLD,0.3904020942422368,-0.04891851517379813,0.6875153812664565,0.6202221963009821
lab006,F3,2026-04-08 12:35:18,OFF->COLD,OFF,COLD,0.13245737721932005,-0.04623528867151156,0.6765659159576364,0.5481800486997349
lab006,F3,2026-04-08 12:39:55,COLD->OFF,COLD,OFF,-0.1725902639528688,-0.029099846889867467,0.6069751939276,0.45806969732466357
lab006,F3,2026-04-08 12:59:25,OFF->COLD,OFF,COLD,-0.6974882701193885,0.041514658948838164,0.47217242057366887,0.6355093643782059
lab006,F3,2026-04-08 13:00:33,OFF->COLD,OFF,COLD,-0.6458173340990082,0.043187307780102734,0.49121805976145083,0.5386736097803049
lab006,F3,2026-04-08 13:03:38,COLD->OFF,COLD,OFF,-0.515488547297224,0.045114142533314985,0.646192772743879,0.5518806593346407
lab006,F3,2026-04-08 13:28:06,OFF->COLD,OFF,COLD,-0.518605971223018,0.0028678619720419185,0.3900494709805776,0.5468662305310612
lab006,F3,2026-04-08 13:29:08,OFF->COLD,OFF,COLD,-0.6419776429574092,0.0020734366680584607,0.43765141031343474,0.5264694589057892
lab006,F3,2026-04-08 13:31:35,COLD->OFF,COLD,OFF,-0.4567939555532836,0.00020058601652844094,0.3690080206682696,0.5062743559249802
lab006,F3,2026-04-08 13:32:50,COLD->OFF,COLD,OFF,-0.5064406434914207,-0.0011952280470628046,0.3122257351849559,0.49756303123180295
lab006,F3,2026-04-08 13:58:06,OFF->COLD,OFF,COLD,-0.7651234863644936,-0.015278830949801935,0.5414380411959282,0.5308868736792578
lab006,F3,2026-04-08 13:59:07,OFF->COLD,OFF,COLD,-0.9494985801724585,-0.012636383720939382,0.5464995868115794,0.5646218688792015
lab006,F3,2026-04-08 14:03:55,COLD->OFF,COLD,OFF,-0.7126504047998345,-0.004276898950355789,0.5962527678773021,0.6667644727048047
lab006,F3,2026-04-08 14:31:55,OFF->COLD,OFF,COLD,0.39131097052433406,-0.014074571260698485,0.5364007296010987,0.8472205676243422
lab006,F3,2026-04-08 14:37:03,COLD->OFF,COLD,OFF,-0.6568116923770791,0.018260992055755397,0.84312028004262,0.4452427488923934
lab006,F3,2026-04-08 15:02:53,OFF->COLD,OFF,COLD,-0.773961759233717,0.007703855747729443,0.6544739912203512,1.5790792729703893
lab006,F3,2026-04-08 15:07:06,COLD->OFF,COLD,OFF,-0.2525817562932402,-0.038638334159799476,1.2140497617645891,1.3670543170376444
lab006,F3,2026-04-08 15:08:08,OFF->COLD,OFF,COLD,0.052463227992731065,-0.0507652803044853,1.3500642476949827,1.2181748719455208
lab006,F3,2026-04-08 15:30:23,OFF->COLD,OFF,COLD,4.865049439683029,-0.15691233080003775,0.5164715894538306,10.041677149911289
lab006,F3,2026-04-08 15:31:24,OFF->COLD,OFF,COLD,2.765118933355436,-0.13375544574578735,0.48446525351041725,7.825380399066309
lab006,F3,2026-04-08 15:32:40,COLD->OFF,COLD,OFF,-0.9703555862574544,-0.09573093779196695,6.3520303523088,4.4252833348932
lab006,F3,2026-04-08 15:35:45,COLD->OFF,COLD,OFF,-2.3326382869649804,0.010225556587366569,9.230502014469005,2.726461866490729
lab006,F3,2026-04-08 15:36:50,COLD->OFF,COLD,OFF,-5.685085975950604,0.05679654596460129,11.49352721499525,2.3270309645407576
lab006,F3,2026-04-08 16:00:58,OFF->COLD,OFF,COLD,-0.07037400390994519,0.20764837305956885,1.6131289494819343,1.9408878748883973
lab006,F3,2026-04-08 16:04:44,COLD->OFF,COLD,OFF,1.0911712406600946,0.10070653010053726,1.8999025374278722,0.9570263925141671
lab006,F3,2026-04-08 16:07:07,OFF->COLD,OFF,COLD,1.814607631014324,0.026920284292451135,2.0869973605756367,0.48302284409385443
lab006,F3,2026-04-08 16:25:33,OFF->COLD,OFF,COLD,-0.36825899565990516,-0.2442304290388468,0.512926825471971,0.25897799953288964
lab006,F3,2026-04-08 16:27:12,OFF->COLD,OFF,COLD,-0.44950202619572205,-0.23825626164737734,0.5785982324325669,0.24273324017260406
lab006,F3,2026-04-08 16:32:41,COLD->OFF,COLD,OFF,-0.17922818164794996,-0.20722068437356328,0.47604055923637556,0.2946654518829017
lab006,F3,2026-04-08 16:56:45,OFF->COLD,OFF,COLD,-0.17015463166044678,-0.003763218185101558,0.18490488467624341,0.28611355772692093
lab006,F3,2026-04-08 16:57:57,OFF->COLD,OFF,COLD,-0.17591323459112618,0.0044046724083324496,0.24636969023851102,0.24545169957296323
lab006,F3,2026-04-08 17:03:33,COLD->OFF,COLD,OFF,0.0697068994194154,0.03441571627313053,0.22626704814875975,0.2752329250104229
lab006,F3,2026-04-08 17:04:38,COLD->OFF,COLD,OFF,0.2175217692841471,0.040983268659861155,0.32836400429173773,0.3735127240996707
lab006,F3,2026-04-08 17:26:49,OFF->COLD,OFF,COLD,-0.5836012255962644,0.10735850713570465,0.36833128027919687,0.34545236104006516
lab006,F3,2026-04-08 17:27:50,COLD->OFF,COLD,OFF,-0.639326504383567,0.10821245320609289,0.38336919037946016,0.3820199019506808
lab006,F3,2026-04-08 17:33:26,COLD->OFF,COLD,OFF,-0.4473205548142086,0.09996757792705054,0.3858166238678022,0.5469184053203402
lab006,F3,2026-04-08 17:58:52,OFF->COLD,OFF,COLD,0.01774595393501239,-0.033939141256564734,0.23411442580456235,0.27643029138704467
lab006,F3,2026-04-08 17:59:57,COLD->OFF,COLD,OFF,0.04746334451196854,-0.037940531148256004,0.25168018717863977,0.24872297812730781
lab006,F3,2026-04-08 18:06:10,COLD->OFF,COLD,OFF,0.35313946653015216,-0.05135595204669068,0.28996733925630913,0.24592896054570915
lab006,F3,2026-04-08 18:30:45,OFF->COLD,OFF,COLD,-0.8435086314116944,0.005391319718044629,0.444907442437212,0.5077448879099247
lab006,F3,2026-04-08 18:34:34,COLD->OFF,COLD,OFF,-0.312697106158904,0.015255890724035926,0.5378810881422453,0.3105347199741287
lab006,F3,2026-04-08 18:59:51,OFF->COLD,OFF,COLD,-0.6396023023449162,0.004751369453979759,0.3855169534225209,0.39206307625206804
lab006,F3,2026-04-08 19:00:52,COLD->OFF,COLD,OFF,-0.6043929045442745,0.005698359010264475,0.4017598292491745,0.3914963253289889
lab006,F3,2026-04-08 19:04:11,COLD->OFF,COLD,OFF,-0.2144934488513679,0.006726592013611654,0.5013247609317565,0.25966285694399177
lab006,F3,2026-04-08 19:05:16,OFF->COLD,OFF,COLD,-0.03153019651290321,0.006029765618129712,0.4688665398533434,0.31913150245332683
lab006,F3,2026-04-08 19:21:03,OFF->COLD,OFF,COLD,-0.6833317262822536,0.0033858554725660454,0.41442774456771286,0.5576715011926943
lab006,F3,2026-04-08 19:22:15,OFF->COLD,OFF,COLD,-0.793898577992747,0.004980650545044796,0.46023784658255323,0.5191446825435732
lab006,F3,2026-04-08 19:23:20,COLD->OFF,COLD,OFF,-0.7843064624820216,0.00642496460592179,0.3515790219422514,0.6065199163473979
lab006,F3,2026-04-08 19:26:59,COLD->OFF,COLD,OFF,-0.5383178899240236,0.009429163197061552,0.5592013782311975,0.4269631635725036
lab006,F3,2026-04-08 19:52:32,OFF->COLD,OFF,COLD,-0.9359360452404574,-0.0063409509467398095,0.6760643022163277,0.47844857209434327
lab006,F3,2026-04-08 19:53:47,OFF->COLD,OFF,COLD,-0.9340588799742398,-0.002952536067935707,0.5656075171113191,0.4897802297628745
lab006,F3,2026-04-08 19:54:59,COLD->OFF,COLD,OFF,-0.8793376896169226,-0.00029148551240760785,0.5095556647718678,0.5695627868120732
lab006,F3,2026-04-08 19:58:14,COLD->OFF,COLD,OFF,-0.4652501763238537,0.004738028477746692,0.574693020985071,0.4555754600761454
lab006,F3,2026-04-08 20:23:16,OFF->COLD,OFF,COLD,-0.8894317925232986,0.00426415607035624,0.4818459169059022,0.508250855470208
lab006,F3,2026-04-08 20:26:55,COLD->OFF,COLD,OFF,-0.4775565713381161,0.01073289379039961,0.6000937227516343,0.36968219718337536
lab006,F3,2026-04-08 20:51:40,OFF->COLD,OFF,COLD,-0.7823375349315274,0.005171991661636355,0.5041349798156871,0.5226677454475381
lab006,F3,2026-04-08 20:53:26,OFF->COLD,OFF,COLD,-1.256718053948523,0.00863112727630302,0.6362966665809165,0.7299289072560124
lab006,F3,2026-04-08 20:57:16,COLD->OFF,COLD,OFF,-0.5600020745685809,0.013110859565129206,0.6416341822610274,0.4854719920696651
lab006,F3,2026-04-08 20:58:38,OFF->COLD,OFF,COLD,-0.40736721446053326,0.013054219382757902,0.5772268872279973,0.48196073488880015
lab006,F3,2026-04-08 21:26:14,OFF->COLD,OFF,COLD,-0.8419239592400674,-0.0013232349393033967,0.5935005438534351,0.5238142250494602
lab006,F3,2026-04-08 21:30:45,COLD->OFF,COLD,OFF,-0.593091051041709,0.011421521667664703,0.5424417770609801,0.41755012933167884
lab006,F3,2026-04-08 21:53:40,OFF->COLD,OFF,COLD,-1.009920313394507,0.009867232725668185,0.45681143601891444,0.7472391454468167
lab006,F3,2026-04-08 21:54:42,COLD->OFF,COLD,OFF,-1.1164036683605045,0.010543163030284575,0.48219079804640524,0.7851306143579284
lab006,F3,2026-04-08 21:56:21,COLD->OFF,COLD,OFF,-0.7532985366669622,0.011179007829621754,0.46240386061788635,0.4933081861249438
lab006,F3,2026-04-08 21:58:14,COLD->OFF,COLD,OFF,-0.3743281463173805,0.010660130462780248,0.6875390872626723,0.42388539698683003
lab006,F3,2026-04-08 22:27:16,OFF->COLD,OFF,COLD,-0.7721387148882857,0.0040840776801787555,0.5966761392405788,1.030241643887306
lab006,F3,2026-04-08 22:28:21,OFF->COLD,OFF,COLD,-0.9122032223252865,0.008216773219913522,0.5969268093910212,1.0072270931317275
lab006,F3,2026-04-08 22:34:20,COLD->OFF,COLD,OFF,-0.7114229778326515,0.025413523246807835,0.9966049939056495,0.5861928850405365
lab006,F3,2026-04-08 23:06:44,OFF->COLD,OFF,COLD,-0.9528854413105461,-0.001890139067636909,0.6095913941085094,0.6031301417346329
lab006,F3,2026-04-08 23:09:55,COLD->OFF,COLD,OFF,-0.7519769996274864,0.0078036833288732226,0.6863915989251986,0.41476422715152866
lab006,F3,2026-04-08 23:35:56,OFF->COLD,OFF,COLD,-0.838604865579804,0.013951844089386434,0.37011432754903456,0.6966357166431412
lab006,F3,2026-04-08 23:37:11,COLD->OFF,COLD,OFF,-0.9634405663132046,0.015375490950768001,0.5428843068104529,0.6376004138561889
lab006,F3,2026-04-08 23:40:33,COLD->OFF,COLD,OFF,-0.6044508365260208,0.016854927650214256,0.48626013749588437,0.5875869146825667
lab006,F3,2026-04-08 23:41:35,OFF->COLD,OFF,COLD,-0.4774850002826034,0.016258551854622903,0.592505503736478,0.5862481699110534
lab006,F3,2026-04-09 00:11:36,OFF->COLD,OFF,COLD,-0.7432659632433171,-0.0033190762900789927,0.5493499789644579,0.5344952548709063
lab006,F3,2026-04-09 00:12:37,COLD->OFF,COLD,OFF,-0.7714182544519769,0.0002737648391018879,0.5034092885923928,0.5390029200132268
lab006,F3,2026-04-09 00:14:06,COLD->OFF,COLD,OFF,-0.9836877471059091,0.005430014425811702,0.5074720828253565,0.609685419695911
lab006,F3,2026-04-09 00:17:32,COLD->OFF,COLD,OFF,-0.8773249041682109,0.013928272383704686,0.6006170481816837,0.6385050989676578
lab006,F3,2026-04-09 00:46:12,OFF->COLD,OFF,COLD,-0.9620840062188257,0.007777669481495053,0.5257064809304988,0.662161209328479
lab006,F3,2026-04-09 00:47:14,COLD->OFF,COLD,OFF,-1.081090036235325,0.010483095398556408,0.5924389810479443,0.6541370202104441
lab006,F3,2026-04-09 00:50:25,COLD->OFF,COLD,OFF,-0.8265583045763836,0.01712700746247222,0.5685208618467494,0.5280510563376635
lab006,F3,2026-04-09 01:22:22,OFF->COLD,OFF,COLD,-0.534409607178034,0.007556089743169991,0.3300542002627233,0.7092422896282234
lab006,F3,2026-04-09 01:23:24,OFF->COLD,OFF,COLD,-0.5878877256697587,0.009760186390435256,0.30491294231300425,0.7261388629740064
lab006,F3,2026-04-09 01:24:39,COLD->OFF,COLD,OFF,-1.0035959399391077,0.012438065138880107,0.46443291249260665,0.6786190420477588
lab006,F3,2026-04-09 01:27:30,COLD->OFF,COLD,OFF,-0.9184351228541636,0.015901813849090465,0.5409714096810452,0.6966984336696528
lab006,F3,2026-04-09 02:02:22,OFF->COLD,OFF,COLD,-0.807744272117392,0.012959239722059035,0.4868128495830652,0.6411864279762309
lab006,F3,2026-04-09 02:03:23,COLD->OFF,COLD,OFF,-0.9180553865841707,0.016734283040952036,0.4743288731392739,0.6754290461758383
lab006,F3,2026-04-09 02:04:42,COLD->OFF,COLD,OFF,-1.1548944211586354,0.021076413568474894,0.4557676465599395,0.7862881953444456
lab006,F3,2026-04-09 02:07:26,COLD->OFF,COLD,OFF,-0.9284401708612511,0.027373945756870022,0.5115173534657347,0.7035403059980251
lab006,F3,2026-04-09 02:46:28,OFF->COLD,OFF,COLD,-0.844296000436485,0.018619279669352284,0.491245871869552,0.7404852190794151
lab006,F3,2026-04-09 02:47:40,OFF->COLD,OFF,COLD,-1.0838319160007446,0.02375988671084812,0.5827852539742111,0.7179586975249517
lab006,F3,2026-04-09 02:50:55,COLD->OFF,COLD,OFF,-0.9287842700925648,0.03356710081861669,0.7311947427196237,0.6332009956551968
lab006,F3,2026-04-09 02:51:56,COLD->OFF,COLD,OFF,-0.8567987171088794,0.03553982690395685,0.7915932735385974,0.6767977083291473
lab006,F3,2026-04-09 03:24:32,OFF->COLD,OFF,COLD,-0.9783669864424146,0.008940952330311535,0.6124488911410148,0.962146777861142
lab006,F3,2026-04-09 03:25:37,COLD->OFF,COLD,OFF,-1.1578132363974087,0.012533211852352455,0.5079391922782142,0.9005313979142876
lab006,F3,2026-04-09 03:30:32,COLD->OFF,COLD,OFF,-1.0591801769811102,0.02244099995936075,0.8433139884928219,0.7780397262087143
lab006,F3,2026-04-09 04:12:08,OFF->COLD,OFF,COLD,-1.0731387445360423,0.03521120003050786,0.7116145436580863,1.0013283971390938
lab006,F3,2026-04-09 04:13:37,OFF->COLD,OFF,COLD,-1.4750243232972415,0.043308041940696464,0.7054973673100601,1.0563537438031372
lab006,F3,2026-04-09 04:17:26,COLD->OFF,COLD,OFF,-1.0860044288149342,0.057738699912547806,0.8031952718025638,0.9126027167688046
lab006,F3,2026-04-09 05:03:16,OFF->COLD,OFF,COLD,-1.2629222087067413,0.03874194589370772,0.6470057886414006,0.9575163425373618
lab006,F3,2026-04-09 05:07:33,COLD->OFF,COLD,OFF,-1.2515345587564775,0.05509277734247284,0.7018648288468569,0.9154382164756714
lab006,F3,2026-04-09 05:08:58,OFF->COLD,OFF,COLD,-0.9639657353388891,0.056762221256927606,0.7307425963690404,0.8671728732666278
lab006,F3,2026-04-09 05:49:17,OFF->COLD,OFF,COLD,-1.3644319447634694,0.026218997343449766,0.8234738014236286,0.7826304721941721
lab006,F3,2026-04-09 05:50:22,COLD->OFF,COLD,OFF,-1.3922788052150676,0.03239300975098551,0.7743352071895974,0.7826357435363466
lab006,F3,2026-04-09 05:51:23,OFF->COLD,OFF,COLD,-1.401929289232505,0.03798769226776581,0.7111432261566101,0.8127949042568405
lab006,F3,2026-04-09 05:54:01,COLD->OFF,COLD,OFF,-1.3178991080973737,0.04931371697024049,0.6911686456837923,0.8682363995287349
lab006,F3,2026-04-09 06:36:09,OFF->COLD,OFF,COLD,-1.0789885481999824,0.01798182315427068,0.7462403267280918,0.905820137782519
lab006,F3,2026-04-09 06:37:31,OFF->COLD,OFF,COLD,-1.2801491094476798,0.026601138476602504,0.6784246788264553,0.923131012014379
lab006,F3,2026-04-09 06:38:53,COLD->OFF,COLD,OFF,-1.5336574043462559,0.03448512311574828,0.8189904534448658,0.7889198778739261
lab006,F3,2026-04-09 06:42:43,COLD->OFF,COLD,OFF,-1.3054440079052387,0.05030109736596913,0.8673873957593936,0.9907002357432212
lab006,F3,2026-04-09 07:26:10,OFF->COLD,OFF,COLD,-1.2344319379510753,0.03221016465136932,0.6399129730402328,0.9193290424031915
lab006,F3,2026-04-09 07:27:15,COLD->OFF,COLD,OFF,-1.3904378833223365,0.037920259593182945,0.6631018511949821,0.9424275995642595
lab006,F3,2026-04-09 07:31:42,COLD->OFF,COLD,OFF,-1.3921715344213061,0.0544186230252099,0.8065190031705972,0.9155721834041531
lab006,F3,2026-04-09 08:15:09,OFF->COLD,OFF,COLD,-1.811546853130475,0.0576297851191514,0.8816749278918106,1.3375933546238894
lab006,F3,2026-04-09 08:16:21,OFF->COLD,OFF,COLD,-1.780526049091144,0.06514229482665676,0.8139947292286156,1.2624039119448291
lab006,F3,2026-04-09 08:17:23,OFF->COLD,OFF,COLD,-1.9576035216522307,0.07065738851841559,0.798329339534146,1.3485696695546483
lab006,F3,2026-04-09 08:19:57,COLD->OFF,COLD,OFF,-2.370188085053872,0.07979356751871602,0.897631918085223,1.8079811105847474
lab006,F3,2026-04-09 08:57:12,OFF->COLD,OFF,COLD,3.328456292802363,-0.18009489004008802,0.6663395542509222,8.092266542449797
lab006,F3,2026-04-09 08:58:14,OFF->COLD,OFF,COLD,2.9258845170317445,-0.169170937081356,0.8212745586789644,8.116959572120447
lab006,F3,2026-04-09 09:03:09,COLD->OFF,COLD,OFF,5.029729979508473,-0.08317692888527334,1.0637897578155786,11.17338931156648
lab006,F3,2026-04-09 09:34:03,OFF->COLD,OFF,COLD,0.35141496632614655,0.18739917186259447,1.8874576582282276,1.5876051048957234
lab006,F3,2026-04-09 09:35:18,COLD->OFF,COLD,OFF,0.45337624416584976,0.14413141845649952,1.784084694058628,1.4082611072737543
lab006,F3,2026-04-09 09:39:01,COLD->OFF,COLD,OFF,1.0776513895963107,0.025362483681238057,1.8394590348530175,0.8672580635524247
lab006,F3,2026-04-09 09:40:20,OFF->COLD,OFF,COLD,1.1245826058145179,-0.016733938409959626,1.6944216904702178,0.7264968410400189
lab006,F3,2026-04-09 10:13:42,OFF->COLD,OFF,COLD,-0.975460900296426,-0.12660844770780794,0.8057790754306915,0.4171383087559319
lab006,F3,2026-04-09 10:15:07,COLD->OFF,COLD,OFF,-0.8699319132248625,-0.10548378140256585,0.7209662525363666,0.43077277131897607
lab006,F3,2026-04-09 10:18:16,COLD->OFF,COLD,OFF,-0.4774154259444573,-0.06531078215714528,0.4755384686670669,0.5344445919782433
lab006,F3,2026-04-09 10:49:42,OFF->COLD,OFF,COLD,-1.0269150654209551,0.08502707697464568,0.8294979090914929,0.35640650262672513
lab006,F3,2026-04-09 10:50:44,COLD->OFF,COLD,OFF,-1.0859380336061537,0.08989407523548447,0.8425016555652354,0.35936381471335926
lab006,F3,2026-04-09 10:53:15,COLD->OFF,COLD,OFF,-0.9787819787617352,0.10118555528507481,0.7639618430157937,0.4582916891815377
lab006,F3,2026-04-09 11:19:35,OFF->COLD,OFF,COLD,-0.4726799242574822,0.030917895716856422,0.32014290269353,0.4193717117978666
lab006,F3,2026-04-09 11:20:40,OFF->COLD,OFF,COLD,-0.34985172800232406,0.026582231924220517,0.4367930242779087,0.4134542084353034
lab006,F3,2026-04-09 11:23:59,COLD->OFF,COLD,OFF,-0.4167988596772987,0.01357892155327764,0.6483155784995144,0.45262641610041143
lab006,F3,2026-04-09 11:25:04,COLD->OFF,COLD,OFF,-0.3283976548620151,0.00946094789827727,0.6344584500902178,0.4436424846422974
lab006,F3,2026-04-09 11:50:10,OFF->COLD,OFF,COLD,-1.1877614867652557,-0.015170125852512852,0.6911199332469778,0.7580238545663539
lab006,F3,2026-04-09 11:51:32,COLD->OFF,COLD,OFF,-1.4675107228140472,-0.009248267395027196,0.8113062950907349,0.720022666267637
lab006,F3,2026-04-09 11:56:13,COLD->OFF,COLD,OFF,-0.8741754234382262,0.005566996965117976,0.7391568300719102,0.7148170936535454
lab006,F3,2026-04-09 12:22:31,OFF->COLD,OFF,COLD,-0.8487061460142022,-0.006691946048831898,0.5289649750713973,0.6261888033475056
lab006,F3,2026-04-09 12:24:00,COLD->OFF,COLD,OFF,-1.0062797596231847,-0.0029268585758688735,0.5878694478704363,0.5906816922620536
lab006,F3,2026-04-09 12:28:14,COLD->OFF,COLD,OFF,-0.08188371300577248,0.002470810909712107,0.4241982320424507,0.3785708483934787
lab006,F3,2026-04-09 12:29:53,OFF->COLD,OFF,COLD,0.19734631629315524,0.0027076589399293027,0.4694646301841209,0.5150479474408096
lab006,F3,2026-04-09 12:48:42,OFF->COLD,OFF,COLD,-0.841481520966177,0.008439991992471274,0.5029469501548851,0.9600992451763246
lab006,F3,2026-04-09 12:50:04,OFF->COLD,OFF,COLD,-0.9961786838535021,0.01079939971296282,0.3692093290345745,0.8281628723890492
lab006,F3,2026-04-09 12:54:49,COLD->OFF,COLD,OFF,-0.34789283727936926,0.013414230531193371,0.8321927319262898,0.5293412910114655
lab006,F3,2026-04-09 13:22:19,OFF->COLD,OFF,COLD,-0.928968874330874,0.0005430572931783423,0.7459686712272044,0.5076232128498426
lab006,F3,2026-04-09 13:26:19,COLD->OFF,COLD,OFF,-0.15238703770677453,0.012911378493897008,0.6008874810890137,0.23913522754108862
lab006,F3,2026-04-09 13:43:18,OFF->COLD,OFF,COLD,-0.8554037251786032,0.027519168870422384,0.33129346881957367,1.185293138253874
lab006,F3,2026-04-09 13:48:30,COLD->OFF,COLD,OFF,-0.7715005490465391,0.025834204341680246,0.9246430589477582,0.8007135353490877
lab006,F3,2026-04-09 14:15:25,OFF->COLD,OFF,COLD,-1.4957579113940418,-0.0014815952220380345,1.0890653484286583,0.711695850397264
lab006,F3,2026-04-09 14:16:27,COLD->OFF,COLD,OFF,-1.4071136063521785,0.004794856240730283,1.0503577039480279,0.582022212062474
lab006,F3,2026-04-09 14:21:15,COLD->OFF,COLD,OFF,-0.44182116798630644,0.023383409361159745,0.9744806642575526,0.42120273370014577
lab006,F3,2026-04-09 14:44:35,OFF->COLD,OFF,COLD,-1.200513351579858,-0.03214492529832915,0.899614429145701,2.0253865072672115
lab006,F3,2026-04-09 14:45:37,COLD->OFF,COLD,OFF,-1.128903967191318,-0.041947806364790896,1.0013616614835084,2.099092210151681
lab006,F3,2026-04-09 14:48:04,COLD->OFF,COLD,OFF,-0.9737794371696107,-0.06488708903198132,1.080880866143725,2.0692680089421174
lab006,F3,2026-04-09 14:49:10,OFF->COLD,OFF,COLD,-0.5619704274483419,-0.07782775464031752,1.3145248109336585,1.9030513635291275
lab006,F3,2026-04-09 15:09:03,OFF->COLD,OFF,COLD,-8.28963995825981,-0.15453939134037398,9.346364606556957,4.2448582557825185
lab006,F3,2026-04-09 15:10:12,OFF->COLD,OFF,COLD,-4.4081049220089215,-0.12646957095807262,9.737896237652198,7.577364855935579
lab006,F3,2026-04-09 15:16:40,COLD->OFF,COLD,OFF,3.6098861012479144,0.02838379920896683,9.983062967660327,16.123262906773093
lab006,F3,2026-04-09 15:38:03,OFF->COLD,OFF,COLD,0.7346836528938865,0.5027067999366416,3.65767716559893,2.994535573996039
lab006,F3,2026-04-09 15:39:49,COLD->OFF,COLD,OFF,0.9477697358028698,0.4645743954210968,3.5354289902083864,2.6397426566805025
lab006,F3,2026-04-09 15:43:56,COLD->OFF,COLD,OFF,1.5173425871282062,0.32789436905011493,3.5229891508286113,2.0134992648623817
lab006,F3,2026-04-09 15:44:58,OFF->COLD,OFF,COLD,1.5462685349816578,0.28937854518646033,3.416057408591574,1.8743278592923045
lab006,F3,2026-04-09 16:10:32,OFF->COLD,OFF,COLD,-0.26876880944200593,-0.36517104204099543,0.6133464232994248,0.8516108312414163
lab006,F3,2026-04-09 16:11:34,COLD->OFF,COLD,OFF,-0.12880784754446944,-0.3633446398384405,0.6013234274709608,0.9007093579224372
lab006,F3,2026-04-09 16:15:03,COLD->OFF,COLD,OFF,0.8999438621716133,-0.3472750107686595,0.6749934516262547,1.044147356097827
lab006,F3,2026-04-09 16:40:51,OFF->COLD,OFF,COLD,-0.6356529966687252,0.023771534230076108,0.42958463887039455,0.45896063973521817
lab006,F3,2026-04-09 16:45:59,COLD->OFF,COLD,OFF,-0.30249823553370636,0.07257181718719075,0.6600354900491935,0.25518994976613885
lab006,F3,2026-04-09 16:47:11,COLD->OFF,COLD,OFF,-0.24165437980286975,0.07950082484793897,0.7646666305866778,0.4253711522441381
lab006,F3,2026-04-09 17:09:26,OFF->COLD,OFF,COLD,-0.9365061804582185,0.12210268591282243,0.568083625378964,0.6155445563738259
lab006,F3,2026-04-09 17:12:38,COLD->OFF,COLD,OFF,-0.39078771181879496,0.11913513833637834,0.6277716099672529,0.30792262126920544
lab006,F3,2026-04-09 17:33:14,OFF->COLD,OFF,COLD,-1.0225273305319766,0.04954144709543455,0.5546619070422987,0.7121455300431562
lab006,F3,2026-04-09 17:34:15,OFF->COLD,OFF,COLD,-1.156788180933637,0.047966825387834436,0.5862987488021433,0.7149209127703272
lab006,F3,2026-04-09 17:38:33,COLD->OFF,COLD,OFF,-0.2657510552542807,0.032289022493024205,0.7198049780068722,0.4259185052600017
lab006,F3,2026-04-09 18:00:10,OFF->COLD,OFF,COLD,-0.612142433131194,-0.043974504878067575,0.601423178561213,0.4614210973246858
lab006,F3,2026-04-09 18:04:48,COLD->OFF,COLD,OFF,0.007630670947576773,-0.04005528258306672,0.5562168774746508,0.40444318975925336
lab006,F3,2026-04-09 18:15:33,OFF->COLD,OFF,COLD,-0.443490448172263,-0.02466826553808774,0.3129564550763681,0.9644131084845204
lab006,F3,2026-04-09 18:16:35,COLD->OFF,COLD,OFF,-0.7044296068654698,-0.02229734711317937,0.3675544478704586,0.852998385141455
lab006,F3,2026-04-09 18:17:36,OFF->COLD,OFF,COLD,-1.1810310846591845,-0.01957435243732073,0.6095134720477522,0.8224639019074953
lab006,F3,2026-04-09 18:20:31,COLD->OFF,COLD,OFF,-0.7191435856558926,-0.01427286726693602,0.8032818919715786,0.5675803299342448
lab006,F3,2026-04-09 18:45:31,OFF->COLD,OFF,COLD,-1.3194506134553623,-0.003971515557247507,0.8036001949122443,0.8055422966614606
lab006,F3,2026-04-09 18:51:04,COLD->OFF,COLD,OFF,-0.6922855328716357,0.012156926099567134,0.6219135378881465,0.5942759996809905
lab006,F3,2026-04-09 19:16:07,OFF->COLD,OFF,COLD,-1.2658659860169736,0.006268054023178583,0.7064355808016349,1.1146938918061502
lab006,F3,2026-04-09 19:17:19,COLD->OFF,COLD,OFF,-1.4872601785852888,0.010081344936098979,0.7335028303121924,0.8379891895007608
lab006,F3,2026-04-09 19:21:50,COLD->OFF,COLD,OFF,-0.9034599054975979,0.018593515370743587,0.9884367784012741,0.7262716787340382
lab006,F3,2026-04-09 19:45:51,OFF->COLD,OFF,COLD,-1.194561434811365,-0.0012900678756993834,0.7634622919218447,0.7761505077170241
lab006,F3,2026-04-09 19:47:07,COLD->OFF,COLD,OFF,-1.3147845140640961,0.004162471800724356,0.7781366158429451,0.7320408595269824
lab006,F3,2026-04-09 19:51:35,COLD->OFF,COLD,OFF,-0.7649137539527804,0.01778150357040298,0.9027978833165128,0.5183628866853184
lab006,F3,2026-04-09 20:14:31,OFF->COLD,OFF,COLD,-1.262926631596312,0.012488586233441535,0.6922924461752138,0.9729131452224697
lab006,F3,2026-04-09 20:15:39,COLD->OFF,COLD,OFF,-1.3826407634533886,0.01413063578019269,0.6012266973701811,0.8924102517179235
lab006,F3,2026-04-09 20:19:09,COLD->OFF,COLD,OFF,-1.011393796278092,0.016442471006288352,0.8596436157721434,0.7895871728701596
lab006,F3,2026-04-09 20:45:31,OFF->COLD,OFF,COLD,-1.2361516389868985,-0.0027026586321573735,0.7880997731475206,0.7728352983658079
lab006,F3,2026-04-09 20:50:33,COLD->OFF,COLD,OFF,-0.5346663519293793,0.015064649061455972,0.7967955914630516,0.36730721900438384
lab006,F3,2026-04-09 21:11:15,OFF->COLD,OFF,COLD,-1.5800275030876265,0.017963647105815817,0.8283721892350179,0.9946528178131164
lab006,F3,2026-04-09 21:12:17,COLD->OFF,COLD,OFF,-1.66104586973858,0.019723073440825266,0.7579922044641507,1.0321121848865484
lab006,F3,2026-04-09 21:15:36,COLD->OFF,COLD,OFF,-0.8340199586496757,0.020838431764126406,0.6686997117344988,0.7278770798205052
lab006,F3,2026-04-09 21:41:20,OFF->COLD,OFF,COLD,-1.345630696067252,-0.0073482916608983645,0.7981799751571856,0.7512834162240724
lab006,F3,2026-04-09 21:42:29,COLD->OFF,COLD,OFF,-1.5861173013604235,-0.00271513327163424,0.7643350659522125,0.8805451250083205
lab006,F3,2026-04-09 21:45:24,COLD->OFF,COLD,OFF,-1.0554690733194976,0.006461426310673613,0.7577912743358477,0.6643111214387549
lab006,F3,2026-04-09 22:12:09,OFF->COLD,OFF,COLD,-1.6640002819716924,0.007563044408588838,0.7756337661964182,1.0261228887568807
lab006,F3,2026-04-09 22:13:15,COLD->OFF,COLD,OFF,-1.7202433226267555,0.010570309488428187,0.8011184245167132,1.0325042412298933
lab006,F3,2026-04-09 22:15:42,COLD->OFF,COLD,OFF,-0.8959840190331817,0.015932608657263803,0.914908565419682,0.6568001444168322
lab006,F3,2026-04-09 22:16:44,OFF->COLD,OFF,COLD,-0.6833974748160192,0.016931585825628214,0.9173055717862457,0.558663094614439
lab006,F3,2026-04-09 22:40:42,OFF->COLD,OFF,COLD,-0.8549006151745326,0.008332123492172362,0.5104665146791987,0.8653669613186693
lab006,F3,2026-04-09 22:41:47,COLD->OFF,COLD,OFF,-1.1780525158647532,0.012145240524036982,0.586683211355598,1.1139200330074435
lab006,F3,2026-04-09 22:47:41,COLD->OFF,COLD,OFF,-0.619485213725781,0.022502329926764642,0.8297729186190983,0.7237797490846941
lab006,F3,2026-04-09 23:16:03,OFF->COLD,OFF,COLD,-0.9909086718385662,-0.0051056074149896866,0.6163858006521158,0.9162134988144786
lab006,F3,2026-04-09 23:17:22,OFF->COLD,OFF,COLD,-0.9939747500772675,0.0010504570155878135,0.5319727278202774,0.889833225061605
lab006,F3,2026-04-09 23:22:34,COLD->OFF,COLD,OFF,-0.672518859564796,0.018214412567825012,0.6974059807983092,0.4821954586306264
lab006,F3,2026-04-09 23:23:36,COLD->OFF,COLD,OFF,-0.2594853724585498,0.019894805380248216,0.6317711072434805,0.5390636299635162
lab006,F3,2026-04-09 23:48:43,OFF->COLD,OFF,COLD,-1.248438267219777,0.019799171829211384,0.7048589206527337,0.83282278259859
lab006,F3,2026-04-09 23:49:58,COLD->OFF,COLD,OFF,-1.4968806373814352,0.023023293032284543,0.5818936652838259,0.9974033048808714
lab006,F3,2026-04-09 23:52:57,COLD->OFF,COLD,OFF,-0.8515589740235686,0.0271474954803125,0.7030812888821287,0.789398022065184
lab006,F3,2026-04-09 23:53:58,COLD->OFF,COLD,OFF,-0.5661591420695875,0.0270829848263066,0.7996366424443949,0.68938451565383
lab006,F3,2026-04-10 00:25:23,OFF->COLD,OFF,COLD,-0.8186819512594758,0.0046174917703456055,0.42896318161748326,0.7481804763023342
lab006,F3,2026-04-10 00:26:24,OFF->COLD,OFF,COLD,-1.0441429678002303,0.008190085981910577,0.5171825820124635,0.7694685563250709
lab006,F3,2026-04-10 00:27:29,COLD->OFF,COLD,OFF,-1.469458645001203,0.011870176891434171,0.5718062139955357,0.9689678459149833
lab006,F3,2026-04-10 00:30:04,COLD->OFF,COLD,OFF,-1.0180989826938718,0.017242196992957835,0.5016027440799495,0.7969642373658722
lab006,F3,2026-04-10 01:03:59,OFF->COLD,OFF,COLD,-1.2285036829524092,0.019081040533252835,0.5636597440799923,1.0294639612191512
lab006,F3,2026-04-10 01:05:01,COLD->OFF,COLD,OFF,-1.4436731082024752,0.022950892097257824,0.57777515340382,1.0978323017675158
lab006,F3,2026-04-10 01:09:39,COLD->OFF,COLD,OFF,-0.8787551862448415,0.03298497673687324,0.8696338579547988,0.6977187696429068
lab006,F3,2026-04-10 01:42:15,OFF->COLD,OFF,COLD,-1.3476697003496099,0.02128987381866825,0.7352025202886068,0.9720020135926786
lab006,F3,2026-04-10 01:43:24,COLD->OFF,COLD,OFF,-1.4949469913476703,0.02668687242526504,0.7613231026545414,0.857085924413093
lab006,F3,2026-04-10 01:48:43,COLD->OFF,COLD,OFF,-0.7293325236575507,0.03931217445678552,0.7555450846914198,0.7964981587935595
lab006,F3,2026-04-10 02:26:11,OFF->COLD,OFF,COLD,-1.2604280941101718,0.02091724366762708,0.7231110968252522,0.9777290992363287
lab006,F3,2026-04-10 02:27:16,OFF->COLD,OFF,COLD,-1.4028485639229458,0.02644424267523977,0.6308408110338442,1.055350452194562
lab006,F3,2026-04-10 02:32:12,COLD->OFF,COLD,OFF,-1.0614366257897272,0.04023862963421135,0.8317907765754037,0.9133236814041116
lab006,F3,2026-04-10 03:07:50,OFF->COLD,OFF,COLD,-1.1436136035904139,0.017599193370881137,0.5828037535006554,0.8515329395972097
lab006,F3,2026-04-10 03:08:52,OFF->COLD,OFF,COLD,-1.3164204000874593,0.021815464405647148,0.5788728279104762,0.888099818113962
lab006,F3,2026-04-10 03:10:01,COLD->OFF,COLD,OFF,-1.3640814019642094,0.025922406041118062,0.6244482220445775,0.8799239265856588
lab006,F3,2026-04-10 03:11:30,COLD->OFF,COLD,OFF,-1.1641167335039642,0.02981462639839849,0.5304731805987413,0.783854175328058
lab006,F3,2026-04-10 03:48:31,OFF->COLD,OFF,COLD,-1.3691413984211158,0.027244529819284404,0.6312160608740705,1.005146190115538
lab006,F3,2026-04-10 03:49:32,OFF->COLD,OFF,COLD,-1.384202126239995,0.03132120814258847,0.5444154713024137,1.0454589455047882
lab006,F3,2026-04-10 03:54:38,COLD->OFF,COLD,OFF,-1.0381005526205598,0.04042230468133941,0.7870426871636068,1.0125049884543813
lab006,F3,2026-04-10 04:33:52,OFF->COLD,OFF,COLD,-1.3671280458206807,0.03580013529835729,0.6224629395729245,0.9373648904948976
lab006,F3,2026-04-10 04:34:57,OFF->COLD,OFF,COLD,-1.3991468928717943,0.04139186108221615,0.5967835740026217,0.9066468943642013
lab006,F3,2026-04-10 04:37:56,COLD->OFF,COLD,OFF,-1.281090410346906,0.05074646750354672,0.5577384658156828,0.9835244702647838
lab006,F3,2026-04-10 04:38:58,OFF->COLD,OFF,COLD,-1.1770760869712709,0.05191333108714735,0.6004291754758272,0.999499051685391
lab006,F3,2026-04-10 05:17:14,OFF->COLD,OFF,COLD,-0.8892514678490182,0.018849827556304887,0.5787556778538739,1.0965880130259131
lab006,F3,2026-04-10 05:19:14,OFF->COLD,OFF,COLD,-1.0252075302251376,0.028782217019148692,0.5096524287585277,1.1156301914027467
lab006,F3,2026-04-10 05:20:16,OFF->COLD,OFF,COLD,-1.1746848217980022,0.03373694836316101,0.4405288151695649,1.0779227216249798
lab006,F3,2026-04-10 05:21:35,COLD->OFF,COLD,OFF,-1.4398074664257319,0.03802718194611732,0.5393761290273621,1.039107720137677
lab006,F3,2026-04-10 05:24:50,COLD->OFF,COLD,OFF,-0.9669807691420156,0.044392069176158164,0.7129557968679592,0.8629635888940486
lab006,F3,2026-04-10 06:05:38,OFF->COLD,OFF,COLD,-1.2021061754625015,0.03769782263851305,0.47781639458014186,1.060758180965855
lab006,F3,2026-04-10 06:06:40,OFF->COLD,OFF,COLD,-1.4227673782466463,0.04155317336997921,0.4780563455807131,1.085081834015234
lab006,F3,2026-04-10 06:08:09,COLD->OFF,COLD,OFF,-1.4592485061724958,0.046154002205677266,0.5419516410943538,1.0469875045326078
lab006,F3,2026-04-10 06:10:26,COLD->OFF,COLD,OFF,-1.0314797684868813,0.04935386718012591,0.6857384201723162,0.9039504327884781
lab006,F3,2026-04-10 06:53:24,OFF->COLD,OFF,COLD,-1.3740391899821187,0.04226399080251984,0.6548199592943198,0.9937576612037434
lab006,F3,2026-04-10 06:54:33,OFF->COLD,OFF,COLD,-1.539566394909889,0.04782751527260381,0.6935026505839273,1.0367732086249728
lab006,F3,2026-04-10 06:59:39,COLD->OFF,COLD,OFF,-1.227936153421928,0.05871199087507914,0.6871304826083025,1.1053420685078374
lab006,F3,2026-04-10 07:41:28,OFF->COLD,OFF,COLD,-1.1716429828850627,0.0410834583127551,0.5561615903787087,0.9055087325139438
lab006,F3,2026-04-10 07:42:33,OFF->COLD,OFF,COLD,-1.405039016006508,0.04654818452314551,0.5638493319461962,0.9830103874714776
lab006,F3,2026-04-10 07:46:19,COLD->OFF,COLD,OFF,-1.2936922073967752,0.06039508677652075,0.7234970144815727,1.0188432889316343
lab006,F3,2026-04-10 08:28:50,OFF->COLD,OFF,COLD,-1.1258081759125345,0.010955067966633435,0.6340203944609513,0.8726217503135386
lab006,F3,2026-04-10 08:29:56,COLD->OFF,COLD,OFF,-1.186248665970076,0.015266823432514265,0.4992316834288857,0.9657576766953296
lab006,F3,2026-04-10 08:30:57,COLD->OFF,COLD,OFF,-1.4101973026440118,0.018718243766111354,0.49168698745031414,0.98802754613719
lab006,F3,2026-04-10 08:35:01,COLD->OFF,COLD,OFF,-0.7588019285871712,0.026552536232416556,0.7261050068409092,0.87784952793198
lab006,F3,2026-04-10 09:10:43,OFF->COLD,OFF,COLD,-1.1843404795284247,0.03727511275446221,0.7378747698328401,1.0697788894750715
lab006,F3,2026-04-10 09:11:49,COLD->OFF,COLD,OFF,-1.3050552118004266,0.04353226727790371,0.5855666032384884,1.114436193544237
lab006,F3,2026-04-10 09:12:50,OFF->COLD,OFF,COLD,-1.542157312103345,0.047987947889836575,0.5968194942845905,1.0518250846255965
lab006,F3,2026-04-10 09:16:30,COLD->OFF,COLD,OFF,-1.1889842079744641,0.056454234580560494,0.7278769043212662,1.1058339449236139
lab006,F3,2026-04-10 09:17:32,OFF->COLD,OFF,COLD,-0.9020924442395579,0.05648020108736489,0.8219269255355496,1.0101772662303474
lab006,F3,2026-04-10 09:53:32,OFF->COLD,OFF,COLD,-1.240716161213463,0.013051768445893865,0.7511345925745903,0.7040291729781649
lab006,F3,2026-04-10 09:54:33,OFF->COLD,OFF,COLD,-1.4114962646317728,0.019374129996086252,0.7267541297123962,0.7706701693559493
lab006,F3,2026-04-10 09:59:53,COLD->OFF,COLD,OFF,-1.051790178681265,0.04323132438440683,0.866556667325322,0.8216482058548689
lab006,F3,2026-04-10 10:31:18,OFF->COLD,OFF,COLD,-0.5516967335221151,0.0012815838489534485,0.7165609459774717,0.7318516541904574
lab006,F3,2026-04-10 10:32:23,COLD->OFF,COLD,OFF,-0.7294497605365561,0.0013006879263755856,0.7191434697608942,0.7580028212890904
lab006,F3,2026-04-10 10:37:15,COLD->OFF,COLD,OFF,-0.021840796445925237,-0.0051024336686049665,0.7668416301889817,0.5030121762238551
lab006,F3,2026-04-10 11:04:33,OFF->COLD,OFF,COLD,-1.008974746462683,-0.0033223556264834614,0.7141925161726728,0.6210168592360248
lab006,F3,2026-04-10 11:05:35,OFF->COLD,OFF,COLD,-1.200301124107109,0.0028168325939165392,0.7321764017189729,0.5281368276413295
lab006,F3,2026-04-10 11:09:35,COLD->OFF,COLD,OFF,-0.8827519833838665,0.022914371345543923,0.7274727735340084,0.5440398906084002
lab006,F3,2026-04-10 11:39:04,OFF->COLD,OFF,COLD,-1.114809959967558,0.03731612524084271,0.5809723283968455,0.9637304530836377
lab006,F3,2026-04-10 11:40:19,OFF->COLD,OFF,COLD,-1.227797585296911,0.04047100473206724,0.5586188395348701,0.8762382365237193
lab006,F3,2026-04-10 11:44:16,COLD->OFF,COLD,OFF,-0.8593952733373655,0.043989967674774456,0.7511064686654789,0.765811637086878
lab006,F3,2026-04-10 12:14:49,OFF->COLD,OFF,COLD,-1.3463915155181159,-0.018305369729311936,0.7164946268253176,0.8081724687042993
lab006,F3,2026-04-10 12:16:01,COLD->OFF,COLD,OFF,-1.3343866252286718,-0.013915279855040286,0.6246915488227325,0.8086221870177174
lab006,F3,2026-04-10 12:19:17,COLD->OFF,COLD,OFF,-0.7876967497309169,-0.004959886180693385,0.8164953380181946,0.5669944950182082
lab006,F3,2026-04-10 12:50:19,OFF->COLD,OFF,COLD,-1.3724849367246463,0.010708035025736699,0.5972533643383986,0.9719904428176589
lab006,F3,2026-04-10 12:54:30,COLD->OFF,COLD,OFF,-0.696530286856892,0.020114863228902102,0.5511118532786958,0.744820028658553
lab006,F3,2026-04-10 12:55:35,COLD->OFF,COLD,OFF,-0.5300511963241215,0.02037040355966964,0.6341770510366976,0.7156700669889756
lab006,F3,2026-04-10 13:19:03,OFF->COLD,OFF,COLD,-1.3540748782359957,0.004561610152911122,0.984772368247013,0.6417441843569598
lab006,F3,2026-04-10 13:20:11,COLD->OFF,COLD,OFF,-1.470270132289218,0.010467699510164859,0.9819595929120767,0.5548685248298159
lab006,F3,2026-04-10 13:23:27,COLD->OFF,COLD,OFF,-0.9354895433023054,0.025909611252118304,0.9492552641872344,0.45885603554351
lab006,F3,2026-04-10 13:24:43,OFF->COLD,OFF,COLD,-0.8211539489060891,0.02989192054390992,0.9235395534181838,0.4103824882528897
lab006,F3,2026-04-10 13:46:58,OFF->COLD,OFF,COLD,-1.518250861505901,0.032527458861943706,0.5939225433083307,0.9711165933460427
lab006,F3,2026-04-10 13:48:00,OFF->COLD,OFF,COLD,-1.5560951183412275,0.03249715813047906,0.6136385813396648,0.9781157834274664
lab006,F3,2026-04-10 13:50:10,COLD->OFF,COLD,OFF,-1.1446619223804677,0.030754950178409058,0.595321711309038,0.7830685410572752
lab006,F3,2026-04-10 13:51:12,COLD->OFF,COLD,OFF,-0.9441969047308006,0.029146328564865084,0.6433304897876894,0.7475101882184934
lab006,F3,2026-04-10 14:22:06,OFF->COLD,OFF,COLD,-1.3209007824126524,-0.007665671874457036,0.844676545225528,0.5739199858307682
lab006,F3,2026-04-10 14:23:32,COLD->OFF,COLD,OFF,-1.4366335219734445,-0.0009220889496790001,0.8742148014410318,0.6562596366360627
lab006,F3,2026-04-10 14:25:59,COLD->OFF,COLD,OFF,-0.6854687016718137,0.009663224197317978,0.8700579314849017,0.4406011265450045
lab006,F3,2026-04-10 14:52:57,OFF->COLD,OFF,COLD,-1.8360979958077672,0.029533548041542713,0.9972287396095896,1.0002878939364943
lab006,F3,2026-04-10 14:55:35,COLD->OFF,COLD,OFF,-1.7381512192404784,0.03545256379774866,1.0176959907183503,1.1380743952090884
lab006,F3,2026-04-10 15:23:55,OFF->COLD,OFF,COLD,-0.5649555165364241,-0.1380689121982569,0.6709306490116187,1.2838213609361064
lab006,F3,2026-04-10 15:25:03,OFF->COLD,OFF,COLD,-0.6629128581689644,-0.14395911881944984,0.5858009107349416,1.356873996427509
lab006,F3,2026-04-10 15:29:04,COLD->OFF,COLD,OFF,0.2518511926206599,-0.16323080132044554,1.1335424078582703,0.8522612042422989
lab006,F3,2026-04-10 15:57:33,OFF->COLD,OFF,COLD,-1.2632147685440016,0.4730372007848412,1.8349733136040838,2.7769083712403364
lab006,F3,2026-04-10 15:58:35,OFF->COLD,OFF,COLD,-0.6772332050198668,0.4753394334568831,2.0172477956205057,2.6006979702392847
lab006,F3,2026-04-10 16:02:39,COLD->OFF,COLD,OFF,0.7465433422365275,0.4296187169840596,2.727398568143079,1.9602002641742038
lab006,F3,2026-04-10 16:03:41,OFF->COLD,OFF,COLD,0.9435649437425222,0.40857058682681907,2.773443865615976,1.8288009971276702
lab006,F3,2026-04-10 16:34:52,OFF->COLD,OFF,COLD,0.41602861436901767,-0.3004345741265558,0.5548699181440497,0.8151109720122964
lab006,F3,2026-04-10 16:35:54,COLD->OFF,COLD,OFF,0.2887343512777587,-0.29893756971200236,0.5910814854758283,0.7939420596657918
lab006,F3,2026-04-10 16:41:09,COLD->OFF,COLD,OFF,-0.22199747164071926,-0.26324406672723666,0.746531263645447,0.575780717821363
lab006,F3,2026-04-10 17:12:03,OFF->COLD,OFF,COLD,-1.07533700915068,0.08671231262451332,0.6619244254474773,0.6855130371612558
lab006,F3,2026-04-10 17:13:05,OFF->COLD,OFF,COLD,-1.1879381542733538,0.09391966078601593,0.747004902596102,0.6698135414150275
lab006,F3,2026-04-10 17:17:47,COLD->OFF,COLD,OFF,-0.39808191852735725,0.1176237350714278,0.8865497119942314,0.34604398978733697
lab006,F3,2026-04-10 17:18:49,OFF->COLD,OFF,COLD,-0.17799132197752954,0.11962433641015237,0.8988924923816736,0.3162079808243963
lab006,F3,2026-04-10 17:48:03,OFF->COLD,OFF,COLD,-0.49427153639036947,0.044350821956659514,0.44004754544991054,0.7348847623325429
lab006,F3,2026-04-10 17:49:05,COLD->OFF,COLD,OFF,-0.6679264640735721,0.041903954558803004,0.48976687177041206,0.6921444669561192
lab006,F3,2026-04-10 17:53:39,COLD->OFF,COLD,OFF,-0.12006854540352052,0.027289607261927182,0.6444071740927669,0.41237849135175714
lab006,F3,2026-04-10 18:23:35,OFF->COLD,OFF,COLD,-0.937323618747516,-0.026009621787335926,0.5722348760477114,0.5102950312625039
lab006,F3,2026-04-10 18:27:53,COLD->OFF,COLD,OFF,-0.44523116704618626,-0.01218327085841029,0.7274583222384641,0.4210995775791986
lab006,F3,2026-04-10 18:29:49,COLD->OFF,COLD,OFF,-0.2892506335669602,-0.007919111296039727,0.6317411666622067,0.4307761311355334
lab006,F3,2026-04-10 18:48:46,OFF->COLD,OFF,COLD,-0.6478875116213556,0.006477010680160511,0.4648792493182577,0.5430489517423884
lab006,F3,2026-04-10 18:49:48,OFF->COLD,OFF,COLD,-0.7928717954684772,0.00817591924016261,0.4739691566885915,0.5293531663103177
lab006,F3,2026-04-10 18:50:50,COLD->OFF,COLD,OFF,-0.9068302845988749,0.009725133098133033,0.49303723990711357,0.5309162809910555
lab006,F3,2026-04-10 18:52:50,COLD->OFF,COLD,OFF,-0.8078645301422446,0.011996198226390932,0.5334114797860202,0.5244821248817545
lab006,F3,2026-04-10 18:53:55,OFF->COLD,OFF,COLD,-0.6647060775311789,0.012685224558265151,0.5262166136075851,0.5251828121737013
lab006,F3,2026-04-10 19:23:27,OFF->COLD,OFF,COLD,-0.8692794925477398,0.002903143345794845,0.5338585720381268,0.67503206173934
lab006,F3,2026-04-10 19:24:36,COLD->OFF,COLD,OFF,-0.9620664095072378,0.0050952667607066186,0.5415895369181017,0.633930551752996
lab006,F3,2026-04-10 19:27:45,COLD->OFF,COLD,OFF,-0.4838619062924552,0.008618973566608634,0.49350333095924126,0.4926959788526534
lab006,F3,2026-04-10 19:28:46,COLD->OFF,COLD,OFF,-0.23220953175030526,0.00901775293935998,0.7629206222803865,0.39597720970707995
lab006,F3,2026-04-10 19:52:42,OFF->COLD,OFF,COLD,-0.8782021551993963,0.004354321096998515,0.6481743656752158,0.5610023531585143
lab006,F3,2026-04-10 19:53:51,COLD->OFF,COLD,OFF,-1.0315235956027156,0.007811187881014181,0.6747282286954441,0.570866859558004
lab006,F3,2026-04-10 19:56:36,COLD->OFF,COLD,OFF,-0.9676756887274767,0.014760478200825133,0.6136513290131588,0.612069179386611
lab006,F3,2026-04-10 19:57:38,COLD->OFF,COLD,OFF,-0.6766859268579023,0.016395198060754977,0.6634833272671764,0.5436994145654734
lab006,F3,2026-04-10 20:22:29,OFF->COLD,OFF,COLD,-1.1620783874153195,0.007467815137266953,0.6917339457661236,0.7781775204849897
lab006,F3,2026-04-10 20:23:31,OFF->COLD,OFF,COLD,-1.3028700178178776,0.009123447370646787,0.7031374614770007,0.7805148413303489
lab006,F3,2026-04-10 20:27:42,COLD->OFF,COLD,OFF,-0.6725575065815059,0.011857102092067518,0.6405845079629072,0.622830619490684
lab006,F3,2026-04-10 20:58:02,OFF->COLD,OFF,COLD,-1.0449524255764229,0.0010758972728615937,0.5837580782879397,0.698119144389218
lab006,F3,2026-04-10 20:59:04,COLD->OFF,COLD,OFF,-1.0372840554916798,0.004362821200361643,0.5322042866225246,0.7175469980544475
lab006,F3,2026-04-10 21:00:16,COLD->OFF,COLD,OFF,-0.7396964406268263,0.008106154219186212,0.5374268953894717,0.48345393711967094
lab006,F3,2026-04-10 21:03:01,COLD->OFF,COLD,OFF,-0.41200755763660285,0.012968719756227553,0.7269899015562635,0.47052264553900597
lab006,F3,2026-04-10 21:04:13,OFF->COLD,OFF,COLD,-0.16683968936985819,0.01389377800053664,0.8091550114445183,0.4515538592054771
lab006,F3,2026-04-10 21:26:23,OFF->COLD,OFF,COLD,-0.8497282795353058,0.009244109297108505,0.5993285577112955,0.7647057378194562
lab006,F3,2026-04-10 21:27:25,OFF->COLD,OFF,COLD,-1.0024761218397074,0.011080688665444162,0.6441668908912633,0.7448500399367516
lab006,F3,2026-04-10 21:31:36,COLD->OFF,COLD,OFF,-0.2481119232253347,0.01687140762934085,0.7304774606665838,0.44245239190882235
lab006,F3,2026-04-10 21:33:02,COLD->OFF,COLD,OFF,-0.4333963333527298,0.01737252774473772,0.7094652456604688,0.4550878498766946
lab006,F3,2026-04-10 21:53:36,OFF->COLD,OFF,COLD,-1.1192302895419042,0.007487017044154864,0.6821463366645634,0.7087922797014885
lab006,F3,2026-04-10 21:54:38,COLD->OFF,COLD,OFF,-1.1770252963620322,0.008953915386476476,0.6824584992891461,0.7059553560546263
lab006,F3,2026-04-10 21:58:38,COLD->OFF,COLD,OFF,-0.787032338186102,0.011848221217042012,0.7558939301723105,0.6312274508362652
lab006,F3,2026-04-10 22:26:50,OFF->COLD,OFF,COLD,-0.9219597375081429,-0.005212310923331919,0.6200149316096499,0.6623371247960494
lab006,F3,2026-04-10 22:27:59,COLD->OFF,COLD,OFF,-1.03389039364624,-0.0015854596294788692,0.5953624854051334,0.7051260664188994
lab006,F3,2026-04-10 22:32:34,COLD->OFF,COLD,OFF,-0.203622679992975,0.007270479203435619,0.7364123100236624,0.38517064764076897
lab006,F3,2026-04-10 22:54:27,OFF->COLD,OFF,COLD,-1.2341527018079879,0.012128520623553563,0.6238845869014291,0.6973570844608826
lab006,F3,2026-04-10 22:56:00,COLD->OFF,COLD,OFF,-1.1255655742535058,0.015169655384011894,0.6471664039429764,0.6726726709957178
lab006,F3,2026-04-10 22:58:31,COLD->OFF,COLD,OFF,-0.6301717646652836,0.018214877946257514,0.7174812601215657,0.5299454986951208
lab006,F3,2026-04-10 23:28:29,OFF->COLD,OFF,COLD,-0.4953900322778687,-0.007073155464375702,0.550344457025054,0.4466483906814317
lab006,F3,2026-04-10 23:34:16,COLD->OFF,COLD,OFF,-0.16841101968819902,0.01100172059602409,0.5623220342828859,0.24502380202186197
lab006,F3,2026-04-10 23:53:25,OFF->COLD,OFF,COLD,-1.188325886626096,0.03265150589963977,0.6078151480778984,0.8700653966838919
lab006,F3,2026-04-10 23:57:09,COLD->OFF,COLD,OFF,-0.5219184405322075,0.033459004916822896,0.7069424760468148,0.5948336807431989
lab006,F3,2026-04-11 00:27:45,OFF->COLD,OFF,COLD,-0.7108177388817019,-0.025670916710880218,0.6042428481631977,0.33417624646837996
lab006,F3,2026-04-11 00:28:47,OFF->COLD,OFF,COLD,-0.7770211921238375,-0.022030395121896883,0.5469660747382179,0.47122879834399545
lab006,F3,2026-04-11 00:32:27,COLD->OFF,COLD,OFF,-0.4883546630868697,-0.011991874189785534,0.5812312089865576,0.4287865368876843
lab006,F3,2026-04-11 00:33:29,OFF->COLD,OFF,COLD,-0.32449991240373266,-0.009896591775026754,0.5319380234405702,0.40014344254917916
lab006,F3,2026-04-11 00:53:14,OFF->COLD,OFF,COLD,-0.852063273911033,0.013854116121687545,0.6024093281247949,0.6107132204086249
lab006,F3,2026-04-11 00:56:30,COLD->OFF,COLD,OFF,-1.0660969021643507,0.02016500081841359,0.6462329283104287,0.5828997521248018
lab006,F3,2026-04-11 01:26:29,OFF->COLD,OFF,COLD,-0.909958199292026,0.006434445337930495,0.6012263395678812,0.5793669484526862
lab006,F3,2026-04-11 01:27:31,OFF->COLD,OFF,COLD,-0.9251990199324694,0.008391386995577843,0.6019672975617175,0.5893936664089641
lab006,F3,2026-04-11 01:33:18,COLD->OFF,COLD,OFF,-0.5775584850027757,0.013622722482987546,0.5080447886484011,0.5427686529475583
lab006,F3,2026-04-11 01:58:38,OFF->COLD,OFF,COLD,-1.167557025093965,-0.005464527090803806,0.6583180063189852,0.6372719009910369
lab006,F3,2026-04-11 01:59:40,OFF->COLD,OFF,COLD,-1.0813248223227796,-0.0030849071666021466,0.6253780437522856,0.6266467936854411
lab006,F3,2026-04-11 02:02:39,COLD->OFF,COLD,OFF,-0.5180777167910889,0.002193029631366361,0.719313026684249,0.4799659652925378
lab006,F3,2026-04-11 02:03:41,OFF->COLD,OFF,COLD,-0.4403130292726596,0.003137199768050803,0.7191580679044131,0.4813157505581809
lab006,F3,2026-04-11 02:26:20,OFF->COLD,OFF,COLD,-0.8390291199127136,0.003094378211388093,0.6086507558255092,0.5697537387232643
lab006,F3,2026-04-11 02:27:22,OFF->COLD,OFF,COLD,-0.9702343304308791,0.005257407480830612,0.6618780133262238,0.5798785125898888
lab006,F3,2026-04-11 02:30:58,COLD->OFF,COLD,OFF,-0.31105615173920886,0.011411554689768533,0.823982720177444,0.3126321978342434
lab006,F3,2026-04-11 02:49:53,OFF->COLD,OFF,COLD,-0.8406533566264749,0.010426771309970117,0.4843951256588489,0.7072725115202814
lab006,F3,2026-04-11 02:50:59,OFF->COLD,OFF,COLD,-0.8436420075213318,0.011065816046370091,0.4708244148044552,0.6552986437043309
lab006,F3,2026-04-11 02:52:42,COLD->OFF,COLD,OFF,-0.8265849691125965,0.01148358574993722,0.535058831590235,0.5888195445681588
lab006,F3,2026-04-11 02:53:57,COLD->OFF,COLD,OFF,-0.4578513366391126,0.011367642778050425,0.6189048158336692,0.478736223867326
lab006,F3,2026-04-11 02:54:59,COLD->OFF,COLD,OFF,-0.41713443899596586,0.0109027999383958,0.6494664791047,0.4802227641292481
lab006,F3,2026-04-11 03:26:07,OFF->COLD,OFF,COLD,-1.128490247496598,0.009538675173180878,0.7159406241834929,0.7121801518568542
lab006,F3,2026-04-11 03:27:09,COLD->OFF,COLD,OFF,-1.3385523658551164,0.01362528409468986,0.7554274697068941,0.7430572605642268
lab006,F3,2026-04-11 03:30:49,COLD->OFF,COLD,OFF,-0.8091702189023182,0.024498401954614925,0.7363832589484767,0.5833350075659337
lab006,F3,2026-04-11 04:01:03,OFF->COLD,OFF,COLD,-0.7395135544480438,-0.0017363752378116715,0.4192979346786497,0.5471137790256047
lab006,F3,2026-04-11 04:02:08,COLD->OFF,COLD,OFF,-0.659292785430917,0.0001216422544629836,0.48388728298159095,0.5073422103970563
lab006,F3,2026-04-11 04:05:45,COLD->OFF,COLD,OFF,-0.4776838749886919,0.0037688706355243793,0.6249498537837515,0.5338754408864238
lab006,F3,2026-04-11 04:33:55,OFF->COLD,OFF,COLD,-0.7713203984995898,0.0016653289596472842,0.6743369418809131,0.6226145052172215
lab006,F3,2026-04-11 04:35:00,COLD->OFF,COLD,OFF,-0.8935866094143983,0.004236991181052474,0.5955342932175566,0.6069678138787364
lab006,F3,2026-04-11 04:38:06,COLD->OFF,COLD,OFF,-0.5207727394245709,0.009219553570698301,0.614192341279567,0.5663390082366045
lab006,F3,2026-04-11 04:39:18,COLD->OFF,COLD,OFF,-0.12034191044759925,0.009929211655706639,0.5840883634635267,0.35195610572536223
lab006,F3,2026-04-11 05:03:30,OFF->COLD,OFF,COLD,-0.4382009614945791,0.002589049667483679,0.6174239861099672,0.6138742871623967
lab006,F3,2026-04-11 05:04:42,OFF->COLD,OFF,COLD,-0.5134845572117299,0.004807350089983853,0.41637711382324344,0.578797343382396
lab006,F3,2026-04-11 05:09:42,COLD->OFF,COLD,OFF,-0.19654984786785867,0.012085547757951965,0.5313130100521534,0.3571998974179837
lab006,F3,2026-04-11 05:32:00,OFF->COLD,OFF,COLD,-0.7666804399314087,0.012609780640095726,0.5014726936374497,0.5428097066913147
lab006,F3,2026-04-11 05:33:02,COLD->OFF,COLD,OFF,-0.7442667047990037,0.01363051816461711,0.49103261451468483,0.538417269160887
lab006,F3,2026-04-11 05:36:56,COLD->OFF,COLD,OFF,-0.6638969662242065,0.015110709826518763,0.5395996213985356,0.49818400245405936
lab006,F3,2026-04-11 05:37:58,COLD->OFF,COLD,OFF,-0.5685652142138282,0.014523533029504865,0.5394964264272509,0.4873576597887773
lab006,F3,2026-04-11 06:07:16,OFF->COLD,OFF,COLD,-0.8985072540875386,-0.012560887583336467,0.6606947463661794,0.5756121388837385
lab006,F3,2026-04-11 06:08:32,OFF->COLD,OFF,COLD,-0.8611567941449982,-0.009233682407725485,0.5418597258358153,0.5937457032586492
lab006,F3,2026-04-11 06:12:54,COLD->OFF,COLD,OFF,-0.12008658586848195,0.00032114539177276885,0.624215984485325,0.3747765366999886
lab006,F3,2026-04-11 06:35:05,OFF->COLD,OFF,COLD,-0.7288771813586716,0.022290223220579098,0.4731776841731269,0.5557148517800415
lab006,F3,2026-04-11 06:38:46,COLD->OFF,COLD,OFF,-0.6156775167438383,0.025348642946676228,0.5417402728569644,0.5702465891853723
lab006,F3,2026-04-11 06:39:48,COLD->OFF,COLD,OFF,-0.46283376536095894,0.025017251722116905,0.5043657794397328,0.5618103797639599
lab006,F3,2026-04-11 07:06:07,OFF->COLD,OFF,COLD,-0.6701644425230326,-0.011517041114486837,0.5156446136420545,0.5648703165318502
lab006,F3,2026-04-11 07:07:20,COLD->OFF,COLD,OFF,-0.7222648787862792,-0.009097398657529787,0.57229173501175,0.5236535096055708
lab006,F3,2026-04-11 07:11:17,COLD->OFF,COLD,OFF,-0.051257509933599545,-0.002407220543576471,0.6203090204727902,0.22654158415671236
lab006,F3,2026-04-11 07:34:03,OFF->COLD,OFF,COLD,-0.9428978077137904,0.014611203732375967,0.5327130637280671,0.6617745222790675
lab006,F3,2026-04-11 07:39:37,COLD->OFF,COLD,OFF,-0.7039145814503006,0.020445494166399403,0.6149361454612279,0.6683302041437191
lab006,F3,2026-04-11 08:04:41,OFF->COLD,OFF,COLD,-0.6277422841712682,-0.010598810691519134,0.43753091683129713,0.38856336206746084
lab006,F3,2026-04-11 08:05:50,COLD->OFF,COLD,OFF,-0.5745007019983286,-0.00875440863054724,0.4490157942772407,0.41182511822374473
lab006,F3,2026-04-11 08:08:31,COLD->OFF,COLD,OFF,-0.33655819041787727,-0.005161967652407373,0.4101184854043105,0.2748087851242649
lab006,F3,2026-04-11 08:10:18,OFF->COLD,OFF,COLD,-0.20955031965105775,-0.003375114985266414,0.4413924812633685,0.35362471783774946
lab006,F3,2026-04-11 08:29:07,OFF->COLD,OFF,COLD,-0.6090540470343134,0.012890142785105318,0.4250317488981433,0.7139828846718167
lab006,F3,2026-04-11 08:30:09,OFF->COLD,OFF,COLD,-0.8441801330270884,0.014715556484132097,0.5093823318695931,0.6810218972978717
lab006,F3,2026-04-11 08:31:11,COLD->OFF,COLD,OFF,-1.0496496564575915,0.016352519417103296,0.559677053101999,0.6584914062335098
lab006,F3,2026-04-11 08:33:15,COLD->OFF,COLD,OFF,-1.0006210175667802,0.018701186924080737,0.5948345064025089,0.6515547153338905
lab006,F3,2026-04-11 08:34:38,COLD->OFF,COLD,OFF,-0.5745952812264393,0.019326780920235542,0.6356168802574574,0.43241585314455294
lab006,F3,2026-04-11 08:38:18,OFF->COLD,OFF,COLD,0.1803194597522287,0.016215073823972668,0.6648159939408659,0.3407443979638932
lab006,F3,2026-04-11 09:07:54,OFF->COLD,OFF,COLD,-0.9256750224287612,0.007691217716539623,0.5758110440185772,0.60213738524562
lab006,F3,2026-04-11 09:08:56,OFF->COLD,OFF,COLD,-1.0497725097630712,0.01064012405851189,0.6385268892645253,0.5958064117071878
lab006,F3,2026-04-11 09:12:05,COLD->OFF,COLD,OFF,-0.6978903774305507,0.015406198588603459,0.5156160723722713,0.5778475947540735
lab006,F3,2026-04-11 09:45:32,OFF->COLD,OFF,COLD,0.1467692420547806,0.0006255308555787494,0.42363738295186665,0.7722921279122159
lab006,F3,2026-04-11 09:46:34,OFF->COLD,OFF,COLD,-0.04406814210763238,0.003990437171385253,0.49752244515040034,0.6817540477503587
lab006,F3,2026-04-11 09:47:53,COLD->OFF,COLD,OFF,-0.3948383708674238,0.008768844253623698,0.5900044702809181,0.35107248929467444
lab006,F3,2026-04-11 09:51:16,COLD->OFF,COLD,OFF,-0.5615585204448509,0.02141151893405704,0.7217781203788907,0.30625485414911835
lab006,F3,2026-04-11 09:52:18,OFF->COLD,OFF,COLD,-0.4354863853599043,0.024743460970228347,0.7162853177602482,0.2985735626295772
lab006,F3,2026-04-11 10:13:56,OFF->COLD,OFF,COLD,-1.4533258906198536,0.01447988927831112,0.24876988991996773,1.6684639565132624
lab006,F3,2026-04-11 10:15:08,COLD->OFF,COLD,OFF,-1.405392855680129,0.00801841697957037,0.39087430019994407,1.7123558464390134
lab006,F3,2026-04-11 10:18:03,COLD->OFF,COLD,OFF,-1.0331406525982265,-0.012270999925267652,0.9127674967381584,1.7715598641772634
lab006,F3,2026-04-11 10:19:16,OFF->COLD,OFF,COLD,-0.7313922597221386,-0.024105627971342344,1.0933336194190806,1.6638048797312355
lab006,F3,2026-04-11 10:20:18,COLD->OFF,COLD,OFF,-0.5346410319312319,-0.03411180558086668,1.1719408942107254,1.6107464063798478
lab006,F3,2026-04-11 10:40:16,OFF->COLD,OFF,COLD,8.603241944489262,-0.24117645852978029,1.2016430097690345,11.555099187482272
lab006,F3,2026-04-11 10:41:25,OFF->COLD,OFF,COLD,9.100270492432774,-0.23833537340120756,1.2238328346392835,11.598350899824641
lab006,F3,2026-04-11 10:44:14,COLD->OFF,COLD,OFF,9.912849199725303,-0.20570865345248876,1.4194578857476639,11.415214218324786
lab006,F3,2026-04-11 11:10:57,OFF->COLD,OFF,COLD,0.020117355828784156,0.3642113017855062,2.1979479002133697,2.2331022666847993
lab006,F3,2026-04-11 11:12:16,OFF->COLD,OFF,COLD,0.19788176776734634,0.3292640065961702,2.115118189507646,2.029238282801045
lab006,F3,2026-04-11 11:13:43,OFF->COLD,OFF,COLD,0.42284061104402615,0.29087778392440766,2.2379580542199675,1.899119887137747
lab006,F3,2026-04-11 11:14:48,COLD->OFF,COLD,OFF,0.6848683554356665,0.2556214564798341,2.217330754697194,1.557861890939902
lab006,F3,2026-04-11 11:15:50,COLD->OFF,COLD,OFF,0.9247711103182117,0.22362482718200427,2.3208750593543837,1.3937403095707777
lab006,F3,2026-04-11 11:16:59,OFF->COLD,OFF,COLD,1.0962530900079617,0.18568335720756562,2.3562219468449874,1.278063411174281
lab006,F3,2026-04-11 11:18:04,OFF->COLD,OFF,COLD,1.2558154119887837,0.15155430396450165,2.3747847654235286,1.168164448331137
lab006,F3,2026-04-11 11:19:09,OFF->COLD,OFF,COLD,1.3324289573607815,0.11247910156853674,2.2555972251528975,0.9659857665279404
lab006,F3,2026-04-11 11:39:38,OFF->COLD,OFF,COLD,0.4831065034685718,-0.2894909588697921,0.6030858187315162,0.9277323902435812
lab006,F3,2026-04-11 11:40:40,COLD->OFF,COLD,OFF,0.21389552881984836,-0.2874242125137827,0.7400657311183628,0.8449490287357765
lab006,F3,2026-04-11 11:46:55,COLD->OFF,COLD,OFF,-0.5773217443683325,-0.23890581830676547,1.0417767206852784,0.3849365020724421
lab006,F3,2026-04-11 11:48:01,COLD->OFF,COLD,OFF,-0.6321495490431047,-0.22593953701690833,0.9281831307488692,0.3045131570562866
lab006,F3,2026-04-11 12:21:03,OFF->COLD,OFF,COLD,-0.6402136382602429,0.06748086172344728,0.3726612562965755,0.50831302282776
lab006,F3,2026-04-11 12:22:16,COLD->OFF,COLD,OFF,-0.8391864654238357,0.07403565457918787,0.3831880700784908,0.5669454908788287
lab006,F3,2026-04-11 12:28:55,COLD->OFF,COLD,OFF,-0.08885672930277706,0.08815682209544341,0.6201699795491697,0.17828440190814368
lab006,F3,2026-04-11 12:57:41,OFF->COLD,OFF,COLD,-0.5465999567854751,0.03591663276197017,0.2520809338554242,0.4971164376677224
lab006,F3,2026-04-11 12:59:10,COLD->OFF,COLD,OFF,-0.5902961726434927,0.034108897753611034,0.2512170772960764,0.542378152072229
lab006,F3,2026-04-11 13:04:13,COLD->OFF,COLD,OFF,-0.30568134777363465,0.02384527886370629,0.6147200645111874,0.31609058195483924
lab006,F3,2026-04-11 13:05:26,COLD->OFF,COLD,OFF,-0.05250988930644357,0.019927236632246,0.5468375651128831,0.2559261035634409
lab006,F3,2026-04-11 13:33:33,OFF->COLD,OFF,COLD,-0.32680492624765356,-0.01912330380589031,0.27205893969429223,0.41185083834282304
lab006,F3,2026-04-11 13:35:09,OFF->COLD,OFF,COLD,-0.5163702361762451,-0.01648635557954177,0.25026712962434655,0.36312151101973467
lab006,F3,2026-04-11 13:39:45,COLD->OFF,COLD,OFF,-0.13185219092685543,-0.009184833158115868,0.4995197629807697,0.11084390368491309
lab006,F3,2026-04-11 14:01:40,OFF->COLD,OFF,COLD,-0.7621882332525499,0.005199517065639857,0.3631151682394355,0.7764923304962976
lab006,F3,2026-04-11 14:02:49,COLD->OFF,COLD,OFF,-0.808391826527407,0.0070653406519052275,0.40348814117282916,0.7682074114906219
lab006,F3,2026-04-11 14:09:21,COLD->OFF,COLD,OFF,0.02505085942175131,0.008282398605378204,0.7258251083060342,0.28048865775652027
lab006,F3,2026-04-11 14:10:23,OFF->COLD,OFF,COLD,0.1963190270594923,0.006969875639073963,0.7555862723347518,0.15479901832981788
lab006,F3,2026-04-11 14:38:16,OFF->COLD,OFF,COLD,-1.004453186929843,0.015339825155163122,0.7594614833739339,0.7245217701290583
lab006,F3,2026-04-11 14:39:28,COLD->OFF,COLD,OFF,-1.26285333853726,0.02129318768952846,0.8432997909112373,0.49044351379371776
lab006,F3,2026-04-11 14:44:31,COLD->OFF,COLD,OFF,-0.903215266189487,0.04105598227688771,0.9444965972677571,0.5502418905708857
lab006,F3,2026-04-11 14:45:33,OFF->COLD,OFF,COLD,-0.8009972122767965,0.043139761686741364,0.9144812419229236,0.576057473997834
lab006,F3,2026-04-11 15:10:14,OFF->COLD,OFF,COLD,-0.5005883307522243,-0.07230327816727726,0.5983057580662643,1.299361707896201
lab006,F3,2026-04-11 15:16:15,COLD->OFF,COLD,OFF,-0.10599787851126286,-0.11589604623275855,1.0870097379283121,0.9582674222265537
lab006,F3,2026-04-11 15:17:21,OFF->COLD,OFF,COLD,0.21862841605669137,-0.12463212924019,1.2931310882179787,0.82937391046734
lab006,F3,2026-04-11 15:36:41,OFF->COLD,OFF,COLD,-6.028036867476263,0.07177241408417043,9.31683478991509,2.0887220311364487
lab006,F3,2026-04-11 15:43:58,COLD->OFF,COLD,OFF,-1.8113552115279734,0.29237303985562857,2.0168131141988197,1.9780451845564815
lab006,F3,2026-04-11 15:45:10,COLD->OFF,COLD,OFF,-1.160637109773625,0.3073215993827124,2.036874952559431,1.9284684508781367
lab006,F3,2026-04-11 16:00:02,OFF->HOT,OFF,HOT,2.290686975747917,0.12676946710720544,1.8322299147631447,2.5977472396608294
lab006,F3,2026-04-11 16:04:44,HOT->OFF,HOT,OFF,-0.7370029798941464,0.04018499685266991,2.2478143226802603,2.0089965306253874
lab006,F3,2026-04-11 16:05:56,OFF->COLD,OFF,COLD,-1.482598101446528,0.019590111523099973,2.2650515974232803,1.8238988517413668
lab006,F3,2026-04-11 16:11:40,COLD->OFF,COLD,OFF,-1.1979771615215165,-0.054018698207106364,2.7338885512275053,0.6852070226297788
lab006,F3,2026-04-11 16:12:46,COLD->OFF,COLD,OFF,-0.5719522204661516,-0.06859868731852015,2.451504021790988,0.5591440737191027
lab006,F3,2026-04-11 17:04:49,OFF->COLD,OFF,COLD,-1.6924461043294574,0.10800449294105484,0.7881412639506646,1.132927624272277
lab006,F3,2026-04-11 17:06:19,COLD->OFF,COLD,OFF,-1.6347143865820595,0.11703436733309816,0.7682462673851501,0.9859877803984729
lab006,F3,2026-04-11 17:08:47,COLD->OFF,COLD,OFF,-1.0940145453544738,0.12612914877431103,0.9821026179743962,0.9519912046925795
lab006,F3,2026-04-11 17:55:33,OFF->COLD,OFF,COLD,-1.3807159409871823,0.026755529906518884,0.7406785107100772,1.1030528646577729
lab006,F3,2026-04-11 17:56:45,OFF->COLD,OFF,COLD,-1.5367210905138085,0.03303629887640711,0.798570527707547,1.1583005832106459
lab006,F3,2026-04-11 18:00:43,COLD->OFF,COLD,OFF,-0.8995571106057212,0.04784520767636739,1.142632142262397,0.6946070070474071
lab006,F3,2026-04-11 18:38:48,OFF->COLD,OFF,COLD,-1.4874280126223556,0.004896716325490313,0.8250456685094458,0.9069306222630725
lab006,F3,2026-04-11 18:40:04,COLD->OFF,COLD,OFF,-1.539170933841736,0.009883549060916864,0.8791256427498041,0.8258352834263725
lab006,F3,2026-04-11 18:41:51,COLD->OFF,COLD,OFF,-0.9527477476677519,0.016329460023554353,1.0488233679587375,0.523133506206538
lab006,F3,2026-04-11 19:26:06,OFF->COLD,OFF,COLD,-1.4403604389943236,0.03650372903506219,0.799351229771264,1.0744245076031893
lab006,F3,2026-04-11 19:27:07,COLD->OFF,COLD,OFF,-1.6638099977473089,0.042496528685521534,0.8045897295783013,0.9726603171283326
lab006,F3,2026-04-11 19:30:06,COLD->OFF,COLD,OFF,-1.103269462054718,0.05579274165507577,1.1296532499688574,0.7266707690089625
lab006,F3,2026-04-11 20:17:37,OFF->COLD,OFF,COLD,-1.5171322687374251,0.032580458380909685,0.9292746579256117,1.2708803618735842
lab006,F3,2026-04-11 20:18:42,OFF->COLD,OFF,COLD,-1.8332903923472403,0.03948048526879475,1.0530046281617338,1.2991539258431115
lab006,F3,2026-04-11 20:22:43,COLD->OFF,COLD,OFF,-1.3852075064984073,0.05896779986615722,1.3964155314667481,0.8526563282680863
lab006,F3,2026-04-11 21:11:19,OFF->COLD,OFF,COLD,-1.942970706060441,0.06132886456114814,0.941222464930602,1.1108429837491076
lab006,F3,2026-04-11 21:12:21,COLD->OFF,COLD,OFF,-2.064590359753393,0.06777428491849928,0.9178164013841966,1.1920700012011345
lab006,F3,2026-04-11 21:14:49,COLD->OFF,COLD,OFF,-1.4488108146326548,0.07927738597955356,1.0188637089290817,1.011348894775711
lab006,F3,2026-04-11 22:06:52,OFF->COLD,OFF,COLD,-1.946505250597293,0.062090685035640275,0.9118829710781294,1.1352970793107175
lab006,F3,2026-04-11 22:07:57,OFF->COLD,OFF,COLD,-1.742245629347955,0.06939772533105071,0.8438637258564642,0.9953938879317131
lab006,F3,2026-04-11 22:10:18,COLD->OFF,COLD,OFF,-1.1842327582017425,0.07953353858726961,1.0287946338911167,0.8959733504319203
lab006,F3,2026-04-11 23:02:38,OFF->COLD,OFF,COLD,-1.8908018260685269,0.06370458548834082,0.9110686005412846,1.1385025899841816
lab006,F3,2026-04-11 23:03:47,COLD->OFF,COLD,OFF,-1.8492652563317837,0.07160995311746907,0.8381761160459619,1.0820140196275803
lab006,F3,2026-04-11 23:04:56,COLD->OFF,COLD,OFF,-1.958895164062906,0.07821866563784532,0.8667303321362755,1.1742877217370697
lab006,F3,2026-04-11 23:07:34,COLD->OFF,COLD,OFF,-1.3908139432546958,0.08710016564643314,0.9852554188413123,0.9562389642313344
lab006,F3,2026-04-12 00:03:48,OFF->COLD,OFF,COLD,-1.3282471520962902,0.08038775617594851,0.6882037595253706,1.183300047059594
lab006,F3,2026-04-12 00:04:50,COLD->OFF,COLD,OFF,-1.42248511391941,0.08574870271216498,0.6617868645393562,1.1887098072843627
lab006,F3,2026-04-12 00:09:05,COLD->OFF,COLD,OFF,-0.9068315700172812,0.0966595263202934,0.9315384850900196,0.7971205770363471
lab006,F3,2026-04-12 01:14:15,OFF->COLD,OFF,COLD,-0.9980100602829745,0.08437451454574951,0.5119585414301052,1.0071182179556093
lab006,F3,2026-04-12 01:15:48,COLD->OFF,COLD,OFF,-1.220352681381174,0.08942196798627844,0.5049129084746536,0.867147739016454
lab006,F3,2026-04-12 01:19:11,COLD->OFF,COLD,OFF,-0.59159823655811,0.09264804492500263,0.9523600579495409,0.4990504461197266
lab006,F3,2026-04-12 02:27:31,OFF->COLD,OFF,COLD,-1.0343934094743206,0.08857521043621439,0.5520220445927454,0.998789365408925
lab006,F3,2026-04-12 02:28:33,OFF->COLD,OFF,COLD,-1.2184405856049056,0.09225701830479069,0.5612423057018754,1.0215969026748746
lab006,F3,2026-04-12 02:29:53,COLD->OFF,COLD,OFF,-1.2207219599632784,0.09607068587988836,0.49026729939013114,0.9070168655358372
lab006,F3,2026-04-12 02:32:41,COLD->OFF,COLD,OFF,-0.8248926212764001,0.09852654127689772,0.9308891694946618,0.6890550001891623
lab006,F3,2026-04-12 03:52:06,OFF->COLD,OFF,COLD,-0.8650338794797988,0.07246054974690264,0.5177536528984151,0.8024121439535433
lab006,F3,2026-04-12 03:53:08,OFF->COLD,OFF,COLD,-1.0298821082710854,0.07413316522143001,0.5593385076809254,0.8328311908382113
lab006,F3,2026-04-12 03:54:10,OFF->COLD,OFF,COLD,-1.2097086601517453,0.07552689613613212,0.5624434436399169,0.7833615858851338
lab006,F3,2026-04-12 03:56:59,COLD->OFF,COLD,OFF,-0.6535650866840157,0.07614462220433166,0.7392366354812896,0.43198151518937067
lab006,F3,2026-04-12 05:27:34,OFF->COLD,OFF,COLD,-0.5242840234346717,0.04945559255799834,0.29952590138987706,0.8041512847616284
lab006,F3,2026-04-12 05:29:11,OFF->COLD,OFF,COLD,-0.7807955777360627,0.05022716476739868,0.389790245131628,0.7961272875102492
lab006,F3,2026-04-12 05:30:19,OFF->COLD,OFF,COLD,-1.1891362318610372,0.05068076043828569,0.5082091390287576,0.8727048610449746
lab006,F3,2026-04-12 05:31:59,COLD->OFF,COLD,OFF,-1.0630394613998257,0.05041939477731621,0.35443682399519827,0.8399203434271045
lab006,F3,2026-04-12 05:34:38,COLD->OFF,COLD,OFF,-0.7022284926338893,0.04739379033289302,0.6680431495970851,0.5007907985078154
lab006,F3,2026-04-12 05:53:51,OFF->COLD,OFF,COLD,0.4964042124828386,-0.04376901799739601,0.35925987926322545,0.23280078742159988
lab006,F3,2026-04-12 07:45:49,OFF->COLD,OFF,COLD,-0.32807969746519483,0.025926970225584788,0.2450016573035927,0.3676700419024354
lab006,F3,2026-04-12 07:47:02,OFF->COLD,OFF,COLD,-0.41488162312312704,0.025917600345598445,0.2334445894441959,0.2971145993481051
lab006,F3,2026-04-12 07:48:04,OFF->COLD,OFF,COLD,-0.4672976058390651,0.02568310351409986,0.23806972402963408,0.31347633429777366
lab006,F3,2026-04-12 07:49:40,OFF->COLD,OFF,COLD,-0.30813154563499917,0.02489411980830001,0.2542131378153051,0.27589769686324667
lab006,F3,2026-04-12 07:50:49,OFF->COLD,OFF,COLD,-0.3104306649389903,0.023955054864736085,0.24483851510789417,0.3361067856882351
lab006,F3,2026-04-12 09:27:56,OFF->COLD,OFF,COLD,-1.3834281220474676,0.09483510252937943,0.8417922905545583,1.107017632439885
lab006,F3,2026-04-12 09:29:02,OFF->COLD,OFF,COLD,-1.4869246133398675,0.09931750344203873,0.806896280889556,1.1386549803843136
lab006,F3,2026-04-12 09:30:07,OFF->COLD,OFF,COLD,-1.651120453907963,0.10358089221367624,0.7697757200692781,1.1396807388137467
lab006,F3,2026-04-12 09:31:09,COLD->OFF,COLD,OFF,-1.8210457138944816,0.10642058436623318,0.7547738797895007,1.2208407414435476
lab006,F3,2026-04-12 09:32:18,COLD->OFF,COLD,OFF,-1.943934914541972,0.10850793002911123,0.7115647440080703,1.326017446235074
lab006,F3,2026-04-12 09:34:22,COLD->OFF,COLD,OFF,-1.6038209142095547,0.10866609883197266,0.8045828859306058,1.3037994604674912
lab006,F3,2026-04-12 11:23:12,OFF->COLD,OFF,COLD,-1.3862317783447096,-0.07952574364446469,1.0123956740453723,0.8102455068310449
lab006,F3,2026-04-12 11:24:28,OFF->COLD,OFF,COLD,-1.2605950665265808,-0.06136429964274118,1.0445356584896706,0.7937964030508733
lab006,F3,2026-04-12 11:25:33,COLD->OFF,COLD,OFF,-1.25442087790087,-0.048882533193527464,0.9857336246404022,0.7097079081700597
lab006,F3,2026-04-12 11:30:19,COLD->OFF,COLD,OFF,0.10174573596582635,-0.0013717320377080594,0.8572023124268842,0.2734130678741497
lab006,F3,2026-04-12 11:46:27,OFF->HOT,OFF,HOT,1.175733810260675,0.03810261840679229,0.46789130658445915,1.438619201551921
lab006,F3,2026-04-12 11:47:29,OFF->HOT,OFF,HOT,0.9838193150425671,0.03811530694649088,0.46400439697738655,1.621496319744882
lab006,F3,2026-04-12 11:49:19,HOT->OFF,HOT,OFF,0.6069402469097659,0.03956190431785642,0.45604568241124294,1.654862690395454
lab006,F3,2026-04-12 11:54:57,OFF->COLD,OFF,COLD,-1.3746876284196714,0.047713529912822406,1.2318354440380166,1.233878905237927
lab006,F3,2026-04-12 12:00:45,COLD->OFF,COLD,OFF,-0.11364123188856527,0.05015394829402555,1.4849332950642604,0.4068894725367734
lab006,F3,2026-04-12 12:23:09,OFF->HOT,OFF,HOT,0.29917511440635614,-0.02654930657375685,0.4073126294069675,0.25826388241841275
lab006,F3,2026-04-12 12:24:11,OFF->HOT,OFF,HOT,0.4012202570412832,-0.02942305360838322,0.4024602311708067,0.28509354682753846
lab006,F3,2026-04-12 12:27:00,OFF->HOT,OFF,HOT,0.3842889061809961,-0.03572836140781406,0.4010476312509449,0.3110557876283391
lab006,F3,2026-04-12 13:10:46,OFF->COLD,OFF,COLD,-1.0161282114530574,0.08537094152189284,0.5007444050800683,1.040021654417417
lab006,F3,2026-04-12 13:11:48,OFF->COLD,OFF,COLD,-1.1475688804275213,0.08835501831654055,0.5012092184899171,1.0149926263583489
lab006,F3,2026-04-12 13:17:04,COLD->OFF,COLD,OFF,-0.3771521041230963,0.09066297777472555,1.0063654283095445,0.4636440404052919
lab006,F3,2026-04-12 14:28:17,OFF->COLD,OFF,COLD,-0.9705079639975864,0.05865228328650493,0.5400834454313277,0.7695118599687595
lab006,F3,2026-04-12 14:29:33,OFF->COLD,OFF,COLD,-1.1208870926037733,0.06114728123716588,0.5814944073393199,0.7597254323736784
lab006,F3,2026-04-12 14:34:12,COLD->OFF,COLD,OFF,-0.4966443589273237,0.0629057601083796,0.7240211178142671,0.6216323826495882
lab006,F3,2026-04-12 15:45:02,OFF->COLD,OFF,COLD,7.019467443744377,-0.15673728173826268,0.8428303251713494,11.692227639809664
lab006,F3,2026-04-12 15:46:08,OFF->COLD,OFF,COLD,6.7685063573798425,-0.1569765467481062,0.8692060675933377,11.839403473907254
lab006,F3,2026-04-12 15:50:23,COLD->OFF,COLD,OFF,7.473515983994943,-0.1247071388317244,1.3144152072434352,11.687916392334143
lab006,F3,2026-04-12 16:52:20,OFF->COLD,OFF,COLD,-0.9821569568147305,-0.16399397523658837,0.7801161874925955,1.1005685100590266
lab006,F3,2026-04-12 16:53:33,OFF->COLD,OFF,COLD,-0.9979682854516121,-0.1555563314855802,0.8141312565562646,0.8146824738501932
lab006,F3,2026-04-12 16:59:55,COLD->OFF,COLD,OFF,0.26228377379804513,-0.10828214155488673,1.2735082028842384,0.38209411587391456
lab006,F3,2026-04-12 17:00:57,COLD->OFF,COLD,OFF,0.33193983101175256,-0.10044613507715598,1.2786366470783554,0.39818014057097123
lab006,F3,2026-04-12 17:50:16,OFF->COLD,OFF,COLD,0.22353461066173577,0.033361577938697096,0.2803035673434647,0.37254220225072376
lab006,F3,2026-04-12 18:10:30,OFF->COLD,OFF,COLD,-1.0517730466044397,0.059230662665539,0.5693900213584704,1.0030263864539766
lab006,F3,2026-04-12 18:16:05,COLD->OFF,COLD,OFF,-0.019407418477757107,0.057847043415880005,0.8811580677391561,0.23950625512626725
lab006,F3,2026-04-12 19:18:35,OFF->COLD,OFF,COLD,-0.9385645464154444,0.03187762779222605,0.4141726790624263,0.991933073053145
lab006,F3,2026-04-12 19:19:44,OFF->COLD,OFF,COLD,-1.033269714186366,0.03459704575504485,0.4269917806032131,0.9278324587133814
lab006,F3,2026-04-12 19:25:35,COLD->OFF,COLD,OFF,-0.019452063677555365,0.036245859159981644,0.9426293300358083,0.37712363904619645
lab006,F3,2026-04-12 19:34:20,OFF->COLD,OFF,COLD,0.03757122955119496,0.007494008838481704,0.3422623755342829,0.31345576693539234
lab006,F3,2026-04-12 20:33:38,OFF->COLD,OFF,COLD,-0.9351082879232108,0.056030011395404644,0.4677834726000481,0.9421910302470644
lab006,F3,2026-04-12 20:35:11,COLD->OFF,COLD,OFF,-0.958003535719114,0.05765168791962161,0.44028688505233043,0.9030668961026621
lab006,F3,2026-04-12 20:38:31,COLD->OFF,COLD,OFF,-0.05706854517243734,0.05681392391115501,0.9016593179566159,0.2634522139250065
lab006,F3,2026-04-12 21:41:45,OFF->COLD,OFF,COLD,-0.6127783325326384,0.04306737044101623,0.38628284967962606,0.8310013627529478
lab006,F3,2026-04-12 21:43:11,OFF->COLD,OFF,COLD,-0.8278765627107136,0.047099318022667674,0.37688577472351265,0.9148880024552584
lab006,F3,2026-04-12 21:49:31,COLD->OFF,COLD,OFF,-0.07660767825994362,0.051062407086105654,0.8720959499260306,0.2544489836173382
lab006,F3,2026-04-12 23:04:12,OFF->COLD,OFF,COLD,-0.8256031039736365,0.049082624556001514,0.43148714782018854,0.7979051545823659
lab006,F3,2026-04-12 23:05:15,OFF->COLD,OFF,COLD,-0.897961938491813,0.05033319427780861,0.4321441457109814,0.7707735020460372
lab006,F3,2026-04-12 23:10:19,COLD->OFF,COLD,OFF,0.14267635015966695,0.048132425926221994,0.826933087052454,0.2181362575320397
lab006,F3,2026-04-13 00:24:26,OFF->COLD,OFF,COLD,-0.7842013458587118,0.03559038813687596,0.32727620134186525,0.8398555827321147
lab006,F3,2026-04-13 00:25:42,OFF->COLD,OFF,COLD,-0.7682534913324857,0.036450172964368255,0.2989487843879904,0.8499024453683329
lab006,F3,2026-04-13 00:26:44,COLD->OFF,COLD,OFF,-0.5850059447371515,0.03667339725380296,0.3161567785606942,0.704304800429842
lab006,F3,2026-04-13 00:28:07,COLD->OFF,COLD,OFF,-0.11797995781838361,0.03607364434069674,0.6726765051290451,0.16676241624575666
lab006,F3,2026-04-13 01:30:09,OFF->COLD,OFF,COLD,-0.3064790543240053,0.02443396860122673,0.20689332156641818,0.7018074604527592
lab006,F3,2026-04-13 01:31:56,OFF->COLD,OFF,COLD,-0.5033359428942286,0.02635022878705249,0.27480687956908806,0.6989723002760206
lab006,F3,2026-04-13 01:32:58,OFF->COLD,OFF,COLD,-0.5485787921156827,0.02698335538256367,0.27679258323547573,0.6984792477662632
lab006,F3,2026-04-13 01:34:00,COLD->OFF,COLD,OFF,-0.5566139737866703,0.02733673038507798,0.25520646798839175,0.6994789160042999
lab006,F3,2026-04-13 01:36:50,COLD->OFF,COLD,OFF,0.12814601803401637,0.026429418288168784,0.7500580271782938,0.23509350820156935
lab006,F3,2026-04-13 01:37:52,OFF->COLD,OFF,COLD,0.22625688529879884,0.025430047499118147,0.7883675358874044,0.22313578887480903
lab006,F3,2026-04-13 03:06:47,OFF->COLD,OFF,COLD,-0.5116164154534334,0.0338775986249938,0.28862687076678334,0.7481147498327527
lab006,F3,2026-04-13 03:07:53,OFF->COLD,OFF,COLD,-0.5249831233909446,0.03424575758131219,0.27836166383535854,0.7445020102284765
lab006,F3,2026-04-13 03:12:46,COLD->OFF,COLD,OFF,0.13950216496647955,0.03024824044455445,0.7395210371554516,0.19281078976844604
lab006,F3,2026-04-13 03:57:13,OFF->COLD,OFF,COLD,-0.006543472022167249,-0.015405552584919071,0.14300510361959234,0.17129509591837708
lab006,F3,2026-04-13 04:58:00,OFF->COLD,OFF,COLD,-0.41190260778967663,0.018446488310293118,0.24974203250257115,0.5618289392340844
lab006,F3,2026-04-13 04:59:16,OFF->COLD,OFF,COLD,-0.4894209820577651,0.019441548675419848,0.2586969192688393,0.5770433133010234
lab006,F3,2026-04-13 05:00:18,COLD->OFF,COLD,OFF,-0.49019394773799474,0.020155274148139935,0.24409251170193136,0.562919386659737
lab006,F3,2026-04-13 05:01:20,OFF->COLD,OFF,COLD,-0.4311314829345916,0.020640902898090018,0.2718408482192287,0.5264203729356421
lab006,F3,2026-04-13 05:04:30,COLD->OFF,COLD,OFF,-0.07532605826445449,0.020759691052612973,0.54602438208168,0.1224067568536081
lab006,F3,2026-04-13 07:25:05,OFF->COLD,OFF,COLD,-0.32890752542890045,0.018878731882880383,0.18117873562091305,0.6688733702410833
lab006,F3,2026-04-13 07:26:59,OFF->COLD,OFF,COLD,-0.33122331043369346,0.02013461447635616,0.17256902989013476,0.665730499123428
lab006,F3,2026-04-13 07:29:03,OFF->COLD,OFF,COLD,-0.4442421244068292,0.0206518217188034,0.20882305414555963,0.6587974102385549
lab006,F3,2026-04-13 07:30:05,OFF->COLD,OFF,COLD,-0.41838211450739426,0.020544003676117504,0.20729283775620258,0.6557071243846179
lab006,F3,2026-04-13 07:31:18,COLD->OFF,COLD,OFF,-0.10731365694006448,0.019968685221360284,0.23763924084085736,0.3581488532187767
lab006,F3,2026-04-13 07:32:20,COLD->OFF,COLD,OFF,0.1530190333816891,0.01928891130806376,0.45811395485907314,0.1595216697622813
lab006,F3,2026-04-13 09:57:46,OFF->COLD,OFF,COLD,-0.37581414994938783,-0.006585360651579532,0.24133918222800385,0.9664040046162385
lab006,F3,2026-04-13 09:58:58,COLD->OFF,COLD,OFF,-0.20872722491931017,-0.00800323201265727,0.2996703134059716,0.9112947702829742
lab006,F3,2026-04-13 10:00:00,OFF->COLD,OFF,COLD,-0.3186759953339795,-0.009503176831688179,0.33844546209711385,0.9055180737617073
lab006,F3,2026-04-13 10:03:14,COLD->OFF,COLD,OFF,0.40038058229956563,-0.016267600161951612,0.8634300234019934,0.4485170021990588
lab006,F3,2026-04-13 10:04:19,COLD->OFF,COLD,OFF,0.647100334631852,-0.019248739767592095,0.8568659460049687,0.33304273137492746
lab006,F3,2026-04-13 11:44:34,OFF->COLD,OFF,COLD,-0.4516804694652637,0.022670630105743394,0.3393076038988919,0.8666423363771197
lab006,F3,2026-04-13 11:45:36,COLD->OFF,COLD,OFF,-0.4956142660787227,0.023408086963709707,0.3174818999937594,0.8226084638750215
lab006,F3,2026-04-13 11:46:38,OFF->COLD,OFF,COLD,-0.5086303380988175,0.023696953600926985,0.30681873528950365,0.8162067484449542
lab006,F3,2026-04-13 11:51:00,COLD->OFF,COLD,OFF,0.40533213561677706,0.02046409419227506,0.9384388976261521,0.266690730811263
lab006,F3,2026-04-13 13:08:03,OFF->COLD,OFF,COLD,-0.4558783561982236,0.02072225890321744,0.22936370219087718,0.8551176613615513
lab006,F3,2026-04-13 13:09:33,OFF->COLD,OFF,COLD,-0.4567268309520647,0.022392742929746266,0.29125327088511666,0.6838735102191501
lab006,F3,2026-04-13 13:10:35,COLD->OFF,COLD,OFF,-0.5477195095089904,0.023212823392060346,0.33734653168654055,0.6683893352714865
lab006,F3,2026-04-13 13:16:10,COLD->OFF,COLD,OFF,0.07271009437159719,0.021876502725339874,0.8719528959098419,0.1566474259991015
lab006,F3,2026-04-13 14:34:14,OFF->COLD,OFF,COLD,-0.9797012332827637,-0.023014429928018346,1.4207696632128932,2.4437470256553677
lab006,F3,2026-04-13 14:35:23,OFF->COLD,OFF,COLD,-0.6883123993288836,-0.04205863183549549,1.6128263499641389,2.3973297765775636
lab006,F3,2026-04-13 14:36:42,COLD->OFF,COLD,OFF,-0.6010958118508574,-0.0654209379434682,1.7085411777311856,2.3999895050714986
lab006,F3,2026-04-13 14:37:45,OFF->COLD,OFF,COLD,-0.4073128677395821,-0.08396600229600894,1.7600522438376929,2.247297073727048
lab006,F3,2026-04-13 14:40:34,COLD->OFF,COLD,OFF,0.263176525080288,-0.13992865968025517,2.3717208333319775,2.030938524459107
lab006,F3,2026-04-13 14:41:36,COLD->OFF,COLD,OFF,0.4914085653134803,-0.16388077036536913,2.4944599249306054,1.951863774750766
lab006,F3,2026-04-13 14:56:10,OFF->HOT,OFF,HOT,12.031762062620839,-0.34869610483684804,2.2977675324160587,15.048466615617823
lab006,F3,2026-04-13 15:36:48,OFF->COLD,OFF,COLD,0.09885325554217816,0.09568565318720529,1.5363268851716294,1.5270089178489363
lab006,F3,2026-04-13 15:42:44,COLD->OFF,COLD,OFF,1.1693066973263773,-0.07308146196529086,1.5195956892141989,0.4237158363411712
lab006,F3,2026-04-13 16:39:52,OFF->COLD,OFF,COLD,-0.9332827500794385,0.08711559517384754,0.14641502810285878,1.0450304605868908
lab006,F3,2026-04-13 16:42:25,COLD->OFF,COLD,OFF,-0.2855380709836083,0.08680642430296127,0.5927779732535662,0.654408048020492
lab006,F3,2026-04-13 16:43:27,OFF->COLD,OFF,COLD,0.16547873120124076,0.08419588099408788,0.8098151958508478,0.33346102836691355
lab006,F3,2026-04-13 16:44:36,OFF->COLD,OFF,COLD,0.4051344479648933,0.08037235753852817,0.84134306248846,0.26400320253136156
lab006,F3,2026-04-13 17:38:42,OFF->COLD,OFF,COLD,-0.5238861870695771,0.0190127575243949,0.19071365273176014,0.8233192616004951
lab006,F3,2026-04-13 17:40:08,COLD->OFF,COLD,OFF,-0.3634930256594451,0.014726040031617219,0.1950096757308886,0.814952314783332
lab006,F3,2026-04-13 17:41:14,COLD->OFF,COLD,OFF,-0.19351693616319293,0.011371548542407586,0.2520553391867352,0.776228100514003
lab006,F3,2026-04-13 17:42:47,COLD->OFF,COLD,OFF,0.31590519050816884,0.004878904740883996,0.6200781587753744,0.5265390948285119
lab006,F3,2026-04-13 17:43:50,COLD->OFF,COLD,OFF,0.5591698209083296,0.0005622491590268619,0.7292143545383226,0.4087895086004405
lab006,F3,2026-04-13 17:45:33,COLD->OFF,COLD,OFF,0.6762905430192525,-0.006946754974742161,0.6892170187592964,0.311705279680182
lab006,F3,2026-04-13 18:43:24,OFF->COLD,OFF,COLD,-0.3299209350567892,0.01686801800164599,0.16646568823149133,0.7393958210774965
lab006,F3,2026-04-13 18:44:57,COLD->OFF,COLD,OFF,-0.09444119479468428,0.0158701432611269,0.11824550932886493,0.4026778703355756
lab006,F3,2026-04-13 18:46:06,COLD->OFF,COLD,OFF,0.1365797700727993,0.014712929703481458,0.43298042050534974,0.1346384706416392
lab006,F3,2026-04-13 19:35:15,OFF->COLD,OFF,COLD,-0.4612469725246984,0.02585829663706729,0.17762462975702809,0.5873346029427632
lab006,F3,2026-04-13 19:36:21,COLD->OFF,COLD,OFF,-0.4531137176559231,0.025414056745453297,0.1685626126305562,0.5740258302169764
lab006,F3,2026-04-13 19:37:27,COLD->OFF,COLD,OFF,-0.2485217959588764,0.024400483738505716,0.3065011354422977,0.35268092050877337
lab006,F3,2026-04-13 20:26:11,OFF->COLD,OFF,COLD,-0.3390970995633713,-0.0019295563658218717,0.19069883817310174,0.53948398135179
lab006,F3,2026-04-13 20:27:14,COLD->OFF,COLD,OFF,-0.21017189024613409,-0.0009561306083890053,0.18402921478373385,0.4379195113258161
lab006,F3,2026-04-13 20:28:37,OFF->COLD,OFF,COLD,0.09999356752099728,0.00020523079248364884,0.359980181603149,0.15982866583247976
lab006,F3,2026-04-13 20:29:56,OFF->COLD,OFF,COLD,0.14179929729275753,0.0008208064341949962,0.4585486380250691,0.15084685054526978
lab006,F3,2026-04-13 21:06:53,OFF->COLD,OFF,COLD,-0.2439881491170345,0.01652588369636796,0.16212073835325577,0.5742967474299236
lab006,F3,2026-04-13 21:08:16,OFF->COLD,OFF,COLD,-0.15517629747468642,0.0154263211747926,0.21063940393055403,0.5986795465636321
lab006,F3,2026-04-13 21:09:32,COLD->OFF,COLD,OFF,0.06192240097645738,0.014054498325921962,0.35478728055228614,0.48669118978322473
lab006,F3,2026-04-13 21:10:41,COLD->OFF,COLD,OFF,0.2591232678156674,0.01237412045824443,0.517355810242442,0.3762068009096944
lab006,F3,2026-04-13 22:41:41,OFF->COLD,OFF,COLD,-0.4808749871684245,0.01010668670014625,0.21692289136971088,0.6004595827807254
lab006,F3,2026-04-13 22:43:24,OFF->COLD,OFF,COLD,-0.43285059250194724,0.009932505934704272,0.21609541678175276,0.5802553406838531
lab006,F3,2026-04-13 22:44:30,COLD->OFF,COLD,OFF,-0.18986254166064065,0.009405086259796858,0.25927784493220835,0.505966841740926
lab006,F3,2026-04-13 22:45:32,COLD->OFF,COLD,OFF,0.0468923263926611,0.008708991369049767,0.36902449044186647,0.4184608085769647
lab006,F3,2026-04-13 22:47:02,COLD->OFF,COLD,OFF,0.3108062605287409,0.007231425198739715,0.48036284193354284,0.20343305548974533
lab006,F3,2026-04-14 00:20:13,OFF->COLD,OFF,COLD,-0.28483288235265913,0.008956778518207276,0.1338818205012114,0.32988229735019253
lab006,F3,2026-04-14 00:22:49,OFF->COLD,OFF,COLD,-0.11816047375315875,0.00757210919890392,0.17560231509412985,0.3100491238138119
lab006,F3,2026-04-14 00:23:54,OFF->COLD,OFF,COLD,0.0020152542372695037,0.006749472520610677,0.2184024140449608,0.2283186506532615
lab006,F3,2026-04-14 00:24:57,OFF->COLD,OFF,COLD,0.011788985019645197,0.005618278055491265,0.27903232475938705,0.23256227027526502
lab006,F3,2026-04-14 00:27:18,OFF->COLD,OFF,COLD,0.12196559037684314,0.002788805370881441,0.30908725366878426,0.23009111883133535
lab006,F3,2026-04-14 01:20:42,OFF->COLD,OFF,COLD,-0.15230483357268837,0.012251406119132181,0.20231223344357047,0.32140761116289596
lab006,F3,2026-04-14 01:21:46,OFF->COLD,OFF,COLD,-0.1116039384650277,0.01166670679306827,0.15551821756668152,0.34253386420008797
lab006,F3,2026-04-14 01:22:55,OFF->COLD,OFF,COLD,-0.005332505906800983,0.010934000507433806,0.17950532346545506,0.216378139952847
lab006,F3,2026-04-14 01:23:55,OFF->COLD,OFF,COLD,0.08012790298439243,0.010011970852879859,0.319645882783817,0.2017266166300409
lab006,F3,2026-04-14 03:31:44,OFF->COLD,OFF,COLD,-0.25828226920776615,0.0070629368623785545,0.1371635806164289,0.45221555174331596
lab006,F3,2026-04-14 03:32:46,OFF->COLD,OFF,COLD,-0.3112933197780912,0.007360157708243831,0.12361828945276776,0.5432535794627242
lab006,F3,2026-04-14 03:34:05,OFF->COLD,OFF,COLD,-0.16475686375650989,0.0075421766211458685,0.2071765314217361,0.452075828294359
lab006,F3,2026-04-14 03:36:23,OFF->COLD,OFF,COLD,-0.19836491424877056,0.007382326977189701,0.13714535933314512,0.39347363654825473
lab006,F3,2026-04-14 03:37:32,COLD->OFF,COLD,OFF,-0.1275254613454187,0.007040906891954557,0.13109491845444612,0.38829203811784585
lab006,F3,2026-04-14 03:38:52,OFF->COLD,OFF,COLD,-0.22401450806142154,0.0063472714437459166,0.12110271094965232,0.5634785027130901
lab006,F3,2026-04-14 03:40:39,COLD->OFF,COLD,OFF,-0.08652280831890696,0.004977318264693631,0.1230177663356512,0.48125537144038627
lab006,F3,2026-04-14 03:41:41,COLD->OFF,COLD,OFF,0.09764829351679719,0.004025970483262365,0.3315061425346817,0.3683775293771245
lab006,F3,2026-04-14 03:42:50,OFF->COLD,OFF,COLD,0.3196718410529976,0.0027471735974194285,0.45346226840634635,0.17609288757677888
lab006,F3,2026-04-14 09:45:58,OFF->COLD,OFF,COLD,-0.9445473372577076,0.07814941312838485,0.272029169869203,1.071695772850324
lab006,F3,2026-04-14 09:47:04,OFF->COLD,OFF,COLD,-0.9178816388172351,0.0796000625696565,0.2462386038865774,1.0717292153471631
lab006,F3,2026-04-14 09:48:06,COLD->OFF,COLD,OFF,-0.8925593791599756,0.0808051989835043,0.25588139885604194,1.0256830503177383
lab006,F3,2026-04-14 09:49:08,COLD->OFF,COLD,OFF,-0.8907115933120893,0.0804907100076725,0.307364360027519,1.0275839301880794
lab006,F3,2026-04-14 09:50:28,COLD->OFF,COLD,OFF,-0.35444011028015043,0.07811152941859915,0.38907019257147935,0.749507784016256
lab006,F3,2026-04-14 09:51:51,COLD->OFF,COLD,OFF,0.033169600097094076,0.07516542512137932,0.7328320292891268,0.45266604820101053
lab006,F3,2026-04-14 09:53:00,COLD->OFF,COLD,OFF,0.4753154946727771,0.07124463573943655,1.0166371026185714,0.19605133142748699
lab006,F3,2026-04-14 09:54:02,COLD->OFF,COLD,OFF,0.6297389369843673,0.06711169968406223,1.0611498633317924,0.1614825958832385
lab006,F3,2026-04-14 10:48:30,OFF->COLD,OFF,COLD,-0.4625076565982127,-0.011039760696400426,0.12193820662174815,0.924154547603874
lab006,F3,2026-04-14 10:50:07,COLD->OFF,COLD,OFF,-0.07219813898085341,-0.013227055777777743,0.10860887512169973,0.5420768001987301
lab006,F3,2026-04-14 10:51:09,COLD->OFF,COLD,OFF,0.29169882289204263,-0.014786613084802136,0.550184489632035,0.1346257282580849
lab006,F3,2026-04-14 11:32:16,OFF->COLD,OFF,COLD,-0.4402235523342115,0.04866659608971728,0.3201163580390118,0.40517071764319956
lab006,F3,2026-04-14 11:34:32,COLD->OFF,COLD,OFF,-0.5163415442044748,0.050615145901965496,0.3871630070064443,0.3867544562332955
lab006,F3,2026-04-14 11:36:00,OFF->COLD,OFF,COLD,-0.48565918936745034,0.047772744949330745,0.4512787962575328,0.3735079060970513
lab006,F3,2026-04-14 12:32:28,OFF->COLD,OFF,COLD,-0.14560322059593436,0.006893580039088392,0.1405334598553165,0.361907481581392
lab006,F3,2026-04-14 12:33:30,COLD->OFF,COLD,OFF,-0.06676712325620315,0.007216673078033264,0.19026239656294205,0.3265732846561966
lab006,F3,2026-04-14 12:38:06,COLD->OFF,COLD,OFF,0.31302268365165,0.005568193569655225,0.36996014857339043,0.20457328810265674
lab006,F3,2026-04-14 12:39:18,OFF->COLD,OFF,COLD,0.2868475676950196,0.004891195114675256,0.3664648424060765,0.16840920460871267
lab006,F3,2026-04-14 13:46:52,OFF->COLD,OFF,COLD,-0.13591010727032737,-0.002734947822499112,0.16184770576772411,0.6150870932646614
lab006,F3,2026-04-14 13:48:11,COLD->OFF,COLD,OFF,0.005850374572670524,-0.0048292986713117415,0.1462756998480822,0.5047237324450196
lab006,F3,2026-04-14 13:51:24,COLD->OFF,COLD,OFF,0.3413796045955283,-0.01020636447013197,0.3863886512636769,0.26329014225702535
lab006,F3,2026-04-14 14:58:27,OFF->COLD,OFF,COLD,4.543683412314719,-0.13042066572983857,0.7924022875510172,6.060518203536734
lab006,F3,2026-04-14 14:59:43,OFF->COLD,OFF,COLD,3.405128010828387,-0.12849435601026643,0.7712798425150909,5.070296882090211
lab006,F3,2026-04-14 15:02:43,COLD->OFF,COLD,OFF,2.725081353927931,-0.11002321695594017,1.243482896595721,5.034404439003877
lab006,F3,2026-04-14 15:45:54,OFF->COLD,OFF,COLD,0.30403610895376865,-0.02446377932875668,0.5303291971562447,0.6114541529359745
lab006,F3,2026-04-14 15:46:57,COLD->OFF,COLD,OFF,0.3504905331848599,-0.03643351666947717,0.49117317539064537,0.6474667683386417
lab006,F3,2026-04-14 15:51:05,COLD->OFF,COLD,OFF,0.7468470876496067,-0.0716641371693084,0.5858397475653306,0.44599073822879365
lab006,F3,2026-04-14 16:51:43,OFF->COLD,OFF,COLD,-0.20069517926307537,0.026142986174959783,0.19134414783958917,0.47510410120838364
lab006,F3,2026-04-14 16:58:14,COLD->OFF,COLD,OFF,0.40099744082613364,0.018539528551541895,0.5014215748141231,0.14078773853309653
lab006,F3,2026-04-14 16:59:16,COLD->OFF,COLD,OFF,0.4697204731075086,0.016542200679012974,0.5160853808148078,0.17632323427878152
lab006,F3,2026-04-14 17:00:19,OFF->COLD,OFF,COLD,0.45759399027217795,0.014624360602860532,0.5184755584973871,0.16345318401336809
lab006,F3,2026-04-14 18:14:12,OFF->COLD,OFF,COLD,-0.47577347820707316,-0.0020920509338967185,0.1665669918335197,0.5439384884243913
lab006,F3,2026-04-14 18:15:15,COLD->OFF,COLD,OFF,-0.40337135913441663,-0.0022708879990606425,0.1569135709461158,0.5082947772502223
lab006,F3,2026-04-14 18:16:24,OFF->COLD,OFF,COLD,-0.47373610311380276,-0.002711898259867826,0.189348109571105,0.5155339508351073
lab006,F3,2026-04-14 18:17:36,OFF->COLD,OFF,COLD,-0.47759948112793527,-0.00356283401711225,0.1768585336779391,0.4640507127533821
lab006,F3,2026-04-14 18:18:42,COLD->OFF,COLD,OFF,-0.3193146079141749,-0.004423204376668221,0.27053551369660395,0.41277121844746834
lab006,F3,2026-04-14 18:19:51,COLD->OFF,COLD,OFF,-0.20337530946027327,-0.005780771703468968,0.414025699247962,0.33078770463928847
lab006,F3,2026-04-14 18:28:02,COLD->OFF,COLD,OFF,0.5369526435393318,-0.021660206238390132,0.510938899083307,0.12123969146777101
lab006,F3,2026-04-14 18:29:21,COLD->OFF,COLD,OFF,0.34357934125074785,-0.024213739317405947,0.4190636812247224,0.1365508747478954
lab006,F3,2026-04-14 18:47:41,OFF->HOT,OFF,HOT,1.1289054414061357,-0.022157164847104692,0.17839455900028012,2.0131037938147647
lab006,F3,2026-04-14 18:48:43,HOT->OFF,HOT,OFF,1.0856014523106392,-0.018935182024272225,0.20211513911443052,2.033180408292524
lab006,F3,2026-04-14 18:50:03,HOT->OFF,HOT,OFF,0.43973015027673,-0.013489921511474351,0.32076390374120556,1.5197215300190867
lab006,F3,2026-04-14 18:52:52,HOT->OFF,HOT,OFF,-1.5920620933658933,0.0012725784502381904,1.9389141414834656,0.7187039445400137
lab006,F3,2026-04-14 18:56:30,OFF->COLD,OFF,COLD,-1.592870674974837,0.022604125889936696,1.971959351073167,0.6489321267826132
lab006,F3,2026-04-14 19:12:10,COLD->OFF,COLD,OFF,0.2808168282065783,0.019947634064181662,0.439752278691661,0.22011064660675503
lab006,F3,2026-04-14 19:23:07,OFF->HOT,OFF,HOT,0.9888052194531077,-0.01182747528542608,0.22011064660675503,1.9133821237120492
lab006,F3,2026-04-14 19:24:16,HOT->OFF,HOT,OFF,0.6542608701194512,-0.011772134851915405,0.22290240244374365,1.7228792837478826
lab006,F3,2026-04-14 19:26:38,HOT->OFF,HOT,OFF,-0.5119347838749891,-0.008401765710323715,1.1265867009741,0.823335798465824
lab006,F3,2026-04-14 19:31:24,OFF->COLD,OFF,COLD,-1.2408929543749536,0.0052757175125876955,1.6517096563007831,0.5787065571282555
lab006,F3,2026-04-14 19:44:29,COLD->OFF,COLD,OFF,0.3108437735351534,0.007298050578379333,0.45789025977707914,0.14012520250944413
lab006,F3,2026-04-14 19:54:28,OFF->HOT,OFF,HOT,0.39832176949595544,-0.010431539817528125,0.16178373888814537,1.2820473274219297
lab006,F3,2026-04-14 19:55:33,OFF->HOT,OFF,HOT,0.2993919565158549,-0.010584710768144467,0.14012520250944413,1.3187416000249783
lab006,F3,2026-04-14 19:58:47,HOT->OFF,HOT,OFF,-0.5330078630670783,-0.00802940971597539,0.8797528824712482,0.8104587804696681
lab006,F3,2026-04-14 20:02:18,OFF->COLD,OFF,COLD,-1.2303470269265477,-0.002406894678643079,1.5563222032172774,0.7143542525002751
lab006,F3,2026-04-14 20:15:40,COLD->OFF,COLD,OFF,0.3897613526539638,-0.012387459573373116,0.5156644181890342,0.16807839854521045
lab006,F3,2026-04-14 20:25:21,OFF->HOT,OFF,HOT,0.12906050201700195,-0.023694514706857708,0.13781457137519323,1.345883536941924
lab006,F3,2026-04-14 20:26:26,OFF->HOT,OFF,HOT,0.7543399572558335,-0.021976398959622046,0.14292191466767604,2.2530842433049028
lab006,F3,2026-04-14 20:29:12,HOT->OFF,HOT,OFF,-0.5753216632915336,-0.014935196053889297,1.2767381910104592,0.7964932050606123
lab006,F3,2026-04-14 20:32:05,OFF->COLD,OFF,COLD,-1.1631557413936946,-0.004506376172966153,1.7732669592376304,0.6532057736315134
lab006,F3,2026-04-14 20:42:14,COLD->OFF,COLD,OFF,0.4444391581597329,0.014678683280023853,0.7041661155717517,0.19361269354917482
lab006,F3,2026-04-14 20:57:13,OFF->HOT,OFF,HOT,0.4027774056447003,0.0006718872485356963,0.15443168426508908,1.1010298152926579
lab006,F3,2026-04-14 20:58:15,HOT->OFF,HOT,OFF,0.4568877669495929,0.0006713260988051141,0.18152090153349834,1.098334980159793
lab006,F3,2026-04-14 20:59:17,HOT->OFF,HOT,OFF,0.5708270617463174,0.000970432127528864,0.22457835761425501,1.2198131867869146
lab006,F3,2026-04-14 21:00:20,OFF->HOT,OFF,HOT,0.2065050994875326,0.001620304633416991,0.2360025196791106,0.5381800857625276
lab006,F3,2026-04-14 21:11:44,OFF->COLD,OFF,COLD,-0.248679276114539,0.01334177940033112,0.32316841966582627,0.5613765567966348
lab006,F3,2026-04-14 21:12:57,COLD->OFF,COLD,OFF,0.14048617554740594,0.012668301023578321,0.2366797363607811,0.3769391002116897
lab006,F3,2026-04-14 21:15:57,COLD->OFF,COLD,OFF,0.5466678496173097,0.00903502945744591,0.47649278761039365,0.1944044928962289
lab006,F3,2026-04-14 23:38:03,OFF->COLD,OFF,COLD,-0.29148031509476474,0.008211895385806845,0.1312866850429163,0.4343808531673021
lab006,F3,2026-04-14 23:40:18,OFF->COLD,OFF,COLD,-0.32034234521228055,0.007952050193795735,0.12907094787696138,0.44855632623486985
lab006,F3,2026-04-14 23:41:20,COLD->OFF,COLD,OFF,-0.39089377742783304,0.007565007153952463,0.12305936341185351,0.4330764103697312
lab006,F3,2026-04-14 23:42:54,OFF->COLD,OFF,COLD,-0.37998283662950433,0.006663617386567367,0.15228276946938135,0.44065455714689866
lab006,F3,2026-04-14 23:44:10,OFF->COLD,OFF,COLD,-0.19296907248567638,0.00550866623646149,0.09694491080457181,0.39902342543965524
lab006,F3,2026-04-14 23:45:40,OFF->COLD,OFF,COLD,0.008430367133041322,0.003686594019850732,0.38513595587313126,0.33537305971956144
lab006,F3,2026-04-14 23:47:03,OFF->COLD,OFF,COLD,0.2092411971245136,0.0017312023276586427,0.40084421544224413,0.2018932962501796
lab006,F3,2026-04-14 23:48:05,OFF->COLD,OFF,COLD,0.2835414172337342,7.357637537818047e-05,0.41433849673834167,0.15571511423327786
lab006,F3,2026-04-14 23:49:07,COLD->OFF,COLD,OFF,0.3240495938678704,-0.002037955573260008,0.3801289554053111,0.14412168188345867
lab006,F3,2026-04-14 23:50:16,OFF->COLD,OFF,COLD,0.4467277089007161,-0.0042044664972239795,0.44973188734027986,0.1720129130983314
lab006,F3,2026-04-14 23:52:11,OFF->COLD,OFF,COLD,0.4377550690413084,-0.007493400020518093,0.3973059653512262,0.14447947582308698
lab006,F3,2026-04-15 05:23:38,OFF->HOT,OFF,HOT,-0.022474831259776274,0.0011752010220985932,0.07495763498199146,0.0838145289283619
lab006,F3,2026-04-15 05:25:32,OFF->HOT,OFF,HOT,-0.06166363431157449,0.0013188897803520837,0.0904743812872484,0.0772851845557589
lab006,F3,2026-04-15 05:30:51,OFF->HOT,OFF,HOT,-0.017634902992457846,0.001370618708632454,0.10189476188876993,0.10014662389936876
lab006,F3,2026-04-15 05:32:21,OFF->HOT,OFF,HOT,0.040861397943486796,0.0012733971798525423,0.07670191123920948,0.06912114874201844
lab006,F3,2026-04-15 05:36:03,OFF->HOT,OFF,HOT,0.06866099344650488,0.000845549110778987,0.09263714896940116,0.09140238823899148
lab006,F3,2026-04-15 05:37:12,HOT->OFF,HOT,OFF,-0.01951836727909628,0.0007021922501078692,0.08450126993725235,0.100937474295103
lab006,F3,2026-04-15 05:38:14,HOT->OFF,HOT,OFF,-0.04310903307839266,0.0005936279481312812,0.08851815810958427,0.10213708953572569
lab006,F3,2026-04-15 05:39:27,HOT->OFF,HOT,OFF,-0.004511595003668356,0.00046668434898475817,0.07701454627090511,0.07561777258052162
lab006,F3,2026-04-15 05:40:30,OFF->HOT,OFF,HOT,-0.03750298919942552,0.0003813448501623685,0.08961882407894645,0.06492286971044402
lab006,F3,2026-04-15 05:43:23,OFF->HOT,OFF,HOT,-0.054951902348808784,0.00020292620314841256,0.06912114874201844,0.05906122589365518
lab006,F3,2026-04-15 05:44:25,OFF->HOT,OFF,HOT,-0.03474572415421237,0.00011821689886709619,0.07138657295533439,0.052171036824060844
lab006,F3,2026-04-15 05:45:28,OFF->HOT,OFF,HOT,-0.034469371710235064,4.012086395832615e-06,0.09573974733806885,0.06143318773405913
lab006,F3,2026-04-15 05:46:30,OFF->HOT,OFF,HOT,-0.0140701671601789,-0.00010712426415075953,0.09794610663908744,0.06883558549511688
lab006,F3,2026-04-15 05:48:21,HOT->OFF,HOT,OFF,0.00981537130332013,-0.00035969066598463546,0.08036014411074617,0.04889393152933531
lab006,F3,2026-04-15 05:49:54,HOT->OFF,HOT,OFF,0.04495394247422843,-0.0005440040083414034,0.1055021197705525,0.09814480159128533
lab006,F3,2026-04-15 05:51:17,HOT->OFF,HOT,OFF,0.03264546389607148,-0.000784221134146168,0.0722122181757704,0.06478750883294537
lab006,F3,2026-04-15 05:52:44,HOT->OFF,HOT,OFF,0.12150539342822156,-0.000926167228807606,0.1152638925326385,0.07309022837201168
lab006,F3,2026-04-15 05:53:53,HOT->OFF,HOT,OFF,0.08506789911846788,-0.0010333657369023476,0.11353425500267349,0.09191283700354642
lab006,F3,2026-04-15 08:05:27,HOT->OFF,HOT,OFF,-1.3168460580460914,-0.017754726410251054,1.8752545531294595,0.8611316640127127
lab006,F3,2026-04-15 08:16:00,COLD->OFF,COLD,OFF,1.2316248911583045,-0.002032343920028181,1.0365022246424882,0.43253903389852427
lab006,F3,2026-04-15 08:26:43,OFF->HOT,OFF,HOT,0.10444826712544861,-0.001031895734369636,0.3846970879158104,1.4410361572661985
lab006,F3,2026-04-15 08:28:17,HOT->OFF,HOT,OFF,-0.36352123146463755,0.0015113574972148713,0.3037736084792385,1.0306066913625207
lab006,F3,2026-04-15 08:32:40,OFF->COLD,OFF,COLD,-1.0394771154275635,0.009542154988072205,1.1700031890357692,0.9192285184386291
lab006,F3,2026-04-15 08:39:03,COLD->OFF,COLD,OFF,0.6359614486645071,0.020951384163807995,1.1863755533662133,0.6083654701619036
lab006,F3,2026-04-15 09:21:12,OFF->HOT,OFF,HOT,2.5670116800776333,-0.07183656824920377,0.7663287045400511,3.5961070920928457
lab006,F3,2026-04-15 09:23:24,HOT->OFF,HOT,OFF,1.8045175288243476,-0.0794904084926061,0.6868965726457973,2.279764899132423
lab006,F3,2026-04-15 09:25:08,OFF->COLD,OFF,COLD,0.057152342774947296,-0.08132900637515492,3.2490959098237395,1.6721853989942321
lab006,F3,2026-04-15 09:31:18,COLD->OFF,COLD,OFF,-1.1807314049552566,-0.055932074653900196,3.367738313599855,0.4958619111065561
lab006,F3,2026-04-15 09:32:24,OFF->COLD,OFF,COLD,-1.474012480099896,-0.04821089093034121,3.390326934075338,0.4199536967177329
lab006,F3,2026-04-15 09:52:51,OFF->HOT,OFF,HOT,0.22025708629688176,0.04346603837652245,0.2560828267964248,1.675836888068447
lab006,F3,2026-04-15 09:54:14,OFF->HOT,OFF,HOT,0.29553751784613275,0.04271274870839545,0.3458168415760469,0.9588539293885142
lab006,F3,2026-04-15 09:55:20,HOT->OFF,HOT,OFF,0.18822352045172755,0.041772995248784264,0.32054827143640774,1.0281993655428516
lab006,F3,2026-04-15 10:01:20,OFF->COLD,OFF,COLD,-0.7756170375766425,0.03320569174221239,0.8095286077187421,0.7757080432907217
lab006,F3,2026-04-15 10:09:29,COLD->OFF,COLD,OFF,0.8530649806625209,0.0023724175249340666,0.8984900734797515,0.2308823754393462
lab007,F1,2026-04-17 11:45:28,OFF->COLD,OFF,COLD,0.07463516201264386,-0.06334181974420497,0.5544091072187523,0.49583166354423214
lab007,F1,2026-04-17 11:47:17,OFF->COLD,OFF,COLD,-3.7327783361482267,-0.05501512265800355,8.857489308340382,0.44562015436351854
lab007,F1,2026-04-17 11:48:25,OFF->COLD,OFF,COLD,-2.5609252950263577,-0.046705587435420456,7.940176746510838,0.4972286015361562
lab007,F1,2026-04-17 11:50:00,OFF->COLD,OFF,COLD,-2.5033041134263145,-0.03169961097042527,7.9355640798750375,0.5054776300017795
lab007,F1,2026-04-17 11:51:05,OFF->COLD,OFF,COLD,-2.543262852341228,-0.020722109689566302,7.933742073305183,0.49862403791347254
lab007,F1,2026-04-17 11:52:07,OFF->COLD,OFF,COLD,-5.089843011311315,-0.009880159321293502,11.200409075211963,0.49208015496130253
lab007,F1,2026-04-17 11:53:08,OFF->COLD,OFF,COLD,-5.129823170281403,0.0005067910469793381,11.198866716201838,0.48550045720605317
lab007,F1,2026-04-17 11:54:13,COLD->OFF,COLD,OFF,-3.867059409196317,0.011159292327838188,8.839163507362825,0.478525868108727
lab007,F1,2026-04-17 14:12:48,OFF->COLD,OFF,COLD,0.0,0.00013087289660274753,0.0,0.0
lab007,F1,2026-04-17 14:17:04,OFF->COLD,OFF,COLD,0.0,-4.3373697059600775e-05,0.0,0.0
lab007,F1,2026-04-17 14:18:19,OFF->COLD,OFF,COLD,0.0,-0.00011896294895203654,0.0,0.0
lab007,F1,2026-04-17 14:19:38,OFF->COLD,OFF,COLD,0.0,-0.0001132401244642498,0.0,0.0
lab007,F1,2026-04-17 14:21:10,OFF->COLD,OFF,COLD,0.0,-0.00020106599174224372,0.0,0.0
lab007,F1,2026-04-17 14:22:12,COLD->OFF,COLD,OFF,0.0,-0.00024426850470423995,0.0,0.0
lab007,F1,2026-04-17 14:55:23,OFF->COLD,OFF,COLD,0.0,-0.0006290728768254753,0.0,0.0
lab007,F1,2026-04-17 14:56:58,OFF->COLD,OFF,COLD,0.0,-0.0006163598484694771,0.0,0.0
lab007,F1,2026-04-17 14:59:32,OFF->COLD,OFF,COLD,0.0,-0.00060143471113363,0.0,0.0
lab007,F1,2026-04-17 15:00:33,OFF->COLD,OFF,COLD,0.0,-0.000580446959611925,0.0,0.0
lab007,F1,2026-04-17 15:03:48,OFF->COLD,OFF,COLD,0.0,-0.0005214134022904543,0.0,0.0
lab007,F1,2026-04-17 15:05:31,OFF->COLD,OFF,COLD,0.0,-0.0005120864028147442,0.0,0.0
lab007,F1,2026-04-17 15:30:37,OFF->COLD,OFF,COLD,0.0,-0.00012408075261790565,0.0,0.0
lab007,F1,2026-04-17 15:32:53,OFF->COLD,OFF,COLD,0.0,-8.495458290078007e-05,0.0,0.0
lab007,F1,2026-04-17 15:33:55,COLD->OFF,COLD,OFF,0.0,-9.126663392550755e-05,0.0,0.0
lab007,F1,2026-04-17 16:17:55,OFF->COLD,OFF,COLD,0.0,5.282967550447474e-05,0.0,0.0
lab007,F1,2026-04-17 16:20:28,OFF->COLD,OFF,COLD,0.0,2.958088658278515e-05,0.0,0.0
lab007,F1,2026-04-17 16:21:50,OFF->COLD,OFF,COLD,0.0,3.8128850257189937e-05,0.0,0.0
lab007,F1,2026-04-17 16:54:24,OFF->COLD,OFF,COLD,0.003425325696742888,2.804811796581157e-05,0.0,0.003707374350214036
lab007,F1,2026-04-17 16:55:29,COLD->OFF,COLD,OFF,0.002275247162592699,2.9562119549277364e-05,0.001963173671749869,0.0032171462289961278
lab007,F1,2026-04-17 16:56:55,OFF->COLD,OFF,COLD,0.00045600580626569526,5.892159503986651e-05,0.003193092941782655,0.002584877393121118
lab007,F1,2026-04-17 16:57:56,OFF->COLD,OFF,COLD,-0.0004982691423320012,7.54132091536476e-05,0.0035375399584136736,0.002184590570259413
lab007,F1,2026-04-17 17:24:14,OFF->COLD,OFF,COLD,-0.002982361158141763,3.0790094234426735e-06,0.0043672636196377896,0.0072786125491181445
lab007,F1,2026-04-17 17:25:19,OFF->COLD,OFF,COLD,-0.0028730390339952797,-5.4612420671524414e-05,0.004696713978620891,0.007508686356178483
lab007,F1,2026-04-17 18:45:51,OFF->COLD,OFF,COLD,0.0032851531235415345,-0.0009281104657340823,0.0012393232603323582,0.003936111380787158
lab007,F1,2026-04-17 18:47:10,OFF->COLD,OFF,COLD,0.002329478099668587,-0.000917542539654897,0.001414595227715901,0.0039033206319639413
lab007,F1,2026-04-17 18:48:38,OFF->COLD,OFF,COLD,0.0014354341556180536,-0.0009459149221612787,0.0018378212305995396,0.003909279582053841
lab007,F1,2026-04-17 18:49:40,OFF->COLD,OFF,COLD,0.0005166627271868942,-0.0009180233734785563,0.002222507513049604,0.0036540248272645495
lab007,F1,2026-04-17 18:50:58,OFF->COLD,OFF,COLD,-0.0011693117901747658,-0.0009047661079515917,0.00275948536472506,0.0026405067853170726
lab007,F1,2026-04-18 05:58:11,OFF->HOT,OFF,HOT,0.146880465546996,-0.0015050240227650446,0.1489426736123164,0.09712403746818504
lab007,F1,2026-04-18 05:59:12,OFF->HOT,OFF,HOT,0.10000882741804516,-0.0014882234806759542,0.1530363970726968,0.11741095015316123
lab007,F1,2026-04-18 06:02:37,OFF->HOT,OFF,HOT,-0.16445944512658422,-0.0009559442922842109,0.09930530789064279,0.18634325396166262
lab007,F1,2026-04-18 06:05:01,OFF->HOT,OFF,HOT,-0.12338991308584496,-0.00030054956970185237,0.12850795802281748,0.12160891997466672
lab007,F1,2026-04-18 06:06:33,OFF->HOT,OFF,HOT,-0.1769136347459216,9.275016147852202e-05,0.07700523442787711,0.18512675537136616
lab007,F1,2026-04-18 06:07:38,HOT->OFF,HOT,OFF,-0.19309528716839697,0.00029112665898498036,0.10103652123805518,0.2004443881013936
lab007,F1,2026-04-18 06:09:17,OFF->HOT,OFF,HOT,-0.13227221771236602,0.0004705687688253635,0.11748088400970623,0.1361237815688991
lab007,F1,2026-04-18 06:11:41,OFF->HOT,OFF,HOT,0.018650130640521134,0.0003050101332274069,0.13672323151742272,0.15177186240553564
lab007,F1,2026-04-18 06:13:44,OFF->HOT,OFF,HOT,0.1422562239460781,-0.00018135595603931964,0.20704249426647586,0.097044544954386
lab007,F1,2026-04-18 06:14:45,OFF->HOT,OFF,HOT,0.16720880764396379,-0.000499196923145484,0.20435337312538931,0.08866880014623245
lab007,F1,2026-04-18 06:15:57,OFF->HOT,OFF,HOT,0.12168004037141134,-0.0008930564754196957,0.13995628953005312,0.08444066013746897
lab007,F1,2026-04-18 06:17:26,OFF->HOT,OFF,HOT,0.20230264964369937,-0.001344541657346454,0.1752971260831081,0.08285483233002577
lab007,F1,2026-04-18 06:18:28,HOT->OFF,HOT,OFF,0.18897673755284877,-0.001639171034318898,0.17475302025392014,0.09193845576293731
lab007,F1,2026-04-18 06:19:33,OFF->HOT,OFF,HOT,0.1627047184717243,-0.001884257618184937,0.18900172774113094,0.11499579917404083
lab007,F1,2026-04-18 06:20:34,HOT->OFF,HOT,OFF,0.10216831152879421,-0.0020123738355762033,0.19020303669330957,0.1125100720338261
lab007,F1,2026-04-18 06:21:36,OFF->HOT,OFF,HOT,0.05590370578852029,-0.00208426675497802,0.17747983210430726,0.12196452498971608
lab007,F1,2026-04-18 06:23:01,HOT->OFF,HOT,OFF,-0.009407267050844416,-0.0019968244144862313,0.07717134916513188,0.09886952150031042
lab007,F1,2026-04-18 06:24:34,HOT->OFF,HOT,OFF,-0.10340528578098451,-0.001735350394554558,0.12446039005931296,0.11689605906669041
lab007,F1,2026-04-18 06:26:37,HOT->OFF,HOT,OFF,-0.16673684322556204,-0.0012067749451126486,0.1294280986860103,0.10226596754637159
lab007,F1,2026-04-18 06:28:53,HOT->OFF,HOT,OFF,-0.12419319814587412,-0.000473603077419904,0.08824407590320245,0.12159279939184933
lab007,F1,2026-04-18 06:30:43,HOT->OFF,HOT,OFF,-0.13085653376245382,8.437855082554248e-05,0.09028029499605615,0.10751005344790909
lab007,F1,2026-04-18 06:31:44,OFF->HOT,OFF,HOT,-0.09207477755315413,0.0002867669476056822,0.062351806038098326,0.10884574161291212
lab007,F1,2026-04-18 06:33:37,HOT->OFF,HOT,OFF,-0.021914422826218846,0.0005880347879126668,0.11318866146518597,0.10640193140643513
lab007,F1,2026-04-18 06:39:22,HOT->OFF,HOT,OFF,0.17781917992277568,0.00033354631800405765,0.11573425861840425,0.12367749959533454
lab007,F1,2026-04-18 06:41:12,HOT->OFF,HOT,OFF,0.1663997005025622,0.00020560680632027433,0.12626682205281056,0.1393431813115426
lab007,F1,2026-04-18 06:44:30,HOT->OFF,HOT,OFF,0.07539808159920788,0.0002747398246412347,0.09872195486400806,0.09220109733621122
lab007,F1,2026-04-18 06:47:55,HOT->OFF,HOT,OFF,-0.035434030907534005,0.0011701548225400758,0.09637236646005255,0.11915852274969171
lab007,F1,2026-04-18 06:51:58,HOT->OFF,HOT,OFF,-0.2068834845925731,0.002958278080438132,0.09885563094252267,0.2110669250448798
lab007,F1,2026-04-18 06:53:00,HOT->OFF,HOT,OFF,-0.250254520577214,0.0034634664179896855,0.11643055155217799,0.22122433364178953
lab007,F1,2026-04-18 06:55:09,HOT->OFF,HOT,OFF,-0.29917571494095974,0.004239206290922781,0.13995826514608536,0.2123284626213906
lab007,F1,2026-04-18 06:57:09,HOT->OFF,HOT,OFF,-0.23059279125923549,0.004599656774348415,0.1446191878121954,0.2007160105970411
lab007,F1,2026-04-18 07:02:40,HOT->OFF,HOT,OFF,0.11398717349931226,0.0028700167434489053,0.1956626288711141,0.07937347597061456
lab007,F1,2026-04-18 07:03:42,OFF->HOT,OFF,HOT,0.14579011678456338,0.0021854213095650332,0.1800921875674441,0.11845628616870782
lab007,F1,2026-04-18 07:11:44,HOT->OFF,HOT,OFF,0.10375262879443542,-0.0034887553860906196,0.07392361087528282,0.11200480281480374
lab007,F1,2026-04-18 07:13:51,HOT->OFF,HOT,OFF,0.05031983191437316,-0.00420527653646921,0.055971630529850006,0.09536016034968757
lab007,F1,2026-04-18 07:16:49,HOT->OFF,HOT,OFF,-0.08265807826470292,-0.004423833595086818,0.10194300972999228,0.16838996861408784
lab007,F1,2026-04-18 07:18:11,HOT->OFF,HOT,OFF,-0.08115550623213166,-0.0042648523146614605,0.1178492768001131,0.15561234168121177
lab007,F1,2026-04-18 07:19:43,HOT->OFF,HOT,OFF,-0.10812254237904209,-0.003922978042129216,0.12484424740147686,0.15527695567133756
lab007,F1,2026-04-18 07:20:45,OFF->HOT,OFF,HOT,-0.12800137212103493,-0.0036599227761624498,0.11628818139775995,0.1491958727260231
lab007,F1,2026-04-18 07:22:47,HOT->OFF,HOT,OFF,-0.10432022744015428,-0.00311362099863951,0.10787596110671312,0.16729997014185774
lab007,F1,2026-04-18 07:29:07,HOT->OFF,HOT,OFF,0.131040722953441,-0.002267140062742823,0.22856696328461223,0.0808191631561667
lab007,F1,2026-04-18 07:30:15,HOT->OFF,HOT,OFF,0.06851533856644729,-0.002276263493949249,0.17137830597785314,0.0714244493610024
lab007,F1,2026-04-18 07:31:44,HOT->OFF,HOT,OFF,0.10673961040597735,-0.002272580766891935,0.14927880317496248,0.10343167219299856
lab007,F1,2026-04-18 07:33:10,HOT->OFF,HOT,OFF,0.10194051874431051,-0.0022767418761237886,0.1524550311560871,0.1010013001731009
lab007,F1,2026-04-18 07:34:11,HOT->OFF,HOT,OFF,0.11111244400123917,-0.0022383731563832333,0.1511460933986636,0.12530637723089702
lab007,F1,2026-04-18 09:21:33,HOT->OFF,HOT,OFF,0.12460658831894808,0.0021640597678544036,0.17888834481073515,0.1015644290152172
lab007,F1,2026-04-18 10:19:03,HOT->OFF,HOT,OFF,0.10353246468448224,-0.00246895933076654,0.2521851310233641,0.4270705719650395
lab007,F1,2026-04-18 10:26:00,OFF->COLD,OFF,COLD,-0.45989494551059984,0.007345685982392031,0.6171870324372213,0.23678082856582425
lab007,F1,2026-04-18 10:31:49,COLD->OFF,COLD,OFF,0.07943525309275995,0.012360648097726424,0.2843904805948012,0.1825509180513096
lab007,F1,2026-04-18 12:00:25,OFF->COLD,OFF,COLD,0.177091882858315,-0.14049498688929665,1.1024294834405683,0.9319405073986091
lab007,F1,2026-04-18 12:01:26,COLD->OFF,COLD,OFF,0.165301499762312,-0.1535193143953121,1.083695948109087,0.9280225147624536
lab007,F1,2026-04-18 12:02:42,OFF->COLD,OFF,COLD,0.10672282200987893,-0.16868370295022714,1.040174233163013,0.9528147762312106
lab007,F1,2026-04-18 12:04:41,OFF->COLD,OFF,COLD,-0.04201541939234654,-0.19111882581028303,1.016879130286194,1.0787526245679757
lab007,F1,2026-04-18 12:06:04,OFF->COLD,OFF,COLD,-0.1426838053903594,-0.20538973263724752,0.9990480719086271,1.14937754736108
lab007,F1,2026-04-18 12:07:09,COLD->OFF,COLD,OFF,-0.17338114375972968,-0.21590605446562217,1.0017026512171845,1.1727549529244177
lab007,F1,2026-04-18 12:08:14,COLD->OFF,COLD,OFF,-0.16939581762955958,-0.2256089637990555,1.0342757523692034,1.1958801569171458
lab007,F1,2026-04-18 14:05:39,OFF->COLD,OFF,COLD,-0.27222124785332114,0.029549257514140004,0.12813508493428333,0.30289765718268946
lab007,F1,2026-04-18 14:06:51,OFF->COLD,OFF,COLD,-0.3282697359111081,0.029276014388549574,0.24856327890200725,0.34687937394922946
lab007,F1,2026-04-18 14:09:08,OFF->COLD,OFF,COLD,-0.2982190863275775,0.027639546095769373,0.16114100160651557,0.41216221242714207
lab007,F1,2026-04-18 14:10:09,OFF->COLD,OFF,COLD,-0.2762312971181975,0.02652296995233143,0.19367220138795876,0.4276235123854408
lab007,F1,2026-04-18 14:16:26,OFF->COLD,OFF,COLD,-0.31854086956525063,0.012592032095243337,0.24424446776784126,0.5323842695035967
lab007,F1,2026-04-18 14:18:19,OFF->COLD,OFF,COLD,-0.14902454998645354,0.006362512876568005,0.369606708093831,0.5414562213497578
lab007,F1,2026-04-18 14:20:56,OFF->COLD,OFF,COLD,0.19110231318533524,-0.0036127425741386016,0.38257274711667455,0.5957695046290128
lab007,F1,2026-04-18 14:23:10,OFF->COLD,OFF,COLD,0.5939170511758439,-0.012722008127589562,0.4741469525418089,0.7592106662638773
lab007,F1,2026-04-18 14:25:44,OFF->COLD,OFF,COLD,1.1072819749749474,-0.022857697348525607,0.4963729099470725,0.8813188581532415
lab007,F1,2026-04-18 14:27:02,OFF->COLD,OFF,COLD,1.3845204628225012,-0.02732423458939008,0.562881311241788,0.9322542229374972
lab007,F1,2026-04-18 14:28:04,OFF->COLD,OFF,COLD,1.5775584387548216,-0.030205151024807583,0.6154561249712049,1.0092925143355813
lab007,F1,2026-04-18 14:29:40,OFF->COLD,OFF,COLD,1.468494530419442,-0.033751179142791424,0.510486341541407,1.042294014775465
lab007,F1,2026-04-18 14:30:41,COLD->OFF,COLD,OFF,1.3456447034449714,-0.034767502750968585,0.5709285788321333,1.0720179086680757
lab007,F1,2026-04-18 14:31:43,COLD->OFF,COLD,OFF,1.2028546678908982,-0.034822333475454825,0.6365205730427662,1.0581483102734077
lab007,F1,2026-04-18 15:00:10,OFF->COLD,OFF,COLD,-1.720524119108806,0.08553220594641074,0.164202909311315,1.8405691168673843
lab007,F1,2026-04-18 15:02:24,COLD->OFF,COLD,OFF,-1.7500355038760893,0.07391216419782884,0.5066850153949378,2.1087791029947693
lab007,F1,2026-04-18 15:03:29,OFF->COLD,OFF,COLD,-1.6712619981901926,0.06545472179079036,0.7226714411120537,2.164741028979354
lab007,F1,2026-04-18 15:38:53,OFF->COLD,OFF,COLD,-5.421363642169467,0.17241577076788958,11.799124939824102,1.4173850200398548
lab007,F1,2026-04-18 16:08:09,OFF->COLD,OFF,COLD,0.8248629407921444,-0.012809663447272412,1.1155335924874246,0.3301272457021786
lab007,F1,2026-04-18 16:09:17,OFF->COLD,OFF,COLD,0.8094983550760912,-0.03504088859637,1.0495668282060966,0.30734125785785016
lab007,F1,2026-04-18 16:10:19,COLD->OFF,COLD,OFF,0.7994314173182808,-0.05491375552798644,0.979629420559979,0.2930315434926208
lab007,F1,2026-04-18 16:11:20,COLD->OFF,COLD,OFF,0.7892107515222078,-0.07311695877901658,0.8892233117657032,0.26164694569404034
lab007,F1,2026-04-18 16:13:13,COLD->OFF,COLD,OFF,0.8006740017309955,-0.10415911846529882,0.7323088324815076,0.28877600835116074
lab007,F1,2026-04-18 16:14:15,COLD->OFF,COLD,OFF,0.8426274002043652,-0.11928545877869151,0.6801834346516662,0.33776719582324854
lab007,F1,2026-04-18 18:36:45,OFF->COLD,OFF,COLD,-0.1562430011788283,0.010649847151232274,0.390748348777315,0.3665113801750429
lab007,F1,2026-04-18 18:38:25,OFF->COLD,OFF,COLD,-0.12994279681005202,0.0159372680234664,0.33505820269784364,0.439447921175577
lab007,F1,2026-04-18 18:42:31,OFF->COLD,OFF,COLD,-0.670568629699797,0.029486381390957054,0.3808918447139463,0.5712676826726485
lab007,F1,2026-04-18 18:44:13,OFF->COLD,OFF,COLD,-1.0469391587291854,0.03426011893428551,0.537868303170664,0.7324688032940945
lab007,F1,2026-04-18 18:45:22,OFF->COLD,OFF,COLD,-1.0741375866431582,0.03691157844297499,0.4055041099314927,0.7348270116293328
lab007,F1,2026-04-18 18:46:30,COLD->OFF,COLD,OFF,-1.1116644938869356,0.03882694841165644,0.422566050437936,0.7678321316135116
lab007,F1,2026-04-18 18:47:52,COLD->OFF,COLD,OFF,-1.1428009939705346,0.040254963505237606,0.33565615989661496,0.8945326107460286
lab007,F1,2026-04-18 18:48:54,COLD->OFF,COLD,OFF,-1.0893956849153736,0.040404743448341864,0.3309495284665764,0.921028403414238
lab007,F1,2026-04-18 19:00:01,OFF->HOT,OFF,HOT,0.7267681264159579,-0.003989078313521022,0.8433782908066757,0.25166953225875127
lab007,F1,2026-04-18 19:01:16,OFF->HOT,OFF,HOT,0.7988774268125078,-0.011888760717309425,0.8430341625152198,0.2385124099914098
lab007,F1,2026-04-18 19:02:18,HOT->OFF,HOT,OFF,0.6987316362530885,-0.01808116626144462,0.7698245285720614,0.20539848460545757
lab007,F1,2026-04-19 13:57:48,OFF->COLD,OFF,COLD,-6.343997481185305,0.5731019220764728,3.1695313648941905,5.120002153705312
lab007,F1,2026-04-19 13:59:27,OFF->COLD,OFF,COLD,-6.5259017037488025,0.6051023243298795,2.4225573319801357,5.656010775693725
lab007,F1,2026-04-19 14:00:29,COLD->OFF,COLD,OFF,-7.013110738301904,0.6176781396515709,2.215677252294613,6.051881545953491
lab007,F1,2026-04-19 14:01:34,OFF->COLD,OFF,COLD,-7.189543240375402,0.6232456070785706,1.955912655282093,6.291798023061728
lab007,F1,2026-04-19 14:04:46,COLD->OFF,COLD,OFF,-6.026364004939184,0.5994188072993059,2.2108715724288586,6.415535172957731
lab007,F1,2026-04-19 14:22:59,OFF->HOT,OFF,HOT,7.276448013646966,-0.3815261842188336,3.399552526913865,4.58682591300307
lab007,F1,2026-04-19 14:24:01,OFF->HOT,OFF,HOT,7.3481410399032665,-0.42494879484079623,3.015636464305361,4.736142620006656
lab007,F1,2026-04-19 14:25:20,HOT->OFF,HOT,OFF,6.642691835249266,-0.47012996610400337,2.414736698383492,4.699610969424486
lab007,F1,2026-04-19 14:35:40,OFF->COLD,OFF,COLD,-6.334132743090356,-0.438299818060675,4.9299069569334275,2.5342897708722685
lab007,F1,2026-04-19 14:38:14,COLD->OFF,COLD,OFF,-6.053228414321785,-0.36731206029246033,3.889634670470995,2.250232435823827
lab007,F1,2026-04-19 14:39:19,COLD->OFF,COLD,OFF,-5.397039259835969,-0.3382582166844024,3.60937124159767,2.2236443164893993
lab007,F1,2026-04-19 14:59:08,OFF->HOT,OFF,HOT,3.9110649613104647,0.013415596267307539,1.3239682861293878,3.0064423226358237
lab007,F1,2026-04-19 15:00:14,OFF->HOT,OFF,HOT,3.852542593462603,0.03620691040350987,1.0622864388627966,3.1896934531331005
lab007,F1,2026-04-19 15:02:10,HOT->OFF,HOT,OFF,2.7857109715683155,0.07131827130646912,1.9471779580106705,2.947125565787483
lab007,F1,2026-04-19 15:11:00,OFF->COLD,OFF,COLD,-5.631603457791784,0.09913109002361456,2.9363315344199634,3.495395887816079
lab007,F1,2026-04-19 15:12:31,COLD->OFF,COLD,OFF,-6.64329510933673,0.09826182539984601,3.5820112561023247,3.657374165949446
lab007,F1,2026-04-19 15:13:40,COLD->OFF,COLD,OFF,-5.942882696052449,0.09587602883323232,2.3669300848176706,3.7614175173363216
lab007,F1,2026-04-19 15:14:42,OFF->COLD,OFF,COLD,-5.171160518085963,0.09479491520158145,2.2065320177339496,3.5929475496441103
lab007,F1,2026-04-19 15:30:53,OFF->HOT,OFF,HOT,6.216040534615708,-0.04992225529474065,2.250122747865599,5.2801163567035525
lab007,F1,2026-04-19 15:32:01,OFF->HOT,OFF,HOT,7.090274170488657,-0.058533012219207425,1.912579458173403,6.701209122863791
lab007,F1,2026-04-19 15:33:03,HOT->OFF,HOT,OFF,7.559792309658474,-0.06370172444143929,1.6874386582345058,7.845713156121266
lab007,F1,2026-04-19 15:34:04,OFF->HOT,OFF,HOT,5.324512528007463,-0.06738754979744391,1.6751526250917472,8.611835580378791
lab007,F1,2026-04-19 16:25:23,OFF->COLD,OFF,COLD,-0.5933046423939627,-0.09766265424682208,0.5142332202442824,0.9519812549595309
lab007,F1,2026-04-19 16:26:25,COLD->OFF,COLD,OFF,-0.980289546195001,-0.10902468852853597,0.4206280178282866,1.0854371998364614
lab007,F1,2026-04-19 16:28:15,COLD->OFF,COLD,OFF,-1.3178655627314049,-0.12692241231944174,0.4628934586703843,1.074777332058198
lab007,F1,2026-04-19 17:20:24,OFF->COLD,OFF,COLD,-4.465485536511299,0.1581917255847779,1.5558247708075732,3.3277699248045813
lab007,F1,2026-04-19 17:21:50,COLD->OFF,COLD,OFF,-5.006294165498543,0.1711745679990816,1.46696123893464,3.6313128463990476
lab007,F1,2026-04-19 17:22:59,COLD->OFF,COLD,OFF,-5.0009274502946255,0.17715686416583643,1.5353206085747246,3.5902641477841257
lab007,F1,2026-04-19 17:24:01,OFF->COLD,OFF,COLD,-4.184089263649942,0.18094852981237486,1.909607928214381,3.4222734781405952
lab007,F1,2026-04-19 18:04:57,OFF->COLD,OFF,COLD,-5.64196236521593,0.09659537401561043,2.76887308495198,3.8834583054395284
lab007,F1,2026-04-19 18:06:14,OFF->COLD,OFF,COLD,-6.170009385422345,0.11260282371939602,2.5949760354072944,4.0897066809823786
lab007,F1,2026-04-19 18:09:43,COLD->OFF,COLD,OFF,-5.944383574020588,0.14717221603175865,2.691489137901409,4.113753623829566
lab007,F1,2026-04-19 18:56:54,OFF->COLD,OFF,COLD,-5.655790587424801,0.07039208577811777,2.294481365402107,4.086117165779721
lab007,F1,2026-04-19 19:01:09,COLD->OFF,COLD,OFF,-5.167782122871648,0.11490795544356497,2.703291534411411,4.165635337480108
lab007,F1,2026-04-19 19:43:12,OFF->COLD,OFF,COLD,-4.413173863321836,0.0180783909592602,1.3709676851328791,3.367181703220528
lab007,F1,2026-04-19 19:44:18,OFF->COLD,OFF,COLD,-4.946144062925532,0.027161597403935464,1.4597907810498152,3.5497718128005578
lab007,F1,2026-04-19 19:45:25,COLD->OFF,COLD,OFF,-4.83902208986228,0.034762762184492146,1.4008522353821562,3.520957998700311
lab007,F1,2026-04-19 19:46:26,OFF->COLD,OFF,COLD,-4.659107080196292,0.04047830186577333,1.326142638813938,3.453602947109862
lab007,F1,2026-04-19 19:47:28,COLD->OFF,COLD,OFF,-4.065960409956056,0.04469079927596731,1.657481353899535,3.273927017236105
lab007,F1,2026-04-19 20:22:58,OFF->COLD,OFF,COLD,-6.816184494269221,0.1452871179336027,4.792345996418083,4.51717375188906
lab007,F1,2026-04-19 20:24:07,COLD->OFF,COLD,OFF,-8.070016056319021,0.17131269778195257,4.86212948221486,4.066217113486383
lab007,F1,2026-04-19 20:28:00,COLD->OFF,COLD,OFF,-8.213827604711707,0.24635875624921794,4.9178608372295045,4.524686451077222
lab007,F1,2026-04-19 22:00:27,OFF->COLD,OFF,COLD,-0.6323440309689422,0.08398419894918482,0.5997417746063748,0.45828784068479816
lab007,F1,2026-04-19 22:01:36,OFF->COLD,OFF,COLD,-0.39904735830180266,0.08346465923985545,0.5288811783689776,0.4216939650924391
lab007,F1,2026-04-19 22:03:09,OFF->COLD,OFF,COLD,-0.2447378010294303,0.0813525803314377,0.3664038827808636,0.49381193422849273
lab007,F1,2026-04-19 22:30:40,OFF->COLD,OFF,COLD,0.15102678599983738,0.016400568996532174,0.6070886998554672,0.34031803973579533
lab007,F1,2026-04-19 22:33:26,OFF->COLD,OFF,COLD,0.010353686421869512,0.012650685335883517,0.478837610784973,0.573392936687648
lab007,F1,2026-04-19 22:38:29,OFF->COLD,OFF,COLD,-0.16654663518780238,0.00815698136407654,0.4024346684133545,0.650026840800348
lab007,F1,2026-04-19 22:40:33,OFF->COLD,OFF,COLD,-0.1531680005285306,0.005938390098802412,0.39305022345755025,0.5196718619897919
lab007,F1,2026-04-19 23:20:00,OFF->COLD,OFF,COLD,-0.375547418913605,-0.0071044432239181915,0.674692117493236,0.7191258686127797
lab007,F1,2026-04-19 23:21:07,OFF->COLD,OFF,COLD,-0.5947162947075622,-0.006210674392420935,0.7829565779574399,0.5634074332674203
lab007,F1,2026-04-19 23:22:13,OFF->COLD,OFF,COLD,-0.6484483666526777,-0.005374411279618664,0.6483146844598235,0.601685644929033
lab007,F1,2026-04-20 10:57:12,OFF->COLD,OFF,COLD,1.201269751275319,0.2401897714990984,2.683635073381825,1.5433816491213619
lab007,F1,2026-04-20 10:59:09,OFF->COLD,OFF,COLD,1.2231402793210477,0.19846942737481993,2.4539309551480124,1.2734882294567251
lab007,F1,2026-04-20 11:00:11,OFF->COLD,OFF,COLD,1.247732456735631,0.17553882866274534,2.331876223405443,1.1152834538798064
lab007,F1,2026-04-20 11:01:48,OFF->COLD,OFF,COLD,1.1053551739155125,0.13941144678240286,2.077721464748494,1.0088343689698545
lab007,F1,2026-04-20 11:02:48,OFF->COLD,OFF,COLD,1.16702689493868,0.11705789174718476,1.9784902613240958,0.8072822500807962
lab007,F1,2026-04-20 11:03:53,OFF->COLD,OFF,COLD,1.0832318835831303,0.09367013479487715,1.829803609141359,0.7656908260090718
lab007,F1,2026-04-20 11:05:00,OFF->COLD,OFF,COLD,1.0655073895073952,0.0702744821652912,1.77858462569858,0.7476194917341314
lab007,F1,2026-04-20 11:06:02,COLD->OFF,COLD,OFF,1.0965186528515103,0.049102826718697035,1.708692620036414,0.7205454529643124
lab007,F1,2026-04-20 13:18:00,OFF->COLD,OFF,COLD,-1.5865033076684503,0.005344289960063264,1.1276928281166805,0.5781375775058777
lab007,F1,2026-04-20 13:19:31,OFF->COLD,OFF,COLD,-1.8560256134047999,0.011364608871760672,1.2422961323488528,0.7097474264742091
lab007,F1,2026-04-20 14:42:35,OFF->COLD,OFF,COLD,-0.2705932120517116,-0.11855880998901709,0.6384278022652774,1.0444434738505524
lab007,F1,2026-04-20 14:43:42,OFF->COLD,OFF,COLD,-0.48173735795182127,-0.12208455858322262,0.36839941086332784,0.9023017631640333
lab007,F1,2026-04-20 14:44:43,COLD->OFF,COLD,OFF,-0.5770011907355078,-0.12547380906246033,0.4127596961001868,0.9090741297421286
lab007,F1,2026-04-20 14:45:50,OFF->COLD,OFF,COLD,-0.2308894935525272,-0.12887309450867804,0.5032931607341818,0.7483318540363311
lab007,F1,2026-04-20 14:47:29,OFF->COLD,OFF,COLD,0.001612973226026937,-0.1328645208857063,0.597946619194215,0.7321789896729168
lab007,F1,2026-04-20 15:34:51,OFF->COLD,OFF,COLD,0.7486440296422616,0.239516046885017,3.2070803762107127,2.3940669800857624
lab007,F1,2026-04-20 15:35:57,COLD->OFF,COLD,OFF,0.7178845756098546,0.21131170645869923,3.045049136475762,2.264746147639874
lab007,F1,2026-04-20 15:36:57,OFF->COLD,OFF,COLD,0.7567941042385513,0.18516859559400384,2.938122764490898,2.144228320631606
lab007,F1,2026-04-20 15:37:59,COLD->OFF,COLD,OFF,0.9007635092118167,0.15745634545141535,2.804827385516338,1.8459099811888033
lab007,F1,2026-04-20 17:29:32,OFF->COLD,OFF,COLD,-0.09667962961000232,0.06963016276218238,0.6761021733598915,0.6272190565811725
lab007,F1,2026-04-20 17:30:58,OFF->COLD,OFF,COLD,-0.014458464616672884,0.06457017150404169,0.7713313229739551,0.9746482812677915
lab007,F1,2026-04-20 17:32:40,OFF->COLD,OFF,COLD,0.03125370644935743,0.07009837533776056,0.67620066099261,0.9756399800445147
lab007,F1,2026-04-20 17:34:14,OFF->COLD,OFF,COLD,-0.36168506521236715,0.07642828034355773,0.6494001764205355,0.9254169579159014
lab007,F1,2026-04-20 17:36:07,OFF->COLD,OFF,COLD,-0.654024670195314,0.07806778131260152,0.6712096600386671,1.1541825072523675
lab007,F1,2026-04-20 17:37:43,OFF->COLD,OFF,COLD,-1.0403913613866993,0.0770028134488447,0.5837033126518345,1.757316197165755
lab007,F1,2026-04-20 17:38:44,COLD->OFF,COLD,OFF,-1.3572702290776788,0.07798605254144837,0.5273019251923852,1.897405621923119
lab007,F1,2026-04-20 17:40:57,OFF->COLD,OFF,COLD,-2.1788611118323202,0.0826239316942173,0.7324334234702543,2.0926898635797606
lab007,F1,2026-04-20 17:42:08,OFF->COLD,OFF,COLD,-2.4212179819594617,0.08061268109622403,0.7675882642047023,2.0233318469465145
lab007,F1,2026-04-20 17:43:27,OFF->COLD,OFF,COLD,-2.764038916487374,0.07949564656765479,0.8027284865939046,2.183444648598649
lab007,F1,2026-04-21 01:38:35,OFF->HOT,OFF,HOT,1.7803240438922299,-0.019496715283764135,0.5340917198816654,3.188748290852524
lab007,F1,2026-04-21 01:40:52,OFF->HOT,OFF,HOT,1.9760816888605586,-0.01853901403019407,0.41644642273618954,2.973828649346656
lab007,F1,2026-04-21 01:42:12,OFF->HOT,OFF,HOT,2.3997236176011154,-0.016117682960137887,0.48817755908409244,3.006961413032019
lab007,F1,2026-04-21 01:43:13,HOT->OFF,HOT,OFF,2.7602572947667157,-0.014118511719779115,0.6088442271263237,3.10481936337966
lab007,F1,2026-04-21 01:44:48,HOT->OFF,HOT,OFF,2.5149475775459202,-0.009598414825148893,0.5742202153477252,2.8247782507657586
lab007,F1,2026-04-21 01:53:14,OFF->COLD,OFF,COLD,-4.5262630015646685,0.04457710543473059,3.1073184023443385,2.2335589364134236
lab007,F1,2026-04-21 01:55:07,COLD->OFF,COLD,OFF,-4.941921596659414,0.0582944637295121,3.340791772177794,2.0475448309150033
lab007,F1,2026-04-21 02:19:59,OFF->HOT,OFF,HOT,2.8625413315789574,-0.07766978763527543,1.39228632730449,2.671775533704158
lab007,F1,2026-04-21 02:21:01,OFF->HOT,OFF,HOT,3.0198364479361226,-0.08575880338112381,1.299672266963197,2.628427929509686
lab007,F1,2026-04-21 02:22:07,HOT->OFF,HOT,OFF,3.326609234898478,-0.09321663181229506,1.2556992727453833,2.6091913935881474
lab007,F1,2026-04-21 02:23:09,HOT->OFF,HOT,OFF,3.717930102964456,-0.09903281871006975,1.2932323588030505,2.7240371379999253
lab007,F1,2026-04-21 02:39:32,OFF->COLD,OFF,COLD,-2.490306209022354,-0.01571563626215547,2.1301743861276647,1.4085240801741978
lab007,F1,2026-04-21 02:40:42,OFF->COLD,OFF,COLD,-3.280691359096514,-0.002991264008931613,2.2722816886402972,1.2017185893024565
lab007,F1,2026-04-21 03:44:49,OFF->HOT,OFF,HOT,0.6360812203032695,-0.05274022377508274,0.8737998419628662,1.9313496905354117
lab007,F1,2026-04-21 03:46:43,OFF->HOT,OFF,HOT,1.0620356831619164,-0.06133881992802586,0.9858549546073553,1.8853589376660973
lab007,F1,2026-04-21 03:47:52,HOT->OFF,HOT,OFF,2.6423832252602604,-0.06610635875884477,1.318365950471334,2.0909567769588375
lab007,F1,2026-04-21 03:50:42,HOT->OFF,HOT,OFF,2.469772221558472,-0.07559923323001935,1.5736097416308712,1.270402336128658
lab007,F1,2026-04-21 04:05:16,OFF->COLD,OFF,COLD,-1.9118001566798184,-0.024147201763414297,1.8280780889358315,0.921752246635458
lab007,F1,2026-04-21 04:07:28,OFF->COLD,OFF,COLD,-2.0204042260704984,-0.007294588297926369,1.5428312182326105,0.7735691875566063
lab007,F1,2026-04-21 04:08:40,OFF->COLD,OFF,COLD,-1.9946311737872042,0.0018791034665127937,1.4737498023308946,0.8299689369905277
lab007,F1,2026-04-21 05:15:05,OFF->HOT,OFF,HOT,1.8365632863868298,-0.06334129799772725,1.1602540628904525,2.1903504764957584
lab007,F1,2026-04-21 05:16:08,HOT->OFF,HOT,OFF,2.4067383445895274,-0.06782165980995244,1.3309016275320193,2.075724333737773
lab007,F1,2026-04-21 05:17:10,HOT->OFF,HOT,OFF,3.0260129706421357,-0.07168205907343612,1.4725407806777957,2.152491879909934
lab007,F1,2026-04-21 06:41:13,OFF->HOT,OFF,HOT,1.9582752321200902,-0.05719060966582958,0.6358636433765329,3.517897208093254
lab007,F1,2026-04-21 06:42:18,HOT->OFF,HOT,OFF,1.658718951717241,-0.06045592292470978,0.49716683583504967,2.885302188420847
lab007,F1,2026-04-21 06:43:21,OFF->HOT,OFF,HOT,1.9535930892826527,-0.06239097269228555,0.6132868782603166,2.8841953002059224
lab007,F1,2026-04-21 06:47:08,HOT->OFF,HOT,OFF,3.79177135061522,-0.06562125070820723,1.5864093679893805,3.4264866257445488
lab007,F1,2026-04-21 06:56:19,OFF->COLD,OFF,COLD,-3.8776824781045196,-0.02129710979332096,2.9905384780197695,1.2468653305944544
lab007,F1,2026-04-21 06:57:22,OFF->COLD,OFF,COLD,-4.131965503272324,-0.013296160258863664,3.045336195298251,1.4540485743797094
lab007,F1,2026-04-21 06:58:46,OFF->COLD,OFF,COLD,-3.292141933445504,-0.003438660108202641,2.296244643435751,1.511876450654074
lab007,F1,2026-04-21 07:22:09,OFF->HOT,OFF,HOT,2.9140284203033713,-0.01397879918692162,0.6552228227217306,3.2782444055905895
lab007,F1,2026-04-21 07:23:18,HOT->OFF,HOT,OFF,3.1955879890365035,-0.01511408153350562,0.6142235366998725,3.316353260807945
lab007,F1,2026-04-21 07:25:00,HOT->OFF,HOT,OFF,3.304761584399752,-0.015725912405950383,0.3983435089490158,3.26966364785057
lab007,F1,2026-04-21 07:26:04,HOT->OFF,HOT,OFF,2.1241784542874824,-0.014313910744033365,1.8020303073632191,2.586241805483726
lab007,F1,2026-04-21 07:36:16,OFF->COLD,OFF,COLD,-4.159505560803935,0.0483672667110218,2.6302507314309653,1.8673151919800763
lab007,F1,2026-04-21 07:37:18,COLD->OFF,COLD,OFF,-4.3838447949383115,0.05650493450631657,2.472846884053142,2.095911170161244
lab007,F1,2026-04-21 08:05:58,OFF->HOT,OFF,HOT,6.446719475296975,-0.1639331863440523,2.816662555402476,4.552501737184595
lab007,F1,2026-04-21 08:07:12,OFF->HOT,OFF,HOT,6.8137296838353585,-0.17799997662585748,2.591552444381906,4.818042037388001
lab007,F1,2026-04-21 08:08:14,HOT->OFF,HOT,OFF,7.01853175083013,-0.18743114620480697,2.425970462141061,5.039594157901933
lab007,F1,2026-04-21 08:10:23,HOT->OFF,HOT,OFF,5.168971315935719,-0.19904879591057656,2.3400222950314364,4.168167470708997
lab007,F1,2026-04-21 08:18:55,OFF->COLD,OFF,COLD,-4.0270480571122835,-0.13393162595538383,4.863660865279168,1.8947944962173024
lab007,F1,2026-04-21 08:20:50,OFF->COLD,OFF,COLD,-4.334341246019368,-0.10308710902354809,4.573983828172128,1.2062253281635773
lab007,F1,2026-04-21 08:21:56,COLD->OFF,COLD,OFF,-4.354871008390781,-0.08158119502365616,4.298817258119474,0.7830659593729727
lab007,F1,2026-04-21 09:27:36,OFF->COLD,OFF,COLD,-3.51882606020862,0.07767446890225109,0.6601337619041866,3.669733122855794
lab007,F1,2026-04-21 09:28:45,COLD->OFF,COLD,OFF,-3.781579174299559,0.0696936917534371,0.7573976366234726,3.8305112325501587
lab007,F1,2026-04-21 09:30:43,COLD->OFF,COLD,OFF,-3.207236162177016,0.05953001435377328,1.4584884686700281,3.6082403623975363
lab007,F1,2026-04-21 09:31:43,COLD->OFF,COLD,OFF,-2.673925043461069,0.05303565128996404,2.0596846078427715,3.4671569652815557
lab007,F1,2026-04-21 10:41:15,OFF->COLD,OFF,COLD,0.8910528722426013,-0.12813073774448222,1.1144565342620132,0.47986213312307513
lab007,F1,2026-04-21 10:42:18,OFF->COLD,OFF,COLD,0.9626150169937719,-0.13976852956523853,1.0333512885652398,0.6024147357611593
lab007,F1,2026-04-21 10:43:37,OFF->COLD,OFF,COLD,1.0400949096043022,-0.1642087325954627,0.7928034329816483,0.7603700567670058
lab007,F1,2026-04-21 10:44:43,OFF->COLD,OFF,COLD,0.7672398039427335,-0.1778346491702209,0.48571424027778903,0.7370418960412756
lab007,F1,2026-04-21 12:00:01,OFF->HOT,OFF,HOT,1.5877526005234464,0.018561712507629967,1.7294290235894378,1.2766341107907961
lab007,F1,2026-04-21 12:15:38,HOT->OFF,HOT,OFF,0.23808212870683088,-0.0630425518713325,1.2095280582103503,1.3017283501856936
lab007,F1,2026-04-21 14:31:02,OFF->HOT,OFF,HOT,0.37515963207683356,-0.03723462589054041,1.420564270866474,1.7134681078870104
lab007,F1,2026-04-21 14:33:06,OFF->HOT,OFF,HOT,1.084532086028875,-0.048229831506620975,1.624735931007877,1.1408734337748974
lab007,F1,2026-04-21 14:34:08,HOT->OFF,HOT,OFF,1.406922512658732,-0.052691383985991,1.7301280073521208,1.095019258021859
lab007,F1,2026-04-21 14:35:16,OFF->HOT,OFF,HOT,1.8788557843910447,-0.058337516138968225,1.7162900797653657,0.8744656609554008
lab007,F1,2026-04-21 14:36:17,OFF->HOT,OFF,HOT,2.080486293167841,-0.06387236996957135,1.741757755457905,0.9074679369700812
lab007,F1,2026-04-21 14:37:25,HOT->OFF,HOT,OFF,1.8127925090851822,-0.0687498206555695,1.823503397182384,0.6530528527267696
lab007,F1,2026-04-21 17:29:48,OFF->HOT,OFF,HOT,0.9531503184941275,0.008868755669015457,0.7683287744177901,1.2131317184503407
lab007,F1,2026-04-21 17:31:01,OFF->HOT,OFF,HOT,1.583655974111772,0.004232408074015127,0.9651185390445832,1.2701405719777683
lab007,F1,2026-04-21 17:32:01,HOT->OFF,HOT,OFF,1.9064089560818154,-0.0003789852298372587,0.9938285279791488,1.1666833058849237
lab007,F1,2026-04-21 17:33:03,HOT->OFF,HOT,OFF,2.174891535657955,-0.004781741788561528,1.117933045314555,1.223677602645319
lab007,F1,2026-04-21 17:35:09,HOT->OFF,HOT,OFF,1.4854867525302418,-0.014066526420490177,0.9579516014158844,0.9378831825251444
lab007,F1,2026-04-21 18:51:33,OFF->HOT,OFF,HOT,1.3732439687965405,-0.042904304136265024,0.6551869855227392,1.3417876913066686
lab007,F1,2026-04-21 18:53:04,OFF->HOT,OFF,HOT,1.5616139392703503,-0.04580658551832357,0.7381784037007019,1.2061772048556636
lab007,F1,2026-04-21 18:55:52,HOT->OFF,HOT,OFF,0.9573076598450186,-0.04825103593563877,1.0343052735476195,0.8208959740476497
lab007,F1,2026-04-21 20:04:55,OFF->HOT,OFF,HOT,1.3023765681200246,-0.0409271579135849,0.5683224393002635,1.3112098803278194
lab007,F1,2026-04-21 20:05:55,HOT->OFF,HOT,OFF,1.5476693610323093,-0.04288168974289839,0.5889677056437973,1.389791204515833
lab007,F1,2026-04-21 20:08:43,HOT->OFF,HOT,OFF,1.1098391805329262,-0.04650530958478516,0.8964371806175399,1.0167587891603755
lab007,F1,2026-04-21 21:08:13,OFF->HOT,OFF,HOT,0.9285216717761026,-0.027248454980319355,0.712358963490383,0.7673974471465334
lab007,F1,2026-04-21 21:10:18,OFF->HOT,OFF,HOT,0.8473410700796042,-0.03419908818299114,0.5549180692221901,0.7303124566822865
lab007,F1,2026-04-21 21:13:46,HOT->OFF,HOT,OFF,1.4102706095767383,-0.042825779074703266,0.6616706445951399,1.288852005245922
lab007,F1,2026-04-21 22:05:21,OFF->HOT,OFF,HOT,0.9800622901964815,-0.02022036939052123,0.7626811161235632,1.5093137566477919
lab007,F1,2026-04-21 22:06:45,OFF->HOT,OFF,HOT,1.4050542133246617,-0.026243716538213134,0.8707913022438896,1.425076019432198
lab007,F1,2026-04-21 22:07:46,OFF->HOT,OFF,HOT,1.6090606179264813,-0.030179279872720597,0.8923574746787999,1.3631980161528519
lab007,F1,2026-04-21 22:12:29,HOT->OFF,HOT,OFF,1.6408370355587882,-0.04339900972733535,1.0824028373169066,1.146479707732526
lab007,F1,2026-04-21 23:04:27,OFF->HOT,OFF,HOT,1.7335522498678617,-0.02853107957542882,0.9555369272794687,1.576346107142564
lab007,F1,2026-04-21 23:05:40,OFF->HOT,OFF,HOT,2.0545527459137256,-0.034248676242656734,0.9718607975085394,1.5488236548302732
lab007,F1,2026-04-21 23:06:40,OFF->HOT,OFF,HOT,2.197451516188092,-0.038309180586437376,0.9554620877377098,1.5144941072079943
lab007,F1,2026-04-21 23:10:52,HOT->OFF,HOT,OFF,0.8750898672273244,-0.04932301434664393,1.4260982456478222,0.9970141601349239
lab007,F1,2026-04-21 23:57:07,OFF->HOT,OFF,HOT,1.5582381587806249,-0.006970731533323261,0.9420517518022772,1.35652478523702
lab007,F1,2026-04-21 23:58:08,HOT->OFF,HOT,OFF,1.6886547112814694,-0.011165485164324716,0.7800552395337805,1.2140186553861732
lab007,F1,2026-04-21 23:59:10,OFF->HOT,OFF,HOT,1.7664745943479003,-0.014967884149826197,0.8492863962484191,1.1784156898167717
lab007,F1,2026-04-22 00:02:16,HOT->OFF,HOT,OFF,1.4538383895134799,-0.024588561009420216,0.9741084660889417,1.2453465816161444
lab007,F1,2026-04-22 00:43:36,OFF->HOT,OFF,HOT,1.4973033178855357,-0.012021540561865506,0.8239568398828357,1.4007285275207375
lab007,F1,2026-04-22 00:44:56,OFF->HOT,OFF,HOT,1.8816429350366877,-0.016600424111737143,0.951840675696126,1.4931899860746802
lab007,F1,2026-04-22 00:46:33,HOT->OFF,HOT,OFF,1.991961642739677,-0.020520891316366186,1.0736561735375418,1.2183934776151637
lab007,F1,2026-04-22 00:48:56,HOT->OFF,HOT,OFF,1.132572398002727,-0.025678818145345162,1.1536707348495303,1.127488657690132
lab007,F1,2026-04-22 01:32:11,OFF->HOT,OFF,HOT,1.247190335787697,-0.013126292081088753,0.872542031169878,1.2002163310960687
lab007,F1,2026-04-22 01:33:51,HOT->OFF,HOT,OFF,2.2752103752863526,-0.019034503937620073,1.0700430272911734,1.4295431383227237
lab007,F1,2026-04-22 01:37:12,HOT->OFF,HOT,OFF,1.0919522015278345,-0.027789592952176003,1.1869462084969484,0.9983928647850628
lab007,F1,2026-04-22 02:17:53,OFF->HOT,OFF,HOT,1.7258422038263683,-0.014677923529013271,1.2065077900935957,1.3345006268906234
lab007,F1,2026-04-22 02:18:56,HOT->OFF,HOT,OFF,2.1481169525019306,-0.019378400162602727,1.1060250269699305,1.1778222202655044
lab007,F1,2026-04-22 02:25:02,HOT->OFF,HOT,OFF,1.1850553429714688,-0.038455494346508884,1.6085128525905557,1.282959214763816
lab007,F1,2026-04-22 03:07:34,OFF->HOT,OFF,HOT,1.8632496529126121,-0.007087761433414386,1.2766472619138973,1.4582732181386753
lab007,F1,2026-04-22 03:09:02,OFF->HOT,OFF,HOT,1.7165573695183138,-0.014615668884023856,0.9908521284906169,1.3411019545730973
lab007,F1,2026-04-22 03:14:43,HOT->OFF,HOT,OFF,1.2388485628851098,-0.03507199746093796,1.376337852244138,1.147820648891948
lab007,F1,2026-04-22 03:53:31,OFF->HOT,OFF,HOT,1.500804091844737,0.0009978403768958095,1.058568718525699,1.4188024908614785
lab007,F1,2026-04-22 03:58:48,HOT->OFF,HOT,OFF,0.4475696067746818,-0.012398212875095104,0.9161668899542117,0.8621726291528723
lab007,F1,2026-04-22 04:35:37,OFF->HOT,OFF,HOT,1.3864295194577156,-0.011297069364669276,0.955549604090142,1.3575229469797037
lab007,F1,2026-04-22 04:41:43,HOT->OFF,HOT,OFF,1.2908137758085303,-0.024950992366393795,1.6246804302685829,1.2092054928058513
lab007,F1,2026-04-22 05:19:02,OFF->HOT,OFF,HOT,1.6724614233412605,0.002384716651069674,1.3002154388000349,1.1021071280199548
lab007,F1,2026-04-22 05:25:20,HOT->OFF,HOT,OFF,1.1109550525459257,-0.014757412032478623,1.4207239281094646,1.007043958872158
lab007,F1,2026-04-22 05:59:28,OFF->HOT,OFF,HOT,0.9066585994688151,0.004257972318125791,1.000220440833255,1.3809495593279375
lab007,F1,2026-04-22 06:00:30,OFF->HOT,OFF,HOT,1.1412389264611518,0.0025372770358060848,1.0384357231892973,1.127704438525602
lab007,F1,2026-04-22 06:01:39,HOT->OFF,HOT,OFF,1.086982813387757,0.00047680319923957236,1.0963133558523726,0.9460799818848477
lab007,F1,2026-04-22 06:05:35,HOT->OFF,HOT,OFF,0.5056274346634344,-0.005393834447055301,1.4257425191492559,0.6948591298840888
lab007,F1,2026-04-22 06:38:01,OFF->HOT,OFF,HOT,0.29745491912565575,0.0011829018284088555,0.9281770523365767,1.308824609140123
lab007,F1,2026-04-22 06:39:14,OFF->HOT,OFF,HOT,1.1281066721562234,-0.0007214866744138073,0.7912732616961304,1.2131765633385636
lab007,F1,2026-04-22 06:44:54,HOT->OFF,HOT,OFF,0.18239480430753507,-0.007748392497577061,1.255042938605174,1.3079892996798244
lab007,F1,2026-04-22 06:45:55,OFF->HOT,OFF,HOT,-0.19492019387887888,-0.008315341863658166,1.3817024876509187,1.2041189931099445
lab007,F1,2026-04-22 07:18:09,OFF->HOT,OFF,HOT,1.5569788611800086,0.014657095881084282,0.731689328604811,1.7075801545334022
lab007,F1,2026-04-22 07:19:33,HOT->OFF,HOT,OFF,0.940272633517514,0.015620480034414895,0.7388396574861847,1.6120116190053915
lab007,F1,2026-04-22 07:24:04,HOT->OFF,HOT,OFF,0.2900064488469354,0.02330387317176648,1.0466738070989605,1.077936403742862
lab007,F1,2026-04-22 07:55:45,OFF->HOT,OFF,HOT,2.7055878499285155,-0.06756585897598039,2.9871845675390225,2.0760063663256996
lab007,F1,2026-04-22 07:57:17,OFF->HOT,OFF,HOT,3.663755521791748,-0.0903034866024103,3.7919403811754897,1.78635452445798
lab007,F1,2026-04-22 08:03:41,HOT->OFF,HOT,OFF,2.808937504672995,-0.1735137439673376,2.631626848431073,1.2199508509050756
lab007,F1,2026-04-22 11:53:00,OFF->HOT,OFF,HOT,0.40635983523238617,0.0315537928671677,0.587121039553562,0.8339702890966886
lab007,F1,2026-04-22 11:54:55,OFF->HOT,OFF,HOT,0.6197770969790921,0.025240745380306448,0.6225607095188205,0.8015911062047534
lab007,F1,2026-04-22 11:56:20,OFF->HOT,OFF,HOT,0.4139272841161306,0.020647000839224564,0.5172061387731485,0.6475276031212487
lab007,F1,2026-04-22 11:57:25,OFF->HOT,OFF,HOT,0.23645626941916761,0.016103528161047584,0.5971536122882029,0.5841851315080605
lab007,F1,2026-04-22 11:58:33,HOT->OFF,HOT,OFF,0.6953451930144372,0.012874222208609128,0.6241851071602232,0.9567682476456325
lab007,F1,2026-04-22 11:59:39,HOT->OFF,HOT,OFF,1.0169416160469291,0.008520195343536888,0.6108441673827527,0.9231703821511733
lab007,F1,2026-04-22 12:01:45,HOT->OFF,HOT,OFF,0.5103326030800488,0.00093194122774784,0.8459458145475344,0.4399162582602869
lab007,F1,2026-04-22 18:42:19,OFF->HOT,OFF,HOT,-0.06763412175543276,-0.007713384209180274,0.17840084478905882,0.24522673616518012
lab007,F1,2026-04-22 18:43:24,OFF->HOT,OFF,HOT,0.08876934048678997,-0.007950990122608186,0.16006575666583758,0.33652889302841654
lab007,F1,2026-04-22 18:44:36,OFF->HOT,OFF,HOT,0.13865564372647865,-0.008268470523524194,0.18376369038492085,0.35030721424718303
lab007,F1,2026-04-22 18:45:54,OFF->HOT,OFF,HOT,0.2969417663586045,-0.00854850089710987,0.20049649434245134,0.47659469901018053
lab007,F1,2026-04-22 18:46:54,OFF->HOT,OFF,HOT,0.31414828655036753,-0.008776843248392655,0.21031419869293866,0.4719557310381142
lab007,F1,2026-04-22 18:49:48,HOT->OFF,HOT,OFF,0.24280160843234455,-0.009165761729555024,0.22611164505946427,0.3232993966078312
lab007,F1,2026-04-22 18:53:00,HOT->OFF,HOT,OFF,-0.023065336262140933,-0.008784933301945479,0.3805520474448752,0.3346892425017897
lab007,F1,2026-04-22 20:12:36,OFF->HOT,OFF,HOT,0.4090675335981737,-0.007077720620573525,0.2163475724464286,0.46911377677776817
lab007,F1,2026-04-22 20:13:36,HOT->OFF,HOT,OFF,0.4192571625311603,-0.007818737163496476,0.1991549294662079,0.4630405165788787
lab007,F1,2026-04-22 20:14:38,OFF->HOT,OFF,HOT,0.43966257361237193,-0.0084992407007299,0.20821059769529765,0.4664981109720785
lab007,F1,2026-04-22 20:15:42,OFF->HOT,OFF,HOT,0.409211258419417,-0.009089481620486506,0.20490533813336503,0.46577836798656225
lab007,F1,2026-04-22 20:17:45,HOT->OFF,HOT,OFF,0.18810401852426295,-0.009768766554143738,0.21193930423775453,0.4300147601819436
lab007,F1,2026-04-22 20:21:57,HOT->OFF,HOT,OFF,-0.2100410284499369,-0.00907440828932637,0.5440188083555555,0.2523139832203439
lab007,F1,2026-04-22 21:35:06,OFF->HOT,OFF,HOT,0.27176872580792977,-0.00190946487232625,0.13572520025001267,0.4211634352833722
lab007,F1,2026-04-22 21:36:15,OFF->HOT,OFF,HOT,0.40115841124061913,-0.0024755048807727272,0.1402349450394381,0.4679426440292148
lab007,F1,2026-04-22 21:37:19,OFF->HOT,OFF,HOT,0.3618516224726108,-0.0030081731362466943,0.1321588330929979,0.42241076091930246
lab007,F1,2026-04-22 21:38:22,HOT->OFF,HOT,OFF,0.3563738936292902,-0.0035333488122278544,0.12560730634605585,0.43881621727665066
lab007,F1,2026-04-22 21:40:05,HOT->OFF,HOT,OFF,0.3208905132185863,-0.004230644599926808,0.1378946405862409,0.396078309425029
lab007,F1,2026-04-22 21:42:57,HOT->OFF,HOT,OFF,-0.025573491026139098,-0.004711237852836722,0.298750424693826,0.10991973192707187
lab007,F1,2026-04-22 21:44:09,HOT->OFF,HOT,OFF,-0.12798295548632593,-0.004436204519688741,0.3970763902948214,0.11617265639955514
lab007,F1,2026-04-22 21:45:45,HOT->OFF,HOT,OFF,-0.19252726077185356,-0.003910893079759126,0.3724744145411922,0.06532172886745598
lab007,F1,2026-04-22 22:44:23,OFF->HOT,OFF,HOT,0.02829758139298499,-0.003221277701471539,0.03673418949722184,0.10842130295321886
lab007,F1,2026-04-22 22:45:48,OFF->HOT,OFF,HOT,0.18541815878664136,-0.0031475366846381112,0.03110346995405384,0.2773989862235631
lab007,F1,2026-04-22 22:46:48,HOT->OFF,HOT,OFF,0.18720496376754261,-0.003157740652185584,0.032421747360665686,0.27729037109928806
lab007,F1,2026-04-22 22:54:41,HOT->OFF,HOT,OFF,-0.1839907837861141,-0.001425270118868855,0.32925839540499235,0.0317519644976579
lab007,F1,2026-04-22 23:56:46,OFF->HOT,OFF,HOT,0.16885787239014968,-0.004794835307805122,0.03218109431938063,0.3037583964272832
lab007,F1,2026-04-22 23:57:47,OFF->HOT,OFF,HOT,0.19416806294927746,-0.004783664608801353,0.03420977957282381,0.3358531600867307
lab007,F1,2026-04-23 00:06:23,HOT->OFF,HOT,OFF,-0.1252430976509022,-0.0017077384936297867,0.285705406666012,0.03138858074912706
lab007,F1,2026-04-23 01:05:29,OFF->HOT,OFF,HOT,0.12771759974404645,-0.004058258590969427,0.012353424038542702,0.297145267928455
lab007,F1,2026-04-23 01:06:35,HOT->OFF,HOT,OFF,0.2057089107998171,-0.004016194377114245,0.01509853663842592,0.37012834447975956
lab007,F1,2026-04-23 01:08:02,HOT->OFF,HOT,OFF,0.07717822283183183,-0.0037909336707151755,0.01741063546497353,0.15247778804815748
lab007,F1,2026-04-23 01:14:36,HOT->OFF,HOT,OFF,-0.18627461287829053,-0.0015418243560880334,0.3699982179892819,0.03472926581591555
lab007,F1,2026-04-23 02:08:28,OFF->HOT,OFF,HOT,0.08818185477710995,-0.003354721880311433,0.01847349633731919,0.1559568055961608
lab007,F1,2026-04-23 02:09:41,OFF->HOT,OFF,HOT,0.2819201647055034,-0.003379695424285815,0.01761686499908498,0.5041131896977314
lab007,F1,2026-04-23 02:11:01,OFF->HOT,OFF,HOT,0.16775346949441486,-0.0033796790396723943,0.017569758552164992,0.3023747867616074
lab007,F1,2026-04-23 02:13:07,HOT->OFF,HOT,OFF,0.11463066748838276,-0.003153303661101919,0.01849259869281177,0.24231512627808507
lab007,F1,2026-04-23 02:16:41,HOT->OFF,HOT,OFF,-0.274004472300772,-0.0021481750524945968,0.5040445088321435,0.019886985410213703
lab007,F1,2026-04-23 02:18:40,HOT->OFF,HOT,OFF,-0.26270414112855706,-0.001350960003875113,0.5007377459774677,0.01969667684144354
lab007,F1,2026-04-23 02:19:45,OFF->HOT,OFF,HOT,-0.20480753357393414,-0.0008910227140390111,0.42584997723997337,0.020521452329751732
lab007,F1,2026-04-23 02:20:57,HOT->OFF,HOT,OFF,-0.13775275270836912,-0.00030605026375034013,0.2987345834267221,0.08068597764293425
lab007,F1,2026-04-23 03:12:02,OFF->HOT,OFF,HOT,0.1830547544007057,-0.0039029277911510995,0.024798626454699164,0.2606780330548912
lab007,F1,2026-04-23 03:18:06,HOT->OFF,HOT,OFF,-0.0142901761776447,-0.0026899434181006827,0.2015225509333908,0.1607651977401903
lab007,F1,2026-04-23 03:19:39,HOT->OFF,HOT,OFF,-0.06000510764980436,-0.0020325214038998942,0.08217698962103075,0.0322025262599602
lab007,F1,2026-04-23 03:21:23,HOT->OFF,HOT,OFF,-0.14070280035159133,-0.0012117869788454872,0.2725122878507367,0.051414591285486484
lab007,F1,2026-04-23 04:05:34,OFF->HOT,OFF,HOT,0.08954508061247247,-0.002405548147368125,0.02868288982591567,0.17808858418733642
lab007,F1,2026-04-23 04:06:36,OFF->HOT,OFF,HOT,0.07634265820854506,-0.0025458350871461755,0.027665528260135488,0.17395709013378213
lab007,F1,2026-04-23 04:07:36,OFF->HOT,OFF,HOT,0.07347571537814848,-0.00265350274634335,0.026534368114453394,0.17405909206071005
lab007,F1,2026-04-23 04:09:01,OFF->HOT,OFF,HOT,0.0850011578687409,-0.0027204691480827306,0.024245486619762342,0.15762122446158003
lab007,F1,2026-04-23 04:10:06,HOT->OFF,HOT,OFF,0.08391823319137397,-0.0026865128417201795,0.02225290910339458,0.15498705056261475
lab007,F1,2026-04-23 04:16:18,HOT->OFF,HOT,OFF,-0.17161120583295997,-0.0015888580537669849,0.3302391551988927,0.03028793921467942
lab007,F1,2026-04-23 05:04:15,OFF->HOT,OFF,HOT,0.09316628626719511,-0.0027686808401082546,0.0375843388722553,0.1975968830629966
lab007,F1,2026-04-23 05:15:18,HOT->OFF,HOT,OFF,-0.07351627592013893,0.000372868192639693,0.197599860795066,0.05047648453018667
lab007,F1,2026-04-23 06:04:41,OFF->HOT,OFF,HOT,0.038853936711840724,-0.0023268872563060932,0.025271997754983316,0.09323220280998226
lab007,F1,2026-04-23 06:05:42,HOT->OFF,HOT,OFF,0.03711009369562149,-0.002316366046672732,0.024551856754735098,0.09347855251856937
lab007,F1,2026-04-23 06:14:47,HOT->OFF,HOT,OFF,-0.015831048395422362,-0.0008028542783054044,0.07740108170135458,0.06118507353700507
lab007,F1,2026-04-23 07:01:09,OFF->HOT,OFF,HOT,0.19107746824133165,-0.0021826743971049773,0.041321466210725334,0.44600161201857924
lab007,F1,2026-04-23 07:02:11,HOT->OFF,HOT,OFF,0.2048276421155943,-0.0022929186418623954,0.041323450742250335,0.4468280991266635
lab007,F1,2026-04-23 07:03:16,HOT->OFF,HOT,OFF,0.29345398589835364,-0.002348729879043069,0.04231719192175395,0.4936972765654383
lab007,F1,2026-04-23 07:12:33,HOT->OFF,HOT,OFF,-0.06223157363663273,0.0010294335346332489,0.43162452249220246,0.13219332182780136
lab007,F1,2026-04-23 08:01:48,OFF->HOT,OFF,HOT,0.9309295081948603,-0.04107432694717286,0.859985695976918,0.9816708813369739
lab007,F1,2026-04-23 08:12:59,HOT->OFF,HOT,OFF,-0.16853748133225924,-0.07134470916250818,1.105931230281225,0.4265849049909687
lab007,F1,2026-04-23 11:18:52,OFF->HOT,OFF,HOT,9.61053131427747e-05,0.003813556882843382,0.0029680417969966313,0.005473672496785774
lab007,F1,2026-04-23 11:20:01,OFF->HOT,OFF,HOT,0.006860869835694894,0.0036990100158395224,0.0031825061188926543,0.02025674483772771
lab007,F1,2026-04-23 11:21:02,OFF->HOT,OFF,HOT,0.007069327764703843,0.0035645366965933152,0.0033936456808303706,0.02026326085360628
lab007,F1,2026-04-23 11:22:16,HOT->OFF,HOT,OFF,0.06197848787372209,0.0033789971174139595,0.003639505525695887,0.1463615741778095
lab007,F1,2026-04-23 11:23:20,OFF->HOT,OFF,HOT,0.041387093596276354,0.0032347020083636183,0.0038588441466672527,0.13137664062040397
lab007,F1,2026-04-23 11:24:23,OFF->HOT,OFF,HOT,0.041548191277345145,0.0031086668137788125,0.004011552734710885,0.13137712181500438
lab007,F1,2026-04-23 11:25:27,OFF->HOT,OFF,HOT,-0.004323614037581113,0.0029617541348970476,0.011813680925978426,0.0044377341838746165
lab007,F1,2026-04-23 11:26:45,OFF->HOT,OFF,HOT,0.0004976242838022663,0.0028351386510402574,0.004094958030135519,0.0055327265762278015
lab007,F1,2026-04-23 11:27:46,HOT->OFF,HOT,OFF,0.0005538122555976085,0.002712209236846506,0.0041478775491005935,0.005530001125384905
lab007,F1,2026-04-23 11:28:48,OFF->HOT,OFF,HOT,0.0006100002273929511,0.0026143493645973044,0.004195306905118751,0.0055228859264767095
lab007,F1,2026-04-23 11:29:53,HOT->OFF,HOT,OFF,-0.0017008017308941,0.0024854621321328168,0.0054741931143353715,0.004414323613859225
lab007,F1,2026-04-23 19:13:19,OFF->HOT,OFF,HOT,0.020930873210601466,-0.002549980107676574,0.004697347151263966,0.06576766981779306
lab007,F1,2026-04-23 19:14:28,OFF->HOT,OFF,HOT,0.03432520054721842,-0.0024997015170224505,0.004756272731766436,0.09669892861377341
lab007,F1,2026-04-23 19:16:16,OFF->HOT,OFF,HOT,0.03441248751528922,-0.002396097774234062,0.00483604653791366,0.07726257988681992
lab007,F1,2026-04-23 19:17:29,HOT->OFF,HOT,OFF,0.0036005816669294676,-0.0023001499049663515,0.004881724236426527,0.01116505201873692
lab007,F1,2026-04-23 19:18:39,OFF->HOT,OFF,HOT,-0.02933009099645359,-0.002197127765326732,0.09699726808680993,0.006348014324139835
lab007,F1,2026-04-23 19:19:44,HOT->OFF,HOT,OFF,-0.003944530474859935,-0.0021189453616065304,0.017426197229356098,0.006327351087134675
lab007,F1,2026-04-23 19:20:50,HOT->OFF,HOT,OFF,-0.005738028249510462,-0.002002963643306391,0.01743293824586563,0.00489946612646534
lab007,F1,2026-04-23 19:21:55,HOT->OFF,HOT,OFF,-0.0006624677279168127,-0.0018495889779791212,0.004815316894427393,0.004861897121143941
lab007,F1,2026-04-23 19:23:01,HOT->OFF,HOT,OFF,0.014444034497432666,-0.001723249447802851,0.03542270109835622,0.08285682948634719
lab007,F1,2026-04-23 19:24:06,HOT->OFF,HOT,OFF,-0.011369463277217863,-0.0016175154492410059,0.03544762858193834,0.0047693742556875265
lab007,F1,2026-04-23 19:25:12,OFF->HOT,OFF,HOT,-0.034277961051868394,-0.0014869842374752018,0.0772633591597001,0.004714723469891251
lab007,F1,2026-04-23 19:26:17,OFF->HOT,OFF,HOT,-0.03422240053027474,-0.0013501853394058496,0.07726311089998816,0.004655780525035538
lab007,F1,2026-04-23 19:27:42,OFF->HOT,OFF,HOT,-0.007234889341076247,-0.0012056048535335328,0.01788374760728684,0.004570324739418404
lab007,F1,2026-04-23 21:26:00,OFF->HOT,OFF,HOT,0.11529731032729658,-0.001338438698673783,0.0142448740967514,0.30052108954936435
lab007,F1,2026-04-23 21:27:17,OFF->HOT,OFF,HOT,0.027330973852924635,-0.0013558850920801111,0.01442877074296375,0.0721089447581278
lab007,F1,2026-04-23 21:28:19,OFF->HOT,OFF,HOT,0.03329990467342708,-0.0012925908377614784,0.014557920482643469,0.07324298976485523
lab007,F1,2026-04-23 21:37:22,HOT->OFF,HOT,OFF,-0.06610809844571204,0.00016951929819563087,0.1275620425715977,0.01913635190453569
lab007,F1,2026-04-23 21:40:12,HOT->OFF,HOT,OFF,0.0013589613106696746,0.0007218876211137679,0.01500098166651548,0.013653504028942413
lab007,F1,2026-04-23 21:41:25,HOT->OFF,HOT,OFF,-0.04121088931480061,0.0009087972874154149,0.09314742261286137,0.013397703007423673
lab007,F1,2026-04-23 21:42:27,OFF->HOT,OFF,HOT,-0.041051958494298164,0.0010609142189143103,0.09313599669180117,0.013169004471519164
lab007,F1,2026-04-23 23:28:08,OFF->HOT,OFF,HOT,0.18864024500133775,-0.0019844174049747755,0.020752269915538454,0.4893536550024153
lab007,F1,2026-04-23 23:29:10,OFF->HOT,OFF,HOT,0.22120807972645432,-0.0019118850817578894,0.020978586587122445,0.5190342139161034
lab007,F1,2026-04-23 23:30:54,HOT->OFF,HOT,OFF,0.011515298395944822,-0.0017364280086888176,0.07994779713508367,0.0700737539253347
lab007,F1,2026-04-23 23:43:53,HOT->OFF,HOT,OFF,-0.03303637142672779,0.001769515695535808,0.07002532647685687,0.01889589276869518
lab007,F1,2026-04-23 23:44:54,HOT->OFF,HOT,OFF,-0.02541688177968547,0.0019400699100109897,0.06840346507644382,0.018549447084864338
lab007,F1,2026-04-24 01:06:01,OFF->HOT,OFF,HOT,0.17543966068906874,-0.0030598242177457234,0.03061535003694232,0.3592835976419479
lab007,F1,2026-04-24 01:08:12,OFF->HOT,OFF,HOT,0.21533646280542174,-0.0032497279915846417,0.03170707192205887,0.6319339431649412
lab007,F1,2026-04-24 01:10:19,OFF->HOT,OFF,HOT,0.23667806931927388,-0.0032247363587128413,0.03260048101997315,0.6340708947983648
lab007,F1,2026-04-24 01:11:20,HOT->OFF,HOT,OFF,0.2370232756852504,-0.003127353853123759,0.03295931928048906,0.6340718422248177
lab007,F1,2026-04-24 01:26:19,HOT->OFF,HOT,OFF,-0.010259427625799861,0.002595656687673878,0.05420644217682788,0.029367282348306104
lab007,F1,2026-04-24 02:39:39,OFF->HOT,OFF,HOT,0.3014168618865508,-0.004340471333988384,0.04074808493751715,0.564181471872679
lab007,F1,2026-04-24 02:40:45,OFF->HOT,OFF,HOT,0.30689565220109644,-0.004326723056788238,0.04138130280261361,0.5451381065027582
lab007,F1,2026-04-24 02:54:35,HOT->OFF,HOT,OFF,-0.064298015959422,0.0014969275672874717,0.1334647031112059,0.0429140422882719
lab007,F1,2026-04-24 04:02:41,OFF->HOT,OFF,HOT,0.2590658127637221,-0.00559094396932272,0.04919011855932803,0.488860914399327
lab007,F1,2026-04-24 04:03:44,OFF->HOT,OFF,HOT,0.28253633990207266,-0.005470525163688811,0.049800475973426295,0.5092483538865191
lab007,F1,2026-04-24 04:15:35,HOT->OFF,HOT,OFF,-0.1943799891812827,0.001213524368864241,0.41339738290911865,0.0467002087847283
lab007,F1,2026-04-24 04:16:37,HOT->OFF,HOT,OFF,-0.1125713864268621,0.0018391427673536678,0.30182758089499334,0.04542156447919183
lab007,F1,2026-04-24 05:17:17,OFF->HOT,OFF,HOT,0.12903349391079205,-0.0031113709353582965,0.023510148281479855,0.26378015212633904
lab007,F1,2026-04-24 05:18:24,OFF->HOT,OFF,HOT,0.14133091007043946,-0.0031666892673961134,0.0248606413032323,0.268695580220906
lab007,F1,2026-04-24 05:19:41,HOT->OFF,HOT,OFF,0.19429229532197215,-0.003200712538449127,0.02585184721579717,0.27850727742800024
lab007,F1,2026-04-24 05:20:47,HOT->OFF,HOT,OFF,0.11711932189901995,-0.0032016707182565157,0.026504565952583464,0.17775813156461412
lab007,F1,2026-04-24 05:31:07,HOT->OFF,HOT,OFF,-0.04551045875566777,-0.0012533956560242024,0.13311591206075457,0.01827023678806469
lab007,F1,2026-04-24 06:26:55,OFF->HOT,OFF,HOT,0.050371161383882555,-0.0036982552080455336,0.033122364730416055,0.12128835562827416
lab007,F1,2026-04-24 06:37:48,HOT->OFF,HOT,OFF,-0.1777101075138045,-0.0015484627823734473,0.259563280333798,0.035637700433081274
lab007,F1,2026-04-24 06:39:12,HOT->OFF,HOT,OFF,-0.0921024295292959,-0.0008783913052779258,0.34447223135155386,0.13663260655901252
lab007,F1,2026-04-24 07:38:10,OFF->HOT,OFF,HOT,-0.07601352123603924,0.0018641266869749429,0.16287132687315622,0.24826308631125577
lab007,F1,2026-04-24 07:39:34,OFF->HOT,OFF,HOT,-0.0330876180411033,0.0006245116554129404,0.1783176169589259,0.3495710919409177
lab007,F1,2026-04-24 07:40:41,OFF->HOT,OFF,HOT,0.043656309428214884,-0.00045793356643872296,0.18552399779795287,0.47036275352220186
lab007,F1,2026-04-24 07:41:43,HOT->OFF,HOT,OFF,0.025604434502710938,-0.00145517461684053,0.18827405158473848,0.48606768436164477
lab007,F1,2026-04-24 07:43:47,HOT->OFF,HOT,OFF,-0.2756507316343825,-0.0035506530587225554,0.2715177447294294,0.39210793159158264
lab007,F1,2026-04-24 07:51:35,HOT->OFF,HOT,OFF,0.3495745781955023,-0.01340137569561992,0.37561797246566236,0.5317597772307475
lab007,F1,2026-04-24 07:52:38,OFF->HOT,OFF,HOT,0.5318347095701237,-0.014955243096144521,0.3985155749918764,0.587615599377504
lab007,F1,2026-04-24 09:02:33,OFF->COLD,OFF,COLD,-5.545029580652022,0.07402752294767619,5.9681528853232715,1.2596578696340843
lab007,F1,2026-04-24 09:05:56,COLD->OFF,COLD,OFF,-1.5879895878611157,0.09798712174186303,2.4270942770477446,0.7956530534709518
lab007,F1,2026-04-24 09:11:22,OFF->HOT,OFF,HOT,0.39720440060433376,0.09085447981256199,1.3061389944561015,1.5444526688787512
lab008,F2,2026-04-17 11:48:46,OFF->COLD,OFF,COLD,0.6057689511795792,-0.027824961813315174,0.5175400209998685,1.2918707961804707
lab008,F2,2026-04-17 11:50:11,OFF->COLD,OFF,COLD,0.12866961332750257,-0.04009578599360772,0.6013519318597632,0.4835425852075441
lab008,F2,2026-04-17 12:57:51,OFF->COLD,OFF,COLD,-0.6796542747054563,0.03933945621333483,0.7950375930834683,0.18173365337401076
lab008,F2,2026-04-17 12:58:52,OFF->COLD,OFF,COLD,-0.4505932772189887,0.044240475223103815,0.41536003101236635,0.17919456131076356
lab008,F2,2026-04-17 14:16:07,OFF->COLD,OFF,COLD,0.054071242471972314,-0.009225610482881872,0.0588359642879442,0.08951071482308696
lab008,F2,2026-04-17 14:30:11,OFF->COLD,OFF,COLD,-0.03703952793083485,0.009730143949614703,0.0874228414910393,0.13290144365901793
lab008,F2,2026-04-17 14:54:56,OFF->COLD,OFF,COLD,-0.03490911694803396,0.011144346516662861,0.06435053344756074,0.05749046808423807
lab008,F2,2026-04-17 14:55:58,COLD->OFF,COLD,OFF,-0.04472049361531993,0.0106777104945594,0.06488785162347244,0.05690667921272319
lab008,F2,2026-04-17 15:29:43,OFF->COLD,OFF,COLD,-0.003004038742318393,-0.004182506907948202,0.052444822862286834,0.025640132261543276
lab008,F2,2026-04-17 15:30:44,COLD->OFF,COLD,OFF,-0.013866447773640888,-0.004373806660945312,0.03064946498120191,0.02808203801892466
lab008,F2,2026-04-17 15:45:36,OFF->COLD,OFF,COLD,0.0365663628749722,-0.004741433444047161,0.033997570658809755,0.047209079720466826
lab008,F2,2026-04-17 15:54:28,OFF->COLD,OFF,COLD,0.054754398821809616,-0.003164958521172678,0.08284196376017132,0.06739643314489797
lab008,F2,2026-04-17 16:01:56,OFF->COLD,OFF,COLD,0.008229011872443613,-0.0006420869292834919,0.035952928842732226,0.07554100837274763
lab008,F2,2026-04-17 16:05:55,OFF->COLD,OFF,COLD,-0.04710233386853494,0.0006765183283067633,0.051011166501613935,0.060790693503838804
lab008,F2,2026-04-17 16:07:14,OFF->COLD,OFF,COLD,-0.03406326230011839,0.0010276552387099903,0.041496718061012065,0.07664355072639636
lab008,F2,2026-04-17 16:15:36,OFF->COLD,OFF,COLD,-0.009451400648775123,0.001902647652340783,0.05070810956181002,0.09496103933623115
lab008,F2,2026-04-17 16:16:58,OFF->COLD,OFF,COLD,-0.018205058540609675,0.0017658003305588421,0.06539449255908272,0.04763625567686735
lab008,F2,2026-04-17 16:37:31,OFF->COLD,OFF,COLD,-0.03089870068196384,-0.0017445761163035311,0.07051427711740169,0.09398430967369706
lab008,F2,2026-04-17 16:45:29,OFF->COLD,OFF,COLD,-0.008044009972212484,-0.0019369638452891305,0.053685258402460655,0.07948912710186927
lab008,F2,2026-04-17 17:03:15,OFF->COLD,OFF,COLD,-0.07567656756221888,-0.0011398434553347991,0.11432079596435506,0.059980672515206626
lab008,F2,2026-04-17 17:09:13,OFF->COLD,OFF,COLD,-0.04845515411152926,0.0014831870194765727,0.08323546727758077,0.06633215857594481
lab008,F2,2026-04-17 17:12:52,OFF->COLD,OFF,COLD,-0.012387158811087675,0.0028733376056976905,0.05310350077163219,0.07619327746524038
lab008,F2,2026-04-17 17:15:15,OFF->COLD,OFF,COLD,0.022052803876764063,0.003663275133170152,0.05639288645746395,0.06899306096467399
lab008,F2,2026-04-17 17:24:46,OFF->COLD,OFF,COLD,-0.1537822445272472,0.005921459632837134,0.07213736038816551,0.13105243886587384
lab008,F2,2026-04-17 17:27:19,OFF->COLD,OFF,COLD,-0.10939434040994013,0.005925699235845061,0.06614652613847306,0.12363419029003918
lab008,F2,2026-04-17 17:30:51,OFF->COLD,OFF,COLD,-0.06810203670853326,0.00511370837332723,0.06346381670704758,0.11251818231146506
lab008,F2,2026-04-17 17:41:33,OFF->COLD,OFF,COLD,0.026608056814539517,-0.002298383694940365,0.10810296270450999,0.10358195789149405
lab008,F2,2026-04-17 17:42:34,COLD->OFF,COLD,OFF,0.07852969699873572,-0.0031534145837291195,0.11666577988434186,0.10661615921555138
lab008,F2,2026-04-17 17:58:41,OFF->COLD,OFF,COLD,-0.06948993422232297,-0.00456564453303423,0.13720385583801176,0.0531599626926199
lab008,F2,2026-04-17 18:02:40,OFF->COLD,OFF,COLD,-0.047625040736953644,-0.0005059033811192553,0.13384895087824467,0.05526843113043941
lab008,F2,2026-04-17 18:11:46,OFF->COLD,OFF,COLD,-0.1256769564106769,0.008110883395950097,0.07553316405979278,0.12371172926772997
lab008,F2,2026-04-17 18:19:52,OFF->COLD,OFF,COLD,-0.02840949491621593,0.009678628661517684,0.09385501367815895,0.09999746967146067
lab008,F2,2026-04-17 18:44:16,OFF->COLD,OFF,COLD,0.06689791252116228,-0.0072301404084043055,0.061418971904977276,0.06471833380088515
lab008,F2,2026-04-17 18:49:06,OFF->COLD,OFF,COLD,0.06185911415206917,-0.008602891391054935,0.08145158119564731,0.06487236229466507
lab008,F2,2026-04-17 19:38:44,OFF->COLD,OFF,COLD,0.15665372988559068,-0.0012823782064874667,0.056457472861989565,0.18718199195120802
lab008,F2,2026-04-18 05:08:39,OFF->HOT,OFF,HOT,0.18693647543289493,-0.004121471536795251,0.11943996651991812,0.2672761262303538
lab008,F2,2026-04-18 05:10:45,OFF->HOT,OFF,HOT,0.2917826954128032,-0.0054947346526899475,0.16927978038314706,0.2795772361733627
lab008,F2,2026-04-18 05:11:46,HOT->OFF,HOT,OFF,0.2824246175661633,-0.0060438718470713585,0.1736370588384051,0.27758497803535886
lab008,F2,2026-04-18 05:12:48,HOT->OFF,HOT,OFF,0.3490518488023596,-0.00653847123822715,0.1909545803402188,0.2729306555163691
lab008,F2,2026-04-18 06:24:04,OFF->HOT,OFF,HOT,-0.0624993495049567,-0.007379872838272018,0.12174904410340623,0.11939705151262547
lab008,F2,2026-04-18 06:25:43,OFF->HOT,OFF,HOT,-0.12078804938794492,-0.007043485450024911,0.09010054637851589,0.1576236174450768
lab008,F2,2026-04-18 06:28:13,OFF->HOT,OFF,HOT,-0.09590452315393598,-0.00609378125797766,0.08006639532379671,0.14380940686494534
lab008,F2,2026-04-18 06:29:15,OFF->HOT,OFF,HOT,-0.13352078379912374,-0.005663428828097095,0.08384770729795912,0.13401073472944625
lab008,F2,2026-04-18 06:30:16,HOT->OFF,HOT,OFF,-0.16995089504453714,-0.005230441894284654,0.10932622842282891,0.14401383201810952
lab008,F2,2026-04-18 06:31:18,OFF->HOT,OFF,HOT,-0.18419676596910117,-0.004779658303639289,0.10077369090507012,0.13951856367584728
lab008,F2,2026-04-18 06:32:29,OFF->HOT,OFF,HOT,-0.1657565866758205,-0.004365500054238769,0.10061305834829083,0.13707957592922212
lab008,F2,2026-04-18 06:34:05,OFF->HOT,OFF,HOT,-0.047474135547409466,-0.0038967638407626736,0.08825064403899008,0.06492235143964044
lab008,F2,2026-04-18 06:35:13,OFF->HOT,OFF,HOT,0.034396723693986206,-0.0036455440610388967,0.12801213837681108,0.09339853754132005
lab008,F2,2026-04-18 06:36:22,OFF->HOT,OFF,HOT,0.07184054705131127,-0.0035197844498437102,0.1516663586893838,0.047482173786768826
lab008,F2,2026-04-18 06:37:23,OFF->HOT,OFF,HOT,0.07309454420570649,-0.003465123536961978,0.1680756607033319,0.0576904788291835
lab008,F2,2026-04-18 06:38:25,HOT->OFF,HOT,OFF,0.13183293950875496,-0.003464525710353472,0.1678808000471538,0.09768220999093784
lab008,F2,2026-04-18 06:39:30,OFF->HOT,OFF,HOT,0.16396681281792092,-0.003447416054425356,0.14832371228718697,0.10511297099848473
lab008,F2,2026-04-18 06:40:35,OFF->HOT,OFF,HOT,0.20923837834783732,-0.003474580447752928,0.16901278592922392,0.10625646014427194
lab008,F2,2026-04-18 06:43:05,HOT->OFF,HOT,OFF,0.1262086642555445,-0.0034479898086418716,0.0953571119195441,0.13734844629336898
lab008,F2,2026-04-18 06:44:07,HOT->OFF,HOT,OFF,0.12199467337850722,-0.0033711145785435544,0.10033950745335143,0.13426549757176562
lab008,F2,2026-04-18 06:45:19,HOT->OFF,HOT,OFF,0.11312212818739023,-0.0031729420412135445,0.10365542957867674,0.1115918718791827
lab008,F2,2026-04-18 06:47:22,HOT->OFF,HOT,OFF,0.03293930709333046,-0.002559311259193953,0.047482173786768826,0.1292837729810372
lab008,F2,2026-04-18 06:48:24,HOT->OFF,HOT,OFF,-0.019927377226609953,-0.002150363302021407,0.05892293605601761,0.10789063712796662
lab008,F2,2026-04-18 06:49:56,HOT->OFF,HOT,OFF,-0.054293143324806614,-0.0014160680594955902,0.05829552169503414,0.14733393419178684
lab008,F2,2026-04-18 06:51:14,HOT->OFF,HOT,OFF,-0.1156276361416143,-0.0006646485888656354,0.08735609160337347,0.1731909600821995
lab008,F2,2026-04-18 06:52:50,HOT->OFF,HOT,OFF,-0.17934865154646673,0.00024241490191110292,0.13295751700051928,0.13635957240626354
lab008,F2,2026-04-18 06:55:24,HOT->OFF,HOT,OFF,-0.20988819054534497,0.001696274103106266,0.09619535273904027,0.15665039676382844
lab008,F2,2026-04-18 10:17:50,HOT->OFF,HOT,OFF,0.5564021767785985,-0.01044994614171113,0.28301088542145847,0.4385052198666213
lab008,F2,2026-04-18 12:35:14,OFF->COLD,OFF,COLD,0.10596309320880404,0.04878275681784259,0.4584053460297483,0.34700909679686714
lab008,F2,2026-04-18 12:38:26,OFF->COLD,OFF,COLD,0.21090654373490328,0.036967587630152066,0.41219391195495964,0.21158573487728122
lab008,F2,2026-04-18 12:46:28,OFF->COLD,OFF,COLD,0.2506419393297396,0.0037502190886801387,0.2653245904009157,0.21765473522652531
lab008,F2,2026-04-18 12:49:09,OFF->COLD,OFF,COLD,0.324608138703987,-0.005783364324336258,0.24439229912641766,0.19110940736080867
lab008,F2,2026-04-18 12:50:34,OFF->COLD,OFF,COLD,0.16400766737662775,-0.009862357674260247,0.17336129875868647,0.15765290886132965
lab008,F2,2026-04-18 12:51:39,OFF->COLD,OFF,COLD,0.1035676550538012,-0.012809567387745704,0.1801488810287448,0.12050716555220534
lab008,F2,2026-04-18 12:52:41,COLD->OFF,COLD,OFF,0.03070161891123091,-0.015277133324865577,0.18013232385474132,0.07321474708651242
lab008,F2,2026-04-18 14:43:32,OFF->COLD,OFF,COLD,0.2303156764333255,-0.03217104577670163,0.7919870201349982,0.9829358216738698
lab008,F2,2026-04-18 14:44:50,OFF->COLD,OFF,COLD,-0.03130362026350064,-0.020789809020615002,0.9263704227302428,0.8642514257488341
lab008,F2,2026-04-18 14:45:52,COLD->OFF,COLD,OFF,-0.17181980264856067,-0.010955987447048524,1.0018992187140878,0.8139053271194429
lab008,F2,2026-04-18 14:46:57,COLD->OFF,COLD,OFF,-0.37432936623452473,-0.0001688511314491964,1.0535291247556637,0.6721244242527374
lab008,F2,2026-04-18 14:58:35,OFF->COLD,OFF,COLD,-1.1616170232969818,0.11049920809190823,0.6794504641659701,0.6708496053384895
lab008,F2,2026-04-18 15:01:57,OFF->COLD,OFF,COLD,-1.3049401293587768,0.12475500565509612,0.43170210813308274,1.0037605740359496
lab008,F2,2026-04-18 15:04:21,OFF->COLD,OFF,COLD,-1.1411469413417787,0.1267908880845332,0.3997224996818972,1.1221410572425223
lab008,F2,2026-04-18 15:08:24,OFF->COLD,OFF,COLD,-0.9499629013569506,0.11234239726040682,0.6258341470839442,1.388344309520267
lab008,F2,2026-04-18 15:18:09,OFF->COLD,OFF,COLD,-0.18043237286808522,-0.0006355894506626658,1.3839878197493507,1.5509051948459724
lab008,F2,2026-04-18 15:22:29,OFF->COLD,OFF,COLD,0.03223498177752049,-0.07299253192525078,1.4607115266185022,1.4284466297912928
lab008,F2,2026-04-18 15:31:43,OFF->COLD,OFF,COLD,3.7412798967808047,-0.22403553379492352,1.536084815646422,9.666656840212255
lab008,F2,2026-04-18 15:33:22,OFF->COLD,OFF,COLD,7.209270947017116,-0.24528839760716997,1.4439079438111737,15.525139751563636
lab008,F2,2026-04-18 15:34:24,COLD->OFF,COLD,OFF,7.286103469909115,-0.25584422231614323,1.415621985199924,15.519089974974534
lab008,F2,2026-04-18 15:35:25,OFF->COLD,OFF,COLD,7.676267762331419,-0.26307745254014614,1.3885925704709763,15.15693806612205
lab008,F2,2026-04-18 16:30:30,OFF->COLD,OFF,COLD,0.968369361177348,-0.15160513983591747,0.43016816113295137,0.6600298142156863
lab008,F2,2026-04-18 16:35:07,OFF->COLD,OFF,COLD,0.5211985606267838,-0.17219493480999265,0.2839965699553816,0.6364924093080077
lab008,F2,2026-04-18 16:38:22,OFF->COLD,OFF,COLD,0.15956036972522158,-0.1695905987994349,0.42974157067891366,0.5634633479538774
lab008,F2,2026-04-18 16:44:53,OFF->COLD,OFF,COLD,-0.46396438193554607,-0.13140640001822032,0.7078343524049657,0.2215775848775205
lab008,F2,2026-04-18 16:46:36,OFF->COLD,OFF,COLD,-0.5608183397457238,-0.11730447785788822,0.7107823695775688,0.13678474901167478
lab008,F2,2026-04-18 16:49:06,OFF->COLD,OFF,COLD,-0.3884816643431704,-0.09528033624310744,0.5389076209800575,0.17347347068509716
lab008,F2,2026-04-18 16:50:11,OFF->COLD,OFF,COLD,-0.3722749356470529,-0.08630765872360593,0.46611695091553756,0.16002756716016583
lab008,F2,2026-04-18 16:51:33,OFF->COLD,OFF,COLD,-0.3455888047003448,-0.07478266245416493,0.34616612281184256,0.1553605067464705
lab008,F2,2026-04-18 16:52:35,COLD->OFF,COLD,OFF,-0.34251475990313823,-0.06615773904874467,0.29426701891225426,0.19100482704818303
lab008,F2,2026-04-18 17:38:53,OFF->COLD,OFF,COLD,0.03835009325095115,0.03403476522068412,0.21643357430305601,0.23766420841613767
lab008,F2,2026-04-18 17:40:08,OFF->COLD,OFF,COLD,0.13845311933854662,0.03520893444395943,0.1802664695858803,0.3124032774181939
lab008,F2,2026-04-18 17:47:57,OFF->COLD,OFF,COLD,-0.27096355254487015,0.04156414319118049,0.25400517715727045,0.21772782683398703
lab008,F2,2026-04-18 17:49:09,OFF->COLD,OFF,COLD,-0.3726750863303138,0.04219167479093973,0.2448420341131768,0.2823482607303005
lab008,F2,2026-04-18 17:50:58,COLD->OFF,COLD,OFF,-0.4320192935196371,0.043109771936897155,0.2691627609670717,0.23473608101176277
lab008,F2,2026-04-19 14:15:51,OFF->COLD,OFF,COLD,1.2167729130856397,0.045168302697406126,2.3337941043921075,1.0352189750614413
lab008,F2,2026-04-19 14:17:00,OFF->COLD,OFF,COLD,0.9258365195367412,0.005655761996987918,2.058952733845386,0.9797262317524079
lab008,F2,2026-04-19 15:33:42,OFF->COLD,OFF,COLD,0.5534186461196796,-0.016520368813744746,0.6350515370374044,0.5358995280926322
lab008,F2,2026-04-19 15:35:42,OFF->COLD,OFF,COLD,0.6564608688450693,-0.02629199256597463,0.5983872821862318,0.383355843702226
lab008,F2,2026-04-19 15:42:22,OFF->COLD,OFF,COLD,-0.38108100999253497,-0.04578416672754761,0.6408648798225136,0.42345158708464714
lab008,F2,2026-04-19 16:07:19,OFF->COLD,OFF,COLD,-8.54915982674502,0.19340064145515862,9.354638084353558,2.666714632815099
lab008,F2,2026-04-19 16:09:52,COLD->OFF,COLD,OFF,-5.103640665359407,0.23679162028913314,5.717848673496507,2.931343834600467
lab008,F2,2026-04-19 16:11:00,COLD->OFF,COLD,OFF,-4.258963214566666,0.2514251307447791,5.26786100270678,3.04404583883329
lab008,F2,2026-04-19 17:07:03,OFF->COLD,OFF,COLD,-1.9960264152791845,-0.08383993718384009,1.4052367172524318,1.3709296030116975
lab008,F2,2026-04-19 17:08:08,OFF->COLD,OFF,COLD,-2.386056869208219,-0.06995736474075419,1.3724107955955704,1.5420840592946208
lab008,F2,2026-04-19 17:10:48,COLD->OFF,COLD,OFF,-2.761467805703317,-0.03968598636955284,1.4060393757594476,1.4313386025008406
lab008,F2,2026-04-19 17:51:20,OFF->COLD,OFF,COLD,-1.8274157119117103,0.06502929724483231,0.7811099733292192,1.4601267322854214
lab008,F2,2026-04-19 17:52:20,COLD->OFF,COLD,OFF,-2.1056574326135307,0.06861404092305215,0.8460430507652738,1.474521799641078
lab008,F2,2026-04-19 17:53:53,COLD->OFF,COLD,OFF,-2.33586492183981,0.07325046387923351,1.0042444539136601,1.4480691095698326
lab008,F2,2026-04-19 18:29:08,OFF->COLD,OFF,COLD,-2.431510689245269,0.015388262194730905,1.2825427975288337,1.5175495134397172
lab008,F2,2026-04-19 18:30:17,COLD->OFF,COLD,OFF,-2.7371973487830026,0.01764811892307616,1.2764242728570503,1.5398196988930732
lab008,F2,2026-04-19 18:31:43,COLD->OFF,COLD,OFF,-2.5955152693833754,0.022541740690545355,1.2018427724986216,1.5094845798112777
lab008,F2,2026-04-19 19:02:51,OFF->COLD,OFF,COLD,-1.423480007734994,-0.022671579426669017,0.7668326685562258,0.8805254862558094
lab008,F2,2026-04-19 19:24:39,OFF->COLD,OFF,COLD,-1.7260235167687752,0.003116107183219974,0.8369072263720468,1.1609610279686355
lab008,F2,2026-04-19 19:26:08,COLD->OFF,COLD,OFF,-1.6554069632260808,0.005122417871711881,0.6123726107570346,1.2026341692197775
lab008,F2,2026-04-19 19:46:07,OFF->COLD,OFF,COLD,-0.9306623652068872,-0.028166211096698035,0.5476038269973406,1.743524425082563
lab008,F2,2026-04-19 19:48:23,OFF->COLD,OFF,COLD,-1.9458421942909845,-0.027934803527370274,0.9745202348923632,1.6444130307241906
lab008,F2,2026-04-19 19:49:40,COLD->OFF,COLD,OFF,-2.145892961252237,-0.02755825809506192,0.9598912125281468,1.5841379412720582
lab008,F2,2026-04-19 20:22:52,OFF->COLD,OFF,COLD,-4.229485310505165,0.10264631091573743,3.112057948687242,2.312860944084407
lab008,F2,2026-04-19 20:25:03,COLD->OFF,COLD,OFF,-5.453660744764265,0.13389260036858222,3.2234404304596924,2.4297384017177013
lab008,F2,2026-04-19 21:36:35,OFF->COLD,OFF,COLD,-1.0045183394155441,0.05137732304072831,0.8215316887129288,2.2706111119581442
lab008,F2,2026-04-19 21:38:04,OFF->COLD,OFF,COLD,-1.6188717209069743,0.0653272161759478,0.8544603306525884,2.3603095288787186
lab008,F2,2026-04-19 21:39:14,OFF->COLD,OFF,COLD,-2.5055330791232873,0.07627879871264796,0.9244697400156838,2.581624466168102
lab008,F2,2026-04-19 21:40:27,OFF->COLD,OFF,COLD,-2.943060107287927,0.08630374158422853,1.1535042803089097,2.409685970559913
lab008,F2,2026-04-19 21:42:01,COLD->OFF,COLD,OFF,-3.3884688147217448,0.09635464718838918,1.2581807552710897,2.4523196057749432
lab008,F2,2026-04-20 13:13:10,OFF->COLD,OFF,COLD,-0.2501263849150149,-0.003970270699058798,0.7672413137667519,0.39318955335508043
lab008,F2,2026-04-20 13:14:12,COLD->OFF,COLD,OFF,-0.5480918628724976,-0.0028921196333055108,0.7843966493938965,0.28860080992611453
lab008,F2,2026-04-20 13:15:42,OFF->COLD,OFF,COLD,-0.8985800152868277,-0.0005104550875008069,0.9100826432212827,0.31474638443300834
lab008,F2,2026-04-20 14:43:02,OFF->COLD,OFF,COLD,-0.6916316277829685,-0.049512536416137204,0.18984502632257771,0.8404886742959244
lab008,F2,2026-04-20 14:44:05,COLD->OFF,COLD,OFF,-0.6816672781137927,-0.05029346319849175,0.155264344212103,0.8264327214466689
lab008,F2,2026-04-20 15:26:46,OFF->COLD,OFF,COLD,-10.138693672394401,0.22097648454484098,11.649683192814459,2.6638403293278365
lab008,F2,2026-04-20 15:28:01,OFF->COLD,OFF,COLD,-7.622998367015955,0.24259178668923811,9.603150308490537,2.789365408805602
lab008,F2,2026-04-20 15:29:05,OFF->COLD,OFF,COLD,-5.555123520342915,0.25793073547087453,7.4417574631052315,2.920500439784729
lab008,F2,2026-04-20 15:30:18,COLD->OFF,COLD,OFF,-3.2346507637482484,0.27162443589036334,4.11093654961915,3.0049171675496367
lab008,F2,2026-04-20 15:33:15,COLD->OFF,COLD,OFF,-1.5114557655396077,0.2893168131626428,2.1116869894136903,2.7959635205090936
lab008,F2,2026-04-20 15:34:20,COLD->OFF,COLD,OFF,-0.9789716430772826,0.2888525743581548,2.256601492185489,2.7772024391833807
lab008,F2,2026-04-20 16:04:09,OFF->HOT,OFF,HOT,2.599738820334702,-0.21497239499504783,1.223321789879388,1.5655622160219564
lab008,F2,2026-04-20 16:05:12,OFF->HOT,OFF,HOT,2.676743897364627,-0.22820810641041833,1.1047792293386178,1.6804369491898863
lab008,F2,2026-04-20 16:06:14,HOT->OFF,HOT,OFF,2.641766306376808,-0.23971626588596848,0.9842569122549042,1.7751367013184027
lab008,F2,2026-04-20 16:40:08,OFF->COLD,OFF,COLD,-1.3399100844437786,0.055453051451884144,0.5411963825049647,1.2704128408409354
lab008,F2,2026-04-20 16:41:09,COLD->OFF,COLD,OFF,-1.6565361573545798,0.06442817770382572,0.6251534217950896,1.2776694838423956
lab008,F2,2026-04-20 16:42:15,COLD->OFF,COLD,OFF,-1.9588112422532955,0.07212939035683402,0.7498338752909914,1.279948954789576
lab008,F2,2026-04-21 00:52:23,OFF->HOT,OFF,HOT,1.2903968440879625,-0.029336861709751538,0.7475720037819871,1.724464197219157
lab008,F2,2026-04-21 00:53:35,OFF->HOT,OFF,HOT,1.376007013143283,-0.03307601018136701,0.8023684698605409,1.4148288091421384
lab008,F2,2026-04-21 00:55:25,HOT->OFF,HOT,OFF,2.3264141546956885,-0.03797130579754668,1.0311720802048698,1.607192843337439
lab008,F2,2026-04-21 02:51:15,OFF->HOT,OFF,HOT,0.9840442542405669,-0.040080997607727126,0.6367311709202715,1.2894051975834921
lab008,F2,2026-04-21 02:52:59,OFF->HOT,OFF,HOT,1.6266097472121315,-0.044066433986545486,0.7551205321471572,1.280662238860109
lab008,F2,2026-04-21 02:54:24,HOT->OFF,HOT,OFF,1.7840643908555407,-0.04588236785207159,0.7788966280637282,1.281686715205527
lab008,F2,2026-04-21 04:18:37,OFF->HOT,OFF,HOT,0.9254614108321817,-0.04327695607126323,0.5955581991657981,1.4045651913495696
lab008,F2,2026-04-21 04:19:40,OFF->HOT,OFF,HOT,1.056012119695108,-0.045241776008736606,0.5951565314033099,1.4370619692276085
lab008,F2,2026-04-21 04:20:57,OFF->HOT,OFF,HOT,1.5008901273570179,-0.0463732742687057,0.5177509772112028,1.3014746620386217
lab008,F2,2026-04-21 04:22:51,HOT->OFF,HOT,OFF,1.5589626385653133,-0.04891177514302854,0.7872627872710923,1.0705285531011801
lab008,F2,2026-04-21 05:33:16,OFF->HOT,OFF,HOT,1.845902176834599,-0.05349119648919576,0.8988679964883162,1.5365009259284013
lab008,F2,2026-04-21 05:34:18,HOT->OFF,HOT,OFF,2.126612933105392,-0.05734760682511499,0.8895627883269439,1.547096194137333
lab008,F2,2026-04-21 05:36:29,HOT->OFF,HOT,OFF,2.312457521094676,-0.06312063332860215,0.9866310143558372,1.5249868956249992
lab008,F2,2026-04-21 06:47:59,OFF->HOT,OFF,HOT,1.7152519699316322,-0.060985024609320426,0.8340603924710223,1.5044713596953685
lab008,F2,2026-04-21 06:49:33,OFF->HOT,OFF,HOT,1.505991048274728,-0.06539167598192926,0.9706904268261324,1.1786745863406292
lab008,F2,2026-04-21 06:50:35,HOT->OFF,HOT,OFF,1.8137132356991539,-0.0677509854740439,0.9181405303835621,1.4059850142978707
lab008,F2,2026-04-21 06:51:50,HOT->OFF,HOT,OFF,2.030021390787189,-0.06986798032580292,0.8675940932929588,1.7555761530402276
lab008,F2,2026-04-21 07:50:29,OFF->HOT,OFF,HOT,0.45759043714920744,-0.030903552858575628,1.8577438230908727,1.4378983742873843
lab008,F2,2026-04-21 07:51:33,OFF->HOT,OFF,HOT,0.7801187173821598,-0.04276206753920579,1.96316289365313,1.2650682800027426
lab008,F2,2026-04-21 07:53:30,HOT->OFF,HOT,OFF,0.9046819579150551,-0.06482492763899048,1.9923641163462193,1.1079605386755726
lab008,F2,2026-04-21 09:07:10,OFF->COLD,OFF,COLD,-1.8618869673541703,0.09776428165391682,1.352793223738459,0.9619369339269578
lab008,F2,2026-04-21 09:08:16,COLD->OFF,COLD,OFF,-2.1042059304516663,0.09808942245256169,1.3935044233443108,1.0456189981531965
lab008,F2,2026-04-21 09:09:48,COLD->OFF,COLD,OFF,-1.9118230914500065,0.10421284650869804,1.276387470668586,0.9027722916859096
lab008,F2,2026-04-21 10:13:20,OFF->COLD,OFF,COLD,-5.965873273302007,0.01273605271858394,9.629120285799836,2.8496978116331864
lab008,F2,2026-04-21 10:14:35,COLD->OFF,COLD,OFF,-6.457097190533254,0.04559004338071074,8.554274415248283,1.9726542550691495
lab008,F2,2026-04-21 10:15:37,COLD->OFF,COLD,OFF,-7.470089873213956,0.07353399900105942,8.724553434910344,2.0701441918281454
lab008,F2,2026-04-21 12:00:01,OFF->HOT,OFF,HOT,1.7049754942178628,0.021677688799734043,1.4225325802471458,1.3758098085505401
lab008,F2,2026-04-21 12:13:41,HOT->OFF,HOT,OFF,-0.29396491332967123,-0.016723935862109365,1.1520631391622018,1.0080835013477505
lab008,F2,2026-04-21 14:00:44,OFF->HOT,OFF,HOT,1.0291314800991604,-0.06335515658094426,0.5815608487733808,1.0173743873415795
lab008,F2,2026-04-21 14:01:55,OFF->HOT,OFF,HOT,1.13295616888503,-0.06468646625304544,0.655384199476476,0.8178339287263566
lab008,F2,2026-04-21 14:03:53,HOT->OFF,HOT,OFF,1.0084876231936886,-0.06584013202895633,0.6334811931987915,0.7078160682562018
lab008,F2,2026-04-21 16:49:48,OFF->HOT,OFF,HOT,0.8958689720173891,-0.04250747282074058,0.3217282118013898,1.256519801095971
lab008,F2,2026-04-21 16:50:56,OFF->HOT,OFF,HOT,0.8178089346485549,-0.03797357352649833,0.26988284141866903,1.064731604304263
lab008,F2,2026-04-21 16:52:09,OFF->HOT,OFF,HOT,1.1566232726374013,-0.03137649267589565,0.47847634473402534,1.0013157214519188
lab008,F2,2026-04-21 16:54:25,HOT->OFF,HOT,OFF,1.6594466275153223,-0.029026740810890045,0.6603017148003876,1.1171834031409227
lab008,F2,2026-04-21 17:52:20,OFF->HOT,OFF,HOT,1.152066800387264,-0.004149792401889306,0.5204390205372929,0.9367820047845805
lab008,F2,2026-04-21 17:53:24,HOT->OFF,HOT,OFF,1.2512078561832887,-0.006728221840435825,0.5244249318928563,0.9543478092982307
lab008,F2,2026-04-21 17:54:26,HOT->OFF,HOT,OFF,1.3167274747177766,-0.00934385691651611,0.5044568741684519,0.9750146487964867
lab008,F2,2026-04-21 17:55:49,HOT->OFF,HOT,OFF,1.2024482855726557,-0.01353569000666708,0.596834753195696,1.0918369465703943
lab008,F2,2026-04-21 18:43:26,OFF->HOT,OFF,HOT,1.1554784164550127,-0.02158891838829735,0.5610434208094608,0.9415450861670511
lab008,F2,2026-04-21 18:45:01,OFF->HOT,OFF,HOT,1.4528770009523242,-0.0244093842156178,0.6077714966023521,1.1633011092808307
lab008,F2,2026-04-21 18:47:26,HOT->OFF,HOT,OFF,1.317525117500488,-0.029666293057008627,0.6391995154574129,0.9436201289334245
lab008,F2,2026-04-21 19:35:08,OFF->HOT,OFF,HOT,1.2784923440266052,-0.01800784261489703,0.7896894546083834,1.0720694291764166
lab008,F2,2026-04-21 19:36:12,OFF->HOT,OFF,HOT,1.3989801911455055,-0.02083959269438651,0.7369883738707713,1.0547463652139408
lab008,F2,2026-04-21 19:37:22,HOT->OFF,HOT,OFF,1.583652148204001,-0.02356025691738388,0.8310042608381915,1.0198311384460068
lab008,F2,2026-04-21 19:38:53,HOT->OFF,HOT,OFF,1.347402522279317,-0.02644848955809156,0.7348683107341599,0.9207268948247254
lab008,F2,2026-04-21 20:21:50,OFF->HOT,OFF,HOT,0.8705786832494755,0.002973708994756575,0.5835546859104028,0.6041877304165278
lab008,F2,2026-04-21 20:23:01,OFF->HOT,OFF,HOT,1.0134425552255009,4.2492005774885655e-05,0.6531487855190882,0.6408227599718634
lab008,F2,2026-04-21 20:24:30,HOT->OFF,HOT,OFF,1.2313472551408708,-0.0032249076566095887,0.7190903993636484,0.7896432076048359
lab008,F2,2026-04-21 20:59:32,OFF->HOT,OFF,HOT,0.9772176539871616,-0.001283453644724819,0.684522184789242,0.8281617420199895
lab008,F2,2026-04-21 21:00:32,HOT->OFF,HOT,OFF,1.2349153579834131,-0.0028380406261648613,0.7337197098830887,0.902196580771387
lab008,F2,2026-04-21 21:01:41,OFF->HOT,OFF,HOT,1.0864369499889266,-0.004576425287523733,0.627986691642558,0.7662510040438302
lab008,F2,2026-04-21 21:03:25,HOT->OFF,HOT,OFF,0.8447242760533389,-0.006868905332967579,0.6668339238602781,0.6698850753670403
lab008,F2,2026-04-21 21:41:10,OFF->HOT,OFF,HOT,1.2327310318007823,-0.008318082979327457,0.6077080559409183,1.223443107961196
lab008,F2,2026-04-21 21:42:13,HOT->OFF,HOT,OFF,1.2124920119467202,-0.009572509346986724,0.4321075481889313,1.095911674527298
lab008,F2,2026-04-21 21:44:00,HOT->OFF,HOT,OFF,0.8059958868108752,-0.011317663758261888,0.5780506894998325,0.570812956985588
lab008,F2,2026-04-21 22:22:44,OFF->HOT,OFF,HOT,1.1257213551432814,0.00017967715129296735,0.8165680344536698,0.9831360145973334
lab008,F2,2026-04-21 22:23:56,HOT->OFF,HOT,OFF,0.6387339889607353,-0.0024117121280395892,0.6218040768134815,0.6303624382600317
lab008,F2,2026-04-21 22:25:11,OFF->HOT,OFF,HOT,1.352165013146422,-0.005492295024265114,0.848161975044541,1.046450481059719
lab008,F2,2026-04-21 22:26:29,HOT->OFF,HOT,OFF,1.2446305471272265,-0.008081821462569482,0.8366855554198653,0.8860448677113917
lab008,F2,2026-04-21 22:56:17,OFF->HOT,OFF,HOT,0.6964435619989087,-0.0002940427823140187,0.7016985853634742,1.3893723658675403
lab008,F2,2026-04-21 22:58:15,OFF->HOT,OFF,HOT,1.4876831383562081,-0.00418306107293942,0.9396614226591015,1.2452107194156232
lab008,F2,2026-04-21 23:01:17,HOT->OFF,HOT,OFF,1.6535649431255677,-0.009974878534769615,1.1183926254852812,1.086321887346376
lab008,F2,2026-04-21 23:34:02,OFF->HOT,OFF,HOT,0.5411516141977915,0.002123370196152941,0.5300327218501908,0.8415722154161261
lab008,F2,2026-04-21 23:35:34,HOT->OFF,HOT,OFF,1.2575560300085646,0.00023555179375414062,0.8826757771016195,0.6592369968785107
lab008,F2,2026-04-21 23:36:57,HOT->OFF,HOT,OFF,0.9525861505170018,-0.0017699202039954897,0.7233524260125119,0.7164859054258933
lab008,F2,2026-04-22 00:06:36,OFF->HOT,OFF,HOT,0.6688091924963848,0.0008502730280032011,0.6419853186350364,1.0248861649242111
lab008,F2,2026-04-22 00:07:43,OFF->HOT,OFF,HOT,1.1465043251166107,-0.0006472781604624166,0.659810440711725,0.8827971328671202
lab008,F2,2026-04-22 00:08:46,HOT->OFF,HOT,OFF,1.4687258309805353,-0.0020648872064213284,0.8691946810353093,0.887739862748087
lab008,F2,2026-04-22 00:10:12,HOT->OFF,HOT,OFF,1.2559217527643027,-0.003711415295697495,0.9140322501083825,0.8880329293650263
lab008,F2,2026-04-22 00:38:40,OFF->HOT,OFF,HOT,0.5192905815019574,0.0036182732510988023,0.576389867267729,1.0003926505935765
lab008,F2,2026-04-22 00:39:40,HOT->OFF,HOT,OFF,0.933124527458528,0.0019317494811414088,0.8392751341764962,0.9124534939061875
lab008,F2,2026-04-22 00:40:42,OFF->HOT,OFF,HOT,1.1306695121217798,8.34427644057275e-05,0.9277797918345431,0.8123812937490514
lab008,F2,2026-04-22 00:43:17,HOT->OFF,HOT,OFF,1.3905283359155995,-0.004462327144178335,1.068600722055053,1.1022637649187161
lab008,F2,2026-04-22 01:12:57,OFF->HOT,OFF,HOT,1.4612733280267238,-0.003362652905246577,1.0245134652269676,1.0147803073447923
lab008,F2,2026-04-22 01:14:07,HOT->OFF,HOT,OFF,1.836800135933402,-0.005630502100396928,1.134621841767358,0.9911980821471246
lab008,F2,2026-04-22 01:15:14,HOT->OFF,HOT,OFF,1.860509411959392,-0.007640445142716067,1.101072980715056,0.9919615738813807
lab008,F2,2026-04-22 01:16:27,HOT->OFF,HOT,OFF,0.9912929518609035,-0.009875497650468912,1.0566368071434564,1.1049498926423962
lab008,F2,2026-04-22 01:46:46,OFF->HOT,OFF,HOT,1.3243994417347307,-0.0007531309469308134,0.9500515021566703,1.564269485454394
lab008,F2,2026-04-22 01:48:13,OFF->HOT,OFF,HOT,1.9609628092576283,-0.00363189478053032,1.0187210254400527,1.5152181332184793
lab008,F2,2026-04-22 01:51:01,HOT->OFF,HOT,OFF,1.5971616358581928,-0.007766045530740584,1.0668110260380086,1.093693791503255
lab008,F2,2026-04-22 02:19:33,OFF->HOT,OFF,HOT,1.1539427473103199,-0.0011427561149257139,1.0747446678217156,1.0623986306565787
lab008,F2,2026-04-22 02:23:09,HOT->OFF,HOT,OFF,1.6219009373474909,-0.006668014882783436,0.9204380137062215,1.247787413515419
lab008,F2,2026-04-22 02:43:51,OFF->HOT,OFF,HOT,1.2438172213086403,-0.0001641332940392811,0.8647990764472231,1.3096444633196922
lab008,F2,2026-04-22 02:45:23,OFF->HOT,OFF,HOT,1.6483072737770645,-0.0013442104154123948,0.9104454360765064,1.3578170367502669
lab008,F2,2026-04-22 02:46:25,HOT->OFF,HOT,OFF,1.9224457208186765,-0.002008427998689744,1.0699516382443575,1.295830250807968
lab008,F2,2026-04-22 02:48:15,HOT->OFF,HOT,OFF,0.8277012721552948,-0.0029522163360718775,0.8780064565132818,0.9952632410618564
lab008,F2,2026-04-22 03:16:16,OFF->HOT,OFF,HOT,1.3602524562809717,-0.0014698475178795073,1.0217054072082818,1.43390767162216
lab008,F2,2026-04-22 03:17:16,HOT->OFF,HOT,OFF,1.6219497286173752,-0.003986112808386189,1.0193412234170005,1.3249840521832394
lab008,F2,2026-04-22 03:18:18,HOT->OFF,HOT,OFF,2.3633541493225096,-0.006401039743047043,1.3511745151759382,1.2987095547710394
lab008,F2,2026-04-22 03:20:12,HOT->OFF,HOT,OFF,1.9253784650806005,-0.010686810048531115,1.2464055596272663,1.2170579531386032
lab008,F2,2026-04-22 03:47:56,OFF->HOT,OFF,HOT,1.5471487939914814,0.004017560720180402,0.8944209350587421,1.2186609718035042
lab008,F2,2026-04-22 03:49:01,OFF->HOT,OFF,HOT,2.0396858172224483,0.00228901801684458,1.2388981012298348,1.3921826063162055
lab008,F2,2026-04-22 03:51:50,HOT->OFF,HOT,OFF,1.2796687712533132,-0.0025035008593603083,1.041771088888125,0.9143774488081237
lab008,F2,2026-04-22 04:17:14,OFF->HOT,OFF,HOT,1.0550042483738493,0.003486424166611979,0.84441996614707,1.136440102364413
lab008,F2,2026-04-22 04:18:30,OFF->HOT,OFF,HOT,1.306762914441106,0.0017454261517854336,0.9017218910241583,0.9447162970021831
lab008,F2,2026-04-22 04:20:24,OFF->HOT,OFF,HOT,1.5813665578825837,-0.0012238315689871546,0.808283007359403,0.9791670829398836
lab008,F2,2026-04-22 04:22:54,HOT->OFF,HOT,OFF,1.347123715796848,-0.004877256600470403,1.143857037403775,0.9997156281528976
lab008,F2,2026-04-22 04:48:34,OFF->HOT,OFF,HOT,1.2804369487558256,-0.0034440026701854976,0.9991396726485319,1.2202368159600028
lab008,F2,2026-04-22 04:49:42,OFF->HOT,OFF,HOT,1.5110965271797412,-0.004721543385776616,0.9576407343221544,1.0801405762957652
lab008,F2,2026-04-22 04:50:44,OFF->HOT,OFF,HOT,1.6652889875755386,-0.00561091505796849,0.8496320727454754,1.2892801967973146
lab008,F2,2026-04-22 04:52:50,HOT->OFF,HOT,OFF,1.0739013411222689,-0.006957940782503336,1.3758431495418106,1.118367591336043
lab008,F2,2026-04-22 05:17:09,OFF->HOT,OFF,HOT,1.4559934770748364,0.003688985196549588,1.121381438717505,1.4500863193047928
lab008,F2,2026-04-22 05:20:20,HOT->OFF,HOT,OFF,1.30420096758758,-0.0026556151863356805,1.2988320684184296,1.0977373301297007
lab008,F2,2026-04-22 05:39:10,OFF->HOT,OFF,HOT,0.8208610732910455,-0.01031954082797304,0.7559275332128992,1.3535869788912795
lab008,F2,2026-04-22 05:40:12,OFF->HOT,OFF,HOT,1.0797788411740847,-0.010681682635465518,0.8196813643061943,1.5141283733642488
lab008,F2,2026-04-22 05:41:16,HOT->OFF,HOT,OFF,1.3280332172695357,-0.011085854047338195,0.7313279182804111,1.3437849513467315
lab008,F2,2026-04-22 05:44:04,HOT->OFF,HOT,OFF,1.4621768692111121,-0.011386209423330308,0.9827635213025613,1.0329143697190362
lab008,F2,2026-04-22 06:08:56,OFF->HOT,OFF,HOT,1.3309897441087122,0.01364905508266885,1.2073095926283561,1.019115981098799
lab008,F2,2026-04-22 06:10:05,OFF->HOT,OFF,HOT,1.5461554207314991,0.0110655996863251,1.2883362381510348,0.8665576311082902
lab008,F2,2026-04-22 06:13:08,HOT->OFF,HOT,OFF,1.578693819828926,0.004226983447148847,1.457348184358119,1.0248339709739218
lab008,F2,2026-04-22 06:37:24,OFF->HOT,OFF,HOT,-0.030208041490231985,-0.0033028182172382793,0.8040007370632825,1.398793943732582
lab008,F2,2026-04-22 06:38:24,HOT->OFF,HOT,OFF,0.48981649085283463,-0.004678165822752422,1.0478083200906367,1.3339008822146057
lab008,F2,2026-04-22 06:40:07,OFF->HOT,OFF,HOT,1.5104056437524507,-0.006960495832654701,0.9609505974538781,1.1784148077250813
lab008,F2,2026-04-22 06:43:57,HOT->OFF,HOT,OFF,0.9949218378525062,-0.011228972661807645,1.0738615083908043,1.250813085226733
lab008,F2,2026-04-22 07:03:53,OFF->HOT,OFF,HOT,1.5146647154934936,-0.00012747491917037852,1.267353442640709,1.114841467768502
lab008,F2,2026-04-22 07:05:19,OFF->HOT,OFF,HOT,1.5548647266804556,-0.00012306414121781,0.8035004919043335,1.1485198461234452
lab008,F2,2026-04-22 07:07:39,HOT->OFF,HOT,OFF,1.507652795916045,-0.00013110739023822725,0.9487923869833745,1.4564565296215073
lab008,F2,2026-04-22 07:29:34,OFF->HOT,OFF,HOT,0.19537311867467583,0.04554692309409161,1.0285365119161802,0.705901153714083
lab008,F2,2026-04-22 07:32:39,HOT->OFF,HOT,OFF,-0.36852918236753174,0.04709730950554852,1.1263172225699352,1.0080905550062542
lab008,F2,2026-04-22 07:55:27,OFF->HOT,OFF,HOT,2.803811591434695,-0.06966487809423604,3.340697176549627,2.182257238968913
lab008,F2,2026-04-22 07:56:45,OFF->HOT,OFF,HOT,3.7248157801927055,-0.08670039549667737,3.1762712819816374,1.8197023686126248
lab008,F2,2026-04-22 07:57:49,OFF->HOT,OFF,HOT,4.511358288476908,-0.10073142598810758,3.2585564061416123,2.030235237149029
lab008,F2,2026-04-22 08:01:43,HOT->OFF,HOT,OFF,4.069684703464516,-0.14838008084028811,2.735954789750606,1.991347669218841
lab008,F2,2026-04-22 11:07:05,OFF->HOT,OFF,HOT,0.35600795316860107,-0.00611821815764782,0.31770231764926476,0.7273286016777335
lab008,F2,2026-04-22 11:09:08,OFF->HOT,OFF,HOT,0.5581952900180986,-0.0042647070664185716,0.3148619086502067,0.7101978044539524
lab008,F2,2026-04-22 11:10:10,HOT->OFF,HOT,OFF,0.5558601048120902,-0.0017065380983710132,0.3154721912925484,0.6371350347509819
lab008,F2,2026-04-22 11:11:14,OFF->HOT,OFF,HOT,0.7142259551418894,0.00016947551547943918,0.31924681289953155,0.7576918372227571
lab008,F2,2026-04-22 11:12:24,HOT->OFF,HOT,OFF,0.9857667515457087,0.005550870015997467,0.36400336365395075,0.9255678872330388
lab008,F2,2026-04-22 11:14:11,HOT->OFF,HOT,OFF,0.5445445900927574,0.004848668059865391,0.4160036493088409,0.6915383477421961
lab008,F2,2026-04-22 12:36:52,OFF->HOT,OFF,HOT,-0.4494738982549472,-0.022073260720653208,0.3682471956781238,0.9113238454327206
lab008,F2,2026-04-22 12:38:09,OFF->HOT,OFF,HOT,0.028260032403553487,-0.02423224023543087,0.5044548025462933,0.8759950863504451
lab008,F2,2026-04-22 12:39:30,OFF->HOT,OFF,HOT,0.1820740335708603,-0.027747723738327054,0.49484873198805596,0.8727797294532285
lab008,F2,2026-04-22 12:40:43,HOT->OFF,HOT,OFF,0.6642490026539682,-0.031020885385956466,0.7392696973294188,0.799836970056407
lab008,F2,2026-04-22 12:43:29,HOT->OFF,HOT,OFF,1.2830675324676997,-0.036171504652151756,0.9174003498747755,0.5603038715301151
lab008,F2,2026-04-22 14:37:22,OFF->HOT,OFF,HOT,0.2935586341954344,-0.02134638876032282,0.5242913160442244,0.5913742111533808
lab008,F2,2026-04-22 14:38:27,HOT->OFF,HOT,OFF,0.1968218641087814,-0.02194708921306039,0.48823371997447684,0.5220896552362039
lab008,F2,2026-04-22 14:39:36,OFF->HOT,OFF,HOT,0.4647972921692316,-0.02276178244567375,0.4041600074040631,0.9209640502958963
lab008,F2,2026-04-22 14:41:20,OFF->HOT,OFF,HOT,0.5783061098447101,-0.023365512476606523,0.47438881054494064,0.9567402925676086
lab008,F2,2026-04-22 14:42:21,OFF->HOT,OFF,HOT,0.6191438829652542,-0.023195621359254303,0.412694157894649,1.02580179452112
lab008,F2,2026-04-22 14:44:05,HOT->OFF,HOT,OFF,0.9636189925332311,-0.02269285395015625,0.2562963703079407,1.0588941171700421
lab008,F2,2026-04-22 14:45:21,HOT->OFF,HOT,OFF,0.9155386508276003,-0.021710653735852327,0.42263609849962547,1.0710955092524748
lab008,F2,2026-04-22 18:10:59,OFF->HOT,OFF,HOT,0.1697898184746937,-0.022485517216323192,0.2534145434412273,0.6003004628559345
lab008,F2,2026-04-22 18:12:18,OFF->HOT,OFF,HOT,0.11519036638559685,-0.022591771795943717,0.23451277307416757,0.6739710702766094
lab008,F2,2026-04-22 18:13:32,OFF->HOT,OFF,HOT,0.2842575607047739,-0.02215075724696882,0.24311695406530343,0.6998696260935712
lab008,F2,2026-04-22 18:14:33,OFF->HOT,OFF,HOT,0.46376473830873916,-0.022359809134023644,0.23957200073367588,0.7410743705311132
lab008,F2,2026-04-22 18:18:08,HOT->OFF,HOT,OFF,0.6842458818204031,-0.023506557762845423,0.4987952133209267,0.6886815483824696
lab008,F2,2026-04-22 19:08:57,OFF->HOT,OFF,HOT,0.26403206418254543,-0.0034144261668665795,0.40921527854763473,0.5768462955090561
lab008,F2,2026-04-22 19:09:59,OFF->HOT,OFF,HOT,0.36665757595815673,-0.004866297608015645,0.3792511279426772,0.6635904985993449
lab008,F2,2026-04-22 19:10:59,HOT->OFF,HOT,OFF,0.4346769029277343,-0.006157458998865618,0.3667850388968439,0.6616413589192515
lab008,F2,2026-04-22 19:12:01,OFF->HOT,OFF,HOT,0.4436343101674144,-0.0073351583141108,0.3963269887593815,0.6484121020419823
lab008,F2,2026-04-22 19:13:59,HOT->OFF,HOT,OFF,0.4637763587305232,-0.00946250591737785,0.30944869471674064,0.6656791519628846
lab008,F2,2026-04-22 19:15:56,HOT->OFF,HOT,OFF,0.33500098352857843,-0.01053202185187081,0.34074819118000527,0.4513593620114005
lab008,F2,2026-04-22 19:57:58,OFF->HOT,OFF,HOT,0.2834319940884762,-0.005529334839407563,0.2833334699804892,0.43253605658738975
lab008,F2,2026-04-22 19:59:00,HOT->OFF,HOT,OFF,0.42006116883894873,-0.006598144474134893,0.2919844129773805,0.49069237251454517
lab008,F2,2026-04-22 20:00:00,OFF->HOT,OFF,HOT,0.4271415659117519,-0.007756433310355937,0.3022951122379637,0.4996440390896106
lab008,F2,2026-04-22 20:01:02,HOT->OFF,HOT,OFF,0.510955715651938,-0.008825618513790868,0.36122667528102365,0.5565220528430361
lab008,F2,2026-04-22 20:02:06,OFF->HOT,OFF,HOT,0.6588431226703505,-0.01005415761171493,0.33402717219564254,0.7000723685264061
lab008,F2,2026-04-22 20:03:22,HOT->OFF,HOT,OFF,0.7446786441813005,-0.011346928197263417,0.23544523015276103,0.6026099667499357
lab008,F2,2026-04-22 20:06:31,HOT->OFF,HOT,OFF,0.25406902902023953,-0.012545336815666075,0.35191263031246756,0.49248980232519973
lab008,F2,2026-04-22 20:44:24,OFF->HOT,OFF,HOT,0.2628967560439312,-0.0045530864698940295,0.3090231680661338,0.5177213972877618
lab008,F2,2026-04-22 20:45:26,HOT->OFF,HOT,OFF,0.38240483073730414,-0.005227759826982936,0.26741905570810104,0.6663063664854557
lab008,F2,2026-04-22 20:46:27,OFF->HOT,OFF,HOT,0.27429266842267197,-0.005804644510690249,0.25408648326229455,0.6771667697770117
lab008,F2,2026-04-22 20:47:33,HOT->OFF,HOT,OFF,0.24912483161585874,-0.006366941878655963,0.2948163823730651,0.7313368951857634
lab008,F2,2026-04-22 20:49:16,HOT->OFF,HOT,OFF,0.4745660452487544,-0.006894437327846204,0.2032602739548607,0.6069739520967908
lab008,F2,2026-04-22 20:50:59,HOT->OFF,HOT,OFF,0.2293427045275286,-0.007068080343932826,0.20934910255141273,0.44841220964966616
lab008,F2,2026-04-22 21:31:21,OFF->HOT,OFF,HOT,0.30292914681791344,-0.0005126141641930825,0.3811845758335087,0.18063996500951093
lab008,F2,2026-04-22 21:32:28,HOT->OFF,HOT,OFF,0.37615025163042004,-0.0018239571850567227,0.4326782955579136,0.297669684432667
lab008,F2,2026-04-22 21:33:35,OFF->HOT,OFF,HOT,0.4164676188575514,-0.0030286446271110996,0.36168461832121857,0.37065978000225897
lab008,F2,2026-04-22 21:34:41,HOT->OFF,HOT,OFF,0.27380480225066883,-0.004258537855957778,0.32651791729433105,0.308970984960626
lab008,F2,2026-04-22 21:35:46,OFF->HOT,OFF,HOT,0.3978003935001997,-0.005359267064488261,0.3275538775618143,0.3630949977908113
lab008,F2,2026-04-22 21:36:51,HOT->OFF,HOT,OFF,0.4864022483569721,-0.006361811054447819,0.3613899800740272,0.4665891606416143
lab008,F2,2026-04-22 21:39:12,HOT->OFF,HOT,OFF,0.22590740118936053,-0.007707945652574266,0.4541223993692364,0.4051250392797289
lab008,F2,2026-04-22 22:06:55,OFF->HOT,OFF,HOT,0.38895891471516225,-0.0038977312352228345,0.3832851640385405,0.7937435418796818
lab008,F2,2026-04-22 22:07:59,OFF->HOT,OFF,HOT,0.1370915488499453,-0.004011617003372559,0.4133266238834774,0.6175017722755092
lab008,F2,2026-04-22 22:09:09,OFF->HOT,OFF,HOT,0.13078552605836055,-0.004087013059681266,0.23197552505817443,0.55212693819486
lab008,F2,2026-04-22 22:10:25,OFF->HOT,OFF,HOT,0.5648098733018349,-0.004376266728789746,0.29376599008953463,0.7292999670044407
lab008,F2,2026-04-22 22:12:37,HOT->OFF,HOT,OFF,0.7259846506163425,-0.004855608397597466,0.3565288443769524,0.6979248856352798
lab008,F2,2026-04-22 22:14:43,HOT->OFF,HOT,OFF,0.06535510613941385,-0.004683813625427136,0.5733471333018116,0.4105668450043543
lab008,F2,2026-04-22 22:51:47,OFF->HOT,OFF,HOT,0.2990107728025547,-0.003812160063613068,0.39233349359061187,0.4845754585086676
lab008,F2,2026-04-22 22:58:10,HOT->OFF,HOT,OFF,-0.05036274686383779,-0.006175556833016205,0.43930132967954477,0.4302096342611832
lab008,F2,2026-04-22 23:36:17,OFF->HOT,OFF,HOT,0.22259396669403714,-0.0012983338635938813,0.2873980532399809,0.5661982547364312
lab008,F2,2026-04-22 23:37:25,OFF->HOT,OFF,HOT,0.24822882446698197,-0.001992193771287809,0.3049157060295536,0.5138042301930511
lab008,F2,2026-04-22 23:38:31,HOT->OFF,HOT,OFF,0.4646155868816518,-0.002645882559206414,0.2932665622133272,0.6679703624006018
lab008,F2,2026-04-22 23:39:32,OFF->HOT,OFF,HOT,0.4646548957570745,-0.0031547469717776227,0.3045791150244761,0.7126488741995969
lab008,F2,2026-04-22 23:42:52,HOT->OFF,HOT,OFF,0.23248420311265688,-0.003860182725963601,0.8279684953273342,0.5906286117269737
lab008,F2,2026-04-23 00:14:18,OFF->HOT,OFF,HOT,0.38483330784807457,-0.004818374359755961,0.30128784119243746,0.7642150951780028
lab008,F2,2026-04-23 00:16:52,OFF->HOT,OFF,HOT,0.47804469320311926,-0.006124927078711551,0.385483972849016,0.6945817591392567
lab008,F2,2026-04-23 00:17:54,OFF->HOT,OFF,HOT,0.3611551854311379,-0.006411237575444528,0.31731355679130596,0.6977484653882193
lab008,F2,2026-04-23 00:18:54,HOT->OFF,HOT,OFF,0.23498633598057483,-0.006562771206506235,0.3110878103054013,0.7702621520757588
lab008,F2,2026-04-23 00:22:44,HOT->OFF,HOT,OFF,0.12622344035610314,-0.00574641745892015,0.29957992610241846,0.7599283404933109
lab008,F2,2026-04-23 00:55:09,OFF->HOT,OFF,HOT,0.4216219856751019,0.0007294390687072822,0.3644939547506131,0.5584963423595797
lab008,F2,2026-04-23 00:56:27,HOT->OFF,HOT,OFF,0.14011751601700057,-0.0002406317305238652,0.40210702700549944,0.8424327989251038
lab008,F2,2026-04-23 01:01:09,HOT->OFF,HOT,OFF,0.15446310672514735,-0.0023222623645074107,0.4700225038114137,0.5309385619570387
lab008,F2,2026-04-23 01:29:55,OFF->HOT,OFF,HOT,0.38981286652102065,-0.003893366538256115,0.41255622809998216,0.5148400025282185
lab008,F2,2026-04-23 01:31:17,OFF->HOT,OFF,HOT,0.4630423904296582,-0.004963178208232865,0.40640177855894477,0.5855794536895391
lab008,F2,2026-04-23 01:32:17,OFF->HOT,OFF,HOT,0.5655532008903983,-0.005605602311584223,0.4831220922390384,0.5909072226000739
lab008,F2,2026-04-23 01:33:19,HOT->OFF,HOT,OFF,0.5173624349835363,-0.006154282828050062,0.46620723244691903,0.44770737457187787
lab008,F2,2026-04-23 01:36:50,HOT->OFF,HOT,OFF,0.15459941311090822,-0.007073093832232424,0.3643955791993623,0.4924793699993409
lab008,F2,2026-04-23 02:04:31,OFF->HOT,OFF,HOT,0.18359729677611442,0.002104668162774304,0.350261729737053,0.8396955488341232
lab008,F2,2026-04-23 02:06:37,OFF->HOT,OFF,HOT,0.5009791631926181,0.0010824844954097522,0.3811737550592682,0.9851145994111085
lab008,F2,2026-04-23 02:07:40,HOT->OFF,HOT,OFF,0.7264784198461443,0.0005554751496285701,0.4338201651425807,1.03108898920896
lab008,F2,2026-04-23 02:11:56,HOT->OFF,HOT,OFF,-0.30305237413239106,-0.0005631757506817216,0.693461396323612,0.723994318633534
lab008,F2,2026-04-23 02:38:45,OFF->HOT,OFF,HOT,0.1280661699045018,-0.0006148331079361525,0.32108661403585664,0.5959223925657906
lab008,F2,2026-04-23 02:39:45,OFF->HOT,OFF,HOT,0.1628450050353006,-0.0010264589314066931,0.38075618585679116,0.6036606756072909
lab008,F2,2026-04-23 02:40:51,HOT->OFF,HOT,OFF,0.26377393007922756,-0.0014001187776069512,0.5650623487569459,0.5657200855670494
lab008,F2,2026-04-23 02:45:21,HOT->OFF,HOT,OFF,0.30015596877115397,-0.0014043610552782137,0.6736314549152728,0.43978984412636996
lab008,F2,2026-04-23 03:15:35,OFF->HOT,OFF,HOT,0.3165752699864401,-0.00595931506215297,0.49980334781318164,0.7853605157080537
lab008,F2,2026-04-23 03:16:44,OFF->HOT,OFF,HOT,0.371616819563244,-0.006913891335761679,0.5828688797032233,0.8572300196238817
lab008,F2,2026-04-23 03:17:56,HOT->OFF,HOT,OFF,0.3293884250936593,-0.007706066120242494,0.5038049743738026,0.5925683604190219
lab008,F2,2026-04-23 03:23:07,HOT->OFF,HOT,OFF,0.20407745719758716,-0.00849195767463131,0.8124186490078723,0.6335639329560595
lab008,F2,2026-04-23 03:55:32,OFF->HOT,OFF,HOT,0.3403247063388427,0.0005156571461256696,0.6754541615256332,0.5119900468008112
lab008,F2,2026-04-23 04:01:25,HOT->OFF,HOT,OFF,0.0626621709877733,0.0008148685021702295,0.5319016306561014,0.47563661825358095
lab008,F2,2026-04-23 04:31:50,OFF->HOT,OFF,HOT,0.6908175123147917,-0.00692009591056073,0.6824900617736178,0.7957326437528074
lab008,F2,2026-04-23 04:32:57,OFF->HOT,OFF,HOT,0.6454565791691156,-0.007440491286821671,0.5572612985344786,0.6444468827314718
lab008,F2,2026-04-23 04:37:10,HOT->OFF,HOT,OFF,-0.14402104601219953,-0.00733940146760197,0.8658696460498977,0.6601040213841473
lab008,F2,2026-04-23 05:05:14,OFF->HOT,OFF,HOT,0.6426759156575679,0.0012826050047989091,0.7111355354928994,0.6977698192130386
lab008,F2,2026-04-23 05:06:57,OFF->HOT,OFF,HOT,0.5715013828121798,0.00016901472746546644,0.44120381460410496,0.5871225709244469
lab008,F2,2026-04-23 05:08:21,OFF->HOT,OFF,HOT,0.11514476985107025,-0.000606063377872168,0.6479080850627212,0.6708391075076914
lab008,F2,2026-04-23 05:14:29,HOT->OFF,HOT,OFF,-0.12044921902334646,-0.0006339388471956696,1.102212114784521,0.4757459602176548
lab008,F2,2026-04-23 05:47:28,OFF->HOT,OFF,HOT,0.3756907116333864,-0.00639364889790246,0.32613745659646054,0.8679701244288854
lab008,F2,2026-04-23 05:48:30,HOT->OFF,HOT,OFF,0.445120236957667,-0.006799445485338951,0.27927384353184315,0.6589661298025794
lab008,F2,2026-04-23 05:49:31,HOT->OFF,HOT,OFF,0.7635024308931357,-0.007154525213456031,0.45939368138329906,0.7676100236925347
lab008,F2,2026-04-23 05:54:39,HOT->OFF,HOT,OFF,-0.1265517151366676,-0.006349821994941319,0.8190094305632455,0.6924460208320705
lab008,F2,2026-04-23 06:24:09,OFF->HOT,OFF,HOT,0.5752793322281489,-0.0019885810515112515,0.6096579420623787,0.7063151082023715
lab008,F2,2026-04-23 06:25:14,HOT->OFF,HOT,OFF,0.2151101959721421,-0.0023996021314079963,0.5514993073333642,0.7140858634179387
lab008,F2,2026-04-23 06:30:14,HOT->OFF,HOT,OFF,-0.39301017238750874,-0.0024444567033146346,0.7287302613267321,0.5793058087418625
lab008,F2,2026-04-23 06:58:26,OFF->HOT,OFF,HOT,0.08219492794077299,0.0006878468196966025,0.30746073509603095,0.6081856924267942
lab008,F2,2026-04-23 06:59:26,OFF->HOT,OFF,HOT,0.19706130460958066,0.0002572791214408899,0.4745996541678861,0.5936269084481277
lab008,F2,2026-04-23 07:05:04,HOT->OFF,HOT,OFF,0.18939956221833773,-0.0014387096006202027,0.8079664530307922,0.5509776272617957
lab008,F2,2026-04-23 07:30:48,OFF->HOT,OFF,HOT,-0.019578345497477355,0.013704674562624477,0.5976397781962275,0.828247431758996
lab008,F2,2026-04-23 07:31:48,HOT->OFF,HOT,OFF,0.006188516500343681,0.014497727700423546,0.6013797241237282,0.8089232441847151
lab008,F2,2026-04-23 07:35:47,HOT->OFF,HOT,OFF,-0.5289363184805833,0.017799485551127182,0.8119483389459405,0.7039121426156326
lab008,F2,2026-04-23 08:00:27,OFF->HOT,OFF,HOT,1.6444894008550586,-0.04554009478034926,1.3600507486890399,0.8502165212855602
lab008,F2,2026-04-23 08:01:33,HOT->OFF,HOT,OFF,1.5078781328247777,-0.05203023344209057,0.9511779662789631,1.138890667786223
lab008,F2,2026-04-23 08:05:19,HOT->OFF,HOT,OFF,1.5710303901325613,-0.07146807796312275,1.0320639016426287,0.9854122241978127
lab008,F2,2026-04-23 09:39:24,OFF->HOT,OFF,HOT,2.2543399229983745,-0.15294288377226123,0.7005732312384017,2.5142259779390996
lab008,F2,2026-04-23 09:41:42,OFF->HOT,OFF,HOT,1.3470221071553077,-0.14345623804942514,0.8966450521904078,2.23657804551924
lab008,F2,2026-04-23 09:42:58,OFF->HOT,OFF,HOT,0.5842737805228896,-0.13735166823017608,1.228379309991446,2.0618069955911205
lab008,F2,2026-04-23 09:44:04,HOT->OFF,HOT,OFF,-0.3245079225966887,-0.1297619561016313,1.5350222679006964,1.6809564100779142
lab008,F2,2026-04-23 09:46:07,HOT->OFF,HOT,OFF,-1.7195437189547644,-0.11130292768928972,2.024624482433827,1.0131212372719112
lab008,F2,2026-04-23 11:41:48,OFF->HOT,OFF,HOT,0.3221588650531114,-0.0041587951836546625,0.18152943759914675,0.6655907407641102
lab008,F2,2026-04-23 11:42:51,OFF->HOT,OFF,HOT,0.27724030457903887,-0.004263674803145101,0.14811841181352065,0.6421174405149653
lab008,F2,2026-04-23 11:43:55,HOT->OFF,HOT,OFF,0.18907246810298817,-0.004278829555540797,0.17673113623876602,0.5141531887405894
lab008,F2,2026-04-23 11:45:39,OFF->HOT,OFF,HOT,0.2743083980434111,-0.0040233553674587025,0.20498349235043403,0.7890663179994879
lab008,F2,2026-04-23 11:47:04,OFF->HOT,OFF,HOT,0.10855315956901113,-0.003564728961120634,0.19112232176658914,0.4941354542379087
lab008,F2,2026-04-23 11:48:29,HOT->OFF,HOT,OFF,-0.05478535776648672,-0.002741191491174799,0.24358394901483615,0.4085102646916302
lab008,F2,2026-04-23 11:49:45,OFF->HOT,OFF,HOT,-0.1942459594844774,-0.0020273681196689604,0.5800137609886515,0.2985371270903235
lab008,F2,2026-04-23 17:47:29,OFF->HOT,OFF,HOT,0.4532221325588619,0.009411793198896935,0.28426463433774807,0.4651264470198942
lab008,F2,2026-04-23 17:48:35,OFF->HOT,OFF,HOT,0.4413007875577392,0.008540121638415433,0.27390775197437817,0.5311143557933958
lab008,F2,2026-04-23 17:49:36,HOT->OFF,HOT,OFF,0.39112963038502013,0.008003904013227479,0.25434180550462254,0.5316988936256676
lab008,F2,2026-04-23 17:50:38,OFF->HOT,OFF,HOT,0.3522169119332104,0.007070280637121649,0.23914396202854424,0.5255566061618443
lab008,F2,2026-04-23 17:51:43,HOT->OFF,HOT,OFF,0.13064968329155374,0.006414417118388006,0.2668937457407054,0.5088137296424271
lab008,F2,2026-04-23 17:52:53,HOT->OFF,HOT,OFF,-0.20428940112112423,0.005350287448848856,0.515990696092254,0.38541878609843727
lab008,F2,2026-04-23 19:11:39,OFF->HOT,OFF,HOT,0.27005496707712595,-0.005214449299551671,0.16581157100516114,0.4591963388582197
lab008,F2,2026-04-23 19:12:42,OFF->HOT,OFF,HOT,0.33855987149412214,-0.005452365102101641,0.12810100189537013,0.5783951020120285
lab008,F2,2026-04-23 19:13:54,OFF->HOT,OFF,HOT,0.3105100470257495,-0.005537607374656761,0.17581982250754896,0.5706392213846903
lab008,F2,2026-04-23 19:15:27,OFF->HOT,OFF,HOT,0.3324917691753726,-0.0057270258950284595,0.118168583799119,0.5154581264352454
lab008,F2,2026-04-23 19:16:29,HOT->OFF,HOT,OFF,0.3556990948096487,-0.005630255100641424,0.14810397669456296,0.4921022605825322
lab008,F2,2026-04-23 19:18:43,HOT->OFF,HOT,OFF,-0.17820991733084363,-0.005007711322039421,0.5675070032223067,0.3121025470942095
lab008,F2,2026-04-23 19:19:45,HOT->OFF,HOT,OFF,-0.2030089815400408,-0.004537664425434828,0.5735723850444765,0.3049275814580027
lab008,F2,2026-04-23 20:17:21,OFF->HOT,OFF,HOT,0.21073122365330998,-0.009631995224032163,0.2048671434786418,0.6108773829647979
lab008,F2,2026-04-23 20:18:28,OFF->HOT,OFF,HOT,0.35017729855216895,-0.009689692746066746,0.18726026773939974,0.5717396018705015
lab008,F2,2026-04-23 20:19:48,HOT->OFF,HOT,OFF,0.33919983977080864,-0.009587362919201403,0.23269374798834203,0.4657520014432661
lab008,F2,2026-04-23 20:22:50,HOT->OFF,HOT,OFF,-0.08378228266324514,-0.008324698984571876,0.47989047722992495,0.3441720092384092
lab008,F2,2026-04-23 21:16:37,OFF->HOT,OFF,HOT,0.08335621039360677,-0.005445195273982883,0.21212076839823177,0.6077918877953349
lab008,F2,2026-04-23 21:17:43,OFF->HOT,OFF,HOT,-0.024550094716201717,-0.00538853640685848,0.24392690178248985,0.638160798986896
lab008,F2,2026-04-23 21:21:50,HOT->OFF,HOT,OFF,-0.10615920271483069,-0.004057251076934965,0.5236319636974943,0.32408830788333204
lab008,F2,2026-04-23 22:07:13,OFF->HOT,OFF,HOT,0.20652780977862664,-0.004756983027612405,0.2613033556351016,0.5750022956321403
lab008,F2,2026-04-23 22:08:21,OFF->HOT,OFF,HOT,0.15419795005638548,-0.004708280083271621,0.24348199869327483,0.46240447449141037
lab008,F2,2026-04-23 22:09:24,OFF->HOT,OFF,HOT,0.2728495809263146,-0.004556637023042965,0.2566317814633551,0.5729519603703799
lab008,F2,2026-04-23 22:11:35,HOT->OFF,HOT,OFF,0.0009068580088827383,-0.003879267365597261,0.4697056746146766,0.4440561454283271
lab008,F2,2026-04-23 22:12:44,OFF->HOT,OFF,HOT,-0.2883783711929119,-0.0033413324889797983,0.5481564502701904,0.4129849394426447
lab008,F2,2026-04-23 22:55:47,OFF->HOT,OFF,HOT,-0.010763332818783278,-0.0022879341421197965,0.3778672350431654,0.7428076318653215
lab008,F2,2026-04-23 22:56:53,OFF->HOT,OFF,HOT,-0.004018564468687669,-0.0024327334312369666,0.30305695871593946,0.6312535075672552
lab008,F2,2026-04-23 22:57:53,HOT->OFF,HOT,OFF,0.18029604940475474,-0.0025245783426335877,0.28610767723583536,0.5923312849245428
lab008,F2,2026-04-23 23:02:07,HOT->OFF,HOT,OFF,-0.047948438809479826,-0.0022752060659150253,0.6399221615610363,0.34172405342549883
lab008,F2,2026-04-23 23:47:11,OFF->HOT,OFF,HOT,0.1971310017382516,-0.007386078076175218,0.32293089900463917,0.6317975094190735
lab008,F2,2026-04-23 23:48:13,HOT->OFF,HOT,OFF,0.26646943742860213,-0.007377638982152368,0.31176116055519865,0.6811788683220539
lab008,F2,2026-04-23 23:51:45,HOT->OFF,HOT,OFF,0.06718506447146314,-0.006192288615064989,0.6600146458615168,0.38228118910840553
lab008,F2,2026-04-24 00:34:44,OFF->HOT,OFF,HOT,0.5448780525798356,-0.004788738102996415,0.5206763560413312,0.8033158689367181
lab008,F2,2026-04-24 00:35:50,OFF->HOT,OFF,HOT,0.6646226936215436,-0.005114712665388754,0.42241928902096426,0.6987712523823117
lab008,F2,2026-04-24 00:37:39,HOT->OFF,HOT,OFF,0.1901615375365559,-0.00530568322632049,0.6501146495906455,0.3676925576922385
lab008,F2,2026-04-24 00:38:55,HOT->OFF,HOT,OFF,0.01697780160120596,-0.00508285871129519,0.5384583754261884,0.5150464892926591
lab008,F2,2026-04-24 01:17:01,OFF->HOT,OFF,HOT,0.3866781423052843,-0.0051084752533632535,0.3511392137938921,0.469671195495751
lab008,F2,2026-04-24 01:18:02,OFF->HOT,OFF,HOT,0.3195223155656336,-0.005501207570849331,0.34652649713881517,0.4681476372060972
lab008,F2,2026-04-24 01:19:39,HOT->OFF,HOT,OFF,0.34743211870942137,-0.005919575938286981,0.3750210539671087,0.5795733164849328
lab008,F2,2026-04-24 01:22:10,HOT->OFF,HOT,OFF,-0.06981854117393765,-0.005781864727546604,0.4889977843802031,0.3837008297142848
lab008,F2,2026-04-24 01:59:47,OFF->HOT,OFF,HOT,0.4499582826809829,-0.0028721831102026863,0.49646339562502356,0.7155773698100436
lab008,F2,2026-04-24 02:00:48,HOT->OFF,HOT,OFF,0.23291394752917158,-0.0029546687216723045,0.424218424875982,0.6207662133301861
lab008,F2,2026-04-24 02:02:44,HOT->OFF,HOT,OFF,0.3678525930060459,-0.0025952941269165586,0.7567092106667801,0.7155872771130205
lab008,F2,2026-04-24 02:03:54,OFF->HOT,OFF,HOT,-0.19283477976865931,-0.0021570216257066678,0.7054874719563736,0.35082657924218885
lab008,F2,2026-04-24 02:41:25,OFF->HOT,OFF,HOT,0.216812794724424,-0.007558028529233907,0.5104151419891196,0.6070201658403063
lab008,F2,2026-04-24 02:42:30,OFF->HOT,OFF,HOT,0.2000580024426637,-0.008078650145683585,0.5136535914323745,0.619965965952904
lab008,F2,2026-04-24 02:48:46,HOT->OFF,HOT,OFF,0.07659755632885776,-0.008353599020812041,0.5378462666990599,0.5115541485357794
lab008,F2,2026-04-24 03:25:36,OFF->HOT,OFF,HOT,0.2957425791690711,-0.0023894022289364545,0.3454153655679202,0.8058822028107638
lab008,F2,2026-04-24 03:26:39,OFF->HOT,OFF,HOT,0.25881187592356986,-0.002639330137769802,0.3480686913610791,0.7857792856476258
lab008,F2,2026-04-24 03:30:14,HOT->OFF,HOT,OFF,-0.33045576095310597,-0.0023623314947315843,0.8881340589826441,0.34411219182038677
lab008,F2,2026-04-24 04:09:04,OFF->HOT,OFF,HOT,0.23219296339072606,-0.004490634569797347,0.4121321052257581,0.46147425614234966
lab008,F2,2026-04-24 04:10:25,OFF->HOT,OFF,HOT,0.4762264195577237,-0.0049008123202384235,0.4670413460899699,0.6864962076770612
lab008,F2,2026-04-24 04:16:34,HOT->OFF,HOT,OFF,0.15186791217384069,-0.004376883482348304,0.5944386431829555,0.5486145387053925
lab008,F2,2026-04-24 04:55:25,OFF->HOT,OFF,HOT,0.45342779043159076,-0.004357048965299204,0.3078541610720288,0.8607438060690715
lab008,F2,2026-04-24 04:56:27,OFF->HOT,OFF,HOT,0.5091192448175739,-0.004630721334403032,0.40702168556429624,0.9045514179812425
lab008,F2,2026-04-24 05:00:19,HOT->OFF,HOT,OFF,0.07322339342266032,-0.004234705280628326,0.6291115614831873,0.25937552176134976
lab008,F2,2026-04-24 05:35:27,OFF->HOT,OFF,HOT,0.381199437236089,-0.0033113444070109075,0.4964015541371729,0.8345262976726334
lab008,F2,2026-04-24 05:37:01,HOT->OFF,HOT,OFF,0.023883522073786828,-0.0033685440531349142,0.3964577185232165,0.6018854785897867
lab008,F2,2026-04-24 05:39:47,HOT->OFF,HOT,OFF,-0.3538909890428271,-0.0027708198820431294,0.6886510862007802,0.4785586277463638
lab008,F2,2026-04-24 06:14:59,OFF->HOT,OFF,HOT,0.34149796360376483,-0.006022716965340691,0.21087997493162486,0.5150388040535832
lab008,F2,2026-04-24 06:16:24,OFF->HOT,OFF,HOT,0.618473421638448,-0.006503614866884888,0.4603668402430333,0.7962807309499187
lab008,F2,2026-04-24 06:20:32,HOT->OFF,HOT,OFF,0.09654403094689284,-0.006420474661024045,0.5750682489556332,0.6160436871903813
lab008,F2,2026-04-24 06:58:46,OFF->HOT,OFF,HOT,0.5002829196009565,0.001474373926527428,0.3700811406915489,0.7669548751105308
lab008,F2,2026-04-24 06:59:55,OFF->HOT,OFF,HOT,0.31839444847840404,0.0010891479554740347,0.18816760605393848,0.5399409007153188
lab008,F2,2026-04-24 07:04:23,HOT->OFF,HOT,OFF,-0.12207740137390219,0.0009737694684374579,0.8500374911678876,0.2902631836569103
lab008,F2,2026-04-24 07:41:44,OFF->HOT,OFF,HOT,-0.06894659533053232,-0.00802897562065161,0.5849926681101714,0.5345714573349453
lab008,F2,2026-04-24 07:42:49,OFF->HOT,OFF,HOT,-0.20754492211498898,-0.010576659714350355,0.5648976253543279,0.6923714491025024
lab008,F2,2026-04-24 07:47:36,HOT->OFF,HOT,OFF,-0.2981004872832263,-0.022327027237071383,0.5915746735869399,0.7740912900300292
lab009,F3,2026-04-17 12:21:57,OFF->HOT,OFF,HOT,0.06608204818969711,-0.053436513687320386,0.19044992779291678,0.1659620182537806
lab009,F3,2026-04-17 12:23:09,OFF->HOT,OFF,HOT,0.11468855989105833,-0.02892699900327067,0.23554575862020674,0.1570536488828348
lab009,F3,2026-04-17 12:24:10,HOT->OFF,HOT,OFF,0.13730660633941036,-0.010540929053269532,0.2401655162664615,0.14477661690031912
lab009,F3,2026-04-17 12:25:46,HOT->OFF,HOT,OFF,0.1701188871239559,0.01413098923316776,0.21531122444568287,0.11600366114800024
lab009,F3,2026-04-17 12:28:57,OFF->COLD,OFF,COLD,0.030625330010092766,0.045001450580531926,0.17245275651000153,0.10638594146637571
lab009,F3,2026-04-17 12:32:32,COLD->OFF,COLD,OFF,-0.00013381560775095613,0.05431397682314411,0.10471662716502896,0.14492335811158033
lab009,F3,2026-04-17 12:38:48,OFF->HOT,OFF,HOT,0.0581263461269808,0.04839243237416598,0.10912100479121782,0.08955768190058645
lab009,F3,2026-04-17 12:40:34,HOT->OFF,HOT,OFF,0.1512141672885083,0.04597328976696266,0.14317561856490213,0.09824940958364947
lab009,F3,2026-04-17 12:43:28,OFF->COLD,OFF,COLD,0.10258465405628162,0.04193936749102814,0.13672351850673994,0.15420864770739243
lab009,F3,2026-04-17 12:46:22,COLD->OFF,COLD,OFF,0.12008667489829032,0.03773111155126181,0.11244489699029428,0.23650683619152338
lab009,F3,2026-04-17 12:50:48,OFF->HOT,OFF,HOT,0.16392302095607925,0.032041359858081445,0.09024891876020695,0.19463526033737297
lab009,F3,2026-04-17 12:52:27,HOT->OFF,HOT,OFF,0.21055793596725028,0.03012461481507045,0.10791442508716899,0.23523856107319538
lab009,F3,2026-04-17 12:54:20,OFF->COLD,OFF,COLD,0.15165082745397876,0.028263689525382264,0.1411600753647979,0.27732143800595815
lab009,F3,2026-04-17 12:58:26,COLD->OFF,COLD,OFF,-0.010079404800393668,0.025449125568410568,0.20234045781447843,0.19108814672134622
lab009,F3,2026-04-17 13:00:29,OFF->HOT,OFF,HOT,-0.1149131944104079,0.02434605232464766,0.20930770005774768,0.1761542450122734
lab009,F3,2026-04-17 13:02:35,HOT->OFF,HOT,OFF,-0.17626192513129596,0.023590518196716138,0.15741196764035048,0.13689885412254504
lab009,F3,2026-04-17 13:04:55,OFF->COLD,OFF,COLD,-0.1783943111967933,0.022670020999502626,0.20487887536906801,0.12923630401645247
lab009,F3,2026-04-17 13:07:56,COLD->OFF,COLD,OFF,-0.048187009896749136,0.0211313814308097,0.18596583179349752,0.13130512219140353
lab009,F3,2026-04-17 13:12:47,OFF->HOT,OFF,HOT,0.009661620195832433,0.01760809964708505,0.13025606609476972,0.15786070701102076
lab009,F3,2026-04-17 13:14:36,HOT->OFF,HOT,OFF,0.0021255657281980672,0.015979435663120847,0.1311115583037771,0.14232373799115924
lab009,F3,2026-04-17 13:17:06,OFF->COLD,OFF,COLD,0.0009529316262445131,0.013628807301698742,0.11835531536067698,0.13347306097323153
lab009,F3,2026-04-17 13:20:00,COLD->OFF,COLD,OFF,0.011863137303788407,0.010673166720843608,0.10710138605739625,0.14350371282902621
lab009,F3,2026-04-17 13:24:43,OFF->HOT,OFF,HOT,0.06978794761248469,0.0055604407558111114,0.15432527563584025,0.12037907069227884
lab009,F3,2026-04-17 13:26:29,HOT->OFF,HOT,OFF,-0.014211346255679241,0.0037522732910266303,0.1048870411388854,0.13920182452758414
lab009,F3,2026-04-17 13:29:10,OFF->COLD,OFF,COLD,-0.03385488471400506,0.001059960175604023,0.152565907972088,0.1304251404752232
lab009,F3,2026-04-17 13:32:04,COLD->OFF,COLD,OFF,0.005112447657003638,-0.0015533858536368149,0.14680223362448921,0.09370044548674608
lab009,F3,2026-04-17 13:36:41,OFF->HOT,OFF,HOT,-0.0027280469880285544,-0.005162711142451315,0.1101075411132153,0.10159954584790147
lab009,F3,2026-04-17 13:38:26,HOT->OFF,HOT,OFF,0.032721615603779224,-0.0063027912150674485,0.12447587279380938,0.13686628918319
lab009,F3,2026-04-17 13:41:27,OFF->COLD,OFF,COLD,-0.02216952157923737,-0.008018203888638487,0.10521731257272861,0.15126290225035324
lab009,F3,2026-04-17 13:44:01,COLD->OFF,COLD,OFF,0.017867786731242973,-0.009140639427848565,0.10202681838505634,0.06815853558300186
lab009,F3,2026-04-17 13:48:31,OFF->HOT,OFF,HOT,0.013521764924964295,-0.010570853761659936,0.1367405566391874,0.10523613974025911
lab009,F3,2026-04-17 13:50:34,HOT->OFF,HOT,OFF,0.02568707611980824,-0.010986956085718758,0.07744040410998554,0.10429495095817166
lab009,F3,2026-04-17 13:55:07,OFF->COLD,OFF,COLD,-0.0360574391953057,-0.01133204196149763,0.07906146030269101,0.10920467740473115
lab009,F3,2026-04-17 13:57:00,COLD->OFF,COLD,OFF,0.06191622806346788,-0.011305595479775186,0.07147879603139516,0.1271984312334089
lab009,F3,2026-04-17 14:02:41,OFF->HOT,OFF,HOT,0.00523386052850687,-0.010505449692138279,0.07678452045216934,0.0827262799402245
lab009,F3,2026-04-17 14:04:38,HOT->OFF,HOT,OFF,-0.024417256704935997,-0.009969569043021497,0.07730694566988305,0.08768870646236018
lab009,F3,2026-04-17 14:07:12,OFF->COLD,OFF,COLD,-0.02520814815625574,-0.009036580515712534,0.1390165082881197,0.11731284633946719
lab009,F3,2026-04-17 14:10:09,COLD->OFF,COLD,OFF,-0.019915652312545266,-0.007769132014015856,0.11641763012310065,0.12210377155037255
lab009,F3,2026-04-17 14:14:56,OFF->HOT,OFF,HOT,-0.05218600632924014,-0.00545334387613079,0.17024160429992005,0.13767268390784862
lab009,F3,2026-04-17 14:16:39,HOT->OFF,HOT,OFF,-0.05033290738876825,-0.004586483746281467,0.08556418220684087,0.1364697560316016
lab009,F3,2026-04-17 14:19:09,OFF->COLD,OFF,COLD,-0.014874878509971844,-0.003301931012048142,0.11416180790624207,0.1354444606428136
lab009,F3,2026-04-17 14:22:03,COLD->OFF,COLD,OFF,0.015378878960216988,-0.00183701877264646,0.11588400985761017,0.16864434308006776
lab009,F3,2026-04-17 14:26:33,OFF->HOT,OFF,HOT,-0.051978606090263,7.911384971148738e-05,0.13018002270204163,0.15329151136374594
lab009,F3,2026-04-17 14:28:15,HOT->OFF,HOT,OFF,-0.018626011155842528,0.0006880040136886924,0.12601422741441795,0.10832544358712488
lab009,F3,2026-04-17 14:30:28,OFF->COLD,OFF,COLD,-0.012821995436640542,0.0013153476198907608,0.10420739971203088,0.17344340677657277
lab009,F3,2026-04-17 14:33:19,COLD->OFF,COLD,OFF,0.04057259723328724,0.0019967858772002474,0.12716051727765243,0.1587641908926052
lab009,F3,2026-04-17 14:37:46,OFF->HOT,OFF,HOT,-0.005549385339961577,0.0027208806049105693,0.1061521376904806,0.13702250354627696
lab009,F3,2026-04-17 14:39:35,HOT->OFF,HOT,OFF,0.006555906272523683,0.002900624655661987,0.10144742934121541,0.09061724642412129
lab009,F3,2026-04-17 14:41:48,OFF->COLD,OFF,COLD,-0.017175639517225172,0.0030673926447599364,0.11780765678079098,0.1211484029766053
lab009,F3,2026-04-17 14:44:45,COLD->OFF,COLD,OFF,-0.008725974426244853,0.003166736398499426,0.12054066931681356,0.133335352651658
lab009,F3,2026-04-17 14:49:15,OFF->HOT,OFF,HOT,-0.026652032001859127,0.0031648491359503646,0.14156413196114384,0.10090924229856432
lab009,F3,2026-04-17 14:50:54,HOT->OFF,HOT,OFF,-0.049887580885416914,0.0031005689782565796,0.09055455483696387,0.12765140387554913
lab009,F3,2026-04-17 14:53:11,OFF->COLD,OFF,COLD,0.0015330566577170471,0.003074356063949446,0.1251220470400751,0.10353567313270863
lab009,F3,2026-04-17 14:55:59,COLD->OFF,COLD,OFF,0.0484246117463469,0.003036724834562299,0.10858706326744945,0.1279464129772732
lab009,F3,2026-04-17 15:00:42,OFF->HOT,OFF,HOT,-0.08731611685260812,0.002883939205167074,0.15510169483634614,0.17362690447726975
lab009,F3,2026-04-17 15:02:21,HOT->OFF,HOT,OFF,-0.08956838917559647,0.0027745275518565203,0.07139141738607796,0.14019548668294568
lab009,F3,2026-04-17 15:04:58,OFF->COLD,OFF,COLD,-0.039686684036538675,0.0024223780805575417,0.13533651471722577,0.12956497609723958
lab009,F3,2026-04-17 15:07:42,COLD->OFF,COLD,OFF,-0.014248955639002758,0.0017967956200982574,0.15019446424292823,0.13012848778736058
lab009,F3,2026-04-17 15:12:36,OFF->HOT,OFF,HOT,0.08962126868924049,0.00012742859729117893,0.1702060815534931,0.11536749201144886
lab009,F3,2026-04-17 15:14:11,HOT->OFF,HOT,OFF,0.031117670332416723,-0.0004652700000144618,0.09942591050887697,0.1099382084716616
lab009,F3,2026-04-17 15:16:45,OFF->COLD,OFF,COLD,0.06506259195444442,-0.001418417251435111,0.1656155455471309,0.1462738206101835
lab009,F3,2026-04-17 15:19:32,COLD->OFF,COLD,OFF,0.04626958070467874,-0.0023259841506523605,0.10005624267231926,0.11155858838329302
lab009,F3,2026-04-17 15:24:09,OFF->HOT,OFF,HOT,0.06894794840066268,-0.0033244220443838677,0.10993929498815026,0.19568481808737934
lab009,F3,2026-04-17 15:25:48,HOT->OFF,HOT,OFF,0.061072296926331524,-0.0034607318993355118,0.10063935519855187,0.11967080459679771
lab009,F3,2026-04-17 15:28:11,OFF->COLD,OFF,COLD,-0.07434100334344534,-0.003450019077928046,0.18920684699449014,0.1280372167397562
lab009,F3,2026-04-17 15:30:55,COLD->OFF,COLD,OFF,0.022071262362114083,-0.0032019706086690025,0.13380534811698047,0.14676549664273908
lab009,F3,2026-04-17 15:35:52,OFF->HOT,OFF,HOT,0.0050604659160141605,-0.002359354325052809,0.13495571186746813,0.163138592267093
lab009,F3,2026-04-17 15:37:42,HOT->OFF,HOT,OFF,-0.026027002944927803,-0.0019271699810080366,0.09436707795624676,0.1217684882495292
lab009,F3,2026-04-17 15:40:05,OFF->COLD,OFF,COLD,0.051505409392109916,-0.0013848470730956851,0.1259746559021048,0.1481889163909866
lab009,F3,2026-04-17 15:42:52,COLD->OFF,COLD,OFF,-0.03613684747494619,-0.0006647211154529042,0.156964102891726,0.15589410269413184
lab009,F3,2026-04-17 15:47:29,OFF->HOT,OFF,HOT,-0.011333685374638337,0.00040176051777988096,0.13786142838314439,0.08252185467031338
lab009,F3,2026-04-17 15:49:05,HOT->OFF,HOT,OFF,-0.06823959462560453,0.0006850921688166924,0.08015803543110284,0.07672578025669305
lab009,F3,2026-04-17 15:51:39,OFF->COLD,OFF,COLD,-0.009175752669772098,0.0010562157145746487,0.11457065377434175,0.12711855298128755
lab009,F3,2026-04-17 15:54:22,COLD->OFF,COLD,OFF,0.10602810684576411,0.0013121554987090224,0.1256254824234535,0.12155880367187591
lab009,F3,2026-04-17 15:58:42,OFF->HOT,OFF,HOT,-0.025543820989361303,0.0014909020459433877,0.12137176837941807,0.13148050403101022
lab009,F3,2026-04-17 16:00:18,HOT->OFF,HOT,OFF,0.013504909607775544,0.0014670807856571155,0.11734699554042359,0.15121489273160887
lab009,F3,2026-04-17 16:03:09,OFF->COLD,OFF,COLD,-0.005026116271309177,0.0013903877266949528,0.09617761236141772,0.1531294630374008
lab009,F3,2026-04-17 16:05:42,COLD->OFF,COLD,OFF,0.048318307874295606,0.0012056043486069145,0.11987488335486443,0.15128243724344806
lab009,F3,2026-04-17 16:10:36,OFF->HOT,OFF,HOT,0.04736382168609132,0.0006894944564696526,0.12736096909584688,0.14741431036159783
lab009,F3,2026-04-17 16:12:01,HOT->OFF,HOT,OFF,-0.01674730459726684,0.0005476699474761925,0.12975026307328946,0.14354303742353394
lab009,F3,2026-04-17 16:14:04,OFF->COLD,OFF,COLD,-0.013433956378263332,0.0003286794463395748,0.1672911529485309,0.15594160895239081
lab009,F3,2026-04-17 16:16:52,COLD->OFF,COLD,OFF,0.012214157761980416,5.4215152081049667e-05,0.11890437959141897,0.1222869917553516
lab009,F3,2026-04-17 16:21:08,OFF->HOT,OFF,HOT,-0.007013401449939982,-0.00019286285734743114,0.18138521012012426,0.13064840541835
lab009,F3,2026-04-17 16:22:30,HOT->OFF,HOT,OFF,-0.04514328605881279,-0.0002466924372502621,0.12667551370634672,0.18300747679565776
lab009,F3,2026-04-17 16:24:36,OFF->COLD,OFF,COLD,0.02662442263556982,-0.00024855592335788486,0.1367611779729156,0.11057217694630786
lab009,F3,2026-04-17 16:27:34,COLD->OFF,COLD,OFF,0.046374772398238215,-0.00032206628913421524,0.1874309330269174,0.11458667039228357
lab009,F3,2026-04-17 16:32:07,OFF->HOT,OFF,HOT,-0.004634000245403759,-0.0004987564146502032,0.15740296085052413,0.15342810112873484
lab009,F3,2026-04-17 16:33:32,HOT->OFF,HOT,OFF,-0.0016761735684227008,-0.0005756552114712266,0.16780566204089206,0.09244352837076956
lab009,F3,2026-04-17 16:35:46,OFF->COLD,OFF,COLD,0.010673087467271782,-0.0006945770534468876,0.13062231479376799,0.11164363127717447
lab009,F3,2026-04-17 16:38:36,COLD->OFF,COLD,OFF,-0.08363658076751657,-0.0008421212192014305,0.11761302212813834,0.19313099886041196
lab009,F3,2026-04-17 16:43:03,OFF->HOT,OFF,HOT,-0.038535965440767636,-0.0008818500843991717,0.13750952121428395,0.08951015547613005
lab009,F3,2026-04-17 16:44:38,HOT->OFF,HOT,OFF,0.0023695814555902417,-0.0008308779878023808,0.10754087038181553,0.1693489844508786
lab009,F3,2026-04-17 16:46:55,OFF->COLD,OFF,COLD,-0.05246282212017216,-0.0007301526553510462,0.1556206148920527,0.13281529788474278
lab009,F3,2026-04-17 16:49:39,COLD->OFF,COLD,OFF,0.05454566345224158,-0.0004925227144298883,0.19613017306506694,0.1491570478454034
lab009,F3,2026-04-17 16:53:52,OFF->HOT,OFF,HOT,-0.029706894947189557,-9.99319255464259e-05,0.16619179429360192,0.12599543772697377
lab009,F3,2026-04-17 16:55:31,HOT->OFF,HOT,OFF,0.0011306693174019215,0.00013702695806371294,0.12684565197198752,0.12486084005601321
lab009,F3,2026-04-17 16:57:41,OFF->COLD,OFF,COLD,-0.039720908594358846,0.00037678537585527077,0.1990107999924979,0.1584857767681623
lab009,F3,2026-04-17 17:00:45,COLD->OFF,COLD,OFF,-0.054503658058230244,0.0007066651731740148,0.17167593800926373,0.1573193064326119
lab009,F3,2026-04-17 17:05:18,OFF->HOT,OFF,HOT,0.06575279739430713,0.0010129576433469012,0.16962331844545883,0.1240236957460911
lab009,F3,2026-04-17 17:06:54,HOT->OFF,HOT,OFF,-0.04390730958615774,0.0010626346741025915,0.09217827033715936,0.10903475486361572
lab009,F3,2026-04-17 17:09:24,OFF->COLD,OFF,COLD,-0.06422059811558103,0.0011124662106672622,0.15801574417419395,0.17935197091030894
lab009,F3,2026-04-17 17:11:58,COLD->OFF,COLD,OFF,0.0038867207063186244,0.0011223421124869739,0.1411776463076058,0.11709827622651436
lab009,F3,2026-04-17 17:16:28,OFF->HOT,OFF,HOT,-0.024030269598849362,0.0010767502632755943,0.18476225478237607,0.1493347789319986
lab009,F3,2026-04-17 17:18:14,HOT->OFF,HOT,OFF,-0.0683189152223892,0.0010779194447130714,0.06967761917642033,0.07427075438408938
lab009,F3,2026-04-17 17:20:34,OFF->COLD,OFF,COLD,-0.06732435365632918,0.0010223201786336733,0.13220759021227793,0.14109166503004622
lab009,F3,2026-04-17 17:23:35,COLD->OFF,COLD,OFF,-0.04751089500510368,0.0008893049797309315,0.10279980697313018,0.14404100550453044
lab009,F3,2026-04-17 17:28:21,OFF->HOT,OFF,HOT,0.0366821625092552,0.0005108573377368586,0.11858331047763288,0.14387736598267026
lab009,F3,2026-04-17 17:30:07,HOT->OFF,HOT,OFF,-0.017075002456771796,0.0003681101452525648,0.07044535540294967,0.09782864352314782
lab009,F3,2026-04-17 17:32:27,OFF->COLD,OFF,COLD,0.048796806016001976,0.0001788186890143706,0.12716604576220303,0.12040129531847636
lab009,F3,2026-04-17 17:35:35,COLD->OFF,COLD,OFF,0.019495646215932593,-5.3810334267811837e-05,0.1428733628728529,0.16316172592989722
lab009,F3,2026-04-17 17:40:05,OFF->HOT,OFF,HOT,0.04258365379415603,-0.0003664101644546558,0.10632342432693788,0.16692818480142027
lab009,F3,2026-04-17 17:41:44,HOT->OFF,HOT,OFF,0.010075712438117182,-0.0004864892639814377,0.08306766338767801,0.1011772101611225
lab009,F3,2026-04-17 17:44:07,OFF->COLD,OFF,COLD,-0.068922519345613,-0.000624957435211182,0.13242837798604792,0.13813681885658122
lab009,F3,2026-04-17 17:47:05,COLD->OFF,COLD,OFF,-0.008417478130917838,-0.000791809359021034,0.1682246634035437,0.05573815603129697
lab009,F3,2026-04-17 17:51:45,OFF->HOT,OFF,HOT,0.006629899693041418,-0.0009869378572908037,0.13064779987760183,0.1246595493222449
lab009,F3,2026-04-17 17:53:21,HOT->OFF,HOT,OFF,0.007407691323003708,-0.0010015049980534485,0.10062821938047717,0.11804871789536155
lab009,F3,2026-04-17 17:55:51,OFF->COLD,OFF,COLD,-0.012588802979659376,-0.0009617190610262894,0.10024174165827417,0.10150615594083497
lab009,F3,2026-04-17 17:59:12,COLD->OFF,COLD,OFF,0.005709010221878639,-0.000762608205082982,0.12455789107167084,0.14161294915646253
lab009,F3,2026-04-17 18:03:49,OFF->HOT,OFF,HOT,-0.009141640277641916,-0.0002897772683368105,0.10821914256853013,0.10518876344626188
lab009,F3,2026-04-17 18:05:31,HOT->OFF,HOT,OFF,-0.012623124433839051,-0.00012721856755852913,0.07859050018596307,0.0982857845806685
lab009,F3,2026-04-17 18:08:05,OFF->COLD,OFF,COLD,-0.05222467582719395,0.00012976742714889688,0.11667776589893028,0.15802740793076434
lab009,F3,2026-04-17 18:11:10,COLD->OFF,COLD,OFF,0.026314612008475236,0.00030547432144106823,0.17112245815479368,0.07906399615630509
lab009,F3,2026-04-17 18:16:14,OFF->HOT,OFF,HOT,0.0022462042645146722,0.00033304756589251915,0.10745005829048349,0.08846876377467465
lab009,F3,2026-04-17 18:17:53,HOT->OFF,HOT,OFF,0.0007642667530995059,0.0002741905445328152,0.06743428818018338,0.0994896418059061
lab009,F3,2026-04-17 18:20:23,OFF->COLD,OFF,COLD,-0.015307203943825065,0.0002388569159581966,0.1187759773721601,0.0919378479445993
lab009,F3,2026-04-17 18:23:38,COLD->OFF,COLD,OFF,0.0062838567646623655,0.00011853271349399064,0.12486376054680014,0.12498782516693976
lab009,F3,2026-04-17 18:28:24,OFF->HOT,OFF,HOT,0.019188178880746455,-4.356447611758574e-05,0.1178389305702232,0.0755119035529613
lab009,F3,2026-04-17 18:30:07,HOT->OFF,HOT,OFF,0.013949343094616581,-9.790879332817193e-05,0.07918465845603954,0.15419929527749512
lab009,F3,2026-04-17 18:32:37,OFF->COLD,OFF,COLD,-0.0214744698480727,-0.0001768241157927619,0.18954896923059134,0.14724023543466133
lab009,F3,2026-04-17 18:35:48,COLD->OFF,COLD,OFF,0.03654502222473716,-0.00030518537036167137,0.13437048321469372,0.1239316730277552
lab009,F3,2026-04-17 18:40:42,OFF->HOT,OFF,HOT,0.09952712365869451,-0.0005206402811630762,0.10413173848457441,0.1673718365997172
lab009,F3,2026-04-17 18:42:18,HOT->OFF,HOT,OFF,0.10687478421622838,-0.0005957005008206284,0.12279072667143583,0.220776404530828
lab009,F3,2026-04-17 18:44:51,OFF->COLD,OFF,COLD,-0.03292824994140155,-0.000627856421875772,0.10099338540019957,0.08658802668276326
lab009,F3,2026-04-17 18:47:59,COLD->OFF,COLD,OFF,0.0607412853517968,-0.0006018513020247251,0.1834691518188632,0.12618863873006633
lab009,F3,2026-04-17 18:52:42,OFF->HOT,OFF,HOT,-0.07741337331462497,-0.000566213822751438,0.17024625421207812,0.1321938937124116
lab009,F3,2026-04-17 18:54:15,HOT->OFF,HOT,OFF,0.050214127679416944,-0.0005282452618287747,0.1390087345186739,0.087703692823151
lab009,F3,2026-04-17 18:56:52,OFF->COLD,OFF,COLD,0.02366192208896559,-0.00044360556011148195,0.08678956965185403,0.1353183041772816
lab009,F3,2026-04-17 18:59:53,COLD->OFF,COLD,OFF,0.016884737993339182,-0.0003363103911480092,0.09298760088982444,0.1706998470648147
lab009,F3,2026-04-17 19:04:36,OFF->HOT,OFF,HOT,0.02828851771730497,-8.50519333588152e-05,0.18088354080700716,0.1441710571104754
lab009,F3,2026-04-17 19:06:12,HOT->OFF,HOT,OFF,0.007844014645909149,1.1781374220419614e-06,0.062234792213033796,0.1145128948247042
lab009,F3,2026-04-17 19:08:59,OFF->COLD,OFF,COLD,-0.034514559219586405,0.00020374784486001387,0.1291938125767812,0.14636197782797
lab009,F3,2026-04-17 19:12:04,COLD->OFF,COLD,OFF,0.04675794218016585,0.0004065533724937787,0.11252845815525907,0.18378929351129245
lab009,F3,2026-04-17 19:16:50,OFF->HOT,OFF,HOT,0.00012498145293631316,0.0005756331667905234,0.10174394358303894,0.12236048859838007
lab009,F3,2026-04-17 19:18:36,HOT->OFF,HOT,OFF,-0.04704104349476734,0.000621013489063893,0.12910710973487474,0.1406200275567354
lab009,F3,2026-04-17 19:21:07,OFF->COLD,OFF,COLD,-0.028146163311144768,0.0006208374494704238,0.14678351808242235,0.13770390399051616
lab009,F3,2026-04-17 19:24:18,COLD->OFF,COLD,OFF,0.025423760801425645,0.0005302399028299098,0.19272314325984366,0.1690151148530135
lab009,F3,2026-04-17 19:29:01,OFF->HOT,OFF,HOT,-0.07907804130207313,0.0001131188475679834,0.12880710790407632,0.1058082962911316
lab009,F3,2026-04-17 19:30:50,HOT->OFF,HOT,OFF,0.010134820766025038,-0.0001224310963162667,0.11615564129637479,0.12728147101037848
lab009,F3,2026-04-17 19:33:10,OFF->COLD,OFF,COLD,-0.05515238783181841,-0.0004243355784436132,0.1917681391963792,0.17060157860543013
lab009,F3,2026-04-17 19:36:28,COLD->OFF,COLD,OFF,0.02600670974421831,-0.0008114095425335587,0.1384864454157954,0.11039450659778416
lab009,F3,2026-04-17 19:40:51,OFF->HOT,OFF,HOT,0.05955832812093866,-0.0010144110817810082,0.1396604402093744,0.19641176231927282
lab009,F3,2026-04-17 19:42:30,HOT->OFF,HOT,OFF,0.034951595443349505,-0.000898213389010083,0.07404571872302503,0.09254387848939309
lab009,F3,2026-04-17 19:45:15,OFF->COLD,OFF,COLD,-0.07590288384307317,-0.0005763100130662835,0.1960095101770301,0.17078569714859185
lab009,F3,2026-04-17 19:48:12,COLD->OFF,COLD,OFF,-0.04507989039770429,4.2792867658614274e-05,0.21687753957269215,0.13969190747549787
lab009,F3,2026-04-17 19:53:02,OFF->HOT,OFF,HOT,0.002666785307599215,0.0011608048794544802,0.1629926096651081,0.17349389300453247
lab009,F3,2026-04-17 19:54:41,HOT->OFF,HOT,OFF,-0.04097026609798995,0.001414784437333816,0.09978926634110787,0.12257439866744552
lab009,F3,2026-04-17 19:57:02,OFF->COLD,OFF,COLD,-0.026898916105832435,0.0017722770270584443,0.1575057411980502,0.14321541487167577
lab009,F3,2026-04-17 20:00:13,COLD->OFF,COLD,OFF,-0.022789619934075155,0.001945794834842307,0.14067437861404417,0.1810718619552384
lab009,F3,2026-04-17 20:04:46,OFF->HOT,OFF,HOT,0.07428116602365975,0.001769596616556346,0.15962218613929616,0.19322465599068242
lab009,F3,2026-04-17 20:06:32,HOT->OFF,HOT,OFF,-0.002904569134086432,0.0016680129037131674,0.07866373078466474,0.17950399011856405
lab009,F3,2026-04-17 20:08:42,OFF->COLD,OFF,COLD,-0.01955666362473928,0.0014092915671692241,0.1880064096506536,0.12487553855858678
lab009,F3,2026-04-17 20:11:56,COLD->OFF,COLD,OFF,-6.294965626922958e-05,0.0010946886816165513,0.13529426411720075,0.09094947209418984
lab009,F3,2026-04-17 20:16:23,OFF->HOT,OFF,HOT,-0.03537079940486221,0.0007603326749762275,0.16832348048111734,0.24853928363770525
lab009,F3,2026-04-17 20:18:05,HOT->OFF,HOT,OFF,0.016948342059841276,0.0005873401190174877,0.09889573838381036,0.09081071862626404
lab009,F3,2026-04-17 20:20:08,OFF->COLD,OFF,COLD,0.01357482617008653,0.00041262224517784035,0.11331318279738994,0.2062269871921616
lab009,F3,2026-04-17 20:23:19,COLD->OFF,COLD,OFF,-0.030080222116589738,2.305428478345268e-05,0.16756471254173297,0.12126846746351624
lab009,F3,2026-04-17 20:27:52,OFF->HOT,OFF,HOT,0.023742122371909955,-0.0007690988625712156,0.1550721860477946,0.16828448894877826
lab009,F3,2026-04-17 20:29:35,HOT->OFF,HOT,OFF,-0.0010917287012103954,-0.0010693626387977548,0.12344568431410366,0.17356679210112033
lab009,F3,2026-04-17 20:31:52,OFF->COLD,OFF,COLD,0.02940750002761231,-0.001439570355204245,0.1646089954783674,0.16094442009331336
lab009,F3,2026-04-17 20:35:03,COLD->OFF,COLD,OFF,-0.02681964078921984,-0.0018013032788574026,0.1993943389238385,0.15251018676152017
lab009,F3,2026-04-17 20:39:26,OFF->HOT,OFF,HOT,0.08111297492601263,-0.001926710315668667,0.13876993293745665,0.1618271734945063
lab009,F3,2026-04-17 20:41:12,HOT->OFF,HOT,OFF,0.03644254128049241,-0.0018828511226841038,0.13308773823155207,0.09454437347236958
lab009,F3,2026-04-17 20:43:28,OFF->COLD,OFF,COLD,0.00021160642809466695,-0.0017199371709954335,0.1621895351209685,0.16436324315717984
lab009,F3,2026-04-17 20:46:43,COLD->OFF,COLD,OFF,0.011962082248778327,-0.0013055459329479047,0.11710662271958934,0.1496674048631162
lab009,F3,2026-04-17 20:50:59,OFF->HOT,OFF,HOT,0.018558409110178798,-0.000837756694577052,0.16447890513710675,0.15940144745819956
lab009,F3,2026-04-17 20:52:55,HOT->OFF,HOT,OFF,-0.006337409623072075,-0.0006710744726983964,0.1531035738159477,0.12171355182990408
lab009,F3,2026-04-17 20:55:02,OFF->COLD,OFF,COLD,-0.02020895638240533,-0.0004925026787664598,0.13205448567774586,0.15135274170666732
lab009,F3,2026-04-17 20:58:09,COLD->OFF,COLD,OFF,-0.036122036742400554,-0.00024716180151840295,0.14912568524084155,0.13910590680570006
lab009,F3,2026-04-17 21:02:43,OFF->HOT,OFF,HOT,0.08481856106473432,6.854891798067095e-05,0.15906768525004863,0.2154710359991272
lab009,F3,2026-04-17 21:04:22,HOT->OFF,HOT,OFF,-0.011892413837581495,0.00023438042962019572,0.10829479835256166,0.11228623968950945
lab009,F3,2026-04-17 21:06:45,OFF->COLD,OFF,COLD,-0.03904689558662135,0.0004988937120830039,0.19162136442422584,0.15355885346380618
lab009,F3,2026-04-17 21:09:46,COLD->OFF,COLD,OFF,-0.01501732604263565,0.0008536050322017984,0.2095028007978458,0.14526519712451308
lab009,F3,2026-04-17 21:14:09,OFF->HOT,OFF,HOT,0.035228164731127956,0.0012177944927450502,0.15119560463383006,0.17972896292101367
lab009,F3,2026-04-17 21:15:48,HOT->OFF,HOT,OFF,0.07587319337356906,0.001280974741009655,0.16188328351240797,0.12392320240497848
lab009,F3,2026-04-17 21:18:22,OFF->COLD,OFF,COLD,0.007727883961185702,0.001366770101373893,0.13747801874534882,0.10715238479431606
lab009,F3,2026-04-17 21:21:20,COLD->OFF,COLD,OFF,0.044734255280453196,0.0014175588232438695,0.15547110908149303,0.14788979002855054
lab009,F3,2026-04-17 21:26:06,OFF->HOT,OFF,HOT,-0.04391028808080242,0.001421288262210807,0.16016444684014838,0.17528429510900545
lab009,F3,2026-04-17 21:27:52,HOT->OFF,HOT,OFF,-0.08760399634421763,0.0013599390151223913,0.0642754198542844,0.1405583447412197
lab009,F3,2026-04-17 21:30:16,OFF->COLD,OFF,COLD,-0.10211182105232722,0.0012460642082161245,0.162678834189258,0.15782424767747902
lab009,F3,2026-04-17 21:33:30,COLD->OFF,COLD,OFF,0.025222920186399718,0.0008521026850625058,0.14918853401545684,0.12793808761795256
lab009,F3,2026-04-17 21:37:57,OFF->HOT,OFF,HOT,0.09592095738570554,-5.531606969987339e-05,0.16695036138617722,0.15667740974346006
lab009,F3,2026-04-17 21:39:53,HOT->OFF,HOT,OFF,0.041406998937240716,-0.0005144747779922132,0.13006324327590443,0.1290556018172326
lab009,F3,2026-04-17 21:42:13,OFF->COLD,OFF,COLD,0.0534256768609168,-0.001004443524783094,0.14738750785510832,0.11108242779459827
lab009,F3,2026-04-17 21:45:07,COLD->OFF,COLD,OFF,0.06665879916519035,-0.0014820370088353685,0.10795854423762025,0.16833936837552824
lab009,F3,2026-04-17 21:49:50,OFF->HOT,OFF,HOT,0.0003639397142309649,-0.001951747517266067,0.18616132926471188,0.15010210878802818
lab009,F3,2026-04-17 21:51:40,HOT->OFF,HOT,OFF,-0.03708741059019367,-0.0020233943954920063,0.13319755573440425,0.11933598422475163
lab009,F3,2026-04-17 21:54:17,OFF->COLD,OFF,COLD,0.019244981815284355,-0.0020241762775190294,0.12075032033150333,0.13560208586057015
lab009,F3,2026-04-17 21:57:11,COLD->OFF,COLD,OFF,0.014673368991771032,-0.0018547113462394015,0.1481614497926002,0.14814482250969982
lab009,F3,2026-04-17 22:01:37,OFF->HOT,OFF,HOT,-0.020806428229697194,-0.001353110327402729,0.1607766284010295,0.16207683352035795
lab009,F3,2026-04-17 22:03:30,HOT->OFF,HOT,OFF,-0.0788352338265687,-0.0010142435541596996,0.0942481095494636,0.11667049225698296
lab009,F3,2026-04-17 22:05:40,OFF->COLD,OFF,COLD,-0.060203315467960705,-0.0005768613156242662,0.12310931303536958,0.12912750662980169
lab009,F3,2026-04-17 22:08:54,COLD->OFF,COLD,OFF,0.011470734007367391,5.079517687487387e-05,0.12860285775954705,0.13388285240335213
lab009,F3,2026-04-17 22:13:14,OFF->HOT,OFF,HOT,-0.03695184768460427,0.0006475090058607469,0.15982530532674544,0.10650347609592409
lab009,F3,2026-04-17 22:15:03,HOT->OFF,HOT,OFF,0.014749124727299799,0.0008309031059835048,0.10572499701008227,0.12292800023733269
lab009,F3,2026-04-17 22:17:30,OFF->COLD,OFF,COLD,-0.02415058485240118,0.0010344167457621233,0.15588444731986342,0.10779248514644538
lab009,F3,2026-04-17 22:20:34,COLD->OFF,COLD,OFF,0.0348494643950107,0.001180910612846775,0.14779113860985812,0.14837097297195895
lab009,F3,2026-04-17 22:25:08,OFF->HOT,OFF,HOT,-0.043362211393052685,0.001210881371655459,0.18236761195926166,0.1807847320886202
lab009,F3,2026-04-17 22:26:57,HOT->OFF,HOT,OFF,0.05392080383031643,0.0011432066723909284,0.11675938156711443,0.18134877766764115
lab009,F3,2026-04-17 22:29:17,OFF->COLD,OFF,COLD,0.0382826717525699,0.0010475454142554685,0.09792429806771674,0.12019077365480989
lab009,F3,2026-04-17 22:32:22,COLD->OFF,COLD,OFF,0.06729895931604453,0.0008798278264688153,0.15314221673912828,0.1403225634309645
lab009,F3,2026-04-17 22:37:05,OFF->HOT,OFF,HOT,0.0431910791782152,0.0005495259986636135,0.19745393963307,0.12163437782096388
lab009,F3,2026-04-17 22:38:51,HOT->OFF,HOT,OFF,0.001339211129265827,0.0003799809534384746,0.07640613947950273,0.1349837226081048
lab009,F3,2026-04-17 22:41:14,OFF->COLD,OFF,COLD,-0.03304539860115066,0.00020659979332039442,0.11697853700654237,0.13023050833754257
lab009,F3,2026-04-17 22:44:29,COLD->OFF,COLD,OFF,0.008295519621830925,-2.0527348590615468e-05,0.17820624302969015,0.13237433291487033
lab009,F3,2026-04-17 22:48:42,OFF->HOT,OFF,HOT,-0.007692894305011433,-0.00024532147653490984,0.1258787343887903,0.10437064096404441
lab009,F3,2026-04-17 22:50:41,HOT->OFF,HOT,OFF,-0.05575729009479445,-0.00027035098355098207,0.13045482887824753,0.06505648189226859
lab009,F3,2026-04-17 22:52:48,OFF->COLD,OFF,COLD,-0.052869364607183805,-0.00027272145449880325,0.11868912363812252,0.08681664963525021
lab009,F3,2026-04-17 22:56:23,COLD->OFF,COLD,OFF,0.05325733352040173,-0.000356171769612168,0.12543045727377128,0.09203286156201301
lab009,F3,2026-04-17 23:03:03,OFF->HOT,OFF,HOT,0.11166638136975726,-0.00042348401242343626,0.16526648875738303,0.1508450731478173
lab009,F3,2026-04-17 23:04:21,HOT->OFF,HOT,OFF,0.0049976214939109476,-0.0003770090971655038,0.09910355664004239,0.12905740073951502
lab009,F3,2026-04-17 23:07:05,OFF->COLD,OFF,COLD,-0.029003352636854926,-0.00018018894337445968,0.11121768567454474,0.12063090438156042
lab009,F3,2026-04-17 23:10:06,COLD->OFF,COLD,OFF,-0.1001488107137172,0.00011099830572365299,0.13136510006084623,0.1625318586548761
lab009,F3,2026-04-17 23:14:29,OFF->HOT,OFF,HOT,0.034984284115875966,0.0004204321490084761,0.14117197160305986,0.16497619437341587
lab009,F3,2026-04-17 23:16:18,HOT->OFF,HOT,OFF,-0.003961519498777301,0.0005445280886370307,0.13193631366644407,0.13567453042005767
lab009,F3,2026-04-17 23:18:32,OFF->COLD,OFF,COLD,-0.04111252052660043,0.0005908189785799988,0.1865695326859637,0.1667088157131573
lab009,F3,2026-04-17 23:21:26,COLD->OFF,COLD,OFF,0.000732352779233135,0.0005812740937096938,0.1284776039339805,0.1313833527457319
lab009,F3,2026-04-17 23:25:59,OFF->HOT,OFF,HOT,0.018879003305707152,0.0004192421073443087,0.14107334985515946,0.15533158453866364
lab009,F3,2026-04-17 23:27:42,HOT->OFF,HOT,OFF,0.02711302342023595,0.0003498113026724425,0.19209820301841693,0.07576728271999149
lab009,F3,2026-04-17 23:30:15,OFF->COLD,OFF,COLD,-0.03678561615471637,0.00034525806642418113,0.19124939561368304,0.15505119541569393
lab009,F3,2026-04-17 23:33:09,COLD->OFF,COLD,OFF,-0.07435937858988334,0.0003731435076289925,0.18398150783207878,0.16595897155395223
lab009,F3,2026-04-17 23:37:29,OFF->HOT,OFF,HOT,-0.03169418478274858,0.0003738064876692037,0.1570512386120177,0.09164525867905735
lab009,F3,2026-04-17 23:39:08,HOT->OFF,HOT,OFF,0.07063093023301469,0.000312634820047042,0.18177700656853965,0.1347391290595003
lab009,F3,2026-04-17 23:41:35,OFF->COLD,OFF,COLD,0.010741742978310032,0.00011404317629263314,0.15117017638871477,0.09846434648710037
lab009,F3,2026-04-17 23:44:29,COLD->OFF,COLD,OFF,-0.012192544283450336,-0.00013571494199055012,0.0885863707215041,0.11197349645283128
lab009,F3,2026-04-17 23:49:02,OFF->HOT,OFF,HOT,0.02796700856496971,-0.0005930782210641472,0.10033704667750762,0.09367187864780294
lab009,F3,2026-04-17 23:50:41,HOT->OFF,HOT,OFF,0.027698406586269667,-0.0008030375831668434,0.11129196769910071,0.08144990519199405
lab009,F3,2026-04-17 23:53:08,OFF->COLD,OFF,COLD,-0.02924971097679909,-0.0010931877172268955,0.1261866955410801,0.16474004443613316
lab009,F3,2026-04-17 23:55:56,COLD->OFF,COLD,OFF,0.1086919226387515,-0.0013619629842481994,0.11650667296686014,0.17034193110455573
lab009,F3,2026-04-18 00:00:39,OFF->HOT,OFF,HOT,0.03865619760827263,-0.0016906233977143303,0.08990265969609498,0.15415796438297438
lab009,F3,2026-04-18 00:02:18,HOT->OFF,HOT,OFF,0.06844145628773646,-0.0016917753147972947,0.11664800741500171,0.15490367336505848
lab009,F3,2026-04-18 00:04:38,OFF->COLD,OFF,COLD,0.018527973292717936,-0.0015624836805403386,0.10710805083138694,0.11710798756724185
lab009,F3,2026-04-18 00:07:32,COLD->OFF,COLD,OFF,0.07102424906072054,-0.0013234765603556409,0.08355060151368898,0.1463339836198878
lab009,F3,2026-04-18 00:12:16,OFF->HOT,OFF,HOT,-0.017306343879913446,-0.0007586846033988961,0.15540455166981554,0.15355964730574673
lab009,F3,2026-04-18 00:13:51,HOT->OFF,HOT,OFF,0.027195520781441607,-0.0005226232127159226,0.10738865800918432,0.14852210422985607
lab009,F3,2026-04-18 00:16:22,OFF->COLD,OFF,COLD,-0.0042592432505411774,-0.00014222187705638096,0.14072998641952802,0.1659451883641118
lab009,F3,2026-04-18 00:19:23,COLD->OFF,COLD,OFF,0.014841017745413576,0.00024099262933420236,0.09073730916840872,0.12546341251537632
lab009,F3,2026-04-18 00:23:53,OFF->HOT,OFF,HOT,-0.00947224221264701,0.0006213519746258722,0.16886992298035264,0.16189902693533717
lab009,F3,2026-04-18 00:25:38,HOT->OFF,HOT,OFF,-0.010429899453685233,0.0007200791186050993,0.16036312819940002,0.12454481277868261
lab009,F3,2026-04-18 00:27:48,OFF->COLD,OFF,COLD,-0.020690477360440863,0.0008428901091172892,0.14251755087260798,0.19060418264766557
lab009,F3,2026-04-18 00:30:53,COLD->OFF,COLD,OFF,-0.012166607911995388,0.001030439899260882,0.1449523596440661,0.19316957460360182
lab009,F3,2026-04-18 00:35:09,OFF->HOT,OFF,HOT,-0.016989420189289207,0.0011764077476775438,0.18112257552894317,0.14816206686053165
lab009,F3,2026-04-18 00:36:45,HOT->OFF,HOT,OFF,-0.016258717785357736,0.001162788017429095,0.14315240685163128,0.11267520201907166
lab009,F3,2026-04-18 00:39:08,OFF->COLD,OFF,COLD,-0.0009750810296329064,0.0011627981761142547,0.13140264435356763,0.20124739074371134
lab009,F3,2026-04-18 00:41:59,COLD->OFF,COLD,OFF,-0.01976756596452537,0.001005958727319689,0.17573549990185638,0.1870150889439476
lab009,F3,2026-04-18 00:46:53,OFF->HOT,OFF,HOT,0.047073106756088286,0.0005471313265657862,0.18154767497373994,0.14219521656872164
lab009,F3,2026-04-18 00:48:32,HOT->OFF,HOT,OFF,0.11029748999228496,0.0003841617430019207,0.12053932766395702,0.06297941386591278
lab009,F3,2026-04-18 00:50:38,OFF->COLD,OFF,COLD,0.017802381845826488,0.0002261862166876849,0.1330335612878911,0.12275634839529341
lab009,F3,2026-04-18 00:53:42,COLD->OFF,COLD,OFF,0.03646883088503768,0.0001440388702996232,0.13562327615377853,0.08570056823294288
lab009,F3,2026-04-18 00:57:55,OFF->HOT,OFF,HOT,0.0015363336264635694,0.00023771864709278836,0.14228790778085787,0.209980176921335
lab009,F3,2026-04-18 00:59:24,HOT->OFF,HOT,OFF,0.01192222046726742,0.0003202019564833347,0.08488422066269098,0.14208154273971285
lab009,F3,2026-04-18 01:01:51,OFF->COLD,OFF,COLD,-0.11375367706090353,0.000512003432652286,0.16989639868479994,0.12862503821614424
lab009,F3,2026-04-18 01:04:24,COLD->OFF,COLD,OFF,-0.07206851781973081,0.0006615483040228853,0.17276502525049744,0.09961560056108013
lab009,F3,2026-04-18 01:09:42,OFF->HOT,OFF,HOT,0.0036096076372026265,0.0006458245660617146,0.08179288147977769,0.17091922571889723
lab009,F3,2026-04-18 01:11:11,HOT->OFF,HOT,OFF,0.019058278103873283,0.0006052779506384721,0.14048675883999365,0.10853702364379876
lab009,F3,2026-04-18 01:13:48,OFF->COLD,OFF,COLD,-0.05196490677348705,0.00033216716601532927,0.12094077419419276,0.153294248474238
lab009,F3,2026-04-18 01:16:52,COLD->OFF,COLD,OFF,0.0758159622606901,-4.8550511121881e-05,0.1141946049801062,0.12328483498267334
lab009,F3,2026-04-18 01:21:29,OFF->HOT,OFF,HOT,0.09426938970132698,-0.0006768823618974352,0.13465305852167345,0.12920123498029962
lab009,F3,2026-04-18 01:23:11,HOT->OFF,HOT,OFF,-0.09255616453493096,-0.0008411046260912048,0.07960067629249708,0.14346111626189206
lab009,F3,2026-04-18 01:25:25,OFF->COLD,OFF,COLD,0.053616317972323024,-0.0010302567487861958,0.11971722458367183,0.13567718667269427
lab009,F3,2026-04-18 01:28:26,COLD->OFF,COLD,OFF,-0.009075155134933243,-0.001103533597718964,0.13846837810181784,0.13135053816525794
lab009,F3,2026-04-18 01:32:45,OFF->HOT,OFF,HOT,-0.05620134627686166,-0.0008542192563506634,0.18765738905320561,0.12236966539151448
lab009,F3,2026-04-18 01:34:28,HOT->OFF,HOT,OFF,-0.051372400412685745,-0.0006944157864709255,0.10870039770186404,0.1252807805162451
lab009,F3,2026-04-18 01:36:58,OFF->COLD,OFF,COLD,-0.06806120861441546,-0.00033456825789168754,0.14991517217181183,0.13421787399675697
lab009,F3,2026-04-18 01:39:52,COLD->OFF,COLD,OFF,-0.012241826534042998,4.9053214972782915e-05,0.1865039032812299,0.10719288680371285
lab009,F3,2026-04-18 01:44:43,OFF->HOT,OFF,HOT,0.022201939737733444,0.00044568801265457706,0.1218672394763688,0.1331038641323503
lab009,F3,2026-04-18 01:46:22,HOT->OFF,HOT,OFF,-0.02478227420178397,0.000536219364268209,0.08940637103687332,0.09582552070792999
lab009,F3,2026-04-18 01:48:59,OFF->COLD,OFF,COLD,-0.018225406728715754,0.00048378607762733505,0.12818566245152654,0.15085784744986486
lab009,F3,2026-04-18 01:51:57,COLD->OFF,COLD,OFF,0.03692635635786807,0.0003853592486858681,0.11563882272583062,0.19199144784174454
lab009,F3,2026-04-18 01:56:50,OFF->HOT,OFF,HOT,0.006792432464321499,2.1735743255968376e-05,0.11598702924394344,0.12234419604716362
lab009,F3,2026-04-18 01:58:40,HOT->OFF,HOT,OFF,-0.03214031962463022,-0.00010617243659768463,0.139225040488688,0.07669188322227921
lab009,F3,2026-04-18 02:00:50,OFF->COLD,OFF,COLD,-0.02321649046685289,-0.0002566061679956099,0.12306060319422754,0.11594200297321745
lab009,F3,2026-04-18 02:03:57,COLD->OFF,COLD,OFF,-0.0734053599598492,-0.0004020659803790072,0.19034536548909375,0.11959602197276224
lab009,F3,2026-04-18 02:08:31,OFF->HOT,OFF,HOT,-0.049463281793727366,-0.000540752223253782,0.1710386726618842,0.18984110926649045
lab009,F3,2026-04-18 02:10:13,HOT->OFF,HOT,OFF,0.0021710881225096013,-0.0005778152659706825,0.1111345515885521,0.190338146082812
lab009,F3,2026-04-18 02:12:33,OFF->COLD,OFF,COLD,-0.021996784158291562,-0.000656950354806718,0.13843814838852692,0.13168663115096846
lab009,F3,2026-04-18 02:15:35,COLD->OFF,COLD,OFF,0.02370569514761266,-0.0007595922468390581,0.13122926560813328,0.1469125324002598
lab009,F3,2026-04-18 02:19:58,OFF->HOT,OFF,HOT,0.024843936139814293,-0.0009607998736304578,0.11568794825988679,0.09601537715523074
lab009,F3,2026-04-18 02:21:30,HOT->OFF,HOT,OFF,0.04651172798217295,-0.000986919396047048,0.15412808110886358,0.12881626801002338
lab009,F3,2026-04-18 02:23:57,OFF->COLD,OFF,COLD,0.025101320906526656,-0.001014060170560427,0.10258790845263747,0.10988003285613622
lab009,F3,2026-04-18 02:26:54,COLD->OFF,COLD,OFF,0.02451211401139237,-0.0009294156410184273,0.1017933332043965,0.1528541039186881
lab009,F3,2026-04-18 02:31:45,OFF->HOT,OFF,HOT,0.0729677716903131,-0.0005302739124671387,0.11822671396197447,0.13780894477843902
lab009,F3,2026-04-18 02:33:24,HOT->OFF,HOT,OFF,0.026887992516643366,-0.00032860299031171034,0.10435277262053345,0.09520329766488268
lab009,F3,2026-04-18 02:35:51,OFF->COLD,OFF,COLD,-0.04889303451009882,8.961220744726508e-05,0.10769367109439104,0.11175849744692258
lab009,F3,2026-04-18 02:38:52,COLD->OFF,COLD,OFF,-0.04213905353030541,0.0006163927883024668,0.14089844538149168,0.10524036453838918
lab009,F3,2026-04-18 02:43:35,OFF->HOT,OFF,HOT,-0.024865268534423467,0.0013475631867268302,0.1695498507413261,0.14518939815957962
lab009,F3,2026-04-18 02:45:18,HOT->OFF,HOT,OFF,-0.03025563707684339,0.0015574523072441671,0.07975127567532764,0.13601562161484892
lab009,F3,2026-04-18 02:47:38,OFF->COLD,OFF,COLD,-0.029013622292752936,0.0017394306632374178,0.15202470198471613,0.17438044114084614
lab009,F3,2026-04-18 02:50:46,COLD->OFF,COLD,OFF,0.0026402930582074434,0.001833531032208191,0.13670461400208403,0.14468763699604256
lab009,F3,2026-04-18 02:55:23,OFF->HOT,OFF,HOT,0.011787329584721628,0.0015666370593657942,0.2213227709127697,0.13619855891916852
lab009,F3,2026-04-18 02:56:58,HOT->OFF,HOT,OFF,-0.021095451111812467,0.0013805664160503328,0.08448656385754358,0.12917816458883355
lab009,F3,2026-04-18 02:59:25,OFF->COLD,OFF,COLD,0.009228064205124953,0.00106034277253656,0.14522749330586576,0.17108561660199118
lab009,F3,2026-04-18 03:02:26,COLD->OFF,COLD,OFF,0.020738475880814487,0.0006425076754760672,0.13202775316123114,0.17259700512592654
lab009,F3,2026-04-18 03:07:10,OFF->HOT,OFF,HOT,-0.00602234858787184,1.3709135371953217e-05,0.13164342701026993,0.16876028447109098
lab009,F3,2026-04-18 03:08:45,HOT->OFF,HOT,OFF,-0.052219593239746245,-0.00018044754617063674,0.11101868114566668,0.13887933944637476
lab009,F3,2026-04-18 03:11:26,OFF->COLD,OFF,COLD,-0.033515830892557955,-0.0003769665096641894,0.17827367397138458,0.134851355439139
lab009,F3,2026-04-18 03:14:13,COLD->OFF,COLD,OFF,-0.09163185513152368,-0.0006111664492725378,0.14777510610052536,0.11292092982064712
lab009,F3,2026-04-18 03:19:10,OFF->HOT,OFF,HOT,0.045368300358666507,-0.0009506916126459264,0.16200048883037216,0.16051046184344975
lab009,F3,2026-04-18 03:20:46,HOT->OFF,HOT,OFF,0.07475900060656268,-0.0010696967505466224,0.14140828299111474,0.14502074363392317
lab009,F3,2026-04-18 03:23:13,OFF->COLD,OFF,COLD,0.002064053659162561,-0.0012041106736479957,0.14778319692028974,0.11277392313323903
lab009,F3,2026-04-18 03:26:24,COLD->OFF,COLD,OFF,-0.019463822916098973,-0.0014057671369501422,0.13975236050885104,0.10853128734024294
lab009,F3,2026-04-18 03:30:44,OFF->HOT,OFF,HOT,0.061746427235464814,-0.00171304984627485,0.16479749768779414,0.10071509549683326
lab009,F3,2026-04-18 03:32:40,HOT->OFF,HOT,OFF,0.06994273326740358,-0.0018201333746691527,0.13231031225269832,0.10708461368409282
lab009,F3,2026-04-18 03:35:28,OFF->COLD,OFF,COLD,0.08235860580815348,-0.0018174114831398082,0.14025982005320406,0.09450334543158688
lab009,F3,2026-04-18 04:41:15,COLD->OFF,COLD,OFF,0.019974771755400522,-0.001670372355241423,0.05941625416847282,0.06888239071430118
lab009,F3,2026-04-18 04:42:20,COLD->OFF,COLD,OFF,0.025792349396050795,-0.0016690855639622582,0.04958958386950745,0.05771186219831867
lab009,F3,2026-04-18 04:43:25,OFF->COLD,OFF,COLD,-0.012626229472853568,-0.0016616171026135108,0.04865122469121785,0.07051858498354731
lab009,F3,2026-04-18 05:29:23,OFF->HOT,OFF,HOT,-0.048264846983937404,0.00047520509533052204,0.04362468894240811,0.05323539988757942
lab009,F3,2026-04-18 05:30:25,HOT->OFF,HOT,OFF,-0.04417421860099052,0.00039677814324093894,0.054887472674045125,0.052011325482259146
lab009,F3,2026-04-18 05:31:26,OFF->HOT,OFF,HOT,-0.025854793084643793,0.0003014265136267347,0.047554624569122655,0.05431841182058809
lab009,F3,2026-04-18 05:32:41,HOT->OFF,HOT,OFF,0.02051685285186361,0.00017006296701718162,0.0533048258503483,0.03698551732240855
lab009,F3,2026-04-18 10:24:22,HOT->OFF,HOT,OFF,-0.07553376394358756,-0.0075641604986006914,0.24234893376844957,0.14621595273087967
lab009,F3,2026-04-18 10:25:55,OFF->COLD,OFF,COLD,-0.06100018747179306,-0.0070754197416710955,0.2339175545884167,0.12211806658321343
lab009,F3,2026-04-18 10:30:45,COLD->OFF,COLD,OFF,-0.08358373681843592,-0.004162360138240806,0.22824175047965736,0.11852410020509467
lab009,F3,2026-04-18 10:45:57,OFF->HOT,OFF,HOT,0.007436245677081385,0.009795295005535299,0.11676618463116968,0.24523220086783457
lab009,F3,2026-04-18 10:47:11,HOT->OFF,HOT,OFF,-0.049067826352805904,0.01086580094825894,0.10560131116235068,0.26670505480481427
lab009,F3,2026-04-18 10:48:46,HOT->OFF,HOT,OFF,-0.19472576557145221,0.0123736986243557,0.14112119550826419,0.26535102536806615
lab009,F3,2026-04-18 10:51:33,OFF->COLD,OFF,COLD,-0.401031697018683,0.015359571970730257,0.2124421012252723,0.2634208125546382
lab009,F3,2026-04-18 10:55:00,COLD->OFF,COLD,OFF,-0.4241744818593203,0.018789475812784107,0.21217803038578534,0.28929263602006317
lab009,F3,2026-04-18 11:01:23,OFF->HOT,OFF,HOT,-0.1447305205604012,0.01889304096875114,0.24796941569476513,0.3293421125827873
lab009,F3,2026-04-18 17:36:20,HOT->OFF,HOT,OFF,0.07795412863762768,0.0025814901083893727,0.054538650475823895,0.0954363234252366
lab009,F3,2026-04-18 18:30:03,OFF->HOT,OFF,HOT,0.05930163613125208,-0.00389701398450577,0.04681403519326831,0.05227809019899306
lab009,F3,2026-04-18 18:32:10,OFF->HOT,OFF,HOT,0.08699689377280037,-0.004735659344875009,0.05569732008039346,0.08424483036316535
lab009,F3,2026-04-18 18:33:11,OFF->HOT,OFF,HOT,0.08421315625005721,-0.005045182309708963,0.055966049571431115,0.08523192120835682
lab009,F3,2026-04-18 18:34:13,HOT->OFF,HOT,OFF,0.10121195629444185,-0.005265892852826215,0.05148293171543903,0.09062263362689378
lab009,F3,2026-04-18 18:35:18,OFF->HOT,OFF,HOT,0.029734331384392323,-0.005462464201667073,0.06401183761656191,0.06598186395125806
lab009,F3,2026-04-18 19:30:23,OFF->HOT,OFF,HOT,0.06697228257550425,-0.0048758983955879305,0.06342547026728115,0.11291815559607044
lab009,F3,2026-04-18 19:31:24,HOT->OFF,HOT,OFF,0.09815186303605043,-0.005043843307375928,0.06886094646619934,0.10475105432897004
lab009,F3,2026-04-18 19:32:29,OFF->HOT,OFF,HOT,0.13265030767630895,-0.0051316879533735765,0.07238717284851379,0.11447287326453119
lab009,F3,2026-04-18 19:33:41,OFF->HOT,OFF,HOT,0.09951603446273832,-0.005203934980357627,0.07023285418719831,0.09816567032526045
lab009,F3,2026-04-18 20:13:57,OFF->HOT,OFF,HOT,-0.016536977719391888,0.0013058780411205008,0.07357494012299094,0.09857157645262579
lab009,F3,2026-04-18 20:14:58,OFF->HOT,OFF,HOT,0.01685249620343121,0.001082464919770243,0.08105182830896429,0.09653179813731831
lab009,F3,2026-04-18 20:16:07,OFF->HOT,OFF,HOT,0.10770986373899932,0.0007715930525525883,0.15005879342404474,0.11687906378610383
lab009,F3,2026-04-18 20:18:44,HOT->OFF,HOT,OFF,0.0608014671544331,0.00024121683682727378,0.09925985002627588,0.10628675510278311
lab009,F3,2026-04-18 21:01:54,OFF->HOT,OFF,HOT,0.13177078312638424,-0.002501973204262975,0.09140721393372175,0.07060593015942333
lab009,F3,2026-04-18 21:02:56,OFF->HOT,OFF,HOT,0.09340686950745339,-0.0028413260018635535,0.0586737375051428,0.0758959492420031
lab009,F3,2026-04-18 21:04:45,HOT->OFF,HOT,OFF,0.06937490831581253,-0.0032935913998549003,0.10316379423974978,0.0893572772184691
lab009,F3,2026-04-18 21:43:01,OFF->HOT,OFF,HOT,0.10504201746739635,-0.0001612907583570688,0.09059435410794325,0.06918453510516406
lab009,F3,2026-04-18 21:44:03,OFF->HOT,OFF,HOT,0.09759618995817515,-0.0004751594059545062,0.07368410648003135,0.06560928168941668
lab009,F3,2026-04-18 21:45:08,OFF->HOT,OFF,HOT,0.11775661242668087,-0.0008222184365345609,0.07885338439972574,0.07982136882190095
lab009,F3,2026-04-18 21:47:08,HOT->OFF,HOT,OFF,0.1169197506544075,-0.0013518305167517395,0.0778211162311048,0.08067100278567098
lab009,F3,2026-04-18 22:26:49,OFF->HOT,OFF,HOT,-0.002112714580027108,-0.001106907892561626,0.10111949366430192,0.12127569484589891
lab009,F3,2026-04-18 22:27:54,OFF->HOT,OFF,HOT,0.032502253336081505,-0.0014839616380230237,0.07560237925611893,0.08159164221938228
lab009,F3,2026-04-18 22:29:06,HOT->OFF,HOT,OFF,0.08666781082398119,-0.0018729028732710872,0.09647173760742826,0.08429435939908946
lab009,F3,2026-04-18 22:30:49,HOT->OFF,HOT,OFF,0.0776925737474055,-0.0023881698791525354,0.1043959711662124,0.12552437775735134
lab009,F3,2026-04-18 23:10:34,OFF->HOT,OFF,HOT,0.04405677681222786,-0.00010910080083421643,0.10401737443372815,0.11247773523366346
lab009,F3,2026-04-18 23:12:06,HOT->OFF,HOT,OFF,0.10458259313040386,-0.0008874049103300586,0.10634745626043815,0.045662012629960426
lab009,F3,2026-04-18 23:13:39,HOT->OFF,HOT,OFF,0.06507227849224778,-0.00157503134104513,0.07013159167505074,0.10843099782105838
lab009,F3,2026-04-18 23:53:27,OFF->HOT,OFF,HOT,0.04253292356950536,0.001482408441386074,0.09920492115642034,0.10451702259213
lab009,F3,2026-04-18 23:54:39,OFF->HOT,OFF,HOT,0.058870190422983956,0.001042363434887239,0.1156666259260273,0.09967484368717011
lab009,F3,2026-04-18 23:55:41,OFF->HOT,OFF,HOT,0.04652518812848043,0.0006264792294641497,0.11912243265908824,0.11302410265858769
lab009,F3,2026-04-18 23:57:44,HOT->OFF,HOT,OFF,0.07488774628120243,-0.00013657588074040845,0.11388577494096666,0.07801750607992165
lab009,F3,2026-04-19 00:36:17,OFF->HOT,OFF,HOT,0.05652330563951376,-0.0006328841731973343,0.13411482310790052,0.11051550176701365
lab009,F3,2026-04-19 00:37:32,HOT->OFF,HOT,OFF,0.09796090604154016,-0.0012977013039144893,0.12325650749666271,0.11526172483880949
lab009,F3,2026-04-19 00:38:37,HOT->OFF,HOT,OFF,0.15154639964017125,-0.0018416781912370395,0.09038242798088976,0.13619572056720142
lab009,F3,2026-04-19 00:40:37,HOT->OFF,HOT,OFF,0.17306182384797508,-0.00287087097985923,0.0977039576816762,0.15390149908653256
lab009,F3,2026-04-19 01:19:55,OFF->HOT,OFF,HOT,0.08546763667872444,0.0001787303143356178,0.08924690503921918,0.10093898792447917
lab009,F3,2026-04-19 01:21:04,HOT->OFF,HOT,OFF,0.11094224217745605,-0.0002686975823519955,0.1279352377617353,0.07736078383337175
lab009,F3,2026-04-19 01:23:21,HOT->OFF,HOT,OFF,0.055160187359300575,-0.0010229826010175413,0.0843677785206183,0.0975349189584721
lab009,F3,2026-04-19 02:03:44,OFF->HOT,OFF,HOT,0.0992729904740566,-0.0010231939703989616,0.07728247944685637,0.11905072589432526
lab009,F3,2026-04-19 02:05:13,OFF->HOT,OFF,HOT,0.1378850600015779,-0.0018662219321377233,0.11241444958633141,0.13732990815281074
lab009,F3,2026-04-19 02:06:22,HOT->OFF,HOT,OFF,0.18576815761724957,-0.0025489988414674207,0.12925972151551884,0.13173896352408065
lab009,F3,2026-04-19 02:08:28,HOT->OFF,HOT,OFF,0.10372679794788564,-0.003577188258973973,0.12408581896667567,0.11338516807050401
lab009,F3,2026-04-19 02:31:37,OFF->HOT,OFF,HOT,-0.12072998198284357,0.0023716536152223354,0.08915767528617073,0.11859699579635974
lab009,F3,2026-04-19 02:47:42,OFF->HOT,OFF,HOT,0.09479733035806565,-0.0035956370680528815,0.1193921045387799,0.07602315554114365
lab009,F3,2026-04-19 02:48:47,HOT->OFF,HOT,OFF,0.12666674758853072,-0.00424249609326639,0.131591460413211,0.0787909171759133
lab009,F3,2026-04-19 02:49:49,HOT->OFF,HOT,OFF,0.16658092432225208,-0.004807696193173982,0.11356925128140649,0.1317655643926957
lab009,F3,2026-04-19 02:51:59,HOT->OFF,HOT,OFF,0.12839041199435672,-0.005759592659253032,0.11238534284301993,0.11818479612024793
lab009,F3,2026-04-19 03:34:46,OFF->HOT,OFF,HOT,0.13026640009264065,0.00018883234460778144,0.12183051820181001,0.11597374730293822
lab009,F3,2026-04-19 03:36:18,OFF->HOT,OFF,HOT,0.18936600601066894,-0.0012100393262256541,0.10367114569541316,0.15543717993869358
lab009,F3,2026-04-19 03:39:02,HOT->OFF,HOT,OFF,0.2049647857808568,-0.0035169659149930643,0.16085268913645198,0.11882371960095195
lab009,F3,2026-04-19 04:20:37,OFF->HOT,OFF,HOT,0.10864285152932804,-0.0015758279876509464,0.12181391398244279,0.12706517998975617
lab009,F3,2026-04-19 04:22:10,OFF->HOT,OFF,HOT,0.16992767213213744,-0.0027488100493329613,0.0929622441056779,0.15449868284917434
lab009,F3,2026-04-19 04:24:37,HOT->OFF,HOT,OFF,0.16335959311808268,-0.004489524599475825,0.1456840967135029,0.13048324780916776
lab009,F3,2026-04-19 05:03:49,OFF->HOT,OFF,HOT,0.09345558427111289,0.001662380820726961,0.08755001896023212,0.15304815707538172
lab009,F3,2026-04-19 05:04:54,OFF->HOT,OFF,HOT,0.09406048063554648,0.0011720847003807045,0.11277190286470219,0.13991093591705264
lab009,F3,2026-04-19 05:07:24,HOT->OFF,HOT,OFF,0.1530308820469966,2.407326123647906e-05,0.14554370801745992,0.14319947012115627
lab009,F3,2026-04-19 05:45:27,OFF->HOT,OFF,HOT,0.1781557395423194,-0.004226251056464614,0.1463814447516744,0.17823668878101942
lab009,F3,2026-04-19 05:46:29,OFF->HOT,OFF,HOT,0.2262581624639984,-0.0051914150403759235,0.1527796559063407,0.18980016937211744
lab009,F3,2026-04-19 05:47:34,OFF->HOT,OFF,HOT,0.27104201801474004,-0.006218804123875055,0.16634591617784297,0.15457792157728176
lab009,F3,2026-04-19 05:50:11,HOT->OFF,HOT,OFF,0.30535554940801846,-0.008207608454596027,0.1790440393631067,0.22860490238393258
lab009,F3,2026-04-19 06:30:24,OFF->HOT,OFF,HOT,0.10448776924262178,0.0005619060326099934,0.12262503788033181,0.1401298082144879
lab009,F3,2026-04-19 06:31:36,HOT->OFF,HOT,OFF,0.1630767219453137,-0.0002825137301674107,0.17937089122853334,0.11488132914282811
lab009,F3,2026-04-19 06:33:29,HOT->OFF,HOT,OFF,0.09133412813271496,-0.0014124888640961062,0.10164242060426436,0.12353180679475398
lab009,F3,2026-04-19 07:09:23,OFF->HOT,OFF,HOT,0.12347860613482857,-0.002425434437483043,0.1332319547832265,0.20570343115822765
lab009,F3,2026-04-19 07:10:24,HOT->OFF,HOT,OFF,0.1940315447882915,-0.003314510442888974,0.15137186970022917,0.17729023783043985
lab009,F3,2026-04-19 07:12:41,HOT->OFF,HOT,OFF,0.24244436022630117,-0.0050659025311494245,0.14025519081088902,0.2295892235135666
lab009,F3,2026-04-19 07:48:52,OFF->HOT,OFF,HOT,0.1528480552381216,0.0019011929211600886,0.1414474146287012,0.25964424777363376
lab009,F3,2026-04-19 07:49:58,HOT->OFF,HOT,OFF,0.2984134487001006,0.0009530545615793694,0.2352834084868189,0.23711793156782288
lab009,F3,2026-04-19 07:53:09,HOT->OFF,HOT,OFF,0.2663602240284393,-0.0017264827128569585,0.17158428108150486,0.18071853862522494
lab009,F3,2026-04-19 07:57:03,OFF->HOT,OFF,HOT,0.0787829171246599,-0.0034479856233631256,0.26607072154915057,0.11637006612699374
lab009,F3,2026-04-19 08:27:18,OFF->HOT,OFF,HOT,0.2022147411280577,-0.0015351975341702851,0.18084158126452415,0.1788871349082274
lab009,F3,2026-04-19 08:28:43,OFF->HOT,OFF,HOT,0.21386259447675168,-0.0026797319856073365,0.11905337526901476,0.24773532047749372
lab009,F3,2026-04-19 08:31:48,HOT->OFF,HOT,OFF,0.28001849611204777,-0.004838549796037883,0.15650726765304565,0.2827956623911404
lab009,F3,2026-04-19 09:07:29,OFF->HOT,OFF,HOT,0.17599387935173139,-0.001671797749788917,0.17228639218944414,0.20637801079464543
lab009,F3,2026-04-19 09:08:47,HOT->OFF,HOT,OFF,0.26109736928735516,-0.0029282087065628294,0.2266515724018816,0.1510994297028357
lab009,F3,2026-04-19 09:10:27,HOT->OFF,HOT,OFF,0.28865240249912094,-0.004403536543561381,0.24249281583288593,0.12305841807871444
lab009,F3,2026-04-19 09:42:18,OFF->HOT,OFF,HOT,0.2667800703153456,0.0020648951764285603,0.15900991266666778,0.31502978184684644
lab009,F3,2026-04-19 09:43:23,OFF->HOT,OFF,HOT,0.40980078402574094,0.0016630602446277456,0.24780578993807673,0.34695383620557174
lab009,F3,2026-04-19 09:45:16,HOT->OFF,HOT,OFF,0.24932811811686725,0.0011389835175295905,0.2626476431589731,0.19266468007762683
lab009,F3,2026-04-19 10:19:48,OFF->HOT,OFF,HOT,0.4104666313871689,-0.007940659437774666,0.17906443490167823,0.4500024205489725
lab009,F3,2026-04-19 10:21:24,OFF->HOT,OFF,HOT,0.6664602435916295,-0.010062350432565426,0.2243666990419904,0.6470203799939466
lab009,F3,2026-04-19 10:24:02,HOT->OFF,HOT,OFF,0.8859929013819948,-0.012292914367593744,0.2204970835786837,0.8504221398648609
lab009,F3,2026-04-19 11:03:18,OFF->HOT,OFF,HOT,-0.21505979918368112,-0.06534973496084136,1.3136839962071618,1.447271557970405
lab009,F3,2026-04-19 11:04:23,OFF->HOT,OFF,HOT,-0.20868732838257142,-0.0792012319576004,1.29195166336552,1.4348484907367194
lab009,F3,2026-04-19 11:07:11,HOT->OFF,HOT,OFF,0.06233908708022806,-0.1158675649736511,1.3668162287249699,1.2328951301624769
lab009,F3,2026-04-19 11:49:59,OFF->HOT,OFF,HOT,0.9517017346768815,0.4093708538933051,2.5497699895055357,1.62448659576455
lab009,F3,2026-04-19 11:51:04,OFF->HOT,OFF,HOT,1.0010861236306412,0.38268252923314233,2.5083582428097673,1.5177345507673705
lab009,F3,2026-04-19 11:52:09,HOT->OFF,HOT,OFF,1.0775121211804366,0.355446416020227,2.4623159607852787,1.3908646442991086
lab009,F3,2026-04-19 11:53:35,HOT->OFF,HOT,OFF,1.0738926781733276,0.3155345040933755,2.3573645274121224,1.2877387185571307
lab009,F3,2026-04-19 12:39:27,OFF->HOT,OFF,HOT,0.20029176409054072,-0.09766877065199596,0.19606339333453082,0.2906670501498947
lab009,F3,2026-04-19 12:40:59,OFF->HOT,OFF,HOT,0.23460283548656125,-0.08237317155455558,0.05479384441412027,0.25831357428811486
lab009,F3,2026-04-19 12:42:04,HOT->OFF,HOT,OFF,0.28630145816649655,-0.07196294006135733,0.07758589316696426,0.2966414808248418
lab009,F3,2026-04-19 12:43:33,HOT->OFF,HOT,OFF,0.33936146238739584,-0.05813562890259219,0.1075147761057137,0.30703044822077263
lab009,F3,2026-04-19 14:20:02,OFF->HOT,OFF,HOT,0.46028664830845784,-0.04671881008540511,0.4723850649859533,0.20958369002292426
lab009,F3,2026-04-19 14:22:13,OFF->HOT,OFF,HOT,0.5265728808046019,-0.06203426377162878,0.38194582035636837,0.22899691797512323
lab009,F3,2026-04-19 14:23:18,OFF->HOT,OFF,HOT,0.569643367472452,-0.06864334699291054,0.3388942163693182,0.2863621500719374
lab009,F3,2026-04-19 14:24:43,HOT->OFF,HOT,OFF,0.5366228356870704,-0.07645130760583596,0.2672326733070609,0.38159795322369217
lab009,F3,2026-04-19 15:21:15,OFF->HOT,OFF,HOT,0.5738874321190504,-0.02423224684534471,0.25819898926078694,0.5188721805992874
lab009,F3,2026-04-19 15:22:19,OFF->HOT,OFF,HOT,2.7850855443693927,-0.02630094445794586,0.36597981640692867,7.6919602064315775
lab009,F3,2026-04-19 15:23:34,HOT->OFF,HOT,OFF,4.035350204738477,-0.028319651668497176,0.2622072948449618,8.465561476112654
lab009,F3,2026-04-19 15:24:39,OFF->HOT,OFF,HOT,2.7913004962702974,-0.029660225191453775,0.26728429723326086,7.679761004888235
lab009,F3,2026-04-19 17:31:42,OFF->COLD,OFF,COLD,-0.907103660894046,-0.05927481060454154,0.8019690764603463,0.15226144731144106
lab009,F3,2026-04-19 17:33:04,COLD->OFF,COLD,OFF,-0.8346252277345478,-0.05543742085132419,0.7612163402715821,0.14361138999473755
lab009,F3,2026-04-19 18:35:40,OFF->COLD,OFF,COLD,-0.13555577291965715,0.017732175514656046,0.08947818320152484,0.16161385838971812
lab009,F3,2026-04-19 18:42:01,OFF->COLD,OFF,COLD,-0.1990522722310279,0.018659574415139858,0.09955846754180048,0.18500607041206596
lab009,F3,2026-04-19 18:43:02,COLD->OFF,COLD,OFF,-0.1984732713019053,0.01839381404544356,0.09484868111043757,0.18854359698132747
lab009,F3,2026-04-19 19:12:36,OFF->COLD,OFF,COLD,-0.2304554087287065,-0.000265039600489958,0.13387599629632127,0.14746057783232305
lab009,F3,2026-04-19 19:13:43,OFF->COLD,OFF,COLD,-0.23046859373954348,-0.00021022589168877455,0.0982809675636622,0.15643122798579037
lab009,F3,2026-04-19 19:41:58,OFF->COLD,OFF,COLD,0.014881024776986964,-0.006832088350362131,0.04899943035094493,0.09207621924845547
lab009,F3,2026-04-19 19:42:59,COLD->OFF,COLD,OFF,0.03865873906829669,-0.006760443083530188,0.061321167057384336,0.08347632978289134
lab009,F3,2026-04-19 19:50:04,OFF->COLD,OFF,COLD,-0.12871853474624073,-0.005846350503334685,0.05099531095626731,0.2121172442227725
lab009,F3,2026-04-19 19:54:24,OFF->COLD,OFF,COLD,-0.21098365988416257,-0.0049353856291997735,0.08529736694106516,0.16946395159301483
lab009,F3,2026-04-19 20:29:12,OFF->COLD,OFF,COLD,-0.8999544872168335,0.023647204537755685,0.4955833212459242,0.43131564866449923
lab009,F3,2026-04-19 22:18:23,OFF->HOT,OFF,HOT,0.2523248614347731,0.00034684544226673,0.15918653571996294,0.18379712984592048
lab009,F3,2026-04-19 22:19:29,HOT->OFF,HOT,OFF,0.32561551684121404,-0.0004057985534648978,0.18016376736349393,0.2074276921112168
lab009,F3,2026-04-19 22:21:00,HOT->OFF,HOT,OFF,0.2104450525681814,-0.0010258349836337333,0.13752087087999343,0.1606691668334481
lab009,F3,2026-04-19 23:08:50,OFF->HOT,OFF,HOT,0.2247613875313568,-0.0011345724707226609,0.16272034883324274,0.19897065808066416
lab009,F3,2026-04-19 23:10:43,OFF->HOT,OFF,HOT,0.2512391350479351,-0.0021620562859662636,0.1411357664996596,0.18576833723964034
lab009,F3,2026-04-19 23:12:20,HOT->OFF,HOT,OFF,0.32553531387047535,-0.003191403905668787,0.19667967664031988,0.20578342224085042
lab009,F3,2026-04-19 23:54:47,OFF->HOT,OFF,HOT,0.3619323889607411,-0.004299944490086016,0.23266487926812304,0.23068802441704528
lab009,F3,2026-04-19 23:55:49,OFF->HOT,OFF,HOT,0.36797238175862246,-0.004861399394144294,0.24637435017921774,0.20642700757089544
lab009,F3,2026-04-19 23:57:48,HOT->OFF,HOT,OFF,0.34255155685314687,-0.005723598247420169,0.23999072411637307,0.1948404044074568
lab009,F3,2026-04-20 00:41:09,OFF->HOT,OFF,HOT,0.1420175524646652,0.00036101845730465145,0.12821701033164637,0.15847605714130375
lab009,F3,2026-04-20 00:43:05,HOT->OFF,HOT,OFF,0.19601572808846202,-0.0007257768581654831,0.15514720284776176,0.1355610712240446
lab009,F3,2026-04-20 01:21:18,OFF->HOT,OFF,HOT,0.11634639031746292,-0.00030600342030475693,0.129993287216751,0.1263853787362245
lab009,F3,2026-04-20 01:22:20,HOT->OFF,HOT,OFF,0.0753937157237338,-0.0005034968121575998,0.12534246479714092,0.12938090241966488
lab009,F3,2026-04-20 01:23:42,HOT->OFF,HOT,OFF,0.17545515607848272,-0.0008433655599488612,0.14806075435841767,0.13120726415495781
lab009,F3,2026-04-20 01:25:00,HOT->OFF,HOT,OFF,0.19451400451243747,-0.0010015265779045102,0.10664545313503603,0.19504744596560802
lab009,F3,2026-04-20 02:08:47,OFF->HOT,OFF,HOT,0.21491864657255533,-0.0021833035967320225,0.08021460016304421,0.2188551467946445
lab009,F3,2026-04-20 02:10:43,HOT->OFF,HOT,OFF,0.1689596782703281,-0.002966339819744057,0.11584684255490083,0.14786383699072042
lab009,F3,2026-04-20 02:22:38,OFF->HOT,OFF,HOT,-0.054580259039886926,-0.0020159168682772678,0.1104266100492406,0.13389623271144693
lab009,F3,2026-04-20 02:48:39,OFF->HOT,OFF,HOT,0.26163285527765334,-0.0008220607093599064,0.19216086341174146,0.2278532693304945
lab009,F3,2026-04-20 02:49:45,HOT->OFF,HOT,OFF,0.24831648771032108,-0.001290167498504724,0.17839821420892196,0.1869488855762517
lab009,F3,2026-04-20 02:51:23,HOT->OFF,HOT,OFF,0.2651120080291147,-0.0018973455980424436,0.19446097513274402,0.18957582552470734
lab009,F3,2026-04-20 03:31:23,OFF->HOT,OFF,HOT,0.161872570124877,-0.00195460397241769,0.16376586130535595,0.16754163592463808
lab009,F3,2026-04-20 03:32:25,OFF->HOT,OFF,HOT,0.23493134537967067,-0.0023150673053133897,0.18013687487640204,0.2025801015000988
lab009,F3,2026-04-20 03:33:36,HOT->OFF,HOT,OFF,0.2773769896800046,-0.0026272630751043025,0.1843585021661791,0.2157161179231199
lab009,F3,2026-04-20 04:11:22,OFF->HOT,OFF,HOT,0.15439809182023947,-9.183885423569163e-06,0.12650648703651385,0.24527784233227934
lab009,F3,2026-04-20 04:12:25,OFF->HOT,OFF,HOT,0.18717033574460135,-0.0004405339201214,0.14428649394972007,0.22211592580274991
lab009,F3,2026-04-20 04:13:27,HOT->OFF,HOT,OFF,0.2326573054682257,-0.0008371533936132991,0.1713433904270928,0.13437734637488286
lab009,F3,2026-04-20 04:15:23,HOT->OFF,HOT,OFF,0.15662193128627536,-0.0014843163289436135,0.16427964554563626,0.14122108921766469
lab009,F3,2026-04-20 04:52:18,OFF->HOT,OFF,HOT,0.24254261753486275,-0.0021772499903338184,0.1612504136802276,0.1931281287273836
lab009,F3,2026-04-20 04:53:33,HOT->OFF,HOT,OFF,0.3439855468038455,-0.002619161498747191,0.19329895049708884,0.24010527196959294
lab009,F3,2026-04-20 04:54:41,HOT->OFF,HOT,OFF,0.2826722745505398,-0.0029752090191328406,0.2023924854968931,0.2267894012353772
lab009,F3,2026-04-20 05:29:33,OFF->HOT,OFF,HOT,0.09112795382997896,0.0006230863004064613,0.12782218048329824,0.1468805619483815
lab009,F3,2026-04-20 05:30:46,OFF->HOT,OFF,HOT,0.1769886696237405,0.00011401684200236235,0.15986563878217663,0.13233689768691353
lab009,F3,2026-04-20 05:32:42,HOT->OFF,HOT,OFF,0.1781328699822891,-0.0007161332618417224,0.16474970584261106,0.1445817348055288
lab009,F3,2026-04-20 06:07:19,OFF->HOT,OFF,HOT,0.12835138242747257,-0.0005884910978904756,0.14280354528168987,0.17182374152380517
lab009,F3,2026-04-20 06:08:21,HOT->OFF,HOT,OFF,0.20796503086395632,-0.0008888796277419341,0.15331422813538403,0.16117091649208803
lab009,F3,2026-04-20 06:10:09,HOT->OFF,HOT,OFF,0.2893077723187814,-0.0013772084809127172,0.22203612450858806,0.18970569041210203
lab009,F3,2026-04-20 06:44:56,OFF->HOT,OFF,HOT,0.20069723571447923,-0.0016488579912032897,0.16856374082553308,0.2022182775265107
lab009,F3,2026-04-20 06:46:05,HOT->OFF,HOT,OFF,0.17131504403541353,-0.0019922734602708216,0.11393976988119038,0.2205775994931833
lab009,F3,2026-04-20 06:48:27,HOT->OFF,HOT,OFF,0.16028518407277054,-0.0025345679805264696,0.13663216045898954,0.17352627509090726
lab009,F3,2026-04-20 07:23:11,OFF->HOT,OFF,HOT,0.3117888384923175,0.0035079566249417663,0.16556036926406434,0.36623265865538784
lab009,F3,2026-04-20 07:26:15,HOT->OFF,HOT,OFF,0.093203837365284,0.003906368469049681,0.19815182853286384,0.28097732893215727
lab009,F3,2026-04-20 08:03:08,OFF->HOT,OFF,HOT,1.075526021710556,-0.034715410666586705,0.545195357952794,0.6843789093315489
lab009,F3,2026-04-20 08:04:53,HOT->OFF,HOT,OFF,1.2798118665594616,-0.038593476568708374,0.46101348097164135,1.014446997282826
lab009,F3,2026-04-20 08:49:24,OFF->HOT,OFF,HOT,-0.22700550593246777,0.03764904301220358,0.27121483578590067,0.4167535938664047
lab009,F3,2026-04-20 09:06:22,OFF->HOT,OFF,HOT,0.2376604020365648,-0.019094818985941633,0.4052611877658346,0.3995417480355738
lab009,F3,2026-04-20 09:07:23,OFF->HOT,OFF,HOT,0.1455677345373304,-0.0226984834789345,0.3706717234761729,0.3984098893027583
lab009,F3,2026-04-20 09:08:27,OFF->HOT,OFF,HOT,0.08647961892469269,-0.026421063974812274,0.378958632158988,0.4553568378300584
lab009,F3,2026-04-20 09:55:47,OFF->HOT,OFF,HOT,-0.08771385973418444,0.1188392389473544,1.0631880289164224,1.149739769250233
lab009,F3,2026-04-20 09:59:17,HOT->OFF,HOT,OFF,-0.11069876103290666,0.12429919299703363,1.016663291686455,1.122009956229395
lab009,F3,2026-04-20 11:06:04,OFF->HOT,OFF,HOT,0.1447072589281425,-0.005140050813471197,0.16096057014291648,0.08608679190370949
lab009,F3,2026-04-20 11:07:30,OFF->HOT,OFF,HOT,0.14627597954242644,-0.004369100117085089,0.16948472181978716,0.08280510700633675
lab009,F3,2026-04-20 11:09:23,HOT->OFF,HOT,OFF,0.10387740945357712,-0.004342635036463659,0.17241601202953125,0.06239770404180406
lab009,F3,2026-04-20 12:00:03,OFF->COLD,OFF,COLD,-0.3169023452758467,0.0179975248532475,0.20568590639433243,0.2403284059929911
lab009,F3,2026-04-20 12:13:31,COLD->OFF,COLD,OFF,0.07806982983890581,0.011586138089361042,0.22336062863006453,0.15694012523030026
lab009,F3,2026-04-20 12:22:15,OFF->HOT,OFF,HOT,0.22550315992702097,-0.00010475116426955644,0.1480751919771093,0.14535184004598073
lab009,F3,2026-04-20 12:24:55,HOT->OFF,HOT,OFF,0.18707760424219916,-0.0032156546705357503,0.21236462272773812,0.10714498527225177
lab009,F3,2026-04-20 12:31:10,OFF->COLD,OFF,COLD,-0.07544280638482806,-0.008060151074329846,0.1468272229787549,0.08406251594184809
lab009,F3,2026-04-20 12:34:03,COLD->OFF,COLD,OFF,-0.223942033673932,-0.009356234700639,0.15865330034622097,0.14361416028825508
lab009,F3,2026-04-20 12:50:47,OFF->HOT,OFF,HOT,0.24973641271361285,-0.015285428479700623,0.15082458001279864,0.2457501849021034
lab009,F3,2026-04-20 12:51:48,HOT->OFF,HOT,OFF,0.20418098965108156,-0.015400569232966422,0.13503430414034134,0.26881228599858936
lab009,F3,2026-04-20 12:52:52,OFF->HOT,OFF,HOT,0.1547507139030722,-0.015431370399108534,0.13367650041359425,0.2431829099254692
lab009,F3,2026-04-20 12:54:22,HOT->OFF,HOT,OFF,-0.07769092761046556,-0.01540973532930734,0.14265562036659743,0.19459437973893043
lab009,F3,2026-04-20 12:59:50,OFF->COLD,OFF,COLD,-0.11348734525717286,-0.013619402882840139,0.21112009271929524,0.2613187543165045
lab009,F3,2026-04-20 13:03:44,COLD->OFF,COLD,OFF,0.17940038047292292,-0.011869515121439146,0.27728757658782094,0.32667283151114657
lab009,F3,2026-04-20 13:23:23,OFF->HOT,OFF,HOT,0.1379594166683593,0.011690837177203296,0.23372528588163152,0.3013942728458231
lab009,F3,2026-04-20 13:24:50,OFF->HOT,OFF,HOT,0.20972280782472796,0.013719818405089823,0.17595676108570774,0.32780971204726217
lab009,F3,2026-04-20 14:35:10,OFF->COLD,OFF,COLD,0.8181280760857583,-0.19698622323368428,1.6669361109588956,2.397443418005283
lab009,F3,2026-04-20 14:37:15,OFF->COLD,OFF,COLD,0.11595599295735926,-0.17664532878300535,2.007523220412821,2.112165946211986
lab009,F3,2026-04-20 14:38:26,OFF->COLD,OFF,COLD,-0.3887212496566994,-0.16332059321437487,2.2687348193883423,1.9330899548051848
lab009,F3,2026-04-20 14:39:52,OFF->COLD,OFF,COLD,-1.013952789277361,-0.14167691643812114,2.463644470408055,1.6270868407925223
lab009,F3,2026-04-20 14:41:21,OFF->COLD,OFF,COLD,-1.4954455551252535,-0.12267036228134365,2.6128260399771874,1.3251411373100097
lab009,F3,2026-04-20 14:42:25,OFF->COLD,OFF,COLD,-1.711808825330419,-0.10461802876886206,2.7015799207395155,1.1053801743202547
lab009,F3,2026-04-20 14:47:38,COLD->OFF,COLD,OFF,-1.5037133067284518,-0.012725526944871224,2.2320997148249706,0.6523885280445797
lab009,F3,2026-04-20 16:34:45,OFF->COLD,OFF,COLD,-0.6430981466554772,-0.11881003554906339,1.0252789990327604,0.4370790306981025
lab009,F3,2026-04-20 16:35:56,OFF->COLD,OFF,COLD,-0.7262714315026392,-0.10617829212330969,1.0561618108260389,0.46035145295887747
lab009,F3,2026-04-20 16:37:11,OFF->COLD,OFF,COLD,-0.6341747794034583,-0.0968324895203617,0.9550252579756098,0.4388977210603022
lab009,F3,2026-04-20 16:38:12,OFF->COLD,OFF,COLD,-0.6259568743082518,-0.09075849285370516,0.9019053847672334,0.39255119348805995
lab009,F3,2026-04-20 16:39:23,COLD->OFF,COLD,OFF,-0.7485559565038288,-0.07891625578918435,0.8503555526444474,0.2533973949369112
lab009,F3,2026-04-20 16:40:29,COLD->OFF,COLD,OFF,-0.7367761595782105,-0.06797921700708374,0.7750863160720199,0.2960717137419222
lab009,F3,2026-04-20 16:41:37,COLD->OFF,COLD,OFF,-0.7563016477973896,-0.05676521940059044,0.6826197358401669,0.2641402607234206
lab009,F3,2026-04-20 16:42:59,COLD->OFF,COLD,OFF,-0.7366568988935859,-0.04507420371510876,0.6383596323263513,0.2842635257913019
lab009,F3,2026-04-21 00:52:51,OFF->HOT,OFF,HOT,0.6755357863718557,-0.016437550104456203,0.48335694593914147,0.702811150633737
lab009,F3,2026-04-21 00:54:41,OFF->HOT,OFF,HOT,0.8999371445531308,-0.01983686064149488,0.6121947989039,0.5311628820393037
lab009,F3,2026-04-21 00:56:24,OFF->HOT,OFF,HOT,0.7663062324342516,-0.022573254451630297,0.5435799625122084,0.5710882690440906
lab009,F3,2026-04-21 00:57:24,OFF->HOT,OFF,HOT,0.6889430108175587,-0.023957829118205876,0.486037565939895,0.5702810297228316
lab009,F3,2026-04-21 02:49:31,OFF->HOT,OFF,HOT,0.6847653972495792,-0.03180913947110122,0.35810981555547955,0.7860490403836218
lab009,F3,2026-04-21 02:50:32,OFF->HOT,OFF,HOT,0.7453707033157055,-0.032415610032694,0.4226455384801814,0.7632962755387502
lab009,F3,2026-04-21 02:51:35,HOT->OFF,HOT,OFF,1.0531501043974656,-0.03304988881065496,0.4927862141258718,0.8306012374408989
lab009,F3,2026-04-21 03:02:00,OFF->COLD,OFF,COLD,-0.5108250663768221,-0.02223791356464995,0.8821058459545634,0.31928290493784117
lab009,F3,2026-04-21 03:03:51,OFF->COLD,OFF,COLD,-0.42371373191214196,-0.017531069719809087,0.725036775441314,0.4547220687542343
lab009,F3,2026-04-21 04:32:59,OFF->HOT,OFF,HOT,0.674767016711746,-0.007412060544986509,0.34159117509218767,1.533512829864191
lab009,F3,2026-04-21 04:35:04,OFF->HOT,OFF,HOT,0.5467398034727831,-0.005623126270524903,0.31674052184792695,1.6824963806391589
lab009,F3,2026-04-21 04:37:01,HOT->OFF,HOT,OFF,0.299482249686565,-0.0030996635972305063,0.30056738318359166,1.1601490782768298
lab009,F3,2026-04-21 04:41:30,OFF->COLD,OFF,COLD,-1.0393287062039143,0.00570971861404077,1.1007336613327634,0.5511957900722653
lab009,F3,2026-04-21 04:45:07,COLD->OFF,COLD,OFF,-1.2048339510156254,0.011819265464922603,1.6480085341289403,0.6381058078887196
lab009,F3,2026-04-21 04:57:30,OFF->HOT,OFF,HOT,1.2197537358273034,0.004977904523415955,0.7261616800823326,1.3158135276892426
lab009,F3,2026-04-21 04:58:33,HOT->OFF,HOT,OFF,1.1333756491905005,0.0030076197703635885,0.7362653653733985,1.3129653553978753
lab009,F3,2026-04-21 05:00:55,HOT->OFF,HOT,OFF,0.3065817209860073,0.00011986166461008807,1.3840125610059089,1.0114332893873932
lab009,F3,2026-04-21 05:05:03,OFF->COLD,OFF,COLD,-1.0828234833971984,-0.0033089030686547,1.4860101784454087,0.8451787567107713
lab009,F3,2026-04-21 05:08:19,COLD->OFF,COLD,OFF,-1.124479731028759,-0.003261555761826518,1.100072126943687,0.8098632406477722
lab009,F3,2026-04-21 05:20:08,OFF->HOT,OFF,HOT,1.3353671341335323,-0.021690602770380173,0.7877947169474253,0.8469797788286286
lab009,F3,2026-04-21 05:22:48,HOT->OFF,HOT,OFF,1.3297842506269144,-0.027930282212209966,0.8007464370459139,0.8306116327888858
lab009,F3,2026-04-21 05:29:33,OFF->COLD,OFF,COLD,0.047340744944923574,-0.03215969908448528,0.9785443484798098,0.6053465628617926
lab009,F3,2026-04-21 06:45:47,OFF->HOT,OFF,HOT,0.8353521912275964,-0.02931044477151703,0.5980048879205246,0.5948135210244024
lab009,F3,2026-04-21 06:47:09,HOT->OFF,HOT,OFF,1.306091369724986,-0.03189608408860787,0.6309199960601031,0.8482571268211822
lab009,F3,2026-04-21 06:49:03,HOT->OFF,HOT,OFF,0.9908793156725091,-0.03481287564144448,0.5005968704297443,0.7689507444852659
lab009,F3,2026-04-21 08:03:12,OFF->HOT,OFF,HOT,4.517120682043531,-0.1363113796584834,2.523898200362977,2.7299092814475956
lab009,F3,2026-04-21 08:04:44,OFF->HOT,OFF,HOT,5.458734790195846,-0.15200287747489005,2.507255749103095,3.2620764209900455
lab009,F3,2026-04-21 08:06:15,HOT->OFF,HOT,OFF,5.375285915756798,-0.16516338862655155,2.306011285094457,3.303215897416823
lab009,F3,2026-04-21 08:22:49,OFF->COLD,OFF,COLD,-1.1705503090617129,-0.06482460605067075,2.8738513344325387,1.5577998079107738
lab009,F3,2026-04-21 08:28:45,OFF->COLD,OFF,COLD,-1.0487736706679174,0.01528265449558086,1.086188727740603,1.4508086389099686
lab009,F3,2026-04-21 08:29:50,COLD->OFF,COLD,OFF,-1.576135492377753,0.030532586192123484,1.3398766042522081,1.516675205850922
lab009,F3,2026-04-21 08:31:13,OFF->COLD,OFF,COLD,-2.2187560574877123,0.04395549857713632,1.4270995823377157,1.5569511232805577
lab009,F3,2026-04-21 08:33:11,OFF->COLD,OFF,COLD,-2.94918902486176,0.0666001404805204,1.690034287496155,1.645998729076924
lab009,F3,2026-04-21 09:28:01,OFF->COLD,OFF,COLD,-0.9954180142876434,0.039409126537518255,0.9304694016709617,0.8096703854622613
lab009,F3,2026-04-21 09:29:35,COLD->OFF,COLD,OFF,-1.373635893869609,0.03984955488390707,0.9822346704291194,0.8974755771224785
lab009,F3,2026-04-21 10:01:48,OFF->COLD,OFF,COLD,-1.4825641698635252,-0.0596681282216105,0.518102923372782,2.302872426046607
lab009,F3,2026-04-21 10:03:30,OFF->COLD,OFF,COLD,-2.674371491311831,-0.060254709309269565,0.6600770478306672,2.8314008039026146
lab009,F3,2026-04-21 10:04:48,COLD->OFF,COLD,OFF,-3.251139398567637,-0.058882525440014176,0.7525830753955021,3.013491153659538
lab009,F3,2026-04-21 10:09:10,COLD->OFF,COLD,OFF,-3.3031948107292624,-0.05956368713465778,1.4285501523407693,3.2583653966168185
lab009,F3,2026-04-21 10:22:07,OFF->HOT,OFF,HOT,11.90829672419838,-0.13263207381029646,3.3044907168011326,12.284133003257505
lab009,F3,2026-04-21 10:23:40,HOT->OFF,HOT,OFF,4.531182578787501,-0.12510677918544333,7.37636154137859,7.626481440960632
lab009,F3,2026-04-21 10:28:27,OFF->COLD,OFF,COLD,-4.203402464336021,-0.06971067886816903,10.431152700251083,0.9079695935608635
lab009,F3,2026-04-21 10:32:41,COLD->OFF,COLD,OFF,-9.730253341868845,0.008604443670106224,12.21253651425549,1.427267337868114
lab009,F3,2026-04-21 12:35:15,OFF->COLD,OFF,COLD,-0.4489953093536959,0.03539337079481453,0.4073483187858622,0.8351607202563629
lab009,F3,2026-04-21 12:37:20,OFF->COLD,OFF,COLD,-0.5810911281293558,0.0379424171211243,0.4887061024098318,0.803190507222636
lab009,F3,2026-04-21 12:38:42,COLD->OFF,COLD,OFF,-0.8925894177064542,0.039190658995508845,0.5601411817954266,0.6149426775673251
lab009,F3,2026-04-21 12:43:11,COLD->OFF,COLD,OFF,-0.41011020123038616,0.04203179803200457,0.7088753613602201,0.5362419716305435
lab009,F3,2026-04-21 13:03:42,OFF->HOT,OFF,HOT,1.1225588460249294,-0.0068093302623353225,0.5541701496668597,1.0498794847236148
lab009,F3,2026-04-21 13:05:21,OFF->HOT,OFF,HOT,0.889758236692213,-0.011782866195580416,0.49452028938821163,1.1839374349748322
lab009,F3,2026-04-21 13:06:23,OFF->HOT,OFF,HOT,0.7483004573199582,-0.013274206436263515,0.39075511574836175,1.1896331315413606
lab009,F3,2026-04-21 13:12:07,OFF->COLD,OFF,COLD,-0.9667817648414495,-0.014117440987461323,1.1111006514853008,0.6170859754122328
lab009,F3,2026-04-21 13:16:36,COLD->OFF,COLD,OFF,-0.7813398147373252,-0.009466282386218917,1.1438435545589707,0.40845169266426007
lab009,F3,2026-04-21 13:34:13,OFF->HOT,OFF,HOT,0.8275429033642251,-0.012054145122312357,0.4430354630569584,1.098193605397924
lab009,F3,2026-04-21 13:35:30,OFF->HOT,OFF,HOT,0.7804770561288608,-0.012955746212334682,0.5000063331445178,1.036512394408878
lab009,F3,2026-04-21 13:36:37,HOT->OFF,HOT,OFF,0.21431083633078538,-0.013180175690582854,0.5031583160904424,0.6026629061810769
lab009,F3,2026-04-21 13:42:00,OFF->COLD,OFF,COLD,-0.7990205715608586,-0.010390046159822308,1.0795779747366057,0.44625291234765835
lab009,F3,2026-04-21 13:45:55,COLD->OFF,COLD,OFF,-0.6689519650280851,-0.007671416738152326,0.9858381487066873,0.3819135093785909
lab009,F3,2026-04-21 14:06:57,OFF->HOT,OFF,HOT,0.3284931074583389,-0.016544378187112675,0.41331747688630815,0.37368235703160685
lab009,F3,2026-04-21 14:08:32,OFF->HOT,OFF,HOT,0.28215445716570864,-0.017103396407223047,0.39061306867453766,0.3632325961023498
lab009,F3,2026-04-21 14:09:46,OFF->HOT,OFF,HOT,0.2375792163907858,-0.0173897380746074,0.287269444534463,0.37716189646493753
lab009,F3,2026-04-21 15:21:07,OFF->COLD,OFF,COLD,-0.25552399070785464,-0.014657122321150951,0.5748895566841081,0.9894175281861765
lab009,F3,2026-04-21 15:22:07,OFF->COLD,OFF,COLD,-0.5065272987469895,-0.017232495043921457,0.5700940040943661,1.113977618712516
lab009,F3,2026-04-21 15:23:09,COLD->OFF,COLD,OFF,-0.8694311982033653,-0.02011575399525247,0.5677108918361914,1.3186301941016332
lab009,F3,2026-04-21 15:28:35,COLD->OFF,COLD,OFF,3.9653478980500867,-0.03811771306393115,0.8293934495561016,9.934445700689409
lab009,F3,2026-04-21 15:36:35,OFF->HOT,OFF,HOT,6.190349708498733,-0.0473347334736622,1.30431604412998,10.062682393457214
lab009,F3,2026-04-21 15:38:45,HOT->OFF,HOT,OFF,-0.8412152785214709,-0.0353863505216312,7.376992402841829,2.1028604447552013
lab009,F3,2026-04-21 15:42:37,OFF->COLD,OFF,COLD,-5.83340541958883,0.002609675727861485,10.049885937196336,1.1922310776223277
lab009,F3,2026-04-21 15:47:14,COLD->OFF,COLD,OFF,-5.7710088285896095,0.05573456225888958,9.84223891080821,0.9747686567045424
lab009,F3,2026-04-21 18:27:11,OFF->COLD,OFF,COLD,0.31609773136987773,0.007078862157932564,0.3425651102154598,0.6229986797828858
lab009,F3,2026-04-21 18:32:50,OFF->COLD,OFF,COLD,-0.42513574893439415,0.012725418385920718,0.33765476629919505,0.8950262756594815
lab009,F3,2026-04-21 18:34:12,OFF->COLD,OFF,COLD,-0.44034756830526406,0.012849925651112669,0.38846204624492126,0.7372088055704067
lab009,F3,2026-04-21 18:35:31,OFF->COLD,OFF,COLD,-0.5347219850490715,0.01321344088354981,0.480220309706335,0.6249914657020613
lab009,F3,2026-04-21 18:39:27,COLD->OFF,COLD,OFF,-0.6737668008463132,0.017321053083070657,0.6675593339925506,0.43669732624454466
lab009,F3,2026-04-21 18:40:39,COLD->OFF,COLD,OFF,-0.5425848846883445,0.018054940954481017,0.8044792145883479,0.4662736100488106
lab009,F3,2026-04-21 18:57:55,OFF->HOT,OFF,HOT,0.6398506566287537,-0.0058480698138679635,0.4626736606666359,0.8895500096052485
lab009,F3,2026-04-21 18:58:55,HOT->OFF,HOT,OFF,0.6221121722910417,-0.007055482958849342,0.4678323837517075,0.9042291815602743
lab009,F3,2026-04-21 19:01:10,HOT->OFF,HOT,OFF,0.20539844299711768,-0.010035186693343558,0.39959942536312215,0.8406734815954329
lab009,F3,2026-04-21 19:05:28,OFF->COLD,OFF,COLD,-0.7557443720242003,-0.01188764961711248,0.6294556015777059,0.5925855098567637
lab009,F3,2026-04-21 19:09:13,COLD->OFF,COLD,OFF,-0.518368320969549,-0.01198160674114521,0.902050292139291,0.3460913183803725
lab009,F3,2026-04-21 19:24:25,OFF->HOT,OFF,HOT,0.335670080757096,-0.01795453177169648,0.240314595241295,0.7501482077822712
lab009,F3,2026-04-21 19:26:08,OFF->HOT,OFF,HOT,0.13339907206714266,-0.017725497641867528,0.2723240702015981,0.8621005771488444
lab009,F3,2026-04-21 19:28:41,HOT->OFF,HOT,OFF,-0.045361164335388615,-0.016384508859068437,0.27345127375693357,0.7465774679912632
lab009,F3,2026-04-21 19:32:29,OFF->COLD,OFF,COLD,-0.8619694051503304,-0.012901420893478432,0.6262759000120964,0.5680519929860763
lab009,F3,2026-04-21 19:36:13,COLD->OFF,COLD,OFF,-0.4815109652699427,-0.009223011606398268,0.7949208187619242,0.40970695768765286
lab009,F3,2026-04-21 19:51:47,OFF->HOT,OFF,HOT,0.3537651992775239,-0.00833345446247935,0.30095771394136056,0.9348660884920392
lab009,F3,2026-04-21 19:53:45,HOT->OFF,HOT,OFF,0.23775987537757948,-0.007248897314345993,0.28636022415071277,1.073606368903952
lab009,F3,2026-04-21 19:59:20,OFF->COLD,OFF,COLD,-1.254775982903721,-4.379268581100604e-06,1.063479628360008,0.7620675445022086
lab009,F3,2026-04-21 20:00:29,COLD->OFF,COLD,OFF,-1.2733078111377996,0.0019588009609887713,1.0376288890462884,0.7670413981210484
lab009,F3,2026-04-21 20:03:16,COLD->OFF,COLD,OFF,-0.7268033574007227,0.005947000441150239,1.2707862596027566,0.3548711315833433
lab009,F3,2026-04-21 20:19:21,OFF->HOT,OFF,HOT,0.7208246308182034,0.004804669688773978,0.37567003020770323,1.2706794632348362
lab009,F3,2026-04-21 20:21:46,HOT->OFF,HOT,OFF,0.30609948276707494,0.004173565830941862,0.34771127098914045,0.754574760254783
lab009,F3,2026-04-21 20:25:54,OFF->COLD,OFF,COLD,-0.6527478759908963,0.004847374272441441,1.0081995101446286,0.5221904345020004
lab009,F3,2026-04-21 20:29:43,COLD->OFF,COLD,OFF,-0.3583019347621914,0.0060732003503436,1.057814636090672,0.23579921692847441
lab009,F3,2026-04-21 20:44:17,OFF->HOT,OFF,HOT,0.6745094009194237,0.0011885689336251118,0.2767512434137815,0.9560505729875449
lab009,F3,2026-04-21 20:45:29,HOT->OFF,HOT,OFF,0.48871850364384595,0.0011150668177166258,0.3225426951434801,0.9056168518292705
lab009,F3,2026-04-21 20:47:03,HOT->OFF,HOT,OFF,0.0003308583389862729,0.0014906265391151142,0.3207452662506997,0.8676322107656089
lab009,F3,2026-04-21 20:52:30,OFF->COLD,OFF,COLD,-1.0740747466805542,0.005791389087370203,0.7518306932461123,0.7238018808550954
lab009,F3,2026-04-21 20:55:45,COLD->OFF,COLD,OFF,-1.0092769228966758,0.008379750641830209,1.1432645314451215,0.45494618640343276
lab009,F3,2026-04-21 21:10:59,OFF->HOT,OFF,HOT,0.5272857013908595,-0.006855674031676395,0.37493861648485727,0.662660325735591
lab009,F3,2026-04-21 21:12:11,HOT->OFF,HOT,OFF,0.7746911781371617,-0.008619597451133342,0.4155579997129115,0.7014657835817498
lab009,F3,2026-04-21 21:14:29,HOT->OFF,HOT,OFF,0.5960658809778634,-0.011433373180056394,0.5072293785499148,0.4562075211515938
lab009,F3,2026-04-21 21:24:16,OFF->COLD,OFF,COLD,-0.5948481998112013,-0.01177178872971485,0.6914118621444186,0.33706483213615707
lab009,F3,2026-04-21 21:25:33,OFF->COLD,OFF,COLD,-0.5469366291004576,-0.010904220229771777,0.49092445523990036,0.3174995125572595
lab009,F3,2026-04-21 21:26:33,OFF->COLD,OFF,COLD,-0.42074754283096716,-0.010238947521072284,0.42221415397765316,0.296002610660203
lab009,F3,2026-04-22 03:17:36,OFF->HOT,OFF,HOT,0.2728421980757155,-0.0061921127984280845,0.209988771428352,0.3419833056572397
lab009,F3,2026-04-22 03:18:41,HOT->OFF,HOT,OFF,0.4645920549359148,-0.006509696494323647,0.2528853696872412,0.42981094934546676
lab009,F3,2026-04-22 04:31:00,OFF->HOT,OFF,HOT,0.5925265020378684,-0.010311719395730324,0.2613557004329725,0.5587144436323136
lab009,F3,2026-04-22 04:32:04,OFF->HOT,OFF,HOT,0.49342535632680407,-0.010424586805484637,0.24982320503495886,0.5413036644374202
lab009,F3,2026-04-22 04:33:06,HOT->OFF,HOT,OFF,0.37244833554204865,-0.010317010668827509,0.2385437308516661,0.5000197407656124
lab009,F3,2026-04-22 06:24:36,OFF->HOT,OFF,HOT,0.5038701259446087,-0.012025919439477083,0.255134446763767,0.8084922745412936
lab009,F3,2026-04-22 06:25:46,OFF->HOT,OFF,HOT,0.5640674696967994,-0.012222913969316318,0.24707639383201488,0.8695788379685718
lab009,F3,2026-04-22 06:26:57,OFF->HOT,OFF,HOT,0.606215613132723,-0.01228374890213675,0.2767254412973201,0.6515269892213597
lab009,F3,2026-04-22 06:28:10,OFF->HOT,OFF,HOT,0.5968645903115251,-0.012182707848424457,0.25712333257414216,0.557041377267492
lab009,F3,2026-04-22 08:09:30,OFF->HOT,OFF,HOT,1.650995752198537,-0.15034262535903858,1.0421136880820339,2.4088219270074864
lab009,F3,2026-04-22 08:19:57,OFF->HOT,OFF,HOT,-0.4102368142341024,-0.09143591515910926,2.3025406193277997,1.5502653630630405
lab009,F3,2026-04-22 09:01:10,OFF->COLD,OFF,COLD,0.1366864660829224,0.05933255718241766,0.3146107888725265,0.9030954411353193
lab009,F3,2026-04-22 09:02:15,OFF->COLD,OFF,COLD,0.11092405376025549,0.05757421370669595,0.3477815264282956,1.0102014146290785
lab009,F3,2026-04-22 09:07:18,COLD->OFF,COLD,OFF,0.876968540575325,0.04378013376340277,0.9005797273198392,1.0726029093579825
lab009,F3,2026-04-22 10:43:08,OFF->COLD,OFF,COLD,-0.4484556406892022,0.01625211147382105,0.2892398147930613,0.5425032618071053
lab009,F3,2026-04-22 10:44:21,OFF->COLD,OFF,COLD,-0.3468441614525789,0.0191009185214166,0.2978398631279027,0.41513837527783853
lab009,F3,2026-04-22 10:45:30,OFF->COLD,OFF,COLD,-0.2052647061376688,0.022154930429770597,0.33432109807641913,0.36019928289887954
lab009,F3,2026-04-22 10:46:36,OFF->COLD,OFF,COLD,-0.13805542913475932,0.02470574223799593,0.33242573630398614,0.3928191619840265
lab009,F3,2026-04-22 10:49:28,COLD->OFF,COLD,OFF,0.3122985109483156,0.025362171488616275,0.4638273310432178,0.22528349653726626
lab009,F3,2026-04-22 10:51:26,COLD->OFF,COLD,OFF,0.32902918608400517,0.02627774255045154,0.4581774454831154,0.24109737009255353
lab009,F3,2026-04-22 11:16:48,OFF->HOT,OFF,HOT,-0.039969517910630276,0.024629912208471282,0.2611890107071007,0.3282831502984375
lab009,F3,2026-04-22 11:18:01,OFF->HOT,OFF,HOT,-0.026206821829836274,0.025294771799758486,0.2983229040586231,0.303359654522104
lab009,F3,2026-04-22 11:19:41,OFF->HOT,OFF,HOT,0.11873575853997319,0.02491933948488245,0.3163597615741759,0.367779546536774
lab009,F3,2026-04-22 12:55:36,OFF->COLD,OFF,COLD,0.19189751124514143,-0.019150486495555664,0.24131414732774636,0.5649255191985557
lab009,F3,2026-04-22 12:58:16,OFF->COLD,OFF,COLD,0.37566963524210484,-0.019203689681172077,0.199638491095226,0.8305600495193436
lab009,F3,2026-04-22 12:59:18,OFF->COLD,OFF,COLD,0.3294881906395154,-0.01890148590890901,0.26257646599589046,0.8257859448573364
lab009,F3,2026-04-22 13:00:26,OFF->COLD,OFF,COLD,0.17476207307146538,-0.018471071812823148,0.3565474622448456,0.7052756884785318
lab009,F3,2026-04-22 13:04:27,COLD->OFF,COLD,OFF,0.6245186916445732,-0.015174636879420379,0.638081561620519,0.7721300095937702
lab009,F3,2026-04-22 14:49:58,OFF->COLD,OFF,COLD,-0.16214067143317457,0.007071510689751514,0.15779351165466884,0.6406523380933536
lab009,F3,2026-04-22 14:50:59,OFF->COLD,OFF,COLD,0.011691750399002387,0.007102696890348903,0.1307315532488375,0.6874545087914093
lab009,F3,2026-04-22 14:56:02,COLD->OFF,COLD,OFF,0.8550707168554686,0.005386815253745114,0.5782372862288543,0.6328161487474607
lab009,F3,2026-04-22 16:21:47,OFF->COLD,OFF,COLD,-1.821777849303476,0.18204890336283747,0.38458098555526243,1.9297942096557394
lab009,F3,2026-04-22 16:22:49,COLD->OFF,COLD,OFF,-1.8118480447772676,0.1889679953439597,0.39999426765778273,2.0291178424080147
lab009,F3,2026-04-22 16:26:59,COLD->OFF,COLD,OFF,-0.37875320618670627,0.1932829037267901,1.5540690798311907,1.5127753262572237
lab009,F3,2026-04-22 17:46:15,OFF->COLD,OFF,COLD,-0.06696048475242239,0.020555486876563743,0.295474796209466,0.5117567518366952
lab009,F3,2026-04-22 17:47:56,OFF->COLD,OFF,COLD,0.06705649891992904,0.01798388296374782,0.39332997884062476,0.5106790627105787
lab009,F3,2026-04-22 17:49:10,OFF->COLD,OFF,COLD,0.013803868317984969,0.01640996638984251,0.30041029365366456,0.48780982417630603
lab009,F3,2026-04-22 17:52:03,COLD->OFF,COLD,OFF,0.23837806413505563,0.010350490459045946,0.3933227317642265,0.23285902838456873
lab009,F3,2026-04-22 17:53:05,OFF->COLD,OFF,COLD,0.43111822767670327,0.007371455111255809,0.5020895745272109,0.09356927348893339
lab009,F3,2026-04-22 21:22:20,OFF->COLD,OFF,COLD,0.027651838242125498,0.005130731963945912,0.15800792588051574,0.17930314490563928
lab009,F3,2026-04-22 21:25:39,OFF->COLD,OFF,COLD,-0.2033523791752255,0.0062601963209034,0.1991230543013258,0.4259063388894626
lab009,F3,2026-04-22 21:27:10,OFF->COLD,OFF,COLD,-0.33331115022602004,0.0067105113975279625,0.2060038334142132,0.4154402774590753
lab009,F3,2026-04-22 21:28:12,COLD->OFF,COLD,OFF,-0.3463827684907941,0.006969248416712248,0.17983530541962992,0.4343157171102608
lab009,F3,2026-04-22 21:29:16,OFF->COLD,OFF,COLD,-0.2658187025925744,0.007144895983915678,0.14258484310435457,0.42621680575930376
lab009,F3,2026-04-22 21:30:30,OFF->COLD,OFF,COLD,-0.2001094443859101,0.007209895160024504,0.1965647619571101,0.32868597547566164
lab009,F3,2026-04-22 21:31:30,OFF->COLD,OFF,COLD,-0.19495140165189123,0.007196432790314722,0.19761714063901606,0.33641255685824833
lab009,F3,2026-04-22 21:33:09,COLD->OFF,COLD,OFF,-0.06427545162433199,0.006926691014069641,0.167499486282068,0.32393757814850815
lab009,F3,2026-04-22 21:34:23,COLD->OFF,COLD,OFF,0.062390362192845335,0.006545914406182596,0.37998060528146027,0.2499550690860716
lab009,F3,2026-04-23 02:32:06,OFF->COLD,OFF,COLD,-0.06787396712359797,0.0002822714161359041,0.16887388809288112,0.11546769643726097
lab009,F3,2026-04-23 04:17:59,OFF->HOT,OFF,HOT,0.03204360014997734,-0.0032083680428552698,0.11909025509093053,0.20501332264707756
lab009,F3,2026-04-23 04:20:59,OFF->HOT,OFF,HOT,0.2052627029282268,-0.0031980497691663336,0.16672928259130998,0.23017264781475502
lab009,F3,2026-04-23 04:22:00,OFF->HOT,OFF,HOT,0.14788441286999998,-0.0030831494139464287,0.15760664939993513,0.19431760255589423
lab009,F3,2026-04-23 04:24:22,OFF->HOT,OFF,HOT,-0.07951421810628434,-0.0026177048092273615,0.21938731170460904,0.15872040646299096
lab009,F3,2026-04-23 05:49:51,OFF->HOT,OFF,HOT,0.3112225112406789,-0.004533545513434323,0.13838067033250542,0.37416128275805854
lab009,F3,2026-04-23 05:51:23,HOT->OFF,HOT,OFF,0.2554516902636975,-0.0043730388758778105,0.12130695384729344,0.45034707666691737
lab009,F3,2026-04-23 05:52:25,OFF->HOT,OFF,HOT,0.10902371800587303,-0.004171050625104944,0.10783173624319366,0.29667374825814496
lab009,F3,2026-04-23 05:53:26,OFF->HOT,OFF,HOT,-0.06084987226627914,-0.0038666448611124333,0.4046031194933212,0.23272086687831436
lab009,F3,2026-04-23 07:52:10,OFF->HOT,OFF,HOT,-0.03534919991139329,-0.00912474013736524,0.39891464354563755,0.926722149996266
lab009,F3,2026-04-23 07:53:24,OFF->HOT,OFF,HOT,-0.03917928682274674,-0.012604135638576763,0.4987978698996775,0.7156549797126691
lab009,F3,2026-04-23 07:54:24,OFF->HOT,OFF,HOT,-0.0217786562687321,-0.015559535357640073,0.5612184977329342,0.7905983301244037
lab009,F3,2026-04-23 07:55:34,OFF->HOT,OFF,HOT,0.05372098007970694,-0.019015976172015694,0.5866756650647061,0.9511083262075455
lab009,F3,2026-04-23 07:57:10,HOT->OFF,HOT,OFF,-0.3047133209113654,-0.024033314215276547,0.5768931150547294,1.0858544053017218
lab009,F3,2026-04-23 08:02:20,OFF->COLD,OFF,COLD,0.34099625832593705,-0.04095937904552003,0.8983166439214623,1.0387915678524462
lab009,F3,2026-04-23 08:05:36,COLD->OFF,COLD,OFF,1.098539955525285,-0.051443078637981615,0.9528439251483891,0.741653893766067
lab009,F3,2026-04-23 08:06:37,COLD->OFF,COLD,OFF,1.1968089708582927,-0.05431670157670793,0.967420254429244,0.7557070723105015
lab009,F3,2026-04-23 08:18:47,OFF->HOT,OFF,HOT,-0.656573675534549,-0.04883660852862517,0.8041663926698451,1.1604970700742718
lab009,F3,2026-04-23 08:19:49,HOT->OFF,HOT,OFF,-0.31469290287510127,-0.044626561742396494,0.7824837371925486,1.7797889671235119
lab009,F3,2026-04-23 08:22:07,HOT->OFF,HOT,OFF,-1.212587423489849,-0.03400941009075199,1.339937401669329,0.7960658196388368
lab009,F3,2026-04-23 08:24:30,OFF->COLD,OFF,COLD,-0.9673093885071682,-0.021599849327495826,1.0516091140006902,0.8148158517089481
lab009,F3,2026-04-23 08:31:00,COLD->OFF,COLD,OFF,0.3749331046121157,0.006672274630624281,1.526881011664082,0.6183456268155985
lab009,F3,2026-04-23 08:44:00,OFF->HOT,OFF,HOT,0.18077698346651871,0.05554257228576712,0.7225691355187696,1.4909665619901105
lab009,F3,2026-04-23 08:46:38,HOT->OFF,HOT,OFF,-0.8449529383063104,0.06771694809550466,0.942706494269837,0.834219630241192
lab009,F3,2026-04-23 08:48:56,OFF->COLD,OFF,COLD,-1.5158825481545757,0.07970365624394184,1.4656380853485707,0.7239833983479238
lab009,F3,2026-04-23 08:54:26,COLD->OFF,COLD,OFF,-1.5989375479731833,0.10333423335218357,1.2749172341404005,0.9695810800483491
lab009,F3,2026-04-23 09:19:12,OFF->HOT,OFF,HOT,0.48986087278047125,-0.025119234635017806,0.8779081624746135,0.7496895561696436
lab009,F3,2026-04-23 09:21:38,OFF->HOT,OFF,HOT,0.3555043705654449,-0.0445868514660281,0.8036977876643094,0.7555493797658633
lab009,F3,2026-04-23 09:23:06,OFF->HOT,OFF,HOT,0.28317641383987485,-0.05565651570428662,0.7881025470599584,0.8755664983145867
lab009,F3,2026-04-23 09:24:15,OFF->HOT,OFF,HOT,0.5042652280373965,-0.0632361019497726,0.7710714069231495,0.7768989851039275
lab009,F3,2026-04-23 09:25:17,OFF->HOT,OFF,HOT,0.38092179560939254,-0.07021304772232635,0.7371202512454649,0.7047277748369828
lab009,F3,2026-04-23 09:28:39,OFF->COLD,OFF,COLD,0.37700965950009646,-0.08948124456094529,0.5982420334196517,0.9161301991272306
lab009,F3,2026-04-23 09:32:49,COLD->OFF,COLD,OFF,1.6068433991971305,-0.10718905965702637,0.836999817418028,1.4321836519777935
lab009,F3,2026-04-23 11:27:48,OFF->COLD,OFF,COLD,-0.060709898980625385,0.007123859870975301,0.16008292984327477,0.12317960262684256
lab009,F3,2026-04-23 11:33:34,OFF->COLD,OFF,COLD,-0.20426247127726094,0.008050711791480359,0.20123738506748123,0.4875468549998371
lab009,F3,2026-04-23 11:34:40,OFF->COLD,OFF,COLD,-0.22564894758917675,0.007990119734764933,0.20132564983281687,0.46942314704668053
lab009,F3,2026-04-23 11:36:27,OFF->COLD,OFF,COLD,-0.20641102701705408,0.00756642169219498,0.21685295465406343,0.49175590122268814
lab009,F3,2026-04-23 11:40:41,COLD->OFF,COLD,OFF,0.2687451580788784,0.005477085093218315,0.46466353937198324,0.21852463025584895
lab009,F3,2026-04-23 13:13:45,OFF->COLD,OFF,COLD,-0.27065310295402745,0.009359991067017393,0.19883555541483033,0.39627687123930966
lab009,F3,2026-04-23 13:14:51,COLD->OFF,COLD,OFF,-0.22906022033025147,0.008842857739501442,0.1710180950680995,0.42818701064756454
lab009,F3,2026-04-23 13:17:05,COLD->OFF,COLD,OFF,-0.004453222998551512,0.007216418289373007,0.40641746031718456,0.3199252083756144
lab009,F3,2026-04-23 13:18:06,OFF->COLD,OFF,COLD,0.2360983900457794,0.006257245140979074,0.5007169017411887,0.1361144295689579
lab009,F3,2026-04-23 14:36:04,OFF->COLD,OFF,COLD,-0.2936480104590231,0.0068414309215669815,0.3435795056704125,0.6255100029131642
lab009,F3,2026-04-23 14:37:18,OFF->COLD,OFF,COLD,-0.4548399755308286,0.0070601274758814725,0.2703543693881984,0.6448774165160955
lab009,F3,2026-04-23 14:41:40,COLD->OFF,COLD,OFF,0.27547317051970327,0.006078139922614467,0.5087511750112097,0.3000204892444405
lab009,F3,2026-04-23 14:42:45,OFF->COLD,OFF,COLD,0.3819807559009681,0.00544097513576205,0.5755668179022411,0.2995820477739511
lab009,F3,2026-04-23 15:59:25,OFF->COLD,OFF,COLD,-2.2219789161362784,-0.056962193962647484,3.5444782206947285,1.271573610588706
lab009,F3,2026-04-23 16:00:27,OFF->COLD,OFF,COLD,-2.8462240559823977,-0.04729577020230487,3.671310458105065,0.9434164843581598
lab009,F3,2026-04-23 16:05:15,COLD->OFF,COLD,OFF,-1.8404306919015214,0.003600707529726299,3.1004244520691033,0.3576130879419569
lab009,F3,2026-04-23 17:15:16,OFF->COLD,OFF,COLD,-0.24438651242432632,-0.027938140077119877,0.34913721302603773,0.5363201320882568
lab009,F3,2026-04-23 17:16:22,COLD->OFF,COLD,OFF,-0.25184165447846757,-0.026295563894953557,0.3468325915748584,0.49434611590549704
lab009,F3,2026-04-23 17:18:40,COLD->OFF,COLD,OFF,0.2545817607040822,-0.02322591754048875,0.45955857973658437,0.3973555359562332
lab009,F3,2026-04-23 17:27:27,OFF->COLD,OFF,COLD,-0.020886081986122518,-0.012837820393656375,0.5002234359372245,0.17009208015436822
lab009,F3,2026-04-23 18:04:22,OFF->COLD,OFF,COLD,0.047679087797513356,0.0007017527470886027,0.16888756609028893,0.1501383906372274
lab009,F3,2026-04-23 19:31:00,OFF->COLD,OFF,COLD,-0.11963593676857223,-0.0003701921547496611,0.13387468122697102,0.4527785068082869
lab009,F3,2026-04-23 19:33:07,OFF->COLD,OFF,COLD,-0.17680029344071946,-0.0005081905256422489,0.15888018754356983,0.45447369290729145
lab009,F3,2026-04-23 19:34:15,OFF->COLD,OFF,COLD,-0.18252650611167986,-0.0007343683768465392,0.14970473218374053,0.5157357373893676
lab009,F3,2026-04-23 19:35:18,OFF->COLD,OFF,COLD,-0.14235989411152827,-0.00100749025016943,0.10353044317768992,0.5148014637346536
lab009,F3,2026-04-23 19:36:27,COLD->OFF,COLD,OFF,-0.12003319073374165,-0.0012173460148603658,0.1197715855897936,0.4476378390807111
lab009,F3,2026-04-23 19:38:14,COLD->OFF,COLD,OFF,0.11206200037146824,-0.001966615100152446,0.30340194199515325,0.3372912874065953
lab009,F3,2026-04-23 19:39:32,OFF->COLD,OFF,COLD,0.2744568124530486,-0.0025599836400929665,0.40923873394255755,0.20185813694133847
lab009,F3,2026-04-23 20:02:56,OFF->HOT,OFF,HOT,-0.03454107064975873,-0.0029046610543777885,0.1280569975254349,0.14252657514199016
lab009,F3,2026-04-24 04:34:27,OFF->COLD,OFF,COLD,-0.0025392298160505037,0.0015228826498145942,0.161281663588013,0.1884172718517637
lab009,F3,2026-04-24 08:35:57,OFF->COLD,OFF,COLD,-0.9613879303014929,0.07233448502492752,0.10592250261049416,1.1420653567130066
lab009,F3,2026-04-24 08:40:28,COLD->OFF,COLD,OFF,0.1478806598194981,0.08015249249103829,0.8848827455117866,0.3347085426928448
lab009,F3,2026-04-24 09:03:30,OFF->COLD,OFF,COLD,0.1298894120632335,-0.030742255738232083,0.2425014225357314,0.21611475739953026
lab010,F1,2026-05-13 15:20:43,COLD->OFF,COLD,OFF,0.04332496436850434,0.0002480217082353103,0.04541046924811059,0.056537928587490766
lab010,F1,2026-05-13 15:22:32,COLD->OFF,COLD,OFF,0.05798170648939409,2.872005178933409e-05,0.0410985713114723,0.10412341313393411
lab010,F1,2026-05-13 15:45:27,OFF->COLD,OFF,COLD,-0.14888712289558942,-0.0007374080115828444,0.27288587687710597,0.10540116428717206
lab010,F1,2026-05-13 15:48:11,COLD->OFF,COLD,OFF,-0.13054178402719774,-0.00010293728264064222,0.1849894012369497,0.027953041527238282
lab010,F1,2026-05-13 15:49:20,OFF->COLD,OFF,COLD,-0.08540763302739598,0.00013264800673879634,0.1274340470040322,0.02801293561015038
lab010,F1,2026-05-13 16:25:28,OFF->COLD,OFF,COLD,0.039645149834175865,-0.0005399943713643107,0.016152827192463123,0.09359109845729985
lab010,F1,2026-05-13 16:29:40,COLD->OFF,COLD,OFF,0.009546823329890593,-0.0009012871624096099,0.012897509123864203,0.004346721068205165
lab010,F1,2026-05-13 17:02:49,OFF->COLD,OFF,COLD,0.0025042517087338328,0.00047519437209339214,0.010771065863818147,0.008303079688324295
lab010,F1,2026-05-13 17:04:13,OFF->COLD,OFF,COLD,0.002799557580893437,0.00047846061136035676,0.010605952143495719,0.007846100475608695
lab010,F1,2026-05-13 17:05:13,OFF->COLD,OFF,COLD,0.002928724161180918,0.00048700435153521476,0.01041224644022421,0.007527649312784428
lab010,F1,2026-05-13 17:11:29,COLD->OFF,COLD,OFF,0.0037360152879776657,0.0004534561459769871,0.008941361684096,0.005299202892759189
lab010,F1,2026-05-13 17:46:42,OFF->COLD,OFF,COLD,-0.0031745992249608544,-0.00012121803078599634,0.003062216931118455,0.00020590862440228542
lab010,F1,2026-05-13 17:47:46,COLD->OFF,COLD,OFF,-0.0029294338889097964,-0.00012602013361385838,0.0029561913488809917,0.00021524650397496448
lab010,F1,2026-05-13 17:51:14,COLD->OFF,COLD,OFF,-0.00172812952329208,-9.541492737138324e-05,0.0021004395161534684,0.00020849098381895198
lab010,F1,2026-05-13 18:32:09,OFF->COLD,OFF,COLD,0.00010536137430928568,4.397460290170893e-05,5.2938326049579846e-05,6.59358975859154e-05
lab010,F1,2026-05-13 18:33:13,COLD->OFF,COLD,OFF,0.00010761509354584797,4.075746640785037e-05,4.58238447277296e-05,7.590480913093189e-05
lab010,F1,2026-05-13 18:38:45,COLD->OFF,COLD,OFF,5.2590538385180374e-05,3.058470885394347e-05,3.0652751944378634e-05,8.507722435096048e-05
lab010,F1,2026-05-13 19:11:00,OFF->COLD,OFF,COLD,0.0,5.306689267836444e-07,0.0,0.0
lab010,F1,2026-05-13 19:12:19,OFF->COLD,OFF,COLD,0.0,-1.811039983847681e-06,0.0,0.0
lab010,F1,2026-05-13 19:18:05,COLD->OFF,COLD,OFF,0.0,-2.079384699055142e-05,0.0,0.0
lab010,F1,2026-05-13 19:52:39,OFF->COLD,OFF,COLD,0.0,2.231028947667795e-05,0.0,0.0
lab010,F1,2026-05-13 19:54:03,OFF->COLD,OFF,COLD,0.0,-5.349813214741659e-06,0.0,0.0
lab010,F1,2026-05-13 19:55:07,COLD->OFF,COLD,OFF,0.0,-3.4390162308771283e-06,0.0,0.0
lab010,F1,2026-05-13 19:56:36,COLD->OFF,COLD,OFF,0.0,-3.344201236509702e-07,0.0,0.0
lab010,F1,2026-05-13 20:34:13,OFF->COLD,OFF,COLD,0.0,-4.354700442831508e-05,0.0,0.0
lab010,F1,2026-05-13 20:35:42,OFF->COLD,OFF,COLD,0.0,-4.595081462644881e-05,0.0,0.0
lab010,F1,2026-05-13 20:40:54,COLD->OFF,COLD,OFF,0.0,8.414674041463459e-06,0.0,0.0
lab010,F1,2026-05-13 21:18:01,OFF->COLD,OFF,COLD,0.0,1.6446419348263784e-05,0.0,0.0
lab010,F1,2026-05-13 21:19:35,OFF->COLD,OFF,COLD,0.0,-2.93444488782467e-06,0.0,0.0
lab010,F1,2026-05-13 21:20:39,OFF->COLD,OFF,COLD,0.0,-1.2468694667150591e-05,0.0,0.0
lab010,F1,2026-05-13 21:22:13,COLD->OFF,COLD,OFF,0.0,-3.200917641149942e-05,0.0,0.0
lab010,F1,2026-05-13 21:57:11,OFF->COLD,OFF,COLD,0.0,1.6390910189565404e-05,0.0,0.0
lab010,F1,2026-05-13 21:58:15,OFF->COLD,OFF,COLD,0.0,2.629229622420013e-05,0.0,0.0
lab010,F1,2026-05-13 21:59:15,OFF->COLD,OFF,COLD,0.0,2.610844152913562e-05,0.0,0.0
lab010,F1,2026-05-13 22:00:34,OFF->COLD,OFF,COLD,0.0,2.574872178936714e-05,0.0,0.0
lab010,F1,2026-05-13 22:20:37,OFF->COLD,OFF,COLD,0.0,4.164621358046612e-06,0.0,0.0
lab010,F1,2026-05-13 22:21:56,OFF->COLD,OFF,COLD,0.0,3.1817191343354586e-06,0.0,0.0
lab010,F1,2026-05-13 22:23:10,OFF->COLD,OFF,COLD,0.0,2.635315958360209e-06,0.0,0.0
lab010,F1,2026-05-13 22:24:59,COLD->OFF,COLD,OFF,0.0,2.3795015716573845e-06,0.0,0.0
lab010,F1,2026-05-13 22:25:59,COLD->OFF,COLD,OFF,0.0,2.4039635912178704e-06,0.0,0.0
lab010,F1,2026-05-13 23:00:17,OFF->COLD,OFF,COLD,0.0,0.0,0.0,0.0
lab010,F1,2026-05-13 23:01:42,COLD->OFF,COLD,OFF,0.0,0.0,0.0,0.0
lab010,F1,2026-05-13 23:02:46,OFF->COLD,OFF,COLD,0.0,0.0,0.0,0.0
lab010,F1,2026-05-13 23:04:00,COLD->OFF,COLD,OFF,0.0,0.0,0.0,0.0
lab010,F1,2026-05-13 23:41:42,OFF->COLD,OFF,COLD,0.0,0.0,0.0,0.0
lab010,F1,2026-05-13 23:42:46,COLD->OFF,COLD,OFF,0.0,0.0,0.0,0.0
lab010,F1,2026-05-13 23:47:33,COLD->OFF,COLD,OFF,0.0,0.0,0.0,0.0
lab010,F1,2026-05-14 00:27:14,OFF->COLD,OFF,COLD,2.6788498882515514e-05,0.0,0.0,4.904084288478463e-05
lab010,F1,2026-05-14 00:28:18,OFF->COLD,OFF,COLD,3.4132918591457326e-05,0.0,0.0,5.426241129420127e-05
lab010,F1,2026-05-14 00:32:01,COLD->OFF,COLD,OFF,4.8353661602241534e-05,0.0,0.0,5.831912492199939e-05
lab010,F1,2026-05-14 01:12:42,OFF->COLD,OFF,COLD,-3.3703778098779e-05,8.894480892295813e-07,9.454185639409964e-05,0.00012778159706413407
lab010,F1,2026-05-14 01:13:46,OFF->COLD,OFF,COLD,-3.2204461722455454e-05,-1.7792520288798463e-10,9.822015596404737e-05,0.00013000533556735072
lab010,F1,2026-05-14 01:14:55,OFF->COLD,OFF,COLD,-3.0330316252051066e-05,-1.0855216628105047e-06,0.00010263620014478986,0.0001325962022167134
lab010,F1,2026-05-14 01:45:13,OFF->COLD,OFF,COLD,-0.002667165135265517,-1.830868130222315e-05,0.009124907469525047,0.0001362252475670164
lab010,F1,2026-05-14 01:46:22,OFF->COLD,OFF,COLD,0.0002467842240945612,-1.858149994664911e-05,0.0001451954695396257,0.00012889831837721195
lab010,F1,2026-05-14 01:47:26,COLD->OFF,COLD,OFF,0.00023902801186980618,-1.8895834471748585e-05,0.0001441566974574276,0.000123219478206145
lab010,F1,2026-05-14 01:48:26,OFF->COLD,OFF,COLD,0.00020707243192114833,-1.9125951067481775e-05,0.00013657694602377702,0.00010164591433184348
lab010,F1,2026-05-14 01:49:35,COLD->OFF,COLD,OFF,0.0001507992036174634,-1.92760102181762e-05,0.00014636030652174058,8.152381535941116e-05
lab010,F1,2026-05-14 02:29:56,OFF->COLD,OFF,COLD,-0.00025805256579041575,-1.6390948740033466e-05,0.00035540643601076266,0.0006165894515226966
lab010,F1,2026-05-14 02:31:21,COLD->OFF,COLD,OFF,-0.0003027041894562572,-1.7399508317168136e-05,0.00036409781446287656,0.0006705161974748671
lab010,F1,2026-05-14 02:35:38,COLD->OFF,COLD,OFF,-0.00047008060416031374,-2.178298144893607e-05,0.00042197984213973675,0.000891731725880183
lab010,F1,2026-05-14 03:17:33,OFF->COLD,OFF,COLD,-0.004795972657371371,2.1996218885615725e-07,0.014628564026293119,0.0018725923643480619
lab010,F1,2026-05-14 03:18:38,COLD->OFF,COLD,OFF,0.0020627354492971615,-1.4675083912503903e-05,0.001845587282911739,0.006379543163846924
lab010,F1,2026-05-14 03:19:57,COLD->OFF,COLD,OFF,0.008439416378106591,3.7450316758506146e-07,0.0018602294956136733,0.02622184531305705
lab010,F1,2026-05-14 03:21:01,COLD->OFF,COLD,OFF,0.00843737681314881,6.4747321007114535e-06,0.0018676628734622096,0.0262225666299751
lab010,F1,2026-05-14 03:59:44,OFF->COLD,OFF,COLD,-0.009582823599238819,1.6086399022943188e-05,0.027792929401529522,0.0024970929751742615
lab010,F1,2026-05-14 04:00:48,COLD->OFF,COLD,OFF,-0.00954197838375943,1.5202108877511812e-05,0.027795242327992024,0.0024773660506223
lab010,F1,2026-05-14 04:02:57,COLD->OFF,COLD,OFF,0.00011776874301126891,1.3576151811781326e-05,0.011992298787107999,0.011397228701710017
lab010,F1,2026-05-14 04:04:01,OFF->COLD,OFF,COLD,0.00024426257349520236,2.300190711572547e-05,0.01200067702836873,0.011377056980125635
lab010,F1,2026-05-14 04:37:56,OFF->COLD,OFF,COLD,-0.006981234539410056,-8.36440477970148e-06,0.017685716667137613,0.01976938986968591
lab010,F1,2026-05-14 04:39:16,OFF->COLD,OFF,COLD,-0.007834061145989198,5.271638542294368e-06,0.011047563091023484,0.009355845239671787
lab010,F1,2026-05-14 04:40:25,COLD->OFF,COLD,OFF,-0.012046471029637362,1.7607145681299512e-05,0.019698741931859488,0.009495150792972697
lab010,F1,2026-05-14 04:41:29,OFF->COLD,OFF,COLD,-0.011927488275469071,1.2416050374031414e-05,0.019800927695793707,0.009633675285409102
lab010,F1,2026-05-14 04:42:29,COLD->OFF,COLD,OFF,-0.01194759930537858,6.301567745083137e-06,0.01986534314930594,0.009813514998603484
lab010,F1,2026-05-14 05:13:36,OFF->COLD,OFF,COLD,-0.018125370211528997,-4.9971090927872165e-05,0.04650030454983336,0.04356532099401937
lab010,F1,2026-05-14 05:15:34,COLD->OFF,COLD,OFF,-0.013745183523510182,-2.3709148473641164e-05,0.04649036810930648,0.04366272640411725
lab010,F1,2026-05-14 05:16:44,OFF->COLD,OFF,COLD,0.007039775235719111,2.5720737938090643e-06,0.03551338605276587,0.04736601700381377
lab010,F1,2026-05-14 05:57:55,OFF->COLD,OFF,COLD,0.010376238109373976,5.8023262061833105e-06,0.02494826331661246,0.08067955886725982
lab010,F1,2026-05-14 05:58:59,OFF->COLD,OFF,COLD,0.010458178405278087,1.8618210095853496e-05,0.025060782102971132,0.08070048608368223
lab010,F1,2026-05-14 06:04:16,COLD->OFF,COLD,OFF,-0.031898569791388824,0.00012553371077502122,0.0747002934357503,0.02358374781477076
lab010,F1,2026-05-14 06:46:16,OFF->COLD,OFF,COLD,-0.0343753147188134,2.221717987028957e-05,0.05682625159068111,0.015766842393664424
lab010,F1,2026-05-14 06:47:31,OFF->COLD,OFF,COLD,-0.023583960416329906,9.860099313570777e-05,0.043707062316692295,0.016154541404144483
lab010,F1,2026-05-14 06:51:48,COLD->OFF,COLD,OFF,-0.039688331279686885,0.0003044782816547166,0.062114017250871546,0.019138278512238375
lab010,F1,2026-05-14 07:35:42,OFF->COLD,OFF,COLD,-0.0357754018927234,-0.0007958233818991846,0.06628043287331496,0.0931290351445738
lab010,F1,2026-05-14 07:36:42,COLD->OFF,COLD,OFF,-0.030660513543349345,-0.0007217202645659962,0.06051766670187301,0.09354955157706484
lab010,F1,2026-05-14 07:38:11,OFF->COLD,OFF,COLD,-0.010563944604572172,-0.0005940965041755068,0.06224828231682795,0.12370556422161605
lab010,F1,2026-05-14 07:43:53,COLD->OFF,COLD,OFF,0.08792553216951228,-0.00018228765253645429,0.09044361221257557,0.16288843977525488
lab010,F1,2026-05-14 08:26:55,OFF->COLD,OFF,COLD,-0.11537724942214816,-0.0021677417903032768,0.21400787884664635,0.3242790855529011
lab010,F1,2026-05-14 08:28:49,OFF->COLD,OFF,COLD,-0.144799811863452,-0.003681922344322958,0.19590472589831479,0.33056491256890413
lab010,F1,2026-05-14 08:29:58,COLD->OFF,COLD,OFF,-0.09363019831483879,-0.004861638271908612,0.23793382108470268,0.3287872110272335
lab010,F1,2026-05-14 08:32:37,COLD->OFF,COLD,OFF,-0.09232637047489309,-0.007403217906954708,0.25186536787068636,0.34070509838837165
lab010,F1,2026-05-14 09:36:29,OFF->COLD,OFF,COLD,0.1799584466222755,-0.0010958652110115083,0.12418066204734204,0.09376475182153113
lab010,F1,2026-05-14 09:54:24,OFF->COLD,OFF,COLD,-0.17972026462389706,-0.006968465423700243,0.18517944172282635,0.04357795267464397
lab010,F1,2026-05-14 10:13:48,OFF->COLD,OFF,COLD,0.014037010706701027,-0.003361518886823228,0.049176928193008514,0.08046484617847034
lab010,F1,2026-05-14 10:15:22,OFF->COLD,OFF,COLD,0.019083070589477235,-0.003306887148187057,0.04698632974800539,0.07194051083853774
lab010,F1,2026-05-14 10:16:56,OFF->COLD,OFF,COLD,-0.007175308665587233,-0.0030352499033859366,0.12817589235119234,0.06270168759179902
lab010,F1,2026-05-14 10:18:00,OFF->COLD,OFF,COLD,-0.0065528021380917975,-0.002879634936059719,0.12799639056661166,0.062493043415465625
lab010,F1,2026-05-14 10:22:23,COLD->OFF,COLD,OFF,0.04209990914875897,-0.002236475212122163,0.05760578602477146,0.05308674938853049
lab010,F1,2026-05-14 11:20:19,OFF->COLD,OFF,COLD,0.057568286740292886,-0.00045976228196625704,0.06392996852188879,0.19312241339773314
lab010,F1,2026-05-14 11:21:43,OFF->COLD,OFF,COLD,0.3031106587578182,-0.0005193466532743642,0.04873762104469001,0.7316427291721825
lab010,F1,2026-05-14 11:23:12,OFF->COLD,OFF,COLD,0.07678674733413302,-0.0005258291253900107,0.08255279483770021,0.1927031400220348
lab010,F1,2026-05-14 11:24:31,OFF->COLD,OFF,COLD,0.04968715417365565,-0.0004726869621277719,0.052296985037497315,0.14028333143247093
lab010,F1,2026-05-14 11:25:55,OFF->COLD,OFF,COLD,-0.019129165719643865,-0.0003646123523472389,0.07493980358431135,0.1023247424976299
lab010,F1,2026-05-14 11:33:01,COLD->OFF,COLD,OFF,-0.1091491950006053,0.000911849532613823,0.14445995457163868,0.05591253716331732
lab010,F1,2026-05-14 12:20:28,OFF->COLD,OFF,COLD,-0.009744017399039916,-0.00029814438300805666,0.037527854295387686,0.058637557390869025
lab010,F1,2026-05-14 12:21:38,OFF->COLD,OFF,COLD,2.684280960480595e-05,-0.00031437349853197043,0.056232013895128226,0.0450986551448651
lab010,F1,2026-05-14 12:22:57,COLD->OFF,COLD,OFF,-0.02544292397216965,-0.00031736425216362515,0.05957764329733029,0.039291587060844325
lab010,F1,2026-05-14 12:45:19,OFF->COLD,OFF,COLD,0.0022254354286624783,-0.000294683789844228,0.049257739650436186,0.09474888683802249
lab010,F1,2026-05-14 12:46:43,OFF->COLD,OFF,COLD,-0.054081629783539455,-0.0002571503158459623,0.06659183411380083,0.04569076035371945
lab010,F1,2026-05-14 12:51:25,COLD->OFF,COLD,OFF,-0.007661932944900763,-8.865374431693275e-05,0.05913701252099768,0.036638520405766165
lab010,F1,2026-05-14 13:26:35,OFF->COLD,OFF,COLD,-0.02702932101990941,1.8634875214033203e-05,0.052699016616563385,0.03257649954622995
lab010,F1,2026-05-14 13:27:39,COLD->OFF,COLD,OFF,-0.03455598430393032,8.736938881318199e-05,0.0457169284994962,0.02672725740505068
lab010,F1,2026-05-14 13:32:51,COLD->OFF,COLD,OFF,-0.040315445847270176,0.0004057554443940486,0.12987765906038004,0.022327432028199843
lab010,F1,2026-05-14 14:05:22,OFF->COLD,OFF,COLD,-0.15557482898399233,0.0025018835945051763,0.18558522747532974,0.05873363227808867
lab010,F1,2026-05-14 14:06:22,OFF->COLD,OFF,COLD,-0.1827588108610457,0.002927009565818054,0.18873839501014614,0.06001016448541692
lab010,F1,2026-05-14 14:10:00,COLD->OFF,COLD,OFF,-0.2209680492949061,0.004640090475631347,0.15790521414836134,0.10002878339180443
lab010,F1,2026-05-14 14:45:24,OFF->COLD,OFF,COLD,-0.017810155868368316,-0.02164571618828849,0.38034488836006725,0.4136035288767338
lab010,F1,2026-05-14 14:46:58,OFF->COLD,OFF,COLD,1.126919029490302,-0.024384329917226857,0.39899971704771126,3.6374038524566634
lab010,F1,2026-05-14 14:51:45,COLD->OFF,COLD,OFF,1.432518421621366,-0.031724399829828206,0.42589634393527165,3.729979636706981
lab010,F1,2026-05-14 15:22:22,OFF->COLD,OFF,COLD,0.11532322708458387,0.0327057437404751,0.3883248143518447,0.27474699778169553
lab010,F1,2026-05-14 15:23:27,OFF->COLD,OFF,COLD,0.12114372868672868,0.031917489379333086,0.377885693887116,0.25874648996981897
lab010,F1,2026-05-14 15:26:55,COLD->OFF,COLD,OFF,0.13716612367425107,0.027185802559716553,0.34521766819002525,0.21110379547239302
lab010,F1,2026-05-14 15:51:45,OFF->COLD,OFF,COLD,0.08975054644771849,-0.008608752335345832,0.0877576750585299,0.16818776748889644
lab010,F1,2026-05-14 15:55:03,COLD->OFF,COLD,OFF,-0.03135767344921497,-0.010093733120374683,0.12173606684384303,0.12478211441937982
lab010,F1,2026-05-14 16:23:56,OFF->COLD,OFF,COLD,-0.001240568975682879,-0.004528101269618201,0.0012312582935373522,0.0024744364323488355
lab010,F1,2026-05-14 16:25:01,COLD->OFF,COLD,OFF,-0.0013579837397382027,-0.004210852771274201,0.0012746499889936284,0.0026299922713359835
lab010,F1,2026-05-14 16:29:48,COLD->OFF,COLD,OFF,-0.0016700299386099848,-0.0031685901276098743,0.0016709663847288981,0.0032895535884600187
lab010,F1,2026-05-14 16:56:57,OFF->COLD,OFF,COLD,-0.0020733558949675842,0.0002641973951370488,0.014488506920415594,0.00977400345786882
lab010,F1,2026-05-14 16:57:57,OFF->COLD,OFF,COLD,-0.005066578760383554,0.00024413675647615672,0.014532456180830105,0.005505635795246341
lab010,F1,2026-05-14 17:05:32,COLD->OFF,COLD,OFF,-0.027278746097204258,0.00013727562408246546,0.08600515468596578,0.005265370514774488
lab010,F1,2026-05-14 17:27:34,OFF->COLD,OFF,COLD,0.0008656195157414129,0.0015696973066151336,0.005177250998023727,0.004321503907277902
lab010,F1,2026-05-14 17:29:18,COLD->OFF,COLD,OFF,0.0010124142134300754,0.0015047182904679643,0.005091074992611441,0.004095939839532442
lab010,F1,2026-05-14 17:32:56,COLD->OFF,COLD,OFF,0.002965646540691088,0.0013045009902858395,0.004826489260441437,0.0032381040479646994
lab010,F1,2026-05-14 18:03:09,OFF->COLD,OFF,COLD,0.0020244980054743606,0.0007189140839374163,0.0028082998861810545,0.015115363600701941
lab010,F1,2026-05-14 18:04:19,OFF->COLD,OFF,COLD,0.002075409807708433,0.0006839332358335635,0.003182617555093437,0.01521493303011711
lab010,F1,2026-05-14 18:09:45,COLD->OFF,COLD,OFF,-0.01288069017967898,0.0005699606618191127,0.03541922433391141,0.006221326955837273
lab010,F1,2026-05-14 18:36:40,OFF->COLD,OFF,COLD,0.052316286697241934,-0.0005005747261657659,0.010133593011234263,0.12698874957596068
lab010,F1,2026-05-14 18:38:48,OFF->COLD,OFF,COLD,0.05267985092348176,-0.00047124301107113315,0.010307228149577786,0.12697393898570958
lab010,F1,2026-05-14 18:40:03,COLD->OFF,COLD,OFF,0.013615857736291493,-0.00044088449340483,0.010390219837692996,0.040364154266679504
lab010,F1,2026-05-14 18:45:59,COLD->OFF,COLD,OFF,-0.04750166040095953,-0.00015211405859434147,0.11493336429288747,0.009534718490191762
lab010,F1,2026-05-14 19:15:07,OFF->COLD,OFF,COLD,0.0026315255448402537,2.617481275565196e-05,0.006880148807727286,0.004097518850142287
lab010,F1,2026-05-14 19:16:21,OFF->COLD,OFF,COLD,-0.01313467379961816,-1.269427039243278e-05,0.02970539173540488,0.004169426222938891
lab010,F1,2026-05-14 19:20:24,COLD->OFF,COLD,OFF,-0.00018753189922609322,-5.631625951100995e-05,0.004615236817520543,0.0044411205911889795
lab010,F1,2026-05-14 19:48:28,OFF->COLD,OFF,COLD,-0.008414713751639612,-0.00038449908218905033,0.0154714701392534,0.01153286886365008
lab010,F1,2026-05-14 19:52:11,COLD->OFF,COLD,OFF,-0.022524633549697068,-0.000401449752345932,0.03832338323605169,0.012209606789891452
lab010,F1,2026-05-14 20:15:37,OFF->COLD,OFF,COLD,-0.008526090615715028,-0.0002720295706841961,0.04017202473997029,0.03298532234673705
lab010,F1,2026-05-14 20:16:56,OFF->COLD,OFF,COLD,-0.04107667736895755,-0.00020315700316768197,0.05989727232782176,0.01808467435838935
lab010,F1,2026-05-14 20:17:56,OFF->COLD,OFF,COLD,-0.046789751344002636,-0.00014393285598944083,0.060801934256129855,0.018289727190385713
lab010,F1,2026-05-14 20:20:14,COLD->OFF,COLD,OFF,-0.025043512459845686,-2.2416602481662037e-05,0.04541384013886087,0.033945537748087826
lab010,F1,2026-05-14 20:21:14,COLD->OFF,COLD,OFF,-0.02555114843870985,3.896153065650692e-05,0.045377618241913074,0.03418896111408965
lab010,F1,2026-05-14 20:51:21,OFF->COLD,OFF,COLD,-0.06345325399935967,0.00044914353789602676,0.08958705149510127,0.020755273986099963
lab010,F1,2026-05-14 20:52:31,COLD->OFF,COLD,OFF,-0.044328928807783115,0.0005109461257588283,0.07445100759421827,0.021991878176497417
lab010,F1,2026-05-14 20:53:35,OFF->COLD,OFF,COLD,-0.046136377466588344,0.0005443799690842286,0.07435103019527134,0.023354625969957795
lab010,F1,2026-05-14 20:54:39,COLD->OFF,COLD,OFF,-0.033765149053463256,0.0005807973755715607,0.04992552436909985,0.02489805877152156
lab010,F1,2026-05-14 21:23:03,OFF->COLD,OFF,COLD,-0.030443709250375692,-0.0005429785290901156,0.05550142296728896,0.039066050719640054
lab010,F1,2026-05-14 21:24:17,COLD->OFF,COLD,OFF,-0.07761012552110813,-0.0005564097106813372,0.06972074415737102,0.04381353364968024
lab010,F1,2026-05-14 21:26:26,COLD->OFF,COLD,OFF,-0.03927899012404677,-0.0006861799727156871,0.05903544072938098,0.03689131908966501
lab010,F1,2026-05-14 21:27:50,OFF->COLD,OFF,COLD,0.0030447586559184886,-0.0007023475302978,0.048462839216739384,0.03976056338328131
lab010,F1,2026-05-14 21:48:38,OFF->COLD,OFF,COLD,-0.060885546150167266,-0.0003519066561760082,0.09715525749811506,0.11283631152800941
lab010,F1,2026-05-14 21:50:17,OFF->COLD,OFF,COLD,-0.02686516821007915,-8.907066687312845e-05,0.08278290399962698,0.1977008492732654
lab010,F1,2026-05-14 21:57:18,COLD->OFF,COLD,OFF,-0.09744403020480022,0.0011463110339082743,0.20231507855143716,0.04839782478236322
lab010,F1,2026-05-14 22:31:03,OFF->COLD,OFF,COLD,-0.018507226731627333,-0.0005934029863741447,0.06788759838494335,0.10582712392002942
lab010,F1,2026-05-14 22:38:04,COLD->OFF,COLD,OFF,-0.05466738942777921,-0.0001907963123300882,0.11760166257010037,0.05118046123574736
lab010,F1,2026-05-14 22:39:04,OFF->COLD,OFF,COLD,-0.048531186467664036,-0.0001630425178662687,0.11710940368887951,0.04922818122435615
lab010,F1,2026-05-14 23:10:55,OFF->COLD,OFF,COLD,-0.022944838263973796,0.0001273736425759765,0.06124969026170563,0.09065137690995123
lab010,F1,2026-05-14 23:11:55,OFF->COLD,OFF,COLD,-0.045144043883207724,0.00022731681757942943,0.06223038865418543,0.04787558805037693
lab010,F1,2026-05-14 23:19:10,COLD->OFF,COLD,OFF,-0.03322283365511837,0.0008653597255355083,0.11828893660791752,0.02637645737692366
lab010,F1,2026-05-15 00:00:51,OFF->COLD,OFF,COLD,-0.04389199334214687,-0.0006635008848710323,0.07597562193044408,0.05788685729635126
lab010,F1,2026-05-15 00:05:44,COLD->OFF,COLD,OFF,-0.0473336432110104,-0.00015405043503178352,0.0689474273899913,0.020278205802239505
lab010,F1,2026-05-15 00:39:19,OFF->COLD,OFF,COLD,-0.04274662163900958,0.00016195974204776428,0.07945010084093158,0.03329735705708521
lab010,F1,2026-05-15 00:41:38,OFF->COLD,OFF,COLD,-0.02825929919764688,0.0001877829129990634,0.06196564076911326,0.021115659797298656
lab010,F1,2026-05-15 00:44:21,COLD->OFF,COLD,OFF,-0.03595626505506804,0.0002119457077933061,0.04538752722244325,0.021643215400635515
lab010,F1,2026-05-15 01:20:11,OFF->COLD,OFF,COLD,0.03330379126230353,-0.0001475859965750781,0.044928711732653545,0.17235202658967677
lab010,F1,2026-05-15 01:29:11,COLD->OFF,COLD,OFF,-0.08707038361482486,0.0007297875875013089,0.17365053314317,0.025313638893874994
lab010,F1,2026-05-15 02:07:05,OFF->COLD,OFF,COLD,-0.026363431272981148,-0.0001441799462438293,0.04682863827721488,0.026188090313532784
lab010,F1,2026-05-15 02:08:20,OFF->COLD,OFF,COLD,-0.046383995957432395,-6.351108213803227e-05,0.05563476800353186,0.017363050325995458
lab010,F1,2026-05-15 02:10:18,COLD->OFF,COLD,OFF,-0.04270253507586491,4.68908301373e-05,0.053802264194778744,0.017510077386545503
lab010,F1,2026-05-15 02:12:07,COLD->OFF,COLD,OFF,-0.018270243153930332,0.0001332770801692307,0.047944231729127706,0.025771514449215126
lab010,F1,2026-05-15 02:13:32,COLD->OFF,COLD,OFF,-0.022821956061155002,0.00017294837562291734,0.04913683103456025,0.02390172491132555
lab010,F1,2026-05-15 02:44:20,OFF->COLD,OFF,COLD,-0.014102117530705205,-0.0004941180168169552,0.06171546019207845,0.047298386700453256
lab010,F1,2026-05-15 02:45:20,COLD->OFF,COLD,OFF,-0.016829435855526223,-0.0004569525852792182,0.0615342952853976,0.0472615167239537
lab010,F1,2026-05-15 02:54:30,COLD->OFF,COLD,OFF,-0.006418154464632378,0.0002011780247055315,0.014674603450130486,0.013070424671854822
lab010,F1,2026-05-15 03:35:37,OFF->COLD,OFF,COLD,0.06192892275077909,-0.00040559994343174893,0.014536101718337963,0.1611210572878292
lab010,F1,2026-05-15 03:45:41,COLD->OFF,COLD,OFF,-0.009078193841902884,0.00016343913268995096,0.013591964511469943,0.010671863123383292
lab010,F1,2026-05-15 04:27:24,OFF->COLD,OFF,COLD,0.021286524709538724,-0.0002330857663647717,0.011830243119811588,0.08685093870801519
lab010,F1,2026-05-15 04:28:43,OFF->COLD,OFF,COLD,0.017090614052226612,-0.00020263810237575348,0.027086901335498965,0.06923052501918393
lab010,F1,2026-05-15 04:37:23,COLD->OFF,COLD,OFF,-0.03337997495325029,0.00012589687794836469,0.08682008004225697,0.010236654402258448
lab010,F1,2026-05-15 04:38:23,OFF->COLD,OFF,COLD,-0.032957714267164026,0.00014994167450020824,0.08685093870801519,0.01019311033968342
lab010,F1,2026-05-15 05:18:51,OFF->COLD,OFF,COLD,-0.02866315185492749,4.141031630273059e-05,0.044335753376811435,0.01077984046025535
lab010,F1,2026-05-15 05:20:50,COLD->OFF,COLD,OFF,-0.009658016830591242,9.406867168781666e-05,0.021314591180570226,0.011026219780364511
lab010,F1,2026-05-15 05:23:38,COLD->OFF,COLD,OFF,-0.007563802776759115,0.00018468248533154533,0.021557304926726095,0.011006119904163263
lab010,F1,2026-05-15 05:24:43,COLD->OFF,COLD,OFF,-0.007569454972778014,0.0002018928567318218,0.021604781853931585,0.011116670816543106
lab010,F1,2026-05-15 05:54:36,OFF->COLD,OFF,COLD,0.0172238623728055,-0.000273761232842174,0.026634065001615196,0.08913235970712612
lab010,F1,2026-05-15 05:55:36,OFF->COLD,OFF,COLD,0.017244988928603013,-0.0002500065535778232,0.026592012474336135,0.08911915618530945
lab010,F1,2026-05-15 06:01:48,COLD->OFF,COLD,OFF,-0.02795750021317446,2.912841398412889e-05,0.06450432930739754,0.008241171129228637
lab010,F1,2026-05-15 06:46:08,OFF->COLD,OFF,COLD,-0.005118148771027432,-6.440003257661908e-05,0.02076262627805111,0.004477433338704451
lab010,F1,2026-05-15 06:47:23,OFF->COLD,OFF,COLD,-0.004471786372272776,-8.528990229468567e-05,0.011180510084225038,0.004912531856687692
lab010,F1,2026-05-15 06:50:16,COLD->OFF,COLD,OFF,-0.0069813408567297106,-0.00010133376883692446,0.020540553623721067,0.005748392429193555
lab010,F1,2026-05-15 06:51:36,OFF->COLD,OFF,COLD,-0.006277124997765279,-9.250157686233797e-05,0.010832859895870128,0.006183209322973294
lab010,F1,2026-05-15 07:21:29,OFF->COLD,OFF,COLD,-0.011699510244433017,2.097569274793834e-05,0.02152285467629063,0.012341118281371743
lab010,F1,2026-05-15 07:22:53,OFF->COLD,OFF,COLD,-0.022021565404534822,8.458398647786662e-05,0.030440712639216744,0.009116758637875881
lab010,F1,2026-05-15 07:29:15,COLD->OFF,COLD,OFF,-0.006317941296759432,0.00022127352147551375,0.010750783295835698,0.009748050668893548
lab010,F1,2026-05-15 08:12:08,OFF->COLD,OFF,COLD,-0.10920245034443218,0.0029752136101222266,0.24741135744940881,0.168775436936593
lab010,F1,2026-05-15 08:13:12,OFF->COLD,OFF,COLD,-0.18334326337158124,0.0035840336096371085,0.25996616376841325,0.1255658691003556
lab010,F1,2026-05-15 08:14:17,OFF->COLD,OFF,COLD,-0.2538536402059327,0.004229105123571763,0.28343806968234087,0.09087353198308214
lab010,F1,2026-05-15 08:15:51,COLD->OFF,COLD,OFF,-0.32939052563045224,0.005220689096758938,0.2977232313678405,0.09635718469246277
lab010,F1,2026-05-15 08:16:55,COLD->OFF,COLD,OFF,-0.34686897437660796,0.006051593941173684,0.2793105248290386,0.11448755679367528
lab010,F1,2026-05-15 08:18:14,OFF->COLD,OFF,COLD,-0.37774122239629726,0.006876566800031336,0.28110819777086044,0.14118424113513683
lab010,F1,2026-05-15 08:46:15,OFF->COLD,OFF,COLD,-0.1462480373042745,-0.011648007620527243,0.503336184856141,0.6540539119626568
lab010,F1,2026-05-15 08:47:19,COLD->OFF,COLD,OFF,-0.13864729855748992,-0.013729838922415964,0.5212691193234479,0.664358012102784
lab010,F1,2026-05-15 08:53:41,COLD->OFF,COLD,OFF,-0.10188314179830649,-0.02887367673452399,0.5891346905400667,0.6982339124909123
lab010,F1,2026-05-15 09:30:21,OFF->COLD,OFF,COLD,0.06393751876093368,0.04364874710444589,0.5564616168971923,0.46548086103062813
lab010,F1,2026-05-15 09:31:21,OFF->COLD,OFF,COLD,0.030973134834895777,0.04258811983399588,0.5138793589317506,0.44555405852294677
lab010,F1,2026-05-15 09:34:29,COLD->OFF,COLD,OFF,0.14623761115692896,0.038598836060038416,0.5356579703634362,0.3765991509838828
lab010,F1,2026-05-15 10:01:20,OFF->COLD,OFF,COLD,0.12189186253778256,-0.012621657500475038,0.11975630845151893,0.24538098205593098
lab010,F1,2026-05-15 10:02:29,COLD->OFF,COLD,OFF,0.04702773046830018,-0.013342304900874416,0.150587954550182,0.2224456640665354
lab010,F1,2026-05-15 10:05:57,COLD->OFF,COLD,OFF,-0.20561274775348115,-0.014240224414614307,0.25917104098787147,0.061457310732628216
lab010,F1,2026-05-15 11:00:34,OFF->COLD,OFF,COLD,-0.10971067148002814,0.003319765248518325,0.03830220246118556,0.1264144698219603
lab010,F1,2026-05-15 11:01:48,COLD->OFF,COLD,OFF,-0.09978710660071868,0.00371816286964297,0.0484941370203802,0.13309393277554915
lab010,F1,2026-05-15 11:05:06,COLD->OFF,COLD,OFF,-0.06518824293148175,0.003923164321218785,0.08506108624722392,0.1662175813811939
lab010,F1,2026-05-15 11:53:31,OFF->COLD,OFF,COLD,-0.4509625336671451,-0.001829607992441435,0.2805598214214289,0.2518387221642933
lab010,F1,2026-05-15 11:55:45,COLD->OFF,COLD,OFF,-0.3590316985021581,0.0006221573881689327,0.3257843219083602,0.181411878182939
lab010,F1,2026-05-15 11:56:54,COLD->OFF,COLD,OFF,-0.3114733726164375,0.0017834316032878592,0.3826285491911842,0.16520223815590743
lab010,F1,2026-05-15 12:25:24,OFF->COLD,OFF,COLD,-0.4544647679314754,0.014824763442790994,0.24123733511127435,0.2985072105077017
lab010,F1,2026-05-15 12:26:44,OFF->COLD,OFF,COLD,-0.38033349001646893,0.015347779419074115,0.18625243788789136,0.309782304869105
lab010,F1,2026-05-15 12:30:22,COLD->OFF,COLD,OFF,-0.11916047817440618,0.01584939966973268,0.2564091687597746,0.2140988210570442
lab010,F1,2026-05-15 12:31:56,COLD->OFF,COLD,OFF,-0.03350328830201668,0.015101008109255347,0.27743448522821296,0.17902090853668562
lab010,F1,2026-05-15 13:05:19,OFF->COLD,OFF,COLD,-0.41638999886373074,-0.0021169564566423833,0.26173649033491114,0.34139628081428497
lab010,F1,2026-05-15 13:06:19,OFF->COLD,OFF,COLD,-0.47852606726211455,-0.0015671822491186028,0.26886673277420337,0.3321688996639498
lab010,F1,2026-05-15 13:12:26,COLD->OFF,COLD,OFF,-0.2805818463686645,0.001859244988530918,0.3393897092898471,0.26619445870687586
lab010,F1,2026-05-15 13:13:45,COLD->OFF,COLD,OFF,-0.2620643967562032,0.002453784885950095,0.3148749327710778,0.23791434116131405
lab010,F1,2026-05-15 13:48:52,OFF->COLD,OFF,COLD,-0.5734756429678107,-0.0021121330613900423,0.34972919270997044,0.3267509999818711
lab010,F1,2026-05-15 13:49:56,COLD->OFF,COLD,OFF,-0.5462915622608246,-0.0013170428142255332,0.2980964844706131,0.2854252636166585
lab010,F1,2026-05-15 13:51:21,COLD->OFF,COLD,OFF,-0.4757734639292942,-0.0005553477301204921,0.3615482306302246,0.2530892570071647
lab010,F1,2026-05-15 13:52:25,COLD->OFF,COLD,OFF,-0.3757270483401962,0.00014388877719593283,0.473090284039422,0.24258341572417894
lab010,F1,2026-05-15 13:53:39,OFF->COLD,OFF,COLD,-0.3510221078487537,0.0007582445376662196,0.40473912774896337,0.2234277140501021
lab010,F1,2026-05-15 14:24:50,OFF->COLD,OFF,COLD,-0.3746832258180951,-0.0025994275184040073,0.22472697005081885,0.2205876312620897
lab010,F1,2026-05-15 14:28:43,COLD->OFF,COLD,OFF,-0.3103226195325525,-0.0006059461807786269,0.2589858281797207,0.18108916956453938
lab010,F1,2026-05-15 14:30:12,COLD->OFF,COLD,OFF,-0.2933769002487467,6.348274482759209e-05,0.31103610763514805,0.16816221357617425
lab010,F1,2026-05-15 14:54:54,OFF->COLD,OFF,COLD,-0.4046616290272654,0.0026511052613504616,0.22436777998929244,0.2967557618336331
lab010,F1,2026-05-15 14:56:03,OFF->COLD,OFF,COLD,-0.4347890637155775,0.0029040122747549853,0.21662552973322846,0.3081193548503853
lab010,F1,2026-05-15 14:59:32,COLD->OFF,COLD,OFF,-0.34177509841371556,0.003271873038255424,0.28489292725166976,0.2385969123939019
lab010,F1,2026-05-15 15:30:16,OFF->COLD,OFF,COLD,-0.36983853747695805,-0.0003660638380013955,0.24054843555185743,0.26324200509202555
lab010,F1,2026-05-15 15:31:36,OFF->COLD,OFF,COLD,-0.4372278045587007,0.00022225589205213635,0.26441883784082215,0.26456448343702316
lab010,F1,2026-05-15 15:36:58,COLD->OFF,COLD,OFF,-0.11032895869964687,0.00203716493601529,0.22427066152355135,0.15345336261864617
lab010,F1,2026-05-15 16:05:09,OFF->COLD,OFF,COLD,-0.4273873872849314,0.0009589827746354195,0.2304640636305256,0.25553645036728617
lab010,F1,2026-05-15 16:08:42,COLD->OFF,COLD,OFF,-0.08149012887223309,0.0014961063926723695,0.29333406513855625,0.1483610028036683
lab010,F1,2026-05-15 16:31:25,OFF->COLD,OFF,COLD,-0.5154425656287488,0.004166534726431359,0.2519110336211011,0.32071675109814735
lab010,F1,2026-05-15 16:35:38,COLD->OFF,COLD,OFF,-0.12245108364755852,0.0043185117473089505,0.2600135068684101,0.19485041018031918
lab010,F1,2026-05-15 17:06:18,OFF->COLD,OFF,COLD,-0.3069432781459802,-0.0031598789068397084,0.1782954570507365,0.2633278019225905
lab010,F1,2026-05-15 17:07:22,OFF->COLD,OFF,COLD,-0.3012003954871687,-0.002830190254513043,0.16660904027396656,0.2637188563049018
lab010,F1,2026-05-15 17:10:11,COLD->OFF,COLD,OFF,-0.04383132836936506,-0.0020791280352561283,0.27001802256398694,0.15905588241391969
lab010,F1,2026-05-15 17:11:50,OFF->COLD,OFF,COLD,0.09880358765236477,-0.0019468612425610709,0.27524374774367133,0.11062338518038191
lab010,F1,2026-05-15 17:26:27,OFF->COLD,OFF,COLD,-0.19750040715444545,-0.0017235045613519075,0.13022409239479443,0.15108358506032563
lab010,F1,2026-05-15 17:27:42,COLD->OFF,COLD,OFF,-0.2237309225501124,-0.001593230978168103,0.1655665858822254,0.09437563412932813
lab010,F1,2026-05-15 17:29:01,COLD->OFF,COLD,OFF,-0.22580515053319983,-0.00130750945264988,0.17578496972040247,0.11978380367812559
lab010,F1,2026-05-15 17:30:06,COLD->OFF,COLD,OFF,-0.2063305374887097,-0.0009692080209906862,0.1691759207832803,0.12123024058832735
lab010,F1,2026-05-15 17:31:10,COLD->OFF,COLD,OFF,-0.08798986192303127,-0.0006040729277755675,0.18819944009115275,0.08921662901127635
lab010,F1,2026-05-15 17:47:22,OFF->COLD,OFF,COLD,-0.10890029751495194,0.0010442776286334276,0.08863047573146722,0.13398267668297362
lab010,F1,2026-05-15 17:48:36,OFF->COLD,OFF,COLD,-0.15846635799485354,0.0011447311707593055,0.1438581301223253,0.12465393592865374
lab010,F1,2026-05-15 17:49:36,COLD->OFF,COLD,OFF,-0.1728436672267521,0.001226160172443791,0.15079397743716258,0.1244119475779402
lab010,F1,2026-05-15 17:53:59,COLD->OFF,COLD,OFF,0.021074745228348023,0.0012964092566768895,0.1734782885719779,0.0933677513483482
lab010,F1,2026-05-15 17:55:08,OFF->COLD,OFF,COLD,0.07945322854391099,0.001161344179725887,0.1310362252725798,0.06957931615853044
lab010,F1,2026-05-15 18:07:42,OFF->COLD,OFF,COLD,-0.13228710213573455,0.001225094672495708,0.12802545912037067,0.14306551284965996
lab010,F1,2026-05-15 18:08:51,OFF->COLD,OFF,COLD,-0.09331192087699548,0.0012674878414192237,0.1288198198486538,0.14725783209688328
lab010,F1,2026-05-15 18:09:51,COLD->OFF,COLD,OFF,-0.02779899006016421,0.0012141841216695038,0.12805264245531262,0.16997489875072097
lab010,F1,2026-05-15 18:12:24,COLD->OFF,COLD,OFF,0.0891897383760763,0.0010041682820137066,0.16364241626751969,0.09575812480002066
lab010,F1,2026-05-15 18:13:24,COLD->OFF,COLD,OFF,0.10620873236810788,0.0009118115265621118,0.1743881939296367,0.09520163995270023
lab010,F1,2026-05-15 18:25:28,OFF->COLD,OFF,COLD,-0.23350903132142947,-0.00014492246695244627,0.11194839519536214,0.21820374521717828
lab010,F1,2026-05-15 18:27:17,COLD->OFF,COLD,OFF,-0.21078030487970878,-0.0001020305959258616,0.14042075449709482,0.18434513361129426
lab010,F1,2026-05-15 18:29:06,COLD->OFF,COLD,OFF,0.04428934349762465,-0.00011976331231844382,0.1959590188396835,0.09123847200956636
lab010,F1,2026-05-15 18:45:48,OFF->COLD,OFF,COLD,-0.15751603699405964,-0.00040004567880363995,0.13039675933390155,0.0926738848815556
lab010,F1,2026-05-15 18:46:57,COLD->OFF,COLD,OFF,-0.12190921156990409,-0.00030892181749460064,0.12020854442662782,0.12728210187604255
lab010,F1,2026-05-15 18:48:26,COLD->OFF,COLD,OFF,-0.08847327413768376,-0.0001985391381248647,0.09363892170222207,0.11905500181854649
lab010,F1,2026-05-15 18:49:56,COLD->OFF,COLD,OFF,-0.030862208761337995,-4.194141145358321e-05,0.13091057687416124,0.09582066879304346
lab010,F1,2026-05-15 18:51:00,OFF->COLD,OFF,COLD,0.04051911261594806,5.913784238961164e-05,0.12134436434027898,0.10390992067643981
lab010,F1,2026-05-15 19:09:36,OFF->COLD,OFF,COLD,-0.35622708295081795,0.003187291427100336,0.17921457625870038,0.271158602710328
lab010,F1,2026-05-15 19:14:19,COLD->OFF,COLD,OFF,0.027078085372759353,0.0035723584880524187,0.2588837867698072,0.1336493976360817
lab010,F1,2026-05-15 19:38:12,OFF->COLD,OFF,COLD,-0.24907836882649698,-0.002846101661248268,0.18820786705635517,0.2579443318520859
lab010,F1,2026-05-15 19:39:21,COLD->OFF,COLD,OFF,-0.340214678814008,-0.0026477145313762774,0.21979578359975638,0.18642184679745244
lab010,F1,2026-05-15 19:44:29,COLD->OFF,COLD,OFF,-0.06886271680677224,-0.0016133636862228017,0.29593780577782286,0.16259672918074858
lab010,F1,2026-05-15 19:45:43,OFF->COLD,OFF,COLD,0.0014130771223045055,-0.00140058447460486,0.23944102792253472,0.15850389579896682
lab010,F1,2026-05-15 20:04:58,OFF->COLD,OFF,COLD,-0.22235514788887065,0.0009985081623937408,0.10118542192399235,0.2347684378251688
lab010,F1,2026-05-15 20:06:18,COLD->OFF,COLD,OFF,-0.2894886185357569,0.0012472909902340068,0.17229511694347815,0.18031414259351072
lab010,F1,2026-05-15 20:11:00,COLD->OFF,COLD,OFF,-0.038235150929510096,0.0019332593554296617,0.21528743037065326,0.1047331965216668
lab010,F1,2026-05-15 20:40:11,OFF->COLD,OFF,COLD,-0.33786735275358015,0.0010471166948459953,0.1996935897816125,0.258989365730354
lab010,F1,2026-05-15 20:41:15,OFF->COLD,OFF,COLD,-0.28388683294550504,0.0012982749391224847,0.19605313827602108,0.25839327164997883
lab010,F1,2026-05-15 20:44:48,COLD->OFF,COLD,OFF,-0.01632343617194882,0.0016679951719610897,0.23871954651180172,0.14858996328295793
lab010,F1,2026-05-15 20:45:53,COLD->OFF,COLD,OFF,-0.03993075214721149,0.0015730346404893623,0.2428129079573546,0.170863756779491
lab010,F1,2026-05-15 21:15:43,OFF->COLD,OFF,COLD,-0.18245842676200252,-0.002772021783887457,0.19547057067920068,0.27895402022960225
lab010,F1,2026-05-15 21:20:55,COLD->OFF,COLD,OFF,0.1386962933883292,-0.0013680314259736596,0.17363724578396258,0.19459947146024018
lab010,F1,2026-05-15 21:44:18,OFF->COLD,OFF,COLD,-0.2705304269803205,0.004863451181218737,0.11304912465161503,0.26798772698171464
lab010,F1,2026-05-15 21:45:27,OFF->COLD,OFF,COLD,-0.28723151740328046,0.005001798170626437,0.13495572086559657,0.22987902564416757
lab010,F1,2026-05-15 21:49:25,COLD->OFF,COLD,OFF,0.0007462104328558195,0.00528170797656814,0.19864665081694136,0.17389436933609698
lab010,F1,2026-05-15 21:50:30,OFF->COLD,OFF,COLD,0.09704764292228175,0.005319202971141556,0.2142007421908924,0.2294742515280355
lab010,F1,2026-05-15 22:09:11,OFF->COLD,OFF,COLD,-0.2880852196991724,0.0026418642396489837,0.09447857771039697,0.30309760112709344
lab010,F1,2026-05-15 22:14:58,COLD->OFF,COLD,OFF,-0.1368775448870508,0.0013873575724541853,0.2519372283148211,0.27478023161545895
lab010,F1,2026-05-15 22:46:02,OFF->COLD,OFF,COLD,-0.3064484273310838,-0.004499493852370218,0.20894302266883463,0.28926282009964105
lab010,F1,2026-05-15 22:47:11,OFF->COLD,OFF,COLD,-0.394888339869395,-0.003557543249743911,0.2658018883963926,0.2569564660301815
lab010,F1,2026-05-15 22:52:48,COLD->OFF,COLD,OFF,-0.25985199269133763,7.183319332204618e-05,0.2714393178799636,0.2246941328627084
lab010,F1,2026-05-15 23:19:10,OFF->COLD,OFF,COLD,-0.34518412788621367,0.0031649719311267815,0.22153885487640335,0.2445944865421654
lab010,F1,2026-05-15 23:26:56,COLD->OFF,COLD,OFF,-0.06288091654344816,0.005625309694760528,0.3012796320991107,0.2051895924343411
lab010,F1,2026-05-15 23:51:24,OFF->COLD,OFF,COLD,-0.22586637788570385,0.005005238924992316,0.13240927998664787,0.38479057630706137
lab010,F1,2026-05-15 23:52:28,OFF->COLD,OFF,COLD,-0.2659069381081409,0.004967821994426892,0.1368594504509876,0.3815290962148341
lab010,F1,2026-05-15 23:58:01,COLD->OFF,COLD,OFF,-0.1351785482071966,0.0036334578935691263,0.32951339714624656,0.2372845264261393
lab010,F1,2026-05-16 00:21:48,OFF->COLD,OFF,COLD,-0.3792847792199397,-0.00393037805575267,0.23222376016508245,0.3913203246768017
lab010,F1,2026-05-16 00:22:53,OFF->COLD,OFF,COLD,-0.4133911727374059,-0.0037148364233992696,0.24013149647798449,0.33752195094115345
lab010,F1,2026-05-16 00:27:45,COLD->OFF,COLD,OFF,-0.2668026549032541,-0.0029632611638307,0.3506836236957897,0.270099220268034
lab010,F1,2026-05-16 00:56:06,OFF->COLD,OFF,COLD,-0.11629494068449213,-0.006710546658872564,0.15087881083143057,0.21926146794324525
lab010,F1,2026-05-16 00:57:11,OFF->COLD,OFF,COLD,-0.2881414661347162,-0.006276216818999869,0.22023395850369312,0.20606588340519838
lab010,F1,2026-05-16 01:02:48,COLD->OFF,COLD,OFF,-0.03137121266354232,-0.004433947872052348,0.2971623905957869,0.27715529972842057
lab010,F1,2026-05-16 01:04:07,COLD->OFF,COLD,OFF,0.016572861793419075,-0.004145300697619824,0.19334978660305294,0.28065177601934166
lab010,F1,2026-05-16 01:26:31,OFF->COLD,OFF,COLD,-0.3899623831721759,0.005836021716803353,0.17250908765237197,0.4853230289263215
lab010,F1,2026-05-16 01:32:28,COLD->OFF,COLD,OFF,-0.38650644993360345,0.00806947502852704,0.2949346713900525,0.44444155329559654
lab010,F1,2026-05-16 02:03:03,OFF->COLD,OFF,COLD,-0.5000008025678044,0.0036120851451802993,0.4709971117148723,0.3370354222232876
lab010,F1,2026-05-16 02:04:12,OFF->COLD,OFF,COLD,-0.5683573972125884,0.0045738252143046505,0.48817168521330034,0.26277408771360034
lab010,F1,2026-05-16 02:07:50,COLD->OFF,COLD,OFF,-0.44803215327939483,0.007186084663270109,0.5407644346157029,0.16126548624677464
lab010,F1,2026-05-16 02:10:04,COLD->OFF,COLD,OFF,-0.20657314288681572,0.008499219629994958,0.5004118369909439,0.24621561870502162
lab010,F1,2026-05-16 02:29:35,OFF->COLD,OFF,COLD,-0.47763827402383957,0.007054261967271481,0.32362327484023573,0.6474196554410249
lab010,F1,2026-05-16 02:30:44,OFF->COLD,OFF,COLD,-0.7235326381364167,0.007256500191378024,0.3248302955577778,0.6769390225284558
lab010,F1,2026-05-16 02:36:26,COLD->OFF,COLD,OFF,-0.3565140069710683,0.005752458533849689,0.6182921277923671,0.43841268041158205
lab010,F1,2026-05-16 03:05:47,OFF->COLD,OFF,COLD,-0.5438954668760433,-0.014995967473245896,0.4616293611319309,0.4111024262156311
lab010,F1,2026-05-16 03:08:11,COLD->OFF,COLD,OFF,-0.5408493151714682,-0.012058746472163075,0.5384017780107017,0.24608631408475837
lab010,F1,2026-05-16 03:09:25,COLD->OFF,COLD,OFF,-0.41066761859279266,-0.010495146856061364,0.5300229608503964,0.2747121877692802
lab010,F1,2026-05-16 03:10:29,COLD->OFF,COLD,OFF,-0.27449703864249686,-0.009286199287275965,0.5060238985800837,0.25002094030411615
lab010,F1,2026-05-16 03:29:55,OFF->COLD,OFF,COLD,-0.41087184611706384,0.008276826446457929,0.24166871753979116,0.4789345436977629
lab010,F1,2026-05-16 03:30:59,OFF->COLD,OFF,COLD,-0.48040904883930274,0.00927333364087777,0.24282481182481228,0.4995412550512368
lab010,F1,2026-05-16 03:36:46,COLD->OFF,COLD,OFF,-0.2372689807589477,0.012973395460588488,0.43247906255054996,0.3939289937180994
lab010,F1,2026-05-16 04:05:42,OFF->COLD,OFF,COLD,-0.33172562149088114,-0.002943982662856781,0.34962054927173014,0.5232071121545637
lab010,F1,2026-05-16 04:07:11,OFF->COLD,OFF,COLD,-0.3243973103957375,-0.003048397956024207,0.3619189117979899,0.42958466759113995
lab010,F1,2026-05-16 04:10:59,COLD->OFF,COLD,OFF,0.029182831664293446,-0.003862434491859457,0.4503625246166034,0.23375360073314486
lab010,F1,2026-05-16 04:34:33,OFF->COLD,OFF,COLD,-0.6472549510858541,-0.0006726423791249209,0.45995083120839725,0.5192022375855765
lab010,F1,2026-05-16 04:38:51,COLD->OFF,COLD,OFF,-0.21050194124262114,0.0016179257514139962,0.5732825142218608,0.2534056611021759
lab010,F1,2026-05-16 04:57:31,OFF->COLD,OFF,COLD,-0.4211404587267873,0.004401664589269317,0.4119235963363074,0.3594188890215351
lab010,F1,2026-05-16 04:58:45,COLD->OFF,COLD,OFF,-0.4769503445422043,0.004910401818519272,0.4124998206668133,0.3214580608182772
lab010,F1,2026-05-16 05:02:14,COLD->OFF,COLD,OFF,-0.323244847325622,0.005947208897914713,0.32161284488062214,0.3831372383164902
lab010,F1,2026-05-16 05:29:21,OFF->COLD,OFF,COLD,-0.5346862787479936,0.001023082624545646,0.4146785877099757,0.587770745981455
lab010,F1,2026-05-16 05:34:48,COLD->OFF,COLD,OFF,-0.6038556747326165,0.003891634731515037,0.5275365719019326,0.5163246785084767
lab010,F1,2026-05-16 06:06:02,OFF->COLD,OFF,COLD,-0.6264604573926473,-0.003574719113901015,0.3948403770742431,0.5449398624068735
lab010,F1,2026-05-16 06:10:30,COLD->OFF,COLD,OFF,0.013503105144762897,-0.002914945165174032,0.6715704686786986,0.2525754598907588
lab010,F1,2026-05-16 06:31:39,OFF->COLD,OFF,COLD,-0.11139317818066509,-0.0024391770046444886,0.29330741331663224,0.5656806272150721
lab010,F1,2026-05-16 06:32:39,OFF->COLD,OFF,COLD,-0.26071876094043334,-0.0018808980061177927,0.33916652614560977,0.5094931976883267
lab010,F1,2026-05-16 06:37:41,COLD->OFF,COLD,OFF,-0.1742393796920668,0.0013082060319811184,0.584165608483645,0.27121940260669986
lab010,F1,2026-05-16 06:57:27,OFF->COLD,OFF,COLD,-0.4378279176404653,0.00921189602775798,0.19596055279252275,0.7599923108311083
lab010,F1,2026-05-16 06:58:31,OFF->COLD,OFF,COLD,-0.617679745640758,0.009678409759849772,0.2641457270216097,0.7062213478839121
lab010,F1,2026-05-16 07:03:09,COLD->OFF,COLD,OFF,-0.5357721100852768,0.00989470416502658,0.5360470441227914,0.5218486108616026
lab010,F1,2026-05-16 07:04:13,COLD->OFF,COLD,OFF,-0.43302657116655774,0.00956692421960197,0.5798268452822568,0.48599931432705296
lab010,F1,2026-05-16 07:32:09,OFF->COLD,OFF,COLD,-0.6618911818356232,-0.005870816000117252,0.5611757965448817,0.34560143861846987
lab010,F1,2026-05-16 07:36:12,COLD->OFF,COLD,OFF,-0.38151447345888284,-0.003562860366091369,0.5485749175288752,0.42099713854611237
lab010,F1,2026-05-16 07:54:34,OFF->COLD,OFF,COLD,-0.7096902295571514,0.0036686284076684838,0.41951888583474706,0.48778753978614936
lab010,F1,2026-05-16 07:55:38,OFF->COLD,OFF,COLD,-0.6866133268467303,0.004336169219868058,0.3216421399109679,0.447053358864015
lab010,F1,2026-05-16 08:00:01,COLD->OFF,COLD,OFF,-0.34436194092774586,0.005794947131444461,0.42659289932574407,0.5384971128800347
lab010,F1,2026-05-16 08:29:56,OFF->COLD,OFF,COLD,-0.6067369646062233,-0.003998906180257222,0.46932699045068094,0.5035156639055994
lab010,F1,2026-05-16 08:31:15,OFF->COLD,OFF,COLD,-0.6411154303357687,-0.0030530515060315454,0.5363622945968473,0.4068176892334098
lab010,F1,2026-05-16 08:36:03,COLD->OFF,COLD,OFF,-0.15505282080646243,0.00013098708187295758,0.6244645853076563,0.33420641927266415
lab010,F1,2026-05-16 08:56:08,OFF->COLD,OFF,COLD,-0.5109174239861816,0.004620184372991342,0.374559736845682,0.7757391793695328
lab010,F1,2026-05-16 08:57:42,COLD->OFF,COLD,OFF,-0.7934688197604743,0.005150768408560724,0.3948622273349439,0.6615468060434282
lab010,F1,2026-05-16 09:01:45,COLD->OFF,COLD,OFF,-0.19161773891004552,0.004963424356833102,0.6587691245018931,0.32807742646683713
lab010,F1,2026-05-16 09:25:28,OFF->COLD,OFF,COLD,-0.5649365340007912,-0.0027406957754052552,0.38802042606650955,0.7584515303467817
lab010,F1,2026-05-16 09:30:51,COLD->OFF,COLD,OFF,-0.34631296566420544,-0.0006853134420464535,0.7326355241602309,0.28975256714398645
lab010,F1,2026-05-16 09:53:49,OFF->COLD,OFF,COLD,-0.6755474696212005,0.0009144123835767015,0.40401911410790736,0.6137977051591231
lab010,F1,2026-05-16 10:00:06,COLD->OFF,COLD,OFF,-0.13490204195896155,0.0025818237673230545,0.6675233221573954,0.28330781698067814
lab010,F1,2026-05-16 10:21:40,OFF->COLD,OFF,COLD,-0.6191020220772813,0.0028915589678515374,0.3718947598633854,0.6719464683039825
lab010,F1,2026-05-16 10:22:40,OFF->COLD,OFF,COLD,-0.8095959901892775,0.0035289560768743122,0.34151966283342955,0.5919981036304106
lab010,F1,2026-05-16 10:27:23,COLD->OFF,COLD,OFF,-0.5162223529414611,0.005690712700186663,0.7088336407549001,0.4393121036158343
lab010,F1,2026-05-16 10:56:58,OFF->COLD,OFF,COLD,-0.7420922684144697,-0.00240545492384685,0.46870594649169484,0.4365892342278628
lab010,F1,2026-05-16 10:58:07,COLD->OFF,COLD,OFF,-0.7947466905351224,-0.0017098194437660474,0.4975435120094739,0.4449045053408352
lab010,F1,2026-05-16 11:01:16,COLD->OFF,COLD,OFF,-0.10518951553124042,-0.00012035889545956033,0.4015963228938349,0.4668682633360213
lab010,F1,2026-05-16 11:20:41,OFF->COLD,OFF,COLD,-0.45514068465547386,0.0032226212487053377,0.4070829014403943,0.595475418074424
lab010,F1,2026-05-16 11:21:41,OFF->COLD,OFF,COLD,-0.5930377289963715,0.003571746707647705,0.4117371109277928,0.49110155380128934
lab010,F1,2026-05-16 11:26:48,COLD->OFF,COLD,OFF,-0.3185916693409943,0.004375920540813283,0.62097681400137,0.296976505866647
lab010,F1,2026-05-16 11:47:38,OFF->COLD,OFF,COLD,-0.5957769140808677,0.0016654067447186452,0.4015069111317848,0.37955833948633916
lab010,F1,2026-05-16 11:48:52,COLD->OFF,COLD,OFF,-0.6892322357220407,0.0021754715434599173,0.4037571355535293,0.43413924013813665
lab010,F1,2026-05-16 11:52:55,COLD->OFF,COLD,OFF,-0.5748545726941982,0.003447211610561496,0.24524831067290565,0.5364760890532999
lab010,F1,2026-05-16 12:20:32,OFF->COLD,OFF,COLD,-0.5341330631939549,-0.006110319387582397,0.5772789599139492,0.712724094774342
lab010,F1,2026-05-16 12:21:36,OFF->COLD,OFF,COLD,-0.6282481399675983,-0.005501784920545472,0.5984418751608207,0.6815464001991574
lab010,F1,2026-05-16 12:26:09,COLD->OFF,COLD,OFF,-0.47431871677510085,-0.002048706462189287,0.8318250263479458,0.42479293345566294
lab010,F1,2026-05-16 12:27:14,COLD->OFF,COLD,OFF,-0.23139830175917908,-0.0014915789802100394,0.8592234122350842,0.36010974828563963
lab010,F1,2026-05-16 12:45:59,OFF->COLD,OFF,COLD,-0.49333444165904417,0.006256741952321576,0.3417186969028384,0.707878859104971
lab010,F1,2026-05-16 12:46:59,COLD->OFF,COLD,OFF,-0.588977377548898,0.007025334668160799,0.3063581912347929,0.7011590868904541
lab010,F1,2026-05-16 12:50:57,COLD->OFF,COLD,OFF,-0.7217003865566024,0.009378002992075453,0.5514275961466855,0.5997062909526671
lab010,F1,2026-05-16 13:19:13,OFF->COLD,OFF,COLD,-0.2562336116847833,-0.005790800210624525,0.2956410279138837,0.8506386876460745
lab010,F1,2026-05-16 13:20:17,OFF->COLD,OFF,COLD,-0.4489466582100102,-0.005393534637121711,0.32120444402052356,0.7458469177040286
lab010,F1,2026-05-16 13:25:24,COLD->OFF,COLD,OFF,-0.38579024987558924,-0.0026427860646826675,0.6231582328896962,0.5039050643146925
lab010,F1,2026-05-16 13:43:56,OFF->COLD,OFF,COLD,-1.0410152286091483,0.006188491283663477,0.6435119925425311,0.7279766323941601
lab010,F1,2026-05-16 13:48:43,COLD->OFF,COLD,OFF,-0.4145252741868881,0.008518022562225802,0.5878643033360558,0.5288297053010413
lab010,F1,2026-05-16 14:17:29,OFF->COLD,OFF,COLD,-0.6103888802332222,-0.005342004269840395,0.5013787221237748,0.5154605556173151
lab010,F1,2026-05-16 14:18:29,COLD->OFF,COLD,OFF,-0.6446240882028438,-0.0049195975980117265,0.4813289151068381,0.525517053724909
lab010,F1,2026-05-16 14:22:27,COLD->OFF,COLD,OFF,-0.08696919456949637,-0.003389807985129334,0.5397913758533296,0.529379411776693
lab010,F1,2026-05-16 14:23:46,OFF->COLD,OFF,COLD,0.2938473397872197,-0.0031247735282957656,0.5298839417296347,0.5541407601719606
lab010,F1,2026-05-16 14:36:40,OFF->COLD,OFF,COLD,-0.8912917644129806,0.0013677245431702014,0.5567771101554814,0.5099877836441677
lab010,F1,2026-05-16 14:37:44,COLD->OFF,COLD,OFF,-0.8777307111060164,0.0019520135833096747,0.5612623758822749,0.5119043945475767
lab010,F1,2026-05-16 14:41:07,COLD->OFF,COLD,OFF,-0.49530216299979407,0.0033105243912821434,0.4555820434726104,0.41258913988862256
lab010,F1,2026-05-16 14:59:18,OFF->COLD,OFF,COLD,-0.42007966657319984,-0.0019786783020186325,0.3723216898617331,0.5921896020642912
lab010,F1,2026-05-16 15:00:18,COLD->OFF,COLD,OFF,-0.6108948107112164,-0.0016890357631861974,0.46151135987306174,0.5172948971747872
lab010,F1,2026-05-16 15:03:46,COLD->OFF,COLD,OFF,-0.40140143692222763,-0.0007058490036454756,0.595507470860952,0.3472698676706781
lab010,F1,2026-05-16 15:04:46,COLD->OFF,COLD,OFF,-0.22149926478007692,-0.0006145119148856181,0.5720289096627604,0.3582016918117485
lab010,F1,2026-05-16 15:18:34,OFF->COLD,OFF,COLD,-0.2871645246585149,0.0009541800468233497,0.3607630328293673,0.32651413265835977
lab010,F1,2026-05-16 15:19:38,COLD->OFF,COLD,OFF,-0.2624826898798095,0.0015805116158579937,0.3417963140323111,0.3695494393297278
lab010,F1,2026-05-16 15:23:07,COLD->OFF,COLD,OFF,-0.100114487672054,0.0031957461362361,0.37364164296900415,0.2558274068213817
lab010,F1,2026-05-16 15:37:20,OFF->COLD,OFF,COLD,-0.38357697423444725,0.00808315899568024,0.19899873567143217,0.3790633803945744
lab010,F1,2026-05-16 15:39:04,COLD->OFF,COLD,OFF,-0.629236492176444,0.008326256120546917,0.24602042233896781,0.4535194237542391
lab010,F1,2026-05-16 15:43:07,COLD->OFF,COLD,OFF,-0.3779156899226235,0.007557323622698853,0.3423329483272089,0.3749966712973169
lab010,F1,2026-05-16 16:03:47,OFF->COLD,OFF,COLD,0.21672785441013886,-0.010009865580727695,0.13594152188960631,0.33531637701174694
lab010,F1,2026-05-16 16:05:01,OFF->COLD,OFF,COLD,0.059812932091875215,-0.010167983413929793,0.20742456900151543,0.2833471030480647
lab010,F1,2026-05-16 16:09:24,COLD->OFF,COLD,OFF,-0.08061546093378363,-0.009521408827106104,0.26985115877964894,0.25085738871659335
lab010,F1,2026-05-16 16:10:24,COLD->OFF,COLD,OFF,-0.11639545012441861,-0.009102390827707474,0.27665014714466113,0.25595694189961127
lab010,F1,2026-05-16 16:20:54,OFF->COLD,OFF,COLD,-0.12912552974673028,-0.0021463058621945304,0.13924788946139713,0.13367447651154943
lab010,F1,2026-05-16 16:22:08,COLD->OFF,COLD,OFF,-0.13584057374898195,-0.0014305286381357087,0.20458646828601068,0.14592387054424943
lab010,F1,2026-05-16 16:23:52,COLD->OFF,COLD,OFF,-0.1250637056343657,-0.0008249721238192008,0.20664172046232746,0.345406813641032
lab010,F1,2026-05-16 16:26:06,COLD->OFF,COLD,OFF,-0.04919110998574902,-0.00022564088238130608,0.10513952532389922,0.23398134171265245
lab010,F1,2026-05-16 16:27:06,COLD->OFF,COLD,OFF,0.030399092438137564,-1.6778221389301268e-05,0.11080913421491774,0.26324701022434205
lab010,F1,2026-05-16 16:28:10,COLD->OFF,COLD,OFF,0.019189313246548427,0.0001365463559107388,0.14581879469116968,0.4399623586966439
lab010,F1,2026-05-16 16:29:29,OFF->COLD,OFF,COLD,0.30266178415314726,0.0002934920502308813,0.22862520170118986,0.43111773550545746
lab010,F1,2026-05-16 16:30:29,OFF->COLD,OFF,COLD,0.3693780545036425,0.0003293544089387982,0.23314057069784108,0.48505785595850226
lab010,F1,2026-05-16 16:31:33,OFF->COLD,OFF,COLD,0.35782208699477536,0.000334768053494105,0.23361095733761705,0.4959683460065756
lab010,F1,2026-05-16 16:35:11,COLD->OFF,COLD,OFF,0.3057584792896677,0.00042880453581872757,0.3417800142908383,0.43692778142987243
lab010,F1,2026-05-16 16:36:11,OFF->COLD,OFF,COLD,0.24642512482214088,0.0004511871897669552,0.34226777921083706,0.4778318739393388
lab010,F1,2026-05-16 16:39:15,OFF->COLD,OFF,COLD,-0.2326958569349075,0.00044544418517622475,0.4399623586966439,0.4336297071687705
lab010,F1,2026-05-16 16:40:19,COLD->OFF,COLD,OFF,-0.32386892758761066,0.0004784971654526512,0.46612814262121904,0.4248426740543564
lab010,F1,2026-05-16 16:41:19,COLD->OFF,COLD,OFF,-0.3768924379723446,0.0005347605226823761,0.47376119088884766,0.418791607226475
lab010,F1,2026-05-16 16:54:22,COLD->OFF,COLD,OFF,0.372090589637762,0.0005417041674973255,0.4274504873701764,0.2558920631149987
lab010,F1,2026-05-16 17:38:11,COLD->OFF,COLD,OFF,-0.18155555475180857,0.004499196566781993,0.34751150084949056,0.3815748867559928
lab010,F1,2026-05-16 17:39:20,COLD->OFF,COLD,OFF,-0.16305701831249841,0.004179171413414284,0.28845129335528497,0.4019855860957332
lab010,F1,2026-05-16 17:40:20,COLD->OFF,COLD,OFF,-0.1268417809933041,0.003831861307523177,0.23603181744707766,0.384604379556453
lab010,F1,2026-05-16 17:41:24,OFF->COLD,OFF,COLD,-0.15486693619126263,0.003381050897447402,0.26961516813390096,0.5059420445602392
lab010,F1,2026-05-16 17:42:29,OFF->COLD,OFF,COLD,-0.020241346601061763,0.0029709077509596513,0.2872408357222057,0.4891217653166452
lab010,F1,2026-05-16 17:47:11,COLD->OFF,COLD,OFF,0.35441345381834,0.0005303424418785056,0.348877759193279,0.3160720572172555
lab010,F1,2026-05-16 17:48:11,OFF->COLD,OFF,COLD,0.28451028407653894,3.2586861017680144e-05,0.34949796920390114,0.27696645164194533
lab010,F1,2026-05-16 17:49:20,COLD->OFF,COLD,OFF,0.14781482314472488,-0.00047830009167206845,0.3815748867559928,0.24989480082041987
lab010,F1,2026-05-16 17:50:20,OFF->COLD,OFF,COLD,0.038611415769125995,-0.0009591304381316949,0.4019855860957332,0.24157096453667146
lab010,F1,2026-05-16 17:52:44,COLD->OFF,COLD,OFF,-0.059131781485424,-0.0019954330987724603,0.44655843005286877,0.24422206670573468
lab010,F1,2026-05-16 17:53:58,COLD->OFF,COLD,OFF,-0.11793839562312743,-0.0024488555019137152,0.3493227759112546,0.3607087888234388
lab010,F1,2026-05-16 17:54:58,OFF->COLD,OFF,COLD,-0.07575783629098422,-0.0028052306434827486,0.3272845693808427,0.42925791457613943
lab010,F1,2026-05-17 09:56:42,COLD->OFF,COLD,OFF,-0.09096628291516903,-0.0129889139665738,0.29589921606102937,0.2489861858414118
lab010,F1,2026-05-17 23:20:24,COLD->OFF,COLD,OFF,0.2930982705986899,0.008608230608091016,0.441788204806105,0.25781775876281665
lab010,F1,2026-05-17 23:38:12,OFF->COLD,OFF,COLD,-0.6854243989759506,-0.005237227938361056,0.41867508899516814,0.4679152832787965
lab010,F1,2026-05-17 23:40:27,COLD->OFF,COLD,OFF,-0.3234193189557041,-0.0062519696072818945,0.3167339354077584,0.3039253773196475
lab010,F1,2026-05-17 23:41:46,COLD->OFF,COLD,OFF,-0.2379476653435361,-0.007290655411028177,0.47374495319876936,0.30065437809189033
lab010,F1,2026-05-18 00:04:23,OFF->COLD,OFF,COLD,-0.36270779820560667,-0.009629961724763625,0.34915871297797546,0.3420048062241946
lab010,F1,2026-05-18 00:06:22,COLD->OFF,COLD,OFF,-0.3662896429974702,-0.008803661782472895,0.3048013972685275,0.2833851108756106
lab010,F1,2026-05-18 00:08:07,COLD->OFF,COLD,OFF,-0.3848457869961496,-0.009035652656176873,0.3609437685775445,0.28747302107768163
lab010,F1,2026-05-18 00:30:34,OFF->COLD,OFF,COLD,-0.6451489025716937,0.005040125721864807,0.3642910488972659,0.45275179136995347
lab010,F1,2026-05-18 00:31:34,OFF->COLD,OFF,COLD,-0.6097247061797688,0.006085931325400031,0.3356653111512842,0.44928462509055556
lab010,F1,2026-05-18 00:32:38,COLD->OFF,COLD,OFF,-0.7160339467436496,0.00680250635124242,0.3975299720411651,0.47551219522006916
lab010,F1,2026-05-18 00:35:17,COLD->OFF,COLD,OFF,-0.42315962534215673,0.007840880173933983,0.38590844361522086,0.3650947561762992
lab010,F1,2026-05-18 00:36:17,COLD->OFF,COLD,OFF,-0.4065798634949112,0.008013334514352623,0.3905928903499048,0.37517806679053667
lab010,F1,2026-05-18 00:56:09,OFF->COLD,OFF,COLD,-0.10073306651361924,0.0005987455508692282,0.3093196083116833,0.6079047938913239
lab010,F1,2026-05-18 00:57:14,OFF->COLD,OFF,COLD,-0.3219312586961005,0.0006033135417389699,0.27997656382271646,0.4571395017966706
lab010,F1,2026-05-18 01:02:22,COLD->OFF,COLD,OFF,-0.23504826645462998,0.0008796370910754804,0.5838505524377692,0.38365086173144336
lab010,F1,2026-05-18 01:23:44,OFF->COLD,OFF,COLD,-0.3324872467124824,0.0026586931631348504,0.3869561756703144,0.4909740221448896
lab010,F1,2026-05-18 01:24:49,OFF->COLD,OFF,COLD,-0.2424092397877401,0.003334214552454728,0.4169926250086425,0.4904978866132693
lab010,F1,2026-05-18 01:30:22,COLD->OFF,COLD,OFF,-0.03373969567996263,0.00572976345966425,0.31619040061458265,0.21725050420419115
lab010,F1,2026-05-18 01:45:31,OFF->COLD,OFF,COLD,-0.053728350762809816,0.005080746811965087,0.3204003725919455,0.30479557698140125
lab010,F1,2026-05-18 01:46:31,OFF->COLD,OFF,COLD,-0.07113746928077774,0.004932392548786834,0.322466853066604,0.26532697681741274
lab010,F1,2026-05-18 01:47:31,COLD->OFF,COLD,OFF,-0.11492038572380649,0.004790939067694833,0.3452230934945154,0.27790757105066405
lab010,F1,2026-05-18 01:48:50,COLD->OFF,COLD,OFF,-0.2354052910941426,0.004722704457328764,0.31917133823679567,0.33221080222500465
lab010,F1,2026-05-18 01:50:14,COLD->OFF,COLD,OFF,-0.23993358056207148,0.004571064677226788,0.2793496659555023,0.15815300394876158
lab010,F1,2026-05-18 01:51:14,OFF->COLD,OFF,COLD,-0.1960020916671202,0.004459643454513439,0.276130653875395,0.14415063375514026
lab010,F1,2026-05-18 01:52:14,OFF->COLD,OFF,COLD,-0.09867079336187415,0.004325051090183817,0.2543099647100654,0.10349835586304162
lab010,F1,2026-05-18 01:53:18,OFF->COLD,OFF,COLD,0.0005396945094381586,0.004359153449716935,0.2344773251127984,0.08080672097793307
lab010,F1,2026-05-18 01:54:18,OFF->COLD,OFF,COLD,0.05633424131251612,0.004449239108300951,0.188715862913555,0.07488322353542708
lab010,F1,2026-05-18 01:55:22,COLD->OFF,COLD,OFF,0.02706932697204549,0.004537184252558956,0.17402597853414414,0.10284912375946362
lab010,F1,2026-05-18 01:57:17,COLD->OFF,COLD,OFF,-0.009451344596659791,0.004508694400805657,0.1692152744616978,0.16510236794151667
lab010,F1,2026-05-18 01:58:41,COLD->OFF,COLD,OFF,-0.04906655350767891,0.004503932003199252,0.3289675403976541,0.30674841100882333
lab010,F1,2026-05-18 02:00:01,COLD->OFF,COLD,OFF,-0.05960618093784076,0.004399944241108989,0.2412304945825051,0.2935737969781827
lab010,F1,2026-05-18 02:01:10,COLD->OFF,COLD,OFF,-0.07625252243820792,0.004323074493087243,0.15815300394876158,0.20581421314444462
lab010,F1,2026-05-18 02:02:20,COLD->OFF,COLD,OFF,-0.14705364853450198,0.004348841081666423,0.14415063375514026,0.23667948202916528
lab010,F1,2026-05-18 02:03:24,OFF->COLD,OFF,COLD,-0.40235753104574523,0.0041677064557474885,0.24219336310581324,0.2723494163089792
lab010,F1,2026-05-18 02:10:07,OFF->COLD,OFF,COLD,0.034632506575630995,0.002271056398707394,0.2907679188474208,0.248947667598021
lab010,F1,2026-05-18 02:12:21,OFF->COLD,OFF,COLD,0.15996962840891324,0.0012314734261304142,0.20581421314444462,0.22680319151368816
lab010,F1,2026-05-18 02:13:36,COLD->OFF,COLD,OFF,0.09005198837498028,0.0004469708025557125,0.24329032699743763,0.20011183358881077
lab010,F1,2026-05-18 02:17:39,COLD->OFF,COLD,OFF,0.09079730136511048,-0.0018994673839813018,0.26603654728972226,0.2005956552764144
lab010,F1,2026-05-18 02:18:49,COLD->OFF,COLD,OFF,-0.020724170152202473,-0.0024548274479800902,0.20661016647001432,0.2070817605319524
lab010,F1,2026-05-18 02:19:49,OFF->COLD,OFF,COLD,-0.09334832494009201,-0.0030352673290902302,0.1822194875518447,0.2213371696275302
lab010,F1,2026-05-18 02:20:53,COLD->OFF,COLD,OFF,0.048337619159877936,-0.0037654283209373144,0.248947667598021,0.23439360578434337
lab010,F1,2026-05-18 04:02:16,COLD->OFF,COLD,OFF,-0.04526499458080755,0.005619201161273191,0.32310649689975635,0.2583873241027956
lab010,F1,2026-05-18 04:03:41,COLD->OFF,COLD,OFF,0.37172283890338254,0.005506649286303355,0.30891616022913626,0.42993079847836946
lab010,F1,2026-05-18 04:04:45,OFF->COLD,OFF,COLD,0.4648652096426734,0.00540255249609709,0.34630663090932734,0.4314560657212129
lab010,F1,2026-05-18 04:11:33,OFF->COLD,OFF,COLD,-0.08738675809604449,0.004019732012966104,0.2844365265337359,0.5324890815325398
lab010,F1,2026-05-18 04:12:58,OFF->COLD,OFF,COLD,-0.017103587342083015,0.003664915329840878,0.2086979744486678,0.5923641419503449
lab010,F1,2026-05-18 04:14:07,COLD->OFF,COLD,OFF,-0.2449455829957667,0.003433520957117465,0.2564482082100286,0.3847232612367466
lab010,F1,2026-05-18 04:17:36,COLD->OFF,COLD,OFF,0.028812851998035825,0.0025051561375772913,0.47313667813425125,0.282912884078803
lab010,F1,2026-05-18 04:38:58,OFF->COLD,OFF,COLD,-0.684455225352728,0.0008796796270258873,0.3705076697583338,0.5534353058209381
lab010,F1,2026-05-18 04:42:27,COLD->OFF,COLD,OFF,-0.545554771993102,0.0021775590908648564,0.4610403011014684,0.43207606433107887
lab010,F1,2026-05-18 04:43:46,OFF->COLD,OFF,COLD,-0.5216678490114679,0.002460873188099245,0.483130802454779,0.45339163898058954
lab010,F1,2026-05-18 05:16:04,OFF->COLD,OFF,COLD,-0.5222201573138884,-0.005190086734433575,0.43464954832527003,0.5389868782251539
lab010,F1,2026-05-18 05:17:14,OFF->COLD,OFF,COLD,-0.7297767450794415,-0.003833444637799488,0.49145606742858605,0.5250865757583159
lab010,F1,2026-05-18 05:20:37,COLD->OFF,COLD,OFF,-0.6434490558432242,-0.001056690853740605,0.4414583671142839,0.44122481254645635
lab010,F1,2026-05-18 05:54:35,OFF->COLD,OFF,COLD,-0.6670004040327748,-0.0011843775377307075,0.47603841487534027,0.44755448578424717
lab010,F1,2026-05-18 05:57:29,COLD->OFF,COLD,OFF,-0.45173604995720695,0.00025968661439330736,0.49274976717374475,0.3960485075996053
lab010,F1,2026-05-18 06:19:31,OFF->COLD,OFF,COLD,-0.5401792266857,0.00459086679109646,0.408152361374392,0.5232146022734891
lab010,F1,2026-05-18 06:20:31,COLD->OFF,COLD,OFF,-0.4146354983275148,0.0050741009310409264,0.4152265690084794,0.38276490906720695
lab010,F1,2026-05-18 06:21:31,COLD->OFF,COLD,OFF,-0.20915401007068143,0.005529806385466339,0.5419353947193098,0.2476158320326867
lab010,F1,2026-05-18 06:23:20,COLD->OFF,COLD,OFF,-0.11554453360980425,0.006369337536518537,0.4459148600597417,0.3834523137260796
lab010,F1,2026-05-18 06:24:20,OFF->COLD,OFF,COLD,-0.2081323509758668,0.006887636061393242,0.4429142758257722,0.42483039352243884
lab010,F1,2026-05-18 06:28:48,OFF->COLD,OFF,COLD,-0.1355140860457035,0.008005715779385492,0.42593615604221574,0.5470620712821781
lab010,F1,2026-05-18 06:30:02,OFF->COLD,OFF,COLD,-0.18700602932171678,0.008231437372839734,0.3807533976931112,0.572148715028634
lab010,F1,2026-05-18 06:33:31,COLD->OFF,COLD,OFF,-0.07220898118560974,0.008535718316847117,0.2630864942879044,0.37077239668886935
lab010,F1,2026-05-18 06:35:01,OFF->COLD,OFF,COLD,-0.07598432241797899,0.007869199881195988,0.46770601628806246,0.4269720026315127
lab010,F1,2026-05-18 06:46:56,OFF->COLD,OFF,COLD,-0.4157311389176042,0.003575195554411392,0.36028946914769966,0.4541719673986158
lab010,F1,2026-05-18 06:49:10,COLD->OFF,COLD,OFF,-0.429186150685484,0.0028738165710060935,0.5039256548811484,0.33351842834407447
lab010,F1,2026-05-18 06:50:10,OFF->COLD,OFF,COLD,-0.2681833721579413,0.0025907836030025777,0.5424934085653359,0.3848433247994094
lab010,F1,2026-05-18 06:51:15,OFF->COLD,OFF,COLD,-0.20494364369283305,0.0024563497541238103,0.5532074505253413,0.39308406081287356
lab010,F1,2026-05-18 06:52:19,OFF->COLD,OFF,COLD,-0.11158716836333693,0.002291073945931643,0.5436871405724808,0.40833696228644306
lab010,F1,2026-05-18 06:54:39,COLD->OFF,COLD,OFF,0.09987816078831444,0.0017988743154165208,0.5347518406507169,0.5229988434888254
lab010,F1,2026-05-18 06:55:53,COLD->OFF,COLD,OFF,0.29646196521856577,0.0014442105263844148,0.4211062219278099,0.30571815726567014
lab010,F1,2026-05-18 06:56:53,COLD->OFF,COLD,OFF,0.4316425067057509,0.0009931487276768182,0.45074922700621806,0.2952516824199059
lab010,F1,2026-05-18 06:57:57,COLD->OFF,COLD,OFF,0.5145232891031231,0.0005614135864052908,0.4541719673986158,0.29639812550186895
lab010,F1,2026-05-18 07:06:39,OFF->COLD,OFF,COLD,-0.11246558223208658,0.0004079430922321768,0.486519141250209,0.31283712575470857
lab010,F1,2026-05-18 07:07:54,OFF->COLD,OFF,COLD,-0.23876561054523665,0.001001905464123709,0.2952516824199059,0.3040353258226694
lab010,F1,2026-05-18 07:12:57,COLD->OFF,COLD,OFF,0.20459375862960746,0.0024229884449539878,0.29546251157656606,0.24695044658113438
lab010,F1,2026-05-18 07:13:57,OFF->COLD,OFF,COLD,0.2096015540119353,0.0026454657051008905,0.28632033027903286,0.2517989501318529
lab010,F1,2026-05-18 07:26:37,OFF->COLD,OFF,COLD,-0.3814833703923598,0.0038003868580698714,0.2717727155539899,0.5476384392213072
lab010,F1,2026-05-18 07:27:52,OFF->COLD,OFF,COLD,-0.25349126975214986,0.003898705626110742,0.25279735728231223,0.6002733778694921
lab010,F1,2026-05-18 07:29:01,OFF->COLD,OFF,COLD,-0.3809403973026581,0.0038823995790967306,0.29964861780788254,0.47961970973390583
lab010,F1,2026-05-18 07:34:24,COLD->OFF,COLD,OFF,-0.03709080793005348,0.0018617465464177297,0.5603132586384902,0.4556325471683053
lab010,F1,2026-05-18 07:57:26,OFF->COLD,OFF,COLD,-0.7406989369966539,-0.011552774557406088,0.7380125154362559,0.40582464756062114
lab010,F1,2026-05-18 07:58:30,OFF->COLD,OFF,COLD,-0.8348173105179397,-0.010602129373797587,0.7579147648009018,0.40858762227198675
lab010,F1,2026-05-18 07:59:40,OFF->COLD,OFF,COLD,-0.6428504079920447,-0.009386179462680833,0.7615711630072007,0.426539156065571
lab010,F1,2026-05-18 08:00:40,COLD->OFF,COLD,OFF,-0.4638453293734982,-0.008417122727348092,0.7650490059854882,0.3731728170941783
lab010,F1,2026-05-18 08:01:44,OFF->COLD,OFF,COLD,-0.24743134437436998,-0.0074672019176780235,0.7278008463386276,0.3506793399088153
lab010,F1,2026-05-18 08:03:14,OFF->COLD,OFF,COLD,-0.05902038025970041,-0.006118331413150635,0.4775834476031524,0.23479941812479455
lab010,F1,2026-05-18 08:04:18,COLD->OFF,COLD,OFF,-0.06747969574276072,-0.005249788367288798,0.43655334624952047,0.24135719993179677
lab010,F1,2026-05-18 08:05:28,OFF->COLD,OFF,COLD,-0.17208819913098217,-0.004245565706729426,0.4996898154090392,0.27137980435108255
lab010,F1,2026-05-18 08:06:57,COLD->OFF,COLD,OFF,-0.08610292669299012,-0.003170599463859113,0.5505333228975534,0.21603573133044496
lab010,F1,2026-05-18 08:08:41,COLD->OFF,COLD,OFF,0.04486274455760197,-0.0020790341443763793,0.47189091973367897,0.1802664816471322
lab010,F1,2026-05-18 08:25:50,OFF->COLD,OFF,COLD,0.09287106863371379,0.003554280116905773,0.26858677114408264,0.5454591250565661
lab010,F1,2026-05-18 08:30:53,COLD->OFF,COLD,OFF,0.5812312926976645,0.003918131942793135,0.2825543322779628,0.6259167568014373
lab010,F1,2026-05-18 08:38:41,OFF->COLD,OFF,COLD,-0.014138641584711786,0.007504573969140304,0.6197448649003146,0.521919288087176
lab010,F1,2026-05-18 08:39:45,OFF->COLD,OFF,COLD,-0.16148748273742508,0.008497137787742526,0.6138382095461272,0.5198800981433453
lab010,F1,2026-05-18 08:40:45,COLD->OFF,COLD,OFF,-0.35459842035813816,0.009589807554602859,0.6228177346138968,0.5037539534994154
lab010,F1,2026-05-18 08:41:49,COLD->OFF,COLD,OFF,-0.6233705863468227,0.010785364787088091,0.6362875869872772,0.4497818238789468
lab010,F1,2026-05-18 08:42:49,OFF->COLD,OFF,COLD,-0.8695295504427596,0.012015274987428803,0.6977109086987854,0.46382753204317756
lab010,F1,2026-05-18 08:44:34,COLD->OFF,COLD,OFF,-1.0729446520391728,0.014187212311577425,0.6509010991963865,0.507472769944986
lab010,F1,2026-05-18 08:56:00,OFF->COLD,OFF,COLD,-0.20041720501797894,0.01709511599804721,0.5789579019069435,0.8325374137127938
lab010,F1,2026-05-18 08:57:14,OFF->COLD,OFF,COLD,-0.25459995597517104,0.01564940650135256,0.6140870985175854,0.9235441193415868
lab010,F1,2026-05-18 09:02:07,COLD->OFF,COLD,OFF,-0.377957533326731,0.0067325801447096975,0.746306655614807,1.030496133330665
lab010,F1,2026-05-18 09:03:32,OFF->COLD,OFF,COLD,-0.31002512314483144,0.0028541137313694356,0.7556682033174347,0.9446574619558464
lab010,F1,2026-05-18 09:19:02,OFF->COLD,OFF,COLD,0.36678019053995414,-0.05557159996162761,1.091509519018864,0.819992072810394
lab010,F1,2026-05-18 09:20:26,OFF->COLD,OFF,COLD,0.38218340258493155,-0.06199342512940711,1.010557183865947,0.6893363650090771
lab010,F1,2026-05-18 09:21:26,COLD->OFF,COLD,OFF,0.41388208954422856,-0.0662331139860759,0.9591765128150721,0.6937200434799018
lab010,F1,2026-05-18 09:26:24,COLD->OFF,COLD,OFF,5.615960891434652,-0.08442356949978906,0.9659990129108589,14.765497271053476
lab010,F1,2026-05-18 09:43:13,OFF->COLD,OFF,COLD,-7.651122400932911,0.06467079196724307,14.934185960571172,1.9887201966535906
lab010,F1,2026-05-18 09:46:37,COLD->OFF,COLD,OFF,-1.8589535426517272,0.10161088031640376,2.3404345159965105,1.5625436281461822
lab010,F1,2026-05-18 09:50:50,COLD->OFF,COLD,OFF,-0.017635503444755285,0.12648627187517616,1.857027456432861,1.7029795847736255
lab010,F1,2026-05-18 09:52:15,COLD->OFF,COLD,OFF,0.1604371766361059,0.12955266856685324,1.9448073506005918,1.7566370414474195
lab010,F1,2026-05-18 09:53:19,COLD->OFF,COLD,OFF,0.237442264670936,0.1299642403739984,2.0076804162940847,1.7776968964969113
lab010,F1,2026-05-18 09:54:29,OFF->COLD,OFF,COLD,0.1515627465663214,0.12862545178784734,1.8818667350554652,1.7054592325871414
lab010,F1,2026-05-18 09:59:13,OFF->COLD,OFF,COLD,0.22477015658268584,0.10957855205792826,1.6387106185976232,1.4622307946777633
lab010,F1,2026-05-18 10:00:22,COLD->OFF,COLD,OFF,0.3789817625703418,0.10382320945000582,1.5983425915971343,1.3111063603209767
lab010,F1,2026-05-18 10:01:22,COLD->OFF,COLD,OFF,0.5851755640783061,0.09754759436715793,1.6527915867259941,1.1547094385134582
lab010,F1,2026-05-18 10:05:10,COLD->OFF,COLD,OFF,1.1820183888959366,0.06899906432235173,1.813652092777444,0.6689608122047674
lab010,F1,2026-05-18 10:06:25,COLD->OFF,COLD,OFF,1.095871094441807,0.0599496942891716,1.684904112627806,0.6352653200058866
lab010,F1,2026-05-18 10:07:25,OFF->COLD,OFF,COLD,1.0157613376520844,0.05230593259964908,1.616733017647253,0.5804314020496268
lab010,F1,2026-05-18 10:08:34,COLD->OFF,COLD,OFF,0.9710717171166752,0.044631920503857,1.5189251815711913,0.5076115972408727
lab010,F1,2026-05-18 10:09:34,OFF->COLD,OFF,COLD,0.9416029123025456,0.03697588571149439,1.455685142093989,0.46004062045986305
lab010,F1,2026-05-18 10:10:34,COLD->OFF,COLD,OFF,0.8391889252579638,0.029400598926928825,1.3364925859592633,0.4646636562805092
lab010,F1,2026-05-18 10:11:43,OFF->COLD,OFF,COLD,0.6553270652098451,0.020085263825154562,1.216094863946514,0.4721264002873299
lab010,F1,2026-05-18 10:12:43,COLD->OFF,COLD,OFF,0.5317472293861601,0.01281084555618281,1.0263911299628963,0.42405021929803216
lab010,F1,2026-05-18 10:49:15,COLD->OFF,COLD,OFF,-0.22573791733102933,-0.04618940105545728,0.29023755981236166,0.4098652549072071
lab010,F1,2026-05-18 10:50:19,OFF->COLD,OFF,COLD,-0.1966658103049334,-0.04369520059281897,0.2945559044060635,0.3991513475394168
lab010,F1,2026-05-18 10:51:44,OFF->COLD,OFF,COLD,-0.15266896535970087,-0.040380675460760074,0.3060640240087293,0.29190604561611316
lab010,F1,2026-05-18 10:54:03,OFF->COLD,OFF,COLD,0.015795370279431564,-0.03667868532988847,0.16811745106787543,0.37505938479697293
lab010,F1,2026-05-18 10:55:18,COLD->OFF,COLD,OFF,0.021038005787323358,-0.033570541180197595,0.2977520195094229,0.3829402162660608
lab010,F1,2026-05-18 10:59:07,COLD->OFF,COLD,OFF,0.3741811281560957,-0.024550254626253577,0.3506777297964808,0.48919053849960914
lab010,F1,2026-05-18 11:20:29,OFF->COLD,OFF,COLD,-0.849555864748302,0.03012093048539262,0.38132726819171564,0.8873725801147702
lab010,F1,2026-05-18 11:24:33,COLD->OFF,COLD,OFF,-0.43974579512696366,0.03373374455824671,0.6516956635794844,0.5723089974979889
lab010,F1,2026-05-18 11:51:43,OFF->COLD,OFF,COLD,0.30468221085368824,0.009064884609943168,0.2987855049690783,0.43098457486227615
lab010,F1,2026-05-18 11:52:48,OFF->COLD,OFF,COLD,0.2940303616313573,0.008520727414539265,0.3020960137430994,0.447635529377589
lab010,F1,2026-05-18 11:58:26,COLD->OFF,COLD,OFF,-0.09798305581506525,0.005017558940064148,0.4538131500016176,0.2928347540892808
lab010,F1,2026-05-18 12:22:13,OFF->COLD,OFF,COLD,-0.2683997886093317,-0.004901910471327131,0.5016776965167216,0.5052618348249078
lab010,F1,2026-05-18 12:23:28,COLD->OFF,COLD,OFF,-0.38447876218338634,-0.0029641286800642596,0.49141843308934047,0.33187289965432304
lab010,F1,2026-05-18 12:28:06,COLD->OFF,COLD,OFF,-0.2692697311261891,0.003470546246409567,0.6135224804818415,0.2620656860141503
lab010,F1,2026-05-18 12:36:53,OFF->COLD,OFF,COLD,-0.6071707743487423,0.008353462781770737,0.2439217241165912,0.8490292986419086
lab010,F1,2026-05-18 12:37:53,OFF->COLD,OFF,COLD,-0.6681287435142469,0.00838980193203489,0.24174565889855393,0.8372099852778812
lab010,F1,2026-05-18 12:38:53,COLD->OFF,COLD,OFF,-0.8297858116239336,0.008292575646706934,0.2620656860141503,0.8219958452373816
lab010,F1,2026-05-18 12:42:02,COLD->OFF,COLD,OFF,-0.17359481127805043,0.006672285042008142,0.6428574838764614,0.528000976798473
lab010,F1,2026-05-18 13:06:13,OFF->COLD,OFF,COLD,-0.746198508695684,-0.0036311470203505003,0.3469071140545374,0.5832262076298808
lab010,F1,2026-05-18 13:07:23,OFF->COLD,OFF,COLD,-0.8030823222059144,-0.00267498521285634,0.45707481292712193,0.4533131252274306
lab010,F1,2026-05-18 13:10:07,COLD->OFF,COLD,OFF,-0.4414951878444226,-0.0007927264960819968,0.33931967320472434,0.36096056816080374
lab010,F1,2026-05-18 13:11:11,COLD->OFF,COLD,OFF,-0.281488135228375,6.176254680982911e-05,0.453620901288058,0.34638794128998995
lab010,F1,2026-05-18 13:33:34,OFF->COLD,OFF,COLD,-0.7016843346574098,-0.0007345445127994398,0.3636254581516219,0.6079843002599997
lab010,F1,2026-05-18 13:34:43,OFF->COLD,OFF,COLD,-0.6960768874574583,-0.0005259897002873881,0.35269998841862027,0.5436178375323887
lab010,F1,2026-05-18 13:35:48,OFF->COLD,OFF,COLD,-0.7092856215208545,-0.0005054321615563405,0.3485256365683018,0.5277682751513622
lab010,F1,2026-05-18 13:40:26,COLD->OFF,COLD,OFF,0.12832862343413018,-0.0012751194097642138,0.5560691824220461,0.3107278587029282
lab010,F1,2026-05-18 14:03:23,OFF->COLD,OFF,COLD,-0.48164796745490573,0.00450390955046327,0.3732074015680424,0.29475567885894893
lab010,F1,2026-05-18 14:04:28,OFF->COLD,OFF,COLD,-0.49327908818877586,0.00554065317579977,0.32418745542134675,0.3069393513465385
lab010,F1,2026-05-18 14:08:56,COLD->OFF,COLD,OFF,-0.35344034732703117,0.009131847109168988,0.393758125263286,0.33884137289085187
lab010,F1,2026-05-18 14:38:41,OFF->COLD,OFF,COLD,-0.5443604815084893,-0.008088909312092963,0.40387231823701314,0.3809443654157269
lab010,F1,2026-05-18 14:40:11,OFF->COLD,OFF,COLD,-0.666684795823312,-0.007078998616797394,0.4535807883900299,0.28548509343355605
lab010,F1,2026-05-18 14:42:50,COLD->OFF,COLD,OFF,-0.43870545955481993,-0.005697396230373508,0.4537391195722443,0.2711644265590015
lab010,F1,2026-05-18 14:43:59,COLD->OFF,COLD,OFF,-0.43713074456713735,-0.005119447138198252,0.5470697689070523,0.2206604702573377
lab010,F1,2026-05-18 15:06:37,OFF->COLD,OFF,COLD,-0.6116626219257252,-0.0002752324542144805,0.3914214726801164,0.3432188996548221
lab010,F1,2026-05-18 15:11:20,COLD->OFF,COLD,OFF,-0.27507170242407003,0.001961339641525362,0.4521091158126407,0.280711360603027
lab010,F1,2026-05-18 15:32:28,OFF->COLD,OFF,COLD,-0.7464724389979654,0.003096618320932265,0.500915910714652,0.7152860504626817
lab010,F1,2026-05-18 15:33:42,OFF->COLD,OFF,COLD,-0.7141137090761744,0.003756799151843948,0.3675102673819473,0.49865083129839566
lab010,F1,2026-05-18 15:38:20,COLD->OFF,COLD,OFF,-0.2636938953861102,0.005361623586040843,0.6876035475949345,0.2237995365001302
lab010,F1,2026-05-18 16:01:23,OFF->COLD,OFF,COLD,-0.3758871718796375,-0.0041456175777272895,0.24117842882450655,0.5061544763480224
lab010,F1,2026-05-18 16:03:02,OFF->COLD,OFF,COLD,-0.3132560594656564,-0.003486564095863587,0.3125710042046656,0.42138975410167595
lab010,F1,2026-05-18 16:08:10,COLD->OFF,COLD,OFF,0.03202363872791283,-0.002165257663209985,0.41033973017582254,0.23592071580049526
lab010,F1,2026-05-18 16:28:38,OFF->COLD,OFF,COLD,-0.8222730152521903,0.010650458853307754,0.38272658157202794,0.6521541029336513
lab010,F1,2026-05-18 16:29:43,OFF->COLD,OFF,COLD,-0.9250239749998729,0.011665882409375161,0.3769764773961661,0.6498199096588664
lab010,F1,2026-05-18 16:34:01,COLD->OFF,COLD,OFF,-0.5462791871585555,0.01458383393750684,0.5194135150992816,0.5100756325557101
lab010,F1,2026-05-18 17:06:34,OFF->COLD,OFF,COLD,-0.1546101673336768,-0.018604517759777516,0.35432167970542744,0.26092793776735
lab010,F1,2026-05-18 17:07:38,OFF->COLD,OFF,COLD,-0.36437151329294903,-0.01786207667667572,0.44390331913476405,0.2102252113391101
lab010,F1,2026-05-18 17:11:17,COLD->OFF,COLD,OFF,-0.151152283489901,-0.015361007563489838,0.48550648493108334,0.16717951743926232
lab010,F1,2026-05-18 17:37:34,OFF->COLD,OFF,COLD,-0.6930715988686844,0.013062883687264869,0.3400604933450502,0.5917437141865459
lab010,F1,2026-05-18 17:38:48,OFF->COLD,OFF,COLD,-0.9530306198010352,0.014605109231372638,0.3072902160260405,0.7807639376527505
lab010,F1,2026-05-18 17:46:26,COLD->OFF,COLD,OFF,-0.29557790195384426,0.01773913169454131,0.5275210262265512,0.4745356487258311
lab010,F1,2026-05-18 18:21:04,OFF->COLD,OFF,COLD,-0.44382951928276226,-0.0010018262267198707,0.34733680834100067,0.7535213973638265
lab010,F1,2026-05-18 18:22:09,OFF->COLD,OFF,COLD,-0.7046170114022174,7.434365952545523e-05,0.3564941673374484,0.5880121763848276
lab010,F1,2026-05-18 18:26:22,COLD->OFF,COLD,OFF,-0.909155336822501,0.0034306962284484047,0.6131386305047073,0.6531368842286872
lab010,F1,2026-05-18 18:52:43,OFF->COLD,OFF,COLD,-0.6795313839913706,-0.0057206319627155725,0.4504471452731085,0.6016305354298404
lab010,F1,2026-05-18 18:53:53,OFF->COLD,OFF,COLD,-1.013670016509884,-0.004682770191916585,0.5861333107630622,0.5318791446837009
lab010,F1,2026-05-18 18:58:36,COLD->OFF,COLD,OFF,-0.6982435558579941,-0.000979678417613039,0.5625196540427303,0.4849603214997834
lab010,F1,2026-05-18 19:17:10,OFF->COLD,OFF,COLD,-0.9228464586847556,0.0028143652848301223,0.46658192162793266,0.581705977044532
lab010,F1,2026-05-18 19:18:15,OFF->COLD,OFF,COLD,-1.049703705354443,0.003622881357231522,0.48447736860490936,0.6173970946834262
lab010,F1,2026-05-18 19:22:03,COLD->OFF,COLD,OFF,-0.6034347649647319,0.005858333133988092,0.4692793837114948,0.5234413901159222
lab010,F1,2026-05-18 19:23:18,OFF->COLD,OFF,COLD,-0.3072262965814103,0.0061588776166502605,0.48117561447783036,0.5810080734794518
lab010,F1,2026-05-18 19:47:19,OFF->COLD,OFF,COLD,-0.5582866275212146,0.00039806567762927774,0.3114468470036689,0.5751619420005483
lab010,F1,2026-05-18 19:48:19,OFF->COLD,OFF,COLD,-0.6474808503826135,0.0007453058986779837,0.2984060472499998,0.5014015779183683
lab010,F1,2026-05-18 19:52:03,COLD->OFF,COLD,OFF,-0.2986220715571559,0.0014106346040322127,0.5892135141363658,0.364141101606512
lab010,F1,2026-05-18 19:53:13,OFF->COLD,OFF,COLD,-0.12325971837935645,0.0011791819027112905,0.6020573763149037,0.27513038789609573
lab010,F1,2026-05-18 20:27:55,OFF->COLD,OFF,COLD,-0.516412726308433,0.0077983246829354865,0.2998361136238518,0.8930259426037173
lab010,F1,2026-05-18 20:28:55,OFF->COLD,OFF,COLD,-0.49440196452518215,0.008717569297442829,0.3009683358063245,0.891874466951075
lab010,F1,2026-05-18 20:36:33,COLD->OFF,COLD,OFF,-0.21661212546835237,0.010421794138664798,0.5361310557966601,0.45340579917444984
lab010,F1,2026-05-18 21:11:07,OFF->COLD,OFF,COLD,-0.6748852022752765,-0.0009000974519615124,0.47391613964986257,0.8087091910398697
lab010,F1,2026-05-18 21:12:07,COLD->OFF,COLD,OFF,-0.8114648174194243,0.0009458200143600774,0.47738238031448876,0.8258792294857104
lab010,F1,2026-05-18 21:19:44,COLD->OFF,COLD,OFF,-0.7177563155379347,0.011940323916573447,1.0248795928430918,0.5960558272106579
lab010,F1,2026-05-18 21:56:52,OFF->COLD,OFF,COLD,-0.3114429354760377,0.0006518044487959351,0.48188210222363165,0.5871046186308041
lab010,F1,2026-05-18 21:58:02,OFF->COLD,OFF,COLD,-0.4481501838672245,0.0029174935979931604,0.3736063471694795,0.3161401050038268
lab010,F1,2026-05-18 22:06:09,COLD->OFF,COLD,OFF,-0.5062876551130477,0.014713907874213606,0.4445649334559546,0.5396233305433401
lab010,F1,2026-05-18 22:43:57,OFF->COLD,OFF,COLD,-0.5580361037680239,-0.008875253477754308,0.4131872786768361,0.46745355264000976
lab010,F1,2026-05-18 22:45:22,OFF->COLD,OFF,COLD,-0.6873521078159767,-0.007821525308401167,0.4729815473134488,0.4105964687053058
lab010,F1,2026-05-18 22:49:10,COLD->OFF,COLD,OFF,-0.29448312976049956,-0.0045471969098582745,0.5703653966447862,0.3926577708957003
lab010,F1,2026-05-18 23:13:32,OFF->COLD,OFF,COLD,-0.3569101617660984,0.010904997433043207,0.21809164296751535,0.4028261640258303
lab010,F1,2026-05-18 23:14:47,COLD->OFF,COLD,OFF,-0.29797557358571797,0.011761337713807052,0.19535191934618068,0.3811556788308387
lab010,F1,2026-05-18 23:18:21,COLD->OFF,COLD,OFF,-0.5679858551849881,0.013186383295953251,0.2379033375908056,0.5949866569008297
lab010,F1,2026-05-19 00:00:42,OFF->COLD,OFF,COLD,-0.6525562947828194,0.0011690468813778665,0.5121910528911933,0.6917986792936608
lab010,F1,2026-05-19 00:01:42,COLD->OFF,COLD,OFF,-0.8083065056102987,0.0028668646479041984,0.5292601786717566,0.6873865734357826
lab010,F1,2026-05-19 00:06:55,COLD->OFF,COLD,OFF,-0.6556148602745018,0.010706657945048416,0.6020768397820346,0.4620577901802054
lab010,F1,2026-05-19 00:50:56,OFF->COLD,OFF,COLD,-0.41223213997555863,0.005138121674606433,0.44644544573013456,0.5957350229484591
lab010,F1,2026-05-19 01:02:12,COLD->OFF,COLD,OFF,-0.3414384782556444,0.017491542224215628,0.49011902405822944,0.6593162740689466
lab010,F1,2026-05-19 01:48:13,OFF->COLD,OFF,COLD,-0.4012358231295896,0.004991728185180587,0.44616739499095065,1.1662568432408187
lab010,F1,2026-05-19 01:49:37,OFF->COLD,OFF,COLD,-0.43210006146966734,0.0077747616205083876,0.4940369368661561,1.1069908480825201
lab010,F1,2026-05-19 01:50:37,OFF->COLD,OFF,COLD,-0.8051118722993733,0.009817282004334717,0.5153133806028158,0.8285573389383712
lab010,F1,2026-05-19 02:00:33,COLD->OFF,COLD,OFF,-0.6353800156752885,0.021501469096172433,1.1069908480825201,0.7289726952537071
lab010,F1,2026-05-19 02:49:06,OFF->COLD,OFF,COLD,-0.8045452658102183,0.007996249707430514,0.5197979178723178,0.5556734585887781
lab010,F1,2026-05-19 02:50:31,COLD->OFF,COLD,OFF,-0.6321885568642558,0.010367509639195017,0.6393437201225608,0.4940343360051772
lab010,F1,2026-05-19 02:54:00,COLD->OFF,COLD,OFF,-0.15375951568189436,0.014080703310591214,0.5721912675125399,0.4242313152182955
lab010,F1,2026-05-19 03:31:33,OFF->COLD,OFF,COLD,-0.17552376122388558,-0.006776516550421618,0.3309276581219902,0.36799278107728883
lab010,F1,2026-05-19 03:32:42,OFF->COLD,OFF,COLD,-0.6171485691888052,-0.006186094193193714,0.47862304572826714,0.385622392478505
lab010,F1,2026-05-19 03:36:06,COLD->OFF,COLD,OFF,-0.2690981945416585,-0.004826253507152068,0.5629052806936563,0.39029443511666567
lab010,F1,2026-05-19 03:37:51,COLD->OFF,COLD,OFF,-0.02137488559412376,-0.004289441064121702,0.5986203819773547,0.45991520986958645
lab010,F1,2026-05-19 04:00:19,OFF->COLD,OFF,COLD,-0.3162687630103647,0.007523659061058518,0.2891953752495902,0.4875482126961467
lab010,F1,2026-05-19 04:01:19,COLD->OFF,COLD,OFF,-0.2984170747459253,0.008043750288566187,0.2778859235321555,0.48152333356478855
lab010,F1,2026-05-19 04:05:12,COLD->OFF,COLD,OFF,0.24577125056972524,0.00892547696841266,0.46178981611686004,0.20973502469640773
lab010,F1,2026-05-19 04:46:09,OFF->COLD,OFF,COLD,-0.6346914701366468,0.007216475010683565,0.5478174448756425,0.7080525703817486
lab010,F1,2026-05-19 04:47:39,OFF->COLD,OFF,COLD,-0.850289880007496,0.009925035911068835,0.44893453787398857,0.531917197902185
lab010,F1,2026-05-19 04:48:43,OFF->COLD,OFF,COLD,-0.9180534528519096,0.011603510541993467,0.4341865197924147,0.5712505375861641
lab010,F1,2026-05-19 04:56:20,COLD->OFF,COLD,OFF,-0.31099941763028754,0.017286133409244408,0.7112689594777416,0.4929473306334457
lab010,F1,2026-05-19 04:57:25,OFF->COLD,OFF,COLD,-0.1373234993217955,0.016699333514251746,0.568439510009473,0.567036019967654
lab010,F1,2026-05-19 05:43:21,OFF->COLD,OFF,COLD,-0.502046801453797,0.004415735486533578,0.5238653353856376,0.9444611114646572
lab010,F1,2026-05-19 05:44:41,COLD->OFF,COLD,OFF,-0.7719384531868301,0.00793007282986089,0.550837434780405,0.4244303861687895
lab010,F1,2026-05-19 05:54:02,COLD->OFF,COLD,OFF,-0.19526766407092433,0.020240963796789968,0.38492841185399757,0.48328182634973704
lab010,F1,2026-05-19 06:43:02,OFF->COLD,OFF,COLD,-0.27918385416030483,-0.0001170699118505196,0.4334735492577273,0.5793085349379509
lab010,F1,2026-05-19 06:44:02,COLD->OFF,COLD,OFF,-0.4221602645212251,0.0015659368868607294,0.48488190403724807,0.573881325781263
lab010,F1,2026-05-19 06:54:34,COLD->OFF,COLD,OFF,-0.36666253417690237,0.016417875344479492,0.8229193055568935,0.31839888192665594
lab010,F1,2026-05-19 07:46:03,OFF->COLD,OFF,COLD,0.02659046467266296,-0.0032307017733815818,0.4326535232305089,0.9751538176295602
lab010,F1,2026-05-19 07:47:03,OFF->COLD,OFF,COLD,-0.14422256308650588,-0.0010836478878718733,0.45128648489275713,0.971320520333284
lab010,F1,2026-05-19 07:48:12,COLD->OFF,COLD,OFF,-0.6305309408714519,0.0017577161300002635,0.5378187173421065,0.473552106821732
lab010,F1,2026-05-19 07:58:14,COLD->OFF,COLD,OFF,-0.7476928856705609,0.02293203826984884,1.0277874280015782,0.5734705072774938
lab011,F2,2026-05-13 15:25:22,COLD->OFF,COLD,OFF,0.11478849325847854,-0.012621891701717167,0.23622878122944554,0.19976284958242604
lab011,F2,2026-05-13 15:54:04,OFF->COLD,OFF,COLD,-1.244968997792105,-0.006888089141326416,1.9612645493354217,0.6058745924762572
lab011,F2,2026-05-13 15:56:57,COLD->OFF,COLD,OFF,-1.034755952792182,-0.0013653894501424388,2.1791310094279197,0.2027267218962231
lab011,F2,2026-05-13 15:58:01,COLD->OFF,COLD,OFF,-0.9571105625783568,0.0004391150621352556,2.1864093780961396,0.16707220486806973
lab011,F2,2026-05-13 16:33:24,OFF->COLD,OFF,COLD,-0.28225511717660584,0.006067193830523498,0.06250884988102777,0.3841759925163724
lab011,F2,2026-05-13 16:40:35,COLD->OFF,COLD,OFF,0.30004672874064203,0.0004798824170189741,0.37515577401083844,0.15831819704748698
lab011,F2,2026-05-13 17:40:57,OFF->COLD,OFF,COLD,-0.21279164228805952,0.005858368817035364,0.11063361538665052,0.4431340257360372
lab011,F2,2026-05-13 17:41:57,COLD->OFF,COLD,OFF,-0.14342870624562082,0.005634208570750587,0.11926404202293456,0.40859937486525555
lab011,F2,2026-05-13 17:44:10,COLD->OFF,COLD,OFF,0.19167199850249275,0.004775201526288875,0.3352918832410315,0.07409426881797383
lab011,F2,2026-05-13 18:31:16,OFF->COLD,OFF,COLD,-0.27829912590333344,0.002713379945601968,0.15488738490190732,0.33418571571241223
lab011,F2,2026-05-13 18:32:20,OFF->COLD,OFF,COLD,-0.28183901323516525,0.002828649529378025,0.15313407828198747,0.33408585261669155
lab011,F2,2026-05-13 18:33:44,OFF->COLD,OFF,COLD,-0.33924319587940355,0.002901331641417681,0.1844779020413738,0.3459485454480135
lab011,F2,2026-05-13 18:37:37,COLD->OFF,COLD,OFF,0.2167948519626065,0.002444236078278106,0.3539403983001237,0.24591293486822427
lab011,F2,2026-05-13 19:18:31,OFF->COLD,OFF,COLD,-0.10565956143915979,0.0011541786720721703,0.08488762635204218,0.24146276230596783
lab011,F2,2026-05-13 19:19:56,COLD->OFF,COLD,OFF,-0.04564784975368463,0.0010182903841365442,0.13366627631142997,0.1988775463596506
lab011,F2,2026-05-13 19:21:15,OFF->COLD,OFF,COLD,0.03224881306274585,0.0008532236852348829,0.21615219070414807,0.1822156731034764
lab011,F2,2026-05-13 19:22:24,OFF->COLD,OFF,COLD,0.058284043792242536,0.000645530965619412,0.2541176479346998,0.1179524714321094
lab011,F2,2026-05-13 19:56:28,OFF->COLD,OFF,COLD,-0.18507593393598198,0.0023251137935675235,0.12635002873168924,0.2910559873093244
lab011,F2,2026-05-13 19:57:37,OFF->COLD,OFF,COLD,-0.15449824262062584,0.0023417711251818795,0.12118215852750899,0.2845355017585111
lab011,F2,2026-05-13 19:58:52,OFF->COLD,OFF,COLD,-0.06721965903598692,0.0022053227365250727,0.11516290307490161,0.263886154271271
lab011,F2,2026-05-13 20:00:11,COLD->OFF,COLD,OFF,0.1817483757957866,0.001969594839263222,0.25391404082751273,0.07948499346272035
lab011,F2,2026-05-13 20:02:09,OFF->COLD,OFF,COLD,0.16540982840787918,0.00149882723650947,0.2947969698293861,0.05444964182922438
lab011,F2,2026-05-13 20:36:53,OFF->COLD,OFF,COLD,-0.18689693124286022,0.0004831839006255833,0.1653885490855088,0.14495513272531685
lab011,F2,2026-05-13 20:38:32,COLD->OFF,COLD,OFF,-0.04705417306173192,0.0005650175427717619,0.1667737220156734,0.10630185505140993
lab011,F2,2026-05-13 20:39:41,OFF->COLD,OFF,COLD,0.012564379547609195,0.0005920253838005429,0.17027620835073365,0.11545150555898559
lab011,F2,2026-05-13 21:14:44,OFF->COLD,OFF,COLD,-0.24987895086942452,0.001202826653370681,0.11443839038950743,0.3383346146007292
lab011,F2,2026-05-13 21:16:38,OFF->COLD,OFF,COLD,-0.275989280179856,0.0015346657230437045,0.16432863006275467,0.3386131775414579
lab011,F2,2026-05-13 21:17:52,COLD->OFF,COLD,OFF,-0.20731552055319086,0.0016601086357557636,0.16585259106247005,0.2705407545396802
lab011,F2,2026-05-13 21:18:57,OFF->COLD,OFF,COLD,-0.051267600233674916,0.0017623630896081099,0.26112557180703544,0.17288848424644007
lab011,F2,2026-05-13 21:53:00,OFF->COLD,OFF,COLD,-0.18440628280875904,-0.00023266897615730202,0.18208829356894912,0.2133670260298117
lab011,F2,2026-05-13 21:54:00,COLD->OFF,COLD,OFF,-0.1542609100812035,-0.00018484912332263894,0.18257129423737456,0.1935046535408864
lab011,F2,2026-05-13 21:55:19,OFF->COLD,OFF,COLD,-0.08251847288792369,-0.00017600587747552694,0.23567051652453483,0.1628424915116437
lab011,F2,2026-05-13 21:56:28,COLD->OFF,COLD,OFF,0.013457121797818527,-0.00014351754647115025,0.2781191565951673,0.15795297785224402
lab011,F2,2026-05-13 21:58:07,OFF->COLD,OFF,COLD,0.03156201525095259,-0.00028891223269176245,0.2452423461934846,0.12783990246823948
lab011,F2,2026-05-13 22:17:55,OFF->COLD,OFF,COLD,-0.21371743337771995,-0.0001761402817722857,0.14668196332369873,0.2829358862123645
lab011,F2,2026-05-13 22:19:59,OFF->COLD,OFF,COLD,-0.25839502412948323,0.00028752292371880817,0.1481646837264806,0.25264246679674285
lab011,F2,2026-05-13 22:21:48,COLD->OFF,COLD,OFF,-0.1871478904662202,0.0005894647729644432,0.14286835328862704,0.20281089224060225
lab011,F2,2026-05-13 22:23:32,OFF->COLD,OFF,COLD,-0.06342198260961045,0.0007825112630139185,0.19716663057956643,0.1881078291040877
lab011,F2,2026-05-13 23:03:37,OFF->COLD,OFF,COLD,-0.11328841613465265,0.0006792942661641101,0.18594849876458094,0.2306868705976642
lab011,F2,2026-05-13 23:06:25,OFF->COLD,OFF,COLD,-0.09991751833027623,0.0011847131733964565,0.19813368470249884,0.21189148226808147
lab011,F2,2026-05-13 23:08:09,OFF->COLD,OFF,COLD,-0.02843250401605597,0.0013942562137596371,0.24967875347791288,0.12134332443761857
lab011,F2,2026-05-13 23:10:33,OFF->COLD,OFF,COLD,0.07254955807288946,0.0015239590096566059,0.2534094706045033,0.16849963134685805
lab011,F2,2026-05-13 23:23:30,OFF->COLD,OFF,COLD,-0.1178560047237999,0.0012588206678225689,0.18662538869063244,0.22035952241437057
lab011,F2,2026-05-13 23:24:39,OFF->COLD,OFF,COLD,-0.14450498464141087,0.0013226115186068866,0.16571482954979042,0.18811893756058404
lab011,F2,2026-05-13 23:25:48,OFF->COLD,OFF,COLD,-0.14087079307395628,0.0013636347242587331,0.16977075743251782,0.18952461673122717
lab011,F2,2026-05-13 23:26:48,COLD->OFF,COLD,OFF,-0.12879771405715917,0.0013848850805471713,0.17144108390397972,0.1818398081572298
lab011,F2,2026-05-13 23:48:44,OFF->COLD,OFF,COLD,-0.10142173728755595,-0.0011620395630634218,0.1677843709295234,0.15052496931667297
lab011,F2,2026-05-13 23:49:48,COLD->OFF,COLD,OFF,-0.07750582979906412,-0.0012091116284858928,0.1679044761552221,0.14619162262925597
lab011,F2,2026-05-13 23:50:53,COLD->OFF,COLD,OFF,-0.007690745500933915,-0.0012703739321823005,0.15135455973244843,0.1678994193150408
lab011,F2,2026-05-14 00:13:34,OFF->COLD,OFF,COLD,-0.1927927134052873,-2.4480180866381885e-05,0.22702760295660115,0.3264207295495092
lab011,F2,2026-05-14 00:14:38,COLD->OFF,COLD,OFF,-0.22397257512033747,0.00030897130172111696,0.24958297530740264,0.3190402656891174
lab011,F2,2026-05-14 00:15:42,OFF->COLD,OFF,COLD,-0.24064682039882984,0.0005571085375326579,0.2498823442770154,0.32271583365058404
lab011,F2,2026-05-14 00:18:26,COLD->OFF,COLD,OFF,-0.06414535897796395,0.0010646578337995425,0.33588921718738873,0.18110327968981788
lab011,F2,2026-05-14 01:03:09,OFF->COLD,OFF,COLD,-0.16448544223350525,0.0010715860532994224,0.2120693345997692,0.3477699568237398
lab011,F2,2026-05-14 01:06:12,OFF->COLD,OFF,COLD,-0.20511109679349276,0.002452878993019181,0.2217295967758276,0.3161372309820207
lab011,F2,2026-05-14 01:07:16,OFF->COLD,OFF,COLD,-0.2704026256399229,0.0028772185357440303,0.22372794633051196,0.2593460971367765
lab011,F2,2026-05-14 01:12:43,COLD->OFF,COLD,OFF,-0.1863798805325134,0.00439388870088624,0.3541266074947558,0.21329205601265563
lab011,F2,2026-05-14 02:07:36,OFF->COLD,OFF,COLD,-0.2502130719129826,8.533477287175906e-05,0.19646848953723073,0.22731157445690459
lab011,F2,2026-05-14 02:08:45,OFF->COLD,OFF,COLD,-0.19665272226596786,0.0005435003626821366,0.1885856649136951,0.2126290119159001
lab011,F2,2026-05-14 02:09:50,OFF->COLD,OFF,COLD,-0.15552088068377573,0.0008918523326470582,0.19553936005412662,0.17880381344260815
lab011,F2,2026-05-14 02:10:59,OFF->COLD,OFF,COLD,-0.09822344424061297,0.0012649424046661693,0.2449675060137528,0.18369072437911324
lab011,F2,2026-05-14 02:13:08,OFF->COLD,OFF,COLD,-0.10508583265407855,0.0018259053221158618,0.2533068738150816,0.17771142150984465
lab011,F2,2026-05-14 02:27:39,OFF->COLD,OFF,COLD,-0.09804322851237543,0.0021143324870489754,0.16938256114360906,0.271852563107149
lab011,F2,2026-05-14 02:29:04,OFF->COLD,OFF,COLD,-0.08884350487739545,0.002053090642728783,0.1684862131804764,0.22845031206851854
lab011,F2,2026-05-14 02:31:42,OFF->COLD,OFF,COLD,-0.1986779324426883,0.0018542521481594632,0.17497007333607484,0.2766691506070551
lab011,F2,2026-05-14 02:32:46,COLD->OFF,COLD,OFF,-0.19059564385590994,0.0017507153555595734,0.16634292016630267,0.26050032814417656
lab011,F2,2026-05-14 02:33:56,COLD->OFF,COLD,OFF,-0.08620863164277638,0.0015633077133649477,0.15468747157773916,0.1602428713018768
lab011,F2,2026-05-14 02:35:30,OFF->COLD,OFF,COLD,-0.015657640992316278,0.001278141578133063,0.2745840871003064,0.16107960380958786
lab011,F2,2026-05-14 03:12:08,OFF->COLD,OFF,COLD,-0.320996442499328,0.002927299369054226,0.2397619276766073,0.2413918718736565
lab011,F2,2026-05-14 03:13:32,OFF->COLD,OFF,COLD,-0.3142206706926858,0.0035898363740594743,0.2419116245881791,0.21659728848652118
lab011,F2,2026-05-14 03:14:52,COLD->OFF,COLD,OFF,-0.384212651010169,0.004206388072559286,0.24867569814478505,0.24253645310426827
lab011,F2,2026-05-14 03:18:34,COLD->OFF,COLD,OFF,-0.12826627963144865,0.0055430961115075835,0.1303408026065365,0.20188433967049688
lab011,F2,2026-05-14 04:10:04,OFF->COLD,OFF,COLD,-0.26540137947818415,0.0011621722173601025,0.18236618172054284,0.2810111740244253
lab011,F2,2026-05-14 04:11:33,OFF->COLD,OFF,COLD,-0.2895346533606903,0.0019305891009086858,0.2236338192718995,0.2859633127364325
lab011,F2,2026-05-14 04:12:58,COLD->OFF,COLD,OFF,-0.25980917195939385,0.002593542030068274,0.217132519376684,0.3003796711549219
lab011,F2,2026-05-14 04:14:12,COLD->OFF,COLD,OFF,-0.29230895150427727,0.003042955832303118,0.20503630039756565,0.22105401053723828
lab011,F2,2026-05-14 05:02:34,OFF->COLD,OFF,COLD,-0.3473653770042097,0.003034136228134088,0.2051775116385889,0.33605406538251564
lab011,F2,2026-05-14 05:04:03,OFF->COLD,OFF,COLD,-0.32197897746814824,0.0037595109225704083,0.19879417518042397,0.37034990883715946
lab011,F2,2026-05-14 05:08:40,COLD->OFF,COLD,OFF,-0.11037743912913509,0.005188923921850086,0.2375357833894106,0.23416435677803193
lab011,F2,2026-05-14 06:03:43,OFF->COLD,OFF,COLD,-0.30224504640839694,0.002901909341634079,0.18749156803623032,0.3112157409920701
lab011,F2,2026-05-14 06:04:57,COLD->OFF,COLD,OFF,-0.24522506925143842,0.0032719497058536716,0.1812960132181122,0.3042854762634592
lab011,F2,2026-05-14 06:05:57,OFF->COLD,OFF,COLD,-0.16090759470222893,0.0034938622401693878,0.18255429024870634,0.18623497881383178
lab011,F2,2026-05-14 06:07:26,OFF->COLD,OFF,COLD,-0.0769942575309313,0.0036991046617758983,0.2935183688664322,0.22348570520049102
lab011,F2,2026-05-14 06:51:25,OFF->COLD,OFF,COLD,-0.3233263402318468,0.004342375603796467,0.26070491017328407,0.36599381135384434
lab011,F2,2026-05-14 06:53:04,OFF->COLD,OFF,COLD,-0.32733295434043774,0.0051655637729884464,0.24556613336962896,0.26234614378845217
lab011,F2,2026-05-14 06:54:28,COLD->OFF,COLD,OFF,-0.3651070463133142,0.005858898078215579,0.29064016429492495,0.28661467200869256
lab011,F2,2026-05-14 06:56:42,COLD->OFF,COLD,OFF,-0.15883470293136145,0.0066565759040084545,0.3228012385124465,0.23807068796859926
lab011,F2,2026-05-14 08:03:38,OFF->COLD,OFF,COLD,-0.3084330689764729,0.005410485086776839,0.26266551098370833,0.40786140020697115
lab011,F2,2026-05-14 08:04:42,COLD->OFF,COLD,OFF,-0.3817213037640891,0.0060813032031696865,0.2696549631203221,0.25801854775184163
lab011,F2,2026-05-14 08:09:34,COLD->OFF,COLD,OFF,-0.003673560680314901,0.00839617964341748,0.2810102250486024,0.18951205082307465
lab011,F2,2026-05-14 08:10:43,COLD->OFF,COLD,OFF,-0.028828858716894223,0.00869913034338996,0.4090345587945665,0.1668363036555209
lab011,F2,2026-05-14 09:23:34,OFF->COLD,OFF,COLD,-0.4783936169760042,-0.0009947775285237496,0.2109201077766069,0.5025557947112249
lab011,F2,2026-05-14 09:25:37,OFF->COLD,OFF,COLD,-0.5275793485258697,-0.0006159033612951337,0.20459172457207134,0.5558798119952821
lab011,F2,2026-05-14 09:26:37,OFF->COLD,OFF,COLD,-0.5591418413639158,-0.0005354337568356463,0.2220034552796483,0.5860694189567742
lab011,F2,2026-05-14 09:30:34,COLD->OFF,COLD,OFF,-0.42317200125224735,-0.0012068184209007788,0.3539264623017709,0.5266700979393395
lab011,F2,2026-05-14 10:49:58,OFF->COLD,OFF,COLD,-0.240581029263916,-0.01250460872351,0.2809367983941108,0.4171154889290451
lab011,F2,2026-05-14 10:51:07,OFF->COLD,OFF,COLD,-0.17216282492276788,-0.012211188912150806,0.23124800507650073,0.41994596883570573
lab011,F2,2026-05-14 10:52:07,OFF->COLD,OFF,COLD,-0.30922953591079294,-0.011871785959986126,0.2289808585110758,0.23969928566264387
lab011,F2,2026-05-14 10:55:40,COLD->OFF,COLD,OFF,-0.05301279542153626,-0.010703834156077983,0.26576800942020173,0.16333276818743253
lab011,F2,2026-05-14 11:32:08,OFF->COLD,OFF,COLD,-0.24162788651693268,-0.004104880479494866,0.2888202852069921,0.1973459979036412
lab011,F2,2026-05-14 11:33:18,COLD->OFF,COLD,OFF,-0.26644801318794914,-0.0037006709721900677,0.2919865028950869,0.19478389275180902
lab011,F2,2026-05-14 12:15:08,OFF->COLD,OFF,COLD,-0.18464491351714712,0.005784630422524329,0.15098388863196924,0.26732970999011646
lab011,F2,2026-05-14 12:16:08,OFF->COLD,OFF,COLD,-0.12775040667701612,0.005756323503087413,0.10777089468266907,0.2675376890050496
lab011,F2,2026-05-14 12:17:12,OFF->COLD,OFF,COLD,-0.13983037716987406,0.005673289686301253,0.10620233021296972,0.2664675908776189
lab011,F2,2026-05-14 12:20:05,COLD->OFF,COLD,OFF,0.09363104587846069,0.005196268620985833,0.2978399802059255,0.09723440352202323
lab011,F2,2026-05-14 12:21:25,OFF->COLD,OFF,COLD,0.04078589270750771,0.004823916047991572,0.2854882089747777,0.23391205169081236
lab011,F2,2026-05-14 13:01:46,OFF->COLD,OFF,COLD,-0.2098771549531945,0.002126222222576879,0.09845641465504767,0.21938296852975617
lab011,F2,2026-05-14 13:04:00,COLD->OFF,COLD,OFF,-0.03506979649694057,0.0025037282026837194,0.19257559037591615,0.09948122523709631
lab011,F2,2026-05-14 13:33:43,OFF->COLD,OFF,COLD,-0.17536190547965266,-0.0005822639903400261,0.1744003942718321,0.27028072848242607
lab011,F2,2026-05-14 13:34:57,COLD->OFF,COLD,OFF,0.002716967570940018,-0.0004176867685242282,0.1387175640158846,0.21382455620941346
lab011,F2,2026-05-14 13:54:40,OFF->COLD,OFF,COLD,-0.5087897765462519,0.00432560551453014,0.25368417936786963,0.35942807378370567
lab011,F2,2026-05-14 13:55:55,OFF->COLD,OFF,COLD,-0.4709491572019734,0.0048568776140856425,0.17792546130012596,0.34413707894161744
lab011,F2,2026-05-14 13:58:03,COLD->OFF,COLD,OFF,-0.40957440777418647,0.0055873667332977375,0.19326366637854822,0.3411762201931508
lab011,F2,2026-05-14 13:59:52,COLD->OFF,COLD,OFF,-0.314842391925055,0.005986962684706199,0.3022808085948624,0.32103858925962947
lab011,F2,2026-05-14 14:32:53,OFF->COLD,OFF,COLD,2.89552147196691,-0.0277902064978101,0.3296530847695274,10.266014292869514
lab011,F2,2026-05-14 14:34:22,OFF->COLD,OFF,COLD,2.185950037164992,-0.02867849172452619,0.3708397846305828,7.8311358654219845
lab011,F2,2026-05-14 14:35:26,COLD->OFF,COLD,OFF,2.4923239935273216,-0.02905833535913966,0.33354677810835154,8.079477976997378
lab011,F2,2026-05-14 14:37:10,COLD->OFF,COLD,OFF,2.4336972136850323,-0.02841210761781745,0.5129290860254584,7.819976887657895
lab011,F2,2026-05-14 14:38:10,OFF->COLD,OFF,COLD,2.5759331904020604,-0.027332845798212095,0.5609566738545801,7.818643626006741
lab011,F2,2026-05-14 15:16:17,OFF->COLD,OFF,COLD,0.02223084429360417,0.014600308777601524,0.37556105269778783,0.5485092178326751
lab011,F2,2026-05-14 15:22:09,COLD->OFF,COLD,OFF,0.5212717418718148,0.0010788932057546954,0.5520265484164026,0.1230459634118129
lab011,F2,2026-05-14 15:23:43,OFF->COLD,OFF,COLD,0.47523173799790164,-0.0022068113180697888,0.4622270382487704,0.2107757387313943
lab011,F2,2026-05-14 15:54:50,OFF->COLD,OFF,COLD,-0.28341733029524163,-0.009073867950567815,0.18565312814574345,0.4061311089148295
lab011,F2,2026-05-14 15:55:54,COLD->OFF,COLD,OFF,-0.09491814066379889,-0.008136005488691846,0.15003855651524856,0.31080013166274767
lab011,F2,2026-05-14 15:56:54,COLD->OFF,COLD,OFF,0.09789411112441233,-0.007504488533189302,0.2622373318334,0.16364945826715482
lab011,F2,2026-05-14 16:25:37,OFF->COLD,OFF,COLD,-0.3602827929795019,0.0022572924611711682,0.19814725209692538,0.40560938384997897
lab011,F2,2026-05-14 16:27:06,COLD->OFF,COLD,OFF,-0.13351339415222696,0.0025892385671442367,0.18743866324072325,0.21293176480851286
lab011,F2,2026-05-14 16:28:35,COLD->OFF,COLD,OFF,0.03789688038353835,0.0027691783591450303,0.4109665598303116,0.18377667511376886
lab011,F2,2026-05-14 16:58:33,OFF->COLD,OFF,COLD,-0.04906835906971899,0.0021767351083735948,0.14135546108199973,0.20961632211207087
lab011,F2,2026-05-14 16:59:37,OFF->COLD,OFF,COLD,-0.08976079853801365,0.00238506862480079,0.15745484535981283,0.22709607210458588
lab011,F2,2026-05-14 17:01:51,COLD->OFF,COLD,OFF,-0.2669161594545659,0.002842036094604628,0.21787759065964224,0.12363456744177385
lab011,F2,2026-05-14 17:03:00,COLD->OFF,COLD,OFF,0.022546213309709497,0.003031570852550902,0.3522524825269186,0.1238063043420501
lab011,F2,2026-05-14 17:28:50,OFF->COLD,OFF,COLD,-0.301834032987176,0.004096531385130886,0.1828080311413593,0.3152258183321763
lab011,F2,2026-05-14 17:29:50,OFF->COLD,OFF,COLD,-0.29355201177088985,0.004120066492025032,0.19390277186124782,0.30402787746797755
lab011,F2,2026-05-14 17:32:33,COLD->OFF,COLD,OFF,0.08636944351142443,0.0038162639225771894,0.446072002285122,0.13484118710296367
lab011,F2,2026-05-14 17:33:57,OFF->COLD,OFF,COLD,-0.02354553165601292,0.0033056201629087846,0.2344012431067845,0.1410362147961391
lab011,F2,2026-05-14 18:07:43,OFF->COLD,OFF,COLD,-0.3035508882063766,0.0013226824028167881,0.18956350475194314,0.3681376798927655
lab011,F2,2026-05-14 18:09:47,OFF->COLD,OFF,COLD,-0.3925035082671361,0.001911548195695767,0.18389024992527347,0.36364925638657647
lab011,F2,2026-05-14 18:13:20,COLD->OFF,COLD,OFF,-0.15040718415235715,0.0023827540508680077,0.22705350197728102,0.1968989165223043
lab011,F2,2026-05-14 18:54:21,OFF->COLD,OFF,COLD,-0.21479568946243444,0.0016502151522921117,0.20366802615411042,0.2978058451177246
lab011,F2,2026-05-14 18:55:35,OFF->COLD,OFF,COLD,-0.2550753173585638,0.0020907197650158913,0.144453661322082,0.2618620874795923
lab011,F2,2026-05-14 18:58:43,COLD->OFF,COLD,OFF,-0.04020488058670163,0.002870175016947818,0.34699197046733443,0.14046669351956192
lab011,F2,2026-05-14 19:42:28,OFF->COLD,OFF,COLD,-0.3930932240892962,0.001026382457262698,0.21188717528835935,0.32743598420203096
lab011,F2,2026-05-14 19:43:47,OFF->COLD,OFF,COLD,-0.28670159836905973,0.0014399306618772423,0.16480259278322867,0.20643575448736132
lab011,F2,2026-05-14 19:50:43,COLD->OFF,COLD,OFF,0.034423126211880595,0.0021353195139031333,0.19366451420315928,0.18272753624290095
lab011,F2,2026-05-14 20:28:21,OFF->COLD,OFF,COLD,-0.30279180665531374,0.002994954713863041,0.11320739432371453,0.31862711929943305
lab011,F2,2026-05-14 20:29:31,OFF->COLD,OFF,COLD,-0.33992374186592783,0.0035860195088571077,0.1900536313973751,0.29795811610781425
lab011,F2,2026-05-14 20:33:28,COLD->OFF,COLD,OFF,-0.09848739569557377,0.004763467364305018,0.31099427962624254,0.22119969251225377
lab011,F2,2026-05-14 21:21:50,OFF->COLD,OFF,COLD,-0.336651664308831,0.002161177803522385,0.15803205632200967,0.35798895904735484
lab011,F2,2026-05-14 21:27:02,COLD->OFF,COLD,OFF,0.027279797561691452,0.002532825305712283,0.4333269770720823,0.13356225488961912
lab011,F2,2026-05-14 21:59:58,OFF->COLD,OFF,COLD,-0.3606061156035616,0.002816444799965701,0.3030707368309565,0.22354422205282287
lab011,F2,2026-05-14 22:01:02,COLD->OFF,COLD,OFF,-0.38696888303693644,0.0032065670051953264,0.3013250400338533,0.23620135985209717
lab011,F2,2026-05-14 22:02:37,COLD->OFF,COLD,OFF,-0.24788045832885702,0.003746558268663302,0.31047148835466337,0.1914762366340703
lab011,F2,2026-05-14 22:03:56,COLD->OFF,COLD,OFF,-0.27641682227232584,0.004061954972582127,0.32614670437893406,0.218479647431344
lab011,F2,2026-05-14 22:48:25,OFF->COLD,OFF,COLD,-0.39080655148670895,0.0012195784112123632,0.24134552818940555,0.28221392031034215
lab011,F2,2026-05-14 22:49:29,COLD->OFF,COLD,OFF,-0.3510554311120575,0.0016390130909476497,0.21185583566648786,0.2790491391510457
lab011,F2,2026-05-14 22:53:27,COLD->OFF,COLD,OFF,-0.11442414233376344,0.0027357272641369335,0.28096990168285346,0.21173642132107529
lab011,F2,2026-05-14 23:42:33,OFF->COLD,OFF,COLD,-0.22069757205960458,0.0025938919651313785,0.22950901897130066,0.3509912555203591
lab011,F2,2026-05-14 23:43:38,OFF->COLD,OFF,COLD,-0.4558091543433129,0.0032834898117136916,0.16523288077881657,0.36917737974130393
lab011,F2,2026-05-14 23:50:29,COLD->OFF,COLD,OFF,-0.08957344666835454,0.005448603612809122,0.3524291695951339,0.15995149289303146
lab011,F2,2026-05-15 00:34:58,OFF->COLD,OFF,COLD,-0.2321788967990135,0.0018412271007900438,0.17553206680412287,0.47115152683551326
lab011,F2,2026-05-15 00:35:58,COLD->OFF,COLD,OFF,-0.4026445345719039,0.002421495363740567,0.19095195868604664,0.3710319256902525
lab011,F2,2026-05-15 00:41:34,COLD->OFF,COLD,OFF,-0.164079038796273,0.004575651100161471,0.39821734505633166,0.19807847442063556
lab011,F2,2026-05-15 00:42:34,OFF->COLD,OFF,COLD,-0.18275339707277197,0.004711409920958354,0.39808843782831277,0.2222896262826746
lab011,F2,2026-05-15 01:24:30,OFF->COLD,OFF,COLD,-0.28052097470631815,0.0011903709538321871,0.18241385304440216,0.23164771771145337
lab011,F2,2026-05-15 01:25:39,OFF->COLD,OFF,COLD,-0.2823187049972684,0.001655223268770478,0.19681659350581648,0.22818730416991748
lab011,F2,2026-05-15 01:26:44,COLD->OFF,COLD,OFF,-0.25684620540022773,0.0019807861856967032,0.19636080618231821,0.22079167827044424
lab011,F2,2026-05-15 01:28:08,COLD->OFF,COLD,OFF,-0.29672744796150463,0.002407413277844195,0.2132272539075832,0.18646079410541577
lab011,F2,2026-05-15 01:29:52,COLD->OFF,COLD,OFF,-0.08211537624721622,0.0026788223049983182,0.19022698017555467,0.21419930856013183
lab011,F2,2026-05-15 01:30:52,COLD->OFF,COLD,OFF,-0.036397695616270306,0.002777565455653086,0.17943118203340452,0.18126839084248944
lab011,F2,2026-05-15 02:11:10,OFF->COLD,OFF,COLD,-0.31347616594371036,0.0021610610329617867,0.17556378093050853,0.3420569808668649
lab011,F2,2026-05-15 02:12:24,COLD->OFF,COLD,OFF,-0.17824880994511527,0.002463369000245219,0.23996325144303365,0.21415226948892288
lab011,F2,2026-05-15 02:13:43,COLD->OFF,COLD,OFF,-0.22205242724994917,0.002766121758429141,0.16417317655097852,0.24931961639811925
lab011,F2,2026-05-15 02:16:02,COLD->OFF,COLD,OFF,-0.22863335159618192,0.0029521912656109706,0.13287809128837347,0.20748462034663706
lab011,F2,2026-05-15 02:54:41,OFF->COLD,OFF,COLD,-0.3188100787887543,0.0029160209489721197,0.2325860020006269,0.28702073565297415
lab011,F2,2026-05-15 02:56:40,OFF->COLD,OFF,COLD,-0.37866725960623326,0.0038018184360154583,0.27720776669940683,0.2624857675955899
lab011,F2,2026-05-15 03:00:18,COLD->OFF,COLD,OFF,-0.2977133166112005,0.004781964945287598,0.2877084146952353,0.2974916555392082
lab011,F2,2026-05-15 03:01:22,OFF->COLD,OFF,COLD,-0.26414504865697724,0.004909773082556468,0.2667092926989806,0.29879545709001964
lab011,F2,2026-05-15 03:52:54,OFF->COLD,OFF,COLD,-0.3441108133343378,0.00628067423946983,0.18499171513080873,0.26128256168303626
lab011,F2,2026-05-15 03:56:07,COLD->OFF,COLD,OFF,-0.1518144713953778,0.00731658992815667,0.2306522356466965,0.2452882157147948
lab011,F2,2026-05-15 03:57:36,COLD->OFF,COLD,OFF,-0.3100875008224096,0.00750026879847967,0.2278765290854713,0.32379321283759144
lab011,F2,2026-05-15 04:45:11,OFF->COLD,OFF,COLD,-0.40496024751992743,0.0032683025623004404,0.24009946321452227,0.3026045337392601
lab011,F2,2026-05-15 04:46:15,OFF->COLD,OFF,COLD,-0.40879283302532293,0.003769038664205815,0.2436431924192684,0.3076520592040466
lab011,F2,2026-05-15 04:48:44,COLD->OFF,COLD,OFF,-0.19711880228864395,0.004627832636498842,0.209114861171362,0.24736920200221726
lab011,F2,2026-05-15 04:49:53,COLD->OFF,COLD,OFF,-0.2981949427623764,0.004925054890067737,0.3180854968242884,0.29364408020954014
lab011,F2,2026-05-15 05:34:44,OFF->COLD,OFF,COLD,-0.34007767041004766,0.004453297058617456,0.24409442511995358,0.32676978618887037
lab011,F2,2026-05-15 05:35:53,OFF->COLD,OFF,COLD,-0.46727015515289244,0.005046838439530599,0.2263014148101024,0.4053074613103654
lab011,F2,2026-05-15 05:38:46,COLD->OFF,COLD,OFF,-0.3652242912295197,0.005992121370122239,0.30647010405424624,0.25956673643087014
lab011,F2,2026-05-15 05:40:06,COLD->OFF,COLD,OFF,-0.21522780529446803,0.006195243150972996,0.27291258848919453,0.32735966781100584
lab011,F2,2026-05-15 06:29:44,OFF->COLD,OFF,COLD,-0.43464407312757025,0.003433606245167464,0.2232226321215303,0.3193970461204742
lab011,F2,2026-05-15 06:35:46,COLD->OFF,COLD,OFF,-0.12674611237200237,0.006715575973674981,0.2679660826874584,0.2710458456342265
lab011,F2,2026-05-15 07:27:33,OFF->COLD,OFF,COLD,-0.3917196505083409,0.0064763897234977556,0.24410663818018058,0.3072096521161168
lab011,F2,2026-05-15 07:28:37,OFF->COLD,OFF,COLD,-0.3503241009007624,0.006985406881930256,0.21454574110265992,0.3050204694569807
lab011,F2,2026-05-15 07:31:20,COLD->OFF,COLD,OFF,-0.45853043912380864,0.007978884035485523,0.17594000167186802,0.4457738969253343
lab011,F2,2026-05-15 07:32:20,OFF->COLD,OFF,COLD,-0.38695615951061096,0.008125438018976406,0.25270237807080137,0.41973502761417447
lab011,F2,2026-05-15 08:19:20,OFF->COLD,OFF,COLD,-0.23707379246417765,0.006520205884548558,0.4541882193014889,0.2767947581135913
lab011,F2,2026-05-15 08:20:25,COLD->OFF,COLD,OFF,-0.24764912286593313,0.007817706770871392,0.35956152784486933,0.20785220694645126
lab011,F2,2026-05-15 08:22:29,COLD->OFF,COLD,OFF,-0.33789114892583616,0.009911451410300342,0.37670624984277756,0.25646994850486826
lab011,F2,2026-05-15 08:23:58,OFF->COLD,OFF,COLD,-0.41758639816546145,0.011399553506961889,0.4739709479845265,0.26269562087581566
lab011,F2,2026-05-15 09:02:37,OFF->COLD,OFF,COLD,-0.06760981570933222,-0.045328171682346416,0.8605471018390266,0.9575992893560099
lab011,F2,2026-05-15 09:03:52,OFF->COLD,OFF,COLD,-0.4234693620105935,-0.04984391880765657,0.8218153891196769,1.2559057962817508
lab011,F2,2026-05-15 09:06:16,COLD->OFF,COLD,OFF,3.4051427514681025,-0.05906641619518224,0.9199635448518056,10.925479259291503
lab011,F2,2026-05-15 09:07:20,COLD->OFF,COLD,OFF,7.296470046373641,-0.06278626228071298,0.971396789616472,16.056600881123224
lab011,F2,2026-05-15 09:47:39,OFF->COLD,OFF,COLD,0.1761068398811223,0.07266839063591277,1.062349984933689,1.0504027840546224
lab011,F2,2026-05-15 09:48:58,OFF->COLD,OFF,COLD,0.295414646616021,0.06763309994912588,1.013246861899449,0.9182659959681151
lab011,F2,2026-05-15 09:53:55,COLD->OFF,COLD,OFF,0.7690004798700703,0.040344258656393656,1.100111409961568,0.3009963988605419
lab011,F2,2026-05-15 09:54:55,COLD->OFF,COLD,OFF,0.790028605321697,0.03454858959009593,1.0717743415666547,0.24407801319921513
lab011,F2,2026-05-15 10:45:33,OFF->COLD,OFF,COLD,-0.9568888015252843,0.0033520465616587282,0.3468925189167237,1.2474980055489087
lab011,F2,2026-05-15 10:46:33,OFF->COLD,OFF,COLD,-1.0809106067988545,0.0049009277983093295,0.37391716742298076,1.2553739882353503
lab011,F2,2026-05-15 10:52:49,COLD->OFF,COLD,OFF,-0.9501341371583658,0.007654100393380947,0.9755558766998025,0.925746922843453
lab011,F2,2026-05-15 11:47:06,OFF->COLD,OFF,COLD,-0.6208914270261788,-0.0026677121424042854,0.7291559227955638,0.9774298418409332
lab011,F2,2026-05-15 11:49:05,OFF->COLD,OFF,COLD,-1.0355601915103851,0.005085637637351814,0.8241866820775112,0.8321615536276001
lab011,F2,2026-05-15 11:50:05,OFF->COLD,OFF,COLD,-1.31369592748076,0.008998329649996514,0.8480175598576077,0.6532059098025367
lab011,F2,2026-05-15 11:55:27,COLD->OFF,COLD,OFF,-1.0696995427325673,0.028133818728700757,0.8307603960200249,0.7738999240696334
lab011,F2,2026-05-15 12:27:25,OFF->COLD,OFF,COLD,-1.235372996890439,0.035284531948725294,0.5417207017057101,0.9312919085372354
lab011,F2,2026-05-15 12:28:39,OFF->COLD,OFF,COLD,-1.283930014033466,0.036312782476794814,0.5699810581911587,0.850612578665179
lab011,F2,2026-05-15 12:32:28,COLD->OFF,COLD,OFF,-0.7827655849813041,0.035473163164486454,0.7115211171395391,0.7626735063396382
lab011,F2,2026-05-15 13:05:21,OFF->COLD,OFF,COLD,-1.0796550029535892,-0.00527742278215193,0.5692993173313268,1.049975808192263
lab011,F2,2026-05-15 13:06:30,COLD->OFF,COLD,OFF,-1.3028250957135419,-0.003750881222162411,0.5727010631876966,1.0105880140804542
lab011,F2,2026-05-15 13:11:43,COLD->OFF,COLD,OFF,-0.5117289294644707,0.002030619844041494,1.115773741963812,0.5571001834979774
lab011,F2,2026-05-15 13:44:41,OFF->COLD,OFF,COLD,-1.664058550366443,-0.0011310806998079855,0.7607283989878142,1.102148281404781
lab011,F2,2026-05-15 13:45:50,OFF->COLD,OFF,COLD,-1.8414715892788953,0.0003297118289109051,0.7927816003173324,1.147247015058842
lab011,F2,2026-05-15 13:49:33,COLD->OFF,COLD,OFF,-0.7930633391604334,0.003927816777338045,1.0991721430000387,0.8586944595894915
lab011,F2,2026-05-15 14:26:50,OFF->COLD,OFF,COLD,-1.891304609593571,0.016169530444468182,1.081895380103035,1.0292157248026967
lab011,F2,2026-05-15 14:28:09,OFF->COLD,OFF,COLD,-1.8631730502839576,0.021212099890626047,0.9964156899817176,1.0036210895674145
lab011,F2,2026-05-15 14:32:37,COLD->OFF,COLD,OFF,-1.445271723170504,0.0311649577217187,1.2316672703378038,1.0578248509100716
lab011,F2,2026-05-15 14:59:43,OFF->COLD,OFF,COLD,1.8536132732232733,-0.05747262765772412,1.6565456533407672,1.721131928253192
lab011,F2,2026-05-15 15:00:58,COLD->OFF,COLD,OFF,2.3983460329870736,-0.0653943750457647,1.7882541210873646,1.3921855877489977
lab011,F2,2026-05-15 15:20:43,HOT->OFF,HOT,OFF,-2.9407948794868712,-0.05227868499463097,2.9438909894467606,3.3990417983386654
lab011,F2,2026-05-15 15:25:15,OFF->COLD,OFF,COLD,-5.663922146738768,-0.007724270785682635,3.242575691126515,3.135450699981951
lab011,F2,2026-05-15 15:28:34,COLD->OFF,COLD,OFF,-4.064052253249061,0.020930993253198332,3.3203029528576002,2.5049778024819833
lab011,F2,2026-05-15 15:31:57,OFF->HOT,OFF,HOT,0.4940274993197461,0.04399892026422095,2.936500832595957,2.1958176708847446
lab011,F2,2026-05-15 15:40:28,HOT->OFF,HOT,OFF,1.0497230573657688,0.06962804919117299,2.4216508326142887,2.562252811401376
lab011,F2,2026-05-15 15:46:15,OFF->COLD,OFF,COLD,-4.241740675102127,0.07390653464849058,1.8162275631160703,3.2246325411734267
lab011,F2,2026-05-15 15:48:34,COLD->OFF,COLD,OFF,-3.830908371332763,0.07378936409097063,1.9849409022785542,3.1093473342152342
lab011,F2,2026-05-15 15:52:17,OFF->HOT,OFF,HOT,1.0198916191231344,0.06757896177609331,2.827286747740192,2.399812820571233
lab011,F2,2026-05-15 16:00:37,HOT->OFF,HOT,OFF,1.0209200190240884,0.04678700283635617,2.9699722799185957,2.842834316944279
lab011,F2,2026-05-15 16:04:30,OFF->COLD,OFF,COLD,-3.5790726788626905,0.04386747704153154,2.3716596904951484,2.8823718297902805
lab011,F2,2026-05-15 16:07:39,COLD->OFF,COLD,OFF,-2.738221490395545,0.039524404315871384,2.4827440983392597,2.4620830071310635
lab011,F2,2026-05-15 16:10:18,OFF->HOT,OFF,HOT,-0.7715791178508375,0.032620918225207615,2.89892807255277,1.9001905827400978
lab011,F2,2026-05-15 16:20:52,HOT->OFF,HOT,OFF,0.8659071244085466,-0.012470812627173616,2.3594695015462155,2.5635318638922096
lab011,F2,2026-05-15 16:26:59,OFF->COLD,OFF,COLD,-4.405461654711403,-0.01638687035385615,2.136859924323923,2.9462318426591336
lab011,F2,2026-05-15 16:28:53,COLD->OFF,COLD,OFF,-4.208110550879464,-0.012531681754368931,2.2340201759305622,2.7540783571106835
lab011,F2,2026-05-15 16:33:41,OFF->HOT,OFF,HOT,1.2305234316553721,-0.007874578534142175,2.7539016406332557,2.4425786211118083
lab011,F2,2026-05-15 16:42:31,HOT->OFF,HOT,OFF,0.8193187944826616,-0.020396671722322422,2.701548117846658,2.879605565064427
lab011,F2,2026-05-15 16:47:19,OFF->COLD,OFF,COLD,-4.665810176662265,-0.018702129789576638,2.2312042744419665,3.2890583288761706
lab011,F2,2026-05-15 16:49:47,COLD->OFF,COLD,OFF,-4.320519137658977,-0.015618395800063925,2.416212864585708,2.862759735543384
lab011,F2,2026-05-15 16:53:06,OFF->HOT,OFF,HOT,0.9451926269354183,-0.013751685505259563,3.1926979795218156,2.700470205610648
lab011,F2,2026-05-15 17:03:26,HOT->OFF,HOT,OFF,-0.4552200800614976,-0.0252225728220747,2.6447948398440806,3.4157207370161817
lab011,F2,2026-05-15 17:07:43,OFF->COLD,OFF,COLD,-5.0480177888475595,-0.01835855998225071,2.5095294346877166,3.405159422449074
lab011,F2,2026-05-15 17:09:47,COLD->OFF,COLD,OFF,-5.3262656105847785,-0.014117388845681412,2.8412998875852837,3.106682909075271
lab011,F2,2026-05-15 17:14:25,OFF->HOT,OFF,HOT,1.4717882456046056,-0.01090276367977019,3.4157207370161817,2.8770469500934475
lab011,F2,2026-05-15 17:23:11,HOT->OFF,HOT,OFF,0.9831493647077476,-0.022632334947031298,3.031103599724543,3.194246086551455
lab011,F2,2026-05-15 17:28:23,OFF->COLD,OFF,COLD,-4.882236507613471,-0.012889303104131323,2.6933985820197104,3.152360677423157
lab011,F2,2026-05-15 17:30:17,COLD->OFF,COLD,OFF,-5.208404858763833,-0.008393265279900853,2.901564155395307,3.3220265686360304
lab011,F2,2026-05-15 17:35:10,OFF->HOT,OFF,HOT,1.6808725518243808,-0.001710248228511447,3.362344141007095,2.8997629087314873
lab011,F2,2026-05-15 17:36:14,OFF->HOT,OFF,HOT,3.08533654937166,-0.001843505325656379,3.542944994062353,2.809658780329097
lab011,F2,2026-05-15 17:42:56,HOT->OFF,HOT,OFF,0.6500753137765936,-0.003019746866270625,3.2341167333462213,3.442719555846389
lab011,F2,2026-05-15 17:48:18,OFF->COLD,OFF,COLD,-4.9574363485407344,0.007336035301699441,2.7426464871568834,3.662345500668128
lab011,F2,2026-05-15 17:50:42,COLD->OFF,COLD,OFF,-3.5547184176116433,0.013721449731422905,3.392505687661969,3.5944104315416756
lab011,F2,2026-05-15 17:54:35,OFF->HOT,OFF,HOT,1.3948068781740557,0.017027803029315083,3.292624929547151,3.0210838409474254
lab011,F2,2026-05-15 18:01:17,HOT->OFF,HOT,OFF,1.0620499503659104,0.00944427925574427,3.53044506874997,3.7095218252289315
lab011,F2,2026-05-15 18:06:34,OFF->COLD,OFF,COLD,-5.479807628307122,0.009671433099521565,3.0512722528098775,4.391990609071934
lab011,F2,2026-05-15 18:08:38,COLD->OFF,COLD,OFF,-5.006565209412599,0.01057059272604004,2.954990301291126,3.7937404187217605
lab011,F2,2026-05-15 18:12:56,OFF->HOT,OFF,HOT,1.9392315683587729,0.00673722642340504,3.5600589256132613,3.6273975657892215
lab011,F2,2026-05-15 18:20:17,HOT->OFF,HOT,OFF,1.6938078699659165,-0.007070613683762872,4.024966893046356,4.149856584887791
lab011,F2,2026-05-15 18:25:19,OFF->COLD,OFF,COLD,-5.386981264179718,0.0015840863092920544,3.52624232712593,4.206564702050731
lab011,F2,2026-05-15 18:27:18,COLD->OFF,COLD,OFF,-5.219200376083677,0.004693996744717488,3.4800261239878116,4.072836212108714
lab011,F2,2026-05-15 18:31:56,OFF->HOT,OFF,HOT,2.968795131621162,0.003933354847347735,4.54077136265916,3.9289193215818896
lab011,F2,2026-05-15 18:38:43,HOT->OFF,HOT,OFF,1.940089928218585,-0.01258701442587853,4.3865042110135395,4.221875685643195
lab011,F2,2026-05-15 18:43:16,OFF->COLD,OFF,COLD,-6.13446918584632,-0.0053283673947225555,3.787062009492618,4.252405397954148
lab011,F2,2026-05-15 18:45:30,COLD->OFF,COLD,OFF,-6.221346055892269,0.0020404469882915784,3.849832479016931,3.886851653196054
lab011,F2,2026-05-15 18:51:07,OFF->HOT,OFF,HOT,3.35088834814401,0.004457958898169245,4.273824453004518,3.719164772173655
lab011,F2,2026-05-15 18:57:48,HOT->OFF,HOT,OFF,2.231885196514349,-0.005729314437581402,4.201225014560066,4.653617936192338
lab011,F2,2026-05-15 19:02:41,OFF->COLD,OFF,COLD,-6.633630945025256,0.0066845116979319386,4.067617565961562,5.00736053412704
lab011,F2,2026-05-15 19:05:20,COLD->OFF,COLD,OFF,-5.786876410404242,0.012910051641749298,4.011161016614006,4.722468422144563
lab011,F2,2026-05-15 19:09:18,OFF->HOT,OFF,HOT,1.7463616925922871,0.016669644155700956,4.471476305527612,4.59493726418618
lab011,F2,2026-05-15 19:16:14,HOT->OFF,HOT,OFF,0.5873709927508131,0.010588623731605296,4.722468422144563,5.66771660413823
lab011,F2,2026-05-15 19:20:47,OFF->COLD,OFF,COLD,-5.950256332539372,0.01692535199296277,4.186820404432961,5.917197359633275
lab011,F2,2026-05-15 19:23:11,COLD->OFF,COLD,OFF,-4.894610168033503,0.02098999141985285,4.673140747554813,5.417620959124545
lab011,F2,2026-05-15 19:26:54,OFF->HOT,OFF,HOT,2.9383967369869755,0.01893297042650808,5.337979033870953,4.9279296232454906
lab011,F2,2026-05-15 19:34:10,HOT->OFF,HOT,OFF,1.1063176533034849,-0.0031122655643271123,5.417620959124545,4.841173552857906
lab011,F2,2026-05-15 19:38:28,OFF->COLD,OFF,COLD,-7.069562275495592,-0.0018014516103152176,4.812055742780081,4.924369181898204
lab011,F2,2026-05-15 19:40:47,COLD->OFF,COLD,OFF,-7.161713090981404,-0.000393575017135106,4.483857954388082,4.666728992540005
lab011,F2,2026-05-15 19:46:14,OFF->HOT,OFF,HOT,4.345758934664447,-0.008216632066787001,5.024081863893371,4.922013005017502
lab011,F2,2026-05-15 19:53:01,HOT->OFF,HOT,OFF,2.063512583008696,-0.025667998206973408,5.082733850659806,5.500349298422896
lab011,F2,2026-05-15 19:57:29,OFF->COLD,OFF,COLD,-7.190287531372502,-0.01820642234259964,4.676550745452967,5.573404592718388
lab011,F2,2026-05-15 19:59:37,COLD->OFF,COLD,OFF,-7.026437251502151,-0.011365581811276115,4.8781880359816485,5.545158407522747
lab011,F2,2026-05-15 20:03:30,OFF->HOT,OFF,HOT,1.799640379761089,-0.0034480199745242856,5.44765887632333,5.11256882692532
lab011,F2,2026-05-15 20:10:52,HOT->OFF,HOT,OFF,1.875958678094631,-0.005739424540216476,5.428146287588663,5.09580883063585
lab011,F2,2026-05-15 20:15:39,OFF->COLD,OFF,COLD,-7.413095566953729,0.004268696545235429,4.584557808144661,5.7640258334876355
lab011,F2,2026-05-15 20:18:13,COLD->OFF,COLD,OFF,-5.789753889121997,0.01030795771501012,4.8491552248513825,5.878325630032114
lab011,F2,2026-05-15 20:22:11,OFF->HOT,OFF,HOT,3.540491494527985,0.01194916987129364,5.441735573827426,5.297281570655379
lab011,F2,2026-05-15 20:29:32,HOT->OFF,HOT,OFF,1.1022197501825235,0.0013648765000164433,5.580144438168941,5.426541105990718
lab011,F2,2026-05-15 20:33:50,OFF->COLD,OFF,COLD,-7.337263941620444,0.008484623019815984,4.839453318142733,5.765473215441981
lab011,F2,2026-05-15 20:36:19,COLD->OFF,COLD,OFF,-6.060570636861485,0.012167932773253478,5.253444895606275,5.433230649357011
lab011,F2,2026-05-15 20:40:57,OFF->HOT,OFF,HOT,3.86407014748197,0.007777434352056645,5.267941210097897,5.124658618019154
lab011,F2,2026-05-15 20:46:54,HOT->OFF,HOT,OFF,1.2976449021659113,-0.009228836042785281,5.491134221606913,6.082472269828729
lab011,F2,2026-05-15 20:51:17,OFF->COLD,OFF,COLD,-6.388630626676997,-0.008624763992939322,4.793784372178668,6.181971540389752
lab011,F2,2026-05-15 20:53:11,COLD->OFF,COLD,OFF,-7.233404550589597,-0.006854743319107825,4.632301365304689,5.954170315768834
lab011,F2,2026-05-15 20:57:04,OFF->HOT,OFF,HOT,1.8617549252551489,-0.009306754161534236,5.891886760772181,5.439996282380991
lab011,F2,2026-05-15 21:05:00,HOT->OFF,HOT,OFF,1.7112375347276125,-0.03791793692389173,6.003264169748611,5.328251513623339
lab011,F2,2026-05-15 21:08:58,OFF->COLD,OFF,COLD,-6.824808374054857,-0.035934200797633764,5.264391683803622,5.323736789053022
lab011,F2,2026-05-15 21:10:52,COLD->OFF,COLD,OFF,-7.168787160660395,-0.02978484680198843,4.95677165804212,5.413823902352691
lab011,F2,2026-05-15 21:16:04,OFF->HOT,OFF,HOT,3.340340587260391,-0.015857658388971532,5.328251513623339,5.629345081011287
lab011,F2,2026-05-15 21:21:56,HOT->OFF,HOT,OFF,3.0041408181832034,-0.009773188241987002,5.247350249551352,6.176773943684216
lab011,F2,2026-05-15 21:26:44,OFF->COLD,OFF,COLD,-6.645469498857443,0.006538764931399044,5.565995675674656,6.068659967290385
lab011,F2,2026-05-15 21:28:43,COLD->OFF,COLD,OFF,-7.510951099833237,0.01644576615671447,5.447869732787978,5.901496301448245
lab011,F2,2026-05-15 21:32:36,OFF->HOT,OFF,HOT,1.444893871307838,0.031961013787357474,5.940848980409634,5.094982215067122
lab011,F2,2026-05-15 21:38:52,HOT->OFF,HOT,OFF,2.947653860074859,0.03848262695712919,6.03731152567917,4.959634002823385
lab011,F2,2026-05-15 21:43:00,OFF->COLD,OFF,COLD,-4.918811564828986,0.03855852236167437,5.1326689958120415,5.223856689432894
lab011,F2,2026-05-15 21:45:49,COLD->OFF,COLD,OFF,-5.250537311090171,0.039200999638400444,4.58085396936103,5.098006257934199
lab011,F2,2026-05-15 21:49:27,OFF->HOT,OFF,HOT,3.0076925157664696,0.035759008836130944,5.200643719312011,4.917951665761922
lab011,F2,2026-05-15 21:56:04,HOT->OFF,HOT,OFF,2.4937135948730127,0.022556081287991962,5.264419295539501,5.722992108563638
lab011,F2,2026-05-15 22:00:17,OFF->COLD,OFF,COLD,-6.288963179567898,0.01822624174147336,4.910039067673542,5.8625710980340715
lab011,F2,2026-05-15 22:02:26,COLD->OFF,COLD,OFF,-6.908612678865374,0.01604205743781044,4.749210058190576,5.4364816156791145
lab011,F2,2026-05-15 22:07:13,OFF->HOT,OFF,HOT,3.243925809220988,0.004198337955640598,5.528912490199071,4.886451019344514
lab011,F2,2026-05-15 22:13:15,HOT->OFF,HOT,OFF,1.3205448292345074,-0.016293367846853354,5.593716287248209,6.297571998359793
lab011,F2,2026-05-15 22:17:38,OFF->COLD,OFF,COLD,-5.549107792474795,-0.020237261114629843,4.920858965303534,6.5318650180483795
lab011,F2,2026-05-15 22:20:02,COLD->OFF,COLD,OFF,-5.417512125172817,-0.01983503682665386,4.483453234575713,6.383973808345668
lab011,F2,2026-05-15 22:23:15,OFF->HOT,OFF,HOT,2.7665191222377166,-0.022922313273546283,5.963834860653634,5.5933077911415365
lab011,F2,2026-05-15 22:29:32,HOT->OFF,HOT,OFF,3.3211042138941465,-0.0367772858263077,6.996459733814517,5.710512689198018
lab011,F2,2026-05-15 22:33:20,OFF->COLD,OFF,COLD,-3.7769010933014178,-0.037485381907222504,5.926501240471477,5.559004635861277
lab011,F2,2026-05-15 22:35:24,COLD->OFF,COLD,OFF,-5.061158380309861,-0.03468203804187873,5.705515298591194,5.123732661633205
lab011,F2,2026-05-15 22:39:22,OFF->HOT,OFF,HOT,2.277134097868134,-0.030754691998613384,5.71466200718894,4.547497997699548
lab011,F2,2026-05-15 22:45:34,HOT->OFF,HOT,OFF,1.9123431820450139,-0.0244350762743192,5.216530851847802,5.804536265061025
lab011,F2,2026-05-15 22:50:01,OFF->COLD,OFF,COLD,-7.188128777288261,-0.005005556218385367,4.804206286713892,6.427982335936365
lab011,F2,2026-05-15 22:52:40,COLD->OFF,COLD,OFF,-6.286750539382073,0.007791731061455212,4.923720967380989,6.360117099143673
lab011,F2,2026-05-15 22:56:33,OFF->HOT,OFF,HOT,3.0204764529420083,0.016438638524366667,5.804536265061025,5.993272368811298
lab011,F2,2026-05-15 23:03:00,HOT->OFF,HOT,OFF,1.414160866388455,0.006396846226926201,6.368098727863771,5.4713535656803725
lab011,F2,2026-05-15 23:06:38,OFF->COLD,OFF,COLD,-5.633224290134571,0.007409962345852249,5.563121649390405,5.508190167358379
lab011,F2,2026-05-15 23:08:37,COLD->OFF,COLD,OFF,-4.335838638256427,0.009346518708014881,5.751584023778204,5.506968467741339
lab011,F2,2026-05-15 23:13:05,OFF->HOT,OFF,HOT,3.3287973695838624,0.010247816572763569,5.464746648907923,5.1916562065083385
lab011,F2,2026-05-15 23:18:37,HOT->OFF,HOT,OFF,2.196857701475727,0.001179467170986468,5.565851149034664,5.872796459085887
lab011,F2,2026-05-15 23:22:40,OFF->COLD,OFF,COLD,-5.186465325950406,0.004003248483629918,5.58945751766561,6.03777194520473
lab011,F2,2026-05-15 23:24:44,COLD->OFF,COLD,OFF,-5.894673546895269,0.0078113541846292385,5.694011513714169,6.127619971591069
lab011,F2,2026-05-15 23:29:31,OFF->HOT,OFF,HOT,3.791438131129759,0.017397510855204246,5.872796459085887,5.941887045159082
lab011,F2,2026-05-15 23:35:14,HOT->OFF,HOT,OFF,0.11826521582722727,0.022572324593247827,5.999092256137853,7.052981700469667
lab011,F2,2026-05-15 23:38:47,OFF->COLD,OFF,COLD,-5.736741028278089,0.027335358687566112,5.903737204139548,6.680897417286813
lab011,F2,2026-05-15 23:40:41,COLD->OFF,COLD,OFF,-6.397925595929887,0.029077605979109224,5.487701838300931,6.664187458241554
lab011,F2,2026-05-15 23:44:54,OFF->HOT,OFF,HOT,3.027925977551345,0.024602642075671,6.367547918084233,6.287875037580128
lab011,F2,2026-05-15 23:50:46,HOT->OFF,HOT,OFF,3.1671423079159373,0.010064905664608048,6.723781815953948,6.593521874440853
lab011,F2,2026-05-15 23:54:44,OFF->COLD,OFF,COLD,-5.238478909721274,0.009123062634468222,6.084432292828259,6.510110170228886
lab011,F2,2026-05-15 23:56:48,COLD->OFF,COLD,OFF,-6.48112137653087,0.010506437143640919,5.881295390285968,6.481957531944052
lab011,F2,2026-05-16 00:01:40,OFF->HOT,OFF,HOT,4.650397786350576,0.00532266954455736,6.593521874440853,5.517979389133586
lab011,F2,2026-05-16 00:07:22,HOT->OFF,HOT,OFF,2.674578553314992,-0.007129135736341399,6.261556941549112,5.916916237726604
lab011,F2,2026-05-16 00:11:15,OFF->COLD,OFF,COLD,-5.208904302089471,-0.006129000997921352,5.759031169995551,6.038307630116379
lab011,F2,2026-05-16 00:13:39,COLD->OFF,COLD,OFF,-4.789219171115227,-0.0035274288042042926,5.476798214678921,6.4790094246607906
lab011,F2,2026-05-16 00:17:32,OFF->HOT,OFF,HOT,1.9582115930426236,-0.004431640432333954,5.9605456606678775,5.546475126240663
lab011,F2,2026-05-16 00:23:34,HOT->OFF,HOT,OFF,1.0291481074111704,-0.01351266901930508,6.376027934617106,6.131175039490594
lab011,F2,2026-05-16 00:26:57,OFF->COLD,OFF,COLD,-4.620116038589948,-0.012749890923236862,6.048633417054484,6.1452618705063475
lab011,F2,2026-05-16 00:29:02,COLD->OFF,COLD,OFF,-5.46025569805026,-0.011245108116672852,5.449511551696223,6.233146849894244
lab011,F2,2026-05-16 00:33:09,OFF->HOT,OFF,HOT,2.42011900573518,-0.012850465866440432,5.864828756816534,5.623980088589184
lab011,F2,2026-05-16 00:38:57,HOT->OFF,HOT,OFF,2.7269144995960306,-0.022880200394907745,6.227486411768472,6.330890880026112
lab011,F2,2026-05-16 00:42:50,OFF->COLD,OFF,COLD,-5.6300452993161585,-0.021553082961795766,5.496373950538829,6.579825311982615
lab011,F2,2026-05-16 00:45:18,COLD->OFF,COLD,OFF,-6.031931088230069,-0.0182260415929143,5.5161455554190075,6.176603208699493
lab011,F2,2026-05-16 00:49:46,OFF->HOT,OFF,HOT,3.922316919430026,-0.017254230833562544,6.289573263326584,5.964253716708337
lab011,F2,2026-05-16 00:55:23,HOT->OFF,HOT,OFF,2.53589665578725,-0.02434639337340343,6.407054227717069,5.719654435715976
lab011,F2,2026-05-16 00:58:57,OFF->COLD,OFF,COLD,-4.5070973709406505,-0.022325798432217783,5.573711163179583,5.843718600310875
lab011,F2,2026-05-16 01:01:15,COLD->OFF,COLD,OFF,-5.044850955365561,-0.01893259758261259,5.44897530469156,6.031660364199704
lab011,F2,2026-05-16 01:05:28,OFF->HOT,OFF,HOT,2.9457146287138487,-0.01552076485245699,5.737165128510789,6.121239793882241
lab011,F2,2026-05-16 01:11:30,HOT->OFF,HOT,OFF,1.7481603722438581,-0.012669136343758679,6.1916889053030975,6.490479763729199
lab011,F2,2026-05-16 01:15:13,OFF->COLD,OFF,COLD,-5.977067503143455,-0.0014791556248979973,6.2103512622741786,6.093884318566016
lab011,F2,2026-05-16 01:17:42,COLD->OFF,COLD,OFF,-4.756879967722913,0.0068969627292347,6.493565898416837,6.100032136113414
lab011,F2,2026-05-16 01:21:30,OFF->HOT,OFF,HOT,2.123615965237109,0.013104948485883484,6.415814601591643,5.34832480354964
lab011,F2,2026-05-16 01:27:27,HOT->OFF,HOT,OFF,2.3252039301458156,0.011022328387544175,6.218732121554165,6.785679491493593
lab011,F2,2026-05-16 01:31:05,OFF->COLD,OFF,COLD,-5.729250359474413,0.014406137773425701,5.951679256386979,6.903540113450791
lab011,F2,2026-05-16 01:33:29,COLD->OFF,COLD,OFF,-6.209332714230492,0.01776589884739046,5.410425353774668,7.1171547655931455
lab011,F2,2026-05-16 01:37:32,OFF->HOT,OFF,HOT,3.0106379477806144,0.017875923137973617,6.565512157709736,6.388212036710224
lab011,F2,2026-05-16 01:43:34,HOT->OFF,HOT,OFF,2.9101743271721423,0.0069491017631193586,7.21692341546863,5.654067432566385
lab011,F2,2026-05-16 01:46:57,OFF->COLD,OFF,COLD,-3.4380963208643327,0.004438984863038087,6.2238357433202784,5.527964042882907
lab011,F2,2026-05-16 01:48:56,COLD->OFF,COLD,OFF,-4.473273821564076,0.00505803918681451,5.563153088357989,6.071684134334564
lab011,F2,2026-05-16 01:53:29,OFF->HOT,OFF,HOT,3.461983780925708,0.00524921692927194,5.779716017297538,6.326592879531685
lab011,F2,2026-05-16 01:58:46,HOT->OFF,HOT,OFF,2.5806778718641215,0.008639811211041248,5.5643489485962,6.371757980241718
lab011,F2,2026-05-16 02:02:24,OFF->COLD,OFF,COLD,-4.951949893484333,0.019385385034516745,6.2988881033491,5.67765595468947
lab011,F2,2026-05-16 02:05:18,COLD->OFF,COLD,OFF,-5.62985345379952,0.026977984609606764,6.4574235427368585,6.047337058128108
lab011,F2,2026-05-16 02:09:41,OFF->HOT,OFF,HOT,4.214262094810376,0.030636062735699455,6.371757980241718,5.156816876565313
lab011,F2,2026-05-16 02:15:13,HOT->OFF,HOT,OFF,1.7608282381441829,0.02434256360041083,5.974720128707657,6.979552858123904
lab011,F2,2026-05-16 02:18:51,OFF->COLD,OFF,COLD,-5.830256168717378,0.023869023635877444,5.20934451018043,7.180974075568061
lab011,F2,2026-05-16 02:20:45,COLD->OFF,COLD,OFF,-6.497004970140662,0.02404104775907747,5.156816876565313,7.377981796232193
lab011,F2,2026-05-16 02:24:43,OFF->HOT,OFF,HOT,2.9238789786064587,0.018624532485623742,6.665751569923555,6.5487719873761145
lab011,F2,2026-05-16 02:30:46,HOT->OFF,HOT,OFF,2.47374592247946,0.0035247852991105375,7.388967644882,6.342711861331349
lab011,F2,2026-05-16 02:34:14,OFF->COLD,OFF,COLD,-4.615176819207651,-0.00022044058180270554,6.628975301883721,6.838484924377313
lab011,F2,2026-05-16 02:36:18,COLD->OFF,COLD,OFF,-5.869828793204984,-0.0011250563435741129,6.013897190308733,6.7881100155553185
lab011,F2,2026-05-16 02:40:16,OFF->HOT,OFF,HOT,2.712908249228279,-0.006946398780080548,6.503719943515458,6.452760641986763
lab011,F2,2026-05-16 02:45:43,HOT->OFF,HOT,OFF,0.9336806647011731,-0.01835853289869078,6.402103470986723,7.155503360586172
lab011,F2,2026-05-16 02:49:07,OFF->COLD,OFF,COLD,-5.593491821470562,-0.0192072511469771,6.55161961483452,7.019223156963482
lab011,F2,2026-05-16 02:51:40,COLD->OFF,COLD,OFF,-5.53866568187672,-0.01862531657703776,6.194651426224759,7.434912890907327
lab011,F2,2026-05-16 02:55:58,OFF->HOT,OFF,HOT,4.633925144597305,-0.02495774837178075,6.999891795051802,7.109900620951288
lab011,F2,2026-05-16 03:01:50,HOT->OFF,HOT,OFF,3.392385324834308,-0.04011347863047199,7.474531600550673,6.771425307633019
lab011,F2,2026-05-16 03:05:19,OFF->COLD,OFF,COLD,-4.9172994093584625,-0.03915333466391857,6.7296799975263575,6.483950230458095
lab011,F2,2026-05-16 03:07:52,COLD->OFF,COLD,OFF,-5.587731386491265,-0.03472609068244985,6.76495147670215,6.52609956654026
lab011,F2,2026-05-16 03:11:16,OFF->HOT,OFF,HOT,1.039275962909231,-0.028861299001192005,6.921452058295845,6.474123185889215
lab011,F2,2026-05-16 03:16:33,HOT->OFF,HOT,OFF,0.367304446236004,-0.02256665799318327,6.426469027595907,6.526378459895497
lab011,F2,2026-05-16 03:19:46,OFF->COLD,OFF,COLD,-3.957119331176558,-0.014878399887379597,6.401848736609453,6.3517042270971595
lab011,F2,2026-05-16 03:21:40,COLD->OFF,COLD,OFF,-4.807521338675517,-0.009639854843224785,6.306580319491736,6.41542362202388
lab011,F2,2026-05-16 03:25:43,OFF->HOT,OFF,HOT,3.2082010801742262,-0.0032723919857140515,6.731746800187598,6.317895302137331
lab011,F2,2026-05-16 03:31:21,HOT->OFF,HOT,OFF,1.9745693462834186,2.7180474594240556e-05,6.659063354672915,7.09248762952173
lab011,F2,2026-05-16 03:34:49,OFF->COLD,OFF,COLD,-4.781942788102041,0.00770990926100943,6.347053558042358,7.303717416089408
lab011,F2,2026-05-16 03:37:12,COLD->OFF,COLD,OFF,-5.657018253844679,0.014554008808518405,6.099994973001233,7.46379370660587
lab011,F2,2026-05-16 03:40:56,OFF->HOT,OFF,HOT,2.184880725999749,0.02017277678190972,7.558310959271511,6.93842216965692
lab011,F2,2026-05-16 03:46:23,HOT->OFF,HOT,OFF,1.748126263484925,0.021574300237355,7.457162900864732,7.5622793807348145
lab011,F2,2026-05-16 03:49:22,OFF->COLD,OFF,COLD,-3.935281141545672,0.024317885904394387,7.3774743449626605,7.187979873285633
lab011,F2,2026-05-16 03:51:21,COLD->OFF,COLD,OFF,-5.5472585995288775,0.026692405753962232,7.023677401795737,7.304010001615379
lab011,F2,2026-05-16 03:55:34,OFF->HOT,OFF,HOT,0.9920608985975039,0.02657922993494246,7.7825723666343665,6.91582880007286
lab011,F2,2026-05-16 04:00:46,HOT->OFF,HOT,OFF,1.8405651495549895,0.018358713822465945,7.294305356861209,7.4684294294151
lab011,F2,2026-05-16 04:03:59,OFF->COLD,OFF,COLD,-4.306506724212242,0.016832591551836983,7.292192195205922,7.573037256279771
lab011,F2,2026-05-16 04:06:28,COLD->OFF,COLD,OFF,-3.369984968564367,0.015986105053225688,6.91582880007286,7.521938648038098
lab011,F2,2026-05-16 04:10:26,OFF->HOT,OFF,HOT,4.120156940146291,0.00889587806056653,7.438247646658681,7.32767618080121
lab011,F2,2026-05-16 04:15:44,HOT->OFF,HOT,OFF,1.7332325603306473,-0.007619383619288201,7.738225777565085,7.673360651573729
lab011,F2,2026-05-16 04:18:47,OFF->COLD,OFF,COLD,-5.197633303860085,-0.010639230083585718,7.927169883474834,7.235584165705975
lab011,F2,2026-05-16 04:21:01,COLD->OFF,COLD,OFF,-6.01956149093082,-0.010460177678175597,7.496699854655904,7.530164007105285
lab011,F2,2026-05-16 04:25:29,OFF->HOT,OFF,HOT,5.611528953299258,-0.012464344836444496,7.764378191758787,7.424628032334468
lab011,F2,2026-05-16 04:30:51,HOT->OFF,HOT,OFF,3.219717211322099,-0.019383733081757625,7.277760015781749,7.295799216374166
lab011,F2,2026-05-16 04:34:14,OFF->COLD,OFF,COLD,-6.7736157448288665,-0.014943784469791766,7.175937484586478,7.0998463849809275
lab011,F2,2026-05-16 04:36:53,COLD->OFF,COLD,OFF,-5.727357835495982,-0.007443060360449038,7.467361395580821,7.325660886820536
lab011,F2,2026-05-16 04:41:21,OFF->HOT,OFF,HOT,2.2988949138159467,0.0007081803080712492,7.625639916929975,6.921846388889601
lab011,F2,2026-05-16 04:46:18,HOT->OFF,HOT,OFF,2.212666646889165,0.003698523823940647,7.145627559663246,7.739813976599347
lab011,F2,2026-05-16 04:49:37,OFF->COLD,OFF,COLD,-4.743103330989832,0.008360315177846545,6.909372957800374,7.459248715808496
lab011,F2,2026-05-16 04:52:05,COLD->OFF,COLD,OFF,-4.012559999955656,0.012382477689380878,7.238403859162416,7.604527991009091
lab011,F2,2026-05-16 04:55:58,OFF->HOT,OFF,HOT,3.738007949438796,0.013132785859597007,7.89198574423953,6.98976672508732
lab011,F2,2026-05-16 05:01:16,HOT->OFF,HOT,OFF,1.5744380326366278,0.008188416826444112,7.81962743187797,8.044481386293786
lab011,F2,2026-05-16 05:04:19,OFF->COLD,OFF,COLD,-5.000784944015802,0.00841846931005783,7.719926495299118,7.824670237692294
lab011,F2,2026-05-16 05:06:33,COLD->OFF,COLD,OFF,-4.983561219584397,0.009093773190801001,6.9632930305060015,7.271967332992369
lab011,F2,2026-05-16 05:10:26,OFF->HOT,OFF,HOT,4.077121037786014,0.0039961976888498885,7.536819857722011,6.498905849663176
lab011,F2,2026-05-16 05:15:59,HOT->OFF,HOT,OFF,2.5351553428008815,-0.009760704992466174,7.766318239913446,7.274898793788673
lab011,F2,2026-05-16 05:18:57,OFF->COLD,OFF,COLD,-3.78593706475049,-0.011813993795082568,7.581685876149859,7.252857160608402
lab011,F2,2026-05-16 05:21:36,COLD->OFF,COLD,OFF,-4.9292332155130465,-0.010830762004435002,6.498905849663176,7.625849451629987
lab011,F2,2026-05-16 05:25:14,OFF->HOT,OFF,HOT,1.4423131900562578,-0.01036841385665994,7.2154204637571935,7.2575635299305405
lab011,F2,2026-05-16 05:30:22,HOT->OFF,HOT,OFF,0.7806136085296593,-0.01066760282317709,7.174971530239314,7.797442799568856
lab011,F2,2026-05-16 05:33:35,OFF->COLD,OFF,COLD,-5.425122639514465,-0.005522284255926024,7.682174269751504,7.636528324740626
lab011,F2,2026-05-16 05:36:14,COLD->OFF,COLD,OFF,-3.85399152143739,0.00022499058882630152,7.2575635299305405,7.438607035218139
lab011,F2,2026-05-16 05:39:32,OFF->HOT,OFF,HOT,1.0709331802606925,0.003053877883555956,7.632310529911107,6.941309616189858
lab011,F2,2026-05-16 05:44:54,HOT->OFF,HOT,OFF,1.0180988912524214,-0.0009009420560076365,7.339341575381286,7.055605687328617
lab011,F2,2026-05-16 05:48:03,OFF->COLD,OFF,COLD,-3.192689454201671,-0.000896906263012198,7.222085166556939,7.051210317727638
lab011,F2,2026-05-16 05:50:07,COLD->OFF,COLD,OFF,-4.49981288352446,0.00043182829735890506,6.571500056533255,7.170336104150946
lab011,F2,2026-05-16 05:54:05,OFF->HOT,OFF,HOT,3.0379534413020712,0.0011805010516251712,6.905838292707692,6.645206760999444
lab011,F2,2026-05-16 05:58:57,HOT->OFF,HOT,OFF,1.9649812982614112,-0.0002554414126564098,7.051210317727638,7.125626991385363
lab011,F2,2026-05-16 06:02:30,OFF->COLD,OFF,COLD,-5.024691241339765,0.0029940859535749096,7.090915493377621,7.451913246139776
lab011,F2,2026-05-16 06:05:24,COLD->OFF,COLD,OFF,-4.640561259918776,0.00657877020548554,6.890360595267007,7.390625535360312
lab011,F2,2026-05-16 06:08:32,OFF->HOT,OFF,HOT,2.639061247983748,0.006346090305777352,7.364718081821811,6.915542579922191
lab011,F2,2026-05-16 06:14:05,HOT->OFF,HOT,OFF,2.2450829054540162,-0.0003549025837131126,7.375457668080558,6.961232710128153
lab011,F2,2026-05-16 06:17:18,OFF->COLD,OFF,COLD,-4.19238158973975,0.00031211622194895474,7.573482236174364,6.429167791053076
lab011,F2,2026-05-16 06:19:42,COLD->OFF,COLD,OFF,-6.23219895381614,0.002582926909968108,6.143593526971916,6.928009198312303
lab011,F2,2026-05-16 06:24:15,OFF->HOT,OFF,HOT,3.946328304871771,0.0017289483769324931,6.945661766551731,6.80254329693515
lab011,F2,2026-05-16 06:29:12,HOT->OFF,HOT,OFF,2.2485582575367635,-0.005020254736248475,6.610858556754603,7.286211235550959
lab011,F2,2026-05-16 06:32:35,OFF->COLD,OFF,COLD,-4.064515601149679,-0.005404572668082608,7.04482679542377,6.954569007420485
lab011,F2,2026-05-16 06:34:44,COLD->OFF,COLD,OFF,-4.112900199736798,-0.004170145778903844,6.384765529090264,6.752806512582106
lab011,F2,2026-05-16 06:38:38,OFF->HOT,OFF,HOT,2.663114638633313,-0.004100985288783221,6.788895533148884,6.493308824678454
lab011,F2,2026-05-16 06:43:45,HOT->OFF,HOT,OFF,0.6347440344917383,-0.005604435600576352,6.784608427585338,6.891783794984484
lab011,F2,2026-05-16 06:47:03,OFF->COLD,OFF,COLD,-4.047114747133228,-0.002189181020341735,6.721136420565772,6.564884787327479
lab011,F2,2026-05-16 06:49:07,COLD->OFF,COLD,OFF,-5.273850261964741,0.0003516376237598707,6.600146215310042,6.809089765217373
lab011,F2,2026-05-16 06:53:20,OFF->HOT,OFF,HOT,2.756760678551962,0.0012020709287874354,6.905696306508699,6.821996425352391
lab011,F2,2026-05-16 06:58:48,HOT->OFF,HOT,OFF,1.7040983756199513,-0.003059429023270965,6.856650991150446,7.1655456410810014
lab011,F2,2026-05-16 07:01:51,OFF->COLD,OFF,COLD,-4.27577409727499,0.00047321332692895623,7.171083497705702,6.794757850788155
lab011,F2,2026-05-16 07:04:10,COLD->OFF,COLD,OFF,-5.163430689822713,0.005203757361269013,6.821996425352391,7.210128989144435
lab011,F2,2026-05-16 07:08:33,OFF->HOT,OFF,HOT,3.2668436528170126,0.008600978140755089,7.215651748884559,7.193858733640595
lab011,F2,2026-05-16 07:13:30,HOT->OFF,HOT,OFF,2.748663815032887,0.005538237435382598,6.930599078633479,7.711683271910583
lab011,F2,2026-05-16 07:16:44,OFF->COLD,OFF,COLD,-4.870461015226852,0.007661391462346501,7.091283522509308,7.513771961016406
lab011,F2,2026-05-16 07:19:32,COLD->OFF,COLD,OFF,-3.9702425286279257,0.010783739672797665,7.193858733640595,7.3128564098808555
lab011,F2,2026-05-16 07:23:11,OFF->HOT,OFF,HOT,3.043073520564983,0.010184780005776873,7.726795354691142,7.108930264069208
lab011,F2,2026-05-16 07:28:23,HOT->OFF,HOT,OFF,2.2220798957243693,0.0007332705587185014,7.272871486398196,6.514298576930488
lab011,F2,2026-05-16 07:31:31,OFF->COLD,OFF,COLD,-4.640179409313233,-0.0020822634081625324,7.265843491381416,6.495213996609644
lab011,F2,2026-05-16 07:34:10,COLD->OFF,COLD,OFF,-3.9312715214470417,-0.0028616941274449918,7.108930264069208,7.119086270945223
lab011,F2,2026-05-16 07:38:28,OFF->HOT,OFF,HOT,2.839233758997596,-0.007198613482900029,6.600726271120297,7.107279632668273
lab011,F2,2026-05-16 07:43:06,HOT->OFF,HOT,OFF,1.776309515508153,-0.015352071772877098,6.782758119996351,7.664860305533443
lab011,F2,2026-05-16 07:46:24,OFF->COLD,OFF,COLD,-2.367395783792619,-0.01601272965441538,6.960891618028107,6.559156013970785
lab011,F2,2026-05-16 07:48:23,COLD->OFF,COLD,OFF,-3.748383774627428,-0.014659171890767552,7.058994348747709,6.398654850415181
lab011,F2,2026-05-16 07:52:26,OFF->HOT,OFF,HOT,1.769001649470665,-0.011316367935949857,7.351790801389722,6.314206741397671
lab011,F2,2026-05-16 07:57:24,HOT->OFF,HOT,OFF,0.4289980675389016,-0.008462227494491614,6.559156013970785,6.968220513927841
lab011,F2,2026-05-16 08:00:32,OFF->COLD,OFF,COLD,-3.781402574878757,-0.0040837742476117714,6.307519012475776,6.887786484393115
lab011,F2,2026-05-16 08:02:31,COLD->OFF,COLD,OFF,-5.104204139563751,-0.0008569481094628621,6.189961537431147,6.869470841182039
lab011,F2,2026-05-16 08:06:09,OFF->HOT,OFF,HOT,2.447148474078301,0.002111524747735417,7.191982947760049,6.628917178026168
lab011,F2,2026-05-16 08:07:14,OFF->HOT,OFF,HOT,4.039042846694974,0.001762625694167852,7.187181487695235,6.651542868464661
lab011,F2,2026-05-16 08:11:46,HOT->OFF,HOT,OFF,1.9036367248534418,-0.0001804827197727111,7.116964410570267,6.665449703663047
lab011,F2,2026-05-16 08:15:00,OFF->COLD,OFF,COLD,-4.1662294720561635,0.0026123459369934206,7.33587128129037,6.488612537990178
lab011,F2,2026-05-16 08:17:19,COLD->OFF,COLD,OFF,-5.023522066364221,0.006436041882880517,6.628917178026168,7.082899386569076
lab011,F2,2026-05-16 08:21:17,OFF->HOT,OFF,HOT,1.7097905200113503,0.011566951235413469,6.880343144694864,7.08989280014259
lab011,F2,2026-05-16 08:26:14,HOT->OFF,HOT,OFF,2.4134352862550648,0.011898118360307918,6.728741712467151,6.777658442164045
lab011,F2,2026-05-16 08:29:23,OFF->COLD,OFF,COLD,-4.586741124602322,0.013187736746203526,6.694313159580236,6.521698904653798
lab011,F2,2026-05-16 08:32:11,COLD->OFF,COLD,OFF,-3.9202025519717303,0.013724317245262086,7.08989280014259,6.3590716395372615
lab011,F2,2026-05-16 08:36:34,OFF->HOT,OFF,HOT,3.03689331272058,0.008678296200869086,6.628980276390229,6.694836858444003
lab011,F2,2026-05-16 08:41:27,HOT->OFF,HOT,OFF,1.9502598738556842,-0.00027203656158754017,6.755182826380913,6.816912935380108
lab011,F2,2026-05-16 08:44:30,OFF->COLD,OFF,COLD,-3.742454823874962,1.4390214684212657e-05,6.892965221368815,6.681350676735109
lab011,F2,2026-05-16 08:46:54,COLD->OFF,COLD,OFF,-4.533544208568522,0.002103978043403388,6.736984116042681,7.040283491410455
lab011,F2,2026-05-16 08:51:07,OFF->HOT,OFF,HOT,2.1097924596198294,0.0009686444549469545,6.921298991884664,6.721866389928015
lab011,F2,2026-05-16 08:55:49,HOT->OFF,HOT,OFF,2.6293040227914486,-0.005832743989234501,6.67479377106054,6.636116183843749
lab011,F2,2026-05-16 08:59:13,OFF->COLD,OFF,COLD,-3.844811118903083,-0.006200470041920525,6.912269720563975,6.59476317255567
lab011,F2,2026-05-16 09:01:26,COLD->OFF,COLD,OFF,-4.638742184078543,-0.003934245521180203,6.472779613193153,6.766604711172751
lab011,F2,2026-05-16 09:05:40,OFF->HOT,OFF,HOT,2.4674997788044535,-0.002505779344668468,6.788625634298207,6.219085595822071
lab011,F2,2026-05-16 09:10:32,HOT->OFF,HOT,OFF,0.6775303079790338,-0.005653144348976014,6.7996883205883165,7.363721183676014
lab011,F2,2026-05-16 09:13:46,OFF->COLD,OFF,COLD,-3.5901473516643385,-0.006159789840071994,6.380341614564928,6.9541662915968745
lab011,F2,2026-05-16 09:16:09,COLD->OFF,COLD,OFF,-4.039699511210919,-0.006124143782882641,5.963278523384186,7.326449688539063
lab011,F2,2026-05-16 09:19:48,OFF->HOT,OFF,HOT,3.8117106416523163,-0.00912359256857691,6.9067937942381,6.335839916730372
lab011,F2,2026-05-16 09:25:20,HOT->OFF,HOT,OFF,1.3646210800760288,-0.015160398114716856,7.234869129645117,6.336193979928065
lab011,F2,2026-05-16 09:28:18,OFF->COLD,OFF,COLD,-4.905117559247062,-0.01187085297725865,7.314738087571955,5.625906963445914
lab011,F2,2026-05-16 09:30:22,COLD->OFF,COLD,OFF,-6.288301120104515,-0.007734597638525997,6.926143986494194,5.935472245438778
lab011,F2,2026-05-16 09:35:00,OFF->HOT,OFF,HOT,-0.6440490883147041,0.0013785950243573094,6.619440955711707,6.700769446545208
lab011,F2,2026-05-16 09:39:43,HOT->OFF,HOT,OFF,0.2777065526600593,0.006790571977024838,6.020671801239932,7.209879913503733
lab011,F2,2026-05-16 09:42:51,OFF->COLD,OFF,COLD,-3.7796881577857593,0.011429832143406315,7.181091957848262,7.009642633360684
lab011,F2,2026-05-16 09:45:25,COLD->OFF,COLD,OFF,-2.9997141040465034,0.01431502839881844,8.240340914444518,7.8834579423462845
lab011,F2,2026-05-16 09:48:43,OFF->HOT,OFF,HOT,1.8146778959659444,0.0139024261720877,7.5287502586651796,8.47360676645087
lab011,F2,2026-05-16 09:53:41,HOT->OFF,HOT,OFF,0.8926177359928416,0.008058813456110057,7.009642633360684,7.112327538923776
lab011,F2,2026-05-16 09:56:44,OFF->COLD,OFF,COLD,-4.472952482903441,0.007155225444103052,8.305427226662761,5.515012706304108
lab011,F2,2026-05-16 09:59:08,COLD->OFF,COLD,OFF,-1.7902403815316448,0.007065576896652815,6.870138519118017,7.04930930270903
lab011,F2,2026-05-16 10:03:21,OFF->HOT,OFF,HOT,1.9650983780739537,0.005372882587300154,7.690688031882897,7.41554095438664
lab011,F2,2026-05-16 10:08:09,HOT->OFF,HOT,OFF,-0.4014536517727434,0.004934039555494251,6.399277428456372,8.181174072407202
lab011,F2,2026-05-16 10:11:17,OFF->COLD,OFF,COLD,-2.710334908651717,0.008346095148137422,7.217626450111389,8.802087704998875
lab011,F2,2026-05-16 10:13:51,COLD->OFF,COLD,OFF,-2.2840232297336076,0.010960257707312947,6.302356093437371,6.60655981699262
lab011,F2,2026-05-16 10:17:59,OFF->HOT,OFF,HOT,0.05995047420169253,0.009223639268116203,10.743456331055997,6.581184891486208
lab011,F2,2026-05-16 10:22:51,HOT->OFF,HOT,OFF,2.1911703796066604,0.004092472245923417,6.7522488788747905,8.394101716188885
lab011,F2,2026-05-16 10:25:55,OFF->COLD,OFF,COLD,-5.750470868741785,0.004442952790212475,6.5476518240874,8.037602769256036
lab011,F2,2026-05-16 10:27:49,COLD->OFF,COLD,OFF,-4.827781425702224,0.004928313380699836,7.27761408122192,7.8947652671646145
lab011,F2,2026-05-16 10:32:41,OFF->HOT,OFF,HOT,-0.08084139693518289,0.0003430517030000857,7.549489155872349,7.625347644826329
lab011,F2,2026-05-16 10:37:34,HOT->OFF,HOT,OFF,-3.086276577299352,-0.007285175808152643,7.371382831507871,9.503291620875457
lab011,F2,2026-05-16 10:40:33,OFF->COLD,OFF,COLD,-8.179028347618239,-0.007654482256389983,8.142677526052884,8.801910935428136
lab011,F2,2026-05-16 10:42:56,COLD->OFF,COLD,OFF,-0.34787729986198035,-0.007792108749012528,6.930773545958455,8.137149948949885
lab011,F2,2026-05-16 10:47:04,OFF->HOT,OFF,HOT,6.920415305791762,-0.011584612946229101,7.665943368889244,7.871004685466749
lab011,F2,2026-05-16 10:52:02,HOT->OFF,HOT,OFF,2.7797043393472194,-0.018490823500646413,7.713091235786935,7.409362045180969
lab011,F2,2026-05-16 10:54:51,OFF->COLD,OFF,COLD,-3.3556399297889983,-0.017106518500346723,4.3029526340565125,7.036282286632702
lab011,F2,2026-05-16 10:57:19,COLD->OFF,COLD,OFF,-1.85425086012562,-0.013267137196145383,6.316296410011143,6.8246961559394315
lab011,F2,2026-05-16 11:02:12,OFF->HOT,OFF,HOT,2.743994948161511,-0.006631429998719085,5.854150815195583,7.244564388893966
lab011,F2,2026-05-16 11:06:20,HOT->OFF,HOT,OFF,-0.634623681086292,-0.00456319204995701,6.260865588667104,7.557664798644645
lab011,F2,2026-05-16 11:09:28,OFF->COLD,OFF,COLD,-1.4247192402193203,-0.002900891643140468,7.115420352977306,6.275308994681756
lab011,F2,2026-05-16 11:11:57,COLD->OFF,COLD,OFF,-4.224363838355376,-0.0036733214022394373,6.576453383306891,6.565872130178235
lab011,F2,2026-05-16 11:16:20,OFF->HOT,OFF,HOT,4.378467531636416,-0.010796768617433726,7.3251899467917285,7.759016798083957
lab011,F2,2026-05-16 11:20:58,HOT->OFF,HOT,OFF,1.0427219017175071,-0.020493477209421584,6.8516189181130285,4.135853684156371
lab011,F2,2026-05-16 11:24:11,OFF->COLD,OFF,COLD,-3.476140031834829,-0.021352578530096623,8.312370900640305,4.923813882502643
lab011,F2,2026-05-16 11:27:19,COLD->OFF,COLD,OFF,-2.294150987661215,-0.020372932523462596,7.759016798083957,7.578547423610781
lab011,F2,2026-05-16 11:30:48,OFF->HOT,OFF,HOT,6.6735382387287965,-0.019792089076435107,6.066650974152975,6.747117857003789
lab011,F2,2026-05-16 11:35:45,HOT->OFF,HOT,OFF,-2.489925390842428,-0.015994382724894507,6.541361199107971,7.373175190116942
lab011,F2,2026-05-16 11:38:39,OFF->COLD,OFF,COLD,-7.435397610348572,-0.008059531645442423,6.7670353696537875,6.779748220083678
lab011,F2,2026-05-16 11:41:47,COLD->OFF,COLD,OFF,-4.488153574547729,0.0008208080066353374,6.747117857003789,7.932322479135112
lab011,F2,2026-05-16 11:45:30,OFF->HOT,OFF,HOT,4.521844909762381,0.006972885891304868,7.862353709042219,7.031568272068002
lab011,F2,2026-05-16 11:50:43,HOT->OFF,HOT,OFF,-0.9219423509275568,0.011543552638926258,7.083059090881605,9.553167435717981
lab011,F2,2026-05-16 11:53:32,OFF->COLD,OFF,COLD,-2.8738194240849944,0.0165274810025803,8.066789604156783,6.183861350033609
lab011,F2,2026-05-16 11:55:26,COLD->OFF,COLD,OFF,-4.8258193504785565,0.021027597620154735,7.055431639631496,5.794386161201399
lab011,F2,2026-05-16 11:56:30,COLD->OFF,COLD,OFF,-4.074031029957729,0.02310308651305313,7.031568272068002,5.720361675252081
lab011,F2,2026-05-16 12:00:18,OFF->HOT,OFF,HOT,1.6157629720998008,0.02788780797210571,8.203865281767792,7.983224324389592
lab011,F2,2026-05-16 12:04:46,HOT->OFF,HOT,OFF,3.3600454242021676,0.03205453526054462,9.152275333967193,7.624099212514185
lab011,F2,2026-05-16 12:07:59,OFF->COLD,OFF,COLD,-4.526186174796559,0.035827331017992486,7.533207434305447,7.698739825634478
lab011,F2,2026-05-16 12:10:53,COLD->OFF,COLD,OFF,-2.3075004532003582,0.03684309782223601,6.188307387016611,8.784292780497442
lab011,F2,2026-05-16 12:14:51,OFF->HOT,OFF,HOT,4.245982510228726,0.02925538699899519,8.511442222085229,7.165812078753012
lab011,F2,2026-05-16 12:19:54,HOT->OFF,HOT,OFF,-0.7070259619777031,0.01751523982883256,8.451166790144953,9.06397928802093
lab011,F2,2026-05-16 12:22:57,OFF->COLD,OFF,COLD,-5.9449091559385785,0.017834853739489273,7.787691921998809,8.194806892174299
lab011,F2,2026-05-16 12:25:46,COLD->OFF,COLD,OFF,-4.786861778670621,0.01913171519862047,7.165812078753012,9.164398605193005
lab011,F2,2026-05-16 12:30:14,OFF->HOT,OFF,HOT,1.858200651158246,0.012975673567036598,9.447326654671155,8.018054438317053
lab011,F2,2026-05-16 12:35:06,HOT->OFF,HOT,OFF,0.8237096558834867,0.00022037234059304328,8.489831190999553,6.217042214712217
lab011,F2,2026-05-16 12:38:05,OFF->COLD,OFF,COLD,-3.0912883757881726,-0.003821546988996616,7.86561787739976,7.045479598074737
lab011,F2,2026-05-16 12:40:24,COLD->OFF,COLD,OFF,-1.6000302652887197,-0.005415767071002615,7.505106571109726,8.940501570364342
lab011,F2,2026-05-16 12:44:27,OFF->HOT,OFF,HOT,3.3909212935998805,-0.008680634957517697,7.554951470020756,9.268709934680896
lab011,F2,2026-05-16 12:49:24,HOT->OFF,HOT,OFF,-4.241017042974141,-0.008593495015004747,8.630702015342852,8.797211785282462
lab011,F2,2026-05-16 12:52:03,OFF->COLD,OFF,COLD,-6.827322984196726,-0.004828471903880076,8.312229444226073,8.310422976184109
lab011,F2,2026-05-16 12:54:51,COLD->OFF,COLD,OFF,-3.0680228474469686,-0.0005203978305836215,8.482495412897663,9.63758524750351
lab011,F2,2026-05-16 12:58:00,OFF->HOT,OFF,HOT,1.5015111355332318,-0.0012044118890884234,9.969204375455925,9.789772239121973
lab011,F2,2026-05-16 13:03:32,HOT->OFF,HOT,OFF,-1.1476856894155523,-0.013170757713737657,7.90236101507612,9.777201177995483
lab011,F2,2026-05-16 13:06:30,OFF->COLD,OFF,COLD,-6.428533949876586,-0.018560684862545078,7.328714489596293,9.344734542955498
lab011,F2,2026-05-16 13:09:09,COLD->OFF,COLD,OFF,0.0282834876534106,-0.022328116972832747,5.954072511541701,7.650718754190273
lab011,F2,2026-05-16 13:12:57,OFF->HOT,OFF,HOT,2.632898411610809,-0.027909071736608126,9.779799159906837,6.940567296328635
lab011,F2,2026-05-16 13:17:55,HOT->OFF,HOT,OFF,2.7788242050194247,-0.028401001018128015,7.187674749094989,7.739334602838839
lab011,F2,2026-05-16 13:20:43,OFF->COLD,OFF,COLD,-4.553194540272031,-0.021723732299265563,6.8680502274798,7.4845758928830115
lab011,F2,2026-05-16 13:23:02,COLD->OFF,COLD,OFF,-1.9508382696873074,-0.015584662980838715,7.1149079475241255,5.973617588745254
lab011,F2,2026-05-16 13:27:35,OFF->HOT,OFF,HOT,-1.225521881152197,-0.006901852565729883,9.844956329079622,6.827174095590878
lab011,F2,2026-05-16 13:32:13,HOT->OFF,HOT,OFF,-1.7852641214153557,-0.0037072487082379976,8.80165946424217,7.315643237425747
lab011,F2,2026-05-16 13:34:56,OFF->COLD,OFF,COLD,-7.765136498086583,-0.0008966873625773537,5.940167563848693,8.4179909416635
lab011,F2,2026-05-16 13:36:50,COLD->OFF,COLD,OFF,-1.506948156823285,-0.0002970157166586763,9.374033528906637,6.643118155230556
lab011,F2,2026-05-16 13:41:48,OFF->HOT,OFF,HOT,2.272587293328681,-0.007095920083977348,8.680019933828289,8.520352260363051
lab011,F2,2026-05-16 13:46:46,HOT->OFF,HOT,OFF,-2.6083824047747157,-0.017776218133878176,6.59963808279236,8.774165215256916
lab011,F2,2026-05-16 13:49:20,OFF->COLD,OFF,COLD,-4.986599272672828,-0.0200838403619457,9.530684577093643,7.108647268188647
lab011,F2,2026-05-16 13:51:43,COLD->OFF,COLD,OFF,-2.0662812203391496,-0.02128843852487314,8.398428050501694,8.30528197863495
lab011,F2,2026-05-16 13:55:31,OFF->HOT,OFF,HOT,1.5446740963785313,-0.026097539960525037,9.125733079802567,8.468916190262693
lab011,F2,2026-05-16 14:00:09,HOT->OFF,HOT,OFF,1.7926332906342215,-0.02859653408152525,7.108647268188647,7.525283374707449
lab011,F2,2026-05-16 14:02:58,OFF->COLD,OFF,COLD,-6.897430426492161,-0.02436334849169696,6.759609607218936,6.950916196097645
lab011,F2,2026-05-16 14:05:02,COLD->OFF,COLD,OFF,-4.3059651247675506,-0.019046795050059726,7.270577255996014,8.87253942283885
lab011,F2,2026-05-16 14:09:39,OFF->HOT,OFF,HOT,6.131191188385084,-0.007737287006083796,8.910928381111484,8.840687094226748
lab011,F2,2026-05-16 14:14:37,HOT->OFF,HOT,OFF,3.060201341572054,0.006763724429835707,7.453283654117439,8.458336277948963
lab011,F2,2026-05-16 14:17:41,OFF->COLD,OFF,COLD,-5.901787174959932,0.024165891799691502,9.468185140829865,7.178014314331025
lab011,F2,2026-05-16 14:20:24,COLD->OFF,COLD,OFF,-4.233666540684656,0.04052144166567544,7.531101990727038,5.616796107021739
lab011,F2,2026-05-16 14:25:12,OFF->HOT,OFF,HOT,0.437497050092824,0.0575381438305417,7.781510894768013,6.321484946589189
lab011,F2,2026-05-16 14:29:30,HOT->OFF,HOT,OFF,0.15645781272647907,0.06043470306916347,6.330149111294743,9.16003237845289
lab011,F2,2026-05-16 14:32:08,OFF->COLD,OFF,COLD,-2.4915698821976866,0.059331087648448744,5.2197313570429165,7.580650143364463
lab011,F2,2026-05-16 14:34:52,COLD->OFF,COLD,OFF,-0.16707914664009849,0.05661165589612231,7.21273427282693,7.58941084454257
lab011,F2,2026-05-16 14:38:05,OFF->HOT,OFF,HOT,0.4276446707882272,0.04891762170943927,6.5063228150455545,7.695805622879138
lab011,F2,2026-05-16 14:43:18,HOT->OFF,HOT,OFF,-1.8337546754407517,0.03259862750388329,7.580650143364463,5.340323073858704
lab011,F2,2026-05-16 14:45:56,OFF->COLD,OFF,COLD,-2.11740304981727,0.025704558306090766,7.942972802826949,6.847209375163463
lab011,F2,2026-05-16 14:48:35,COLD->OFF,COLD,OFF,-0.9982663836470176,0.01994103903467704,5.884007618003756,6.056523261453665
lab011,F2,2026-05-16 14:52:03,OFF->HOT,OFF,HOT,3.800332868326517,0.009982323983111024,7.045147104123137,8.343613903225766
lab011,F2,2026-05-16 14:56:31,HOT->OFF,HOT,OFF,1.1153297249614038,-0.002766236354403165,5.646260716341681,8.11049582610684
lab011,F2,2026-05-16 14:59:20,OFF->COLD,OFF,COLD,-3.712371637860921,-0.007496756113692632,6.72876527339983,6.294124257760482
lab011,F2,2026-05-16 15:02:38,COLD->OFF,COLD,OFF,-3.1942466025113982,-0.012406591834288605,6.736276577959262,8.184924819779354
lab011,F2,2026-05-16 15:06:07,OFF->HOT,OFF,HOT,3.6954634559937363,-0.01953435820511302,8.555426523806764,9.493894227428104
lab011,F2,2026-05-16 15:07:11,OFF->HOT,OFF,HOT,1.3074727269593265,-0.023158072940307764,6.584399245268223,6.329754930248688
lab011,F2,2026-05-16 15:11:54,HOT->OFF,HOT,OFF,0.9337029890230476,-0.036458270980921983,7.981416026649157,7.051392687174732
lab011,F2,2026-05-16 15:14:32,OFF->COLD,OFF,COLD,-3.0360465037813977,-0.04058127082168781,6.635995855468531,6.919937004095919
lab011,F2,2026-05-16 15:16:51,COLD->OFF,COLD,OFF,-2.070313013203343,-0.04396318924156049,9.210752882766345,6.9507359214301525
lab011,F2,2026-05-16 15:21:24,OFF->HOT,OFF,HOT,5.27904640592499,-0.04870980951446704,6.271388794394875,7.256865629811007
lab011,F2,2026-05-16 15:26:07,HOT->OFF,HOT,OFF,-1.2238391510929059,-0.047732023292196855,6.553876154578502,5.894126673459104
lab011,F2,2026-05-16 15:28:51,OFF->COLD,OFF,COLD,-3.6960257178750395,-0.040079210494637606,6.579489355834701,5.49936542276872
lab011,F2,2026-05-16 15:31:24,COLD->OFF,COLD,OFF,-2.5867104021629674,-0.030586805827303817,7.415027431905181,5.654480820760453
lab011,F2,2026-05-16 15:35:32,OFF->HOT,OFF,HOT,2.085729455411081,-0.016901086668191213,5.627415898578848,6.940609568966844
lab011,F2,2026-05-16 15:39:55,HOT->OFF,HOT,OFF,-1.311038132864612,-0.002103857224426166,5.852397492685876,8.240003491381087
lab011,F2,2026-05-16 15:43:19,OFF->COLD,OFF,COLD,-4.385280339233732,0.010597075354898428,8.340393247669805,8.828297081366218
lab011,F2,2026-05-16 15:45:18,COLD->OFF,COLD,OFF,-5.700745613492371,0.017160652914744293,7.098180616586441,8.422522980605708
lab011,F2,2026-05-16 15:49:45,OFF->HOT,OFF,HOT,6.082463101748774,0.022810659102362865,7.846820516135669,5.6610487606303055
lab011,F2,2026-05-16 15:54:18,HOT->OFF,HOT,OFF,2.3925555196233317,0.018851288856231815,8.828297081366218,6.535820932690535
lab011,F2,2026-05-16 15:57:17,OFF->COLD,OFF,COLD,-2.520098241374845,0.017123778747862063,7.7167177761122625,6.582899095588167
lab011,F2,2026-05-16 16:00:05,COLD->OFF,COLD,OFF,-2.998021585957615,0.016704752810709066,5.738315733137516,6.344315773427985
lab011,F2,2026-05-16 16:03:58,OFF->HOT,OFF,HOT,2.5801522223969964,0.013195410868695846,6.233552481410691,6.228996209570824
lab011,F2,2026-05-16 16:08:31,HOT->OFF,HOT,OFF,1.9455065409083694,0.007397853113447184,6.302339709028781,5.714309341546804
lab011,F2,2026-05-16 16:11:30,OFF->COLD,OFF,COLD,-3.0173611615656633,0.006609987698555031,6.596346437447738,5.507914681688382
lab011,F2,2026-05-16 16:13:09,COLD->OFF,COLD,OFF,-4.149081779402163,0.006983734582818002,6.814268048656534,6.362379344098562
lab011,F2,2026-05-16 16:18:41,OFF->HOT,OFF,HOT,1.8934101454753107,0.004491962343748312,6.029813959846898,6.6953294272522195
lab011,F2,2026-05-16 16:22:54,HOT->OFF,HOT,OFF,0.9872929219731721,-6.095801296481787e-05,5.963175573604879,5.962881441179923
lab011,F2,2026-05-16 16:25:43,OFF->COLD,OFF,COLD,-2.785144462124861,0.0002045285838946139,6.58319385853815,6.101428903800237
lab011,F2,2026-05-16 16:28:17,COLD->OFF,COLD,OFF,-3.3544258886722265,0.001198254344788552,6.448942856773108,6.354567784527884
lab011,F2,2026-05-16 16:32:05,OFF->HOT,OFF,HOT,1.2413205672237924,-0.0005508957323925757,6.663404842739926,6.6974092989428975
lab011,F2,2026-05-16 16:33:29,OFF->HOT,OFF,HOT,4.488977864261301,-0.002408864086184437,6.359629447542952,7.182196447535393
lab011,F2,2026-05-16 16:37:22,HOT->OFF,HOT,OFF,3.100529025318023,-0.0070734911434986,5.738073147319305,5.997862955606562
lab011,F2,2026-05-16 16:40:11,OFF->COLD,OFF,COLD,-3.130237482336059,-0.006413920157824294,6.614994225198513,5.8597870470429685
lab011,F2,2026-05-16 16:42:15,COLD->OFF,COLD,OFF,-3.9926943066427136,-0.004500156324574789,6.570426029271184,6.255769160111035
lab011,F2,2026-05-16 16:47:22,OFF->HOT,OFF,HOT,1.269975053941139,-0.002439573399013994,6.551417348735767,6.002597355054005
lab011,F2,2026-05-16 16:50:55,HOT->OFF,HOT,OFF,2.5208579762648,-0.004624124598995394,5.9268608245469645,4.988268462183262
lab011,F2,2026-05-16 16:53:59,OFF->COLD,OFF,COLD,-1.5972183240716107,-0.0047378544308685384,6.340956677339011,5.212574305481013
lab011,F2,2026-05-16 16:56:23,COLD->OFF,COLD,OFF,-2.402020690162505,-0.0034889887648223094,6.424872706086489,5.498420793208987
lab011,F2,2026-05-16 17:01:15,OFF->HOT,OFF,HOT,1.6964947730712616,-0.003266635496429516,5.4901419934609565,6.218493415603466
lab011,F2,2026-05-16 17:05:23,HOT->OFF,HOT,OFF,2.494726740584201,-0.004506710799498137,4.803703910582772,5.531173391975794
lab011,F2,2026-05-16 17:08:17,OFF->COLD,OFF,COLD,-3.390719856175437,-0.0030128405188634133,5.849900079078115,5.3756364129750525
lab011,F2,2026-05-16 17:11:16,COLD->OFF,COLD,OFF,-3.0459715975893547,-0.000507332343995871,6.17118256232702,5.922590012085146
lab011,F2,2026-05-16 17:15:19,OFF->HOT,OFF,HOT,2.0371966914948834,0.00010883376983130723,6.3406089933122765,5.6504464530780485
lab011,F2,2026-05-16 17:19:17,HOT->OFF,HOT,OFF,3.0314929619756907,-0.0007708828325238663,5.3756364129750525,5.319476609462007
lab011,F2,2026-05-16 17:23:20,OFF->COLD,OFF,COLD,-2.2559617210327163,0.004079314928643284,5.840644536189798,5.661041592093629
lab011,F2,2026-05-16 17:25:24,COLD->OFF,COLD,OFF,-4.044829915559515,0.008638244225720015,5.571013260025336,5.761960845479638
lab011,F2,2026-05-16 17:30:06,OFF->HOT,OFF,HOT,2.2972087601664444,0.015380721125970354,5.294441103631486,5.944849870447989
lab011,F2,2026-05-16 17:33:40,HOT->OFF,HOT,OFF,2.0141878958869066,0.01828296436419059,5.410278048660951,6.062681481773728
lab011,F2,2026-05-16 17:36:58,OFF->COLD,OFF,COLD,-3.9568239188890146,0.021789122926031013,6.051993518635428,5.948157199929414
lab011,F2,2026-05-16 17:39:12,COLD->OFF,COLD,OFF,-3.6065022665013924,0.023498133097522356,6.4591118296902215,6.314503021102488
lab011,F2,2026-05-16 17:44:19,OFF->HOT,OFF,HOT,2.9966540362397494,0.019172015801780164,6.234184533077169,6.28247706877088
lab011,F2,2026-05-16 17:48:12,HOT->OFF,HOT,OFF,3.7108411564116075,0.010428638657950982,5.92059778931675,5.6931990459445565
lab011,F2,2026-05-16 17:51:01,OFF->COLD,OFF,COLD,-2.491379212679126,0.006804995033256132,6.380152299505037,5.687747363368343
lab011,F2,2026-05-16 17:53:55,COLD->OFF,COLD,OFF,-2.0466765256873574,0.004298418689143799,6.340467917899475,6.441774747801452
lab011,F2,2026-05-16 17:58:52,OFF->HOT,OFF,HOT,3.0172894661443586,-0.0033241697911158483,6.179220460247811,6.5661387349310925
lab011,F2,2026-05-16 18:02:40,HOT->OFF,HOT,OFF,3.2602535832184114,-0.013611081711731646,5.8391033897337,5.737036797009161
lab011,F2,2026-05-16 18:05:29,OFF->COLD,OFF,COLD,-2.09679780862225,-0.017769578121925634,6.474066247004778,5.265391759032612
lab011,F2,2026-05-16 18:08:27,COLD->OFF,COLD,OFF,-2.101031850953077,-0.019884744645766263,6.429037583248017,5.921589419596305
lab011,F2,2026-05-16 18:12:55,OFF->HOT,OFF,HOT,2.804326132232355,-0.021178446387440885,5.887373525694373,5.964412831511956
lab011,F2,2026-05-16 18:16:33,HOT->OFF,HOT,OFF,2.1078797299385683,-0.021451699159662142,5.265391759032612,5.57593280673955
lab011,F2,2026-05-16 18:19:22,OFF->COLD,OFF,COLD,-1.8237326353079404,-0.01969512919741625,5.675627535786868,5.154073340969905
lab011,F2,2026-05-16 18:21:51,COLD->OFF,COLD,OFF,-2.072490283117296,-0.017191330767156288,6.204650634959322,6.074466206515141
lab011,F2,2026-05-16 18:26:39,OFF->HOT,OFF,HOT,0.9917874548204904,-0.012344127759171998,5.820711003300037,6.243765800918256
lab011,F2,2026-05-16 18:30:32,HOT->OFF,HOT,OFF,1.2940615971445757,-0.007026274410840826,5.317656685655106,5.298074588809667
lab011,F2,2026-05-16 18:33:20,OFF->COLD,OFF,COLD,-3.0631677020395855,-0.000960838168168365,5.9370333780552835,5.202635977233044
lab011,F2,2026-05-16 18:35:44,COLD->OFF,COLD,OFF,-3.0805796694088596,0.004216262432816718,6.216832238677942,5.0041541225838015
lab011,F2,2026-05-16 18:40:57,OFF->HOT,OFF,HOT,2.5343057903839386,0.008076756969309429,5.60959011084809,5.9572785849415855
lab011,F2,2026-05-16 18:44:20,HOT->OFF,HOT,OFF,2.0432432264372125,0.00634378617915985,5.202635977233044,5.456989675209934
lab011,F2,2026-05-16 18:47:19,OFF->COLD,OFF,COLD,-2.5764725971963296,0.006927462287734443,5.768933445976198,5.259284864264016
lab011,F2,2026-05-16 18:49:47,COLD->OFF,COLD,OFF,-2.286464844113929,0.007874503291998635,5.072781320801686,5.722859352872679
lab011,F2,2026-05-16 18:55:00,OFF->HOT,OFF,HOT,2.6937376379295723,0.006007587273187909,5.455425123697081,5.727052793351368
lab011,F2,2026-05-16 18:58:43,HOT->OFF,HOT,OFF,3.280823570475653,0.001381301276327562,5.007550234811845,5.697946470551723
lab011,F2,2026-05-16 19:01:17,OFF->COLD,OFF,COLD,-1.3428841151882933,-0.000499156120034172,5.636798725616521,5.5467574420886026
lab011,F2,2026-05-16 19:04:40,COLD->OFF,COLD,OFF,-1.5968963170447192,-0.0029361674772392377,6.018898111232637,6.031165747966489
lab011,F2,2026-05-16 19:08:23,OFF->HOT,OFF,HOT,1.3718207400518616,-0.0056160268942200275,5.7234808596064415,5.741245588567002
lab011,F2,2026-05-16 19:12:02,HOT->OFF,HOT,OFF,2.604394302916159,-0.006217756206689274,5.2367805315676055,4.705133225305157
lab011,F2,2026-05-16 19:14:55,OFF->COLD,OFF,COLD,-1.3186618390774405,-0.003476721337631972,5.536667849025028,4.614342953370357
lab011,F2,2026-05-16 19:17:19,COLD->OFF,COLD,OFF,-3.3205077192974484,-0.00014756697136952823,6.04852055528917,5.245837209439404
lab011,F2,2026-05-16 19:18:24,COLD->OFF,COLD,OFF,-2.0181852354516248,0.0019247112535644819,5.805157660260397,5.001562295097013
lab011,F2,2026-05-16 19:22:17,OFF->HOT,OFF,HOT,0.2940151514329834,0.0049637512823945676,5.229143798569681,5.60672082563271
lab011,F2,2026-05-16 19:25:50,HOT->OFF,HOT,OFF,0.7822913059584715,0.005457176553098364,4.812344135501658,5.011981753127169
lab011,F2,2026-05-16 19:28:48,OFF->COLD,OFF,COLD,-3.2291556573304496,0.006734514996675855,5.336194492978296,4.85910619359551
lab011,F2,2026-05-16 19:30:52,COLD->OFF,COLD,OFF,-2.2206259725315856,0.008654238988587082,5.681646554951665,5.483690238026776
lab011,F2,2026-05-16 19:36:40,OFF->HOT,OFF,HOT,3.2986345461046733,0.00913298246759986,5.011981753127169,5.62771861371258
lab011,F2,2026-05-16 19:39:53,HOT->OFF,HOT,OFF,2.3744917044217577,0.006566485926861887,4.849983613236078,4.705681939532883
lab011,F2,2026-05-16 19:42:56,OFF->COLD,OFF,COLD,-3.235027709837769,0.004635353820201971,5.622609327919496,4.325177777940292
lab011,F2,2026-05-16 19:45:10,COLD->OFF,COLD,OFF,-2.7330832252158395,0.004081429928410429,5.548893085190194,5.167484231543715
lab011,F2,2026-05-16 19:51:07,OFF->HOT,OFF,HOT,2.248440913835222,-0.0015005463521809764,4.705681939532883,5.163797806384926
lab011,F2,2026-05-16 19:54:31,HOT->OFF,HOT,OFF,2.5842613367828084,-0.006421759860834443,4.871813006616665,4.931116053503059
lab011,F2,2026-05-16 19:57:29,OFF->COLD,OFF,COLD,-2.8008624350133013,-0.008821595478565314,5.688303502764256,4.515878896079584
lab011,F2,2026-05-16 19:59:33,COLD->OFF,COLD,OFF,-3.3808824007864904,-0.009592502952089887,5.933606343599496,5.308565567528046
lab011,F2,2026-05-16 20:04:46,OFF->HOT,OFF,HOT,3.18203680413671,-0.01639024766804855,4.403686573583662,5.623928876909053
lab011,F2,2026-05-16 20:08:53,HOT->OFF,HOT,OFF,3.1630269837531864,-0.021843506111358657,4.498440841994168,4.752270465560107
lab011,F2,2026-05-16 20:12:41,OFF->COLD,OFF,COLD,-3.138089217649112,-0.017885283189457722,5.557514367312464,4.677536065090475
lab011,F2,2026-05-16 20:14:46,COLD->OFF,COLD,OFF,-3.4679737446780043,-0.013428777477882469,5.641956705733155,5.6295140890025355
lab011,F2,2026-05-16 20:20:18,OFF->HOT,OFF,HOT,2.8283320705956614,-0.00266604197762774,5.04823449501096,5.7946003719690955
lab011,F2,2026-05-16 20:23:51,HOT->OFF,HOT,OFF,2.0609858437504007,0.001788394638933967,4.677536065090475,5.532020833996466
lab011,F2,2026-05-16 20:26:49,OFF->COLD,OFF,COLD,-3.139153234959382,0.007689643392819433,5.758142987648337,5.048077035380611
lab011,F2,2026-05-16 20:29:23,COLD->OFF,COLD,OFF,-2.939292814325094,0.013525276835121324,5.959492939801305,5.579244833513028
lab011,F2,2026-05-16 20:34:26,OFF->HOT,OFF,HOT,2.247938232894214,0.017995221708638275,5.275816330179155,5.679773377036711
lab011,F2,2026-05-16 20:38:09,HOT->OFF,HOT,OFF,2.9344849704275733,0.01672546718988599,4.900452188502147,5.275587057942374
lab011,F2,2026-05-16 20:41:07,OFF->COLD,OFF,COLD,-2.060845786803446,0.016980570223812386,5.933493147273176,5.139131349866465
lab011,F2,2026-05-16 20:43:56,COLD->OFF,COLD,OFF,-2.192815113744086,0.01765433715538265,5.97108712174137,5.559028623212284
lab011,F2,2026-05-16 20:48:53,OFF->HOT,OFF,HOT,2.2403972727258807,0.014344413957063297,5.401899681258592,5.371104132776343
lab011,F2,2026-05-16 20:52:36,HOT->OFF,HOT,OFF,2.1763505556721654,0.010139464694590218,4.880507261257783,4.929368400664399
lab011,F2,2026-05-16 20:54:55,OFF->COLD,OFF,COLD,-2.0349881453432888,0.008427199603643486,5.559028623212284,4.725980656653332
lab011,F2,2026-05-16 20:58:04,COLD->OFF,COLD,OFF,-1.41059175345476,0.007303935548542384,5.515086272621198,5.643882184857735
lab011,F2,2026-05-16 21:02:51,OFF->HOT,OFF,HOT,2.3542391628482147,0.0023261840416283867,5.526038336202984,6.13285103732002
lab011,F2,2026-05-16 21:06:40,HOT->OFF,HOT,OFF,2.9221482624366284,-0.0021305496495548568,4.7963255125600766,5.808518892092947
lab011,F2,2026-05-16 21:09:48,OFF->COLD,OFF,COLD,-4.119212477673362,-0.002014968638178516,5.810574100486342,5.082693840544485
lab011,F2,2026-05-16 21:13:16,COLD->OFF,COLD,OFF,-2.4108012034016895,-0.0003102497717328845,5.942928955936791,5.794866249852634
lab011,F2,2026-05-16 21:18:04,OFF->HOT,OFF,HOT,3.8252979367903523,-0.004367797555101303,5.508183540759785,5.863806994774327
lab011,F2,2026-05-16 21:21:47,HOT->OFF,HOT,OFF,2.5697508181913835,-0.010981527480932484,5.133153345435431,4.912723860383647
lab011,F2,2026-05-16 21:24:31,OFF->COLD,OFF,COLD,-2.366416945125166,-0.013615221831824618,5.821469858092395,5.217807753393255
lab011,F2,2026-05-16 21:27:44,COLD->OFF,COLD,OFF,-1.4309180095054452,-0.01529274768739075,5.157520239302943,5.905409180755046
lab011,F2,2026-05-16 21:31:52,OFF->HOT,OFF,HOT,2.227445382546525,-0.017636463618995533,5.119250932967363,5.96483366319435
lab011,F2,2026-05-16 21:33:07,OFF->HOT,OFF,HOT,3.166645188267114,-0.018848839711815658,4.720825339998456,5.846282221913693
lab011,F2,2026-05-16 21:35:21,HOT->OFF,HOT,OFF,2.8008914496988706,-0.020149286656283218,5.213327560815898,5.431883881105482
lab011,F2,2026-05-16 21:38:19,OFF->COLD,OFF,COLD,-2.918334318040392,-0.018849911432408287,6.166191575419234,4.417666971205064
lab011,F2,2026-05-16 21:40:58,COLD->OFF,COLD,OFF,-2.9956311664495057,-0.015495392095053793,5.877887061665428,5.827391211786498
lab011,F2,2026-05-16 21:46:40,OFF->HOT,OFF,HOT,2.700201130360776,-0.009794478273771468,5.383301182484999,5.561678816385305
lab011,F2,2026-05-16 21:50:13,HOT->OFF,HOT,OFF,2.70684065738747,-0.0086157868811517,4.680016494583876,4.732732390501109
lab011,F2,2026-05-16 21:52:47,OFF->COLD,OFF,COLD,-3.3119839864144796,-0.0062145040370662485,5.674679111925533,4.299737472558676
lab011,F2,2026-05-16 21:55:26,COLD->OFF,COLD,OFF,-2.254718327142207,-0.0022291682304713227,5.856584594434906,5.665380677980867
lab011,F2,2026-05-16 22:00:53,OFF->HOT,OFF,HOT,2.612195186501129,0.003970791761705072,4.660803737562544,6.104629501164439
lab011,F2,2026-05-16 22:04:31,HOT->OFF,HOT,OFF,2.2125177112012793,0.00621920044398383,4.723031851289798,5.391250374513642
lab011,F2,2026-05-16 22:06:55,OFF->COLD,OFF,COLD,-3.3344455715991663,0.009499610943440652,5.809648664433238,4.233863878429805
lab011,F2,2026-05-16 22:10:23,COLD->OFF,COLD,OFF,-1.4764133186509572,0.014533198503769641,5.96908295117805,5.261251939043969
lab011,F2,2026-05-16 22:14:46,OFF->HOT,OFF,HOT,1.8177307807657477,0.016879574183695924,5.811520198470472,5.240290106732361
lab011,F2,2026-05-16 22:18:30,HOT->OFF,HOT,OFF,2.061007424364498,0.016116377278107663,4.717703651908766,4.798526746066955
lab011,F2,2026-05-16 22:21:33,OFF->COLD,OFF,COLD,-2.8703280021685202,0.016675995004056254,5.261251939043969,5.0977286525527665
lab011,F2,2026-05-16 22:24:17,COLD->OFF,COLD,OFF,-1.6432569981305158,0.017951762805898143,4.997175300543274,5.855755289934887
lab011,F2,2026-05-16 22:25:21,COLD->OFF,COLD,OFF,-0.5414903641716994,0.018010157482495792,4.975598985426086,5.964622391461559
lab011,F2,2026-05-16 22:29:09,OFF->HOT,OFF,HOT,2.842351226670809,0.015288827590268641,4.854883898640847,5.762193322770012
lab011,F2,2026-05-16 22:32:38,HOT->OFF,HOT,OFF,2.090213871016407,0.010443872760757422,5.122491552225066,4.2699486714285975
lab011,F2,2026-05-16 22:35:36,OFF->COLD,OFF,COLD,-2.616342950676002,0.007936229855479128,5.8470758708070445,4.085367569480512
lab011,F2,2026-05-16 22:38:45,COLD->OFF,COLD,OFF,-1.9514498622664203,0.006418302826433121,5.463503928122348,5.2607154135636875
lab011,F2,2026-05-16 22:43:38,OFF->HOT,OFF,HOT,3.029227334659608,-0.0007276294870770528,4.2699486714285975,5.755973999961269
lab011,F2,2026-05-16 22:45:02,OFF->HOT,OFF,HOT,4.928932162406949,-0.003334684570885215,4.258490980151552,5.933569990472428
lab011,F2,2026-05-16 22:48:01,HOT->OFF,HOT,OFF,3.435625214858223,-0.00934412093889474,4.3037617651853575,4.9400233831466736
lab011,F2,2026-05-16 22:50:49,OFF->COLD,OFF,COLD,-2.89893655923293,-0.011581324008083805,5.346726603920006,3.6975511730390687
lab011,F2,2026-05-16 22:53:18,COLD->OFF,COLD,OFF,-2.671275701536715,-0.010765390708581356,5.64964177568312,4.480314629015882
lab011,F2,2026-05-16 22:59:25,OFF->HOT,OFF,HOT,1.3507706817902303,-0.008621507143406325,4.453947770057633,6.839481570971081
lab011,F2,2026-05-16 23:02:58,HOT->OFF,HOT,OFF,0.7686792447033961,-0.007616947433345089,4.070164105416902,6.069737977079674
lab011,F2,2026-05-16 23:05:27,OFF->COLD,OFF,COLD,-3.4393024283010964,-0.004825368275194819,4.823227225337666,5.104852502218841
lab011,F2,2026-05-16 23:09:10,COLD->OFF,COLD,OFF,-1.443219122016506,0.002596477682878096,5.617072451771348,4.73563942155121
lab011,F2,2026-05-16 23:13:58,OFF->HOT,OFF,HOT,3.9454368635465764,0.008617665474998405,6.069737977079674,6.733693962733731
lab011,F2,2026-05-16 23:17:11,HOT->OFF,HOT,OFF,-1.6739338122782055,0.009441062214717987,5.1444829005079695,5.056792182461329
lab011,F2,2026-05-16 23:20:00,OFF->COLD,OFF,COLD,-6.441378296509836,0.00897149501993262,6.4029633228434735,4.528941596636112
lab011,F2,2026-05-16 23:23:54,COLD->OFF,COLD,OFF,-2.7095769702614008,0.005240414203046485,6.6663478999650145,5.7422413346055405
lab011,F2,2026-05-16 23:29:06,OFF->HOT,OFF,HOT,4.124800127171676,-0.009117292416972943,5.3083163276046985,5.541975587962855
lab011,F2,2026-05-16 23:32:34,HOT->OFF,HOT,OFF,1.366505506885342,-0.020932458755463835,4.533508850945058,4.963002923341709
lab011,F2,2026-05-16 23:35:08,OFF->COLD,OFF,COLD,-4.313874513630028,-0.026140234829127886,7.169822366485401,5.318785032446743
lab011,F2,2026-05-16 23:37:47,COLD->OFF,COLD,OFF,-1.166404949188617,-0.029049180498284956,6.105263852298908,4.8858228527861804
lab011,F2,2026-05-16 23:44:04,OFF->HOT,OFF,HOT,4.403008947189632,-0.030493017764346673,5.600191274242341,6.072591721673361
lab011,F2,2026-05-16 23:47:13,HOT->OFF,HOT,OFF,0.6757932997013949,-0.027047825592177333,5.659040510353974,5.174279934580652
lab011,F2,2026-05-16 23:49:56,OFF->COLD,OFF,COLD,-4.401995179902562,-0.01988140675163699,5.887718031004138,3.8066621585710965
lab011,F2,2026-05-16 23:53:15,COLD->OFF,COLD,OFF,-2.047770301765521,-0.009560410218982442,6.961977973795415,6.280883027192142
lab011,F2,2026-05-16 23:58:43,OFF->HOT,OFF,HOT,1.9620945637646436,0.0032160671159612506,5.512285648216279,5.4542267102234225
lab011,F2,2026-05-17 00:02:01,HOT->OFF,HOT,OFF,0.4917789484909876,0.00869624148469015,4.614799574932453,5.355550472713228
lab011,F2,2026-05-17 00:04:30,OFF->COLD,OFF,COLD,-6.878922975847691,0.013849050967862375,5.769404831538899,6.717293924446516
lab011,F2,2026-05-17 00:07:19,COLD->OFF,COLD,OFF,-4.030306569170458,0.01875576107250261,6.064789033535331,4.108242747529755
lab011,F2,2026-05-17 00:13:51,OFF->HOT,OFF,HOT,4.102455241114473,0.01692660012828089,4.050769736594249,4.875105424918232
lab011,F2,2026-05-17 00:16:44,HOT->OFF,HOT,OFF,1.5386939010927105,0.013171046672536414,4.288950539195394,5.169224649815716
lab011,F2,2026-05-17 00:19:38,OFF->COLD,OFF,COLD,-4.966063900657112,0.012441442261871494,4.789947607710169,4.252920799148682
lab011,F2,2026-05-17 00:22:17,COLD->OFF,COLD,OFF,-3.7677898684963793,0.012854651783712433,4.596410436009665,5.951838406527447
lab011,F2,2026-05-17 00:29:09,OFF->HOT,OFF,HOT,5.840926821707923,0.006371119243532242,5.776493718122552,6.01704895662823
lab011,F2,2026-05-17 00:32:17,HOT->OFF,HOT,OFF,2.266151190437308,0.0038722825604313726,6.101210687573358,5.763659951152711
lab011,F2,2026-05-17 00:35:11,OFF->COLD,OFF,COLD,-2.0834636548090733,0.005903075158577131,5.061894383279169,5.094556501317923
lab011,F2,2026-05-17 00:38:35,COLD->OFF,COLD,OFF,-3.5785018562794777,0.010857161378405067,5.478845481766882,5.913791589660415
lab011,F2,2026-05-17 00:43:02,OFF->HOT,OFF,HOT,1.907612950835633,0.013644957671514923,5.240899468258324,5.364792008973799
lab011,F2,2026-05-17 00:44:27,OFF->HOT,OFF,HOT,2.6310621505794405,0.013495773721680848,5.187133705226693,5.133042624496676
lab011,F2,2026-05-17 00:47:40,HOT->OFF,HOT,OFF,1.6092227753725952,0.014035373002707806,5.911485365325087,5.5947870180123935
lab011,F2,2026-05-17 00:50:09,OFF->COLD,OFF,COLD,-7.225292366068598,0.016424260714755154,5.556265764231959,5.663734734558826
lab011,F2,2026-05-17 00:52:23,COLD->OFF,COLD,OFF,-1.6413069561853952,0.018525214579855745,5.598995630849064,5.4333832806968045
lab011,F2,2026-05-17 00:53:28,COLD->OFF,COLD,OFF,-1.486646888114322,0.018861441074754202,4.913819783438709,5.144867064058047
lab011,F2,2026-05-17 00:59:55,OFF->HOT,OFF,HOT,4.712076783850012,0.00795439138758933,4.3748758934649565,6.538797450879317
lab011,F2,2026-05-17 01:03:18,HOT->OFF,HOT,OFF,0.5193606989031985,-0.00046250839570216584,4.657122825447365,6.276268298660796
lab011,F2,2026-05-17 01:05:47,OFF->COLD,OFF,COLD,-3.591430983097365,-0.004089361749132079,5.7855121688408975,5.851787789959064
lab011,F2,2026-05-17 01:09:11,COLD->OFF,COLD,OFF,-0.7977330294647558,-0.007076088716367578,6.20060315107452,6.745994486470182
lab011,F2,2026-05-17 01:14:48,OFF->HOT,OFF,HOT,3.162890524417991,-0.01558819143885195,6.287558290065796,5.700412945383364
lab011,F2,2026-05-17 01:18:17,HOT->OFF,HOT,OFF,-0.42251888532401916,-0.02139698202167608,6.125349104111823,4.850250775808803
lab011,F2,2026-05-17 01:20:41,OFF->COLD,OFF,COLD,-2.5506929766629725,-0.022904022204124175,5.554383240804954,5.365236702430458
lab011,F2,2026-05-17 01:24:04,COLD->OFF,COLD,OFF,1.694737924006757,-0.0228693913079427,5.314913294641073,6.37440593151581
lab011,F2,2026-05-17 01:29:12,OFF->HOT,OFF,HOT,4.9011371069666385,-0.023590287077242422,4.850250775808803,4.991289543453503
lab011,F2,2026-05-17 01:32:35,HOT->OFF,HOT,OFF,0.5305120219877261,-0.022106916285085987,5.312989123190868,4.051818401263685
lab011,F2,2026-05-17 01:34:59,OFF->COLD,OFF,COLD,-4.671262320333703,-0.01762752125261855,6.37440593151581,4.762888595231819
lab011,F2,2026-05-17 01:38:03,COLD->OFF,COLD,OFF,-5.210200170793856,-0.009971235505934397,6.244971181087456,5.667294667099894
lab011,F2,2026-05-17 01:44:25,OFF->HOT,OFF,HOT,3.313422382791074,0.0034560078921421315,3.669711704638386,5.830318230132987
lab011,F2,2026-05-17 01:47:44,HOT->OFF,HOT,OFF,0.6358442662073607,0.008080778189760452,5.886641518490785,5.708397266818567
lab011,F2,2026-05-17 01:50:32,OFF->COLD,OFF,COLD,-6.46463543553622,0.013277945926499514,5.174145435924525,5.735034768847284
lab011,F2,2026-05-17 01:54:36,COLD->OFF,COLD,OFF,-3.1864295751100986,0.019390220900516827,5.809588955036324,6.5019890027025715
lab011,F2,2026-05-17 01:59:53,OFF->HOT,OFF,HOT,4.4516138221152515,0.01926459654816597,6.2239531180935534,6.060512181040363
lab011,F2,2026-05-17 02:03:07,HOT->OFF,HOT,OFF,1.25553075183212,0.01824922850853099,5.97356246081042,5.942432164490223
lab011,F2,2026-05-17 02:06:10,OFF->COLD,OFF,COLD,-7.133528640288475,0.019743187895181258,6.917881487802943,6.663042091298618
lab011,F2,2026-05-17 02:09:14,COLD->OFF,COLD,OFF,-3.868349286455829,0.0202939054365185,7.707068165603968,6.260142009652258
lab011,F2,2026-05-17 02:14:57,OFF->HOT,OFF,HOT,4.436872276761308,0.01336730141128406,5.954043200410592,6.82466285609571
lab011,F2,2026-05-17 02:18:10,HOT->OFF,HOT,OFF,1.4914481520364733,0.009452332200425673,6.205394842679146,4.425863671812084
lab011,F2,2026-05-17 02:21:04,OFF->COLD,OFF,COLD,-6.0499719808928605,0.008399425604735812,6.9332646253839725,5.036117947759945
lab011,F2,2026-05-17 02:24:47,COLD->OFF,COLD,OFF,-0.14468243121604552,0.006623418977127038,6.301627177145493,5.7783305408536085
lab011,F2,2026-05-17 02:29:25,OFF->HOT,OFF,HOT,3.4443897716092664,-0.0020964841315539197,4.62355316882761,6.616504455913105
lab011,F2,2026-05-17 02:32:44,HOT->OFF,HOT,OFF,2.2063403991943744,-0.009097970072266828,5.922765257702816,5.839106429760506
lab011,F2,2026-05-17 02:35:38,OFF->COLD,OFF,COLD,-2.6659176263061197,-0.014853222713250427,5.7783305408536085,5.601580487385257
lab011,F2,2026-05-17 02:39:01,COLD->OFF,COLD,OFF,-0.6095988985705689,-0.020881848644763144,6.039408276223643,7.15172368172138
lab011,F2,2026-05-17 02:44:44,OFF->HOT,OFF,HOT,3.970605275691643,-0.0381457334174037,5.873428966911321,6.5226950697560095
lab011,F2,2026-05-17 02:47:42,HOT->OFF,HOT,OFF,2.241360848687221,-0.04326869548760151,5.4859324473180955,6.0872733097979195
lab011,F2,2026-05-17 02:51:01,OFF->COLD,OFF,COLD,-2.8718010961212284,-0.041615694895240196,7.796609966664378,4.907052284522974
lab011,F2,2026-05-17 02:54:09,COLD->OFF,COLD,OFF,-1.6353640717756144,-0.03163326550424177,5.565784831227416,5.457067802302951
lab011,F2,2026-05-17 02:59:47,OFF->HOT,OFF,HOT,4.294447409336768,-0.014580453231145183,6.102729757682563,6.853617977468761
lab011,F2,2026-05-17 03:03:06,HOT->OFF,HOT,OFF,-0.7942088141038746,-0.0052737267929643394,5.378590766813757,5.342321768948733
lab011,F2,2026-05-17 03:05:34,OFF->COLD,OFF,COLD,-4.91335572948816,0.002437751565175006,5.691964531442651,5.267282513688777
lab011,F2,2026-05-17 03:08:58,COLD->OFF,COLD,OFF,-0.9711697557322909,0.01148438234024951,6.039227911474537,5.718108851903902
lab011,F2,2026-05-17 03:14:35,OFF->HOT,OFF,HOT,4.949884721761416,0.014631528860515351,5.890987901629419,6.710380944260596
lab011,F2,2026-05-17 03:17:44,HOT->OFF,HOT,OFF,2.322529626397891,0.013965925698407843,5.368073733186331,6.747523775138839
lab011,F2,2026-05-17 03:20:53,OFF->COLD,OFF,COLD,-6.362411387538328,0.017016634007466537,5.633101603029427,6.166811969711169
lab011,F2,2026-05-17 03:23:46,COLD->OFF,COLD,OFF,-3.952627728946145,0.021225756382521156,6.129709502683248,6.082506544867177
lab011,F2,2026-05-17 03:29:53,OFF->HOT,OFF,HOT,2.786966619718202,0.02006083134769021,6.461868838847346,5.7766136135197526
lab011,F2,2026-05-17 03:32:47,HOT->OFF,HOT,OFF,3.4160831457594587,0.01407543570769132,6.511585372029069,4.734872163142317
lab011,F2,2026-05-17 03:35:51,OFF->COLD,OFF,COLD,-1.8405872307173252,0.007211183620745664,6.093056389188389,4.132345092672438
lab011,F2,2026-05-17 03:39:29,COLD->OFF,COLD,OFF,-1.6709756419762203,-0.0036692472690557313,5.402744725127885,7.336362071919406
lab011,F2,2026-05-17 03:44:17,OFF->HOT,OFF,HOT,9.070752854285614,-0.02246585831125518,6.6202773361541425,6.444727896203124
lab011,F2,2026-05-17 03:47:56,HOT->OFF,HOT,OFF,1.5993384978951946,-0.032983562875284984,5.844886307489532,4.675018990662569
lab011,F2,2026-05-17 03:50:10,OFF->COLD,OFF,COLD,0.1600646423134936,-0.03337936390492207,7.3246285513179705,4.121012110197062
lab011,F2,2026-05-17 03:53:53,COLD->OFF,COLD,OFF,-3.738415202522114,-0.025738453219159043,6.420817130960015,3.943207861074074
lab011,F2,2026-05-17 03:57:37,OFF->HOT,OFF,HOT,-0.3528459207057555,-0.014881567378874468,5.891909675957539,7.129434215078065
lab011,F2,2026-05-17 03:59:21,OFF->HOT,OFF,HOT,1.2823534863108135,-0.009664685560238518,4.360964706642391,5.7072463197934225
lab011,F2,2026-05-17 04:01:35,HOT->OFF,HOT,OFF,1.7273992266653106,-0.0015699082055927946,4.8070878518142,6.599428777493256
lab011,F2,2026-05-17 04:04:29,OFF->COLD,OFF,COLD,-4.076944214919394,0.010695405181754401,6.00017230427311,4.984403844035565
lab011,F2,2026-05-17 04:07:12,COLD->OFF,COLD,OFF,-1.5401389158001975,0.02223734557497927,5.831089025339672,4.969375085037231
lab011,F2,2026-05-17 04:08:12,COLD->OFF,COLD,OFF,-0.5373523961924158,0.026064789045378407,5.984755534675883,5.2110977293302625
lab011,F2,2026-05-17 04:13:05,OFF->HOT,OFF,HOT,2.9155632813827594,0.03643936603103964,5.439277562136212,6.184417789820999
lab011,F2,2026-05-17 04:16:48,HOT->OFF,HOT,OFF,0.06238256187358493,0.039859030123621686,5.28715214295188,6.050608152304828
lab011,F2,2026-05-17 04:19:52,OFF->COLD,OFF,COLD,-4.188552877940625,0.04246073303427753,6.023966965134224,4.844271055258641
lab011,F2,2026-05-17 04:23:50,COLD->OFF,COLD,OFF,-0.6859601996324217,0.042144222693809213,6.186925463530712,5.738114158760535
lab011,F2,2026-05-17 04:27:29,OFF->HOT,OFF,HOT,2.9602578066110015,0.031487941659433714,5.824781800739996,5.331903093658718
lab011,F2,2026-05-17 04:29:28,OFF->HOT,OFF,HOT,4.55510127867894,0.02286134098216461,5.877026928543962,5.612027113520249
lab011,F2,2026-05-17 04:32:26,HOT->OFF,HOT,OFF,1.2210425526788709,0.009768087403345407,6.579903855943481,5.560270381122128
lab011,F2,2026-05-17 04:35:30,OFF->COLD,OFF,COLD,-1.9637991564790203,0.0007495558269091859,5.6562133456351855,6.864738314208779
lab011,F2,2026-05-17 04:39:48,COLD->OFF,COLD,OFF,-1.099420460567306,-0.007998822558901789,5.974289917354763,4.776173035921275
lab011,F2,2026-05-17 04:42:32,OFF->HOT,OFF,HOT,5.55266618711693,-0.013237543343832849,5.545878014757512,6.871907019359568
lab011,F2,2026-05-17 04:43:47,OFF->HOT,OFF,HOT,2.570368824301151,-0.015377595747659536,5.457214560222032,5.1106264843519025
lab011,F2,2026-05-17 04:44:51,HOT->OFF,HOT,OFF,2.231704112166782,-0.016717836037942746,5.139954371900285,4.578480052123362
lab011,F2,2026-05-17 04:46:31,HOT->OFF,HOT,OFF,2.5234282590855974,-0.017887568571757304,6.864738314208779,5.23802325737092
lab011,F2,2026-05-17 04:49:59,OFF->COLD,OFF,COLD,-5.342028559706613,-0.014942842516602536,4.883685588616057,6.201960477551696
lab011,F2,2026-05-17 04:53:37,COLD->OFF,COLD,OFF,-3.3153588504120504,-0.008020037856572411,6.871907019359568,6.005807678586004
lab011,F2,2026-05-17 04:58:50,OFF->HOT,OFF,HOT,3.609456037686385,-0.003873065266732388,4.745006097245317,4.5069953767459
lab011,F2,2026-05-17 05:01:54,HOT->OFF,HOT,OFF,0.8369465832183822,-0.003446378906102332,6.225200148984838,4.5258027229616955
lab011,F2,2026-05-17 05:05:07,OFF->COLD,OFF,COLD,-3.2880725365550125,-0.0009235946183734356,6.308561739099153,4.756354358142592
lab011,F2,2026-05-17 05:08:46,COLD->OFF,COLD,OFF,-1.4037783747815322,0.001967166033958811,4.548252518647228,5.0763954873934924
lab011,F2,2026-05-17 05:14:43,OFF->HOT,OFF,HOT,4.7733280732997585,-0.009983951174315565,4.469989621221582,5.4419585194921005
lab011,F2,2026-05-17 05:18:02,HOT->OFF,HOT,OFF,3.4400073530386823,-0.019825052500863548,4.975558223958756,4.605389871314408
lab011,F2,2026-05-17 05:21:05,OFF->COLD,OFF,COLD,-2.400355524871935,-0.02430485925657635,5.929808360112671,3.777849884500852
lab011,F2,2026-05-17 05:24:54,COLD->OFF,COLD,OFF,-2.8282276718184285,-0.022321323824842844,5.587481718390861,4.572092673492447
lab011,F2,2026-05-17 05:28:47,OFF->HOT,OFF,HOT,2.995725525123761,-0.021115378294600796,4.548947520976109,5.770298685806438
lab011,F2,2026-05-17 05:30:36,OFF->HOT,OFF,HOT,4.629952182346524,-0.021184325183633668,3.9558106664402914,5.859694770579157
lab011,F2,2026-05-17 05:33:30,HOT->OFF,HOT,OFF,2.6500087215911172,-0.020717400605132674,4.3048432590571,4.7398626435315725
lab011,F2,2026-05-17 05:36:38,OFF->COLD,OFF,COLD,-3.4564147434197188,-0.015222545876888916,5.441305772187605,3.5540117338119486
lab011,F2,2026-05-17 05:40:12,COLD->OFF,COLD,OFF,-3.4275153099927467,-0.0060904023127614365,5.855990619430662,4.982587632378978
lab011,F2,2026-05-17 05:41:21,COLD->OFF,COLD,OFF,-2.627257321963257,-0.003777415085822966,5.877682268129271,5.125209680912222
lab011,F2,2026-05-17 05:44:10,OFF->HOT,OFF,HOT,0.9910967927637254,0.0015593638770777553,4.587392229116259,4.908521227417298
lab011,F2,2026-05-17 05:45:59,OFF->HOT,OFF,HOT,2.2032622512395243,0.003341604771681439,4.074227144831457,4.528439809108605
lab011,F2,2026-05-17 05:48:33,HOT->OFF,HOT,OFF,2.824555320716727,0.005650756192203767,3.387352088360522,4.211886512235471
lab011,F2,2026-05-17 05:52:02,OFF->COLD,OFF,COLD,-3.329851257750792,0.011996123597640993,4.470472940179097,4.230979272409164
lab011,F2,2026-05-17 05:55:20,COLD->OFF,COLD,OFF,-2.6527768320351712,0.01683256803312716,4.908521227417298,5.515584156524778
lab011,F2,2026-05-17 06:01:13,OFF->HOT,OFF,HOT,4.391758074836323,0.01216990942029863,4.096730679540693,5.264783541739523
lab011,F2,2026-05-17 06:04:41,HOT->OFF,HOT,OFF,1.8391904547839508,0.006094227496755701,4.748444126659266,4.195948892847623
lab011,F2,2026-05-17 06:07:15,OFF->COLD,OFF,COLD,-1.749364227165073,0.0026219564342623517,5.683362246426046,3.8419377478239705
lab011,F2,2026-05-17 06:10:09,COLD->OFF,COLD,OFF,-1.9187811044369614,1.1916383035348935e-05,5.534392217586995,4.708561498913564
lab011,F2,2026-05-17 06:11:28,OFF->COLD,OFF,COLD,-0.9460734260115093,-0.0012038027040928152,5.691247229443213,4.645474406059779
lab011,F2,2026-05-17 06:14:07,OFF->HOT,OFF,HOT,1.4657988402402433,-0.004421574858410082,4.853599119902444,4.341666024350865
lab011,F2,2026-05-17 06:15:27,OFF->HOT,OFF,HOT,2.9913677929855877,-0.007074129728720813,4.4854137004807795,4.328198350027516
lab011,F2,2026-05-17 06:16:56,OFF->HOT,OFF,HOT,3.467665629344001,-0.00856259959138228,4.21443534343861,4.501792877115663
lab011,F2,2026-05-17 06:18:01,HOT->OFF,HOT,OFF,2.579264031274333,-0.009228377943377985,3.912890773474908,3.9685369098463896
lab011,F2,2026-05-17 06:21:39,OFF->COLD,OFF,COLD,-2.0748227972223177,-0.008439584024993431,4.625316354456702,4.32871445866156
lab011,F2,2026-05-17 06:24:28,COLD->OFF,COLD,OFF,-1.7522292425791608,-0.005344617407932618,4.460590216066039,5.020629606607064
lab011,F2,2026-05-17 06:29:16,OFF->HOT,OFF,HOT,1.090980177816461,-0.0015138832172334905,4.23452079339844,4.597734774061749
lab011,F2,2026-05-17 06:32:30,HOT->OFF,HOT,OFF,0.8942322326201398,-0.0004543299216328116,4.33893472432231,4.230892576243997
lab011,F2,2026-05-17 06:35:58,OFF->COLD,OFF,COLD,-2.2928449837303324,0.001870595892462034,5.133018220031606,4.067535422743262
lab011,F2,2026-05-17 06:40:16,COLD->OFF,COLD,OFF,0.49344279793935963,0.0061195113452125575,4.597734774061749,5.147637670358743
lab011,F2,2026-05-17 06:42:55,OFF->HOT,OFF,HOT,0.4838531163599663,0.006742541715919436,4.385424613291651,3.9079475311320566
lab011,F2,2026-05-17 06:44:00,HOT->OFF,HOT,OFF,1.6480992256490263,0.006569064146129832,4.035976741369603,3.923936394817424
lab011,F2,2026-05-17 06:45:49,HOT->OFF,HOT,OFF,2.515674745593752,0.005997715262817492,4.070392786735462,4.064907890386018
lab011,F2,2026-05-17 06:50:22,OFF->COLD,OFF,COLD,-2.569665451713371,0.005081706287953125,5.1277701520087495,4.5574560206739845
lab011,F2,2026-05-17 06:54:15,COLD->OFF,COLD,OFF,-2.1762403357408577,0.004650225362848915,4.790981425125068,4.996374961394849
lab011,F2,2026-05-17 06:57:39,OFF->HOT,OFF,HOT,3.066058384498657,0.0016632211090383824,4.09461397332093,4.442103431680006
lab011,F2,2026-05-17 06:59:18,OFF->HOT,OFF,HOT,4.050581255429837,0.00010068498072328663,4.183174027705198,4.611601350070953
lab011,F2,2026-05-17 07:00:42,HOT->OFF,HOT,OFF,2.7905468768835977,-0.001221129862816639,4.2525644207256015,3.8330528474029943
lab011,F2,2026-05-17 07:05:15,OFF->COLD,OFF,COLD,-2.1809254043831965,-0.0004283885368572272,4.996374961394849,4.343213688518076
lab011,F2,2026-05-17 07:08:44,COLD->OFF,COLD,OFF,-2.2097829573815932,0.0024974388792289304,4.442103431680006,4.83196060270303
lab011,F2,2026-05-17 07:13:22,OFF->HOT,OFF,HOT,2.3556528686790537,0.002887776000983955,3.996550614525931,5.343083245785792
lab011,F2,2026-05-17 07:16:36,HOT->OFF,HOT,OFF,1.6352988377731854,0.0022094357514390595,4.152099752400207,4.509092182983858
lab011,F2,2026-05-17 07:19:49,OFF->COLD,OFF,COLD,-2.193597936685387,0.004393988252300751,4.83196060270303,4.468239727367129
lab011,F2,2026-05-17 07:23:58,COLD->OFF,COLD,OFF,-1.7704751568863442,0.009169173530936093,4.833172110055702,3.84186117035379
lab011,F2,2026-05-17 07:26:36,OFF->HOT,OFF,HOT,0.7226415674716287,0.010158340133060583,4.795418143578479,4.328161342582596
lab011,F2,2026-05-17 07:29:30,HOT->OFF,HOT,OFF,2.6045846756735895,0.00934400394489856,4.275499797062405,3.7087789841302214
lab011,F2,2026-05-17 07:34:03,OFF->COLD,OFF,COLD,-1.8117208411356933,0.007817316067839818,3.6951998341355656,3.459314447419482
lab011,F2,2026-05-17 07:37:47,COLD->OFF,COLD,OFF,-0.8778937032442361,0.006912987166655426,4.155355186739699,4.868689054371168
lab011,F2,2026-05-17 07:40:56,OFF->HOT,OFF,HOT,1.6337616561503552,0.003704022718158128,3.5396885635719295,5.372737255635227
lab011,F2,2026-05-17 07:42:35,OFF->HOT,OFF,HOT,3.2062812653295474,0.0016745242266264174,3.6952704947287103,5.568515953135595
lab011,F2,2026-05-17 07:45:43,HOT->OFF,HOT,OFF,1.726045733246417,-0.002270882666745598,4.158648500561486,4.168213573789603
lab011,F2,2026-05-17 07:48:27,OFF->COLD,OFF,COLD,-3.1754792838014128,-0.00350441181786856,5.132704359427159,3.546050880220302
lab011,F2,2026-05-17 07:52:26,COLD->OFF,COLD,OFF,-1.9050612531133633,-0.0031950970006844777,5.4735237556901835,4.502474812367548
lab011,F2,2026-05-17 07:57:23,OFF->HOT,OFF,HOT,3.5036293837345043,-0.00717044213959035,4.153915849101116,4.6828136685285635
lab011,F2,2026-05-17 07:58:58,OFF->HOT,OFF,HOT,4.66317626904573,-0.008794058357189627,3.638514002677248,5.509356678294317
lab011,F2,2026-05-17 08:01:07,HOT->OFF,HOT,OFF,1.567282507557755,-0.009887171854409793,3.9680254831061967,4.213238800028733
lab011,F2,2026-05-17 08:04:25,OFF->COLD,OFF,COLD,-3.4562911838572994,-0.007351650055461078,4.694176311109424,3.9646754026513746
lab011,F2,2026-05-17 08:08:39,COLD->OFF,COLD,OFF,-2.1849529246115083,-0.0006256717415523026,4.877888295326573,3.686185905686533
lab011,F2,2026-05-17 08:12:02,OFF->HOT,OFF,HOT,2.1733834632131583,0.000643409393526184,4.213238800028733,4.019685029074453
lab011,F2,2026-05-17 08:14:01,HOT->OFF,HOT,OFF,3.380659567355889,-0.00034974197615103,4.082444040981656,3.540904108860002
lab011,F2,2026-05-17 08:19:09,OFF->COLD,OFF,COLD,-2.4936083942159635,-0.004543743760761743,3.9517750111731305,3.3765946181188946
lab011,F2,2026-05-17 08:22:13,COLD->OFF,COLD,OFF,-1.8915194343885895,-0.006259654768797774,3.775035968007108,4.445912016419268
lab011,F2,2026-05-17 08:27:16,OFF->HOT,OFF,HOT,2.8602506227098266,-0.014390392722871681,3.1933053519941903,4.817510882197965
lab011,F2,2026-05-17 08:29:10,OFF->HOT,OFF,HOT,4.178980149704875,-0.018456114223180543,3.448644642093649,4.810628692654098
lab011,F2,2026-05-17 08:30:44,HOT->OFF,HOT,OFF,2.9502884929710844,-0.021162542885590517,3.524626666338041,4.476278766900598
lab011,F2,2026-05-17 08:31:44,HOT->OFF,HOT,OFF,0.7123495919707032,-0.022427223770132444,4.350698584665563,4.22067482641414
lab011,F2,2026-05-17 08:34:23,OFF->COLD,OFF,COLD,-1.3511502517361205,-0.023168344526240503,3.9870712023604575,3.878428192805254
lab011,F2,2026-05-17 08:38:41,COLD->OFF,COLD,OFF,-0.6770818084556538,-0.019079686514403525,5.1676605310191075,4.816396125475658
lab011,F2,2026-05-17 08:41:34,OFF->HOT,OFF,HOT,0.9273233867563493,-0.015593721483279487,4.226033937601758,4.41734281584795
lab011,F2,2026-05-17 08:43:14,OFF->HOT,OFF,HOT,2.0490290862746945,-0.013055205167979977,3.924653125791965,4.471182564884586
lab011,F2,2026-05-17 08:44:58,HOT->OFF,HOT,OFF,0.9590561271091299,-0.010081442111808593,3.5353021623958396,4.064851937201993
lab011,F2,2026-05-17 08:48:57,OFF->COLD,OFF,COLD,-3.0972549632306525,-0.00035729306752383186,4.4515035684952755,3.409364808833397
lab011,F2,2026-05-17 08:53:20,COLD->OFF,COLD,OFF,-0.8973545927687432,0.01002627744946043,4.506224806579389,2.6472750766598296
lab011,F2,2026-05-17 08:55:09,OFF->HOT,OFF,HOT,1.4236678513481646,0.013148141145870616,4.083271432566507,2.523466908395465
lab011,F2,2026-05-17 08:56:24,HOT->OFF,HOT,OFF,2.83345277431575,0.014429203091231638,3.4617676170478586,2.351949338840959
lab011,F2,2026-05-17 09:05:35,OFF->COLD,OFF,COLD,-3.2859530486694095,0.02509288088848489,2.426307240407356,2.728672611030569
lab011,F2,2026-05-17 09:06:49,COLD->OFF,COLD,OFF,-4.415707230898642,0.027684029373428842,2.25698221773608,2.8575488702715925
lab011,F2,2026-05-17 09:16:50,OFF->HOT,OFF,HOT,3.258003512401751,0.02235316716461,2.7647658942724,5.265475566990434
lab011,F2,2026-05-17 09:20:04,HOT->OFF,HOT,OFF,1.9466337090177055,0.014130739420235905,3.568230410610201,4.495606949203593
lab011,F2,2026-05-17 09:23:27,OFF->COLD,OFF,COLD,-2.7941499746221408,0.009738615403079898,4.499271993575354,4.214881327653538
lab011,F2,2026-05-17 09:26:51,COLD->OFF,COLD,OFF,-0.5967352581128207,0.008363398513737328,5.236860792610442,4.883297244707029
lab011,F2,2026-05-17 09:30:40,OFF->HOT,OFF,HOT,1.696868242543859,0.004992041459608035,4.834577192928822,4.831190432068443
lab011,F2,2026-05-17 09:31:49,OFF->HOT,OFF,HOT,3.0240998259003824,0.0035170586047220433,4.616514566545423,4.727367644100947
lab011,F2,2026-05-17 09:33:23,HOT->OFF,HOT,OFF,1.1509584208244727,0.0007404350627190567,4.094471333077678,4.05378197641612
lab011,F2,2026-05-17 09:34:23,OFF->HOT,OFF,HOT,0.31066777857106453,-0.0007597196311147428,4.214881327653538,3.932943849926045
lab011,F2,2026-05-17 09:37:17,OFF->COLD,OFF,COLD,-1.6565425434891348,-0.004338983005005129,4.254223582826995,3.216283275480037
lab011,F2,2026-05-17 09:39:51,COLD->OFF,COLD,OFF,-1.8993349288781773,-0.007347228989516629,5.02995633417346,3.955598911301779
lab011,F2,2026-05-17 09:45:18,OFF->HOT,OFF,HOT,2.6800409969773025,-0.01660122090697218,3.645172168369039,4.164588107648558
lab011,F2,2026-05-17 09:47:03,OFF->HOT,OFF,HOT,4.058147742825637,-0.019859028135616442,3.7331380366992355,4.564534169569568
lab011,F2,2026-05-17 09:48:12,HOT->OFF,HOT,OFF,3.103230619190861,-0.021729998552476815,3.216283275480037,3.3902859153363765
lab011,F2,2026-05-17 09:53:10,OFF->COLD,OFF,COLD,-2.0920817516981973,-0.0220192300164328,3.9714901679408436,3.668150066400729
lab011,F2,2026-05-17 09:57:18,COLD->OFF,COLD,OFF,-1.4377145704001855,-0.017146512318684692,4.102499498523262,3.8327212334605574
lab011,F2,2026-05-17 10:00:52,OFF->HOT,OFF,HOT,2.2804936410977508,-0.012970163091655884,3.738124278426762,4.350524834637975
lab011,F2,2026-05-17 10:01:56,HOT->OFF,HOT,OFF,2.280587321051942,-0.0115701748162504,3.8803642558685523,4.208794959917227
lab011,F2,2026-05-17 10:03:36,HOT->OFF,HOT,OFF,1.4665913944515572,-0.009792215814452554,3.3159911380265994,3.9102336454066275
lab011,F2,2026-05-17 10:07:09,OFF->COLD,OFF,COLD,-3.105752994507722,-0.002633958858704588,3.7558671246495177,3.7216524411281653
lab011,F2,2026-05-17 10:10:13,COLD->OFF,COLD,OFF,-2.3074564064280727,0.003329488811701609,4.12803398275404,4.2356190737662525
lab011,F2,2026-05-17 10:16:45,OFF->HOT,OFF,HOT,3.0247171658970466,0.0029872289834322876,3.3803021414351395,4.226463625745277
lab011,F2,2026-05-17 10:18:30,OFF->HOT,OFF,HOT,4.37062747570669,0.0002729793661272245,3.6365489288349773,4.694985581331269
lab011,F2,2026-05-17 10:19:59,HOT->OFF,HOT,OFF,3.065970288360537,-0.0017845550922507055,3.8077006349489313,3.5950883596882277
lab011,F2,2026-05-17 10:23:57,OFF->COLD,OFF,COLD,-2.6057040940650587,-0.0037105215675254048,4.484033382294223,3.258151452561737
lab011,F2,2026-05-17 10:26:46,COLD->OFF,COLD,OFF,-2.356448059482308,-0.0030655108848723243,4.235486473631848,3.60787433828439
lab011,F2,2026-05-17 10:31:44,OFF->HOT,OFF,HOT,2.7341985667200253,-0.005992164676035472,3.5154301075574237,3.8712662082750904
lab011,F2,2026-05-17 10:33:23,OFF->HOT,OFF,HOT,4.659694966080917,-0.008303323519326434,3.46516526450262,3.954164276971316
lab011,F2,2026-05-17 10:35:03,HOT->OFF,HOT,OFF,3.815829395345995,-0.010095222413383632,3.258151452561737,4.001344820482293
lab011,F2,2026-05-17 10:40:06,OFF->COLD,OFF,COLD,-1.180659819086205,-0.009419383007694824,3.7511333020380278,4.065787162788725
lab011,F2,2026-05-17 10:44:49,COLD->OFF,COLD,OFF,-0.21548610750645203,-0.0015472784853372452,4.036030187515044,4.913230578213827
lab011,F2,2026-05-17 10:47:08,OFF->HOT,OFF,HOT,1.5856799140184479,0.002819488063643228,3.6905656607925597,4.558453509709935
lab011,F2,2026-05-17 10:48:43,HOT->OFF,HOT,OFF,2.3144796501181384,0.0053134569663358285,3.5260993831649676,5.031255292795026
lab011,F2,2026-05-17 10:50:22,HOT->OFF,HOT,OFF,0.5441212293820864,0.00795643153632355,3.6542462720149183,4.045817718181468
lab011,F2,2026-05-17 10:53:11,OFF->COLD,OFF,COLD,-3.448645372497158,0.014274094310322382,4.3685302960794825,3.953036777044791
lab011,F2,2026-05-17 10:56:19,COLD->OFF,COLD,OFF,-2.905330373017939,0.02040070310771558,4.527100413120715,5.008206551687434
lab011,F2,2026-05-17 11:02:02,OFF->HOT,OFF,HOT,1.4738494474232566,0.02248387138622352,4.041498066483795,4.9093991850652134
lab011,F2,2026-05-17 11:03:22,HOT->OFF,HOT,OFF,2.881032270880877,0.020955088067338146,4.034720284717513,4.946642722967192
lab011,F2,2026-05-17 11:05:16,HOT->OFF,HOT,OFF,1.8307991110608186,0.017737683692769048,4.045539817440831,4.4372814834259975
lab011,F2,2026-05-17 11:07:35,OFF->COLD,OFF,COLD,-0.6161933398287271,0.013730993975802441,4.449729290802317,3.952952397623143
lab011,F2,2026-05-17 11:10:44,COLD->OFF,COLD,OFF,-0.38533816292313167,0.007058215685357184,4.754152918306432,3.9045351081546182
lab011,F2,2026-05-17 11:15:37,OFF->HOT,OFF,HOT,3.1082870732240524,-0.006640884616173359,3.8780786827248934,4.235020721225719
lab011,F2,2026-05-17 11:16:41,OFF->HOT,OFF,HOT,3.8787134736371227,-0.010284994772198887,3.6765827741856483,4.245035966929971
lab011,F2,2026-05-17 11:17:56,OFF->HOT,OFF,HOT,4.24088180541029,-0.01346933929480798,4.037060954532565,3.8124085992826457
lab011,F2,2026-05-17 11:23:04,OFF->COLD,OFF,COLD,-2.8520269456828515,-0.01824452954914637,3.634057727451189,3.242692403466484
lab011,F2,2026-05-17 11:25:58,COLD->OFF,COLD,OFF,-2.4996229663859237,-0.0158343286492153,3.8718564039318095,4.330429153275046
lab011,F2,2026-05-17 11:31:15,OFF->HOT,OFF,HOT,1.4663003928330482,-0.011740943094659784,3.7152587768414205,3.7537584831141335
lab011,F2,2026-05-17 11:32:20,OFF->HOT,OFF,HOT,2.1320352208199385,-0.011234041468777534,3.3410872061288854,3.8044268205852148
lab011,F2,2026-05-17 11:33:34,HOT->OFF,HOT,OFF,2.1141597967994317,-0.010411771022948813,2.9564977732649536,4.158820862611284
lab011,F2,2026-05-17 11:35:04,HOT->OFF,HOT,OFF,1.6649669944008545,-0.009075173491186384,3.5179801958281964,3.4107748752608655
lab011,F2,2026-05-17 11:37:28,OFF->COLD,OFF,COLD,-3.6842609189427353,-0.005347414330528367,4.75512043048858,3.2289038655711764
lab011,F2,2026-05-17 11:39:52,COLD->OFF,COLD,OFF,-0.7338760383802234,-0.0015739933751886433,4.88802814105427,4.55291340486135
lab011,F2,2026-05-17 11:45:45,OFF->HOT,OFF,HOT,1.6393259605873376,0.00661793185516455,3.7350151328632,5.047974225395198
lab011,F2,2026-05-17 11:47:14,HOT->OFF,HOT,OFF,2.322534682295034,0.007948807031901062,2.825327160507738,4.83548327044381
lab011,F2,2026-05-17 11:48:29,HOT->OFF,HOT,OFF,2.9090006086456195,0.009143306875253466,3.2289038655711764,4.2325176687516395
lab011,F2,2026-05-17 11:51:22,OFF->COLD,OFF,COLD,-3.235568503671625,0.012599686193213876,4.2390763187979115,3.881137920457403
lab011,F2,2026-05-17 11:54:56,COLD->OFF,COLD,OFF,-2.580839124532014,0.01662072796993623,4.666724105114712,3.7696386927631225
lab011,F2,2026-05-17 12:00:39,OFF->HOT,OFF,HOT,3.920998235201094,0.011054673648264313,3.772413172010362,3.3030872693592714
lab011,F2,2026-05-17 12:02:08,OFF->HOT,OFF,HOT,5.47246518426004,0.0074019136668548305,3.881137920457403,4.500593020613421
lab011,F2,2026-05-17 12:03:52,HOT->OFF,HOT,OFF,4.123414360268307,0.0037383804984003188,3.5955964351833734,3.1302090526548914
lab011,F2,2026-05-17 12:08:40,OFF->COLD,OFF,COLD,-1.320456865798284,-0.003105472034473422,3.7335069688239497,3.377929590191518
lab011,F2,2026-05-17 12:12:19,COLD->OFF,COLD,OFF,-1.6857442673273322,-0.0038730502407579694,4.421942560786336,4.811372336114473
lab011,F2,2026-05-17 12:17:07,OFF->HOT,OFF,HOT,3.1146462932643324,-0.005042308719692912,3.075539218733679,5.71863264491639
lab011,F2,2026-05-17 12:20:16,HOT->OFF,HOT,OFF,0.9182807793453984,-0.004567525171100862,3.829505165448804,3.6968090505126554
lab011,F2,2026-05-17 12:22:50,OFF->COLD,OFF,COLD,-3.1309356070327836,-0.0016702004691449444,4.609699717371305,3.166172609434495
lab011,F2,2026-05-17 12:26:38,COLD->OFF,COLD,OFF,-3.270070683796238,0.00460891462308215,5.09468812788039,4.0539718565636
lab011,F2,2026-05-17 12:33:10,OFF->HOT,OFF,HOT,4.231971483229962,0.004450079506652038,3.4974301314945135,4.910115066038729
lab011,F2,2026-05-17 12:34:40,HOT->OFF,HOT,OFF,4.523075629698382,0.003238946960165202,3.017009614141652,4.469572654516321
lab011,F2,2026-05-17 12:36:14,HOT->OFF,HOT,OFF,1.6107653842653682,0.002695624899016735,3.9171220354296494,3.3216193039295585
lab011,F2,2026-05-17 12:38:33,OFF->COLD,OFF,COLD,-2.0126346254965797,0.0034193576023588083,4.47708294982787,3.0330295684541895
lab011,F2,2026-05-17 12:42:12,COLD->OFF,COLD,OFF,-1.5969021742347367,0.006518412209186765,5.124903205811941,3.832205563054186
lab011,F2,2026-05-17 12:48:09,OFF->HOT,OFF,HOT,1.9448764226701616,0.0051402650548414645,3.111646779450793,4.252440634121467
lab011,F2,2026-05-17 12:49:34,HOT->OFF,HOT,OFF,2.9230697842715436,0.003626557437465117,3.0330295684541895,3.816444607881595
lab011,F2,2026-05-17 12:50:38,OFF->HOT,OFF,HOT,2.9066147580327972,0.0020276065142461157,3.0646219576692166,3.426771270197596
lab011,F2,2026-05-17 12:53:42,OFF->COLD,OFF,COLD,-1.8271253057697314,-0.00028520794894308817,4.30613610396137,2.9995598187500225
lab011,F2,2026-05-17 12:56:26,COLD->OFF,COLD,OFF,-1.253648391391386,-0.002549961272098677,4.133596432064437,4.578452064151108
lab011,F2,2026-05-17 13:03:28,OFF->HOT,OFF,HOT,4.593741877707426,-0.015202067566563927,3.3731056176047187,6.259317871127013
lab011,F2,2026-05-17 13:04:48,OFF->HOT,OFF,HOT,4.779783107071799,-0.016992711945336934,2.9995598187500225,5.703940299691179
lab011,F2,2026-05-17 13:07:07,HOT->OFF,HOT,OFF,2.2342783019761625,-0.017787263324730594,3.6068797314865533,4.651573595803999
lab011,F2,2026-05-17 13:10:10,OFF->COLD,OFF,COLD,-5.49620955650532,-0.013875541997065,5.720543180691071,3.62576944776273
lab011,F2,2026-05-17 13:13:44,COLD->OFF,COLD,OFF,-4.563555990794352,-0.005453619592755743,5.6484005836335465,3.908908401493731
lab011,F2,2026-05-17 13:20:16,OFF->HOT,OFF,HOT,3.971617743230234,-0.0018471328339968451,3.7378679987325274,5.247283951469809
lab011,F2,2026-05-17 13:23:05,HOT->OFF,HOT,OFF,2.6944001643597453,-0.004285219103000593,4.225330489699251,3.893646185182365
lab011,F2,2026-05-17 13:25:49,OFF->COLD,OFF,COLD,-1.5248911243169179,-0.005341982894408303,4.324757703058876,3.43100985772089
lab011,F2,2026-05-17 13:29:47,COLD->OFF,COLD,OFF,-0.2838161659904973,-0.004284700023205801,4.6748001815757565,4.483409414873337
lab011,F2,2026-05-17 13:34:16,OFF->HOT,OFF,HOT,2.722022444568343,-0.0042435885573553385,3.980454719459044,4.1932279916418915
lab011,F2,2026-05-17 13:36:30,HOT->OFF,HOT,OFF,2.756324776546328,-0.004527761815228537,3.38231771604548,3.312249499132585
lab011,F2,2026-05-17 13:40:03,OFF->COLD,OFF,COLD,-1.9415775211334227,-0.0021082971110233818,4.314471864632484,2.404217713922449
lab011,F2,2026-05-17 13:42:47,COLD->OFF,COLD,OFF,-2.4949048210884293,0.002355491431052492,4.591816863729655,2.4547193640036045
lab011,F2,2026-05-17 13:49:25,OFF->HOT,OFF,HOT,2.2122860214151303,0.010025596533895077,2.7268824278507844,2.820160243449817
lab011,F2,2026-05-17 13:51:04,OFF->HOT,OFF,HOT,2.3647397550119518,0.00896148368068488,2.404217713922449,3.091385905972096
lab011,F2,2026-05-17 13:52:09,HOT->OFF,HOT,OFF,3.37101368247773,0.008300405209707762,2.1226583075524705,3.579104600238772
lab011,F2,2026-05-17 13:53:14,OFF->HOT,OFF,HOT,2.578954906506035,0.007989326666353413,2.0266342682965153,3.4568903411061993
lab011,F2,2026-05-17 13:57:47,OFF->COLD,OFF,COLD,-2.3044695748962867,0.007067284247450978,2.925217901993425,3.8697743510186284
lab011,F2,2026-05-17 14:01:10,COLD->OFF,COLD,OFF,-1.2707191468496104,0.0063942602971575726,3.4351734034122736,4.376210528181012
lab011,F2,2026-05-17 14:05:48,OFF->HOT,OFF,HOT,2.929743301191267,0.002984338142534426,3.0422485542581814,4.628455056276401
lab011,F2,2026-05-17 14:07:03,HOT->OFF,HOT,OFF,3.881012499136835,0.0017548907187729058,2.8991558844413174,4.53610752713885
lab011,F2,2026-05-17 14:08:32,HOT->OFF,HOT,OFF,1.0323831613732075,0.0012921026063114737,3.354235345081294,3.672710440926208
lab011,F2,2026-05-17 14:11:51,OFF->COLD,OFF,COLD,-3.0255006112647065,0.002685992730189568,4.509826867803589,3.235415405743406
lab011,F2,2026-05-17 14:15:30,COLD->OFF,COLD,OFF,-1.643400550241739,0.004894767002388889,4.766110955481399,4.557101176914365
lab011,F2,2026-05-17 14:20:48,OFF->HOT,OFF,HOT,2.4128310462040865,0.0018087293539275958,3.3499684252171003,4.579964667151396
lab011,F2,2026-05-17 14:21:57,OFF->HOT,OFF,HOT,2.8104230510432107,0.0003907405363094089,3.1935364332861074,4.511163089332512
lab011,F2,2026-05-17 14:24:26,HOT->OFF,HOT,OFF,1.1673103917883725,-0.002092191745303751,3.858866984856082,3.9797288570871223
lab011,F2,2026-05-17 14:27:00,OFF->COLD,OFF,COLD,-2.2769540046355297,-0.0024856847631806282,4.247029806977363,3.1256811352959266
lab011,F2,2026-05-17 14:30:49,COLD->OFF,COLD,OFF,-1.6270629018175304,-0.0010833350363126824,4.615844572776712,3.6365131699009408
lab011,F2,2026-05-17 14:35:57,OFF->HOT,OFF,HOT,2.1624158257658044,-0.0036849432748608632,3.315244873084413,4.355489286849541
lab011,F2,2026-05-17 14:38:56,HOT->OFF,HOT,OFF,3.401881326935327,-0.005870639337801719,2.958984449698885,3.4827525852706063
lab011,F2,2026-05-17 14:42:14,OFF->COLD,OFF,COLD,-3.6756572068235185,-0.006063449013853095,4.8682583360672655,2.930574180729587
lab011,F2,2026-05-17 14:45:33,COLD->OFF,COLD,OFF,-2.1207908899388634,-0.003577086481925207,5.061469493266675,2.8857663591462597
lab011,F2,2026-05-17 14:51:56,OFF->HOT,OFF,HOT,3.069688296894536,-0.0034214557936927295,2.7486699642181827,4.373477971610276
lab011,F2,2026-05-17 14:53:10,OFF->HOT,OFF,HOT,5.110413936181304,-0.003786527621288194,2.930574180729587,4.944723758551912
lab011,F2,2026-05-17 14:54:35,OFF->HOT,OFF,HOT,2.1240369452577337,-0.0036541440390301713,2.1738620519370904,3.0572039949870837
lab011,F2,2026-05-17 14:58:23,OFF->COLD,OFF,COLD,-3.038172331695097,0.0004777583608287729,3.3904550020222026,2.7058503916956407
lab011,F2,2026-05-17 15:01:22,COLD->OFF,COLD,OFF,-4.812926107398267,0.006857284203506353,4.991255447850454,2.5366928224090803
lab011,F2,2026-05-17 15:09:09,OFF->HOT,OFF,HOT,1.9674920716960953,0.00834993788593046,2.8143766257176606,4.559571318250153
lab011,F2,2026-05-17 15:12:33,HOT->OFF,HOT,OFF,1.3163616976972063,0.0028828819781397284,3.515513079244359,3.6364318728041374
lab011,F2,2026-05-17 15:14:52,OFF->COLD,OFF,COLD,-2.069451744247929,0.001316587217919718,4.478174576046833,2.931577889068395
lab011,F2,2026-05-17 15:18:36,COLD->OFF,COLD,OFF,-2.3958173674595926,0.001382825424887102,4.948734521485277,3.6092529533325313
lab011,F2,2026-05-17 15:25:03,OFF->HOT,OFF,HOT,3.1271090077518178,-0.005580543809074179,3.0121480284458007,5.193622617934036
lab011,F2,2026-05-17 15:28:02,HOT->OFF,HOT,OFF,1.3438513205494338,-0.00929371157347898,3.7512527565648557,3.72619310679743
lab011,F2,2026-05-17 15:30:21,OFF->COLD,OFF,COLD,-1.6525156742663747,-0.010492895200754047,4.659150248397207,2.7991426527732615
lab011,F2,2026-05-17 15:34:05,COLD->OFF,COLD,OFF,-2.465510279659228,-0.007135593310826849,5.306840163557616,3.6559927992464076
lab011,F2,2026-05-17 15:40:32,OFF->HOT,OFF,HOT,2.614723261000445,-0.005542256205023222,3.0440986262250256,4.942542955519983
lab011,F2,2026-05-17 15:43:31,HOT->OFF,HOT,OFF,1.2594309012572755,-0.006467790909480442,3.499040350494259,3.8406997882216682
lab011,F2,2026-05-17 15:45:45,OFF->COLD,OFF,COLD,-1.9593508328509261,-0.005984449095942068,4.186468312307543,2.912381650712168
lab011,F2,2026-05-17 15:49:34,COLD->OFF,COLD,OFF,-1.88016109441363,-0.0027804680168275206,4.989570327666277,3.6026947100208755
lab011,F2,2026-05-17 15:56:01,OFF->HOT,OFF,HOT,2.72986334569419,-0.0017889138087678457,3.349455486120126,4.440632147680972
lab011,F2,2026-05-17 15:57:26,OFF->HOT,OFF,HOT,3.560044521900552,-0.0020756970043994023,2.657764733844008,4.457321328375006
lab011,F2,2026-05-17 15:59:10,HOT->OFF,HOT,OFF,1.6518388183876047,-0.0015167264518540328,3.3380217180597787,3.36915488190651
lab011,F2,2026-05-17 16:02:14,OFF->COLD,OFF,COLD,-2.3941206576714076,0.001501897076995818,4.237754467694416,2.7866485140145567
lab011,F2,2026-05-17 16:05:53,COLD->OFF,COLD,OFF,-2.610324284357151,0.006459690245637617,4.467715923938419,2.4890838788729015
lab011,F2,2026-05-17 16:11:36,OFF->HOT,OFF,HOT,3.257065422067587,0.00621768353740464,3.324630776326172,2.9917383746197848
lab011,F2,2026-05-17 16:13:00,HOT->OFF,HOT,OFF,3.889928834324542,0.004603320830706004,2.8083646246909844,2.6276185272783796
lab011,F2,2026-05-17 16:14:00,OFF->HOT,OFF,HOT,4.176627190447796,0.003601064553525468,2.6277868077274293,2.608933434656085
lab011,F2,2026-05-17 16:19:57,OFF->COLD,OFF,COLD,-2.447049810920231,0.003868716364097935,2.8017239655352677,2.4253774276322204
lab011,F2,2026-05-17 16:21:27,COLD->OFF,COLD,OFF,-3.2733858086587535,0.005577435524641672,2.9958859989071365,3.6380089882064954
lab011,F2,2026-05-17 16:29:24,OFF->HOT,OFF,HOT,2.7766956448487115,0.007197929253602453,2.6546389581265832,5.034818881727899
lab011,F2,2026-05-17 16:32:42,HOT->OFF,HOT,OFF,1.3320214975422864,0.005151719095877994,3.4257991375380508,3.855504480469036
lab011,F2,2026-05-17 16:35:11,OFF->COLD,OFF,COLD,-1.538429680594019,0.005063240899573529,3.951258423148211,2.9973900237384994
lab011,F2,2026-05-17 16:39:10,COLD->OFF,COLD,OFF,-1.7534899296077913,0.006856323718311153,4.291693272795412,4.105347151641057
lab011,F2,2026-05-17 16:45:57,OFF->HOT,OFF,HOT,2.758188143650978,-0.0010509586329963128,3.004732996222217,4.099884974230745
lab011,F2,2026-05-17 16:49:06,HOT->OFF,HOT,OFF,1.3869258111149962,-0.007262586825853212,3.3573245922700052,3.4557337920930564
lab011,F2,2026-05-17 16:51:25,OFF->COLD,OFF,COLD,-1.1263366423798795,-0.010569317568059233,3.6267135989741743,2.624080723484512
lab011,F2,2026-05-17 16:54:54,COLD->OFF,COLD,OFF,-0.6942881104581738,-0.012220599480861339,4.2558084545196655,3.8887322685509114
lab011,F2,2026-05-17 17:01:16,OFF->HOT,OFF,HOT,4.074709058845825,-0.016913230166990444,2.785670679852672,4.905099389244345
lab011,F2,2026-05-17 17:02:21,HOT->OFF,HOT,OFF,4.823569718876181,-0.01769599806768767,2.6731389490386697,4.863752122083044
lab011,F2,2026-05-17 17:04:45,HOT->OFF,HOT,OFF,2.296936123588907,-0.018201338428084492,2.7505930037193975,3.602019972002991
lab011,F2,2026-05-17 17:07:34,OFF->COLD,OFF,COLD,-2.4644864021031223,-0.014546539553658276,4.492487683100639,2.2806407475457986
lab011,F2,2026-05-17 17:11:52,COLD->OFF,COLD,OFF,-2.9109566777761735,-0.0029990405156002688,4.642243693212175,3.852549253665881
lab011,F2,2026-05-17 17:18:10,OFF->HOT,OFF,HOT,2.0486365759328473,0.008535284924664665,2.947077767233934,4.30528620572959
lab011,F2,2026-05-17 17:20:14,HOT->OFF,HOT,OFF,2.7999597342384326,0.01014443684175692,2.48466408465065,3.6064204962358266
lab011,F2,2026-05-17 17:23:32,OFF->COLD,OFF,COLD,-1.6322038979104572,0.013427162803458436,3.808177657648452,2.762766444719939
lab011,F2,2026-05-17 17:27:21,COLD->OFF,COLD,OFF,-1.1835329518277922,0.01761478554428191,4.452675474912056,3.2535191923717304
lab011,F2,2026-05-17 17:33:29,OFF->HOT,OFF,HOT,1.5672954896751048,0.01583658947345725,2.6098402578608577,3.545906605222996
lab011,F2,2026-05-17 17:34:58,HOT->OFF,HOT,OFF,2.249080861442286,0.013853604710237733,2.498776047528918,2.568939948134187
lab011,F2,2026-05-17 17:39:22,OFF->COLD,OFF,COLD,-1.895243255472052,0.008470609545273611,3.478017345201052,2.3101219105657025
lab011,F2,2026-05-17 17:40:46,COLD->OFF,COLD,OFF,-0.48573820239600757,0.007203077623132615,2.968448057323044,3.7911248404686098
lab011,F2,2026-05-17 17:42:31,COLD->OFF,COLD,OFF,-0.0614899250595176,0.005613438411634242,3.6960709897318864,3.035249084291976
lab011,F2,2026-05-17 17:47:29,OFF->HOT,OFF,HOT,1.9680245736170154,-0.0009084700813607686,2.971580153989219,3.4249245476488936
lab011,F2,2026-05-17 17:48:43,HOT->OFF,HOT,OFF,2.7283431146970134,-0.0025548835406048916,2.5462785623163624,4.505184317992305
lab011,F2,2026-05-17 17:50:52,HOT->OFF,HOT,OFF,1.0409927408724755,-0.0047583192994592235,3.3809718407342033,3.241053360005093
lab011,F2,2026-05-17 17:53:16,OFF->COLD,OFF,COLD,-1.8349463417873415,-0.006092525891489052,3.9006071564991505,2.383149578548269
lab011,F2,2026-05-17 17:56:50,COLD->OFF,COLD,OFF,-1.69886037367798,-0.005190485854899585,4.640639191546357,3.029481428577612
lab011,F2,2026-05-17 18:03:13,OFF->HOT,OFF,HOT,1.9488461622755917,-0.003565941191654076,2.5277900019902955,3.668451218356485
lab011,F2,2026-05-17 18:05:52,HOT->OFF,HOT,OFF,2.6029180508216174,-0.0030845641409010588,2.2114958067368744,2.9420197047053165
lab011,F2,2026-05-17 18:08:36,OFF->COLD,OFF,COLD,-1.6733810484492138,-0.0019306090411633997,3.5496559006145834,2.4373868275783077
lab011,F2,2026-05-17 18:12:39,COLD->OFF,COLD,OFF,-1.0412570826668452,0.0011484684000713221,3.6328367627515328,3.404362538168008
lab011,F2,2026-05-17 18:18:17,OFF->HOT,OFF,HOT,2.6918411161942215,0.00031950021580922066,2.892926586064061,4.561451792620581
lab011,F2,2026-05-17 18:20:56,HOT->OFF,HOT,OFF,1.2606891913204503,-0.0013551027393853944,1.9471280636914943,3.142440760379119
lab011,F2,2026-05-17 18:23:35,OFF->COLD,OFF,COLD,-1.513478171753742,-0.0017699612897956749,2.7853510674661894,2.7471181193316254
lab011,F2,2026-05-17 18:27:04,COLD->OFF,COLD,OFF,-0.399787595750131,-0.0008772567448955826,3.4964367526859075,4.383409031094057
lab011,F2,2026-05-17 18:32:57,OFF->HOT,OFF,HOT,3.073320102714602,-0.0034651638948462347,3.0252524746610474,5.308380759909486
lab011,F2,2026-05-17 18:34:06,OFF->HOT,OFF,HOT,3.946615908459727,-0.0045374667075549265,2.9144062365361454,5.228620429375005
lab011,F2,2026-05-17 18:37:10,HOT->OFF,HOT,OFF,-0.0644092638711522,-0.006343968870601735,3.4616463851538266,3.694487585972306
lab011,F2,2026-05-17 18:39:09,OFF->COLD,OFF,COLD,-3.1314493100894065,-0.005914302885001099,4.324471424318838,3.05620057429362
lab011,F2,2026-05-17 18:42:33,COLD->OFF,COLD,OFF,-1.5680561192019589,-0.006264260426388102,4.511505403346783,2.8602682004779694
lab011,F2,2026-05-17 18:49:45,OFF->HOT,OFF,HOT,3.3124868606185407,-0.013210883777387751,2.9040924030012465,4.383174238587833
lab011,F2,2026-05-17 18:53:34,HOT->OFF,HOT,OFF,1.5286229483609572,-0.017980416428803103,2.8602682004779694,3.1897996309356453
lab011,F2,2026-05-17 18:55:43,OFF->COLD,OFF,COLD,-1.746029451747418,-0.01802562377609593,3.9082971226209997,2.5173621804442297
lab011,F2,2026-05-17 18:59:42,COLD->OFF,COLD,OFF,-0.9738460314364765,-0.013899087920214014,4.410500937443935,4.354832850629016
lab011,F2,2026-05-17 19:04:50,OFF->HOT,OFF,HOT,1.819327685925169,-0.006021145179289623,3.1573284292802266,4.895419023717438
lab011,F2,2026-05-17 19:06:09,OFF->HOT,OFF,HOT,2.443505087135258,-0.003790606140868659,2.658835622640366,3.6146549386932993
lab011,F2,2026-05-17 19:08:38,HOT->OFF,HOT,OFF,0.28847222020242,1.8743973851174933e-05,3.474287734643497,4.0110495248824165
lab011,F2,2026-05-17 19:10:58,OFF->COLD,OFF,COLD,-3.2777213095275526,0.00478288591891287,3.8683510314790297,4.023866693994617
lab011,F2,2026-05-17 19:14:07,COLD->OFF,COLD,OFF,-3.565815448305308,0.010662038904503655,4.430291480597045,4.400187900332078
lab011,F2,2026-05-17 19:20:49,OFF->HOT,OFF,HOT,2.015662374986275,0.01642371796173121,3.6178965659698648,5.953372423828224
lab011,F2,2026-05-17 19:21:58,OFF->HOT,OFF,HOT,3.080033445887981,0.015760328001365398,4.023866693994617,4.70388130678511
lab011,F2,2026-05-17 19:23:08,HOT->OFF,HOT,OFF,0.8077249928328571,0.015132991035375909,2.6929134120060185,4.885896544152214
lab011,F2,2026-05-17 19:26:46,OFF->COLD,OFF,COLD,-3.826569894585312,0.014069828978459143,5.489054837259975,4.073643518704201
lab011,F2,2026-05-17 19:29:40,COLD->OFF,COLD,OFF,-2.010389191773473,0.012786214694311404,5.778183764808562,3.115379423265795
lab011,F2,2026-05-17 19:36:28,OFF->HOT,OFF,HOT,0.19435854506096495,0.010864596220749867,5.4969720370270325,6.0897305492418985
lab011,F2,2026-05-17 19:38:07,HOT->OFF,HOT,OFF,0.7066734842965974,0.010973132402739783,4.091915254920343,4.811381463761473
lab011,F2,2026-05-17 19:42:35,OFF->COLD,OFF,COLD,-5.496065977752356,0.014917777352589213,5.738943755311884,3.8557572597583705
lab011,F2,2026-05-17 19:45:29,COLD->OFF,COLD,OFF,-1.1669135295893267,0.016155717942093785,6.176839704880487,4.61780208090446
lab011,F2,2026-05-17 19:52:42,OFF->HOT,OFF,HOT,3.9816413424243358,0.009926421017699649,3.9753647775781227,7.079837271597148
lab011,F2,2026-05-17 19:53:51,OFF->HOT,OFF,HOT,4.644403748870305,0.008674210869108911,3.3340670398334096,6.9345080080517585
lab011,F2,2026-05-17 19:55:36,HOT->OFF,HOT,OFF,1.23850241110198,0.006613672125608528,4.092232090698465,4.180490853369889
lab011,F2,2026-05-17 19:58:30,OFF->COLD,OFF,COLD,-2.2128166530105124,0.00484122499641506,4.77988448754062,4.2321648968725105
lab011,F2,2026-05-17 20:02:18,COLD->OFF,COLD,OFF,-0.14863299923461426,0.0025615225159272732,4.38139998122643,4.244553417185729
lab011,F2,2026-05-17 20:07:51,OFF->HOT,OFF,HOT,2.080495850165686,-0.003930232887121576,3.7219213511564937,5.7194530057612285
lab011,F2,2026-05-17 20:10:55,HOT->OFF,HOT,OFF,-1.6015570060457214,-0.009124707302410148,4.752689042698968,3.6371364443385605
lab011,F2,2026-05-17 20:13:24,OFF->COLD,OFF,COLD,-4.268608865239213,-0.01222504601026344,7.126590385811122,4.421313701200404
lab011,F2,2026-05-17 20:16:57,COLD->OFF,COLD,OFF,-1.280575047718865,-0.018413204326303757,4.7514003801367855,2.880549388386004
lab011,F2,2026-05-17 20:24:00,OFF->HOT,OFF,HOT,6.63177053700621,-0.036217780086843204,3.9730992843143316,5.125779995792121
lab011,F2,2026-05-17 20:25:54,OFF->HOT,OFF,HOT,5.564153063766749,-0.03988284732329426,3.289002251969838,5.155940582717236
lab011,F2,2026-05-17 20:35:50,OFF->COLD,OFF,COLD,-5.382354019126916,-0.015279283414075626,5.362472832070656,3.9340664645277608
lab011,F2,2026-05-17 20:38:14,COLD->OFF,COLD,OFF,-1.344518407323997,-0.004102484035198108,5.866121026313251,6.7806154503539195
lab011,F2,2026-05-17 20:43:37,OFF->HOT,OFF,HOT,0.6414718245165777,0.008898046663524898,3.727681846005751,5.003481668482777
lab011,F2,2026-05-17 20:45:32,HOT->OFF,HOT,OFF,2.5299182370695057,0.011298003621804664,4.3412829595439515,5.245401975766317
lab011,F2,2026-05-17 20:49:35,OFF->COLD,OFF,COLD,-2.6101493515587535,0.016520725190787552,4.882993816393864,4.379966405723996
lab011,F2,2026-05-17 20:52:54,COLD->OFF,COLD,OFF,-2.914390854009291,0.022493807213585182,7.25519357602247,5.016905154145564
lab011,F2,2026-05-17 20:59:31,OFF->HOT,OFF,HOT,1.09861334780895,0.024683914968471932,4.10423577774012,3.5629983305867032
lab011,F2,2026-05-17 21:02:40,HOT->OFF,HOT,OFF,-1.4763490884067436,0.019554541703670304,5.499451571678294,2.3370002962882137
lab011,F2,2026-05-17 21:04:50,OFF->COLD,OFF,COLD,-1.3460353929317397,0.016200304166142664,5.105660522237414,2.8770672868225495
lab011,F2,2026-05-17 21:08:08,COLD->OFF,COLD,OFF,3.4373932698328815,0.00800954263846414,5.985465015034876,5.3626854095136
lab011,F2,2026-05-17 21:14:46,OFF->HOT,OFF,HOT,2.338235128660017,-0.0034868836024014808,2.881725364556053,4.344231566322902
lab011,F2,2026-05-17 21:17:05,HOT->OFF,HOT,OFF,-0.7349330120793267,-0.004444256809054359,4.192719059685055,5.431620822665646
lab011,F2,2026-05-17 21:20:29,OFF->COLD,OFF,COLD,-1.2579078903603271,-0.00048172498193723573,2.321728127832333,3.1987168636896293
lab011,F2,2026-05-17 21:23:43,COLD->OFF,COLD,OFF,0.641922869294805,0.002904359318113058,4.512865031025165,5.664848239661219
lab011,F2,2026-05-17 21:29:46,OFF->HOT,OFF,HOT,3.71419480065268,0.0036059413473438443,3.6034752397315737,6.4656641476989085
lab011,F2,2026-05-17 21:32:15,HOT->OFF,HOT,OFF,0.8986292808416456,0.002289758191519997,3.273100592983942,3.6885963505883037
lab011,F2,2026-05-17 21:35:28,OFF->COLD,OFF,COLD,-3.2280202178781594,0.000986924249443355,3.7158933364256193,4.510550160027618
lab011,F2,2026-05-17 21:38:32,COLD->OFF,COLD,OFF,-0.19051340184128385,-0.0018596559129038688,4.197245878516898,5.799314070229305
lab011,F2,2026-05-17 21:45:25,OFF->HOT,OFF,HOT,1.2263253711131377,-0.01475389730533161,4.3952172707592085,6.043068960550196
lab011,F2,2026-05-17 21:46:29,HOT->OFF,HOT,OFF,0.27568593891550686,-0.016227960545311327,4.510550160027618,4.062602835775695
lab011,F2,2026-05-17 21:47:49,HOT->OFF,HOT,OFF,0.5773742925616275,-0.01761312236127166,5.775064222267766,6.5283608835691584
lab011,F2,2026-05-17 21:51:03,OFF->COLD,OFF,COLD,-2.703628038107526,-0.019604849079661778,4.352812497693996,4.1498070662053435
lab011,F2,2026-05-17 21:53:57,COLD->OFF,COLD,OFF,2.2666072030599915,-0.0213013810803508,4.696635075930191,5.052146383349203
lab011,F2,2026-05-17 22:00:29,OFF->HOT,OFF,HOT,3.5490673115902664,-0.025227978780854525,4.262523231902494,6.886857993607768
lab011,F2,2026-05-17 22:03:33,HOT->OFF,HOT,OFF,-2.193192871660806,-0.020448413076452617,4.959058695613405,4.425625401773867
lab011,F2,2026-05-17 22:06:02,OFF->COLD,OFF,COLD,-6.768613684429214,-0.011700924454965466,5.024222958241431,4.444294082639652
lab011,F2,2026-05-17 22:09:51,COLD->OFF,COLD,OFF,-4.66820079303622,0.0021414302211986112,9.32635594700157,4.621314752609189
lab011,F2,2026-05-17 22:16:29,OFF->HOT,OFF,HOT,4.405633346406876,0.011810350951867131,4.308813689324498,4.6094633990493215
lab011,F2,2026-05-17 22:20:37,HOT->OFF,HOT,OFF,-1.7186350014530705,0.016780290548694322,4.498600703496415,3.371935869204947
lab011,F2,2026-05-17 22:22:32,OFF->COLD,OFF,COLD,-5.041550076050692,0.020910902099994022,4.716912644611413,2.8945796589676696
lab011,F2,2026-05-17 22:26:25,COLD->OFF,COLD,OFF,-2.604710633190472,0.030081710508011915,4.788959581557543,3.2867125039561342
lab011,F2,2026-05-17 22:33:27,OFF->HOT,OFF,HOT,4.005602741474052,0.026471751616695374,2.8945796589676696,3.535040274691577
lab011,F2,2026-05-17 22:36:16,HOT->OFF,HOT,OFF,1.9904827143253478,0.021509632853861493,2.3484843124821504,3.2020372046713894
lab011,F2,2026-05-17 22:39:20,OFF->COLD,OFF,COLD,-2.3131873081280587,0.017465295974624782,3.4910286761579825,2.44370967351681
lab011,F2,2026-05-17 22:42:29,COLD->OFF,COLD,OFF,-2.5840647790996867,0.015636870252777515,3.535452307774291,1.6680845784448315
lab011,F2,2026-05-17 22:49:02,OFF->HOT,OFF,HOT,1.404280660532663,0.004310916737329862,2.573992837484687,0.8402897245742567
lab011,F2,2026-05-18 00:49:08,OFF->HOT,OFF,HOT,1.8327953976336806,-0.02338368053771207,0.5262757994519607,2.524777524157637
lab011,F2,2026-05-18 00:52:12,OFF->HOT,OFF,HOT,1.9409486907373705,-0.02213002653324594,0.33823233873204767,2.5855396253487766
lab011,F2,2026-05-18 00:53:37,OFF->HOT,OFF,HOT,1.6049682185450271,-0.020266901469942943,0.453265084375441,3.342792466052736
lab011,F2,2026-05-18 00:54:41,HOT->OFF,HOT,OFF,1.0212605094227056,-0.018102424297896658,0.6275243592127361,2.855119341553195
lab011,F2,2026-05-18 01:01:14,OFF->COLD,OFF,COLD,-3.2448113302916752,0.006364771242363166,2.571405957448785,2.218536887382099
lab011,F2,2026-05-18 01:03:33,COLD->OFF,COLD,OFF,-2.1060197151301323,0.014665395831536629,3.18754543468334,2.7005541120861225
lab011,F2,2026-05-18 01:09:11,OFF->HOT,OFF,HOT,0.790693509515829,0.028268237835256383,1.8856965260563672,2.761401697935954
lab011,F2,2026-05-18 01:11:40,HOT->OFF,HOT,OFF,1.8581249634374724,0.02833717425163851,2.5971283912919434,2.251964075296113
lab011,F2,2026-05-18 01:16:08,OFF->COLD,OFF,COLD,-0.9922024255471569,0.025498824530680152,2.5245075316476155,3.1156704689186894
lab011,F2,2026-05-18 01:18:33,COLD->OFF,COLD,OFF,-0.2151557958974891,0.022603637448802782,3.0362871545875105,2.570936707679075
lab011,F2,2026-05-18 01:23:01,OFF->HOT,OFF,HOT,1.4358082386574011,0.01311150045200824,2.3832015359753025,2.345688468182848
lab011,F2,2026-05-18 01:25:20,HOT->OFF,HOT,OFF,2.4890754665981563,0.008135234055765838,2.4664672883335252,1.9016521395477677
lab011,F2,2026-05-18 01:31:43,OFF->COLD,OFF,COLD,-1.7586845531438953,-0.0014981629967985022,2.4651680148308865,2.677161458626974
lab011,F2,2026-05-18 01:33:32,COLD->OFF,COLD,OFF,-0.9703940892343634,-0.002656159499838129,2.527117864533974,2.941496770281641
lab011,F2,2026-05-18 01:39:40,OFF->HOT,OFF,HOT,1.972742177422302,-0.009194996377167187,2.0235776832505556,2.773364943476464
lab011,F2,2026-05-18 01:41:14,HOT->OFF,HOT,OFF,1.9169092895773618,-0.010883477141118193,1.744047502246722,2.8015387216653553
lab011,F2,2026-05-18 01:46:57,OFF->COLD,OFF,COLD,-2.186163829395912,-0.010301206798000796,2.7475526304244813,2.295617132148974
lab011,F2,2026-05-18 01:49:11,COLD->OFF,COLD,OFF,-1.4024230967660816,-0.007928040839800943,2.765322982651266,1.6841890985265429
lab011,F2,2026-05-18 01:54:39,OFF->HOT,OFF,HOT,1.3008303964105468,-0.007214819150572094,2.2622388972977503,1.5832638376944772
lab011,F2,2026-05-18 01:55:44,HOT->OFF,HOT,OFF,1.4387908933422375,-0.007819142815628056,2.2230331237823564,1.8066516954519216
lab011,F2,2026-05-18 01:56:53,OFF->HOT,OFF,HOT,2.45868216271165,-0.008493433503055493,2.1936490966960993,1.6137691737969022
lab011,F2,2026-05-18 02:03:51,OFF->COLD,OFF,COLD,-0.7065339583837223,-0.00875406104483396,1.6248947176059758,2.4857788194278436
lab011,F2,2026-05-18 02:05:45,COLD->OFF,COLD,OFF,-0.7538589894576251,-0.007231607837744036,1.5832638376944772,2.3095964315551356
lab011,F2,2026-05-18 02:10:34,OFF->HOT,OFF,HOT,1.4990644210749409,-0.004866420363745849,1.6767003624417545,2.764494260787822
lab011,F2,2026-05-18 02:11:58,HOT->OFF,HOT,OFF,0.9619658111025855,-0.003970512023636186,1.6092178648863145,2.3291656143319543
lab011,F2,2026-05-18 02:16:46,OFF->COLD,OFF,COLD,-1.3522578280199669,0.0011757887931927325,2.3095964315551356,1.458085518811075
lab011,F2,2026-05-18 02:18:56,COLD->OFF,COLD,OFF,-1.080621999477911,0.004136641017715447,2.285642142132986,2.200000286308407
lab011,F2,2026-05-18 02:25:53,OFF->HOT,OFF,HOT,1.5539107772493757,0.008219766293189946,1.6462603775479534,2.825817713424406
lab011,F2,2026-05-18 02:28:03,HOT->OFF,HOT,OFF,1.7177210367661073,0.008190857804735073,1.5731866285784308,2.3570749230703907
lab011,F2,2026-05-18 02:32:26,OFF->COLD,OFF,COLD,-1.213750343722571,0.008211125187098123,1.824910649886079,1.745188822306466
lab011,F2,2026-05-18 02:35:20,COLD->OFF,COLD,OFF,-0.46355136894691235,0.008426157458688355,2.877294160463008,2.8356377420844283
lab011,F2,2026-05-18 02:41:18,OFF->HOT,OFF,HOT,1.6209784682708976,0.0054867246443433436,2.086854319723599,3.5615405171286834
lab011,F2,2026-05-18 02:43:17,HOT->OFF,HOT,OFF,1.821349655994311,0.004321425209707286,1.816638331918375,2.97716167293025
lab011,F2,2026-05-18 02:47:36,OFF->COLD,OFF,COLD,-2.110019957605618,0.004043993759775776,2.8987600189734706,1.999989613695538
lab011,F2,2026-05-18 02:50:15,COLD->OFF,COLD,OFF,-2.1198976050180223,0.005051916440035508,3.4868030862068062,1.733274578991525
lab011,F2,2026-05-18 02:57:32,OFF->HOT,OFF,HOT,2.061716509272247,0.0026286587479214417,1.9417907000806793,3.1386772401632346
lab011,F2,2026-05-18 02:59:11,HOT->OFF,HOT,OFF,3.00322896364115,0.0012882127162611393,2.1237029626488066,2.3075506558299774
lab011,F2,2026-05-18 03:04:05,OFF->COLD,OFF,COLD,-1.186447365682223,0.0006170715108838815,2.2676833904535205,1.528589631795268
lab011,F2,2026-05-18 03:05:44,COLD->OFF,COLD,OFF,-2.203345917710758,0.001389489306810176,2.544108464578508,1.4455779935772162
lab011,F2,2026-05-18 03:14:11,OFF->HOT,OFF,HOT,1.8496623737593527,0.0022503976496087924,1.4637098534137774,2.9465039535047977
lab011,F2,2026-05-18 03:16:00,HOT->OFF,HOT,OFF,1.4663041510446588,0.0019629445027722348,1.5258534084605104,2.374348767141363
lab011,F2,2026-05-18 03:20:34,OFF->COLD,OFF,COLD,-1.7904132866941258,0.004292606214660122,2.8810412192914523,1.744592616156208
lab011,F2,2026-05-18 03:22:58,COLD->OFF,COLD,OFF,-2.0825560447307447,0.006665972724751244,3.1982400563553894,1.690767888551306
lab011,F2,2026-05-18 03:30:15,OFF->HOT,OFF,HOT,1.7931073821120376,0.006873441512151947,1.97011591543202,2.4350427163716946
lab011,F2,2026-05-18 03:31:54,HOT->OFF,HOT,OFF,2.1665927642883713,0.00521707344593967,2.101758988942693,1.7924530713041744
lab011,F2,2026-05-18 03:36:57,OFF->COLD,OFF,COLD,-0.9944674770847343,0.0007815089828161724,1.8504584911002326,1.7171248694705243
lab011,F2,2026-05-18 03:38:32,COLD->OFF,COLD,OFF,-1.9829096642254376,-0.0002879842895749732,2.33369576799101,1.5019184772517937
lab011,F2,2026-05-18 03:46:19,OFF->HOT,OFF,HOT,1.0690999112423991,-0.011441845657638705,1.560602036809532,0.8577930911568524
lab011,F2,2026-05-18 03:47:19,OFF->HOT,OFF,HOT,1.5910697238316818,-0.013758267794644131,1.6121208401799283,0.636472460824539
lab011,F2,2026-05-18 06:06:52,OFF->HOT,OFF,HOT,2.5718354882555854,-0.01796355588586933,0.4913815532246192,3.438189454201096
lab011,F2,2026-05-18 06:10:31,OFF->HOT,OFF,HOT,1.0800103945831911,-0.013705969244443984,0.3187392353211414,3.1568621592772708
lab011,F2,2026-05-18 06:13:15,HOT->OFF,HOT,OFF,-0.00036899305587459463,-0.00793485327910086,0.4486388741446348,3.2778137608739155
lab011,F2,2026-05-18 06:15:44,OFF->COLD,OFF,COLD,-2.3022648634990297,-0.0012365140251224815,3.125999161953821,2.509503390381099
lab011,F2,2026-05-18 06:18:48,COLD->OFF,COLD,OFF,-1.8425893200237606,0.007634961239411722,3.6062183396027736,2.0256538664361843
lab011,F2,2026-05-18 06:23:41,OFF->HOT,OFF,HOT,-0.037187420829322804,0.02106067390035466,2.9223502662014824,2.4051924426076807
lab011,F2,2026-05-18 06:26:20,HOT->OFF,HOT,OFF,0.592880256386663,0.025667538141731592,2.416205867674338,1.9135668026256951
lab011,F2,2026-05-18 06:30:09,OFF->COLD,OFF,COLD,-0.9403401999358931,0.03030469476045301,1.410246825669679,2.405277961555043
lab011,F2,2026-05-18 06:32:28,COLD->OFF,COLD,OFF,-1.6330323316643691,0.0306004357708066,2.1328113223135885,1.8625747015671896
lab011,F2,2026-05-18 06:38:16,OFF->HOT,OFF,HOT,1.6222740671787008,0.025135678420760053,1.91713065063069,2.633686880757468
lab011,F2,2026-05-18 06:40:16,HOT->OFF,HOT,OFF,1.334447978706349,0.021322927373895694,1.9440502313876376,2.4103347451092185
lab011,F2,2026-05-18 06:46:18,OFF->COLD,OFF,COLD,-2.5249754357856586,0.01175821625986857,2.2808366582238513,2.0148532116770737
lab011,F2,2026-05-18 06:48:47,COLD->OFF,COLD,OFF,-0.5011230827171068,0.0076724660546993555,1.7187195239688018,2.052284587912647
lab011,F2,2026-05-18 06:54:45,OFF->HOT,OFF,HOT,1.6722423054690778,-0.0050788009088770895,1.9670250506109128,2.6236497407511994
lab011,F2,2026-05-18 06:57:29,HOT->OFF,HOT,OFF,2.413738865612768,-0.009909778210768216,1.981170412143568,2.3740706519181294
lab011,F2,2026-05-18 07:02:37,OFF->COLD,OFF,COLD,-2.174176628519562,-0.011880287135747826,2.5029996507437207,1.7751364930519398
lab011,F2,2026-05-18 07:05:16,COLD->OFF,COLD,OFF,-1.1390368422729602,-0.010799301299778064,2.7104775849570526,2.4993732751916187
lab011,F2,2026-05-18 07:12:09,OFF->HOT,OFF,HOT,2.002932909931876,-0.012021554518798626,1.7830032282788666,3.1684975517987346
lab011,F2,2026-05-18 07:14:58,HOT->OFF,HOT,OFF,1.2067193871064408,-0.011915532994402778,1.7725943469922751,2.547086846666852
lab011,F2,2026-05-18 07:19:51,OFF->COLD,OFF,COLD,-2.0650700802216253,-0.005498350952869834,2.7481935452831476,1.9065772789784612
lab011,F2,2026-05-18 07:22:25,COLD->OFF,COLD,OFF,-1.5497216849339472,-0.0015266021447843505,2.8923515156140884,2.0735668971192025
lab011,F2,2026-05-18 07:28:18,OFF->HOT,OFF,HOT,1.8089409718651843,0.000740581898411286,2.029022531969773,2.293144442133044
lab011,F2,2026-05-18 07:31:17,HOT->OFF,HOT,OFF,1.8940287511715543,-0.0004091495216036918,1.9188090794074886,2.3791115770436138
lab011,F2,2026-05-18 07:36:20,OFF->COLD,OFF,COLD,-2.081674653264746,-3.69034086616705e-05,2.0563806678942997,2.1007281399985356
lab011,F2,2026-05-18 07:38:19,COLD->OFF,COLD,OFF,-2.9524792498728836,0.0004991221523452886,2.0224514467686863,1.8282614259094292
lab011,F2,2026-05-18 07:46:51,OFF->HOT,OFF,HOT,3.478262634029289,-0.008876163504529577,2.137880430544007,2.791181071651817
lab011,F2,2026-05-18 07:49:55,HOT->OFF,HOT,OFF,2.9458047819182998,-0.01377582104932551,1.590432810684365,2.86582442411645
lab011,F2,2026-05-18 07:56:58,OFF->COLD,OFF,COLD,-2.589045277127177,-0.008186763034266508,3.006919533950387,2.266696383313673
lab011,F2,2026-05-18 07:59:17,COLD->OFF,COLD,OFF,-2.55292448161656,-0.003497313319443897,3.0715441795739484,1.6418657375755483
lab011,F2,2026-05-18 08:04:45,OFF->HOT,OFF,HOT,0.7639744013818051,0.005545612905982366,2.0562848462564154,2.917552085502255
lab011,F2,2026-05-18 08:06:49,HOT->OFF,HOT,OFF,0.5124671660712381,0.007881258464449249,1.9142726595239188,2.3010535478140404
lab011,F2,2026-05-18 08:11:27,OFF->COLD,OFF,COLD,-3.0021035770024467,0.0129034153353631,2.9114443355448407,2.2192585077474556
lab011,F2,2026-05-18 08:13:46,COLD->OFF,COLD,OFF,-1.5154408565255328,0.014619816922010642,2.593513590043034,1.999777530917739
lab011,F2,2026-05-18 08:20:19,OFF->HOT,OFF,HOT,1.684772352694762,0.012324385516209624,2.139390981180109,2.7973053944526107
lab011,F2,2026-05-18 08:22:23,HOT->OFF,HOT,OFF,2.397237045505083,0.010489983697777738,2.2192585077474556,2.3309350838546687
lab011,F2,2026-05-18 08:27:31,OFF->COLD,OFF,COLD,-2.0624353187016284,0.008990062990279801,2.534176859386701,1.9450873732220402
lab011,F2,2026-05-18 08:29:55,COLD->OFF,COLD,OFF,-1.3708799803684188,0.009312457666041274,2.3795425946893185,1.755550752790751
lab011,F2,2026-05-18 08:36:28,OFF->HOT,OFF,HOT,1.5133614172090926,0.005673193157066825,2.1480730746963403,3.2627313899728385
lab011,F2,2026-05-18 08:38:37,HOT->OFF,HOT,OFF,1.9364266063521434,0.00358231969232139,1.9450873732220402,2.885554695427211
lab011,F2,2026-05-18 08:43:16,OFF->COLD,OFF,COLD,-2.1310492812719217,0.001218378855034662,2.3575053051112875,1.8849132928650658
lab011,F2,2026-05-18 08:45:30,COLD->OFF,COLD,OFF,-2.010854421272269,0.0015727652062401,3.0537972322337117,1.410940208481416
lab011,F2,2026-05-18 08:52:02,OFF->HOT,OFF,HOT,1.7595822113467814,-0.00036954090362191147,1.9495844207922546,2.2601129713441876
lab011,F2,2026-05-18 08:53:17,OFF->HOT,OFF,HOT,2.7335958877937445,-0.001302665909638812,1.9895733591319233,1.8623673854739238
lab011,F2,2026-05-18 08:54:32,HOT->OFF,HOT,OFF,3.371430881535028,-0.0020722556910897517,1.8694316896498264,1.9105724741288839
lab011,F2,2026-05-18 09:04:53,OFF->COLD,OFF,COLD,-3.048513445080664,0.01322258892572785,2.292225007771295,1.3827164825046536
lab011,F2,2026-05-18 09:06:02,COLD->OFF,COLD,OFF,-3.0473931574083157,0.01608037594785565,1.7084736680619395,1.5278204469105918
lab011,F2,2026-05-18 09:18:28,OFF->HOT,OFF,HOT,1.858526271684782,0.016042879549678132,1.8211023817070522,1.5582748592379994
lab011,F2,2026-05-18 09:19:33,OFF->HOT,OFF,HOT,1.8046984016366665,0.012892786582276994,1.9447482868049277,1.9835770121222722
lab011,F2,2026-05-18 09:20:47,OFF->HOT,OFF,HOT,1.1961677388285978,0.008632222202994956,2.0889988297214077,2.255258470372649
lab011,F2,2026-05-18 09:27:45,OFF->COLD,OFF,COLD,-1.9777513162276057,-0.016801761887353668,2.033082714976652,2.829849099551041
lab011,F2,2026-05-18 09:29:49,COLD->OFF,COLD,OFF,-1.8345786402241386,-0.025377124413453522,1.50823932804431,2.4359251026008133
lab011,F2,2026-05-18 09:35:32,OFF->HOT,OFF,HOT,1.2159976163414346,-0.05628319316335344,2.6027194547771133,2.8300648755339686
lab011,F2,2026-05-18 09:37:27,HOT->OFF,HOT,OFF,0.9994375729280445,-0.06831697657429384,2.8065753370640687,2.468622110590889
lab011,F2,2026-05-18 09:42:45,OFF->COLD,OFF,COLD,3.488931453630019,-0.09832002549340234,1.8710524238119568,9.720685327296472
lab011,F2,2026-05-18 09:44:19,COLD->OFF,COLD,OFF,5.248492124247582,-0.10587886513598699,1.624690444756682,11.73185982963495
lab011,F2,2026-05-18 09:49:47,OFF->HOT,OFF,HOT,9.14043389940204,-0.11657196871775723,2.5139158701324225,11.717979941113775
lab011,F2,2026-05-18 09:51:42,HOT->OFF,HOT,OFF,3.350821393421753,-0.10988621674774501,7.013528318837824,7.207425440936051
lab011,F2,2026-05-18 09:54:41,OFF->COLD,OFF,COLD,-1.7609309338592127,-0.08534631080991226,9.73913561992501,3.1403575429039945
lab011,F2,2026-05-18 09:58:19,COLD->OFF,COLD,OFF,-3.589207887728138,-0.04014301602819434,11.756797405505065,3.203439456327039
lab011,F2,2026-05-18 10:03:23,OFF->HOT,OFF,HOT,-0.20476490564585714,0.03949407123879517,2.9132208688247863,3.933522128262011
lab011,F2,2026-05-18 10:06:22,HOT->OFF,HOT,OFF,-4.360506306210561,0.07638364608356127,3.164685290108326,2.6866629455008457
lab011,F2,2026-05-18 10:09:26,OFF->COLD,OFF,COLD,-4.991258936039612,0.11548672253244409,3.4171867090678774,2.7979324308900932
lab011,F2,2026-05-18 10:12:30,COLD->OFF,COLD,OFF,-2.91866290728448,0.1411673913584027,3.70744311142797,2.254912561154674
lab011,F2,2026-05-18 10:20:12,OFF->HOT,OFF,HOT,1.3756081198083236,0.1520942433500146,2.8692636402989087,1.9617748655343417
lab011,F2,2026-05-18 10:21:56,HOT->OFF,HOT,OFF,1.0640591089319957,0.1450371988044929,2.6205836714388253,1.6930633678414533
lab011,F2,2026-05-18 10:26:49,OFF->COLD,OFF,COLD,-0.07359278095874511,0.11721006374206978,1.9462034009319336,1.8393254469432143
lab011,F2,2026-05-18 10:28:49,COLD->OFF,COLD,OFF,0.1227716373472163,0.10200888756561768,1.8166026100817207,1.4348473259513717
lab011,F2,2026-05-18 10:38:50,OFF->HOT,OFF,HOT,1.812329334915189,0.005576358113460966,1.649423931317341,1.0564299076833545
lab011,F2,2026-05-18 10:40:54,HOT->OFF,HOT,OFF,1.4976298841201998,-0.01469535261056204,1.245427250761472,1.0895256344884328
lab011,F2,2026-05-18 10:46:17,OFF->COLD,OFF,COLD,-0.2459486389755693,-0.051117515543919814,1.3494356485682393,0.5862727118143137
lab011,F2,2026-05-18 10:48:37,COLD->OFF,COLD,OFF,0.5114797442065208,-0.06196636199298475,0.914294731541264,1.2292414756488383
lab011,F2,2026-05-18 10:55:09,OFF->HOT,OFF,HOT,1.1401327555947327,-0.08739342583941254,0.7458632181533897,1.3267720007404293
lab011,F2,2026-05-18 10:56:34,OFF->HOT,OFF,HOT,1.7530914009084073,-0.0890469835444383,0.6214784248035159,1.6655348722445193
lab011,F2,2026-05-18 10:58:03,HOT->OFF,HOT,OFF,1.5777236482986905,-0.08990898390224507,0.5648650590932419,1.5870716931515052
lab011,F2,2026-05-18 11:10:24,OFF->COLD,OFF,COLD,-1.9272126823944231,-0.0379750836473808,1.2381383028668562,0.8706387588650448
lab011,F2,2026-05-18 11:11:29,COLD->OFF,COLD,OFF,-1.9301074994275162,-0.03413196832171592,1.1529176562396886,0.8811909507975885
lab011,F2,2026-05-18 11:27:09,OFF->HOT,OFF,HOT,1.3800407605720086,-0.008155973459986976,0.8464222849030222,1.0331610358932672
lab011,F2,2026-05-18 11:28:23,OFF->HOT,OFF,HOT,2.2637687935884694,-0.00521744521480496,0.8427332164430149,1.7089066419584327
lab011,F2,2026-05-18 11:29:33,OFF->HOT,OFF,HOT,2.1268363210757517,-0.0036853724289186637,0.8759259717302857,1.5682817157116202
lab011,F2,2026-05-18 11:30:33,HOT->OFF,HOT,OFF,1.5230255281901572,-0.0020770714537976104,1.1115488905232385,0.9795906737230011
lab011,F2,2026-05-18 11:39:29,OFF->COLD,OFF,COLD,-2.728344039871451,0.0012355167091819413,1.7089066419584327,1.4727926704879775
lab011,F2,2026-05-18 11:42:38,COLD->OFF,COLD,OFF,-1.6734614427078145,-0.000647311294362643,0.923671885847912,1.3347271745523506
lab011,F2,2026-05-18 11:50:55,OFF->HOT,OFF,HOT,2.85684849224043,-0.009637472142874803,1.450926754920936,2.607376323194386
lab011,F2,2026-05-18 11:57:03,HOT->OFF,HOT,OFF,-0.04014490922535903,-0.011718528157220805,2.194145207293189,1.8173715353459283
lab011,F2,2026-05-18 11:59:32,OFF->COLD,OFF,COLD,-2.085735254758845,-0.006351658203085614,2.6816161552214712,1.3248430106547906
lab011,F2,2026-05-18 12:03:26,COLD->OFF,COLD,OFF,-2.640194073099125,0.00601816914978115,2.858475131117591,0.7127702891939249
lab011,F2,2026-05-18 12:15:12,OFF->HOT,OFF,HOT,2.3043716274666135,0.014149960346059066,0.8061089872923313,2.0341658328437604
lab011,F2,2026-05-18 12:17:06,HOT->OFF,HOT,OFF,1.8678846125148492,0.013338684227694686,0.9830096586578656,1.372555961747262
lab011,F2,2026-05-18 12:25:24,OFF->COLD,OFF,COLD,-2.0917911725546086,0.020745705277831282,1.7403485177779676,1.1926966321683599
lab011,F2,2026-05-18 12:27:13,COLD->OFF,COLD,OFF,-2.1381173886880056,0.023651851716644634,2.1061039662111716,0.7988275651287988
lab011,F2,2026-05-18 12:44:37,OFF->HOT,OFF,HOT,2.3524701968557604,0.0019082826951174036,0.9038247785821508,2.0388164120708168
lab011,F2,2026-05-18 12:45:37,HOT->OFF,HOT,OFF,2.4637241806235384,-0.0010021245771520085,0.8952559264943954,2.015690021566136
lab011,F2,2026-05-18 12:46:42,OFF->HOT,OFF,HOT,2.0633129937027577,-0.004179839947856024,0.9086223638829983,1.2441003391515455
lab011,F2,2026-05-18 12:59:02,OFF->COLD,OFF,COLD,-2.452905312727486,-0.0019481769338050448,1.7616904341413153,0.9969712264339132
lab011,F2,2026-05-18 13:00:37,COLD->OFF,COLD,OFF,-1.646350866475905,0.0002804878460553224,1.285131658709873,0.7787863422598804
lab011,F2,2026-05-18 13:18:30,OFF->HOT,OFF,HOT,1.969233370282827,-0.0035160870296321537,0.7650158203594458,2.645110293835678
lab011,F2,2026-05-18 13:20:54,HOT->OFF,HOT,OFF,1.5094179140986133,-0.004522450039669623,0.8211653957967527,1.9727330825728908
lab011,F2,2026-05-18 13:26:23,OFF->COLD,OFF,COLD,-2.5966873337482577,-0.0004323641650209927,2.4308094833070726,1.3708274118860655
lab011,F2,2026-05-18 13:28:42,COLD->OFF,COLD,OFF,-2.370350119080783,0.002606523149931794,2.6863883060288067,0.9657501356736458
lab011,F2,2026-05-18 13:44:12,OFF->HOT,OFF,HOT,2.478462851327929,-0.0081510815525331,0.868387089520522,2.8736919688295846
lab011,F2,2026-05-18 13:45:21,OFF->HOT,OFF,HOT,2.3886909168893538,-0.009527791948184029,0.8967904465733493,2.937506445697744
lab011,F2,2026-05-18 13:48:35,HOT->OFF,HOT,OFF,0.20924839628224368,-0.011494407929177441,1.6325708764223035,1.703053078534464
lab011,F2,2026-05-18 13:52:04,OFF->COLD,OFF,COLD,-2.9529959358231643,-0.008567462126899362,2.689047098472128,1.4632377157452048
lab011,F2,2026-05-18 13:54:43,COLD->OFF,COLD,OFF,-2.2621607404467294,-0.004140147736116972,2.6538860276543756,1.039527767276141
lab011,F2,2026-05-18 14:05:04,OFF->HOT,OFF,HOT,2.0231511931972155,0.0005688272149346754,1.181041583422072,1.5665228350943352
lab011,F2,2026-05-18 14:06:04,OFF->HOT,OFF,HOT,2.0581535208192916,4.068540657824475e-05,1.0122299574634235,1.5575747570682452
lab011,F2,2026-05-18 14:07:18,HOT->OFF,HOT,OFF,1.5150400677472258,-0.000503153363373654,0.8817162133199128,0.9253462311924106
lab011,F2,2026-05-18 14:16:50,OFF->COLD,OFF,COLD,-2.1327789559260166,0.004402639317922752,1.3492215291477674,1.2162680001347148
lab011,F2,2026-05-18 14:17:55,COLD->OFF,COLD,OFF,-1.8571720971061474,0.005427123232525943,1.3759519897838715,1.0094229867080788
lab011,F2,2026-05-18 14:27:12,OFF->HOT,OFF,HOT,1.257267795120443,0.001378583543640577,1.0585980517392755,0.765724547712414
lab011,F2,2026-05-18 14:28:21,HOT->OFF,HOT,OFF,1.5455409187881572,-8.95714261927253e-05,1.132239699650641,0.7024777082165645
lab011,F2,2026-05-18 17:46:03,OFF->HOT,OFF,HOT,1.390864866405001,-0.0060677199432610735,0.3873600199440715,1.5567719177966384
lab011,F2,2026-05-18 17:47:27,OFF->HOT,OFF,HOT,1.5170984638330356,-0.007788204644805297,0.42920118184998984,1.5485484795667581
lab011,F2,2026-05-18 17:49:22,OFF->HOT,OFF,HOT,1.5033898285105893,-0.009475348326871713,0.41824363903205625,1.4699860443094865
lab011,F2,2026-05-18 17:50:41,OFF->HOT,OFF,HOT,1.4919380572492968,-0.010339323012400236,0.41449044179247396,1.390047338619945
lab011,F2,2026-05-18 17:51:46,HOT->OFF,HOT,OFF,1.287690854820779,-0.010624505548830099,0.39911882956594114,1.4661503150767268
lab011,F2,2026-05-18 17:53:05,OFF->HOT,OFF,HOT,0.7868915710977784,-0.010557879574239969,0.6682786963465622,1.4795735227749207
lab011,F2,2026-05-18 17:54:05,OFF->HOT,OFF,HOT,0.09552407844440963,-0.010103520481442719,1.0176509837471643,1.3332871732062834
lab011,F2,2026-05-18 17:55:14,HOT->OFF,HOT,OFF,-0.7764656032967356,-0.00908478567426545,1.3502778176382275,1.08003734539581
lab011,F2,2026-05-18 18:01:07,OFF->COLD,OFF,COLD,-2.658417239428334,-0.00048756513995940054,1.6371095765812305,1.2321985919686151
lab011,F2,2026-05-18 18:10:59,COLD->OFF,COLD,OFF,2.207359676870679,0.0015098447392500203,1.197066762937959,2.0139708299747037
lab011,F2,2026-05-18 18:14:48,OFF->HOT,OFF,HOT,2.3642456352118364,-0.00337944602945628,0.9165321485306044,2.046153756264851
lab011,F2,2026-05-18 18:22:20,HOT->OFF,HOT,OFF,-1.4959993851634426,-0.0015102286063632953,1.6812811943197072,1.081907650233611
lab011,F2,2026-05-18 18:24:14,OFF->COLD,OFF,COLD,-2.2272019283036553,0.00221052070756731,1.8825688780535357,1.0254194737897246
lab011,F2,2026-05-18 18:27:23,COLD->OFF,COLD,OFF,-2.209169774112313,0.008609265372069963,2.118575483629659,0.7554722495784594
lab011,F2,2026-05-18 18:41:24,OFF->HOT,OFF,HOT,1.2238186715427974,0.007171771503007229,0.5636374184596569,1.4834963192802189
lab011,F2,2026-05-18 18:43:58,HOT->OFF,HOT,OFF,0.6220888110186236,0.0049842705382334715,0.4836725579820446,0.624655234260937
lab011,F2,2026-05-18 18:53:24,OFF->COLD,OFF,COLD,-1.3556051028433407,0.005031797401763294,1.480614542768588,0.7351547880710066
lab011,F2,2026-05-18 18:56:28,COLD->OFF,COLD,OFF,-0.3206836530059203,0.004864252919313404,0.6848087511624413,0.4811871969335568
lab011,F2,2026-05-18 19:06:00,OFF->HOT,OFF,HOT,0.9160991730627088,-0.003031189387387445,0.5929512119478971,0.9038648615103944
lab011,F2,2026-05-18 19:08:04,HOT->OFF,HOT,OFF,0.5223302165777013,-0.004339516319504733,0.43753058947184503,0.9774190249968687
lab011,F2,2026-05-18 19:15:47,OFF->COLD,OFF,COLD,-1.1039532997602457,-0.00314662089268165,1.0343676354836453,0.5543597905598483
lab011,F2,2026-05-18 19:17:37,COLD->OFF,COLD,OFF,-1.003044360329203,-0.0022529015046140136,1.0740879449127463,0.48245993160754513
lab011,F2,2026-05-18 19:28:08,OFF->HOT,OFF,HOT,0.9039168108149991,-0.004298163698577473,0.46516581297284393,1.1697215940767767
lab011,F2,2026-05-18 19:29:57,HOT->OFF,HOT,OFF,0.2920377082416629,-0.004523456472883037,0.26038783711336094,0.745603449631458
lab011,F2,2026-05-18 19:36:45,OFF->COLD,OFF,COLD,-0.5674450752497355,-0.003609197553869881,0.6678519657398099,0.5104053093146982
lab011,F2,2026-05-18 19:38:34,COLD->OFF,COLD,OFF,-0.4417128504235138,-0.0032758706973748278,0.7016549039640371,0.327226089785943
lab011,F2,2026-05-18 19:49:45,OFF->HOT,OFF,HOT,0.41283748451749924,-0.0050533177815496495,0.32446404636189374,0.5066896694472292
lab011,F2,2026-05-18 19:50:45,HOT->OFF,HOT,OFF,0.32485549560891736,-0.005090567145123748,0.16068468891909957,0.5101400843800064
lab011,F2,2026-05-18 21:56:09,OFF->HOT,OFF,HOT,0.7386938657699753,-0.006992318538320408,0.2308797765789645,1.0764132812480105
lab011,F2,2026-05-18 21:57:09,OFF->HOT,OFF,HOT,0.6471821705322041,-0.006944014009953647,0.23409447316835513,1.1366496179322774
lab011,F2,2026-05-18 21:58:18,OFF->HOT,OFF,HOT,0.558928750368501,-0.006757150739891249,0.23097390819018743,1.1952576596852353
lab011,F2,2026-05-18 21:59:18,OFF->HOT,OFF,HOT,0.4709466920480795,-0.00643161673041831,0.22473003685569248,1.21718917627024
lab011,F2,2026-05-18 22:00:18,HOT->OFF,HOT,OFF,0.09510244913276994,-0.005937495714483265,0.242406235039104,1.050797163153398
lab011,F2,2026-05-18 22:01:27,OFF->HOT,OFF,HOT,-0.6708675285222341,-0.005122623832220597,0.9089114323056213,0.8599254942026301
lab011,F2,2026-05-18 22:06:06,OFF->COLD,OFF,COLD,-1.230125998377063,-0.0011193523968615945,1.120286031666897,0.7074180110432842
lab011,F2,2026-05-18 22:10:00,COLD->OFF,COLD,OFF,-0.7249885094263253,0.0011310030909562618,1.2971957146961017,0.3329823661191365
lab011,F2,2026-05-18 22:18:37,OFF->HOT,OFF,HOT,0.6239104492931793,0.0002858664222989858,0.5212087139713808,1.473834005304555
lab011,F2,2026-05-18 22:23:25,HOT->OFF,HOT,OFF,-1.2207953275213546,0.00174968132938178,1.3003498750700426,0.9845303723113293
lab011,F2,2026-05-18 22:26:19,OFF->COLD,OFF,COLD,-1.0940222440119065,0.0035941315588377434,1.049372563352902,0.9034837186972335
lab011,F2,2026-05-18 22:31:33,COLD->OFF,COLD,OFF,0.7033693263911835,0.004654148001959535,1.4767132542842587,1.2937832306409547
lab011,F2,2026-05-18 22:36:36,OFF->HOT,OFF,HOT,1.2517159016456083,0.0019329821039359208,0.9070416562596243,1.4457291527252163
lab011,F2,2026-05-18 22:40:20,HOT->OFF,HOT,OFF,-0.8044625232917637,0.0010664738015291996,1.3209619516959932,1.0119242570812552
lab011,F2,2026-05-18 22:44:49,OFF->COLD,OFF,COLD,-1.5991052222891566,0.0028532218953510767,1.3859145202772178,0.9072585432073367
lab011,F2,2026-05-18 22:49:47,COLD->OFF,COLD,OFF,0.7075943396667449,0.0029271366052616935,1.2616730179351923,1.6479322430753567
lab011,F2,2026-05-18 22:54:40,OFF->HOT,OFF,HOT,1.3632242922743125,4.9251422336915596e-05,0.894177057571446,1.8614182076659171
lab011,F2,2026-05-18 22:58:54,HOT->OFF,HOT,OFF,-0.7764516560227648,-0.001042002076892157,1.3474272490186976,1.01118737789577
lab011,F2,2026-05-18 23:02:13,OFF->COLD,OFF,COLD,-1.4977827611297903,-0.0008952390170001937,1.3406874870080285,0.9872694993777175
lab011,F2,2026-05-18 23:06:46,COLD->OFF,COLD,OFF,-0.12296725464954117,-0.0020493080244543328,1.9031086460572872,1.5801532701704573
lab011,F2,2026-05-18 23:11:04,OFF->HOT,OFF,HOT,1.4153192778916939,-0.00450532745943979,1.0193775063947883,1.7199661528793337
lab011,F2,2026-05-18 23:15:53,HOT->OFF,HOT,OFF,-0.7305350117042543,-0.00550508070319875,1.5138687408406986,1.149386294415531
lab011,F2,2026-05-18 23:19:47,OFF->COLD,OFF,COLD,-1.3184299668556245,-0.004364952109781406,1.5373862464538617,0.841640141421846
lab011,F2,2026-05-18 23:25:10,COLD->OFF,COLD,OFF,0.6706737642448781,-0.0039668246111971735,1.0866900628378557,1.3848067412299403
lab011,F2,2026-05-18 23:28:59,OFF->HOT,OFF,HOT,1.607751632709525,-0.004436443585185423,0.9103696471176944,1.5340562568049771
lab011,F2,2026-05-18 23:35:27,HOT->OFF,HOT,OFF,-1.23392198645953,-1.5729484025726534e-06,1.552974525227019,0.9586126567659128
lab011,F2,2026-05-18 23:40:15,OFF->COLD,OFF,COLD,-1.513600719814358,0.00796718770537137,1.450438951302241,0.9419349064897748
lab011,F2,2026-05-18 23:50:12,COLD->OFF,COLD,OFF,1.0861774410575231,0.008779201728888375,1.0253191422557928,0.6852463902501694
lab011,F2,2026-05-18 23:53:56,OFF->HOT,OFF,HOT,0.7042412017041857,0.004959333223966689,0.6906229452894302,0.9083771052134557
lab011,F2,2026-05-18 23:55:55,HOT->OFF,HOT,OFF,-0.02041816600960314,0.0036781570153082916,0.48019549017429547,0.4154217226530192
lab011,F2,2026-05-19 02:07:52,OFF->HOT,OFF,HOT,0.40555843751600046,-0.0010627597292040547,0.20358747758964593,0.8171580977333665
lab011,F2,2026-05-19 02:09:02,OFF->HOT,OFF,HOT,0.7646277053474482,-0.0011185193555161678,0.22383758936729362,1.1695173323504644
lab011,F2,2026-05-19 02:11:01,HOT->OFF,HOT,OFF,0.34123232431361283,-0.0009588481823175621,0.25208822628665833,0.8629378133362213
lab011,F2,2026-05-19 02:19:03,OFF->COLD,OFF,COLD,-1.0452649972278447,0.002914543910997247,1.156948935395829,0.7269664445852104
lab011,F2,2026-05-19 02:22:47,COLD->OFF,COLD,OFF,0.0163918172645353,0.003312800383789882,0.6570648505169624,0.4179280157379639
lab011,F2,2026-05-19 02:33:33,OFF->HOT,OFF,HOT,0.5870746084095907,-0.0026181529870256794,0.3984249860853679,1.4884617065683265
lab011,F2,2026-05-19 02:36:02,HOT->OFF,HOT,OFF,-0.20195365931871753,-0.0030105264473622825,0.23254477098896892,1.0149053575216462
lab011,F2,2026-05-19 02:38:12,HOT->OFF,HOT,OFF,-0.6285293960095509,-0.0026581074036662435,0.5396747600548947,0.8302606290092984
lab011,F2,2026-05-19 02:40:26,OFF->COLD,OFF,COLD,-1.0666693394472893,-0.0018670343408108915,1.321439846124063,0.8029719830383494
lab011,F2,2026-05-19 02:44:49,COLD->OFF,COLD,OFF,-0.09395044616863438,-0.0006595713700780937,1.3924650237727934,0.841703894252802
lab011,F2,2026-05-19 02:51:27,OFF->HOT,OFF,HOT,0.6238575467765267,-0.000591163188553645,0.8029719830383494,1.4949420728726677
lab011,F2,2026-05-19 02:53:47,HOT->OFF,HOT,OFF,0.1286724009135927,-0.0001479716115539764,0.6267960999000104,0.9644925115070383
lab011,F2,2026-05-19 02:55:11,HOT->OFF,HOT,OFF,-0.9922190627324226,0.00034610118449371894,1.5668661383529372,0.754388893438146
lab011,F2,2026-05-19 02:57:55,OFF->COLD,OFF,COLD,-1.266309603315055,0.0015697627207233,1.24414967601341,0.7702233083059425
lab011,F2,2026-05-19 03:00:20,COLD->OFF,COLD,OFF,-0.3967396717214025,0.0024437224316907645,1.6477435586596345,1.4335843879436583
lab011,F2,2026-05-19 03:08:22,OFF->HOT,OFF,HOT,0.9649821563231342,0.0017063607049817352,0.7880212890391818,1.799683766057141
lab011,F2,2026-05-19 03:12:01,HOT->OFF,HOT,OFF,-0.7097154900146735,0.0012675826780212285,0.8561623051575243,0.9855526180712453
lab011,F2,2026-05-19 03:14:35,OFF->COLD,OFF,COLD,-1.310334432434257,0.00139432507405739,1.371374227014697,0.9138135982603446
lab011,F2,2026-05-19 03:19:13,COLD->OFF,COLD,OFF,0.01758846025611238,0.00036113268574551344,1.799683766057141,1.245055542035855
lab011,F2,2026-05-19 03:24:07,OFF->HOT,OFF,HOT,1.458156416068118,-0.002759551690202833,0.9846256836405087,1.7612208539254914
lab011,F2,2026-05-19 03:28:00,HOT->OFF,HOT,OFF,-0.5830264230296316,-0.00364787071246393,1.7394318046571537,0.9762071780767451
lab011,F2,2026-05-19 03:31:49,OFF->COLD,OFF,COLD,-1.5995563519727372,-0.0025826975243847805,1.536416216893822,0.8965482764991326
lab011,F2,2026-05-19 03:36:28,COLD->OFF,COLD,OFF,0.3848160443405103,-0.001987347900147851,1.2757012164441743,1.6143150103730708
lab011,F2,2026-05-19 03:42:16,OFF->HOT,OFF,HOT,1.49833175389863,-0.004148363136637689,0.9402575105662357,2.00332306081732
lab011,F2,2026-05-19 03:46:25,HOT->OFF,HOT,OFF,-1.170646560615003,-0.0033729453232411943,1.5810228212093727,1.036525558701775
lab011,F2,2026-05-19 03:50:34,OFF->COLD,OFF,COLD,-1.2587424482485112,-0.0004688963362816877,1.659467393685542,0.9559693556068557
lab011,F2,2026-05-19 03:55:27,COLD->OFF,COLD,OFF,0.3224139205864269,0.0004322151365801158,1.2672093712058046,1.0197955960595977
lab011,F2,2026-05-19 04:01:45,OFF->HOT,OFF,HOT,1.626588189457872,-0.00302292614304116,0.9069547344429574,1.6751429404902636
lab011,F2,2026-05-19 04:07:08,HOT->OFF,HOT,OFF,-1.2110611185736238,-0.0008480061860648867,1.3397298438618028,0.8592186237662514
lab011,F2,2026-05-19 04:12:41,OFF->COLD,OFF,COLD,-1.4415147183749197,0.006457827650556691,1.6751429404902636,0.8142329542897502
lab011,F2,2026-05-19 04:18:40,COLD->OFF,COLD,OFF,1.0355437120550313,0.009710970840120115,0.7706817499507883,1.0637933791129854
lab011,F2,2026-05-19 04:24:53,OFF->HOT,OFF,HOT,0.7659915766063682,0.005752643100597976,0.7566374656228595,0.5419012536342088
lab011,F2,2026-05-19 04:26:32,HOT->OFF,HOT,OFF,0.565041291579242,0.0047260852590943255,0.7138889348573121,0.3685913430880723
lab011,F2,2026-05-19 06:44:44,OFF->HOT,OFF,HOT,0.03522723821952889,-0.0026230675433071672,0.1979300959560397,0.45524351029522764
lab011,F2,2026-05-19 06:46:33,OFF->HOT,OFF,HOT,0.30666415474394954,-0.002691676581761393,0.20049947873918236,0.5062433537273533
lab011,F2,2026-05-19 06:47:47,HOT->OFF,HOT,OFF,0.34702016246282763,-0.002757408866766098,0.2304364249433479,0.45571909835570623
lab012,F3,2026-05-13 15:51:47,COLD->OFF,COLD,OFF,0.3595473346928737,-0.007294886186256644,0.16768538589596974,0.6946655263415816
lab012,F3,2026-05-13 16:13:38,OFF->COLD,OFF,COLD,-0.6760692842581326,0.005568315049132355,0.5017048430912626,0.42349323983400394
lab012,F3,2026-05-13 16:23:47,COLD->OFF,COLD,OFF,0.27933420284856997,0.00973882045093516,0.43091094743319364,0.10429801548611774
lab012,F3,2026-05-13 16:41:01,OFF->COLD,OFF,COLD,-0.046613387642656004,0.002916486585971678,0.12343275263822537,0.20933723331234805
lab012,F3,2026-05-13 16:44:44,COLD->OFF,COLD,OFF,-0.012825915945114924,0.0013345376717488703,0.6827135387003151,0.12345471035108392
lab012,F3,2026-05-13 16:45:58,OFF->COLD,OFF,COLD,0.19252370557885867,0.0007065071158449893,0.1911401593898209,0.12475723300985159
lab012,F3,2026-05-13 17:09:33,OFF->COLD,OFF,COLD,-0.23820455997519308,-0.001314927492781104,0.20560199778616853,0.17753601588998877
lab012,F3,2026-05-13 17:10:33,OFF->COLD,OFF,COLD,-0.27047187704779485,-0.0010231286463355136,0.20677975649384467,0.1669806365324466
lab012,F3,2026-05-13 17:11:47,COLD->OFF,COLD,OFF,-0.17991131186258927,-0.0006827506763231962,0.19484620919330728,0.14749432130574916
lab012,F3,2026-05-13 17:13:51,COLD->OFF,COLD,OFF,-0.030011003992682132,-0.0001810991743213641,0.18788726479824164,0.12326205820510976
lab012,F3,2026-05-13 17:31:05,OFF->COLD,OFF,COLD,-0.2634413028585277,0.0027128005413363573,0.12909503086558166,0.31138402296021883
lab012,F3,2026-05-13 17:32:14,COLD->OFF,COLD,OFF,-0.29682484503578577,0.002918226374711041,0.10081860636257116,0.29046946423055353
lab012,F3,2026-05-13 17:41:58,COLD->OFF,COLD,OFF,0.1323978180152099,0.0015626613345398393,0.31138402296021883,0.05916691022996206
lab012,F3,2026-05-13 18:07:12,OFF->COLD,OFF,COLD,-0.32752989000367166,-0.00368206068928244,0.3008032035739133,0.35857715462503575
lab012,F3,2026-05-13 18:08:17,OFF->COLD,OFF,COLD,-0.43351376614438497,-0.0031877160243333202,0.31481570812550463,0.2938234500103374
lab012,F3,2026-05-13 18:16:07,COLD->OFF,COLD,OFF,-0.07350883372509677,-0.00020753901355788926,0.4452280722749299,0.26428564677549593
lab012,F3,2026-05-13 18:37:44,OFF->COLD,OFF,COLD,-0.025600355127664162,0.0020752511934388537,0.14476158134891015,0.3494232619323764
lab012,F3,2026-05-13 18:39:52,COLD->OFF,COLD,OFF,0.14541794995119156,0.001940295258638036,0.1186540808833635,0.2866452509840275
lab012,F3,2026-05-13 18:40:52,OFF->COLD,OFF,COLD,0.22276431626942328,0.0018120945467974268,0.2113180010247017,0.25667922246876795
lab012,F3,2026-05-13 18:51:00,OFF->COLD,OFF,COLD,-0.26300412425551856,0.0010539049985536007,0.2810672535939531,0.23294506072153054
lab012,F3,2026-05-13 18:52:59,OFF->COLD,OFF,COLD,-0.20669863933372637,0.0010741618109398666,0.25869138978791023,0.29580229976246425
lab012,F3,2026-05-13 18:59:15,COLD->OFF,COLD,OFF,0.27206007250276326,0.00032363857861462676,0.2740251319013492,0.22863101350434428
lab012,F3,2026-05-13 19:21:06,OFF->COLD,OFF,COLD,-0.26213004577475774,-0.00010272465813336855,0.23401235062531284,0.19622262734454393
lab012,F3,2026-05-13 19:22:31,OFF->COLD,OFF,COLD,-0.20277871243132078,0.00011507930058927149,0.2130463686824714,0.22999284583605548
lab012,F3,2026-05-13 19:23:50,COLD->OFF,COLD,OFF,-0.08165542706279945,0.0002875675796995213,0.24531309739793677,0.27401801002897125
lab012,F3,2026-05-13 19:24:54,COLD->OFF,COLD,OFF,0.08429814031015835,0.0004006391536981902,0.2842457218138286,0.26740799677923954
lab012,F3,2026-05-13 19:40:49,OFF->COLD,OFF,COLD,-0.16616432307169884,0.0014788950104933861,0.25483690068279385,0.28417577916252396
lab012,F3,2026-05-13 19:41:54,OFF->COLD,OFF,COLD,-0.24185844141457238,0.0016177391661857275,0.2726115073213747,0.20109269706400706
lab012,F3,2026-05-13 19:50:43,COLD->OFF,COLD,OFF,-0.04942015151152428,0.0014628559626253645,0.24051549717890183,0.17572868166550482
lab012,F3,2026-05-13 20:13:59,OFF->COLD,OFF,COLD,-0.05670694196163692,-0.0005057275438307696,0.06681371157009108,0.3973771585249707
lab012,F3,2026-05-13 20:15:08,OFF->COLD,OFF,COLD,-0.16324025885795776,-0.00023573157006249177,0.07577106236655724,0.26539841125338937
lab012,F3,2026-05-13 20:22:09,COLD->OFF,COLD,OFF,0.09152424389176787,0.0006815881067207208,0.3600505055940537,0.22878391632934583
lab012,F3,2026-05-13 20:43:25,OFF->COLD,OFF,COLD,-0.19224120104768638,0.0010001151593983849,0.1885068660317161,0.3878229442808579
lab012,F3,2026-05-13 20:45:09,COLD->OFF,COLD,OFF,-0.08134648150565693,0.0009260911213257895,0.23598556963316822,0.320438993985356
lab012,F3,2026-05-13 20:47:03,COLD->OFF,COLD,OFF,0.08232890441100935,0.0006278902796800767,0.34449227981265224,0.2446736360685344
lab012,F3,2026-05-13 21:10:09,OFF->COLD,OFF,COLD,-0.2564391514114822,0.000710728746320688,0.22125835834237728,0.3010263833191601
lab012,F3,2026-05-13 21:20:37,COLD->OFF,COLD,OFF,0.08994740147791096,0.002252298620013826,0.3216313197233044,0.27823251782219316
lab012,F3,2026-05-13 21:42:48,OFF->COLD,OFF,COLD,-0.17622033697173917,-0.0012860069134954855,0.2374526817389825,0.2733066764505911
lab012,F3,2026-05-13 21:43:53,COLD->OFF,COLD,OFF,-0.24622728390007706,-0.0011081326137959645,0.24980971797537238,0.2854224423792375
lab012,F3,2026-05-13 21:52:12,COLD->OFF,COLD,OFF,0.05024203893751375,-0.00037375564086490344,0.19977607753670154,0.24984344482961154
lab012,F3,2026-05-13 22:15:53,OFF->COLD,OFF,COLD,-0.3150340774784435,0.0018981087230334093,0.24842586420806292,0.2744898593249818
lab012,F3,2026-05-13 22:23:23,COLD->OFF,COLD,OFF,0.1499952756437518,0.0018233306899815393,0.21188505590339846,0.2309862972023943
lab012,F3,2026-05-13 22:46:49,OFF->COLD,OFF,COLD,-0.1062969276989362,-0.0012527637127078052,0.22330456773317445,0.352175684856768
lab012,F3,2026-05-13 22:47:58,OFF->COLD,OFF,COLD,-0.22973996791254067,-0.0010153131854171217,0.2266654641676755,0.4087722581510536
lab012,F3,2026-05-13 22:57:03,COLD->OFF,COLD,OFF,0.08214247616887914,0.0004261946379412907,0.3794631419373667,0.20438276364217822
lab012,F3,2026-05-13 23:21:18,OFF->COLD,OFF,COLD,-0.19601641849858709,0.0018741307880803192,0.24076540380464784,0.3912229118110053
lab012,F3,2026-05-13 23:22:27,COLD->OFF,COLD,OFF,-0.17060177134826138,0.001992717491800122,0.18470272530889933,0.39010541202298155
lab012,F3,2026-05-13 23:28:58,COLD->OFF,COLD,OFF,0.1503491504861214,0.001687679194073688,0.4157713184028599,0.12106241529774832
lab012,F3,2026-05-13 23:53:23,OFF->COLD,OFF,COLD,-0.19447300915055798,0.0006445230743280293,0.23815780352687652,0.2951836362950983
lab012,F3,2026-05-13 23:54:52,COLD->OFF,COLD,OFF,-0.09422510716772375,0.0008037808326551766,0.28808220994123607,0.25399114938371536
lab012,F3,2026-05-13 23:56:01,OFF->COLD,OFF,COLD,-0.043959320359295416,0.0008766389891467386,0.29982161477521746,0.23028644087654968
lab012,F3,2026-05-13 23:57:20,OFF->COLD,OFF,COLD,0.00859321487750786,0.0008783835771673853,0.29036379785595445,0.19985486878046638
lab012,F3,2026-05-14 00:13:50,OFF->COLD,OFF,COLD,-0.1539032919284115,-0.00035481258747442905,0.24699690157926565,0.3168755713670046
lab012,F3,2026-05-14 00:14:55,OFF->COLD,OFF,COLD,-0.16522223596160596,-0.0004185422881973766,0.2562545849110346,0.31451110953550077
lab012,F3,2026-05-14 00:20:51,COLD->OFF,COLD,OFF,0.16475925561986965,-0.0009293761465224647,0.35472133809249917,0.17690867538781374
lab012,F3,2026-05-14 00:43:17,OFF->COLD,OFF,COLD,-0.2164412702251205,0.0001167735264767432,0.23821493782848022,0.3693782648129231
lab012,F3,2026-05-14 00:44:27,OFF->COLD,OFF,COLD,-0.1937770880184186,0.00036447199065077203,0.1945317543338089,0.3329081780558261
lab012,F3,2026-05-14 00:50:23,COLD->OFF,COLD,OFF,0.06673509362708345,0.0009005792775538479,0.2922430979237846,0.21500130360058703
lab012,F3,2026-05-14 01:14:29,OFF->COLD,OFF,COLD,-0.0990610922469557,0.00035495710762993853,0.18180585481052974,0.314460055904464
lab012,F3,2026-05-14 01:15:43,COLD->OFF,COLD,OFF,-0.08534511369527903,0.000399689782830448,0.19771293558292002,0.33183766192789005
lab012,F3,2026-05-14 01:16:43,COLD->OFF,COLD,OFF,-0.06616002259407558,0.0004017523368029741,0.215948069428854,0.2923621371034201
lab012,F3,2026-05-14 01:18:12,OFF->COLD,OFF,COLD,0.037170521716316275,0.0003834359547097543,0.2974492450834249,0.2137466536201836
lab012,F3,2026-05-14 01:31:29,OFF->COLD,OFF,COLD,-0.09256408718331166,0.000366552934008868,0.2234286125286248,0.4193450689826458
lab012,F3,2026-05-14 01:32:48,OFF->COLD,OFF,COLD,-0.1876954976031316,0.00043439365504398535,0.25110091326604284,0.3822102757131587
lab012,F3,2026-05-14 01:40:04,COLD->OFF,COLD,OFF,0.06315353551236244,0.000423698107145598,0.2958904354962092,0.28437768997892193
lab012,F3,2026-05-14 01:41:08,COLD->OFF,COLD,OFF,0.11043482122939435,0.00032525024466230064,0.3728812278420667,0.22470437716326583
lab012,F3,2026-05-14 02:05:39,OFF->COLD,OFF,COLD,-0.2328851319816735,0.0015057653879985366,0.18636456110779917,0.4280352139952864
lab012,F3,2026-05-14 02:12:45,COLD->OFF,COLD,OFF,0.11856266343851912,0.0014488896428185073,0.4094266556866194,0.24618964666832283
lab012,F3,2026-05-14 02:35:16,OFF->COLD,OFF,COLD,-0.16548225517471268,-8.1084701043177e-05,0.2664122498162306,0.19408197871240962
lab012,F3,2026-05-14 02:36:16,COLD->OFF,COLD,OFF,-0.11910702918167188,-2.6728716816148924e-05,0.2588653435586974,0.22593154774235946
lab012,F3,2026-05-14 02:37:20,OFF->COLD,OFF,COLD,-0.03244187923925445,-1.6605428399474364e-05,0.19763747259720058,0.2685811385770462
lab012,F3,2026-05-14 02:38:39,OFF->COLD,OFF,COLD,0.08393331034233664,-7.8232269969214e-05,0.10273936846329451,0.280173036263816
lab012,F3,2026-05-14 02:54:05,OFF->COLD,OFF,COLD,-0.195768788269913,-0.0007771521885055144,0.25337955998353795,0.3556918369536307
lab012,F3,2026-05-14 02:55:05,OFF->COLD,OFF,COLD,-0.18692476380657042,-0.0006386732389846106,0.25270287628146293,0.3578294304785207
lab012,F3,2026-05-14 03:02:21,COLD->OFF,COLD,OFF,0.0508577122295458,9.541372961430211e-05,0.23707790606740928,0.27090853585245406
lab012,F3,2026-05-14 03:26:12,OFF->COLD,OFF,COLD,-0.17739292250191233,0.0016658321584703151,0.22371574632723792,0.22869915809350733
lab012,F3,2026-05-14 03:27:16,OFF->COLD,OFF,COLD,-0.13296340195735964,0.0017225458910260947,0.1965388584286734,0.26732795772604273
lab012,F3,2026-05-14 03:30:49,COLD->OFF,COLD,OFF,0.01140674424054667,0.0014827302668263265,0.20610694121142564,0.2637181724284176
lab012,F3,2026-05-14 03:54:55,OFF->COLD,OFF,COLD,-0.14352748222721706,-0.0007849744948202897,0.2747054889671525,0.5037910541470677
lab012,F3,2026-05-14 04:05:04,COLD->OFF,COLD,OFF,0.09203256563561235,-8.77862287381292e-05,0.5028384355929643,0.18353885598030392
lab012,F3,2026-05-14 04:30:14,OFF->COLD,OFF,COLD,-0.11994282842937468,0.000813978078115718,0.20726199549403398,0.25962951680259333
lab012,F3,2026-05-14 04:38:39,COLD->OFF,COLD,OFF,-0.0024430334420581625,0.0019346652050313163,0.15913532439634565,0.23736300642271485
lab012,F3,2026-05-14 04:39:39,COLD->OFF,COLD,OFF,0.07192399185666812,0.001894186235237827,0.24549673458389742,0.22200059910885764
lab012,F3,2026-05-14 05:05:34,OFF->COLD,OFF,COLD,-0.23438400400167048,0.001056467664706906,0.2750749611597675,0.36135711781511437
lab012,F3,2026-05-14 05:07:03,OFF->COLD,OFF,COLD,-0.23131956185325311,0.00117763628768337,0.2843479880389152,0.3349171182945615
lab012,F3,2026-05-14 05:08:07,COLD->OFF,COLD,OFF,-0.19501342369039576,0.0011855784285101701,0.2876902229200733,0.31579355962703054
lab012,F3,2026-05-14 05:09:16,COLD->OFF,COLD,OFF,-0.17908980180560424,0.0011281073775471385,0.3183202966180753,0.357637996431693
lab012,F3,2026-05-14 05:10:21,COLD->OFF,COLD,OFF,-0.07827058265812249,0.0010478720989637313,0.3849646608486138,0.31247132536305766
lab012,F3,2026-05-14 05:28:15,OFF->COLD,OFF,COLD,-0.1405874935365134,-0.000836766563257374,0.25933662033040744,0.31389547702608384
lab012,F3,2026-05-14 05:31:09,OFF->COLD,OFF,COLD,-0.16208150717525904,-0.0004716744271174411,0.25671228968655474,0.34461373787564153
lab012,F3,2026-05-14 05:32:18,OFF->COLD,OFF,COLD,-0.21608973196321218,-0.00036240379805834165,0.26140467230504366,0.3381730865862057
lab012,F3,2026-05-14 05:38:59,COLD->OFF,COLD,OFF,0.06835682008383753,-0.00020359833961567376,0.33067814928927064,0.1708572210318669
lab012,F3,2026-05-14 05:40:03,OFF->COLD,OFF,COLD,0.11336127074624128,-0.0002998737717658129,0.33470246719980573,0.20193403380186284
lab012,F3,2026-05-14 06:05:09,OFF->COLD,OFF,COLD,-0.17457055662132237,0.001174792915692935,0.22361618627303842,0.17421697316231
lab012,F3,2026-05-14 06:06:53,OFF->COLD,OFF,COLD,-0.1078555094544343,0.0013727731982914992,0.2775105487981476,0.2699893247090523
lab012,F3,2026-05-14 06:08:02,OFF->COLD,OFF,COLD,-0.07999430550656902,0.0014394332049838976,0.27827636674783174,0.2922278243045622
lab012,F3,2026-05-14 06:09:06,OFF->COLD,OFF,COLD,-0.07941603736525811,0.0014713843993458208,0.2518164862208424,0.2901858816107926
lab012,F3,2026-05-14 06:10:11,OFF->COLD,OFF,COLD,0.022996118832093602,0.0014623518838118744,0.1486056014614658,0.23587073743637108
lab012,F3,2026-05-14 06:26:11,OFF->COLD,OFF,COLD,-0.07495956864244205,6.344400649926918e-05,0.27669646149582794,0.3726373065180241
lab012,F3,2026-05-14 06:27:11,OFF->COLD,OFF,COLD,-0.148171858601941,6.811630251268852e-05,0.293567909271267,0.377060607802907
lab012,F3,2026-05-14 06:34:51,COLD->OFF,COLD,OFF,0.1322306911547642,-6.847823781492852e-05,0.4469470079206174,0.2749248542188139
lab012,F3,2026-05-14 07:01:35,OFF->COLD,OFF,COLD,-0.20774809578137715,0.0005693398783622517,0.2602202017148748,0.2590532390711684
lab012,F3,2026-05-14 07:03:39,OFF->COLD,OFF,COLD,-0.2486060277868029,0.0009794444884073216,0.2534254699967115,0.2794078586006271
lab012,F3,2026-05-14 07:04:59,COLD->OFF,COLD,OFF,-0.24557247765048695,0.0011561726203683344,0.23612403280733138,0.27298353112726886
lab012,F3,2026-05-14 07:09:01,COLD->OFF,COLD,OFF,0.05979672222742662,0.0012448668243392191,0.3262493524817723,0.29153122096826706
lab012,F3,2026-05-14 07:36:45,OFF->COLD,OFF,COLD,-0.17747986686529554,-0.0008414741887443401,0.2396468763327587,0.39409716263093525
lab012,F3,2026-05-14 07:38:09,OFF->COLD,OFF,COLD,-0.22234128470621728,-0.0005800502828645193,0.26686625862891517,0.42168451537399987
lab012,F3,2026-05-14 07:45:45,COLD->OFF,COLD,OFF,0.06792074749020496,0.00019359920041666116,0.3186755064135873,0.2986096661384837
lab012,F3,2026-05-14 08:08:21,OFF->COLD,OFF,COLD,-0.2456794372436133,0.0013588735302138444,0.328759511650874,0.4069597534480832
lab012,F3,2026-05-14 08:09:26,OFF->COLD,OFF,COLD,-0.21839184808549447,0.0016933647680581032,0.2724511749643181,0.36288986346089325
lab012,F3,2026-05-14 08:10:50,COLD->OFF,COLD,OFF,-0.002949644906183005,0.0019122128048110645,0.2685805164316249,0.34741769872363465
lab012,F3,2026-05-14 08:25:14,OFF->COLD,OFF,COLD,-0.2208290175136322,0.004419818107614737,0.2849810164922904,0.48227664635963213
lab012,F3,2026-05-14 08:26:14,COLD->OFF,COLD,OFF,-0.2011943945701562,0.004742996360981388,0.2531783456688036,0.4715133833357159
lab012,F3,2026-05-14 08:33:59,COLD->OFF,COLD,OFF,-0.2143734152565763,0.006288593511522578,0.494947033305371,0.4974191363000364
lab012,F3,2026-05-14 09:03:07,OFF->COLD,OFF,COLD,-0.21073251055767053,-0.006000548199411804,0.5623724928285363,0.5862027593652598
lab012,F3,2026-05-14 09:04:56,OFF->COLD,OFF,COLD,-0.22838616887116725,-0.004650419717735943,0.5677649574756186,0.6065882865154081
lab012,F3,2026-05-14 09:06:30,OFF->COLD,OFF,COLD,-0.40905328546876984,-0.003474036294422867,0.5225335325074604,0.3595806392817126
lab012,F3,2026-05-14 09:14:06,COLD->OFF,COLD,OFF,0.036747305595620394,0.0023210803231454636,0.5862027593652598,0.3440634449072569
lab012,F3,2026-05-14 09:58:35,OFF->COLD,OFF,COLD,3.5625396701969403,-0.05749137385393961,0.7214660537995301,7.739197467856449
lab012,F3,2026-05-14 10:01:08,OFF->COLD,OFF,COLD,5.010919384808256,-0.059752595721562926,0.8009039382188344,8.357801675177727
lab012,F3,2026-05-14 10:02:12,OFF->COLD,OFF,COLD,5.023392740134791,-0.05877777086398547,0.8353978173393408,8.360705091589173
lab012,F3,2026-05-14 10:05:06,COLD->OFF,COLD,OFF,3.8002796279262654,-0.05004363695870924,0.9837738983523919,8.65457266973374
lab012,F3,2026-05-14 10:24:34,OFF->COLD,OFF,COLD,-0.0008479066182334183,0.07366185617342343,1.0532771061598747,1.095778808036662
lab012,F3,2026-05-14 10:25:49,OFF->COLD,OFF,COLD,0.13076257800600144,0.07289431887268452,1.0998302143871053,1.0498372617082186
lab012,F3,2026-05-14 10:26:58,COLD->OFF,COLD,OFF,0.09469011915065817,0.07178074955144792,1.0140121905415005,0.9922155277970004
lab012,F3,2026-05-14 10:29:17,COLD->OFF,COLD,OFF,0.48511221167685903,0.06830287214803092,1.110470060963931,0.6583678611740876
lab012,F3,2026-05-14 10:57:40,OFF->COLD,OFF,COLD,-0.012123017750125614,-0.018073749343892054,0.2594079300579049,0.30947405006504086
lab012,F3,2026-05-14 10:58:49,OFF->COLD,OFF,COLD,-0.06460621546454415,-0.019474016585126465,0.27187382975128055,0.2940265016149866
lab012,F3,2026-05-14 11:00:09,COLD->OFF,COLD,OFF,0.04700427925199668,-0.021335812186334735,0.2625449840964448,0.29197007551506493
lab012,F3,2026-05-14 11:01:18,OFF->COLD,OFF,COLD,0.08288719584283227,-0.022368744257005795,0.3096505293389228,0.29164947906137334
lab012,F3,2026-05-14 11:28:12,OFF->COLD,OFF,COLD,-0.19989186818227883,-0.01903089705693617,0.24130219838130607,0.13184251787056142
lab012,F3,2026-05-14 11:29:12,COLD->OFF,COLD,OFF,-0.1918233506480596,-0.018698997426918364,0.2387543344876507,0.14233510474800357
lab012,F3,2026-05-14 11:30:16,COLD->OFF,COLD,OFF,-0.17740113487514467,-0.018351104564905366,0.2354455444662858,0.11988409489061762
lab012,F3,2026-05-14 11:31:30,OFF->COLD,OFF,COLD,0.08147574816935178,-0.018034982333771588,0.20911015807932143,0.6096556074833066
lab012,F3,2026-05-14 11:32:40,OFF->COLD,OFF,COLD,-0.027065763170924108,-0.01728208636292079,0.23581237503064942,0.17749128608779596
lab012,F3,2026-05-14 11:55:21,OFF->COLD,OFF,COLD,-0.07341652856228857,-0.0007278185609914459,0.09389770754379465,0.26350028625870153
lab012,F3,2026-05-14 12:02:22,COLD->OFF,COLD,OFF,0.21766176319872405,0.0020792951920473694,0.20423129551731103,0.1946535478012661
lab012,F3,2026-05-14 12:27:08,OFF->COLD,OFF,COLD,-0.2393800654561126,0.0046055668104546975,0.10925588252570324,0.24744536525655944
lab012,F3,2026-05-14 12:29:07,OFF->COLD,OFF,COLD,-0.11591632354102217,0.0048206185327758005,0.11613413217624816,0.24794594969012976
lab012,F3,2026-05-14 12:30:16,COLD->OFF,COLD,OFF,-0.1767245426499886,0.004991238743507976,0.12535871573865356,0.2460462447462993
lab012,F3,2026-05-14 12:34:14,COLD->OFF,COLD,OFF,0.07880109560506281,0.004967411500693975,0.2523970077851008,0.1053022046090711
lab012,F3,2026-05-14 12:35:18,COLD->OFF,COLD,OFF,0.10823021249650394,0.004635762795354225,0.25595425976543973,0.09678064983916605
lab012,F3,2026-05-14 13:01:03,OFF->COLD,OFF,COLD,-0.2872335445971572,0.0024515907906892177,0.18505759815382375,0.31411865303421177
lab012,F3,2026-05-14 13:02:07,COLD->OFF,COLD,OFF,-0.28429161472106534,0.0025807487545461026,0.17384157926606258,0.2998123761409217
lab012,F3,2026-05-14 13:07:09,COLD->OFF,COLD,OFF,0.0721117205239237,0.0025642644101786295,0.3142057981647741,0.07598621580725798
lab012,F3,2026-05-14 13:33:04,OFF->COLD,OFF,COLD,-0.31515334503504777,0.0025787033695743537,0.17833003885459128,0.3003662834245368
lab012,F3,2026-05-14 13:34:04,COLD->OFF,COLD,OFF,-0.32082195651215784,0.002868011148068206,0.17837428918889336,0.2995501745510845
lab012,F3,2026-05-14 13:35:58,COLD->OFF,COLD,OFF,-0.10245298502874531,0.0032638164217661863,0.2550648229562386,0.130144860549081
lab012,F3,2026-05-14 13:37:02,COLD->OFF,COLD,OFF,0.007215653806248203,0.0033519475854762114,0.3083899983389015,0.0978767287604392
lab012,F3,2026-05-14 13:52:28,OFF->COLD,OFF,COLD,-0.25504861200316487,0.0032918766828200054,0.4615613490167833,0.38226219949265916
lab012,F3,2026-05-14 13:54:37,OFF->COLD,OFF,COLD,-0.504270498700956,0.004986345159985262,0.5316180951432459,0.28393080609793014
lab012,F3,2026-05-14 14:02:07,COLD->OFF,COLD,OFF,-0.664759390841611,0.012178989299948451,0.5991284416969911,0.36313732482108707
lab012,F3,2026-05-14 14:23:55,OFF->COLD,OFF,COLD,-0.4915705219374309,-0.010083774296837999,0.5785034755920059,1.1241517655115798
lab012,F3,2026-05-14 14:24:59,OFF->COLD,OFF,COLD,-0.5570154092897633,-0.012503470518667337,0.6433966392108217,1.1739354795556631
lab012,F3,2026-05-14 14:31:25,COLD->OFF,COLD,OFF,-0.1179920375258573,-0.03245566943449989,1.0331678352765394,1.0842019278569348
lab012,F3,2026-05-14 14:54:37,OFF->COLD,OFF,COLD,-6.427408953829196,-0.0029515499535160555,12.277480140157989,1.4113529583218125
lab012,F3,2026-05-14 14:55:56,COLD->OFF,COLD,OFF,-6.1624125326323815,0.014696407680285087,12.712571161367576,1.2691684626248112
lab012,F3,2026-05-14 14:57:20,COLD->OFF,COLD,OFF,-5.810563101133344,0.028950482825757476,11.607295844820937,1.250921835130714
lab012,F3,2026-05-14 14:58:20,COLD->OFF,COLD,OFF,-5.56384975539684,0.03926388270868972,11.619022004508615,1.2225273935971057
lab012,F3,2026-05-14 14:59:29,COLD->OFF,COLD,OFF,-2.8420381700064645,0.05006786187294827,8.785261445128583,1.1063307854810003
lab012,F3,2026-05-14 15:00:33,OFF->COLD,OFF,COLD,0.10768384844388379,0.05738091461248671,1.296461785161776,1.0873224922558264
lab012,F3,2026-05-14 15:20:46,OFF->COLD,OFF,COLD,0.3111903796892146,0.05519294574310511,0.8827894796457304,0.686961691297537
lab012,F3,2026-05-14 15:24:29,COLD->OFF,COLD,OFF,0.6949364121784884,0.03910483154927093,0.9162749452416183,0.27874757716310583
lab012,F3,2026-05-14 15:41:54,OFF->COLD,OFF,COLD,0.0762938895839621,-0.026146354388601974,0.2884688973673988,0.3655886845842934
lab012,F3,2026-05-14 15:48:35,COLD->OFF,COLD,OFF,-0.30201802194856125,-0.03147034678918619,0.5727343200124202,0.1473339642544737
lab012,F3,2026-05-14 15:49:35,OFF->COLD,OFF,COLD,-0.3244700847825933,-0.031629627958432854,0.5719975843942421,0.09992604581325382
lab012,F3,2026-05-14 16:08:09,OFF->COLD,OFF,COLD,-0.1681750788976602,-0.017812131774006045,0.1496950226585448,0.3108643249227905
lab012,F3,2026-05-14 16:09:23,OFF->COLD,OFF,COLD,-0.09871683418262589,-0.017480569213849884,0.13103709143181086,0.277227356622447
lab012,F3,2026-05-14 16:14:00,COLD->OFF,COLD,OFF,0.19920979662923355,-0.016115043323707723,0.3661891132860657,0.11831775707026679
lab012,F3,2026-05-14 16:15:05,COLD->OFF,COLD,OFF,0.1894025969470936,-0.01596231765194145,0.36604153647899823,0.11277678982698297
lab012,F3,2026-05-14 16:32:59,OFF->COLD,OFF,COLD,-0.28968705986080556,-0.0006863265962970821,0.15568321329419618,0.32903581980428637
lab012,F3,2026-05-14 16:33:59,OFF->COLD,OFF,COLD,-0.2544471243279569,-0.0004982253280640288,0.15352861169951826,0.3147631585291334
lab012,F3,2026-05-14 16:36:32,COLD->OFF,COLD,OFF,0.04119753758598611,-0.0002630169794007216,0.37222081627050313,0.06996884577767587
lab012,F3,2026-05-14 16:58:34,OFF->COLD,OFF,COLD,-0.281924587531075,0.004887028577185704,0.17466572592109036,0.33257236715293254
lab012,F3,2026-05-14 16:59:34,OFF->COLD,OFF,COLD,-0.3061516433449202,0.004806941921818785,0.19095865324391573,0.3322183734331371
lab012,F3,2026-05-14 17:00:43,OFF->COLD,OFF,COLD,-0.1922376206069183,0.004622265760653433,0.1797081670687921,0.2889789391862647
lab012,F3,2026-05-14 17:03:56,COLD->OFF,COLD,OFF,0.051101558109070855,0.003917268307014644,0.320238716659682,0.1516997631734976
lab012,F3,2026-05-14 17:14:05,OFF->COLD,OFF,COLD,0.06957414977391824,0.0035209658224439663,0.17937633317215668,0.38847552898858095
lab012,F3,2026-05-14 17:15:20,OFF->COLD,OFF,COLD,-0.2031612034758083,0.0036412284872239468,0.2041461911849202,0.325344728686514
lab012,F3,2026-05-14 17:20:12,COLD->OFF,COLD,OFF,0.17024845546504386,0.0038539869163825447,0.36223363867929775,0.08898080637676865
lab012,F3,2026-05-14 17:45:03,OFF->COLD,OFF,COLD,-0.28532882318395375,0.0051886766520770735,0.11052377872022524,0.28592261851846856
lab012,F3,2026-05-14 17:46:12,OFF->COLD,OFF,COLD,-0.31457019960698207,0.005547253434716026,0.16996569414245533,0.26117949259243844
lab012,F3,2026-05-14 17:51:44,COLD->OFF,COLD,OFF,-0.10494805840938859,0.0058643498637652065,0.29661314624494023,0.17241455326890853
lab012,F3,2026-05-14 18:16:10,OFF->COLD,OFF,COLD,-0.3608106522932887,0.0011856516763009582,0.28515965773884505,0.4061544775057893
lab012,F3,2026-05-14 18:17:19,OFF->COLD,OFF,COLD,-0.33992111131443337,0.001207964925536209,0.24971356538142578,0.4040454099932502
lab012,F3,2026-05-14 18:18:19,COLD->OFF,COLD,OFF,-0.21512951396396784,0.0010475286321808058,0.18320741332468762,0.28235076154939454
lab012,F3,2026-05-14 18:19:23,COLD->OFF,COLD,OFF,0.07796320657532993,0.0007613255578965417,0.31533708137000566,0.17587011804585923
lab012,F3,2026-05-14 18:44:58,OFF->COLD,OFF,COLD,-0.38933454937770173,-0.0018890592005083252,0.32209319355553867,0.42865529102516564
lab012,F3,2026-05-14 18:46:17,OFF->COLD,OFF,COLD,-0.37329521824841233,-0.0017197474824545143,0.32523743805899497,0.3677781808763651
lab012,F3,2026-05-14 18:49:20,COLD->OFF,COLD,OFF,-0.13323976450531752,-0.001560563065166032,0.3631982687639041,0.26638811695180625
lab012,F3,2026-05-14 19:10:53,OFF->COLD,OFF,COLD,-0.5429436202629474,0.001581582893664857,0.37410461324816147,0.5228230235902512
lab012,F3,2026-05-14 19:12:32,OFF->COLD,OFF,COLD,-0.5565354761592214,0.0023813554223580447,0.3122097246293514,0.4810860833180325
lab012,F3,2026-05-14 19:21:27,COLD->OFF,COLD,OFF,0.20299865941286308,0.003888216018417689,0.4792383785049137,0.18429236354419273
lab012,F3,2026-05-14 19:45:52,OFF->COLD,OFF,COLD,-0.31041018623888705,-0.00144373509386182,0.15705991590945284,0.28076956725544294
lab012,F3,2026-05-14 19:46:52,OFF->COLD,OFF,COLD,-0.36226897153085735,-0.001294372492704543,0.16810195301845823,0.26950886067336033
lab012,F3,2026-05-14 19:51:19,COLD->OFF,COLD,OFF,0.10527178018303451,-0.0011033892424494151,0.2749006463617506,0.34446788308539095
lab012,F3,2026-05-14 20:11:18,OFF->COLD,OFF,COLD,-0.4585333122543678,0.0009104926670784773,0.20807415544432367,0.4114768557364985
lab012,F3,2026-05-14 20:20:37,COLD->OFF,COLD,OFF,0.14963083519436485,0.0036173115383294928,0.39886416885531367,0.18967159114532625
lab012,F3,2026-05-14 20:44:58,OFF->COLD,OFF,COLD,-0.4259203722952934,0.0006036464625953416,0.20259894404320122,0.4290706774508452
lab012,F3,2026-05-14 20:45:58,OFF->COLD,OFF,COLD,-0.43106416432079087,0.0007861517475802994,0.19345200224107473,0.4262281734687288
lab012,F3,2026-05-14 20:51:59,COLD->OFF,COLD,OFF,-0.0018417244516183845,0.0007555066391841114,0.3711247876391059,0.2286608219189195
lab012,F3,2026-05-14 21:20:32,OFF->COLD,OFF,COLD,-0.7083637717143891,0.005473226851202662,0.3811646821295442,0.5650045743099673
lab012,F3,2026-05-14 21:21:42,COLD->OFF,COLD,OFF,-0.70793998453953,0.006528289136615805,0.3768111282549983,0.5517761030898124
lab012,F3,2026-05-14 21:31:26,COLD->OFF,COLD,OFF,0.20591569253202832,0.007824909544033764,0.5650045743099673,0.2329423327696871
lab012,F3,2026-05-14 21:53:48,OFF->COLD,OFF,COLD,0.15209031566176745,-0.01710164094563149,0.26904024099705753,1.5250227931844784
lab012,F3,2026-05-14 21:59:25,COLD->OFF,COLD,OFF,2.5241089329711537,-0.025711084161318933,0.7773167844478962,2.2753372120647324
lab012,F3,2026-05-14 22:07:50,HOT->OFF,HOT,OFF,-1.185475204726227,-0.020827616084630865,1.9829105667026434,1.2660554458342863
lab012,F3,2026-05-14 22:09:49,OFF->COLD,OFF,COLD,-2.3010900558035052,-0.015006028024012272,2.2183713040101876,1.0338330448607285
lab012,F3,2026-05-14 22:13:32,COLD->OFF,COLD,OFF,-2.490447699201443,-0.002527093181185446,2.2925447394133567,0.8174673227749626
lab012,F3,2026-05-14 22:23:11,OFF->HOT,OFF,HOT,1.6119391229861886,0.014449101671080714,0.7641396710514932,1.3865911808368505
lab012,F3,2026-05-14 22:24:25,OFF->HOT,OFF,HOT,1.6511958394671393,0.015149232113035427,0.8174673227749626,1.4633632825706209
lab012,F3,2026-05-14 22:26:59,HOT->OFF,HOT,OFF,1.1424378856092496,0.017038070284512853,0.6494379628315965,1.2199459092641056
lab012,F3,2026-05-14 22:31:46,OFF->COLD,OFF,COLD,-0.9522515248622972,0.022396931088212765,1.3830542792360394,0.8350437566507212
lab012,F3,2026-05-14 22:36:28,COLD->OFF,COLD,OFF,-1.3167798172038654,0.027004601145417497,1.5117301804012957,0.5525395216610429
lab012,F3,2026-05-15 00:11:23,OFF->COLD,OFF,COLD,-0.7083507650037799,0.015659697547109008,0.30820173820421487,0.5116524096920216
lab012,F3,2026-05-15 00:12:23,COLD->OFF,COLD,OFF,-0.7557375649858431,0.016397681414629696,0.31498258471040524,0.5143319468496358
lab012,F3,2026-05-15 00:13:27,OFF->COLD,OFF,COLD,-0.7431374369673069,0.0170222253787196,0.30489226767876637,0.514872336514909
lab012,F3,2026-05-15 00:14:27,COLD->OFF,COLD,OFF,-0.670206915008623,0.01752068170127572,0.28207790671591454,0.49595493711699284
lab012,F3,2026-05-15 01:39:38,OFF->COLD,OFF,COLD,-0.5386199080772403,0.015365581785889895,0.2290572352185406,0.5748082830547093
lab012,F3,2026-05-15 01:40:38,COLD->OFF,COLD,OFF,-0.627153679610875,0.015738165577945117,0.22932332962093166,0.5988661810496883
lab012,F3,2026-05-15 01:42:57,COLD->OFF,COLD,OFF,-0.7762364828744764,0.016258727530706805,0.23884938646433188,0.6151088968103124
lab012,F3,2026-05-15 01:45:05,COLD->OFF,COLD,OFF,-0.6043733467564909,0.01614747495237596,0.3944444727118797,0.586342798611797
lab012,F3,2026-05-15 01:54:25,OFF->HOT,OFF,HOT,1.438104745071639,0.007133218802788877,0.6061654835780825,1.2096284722882062
lab012,F3,2026-05-15 01:55:35,OFF->HOT,OFF,HOT,1.561777042640952,0.005752443523910512,0.5966277300956351,1.2717571548432736
lab012,F3,2026-05-15 01:56:39,HOT->OFF,HOT,OFF,1.4325703032528028,0.0041620598042173985,0.5101004950688462,1.2662237441096378
lab012,F3,2026-05-15 01:58:48,HOT->OFF,HOT,OFF,1.2497311743014143,0.0021679741886576846,0.47730938751876084,1.29417239427232
lab012,F3,2026-05-15 02:00:22,HOT->OFF,HOT,OFF,0.5593637629885762,0.001251444925716605,0.6702918844189937,1.0707394655740583
lab012,F3,2026-05-15 02:04:00,OFF->COLD,OFF,COLD,-1.0171984825146758,0.0014731316197036382,1.1255016366962989,0.7077995230977562
lab012,F3,2026-05-15 02:10:12,COLD->OFF,COLD,OFF,-0.9946608428900588,0.005892958653216818,1.2585306416995934,0.40438691965088
lab012,F3,2026-05-15 02:34:33,OFF->HOT,OFF,HOT,0.15568882040630935,-0.011353385929584058,0.16318197892896535,0.19842979069356023
lab012,F3,2026-05-15 03:49:57,OFF->COLD,OFF,COLD,-0.38555014721507264,0.015369066340784256,0.27367528779363226,0.4912070516505342
lab012,F3,2026-05-15 03:52:21,OFF->COLD,OFF,COLD,-0.46697039354846615,0.01665398677950769,0.2950759430194277,0.5250414233924907
lab012,F3,2026-05-15 03:53:25,COLD->OFF,COLD,OFF,-0.7392963353196375,0.017173191463555428,0.358463646451501,0.5878291278858312
lab012,F3,2026-05-15 03:54:25,OFF->COLD,OFF,COLD,-0.7946305459547429,0.017560578689641382,0.35909626403016043,0.5900741770544071
lab012,F3,2026-05-15 03:55:39,COLD->OFF,COLD,OFF,-0.9787124237931046,0.017873381748897497,0.3565401888087097,0.6808191491921303
lab012,F3,2026-05-15 03:56:44,COLD->OFF,COLD,OFF,-0.9041589527452144,0.018173710399661223,0.3327619785977306,0.6555567323736239
lab012,F3,2026-05-15 03:58:33,OFF->COLD,OFF,COLD,-0.694849909927808,0.018323362801748375,0.2759953281036319,0.613727650816067
lab012,F3,2026-05-15 05:17:00,OFF->COLD,OFF,COLD,-0.8170932153197665,0.023194580551325526,0.4715479787508638,0.9900643842837447
lab012,F3,2026-05-15 05:18:34,OFF->COLD,OFF,COLD,-1.0531934375574874,0.0253283804896391,0.41683769673285226,1.017704898389709
lab012,F3,2026-05-15 05:24:16,COLD->OFF,COLD,OFF,-0.9081303489512811,0.029371501046443302,0.7697124878920841,0.92489483211547
lab012,F3,2026-05-15 05:43:50,OFF->HOT,OFF,HOT,1.0893171842133111,-0.017446313822604906,0.6360918537128369,0.6132714987642731
lab012,F3,2026-05-15 05:45:29,HOT->OFF,HOT,OFF,1.1757806115967753,-0.02219823091315498,0.528945678522748,0.6863680846582559
lab012,F3,2026-05-15 05:47:04,OFF->HOT,OFF,HOT,0.8545890400746028,-0.02563151439013933,0.6009777159626103,0.5956334022819707
lab012,F3,2026-05-15 06:16:08,OFF->COLD,OFF,COLD,-1.6035600307048674,0.012645287551664854,0.6896125278953428,1.0047288998060373
lab012,F3,2026-05-15 06:21:05,COLD->OFF,COLD,OFF,-1.3531096294277727,0.023371881632487976,0.7178932557359367,1.0368316015790706
lab012,F3,2026-05-15 06:34:03,OFF->HOT,OFF,HOT,2.301229501179371,0.010498384187111664,1.0367463737456823,1.6152643468490648
lab012,F3,2026-05-15 06:35:17,HOT->OFF,HOT,OFF,2.1741859544203965,0.007694352204409593,1.0481312353248553,1.7700493346400754
lab012,F3,2026-05-15 06:36:27,OFF->HOT,OFF,HOT,1.915016595231908,0.005240129586714514,1.02936461304417,1.6736015509690025
lab012,F3,2026-05-15 06:38:11,HOT->OFF,HOT,OFF,0.7636861746183772,0.002699222212123243,1.003531968746675,1.5178900920851464
lab012,F3,2026-05-15 06:42:38,OFF->COLD,OFF,COLD,-1.5669287018778204,0.0011548855567763642,1.6270528639094928,0.9943023034845941
lab012,F3,2026-05-15 06:46:31,COLD->OFF,COLD,OFF,-1.943743005383335,0.0030656303274137382,1.6547597671256704,0.8484690348740176
lab012,F3,2026-05-15 07:01:04,OFF->HOT,OFF,HOT,2.4541795164321725,-0.01123091355154413,0.8141038422432245,1.9293098388980292
lab012,F3,2026-05-15 07:02:13,OFF->HOT,OFF,HOT,2.265617272481184,-0.012713160614761155,0.7668024765140742,1.930853921770239
lab012,F3,2026-05-15 07:04:42,HOT->OFF,HOT,OFF,0.9055238801241456,-0.014049096327311572,0.8261918930662763,1.595265531866504
lab012,F3,2026-05-15 07:09:34,OFF->COLD,OFF,COLD,-1.604340845476362,-0.009280353097400607,1.7510722002385306,1.1608996386766632
lab012,F3,2026-05-15 07:15:16,COLD->OFF,COLD,OFF,-2.1024985016091358,0.0026728463565623972,1.809690659894136,1.016406020517008
lab012,F3,2026-05-15 07:29:43,OFF->HOT,OFF,HOT,2.3986702385922243,-0.007160554303437117,0.957817870952129,2.0659282466063695
lab012,F3,2026-05-15 07:31:32,OFF->HOT,OFF,HOT,2.335761448533392,-0.009633992938071413,0.8473730610215618,2.0915084273994253
lab012,F3,2026-05-15 07:32:36,HOT->OFF,HOT,OFF,2.091880147262901,-0.010622735082100343,0.7815327265754842,2.1577813213537893
lab012,F3,2026-05-15 07:35:10,HOT->OFF,HOT,OFF,0.2943260596699291,-0.011257344127319735,0.9307081810695844,1.6696266475809087
lab012,F3,2026-05-15 07:39:13,OFF->COLD,OFF,COLD,-2.123410631703247,-0.006880199262180531,1.9655090205225674,1.1892246772423531
lab012,F3,2026-05-15 07:42:26,COLD->OFF,COLD,OFF,-2.4982859467372456,-0.0013152771052631351,2.0915084273994253,0.9736011976990264
lab012,F3,2026-05-15 07:55:59,OFF->HOT,OFF,HOT,2.44510156042488,-0.002409746968886851,0.8483526535859452,1.7468953535662521
lab012,F3,2026-05-15 07:59:08,HOT->OFF,HOT,OFF,1.0326497366291136,-0.0044816875916582335,0.9905488655050627,1.62350853292124
lab012,F3,2026-05-15 08:04:55,OFF->COLD,OFF,COLD,-2.122003520606492,0.0012782933326060952,1.6623965936546528,1.1563314069996555
lab012,F3,2026-05-15 08:10:52,COLD->OFF,COLD,OFF,-1.8063710622094933,0.012665289040353179,1.711966944196782,1.0076059671754607
lab012,F3,2026-05-15 08:23:50,OFF->HOT,OFF,HOT,2.877899700919115,0.00013507042635740873,1.0038766414903084,2.3848618387732077
lab012,F3,2026-05-15 08:24:59,HOT->OFF,HOT,OFF,2.599356052598057,-0.0015790548281050315,0.950960745089713,2.3593376920357327
lab012,F3,2026-05-15 08:27:18,HOT->OFF,HOT,OFF,1.14897686426987,-0.0023673011664387287,1.332324905136398,1.7618507725611228
lab012,F3,2026-05-15 08:31:40,OFF->COLD,OFF,COLD,-2.6254306101620823,0.0031460468128776667,2.2754317076791684,1.4719033855111967
lab012,F3,2026-05-15 08:36:13,COLD->OFF,COLD,OFF,-3.280134222850906,0.01216447972667769,2.3752547917782825,1.6436755373012368
lab012,F3,2026-05-15 08:47:02,OFF->HOT,OFF,HOT,2.427536803838137,-0.0001418108006703729,1.5839704899368348,1.9150082081375561
lab012,F3,2026-05-15 08:50:30,HOT->OFF,HOT,OFF,1.00163522900858,-0.008965986709491159,1.7082090819328954,1.8156828248402879
lab012,F3,2026-05-15 08:51:30,OFF->HOT,OFF,HOT,0.1579182252922957,-0.010985307864858207,1.9485051259393054,1.7407974601254863
lab012,F3,2026-05-15 08:54:28,OFF->COLD,OFF,COLD,-1.7814583764997365,-0.015408312804111547,1.9505796209516046,1.7818469780292838
lab012,F3,2026-05-15 08:58:21,COLD->OFF,COLD,OFF,-2.178244141157032,-0.01984834375783313,1.954890793773395,1.6450399060485754
lab012,F3,2026-05-15 09:07:56,OFF->HOT,OFF,HOT,3.190711340840383,-0.046957699005671975,1.7732386618430351,2.063174189491735
lab012,F3,2026-05-15 09:11:44,HOT->OFF,HOT,OFF,2.0272240457945063,-0.05778624722537718,1.6981546726489207,1.6836196329762927
lab012,F3,2026-05-15 09:16:22,OFF->COLD,OFF,COLD,5.820960290754293,-0.060679950735638005,1.9874997343915843,12.239240248153054
lab012,F3,2026-05-15 09:21:04,COLD->OFF,COLD,OFF,3.5737411299753146,-0.045956368894800585,2.069899272036849,12.402114397538831
lab012,F3,2026-05-15 09:23:23,OFF->HOT,OFF,HOT,1.88824682850127,-0.029166170492023857,1.5473379205495943,10.266814212538863
lab012,F3,2026-05-15 09:27:01,HOT->OFF,HOT,OFF,-8.935656333571979,0.006341727390310539,12.24524060441061,2.602602691567464
lab012,F3,2026-05-15 09:29:55,OFF->COLD,OFF,COLD,-7.453542798833217,0.04188663986216002,12.324486057249675,2.0798551636418408
lab012,F3,2026-05-15 09:35:22,COLD->OFF,COLD,OFF,-4.172420399521029,0.0923915788433729,10.256340766324746,1.779482645764931
lab012,F3,2026-05-15 11:46:48,OFF->COLD,OFF,COLD,-0.31754556967083514,0.03187482067958976,0.9904643798041477,2.5826632197757458
lab012,F3,2026-05-15 11:47:52,COLD->OFF,COLD,OFF,-0.9007486342640899,0.03874031662467389,1.1660899866143675,2.644616393314686
lab012,F3,2026-05-15 11:48:52,OFF->COLD,OFF,COLD,-1.6398327541531523,0.04580833476410681,1.2859796339380203,2.461681766524719
lab012,F3,2026-05-15 11:54:14,COLD->OFF,COLD,OFF,-3.490020889539081,0.08239346024039129,2.1624079103610736,2.270247922140998
lab012,F3,2026-05-15 12:10:30,OFF->HOT,OFF,HOT,4.760689970476124,0.024022018708552473,2.1021906349937014,3.2404563607666046
lab012,F3,2026-05-15 12:11:55,OFF->HOT,OFF,HOT,4.090243834840496,0.01795117627369658,1.92215099030169,3.152556342929702
lab012,F3,2026-05-15 12:14:18,HOT->OFF,HOT,OFF,2.93693618381056,0.012482858796418667,1.5771113771598237,2.990482227547353
lab012,F3,2026-05-15 12:19:41,OFF->COLD,OFF,COLD,-3.2451354551605545,0.016514685769323204,2.834580015697679,1.8893554826272496
lab012,F3,2026-05-15 12:24:43,COLD->OFF,COLD,OFF,-3.1076637752632568,0.024377501319579768,3.1325758264040395,1.5309674160683167
lab012,F3,2026-05-15 12:36:37,OFF->HOT,OFF,HOT,3.6755652389372035,-0.014090397893784162,1.6415990036949453,2.7301272729850616
lab012,F3,2026-05-15 12:37:56,OFF->HOT,OFF,HOT,4.321834323073639,-0.022777178404109227,1.629488408543181,2.9426680725522503
lab012,F3,2026-05-15 12:38:56,HOT->OFF,HOT,OFF,4.353895195654209,-0.027325168930897002,1.5296196350403877,3.0403034187852755
lab012,F3,2026-05-15 12:41:05,HOT->OFF,HOT,OFF,2.52701622790397,-0.034453112285410106,1.9546714787878328,2.4979781187686063
lab012,F3,2026-05-15 12:48:41,OFF->COLD,OFF,COLD,-3.699607154289709,-0.011200205678632266,2.559562644761248,2.01885817676645
lab012,F3,2026-05-15 12:53:14,COLD->OFF,COLD,OFF,-2.9887947922873535,0.004559420375914412,2.0589137568812648,1.7885225364238624
lab012,F3,2026-05-15 13:04:03,OFF->HOT,OFF,HOT,3.76906486628014,-0.01296052602262776,1.9226691163454077,2.533406487477859
lab012,F3,2026-05-15 13:05:03,OFF->HOT,OFF,HOT,3.5874759485489065,-0.014836237835329058,1.8563132993700906,2.60340127400043
lab012,F3,2026-05-15 13:07:11,HOT->OFF,HOT,OFF,2.4110128631378074,-0.017829531571215182,1.596240502279916,2.244841874652666
lab012,F3,2026-05-15 13:13:28,OFF->COLD,OFF,COLD,-3.117028552367983,-0.013035371559136876,2.7776664111153164,1.6991658656015616
lab012,F3,2026-05-15 13:14:33,OFF->COLD,OFF,COLD,-3.6801484535421274,-0.011086923366020861,2.7860792110711388,1.6823226395275843
lab012,F3,2026-05-15 13:15:57,COLD->OFF,COLD,OFF,-3.215751298140327,-0.008122265430879592,2.60340127400043,1.4635605801331264
lab012,F3,2026-05-15 13:29:35,OFF->HOT,OFF,HOT,3.730475632510445,-0.02113170822966488,1.3464869210310908,3.5659606696684487
lab012,F3,2026-05-15 13:33:08,HOT->OFF,HOT,OFF,0.881124200615567,-0.023741097161629376,1.9651195883192556,2.6727390208816764
lab012,F3,2026-05-15 13:36:51,OFF->COLD,OFF,COLD,-2.2251427140262527,-0.01795250377536295,2.9600536734537313,2.307374281442052
lab012,F3,2026-05-15 13:41:59,COLD->OFF,COLD,OFF,-3.795538173048099,-0.0021801704092977658,3.665215855737371,1.712664258623925
lab012,F3,2026-05-15 13:53:33,OFF->HOT,OFF,HOT,3.74093816366185,-0.005885465310679371,1.6750023748255058,2.788661788789869
lab012,F3,2026-05-15 13:57:01,HOT->OFF,HOT,OFF,1.8586874792244945,-0.013130131883040796,1.819662781282864,2.3781985564894743
lab012,F3,2026-05-15 14:01:49,OFF->COLD,OFF,COLD,-2.6701926320127223,-0.01144501338298749,3.0025883480161926,1.9712184326102118
lab012,F3,2026-05-15 14:05:51,COLD->OFF,COLD,OFF,-4.15822725134972,-0.0015939956742911932,3.1957254124157073,1.6554937531517895
lab012,F3,2026-05-15 14:15:51,OFF->HOT,OFF,HOT,3.284072011536099,-0.0018968015853566556,1.7686708508098266,3.0908214185844476
lab012,F3,2026-05-15 14:19:54,HOT->OFF,HOT,OFF,0.608528134582789,-0.006990551245782404,2.2099366364333672,2.365007513521875
lab012,F3,2026-05-15 14:22:58,OFF->COLD,OFF,COLD,-2.3729344031829496,-0.005066649751000617,2.9923817966027597,1.7993922634147983
lab012,F3,2026-05-15 14:28:21,COLD->OFF,COLD,OFF,-3.845729492582709,0.009015258410531324,3.489618486882555,1.687360741058191
lab012,F3,2026-05-15 14:39:05,OFF->HOT,OFF,HOT,3.765183584540545,-0.0035659239060686684,1.4500483658240515,2.7584570704610205
lab012,F3,2026-05-15 14:42:14,HOT->OFF,HOT,OFF,2.2357581755065334,-0.00991302060913899,1.9015270725509898,2.0726691280615417
lab012,F3,2026-05-15 14:48:26,OFF->COLD,OFF,COLD,-2.797078139214187,-0.004026491620215912,2.440302093617552,1.7918359066291567
lab012,F3,2026-05-15 14:52:58,COLD->OFF,COLD,OFF,-3.17234263490189,0.003488318418759651,2.2615179602068003,1.6129357091199643
lab012,F3,2026-05-15 15:02:58,OFF->HOT,OFF,HOT,3.939267592036413,-0.007626935545311131,1.6732279705239612,3.100509587436124
lab012,F3,2026-05-15 15:06:41,HOT->OFF,HOT,OFF,2.4432180829378805,-0.011473061389531213,2.238722023038806,2.3808314014291727
lab012,F3,2026-05-15 15:12:09,OFF->COLD,OFF,COLD,-3.042565051433198,-0.005756900948805831,3.0000742066351824,1.8728382809805333
lab012,F3,2026-05-15 15:16:51,COLD->OFF,COLD,OFF,-3.050359921210097,0.003358080704290157,2.686699568233876,1.8508775745508244
lab012,F3,2026-05-15 15:24:27,OFF->HOT,OFF,HOT,3.498704491881072,0.0065381704682510935,1.6990246075539597,2.484723318790347
lab012,F3,2026-05-15 15:28:15,HOT->OFF,HOT,OFF,1.8450294665041778,0.005666673870905026,1.7401133496666952,2.2055546966251454
lab012,F3,2026-05-15 15:32:43,OFF->COLD,OFF,COLD,-2.680837128559588,0.009343022248898158,2.673849568905582,1.9325773131070356
lab012,F3,2026-05-15 15:38:25,COLD->OFF,COLD,OFF,-2.6696147969235158,0.01670748171834644,2.4207163896564676,1.4561576463310062
lab012,F3,2026-05-15 15:47:06,OFF->HOT,OFF,HOT,2.6936380385951812,0.008104589860680633,1.5129181787611672,2.5699568042017074
lab012,F3,2026-05-15 15:50:44,HOT->OFF,HOT,OFF,1.1915782004139523,0.0027362228413506003,1.708799251998494,2.0938226895136056
lab012,F3,2026-05-15 15:55:27,OFF->COLD,OFF,COLD,-2.5127239603788354,0.0027392152484839727,2.4836290103370278,1.7501107839652765
lab012,F3,2026-05-15 15:59:40,COLD->OFF,COLD,OFF,-2.959894047256933,0.005177159887681882,2.6351571385866626,1.4246907143391436
lab012,F3,2026-05-15 16:08:45,OFF->HOT,OFF,HOT,3.780681499954308,-0.008187473779683341,1.5818157378852806,2.9495401756525625
lab012,F3,2026-05-15 16:12:48,HOT->OFF,HOT,OFF,2.3880010180399154,-0.01410395680390293,1.5589738149230703,2.627916977050627
lab012,F3,2026-05-15 16:18:15,OFF->COLD,OFF,COLD,-3.241368773199789,-0.007083217163169131,2.855964596735329,2.043539490478367
lab012,F3,2026-05-15 16:22:38,COLD->OFF,COLD,OFF,-4.140658886843185,0.004676121472411765,2.973316198697672,2.0216236615946
lab012,F3,2026-05-15 16:31:33,OFF->HOT,OFF,HOT,3.7757000246841503,0.002164036890900079,1.9853720487880175,2.6133316795925796
lab012,F3,2026-05-15 16:35:21,HOT->OFF,HOT,OFF,2.862858891412057,-0.0043268844818207695,1.9582066569597294,2.5730112315822917
lab012,F3,2026-05-15 16:40:44,OFF->COLD,OFF,COLD,-3.19412755897757,-0.0035860505529926815,2.867331531516744,2.2107913855354417
lab012,F3,2026-05-15 16:45:26,COLD->OFF,COLD,OFF,-3.2813078862088765,0.002154050840385669,2.576334398298691,2.2507343440637677
lab012,F3,2026-05-15 16:52:48,OFF->HOT,OFF,HOT,4.767915293391242,-0.005594410181411824,2.2069615410432495,3.291162569251948
lab012,F3,2026-05-15 16:57:40,HOT->OFF,HOT,OFF,2.3007271551438935,-0.013281097586962786,2.4179338262537104,2.9354639492462193
lab012,F3,2026-05-15 17:02:13,OFF->COLD,OFF,COLD,-3.2825860173203347,-0.008136776401798596,3.242954347689082,2.337326912067613
lab012,F3,2026-05-15 17:07:25,COLD->OFF,COLD,OFF,-4.04390545557469,0.005466529331746628,3.27672324178099,2.0840576818625993
lab012,F3,2026-05-15 17:15:41,OFF->HOT,OFF,HOT,4.813426392616568,0.0020771427747208193,2.3398100946695033,3.498316143469981
lab012,F3,2026-05-15 17:19:59,HOT->OFF,HOT,OFF,2.1039013801179998,-0.0040004795060524685,2.61785003109198,2.8053145055821664
lab012,F3,2026-05-15 17:24:07,OFF->COLD,OFF,COLD,-2.8046017774909244,-0.0010740407946352448,3.2785382903119857,2.455862458286949
lab012,F3,2026-05-15 17:28:59,COLD->OFF,COLD,OFF,-4.028016479073845,0.008048566744645935,3.4255421741087555,2.1903739823435386
lab012,F3,2026-05-15 17:37:15,OFF->HOT,OFF,HOT,5.141493434989099,-0.0024620648805117715,2.2063376567505335,3.780585098097988
lab012,F3,2026-05-15 17:41:28,HOT->OFF,HOT,OFF,2.474868115165598,-0.009392787283923187,2.396618652487049,3.0187659065436434
lab012,F3,2026-05-15 17:45:41,OFF->COLD,OFF,COLD,-2.5489703787556524,-0.005565402328938785,3.4634458802084906,2.0000041263309742
lab012,F3,2026-05-15 17:50:33,COLD->OFF,COLD,OFF,-4.391613577185493,0.007168764287207452,3.7424709209663716,1.787730734574843
lab012,F3,2026-05-15 17:59:49,OFF->HOT,OFF,HOT,3.7532728601006573,0.011490114757563142,1.7513132893061043,3.3643482093466703
lab012,F3,2026-05-15 18:00:53,OFF->HOT,OFF,HOT,3.349452388278096,0.00963588359541605,1.5127362566317653,3.2113849347500993
lab012,F3,2026-05-15 18:03:12,HOT->OFF,HOT,OFF,2.1686202236198735,0.006942898833282295,1.4670090115978702,2.6180214965147224
lab012,F3,2026-05-15 18:08:19,OFF->COLD,OFF,COLD,-2.9095787124102808,0.007918772522863902,2.599442815858647,2.338378441528514
lab012,F3,2026-05-15 18:11:13,COLD->OFF,COLD,OFF,-3.790278192019541,0.011817888756657523,2.886230182453263,2.0684333364454024
lab012,F3,2026-05-15 18:12:32,OFF->COLD,OFF,COLD,-3.7665125123613112,0.013001813510583205,3.1335254046273344,1.9507097312679285
lab012,F3,2026-05-15 19:06:40,OFF->COLD,OFF,COLD,-3.814720880232327,0.06051388259844028,1.1283120118827024,3.0389284959291376
lab012,F3,2026-05-15 19:08:10,COLD->OFF,COLD,OFF,-3.693715141515437,0.06329947351580892,1.1902735343580118,2.9140625540821037
lab012,F3,2026-05-15 19:54:51,OFF->COLD,OFF,COLD,-4.198309221660093,0.02671788563868542,1.7718894035862793,3.487322880651197
lab012,F3,2026-05-15 19:57:45,COLD->OFF,COLD,OFF,-5.303579907059757,0.04237222573929831,2.085038002638567,3.35057125528774
lab012,F3,2026-05-15 20:09:19,OFF->HOT,OFF,HOT,5.795584691753193,0.02813285465643567,3.404486032756356,3.525435988334433
lab012,F3,2026-05-15 20:12:57,HOT->OFF,HOT,OFF,2.095618256109458,0.008446763567854808,3.4421193728990738,3.3587880705769155
lab012,F3,2026-05-15 20:18:15,OFF->COLD,OFF,COLD,-3.9790227969235348,-0.005493239004940698,3.4668609054338275,3.0708542697231076
lab012,F3,2026-05-15 20:20:53,COLD->OFF,COLD,OFF,-4.7789097331201145,-0.007657188586581397,3.9894180113453026,2.4585081272404117
lab012,F3,2026-05-15 20:22:03,OFF->COLD,OFF,COLD,-4.332425577121688,-0.008564005737896355,4.1163902885389305,2.190716986866138
lab012,F3,2026-05-15 20:31:58,OFF->HOT,OFF,HOT,4.9399514668212525,-0.040155297049504136,2.4585081272404117,2.8255663855459145
lab012,F3,2026-05-15 20:34:17,HOT->OFF,HOT,OFF,4.387126091727195,-0.047073578247025336,1.9050113384593328,2.833662920666037
lab012,F3,2026-05-15 20:43:47,OFF->COLD,OFF,COLD,-4.311649088523685,-0.028639646245102315,2.8704920861107626,2.6889522872418974
lab012,F3,2026-05-15 20:47:25,COLD->OFF,COLD,OFF,-5.152513482119537,-0.010132850803228522,2.9281771573977524,2.8793284818780513
lab012,F3,2026-05-15 20:58:00,OFF->HOT,OFF,HOT,5.890641594613502,-0.005998637806299455,2.751470083892433,4.030347326372266
lab012,F3,2026-05-15 21:01:23,HOT->OFF,HOT,OFF,4.587491181488833,-0.012142378572612952,3.083527211216727,3.4945611989316374
lab012,F3,2026-05-15 21:07:35,OFF->COLD,OFF,COLD,-3.835203106611922,-0.0029183570246765073,3.936287265513159,2.792401562026574
lab012,F3,2026-05-15 21:13:02,COLD->OFF,COLD,OFF,-4.400707929593331,0.018123241882919316,3.2462117046374703,2.4864599308252
lab012,F3,2026-05-15 21:21:53,OFF->HOT,OFF,HOT,5.009800606670012,0.01656690543538932,2.669526849888609,4.041677733746995
lab012,F3,2026-05-15 21:24:36,HOT->OFF,HOT,OFF,2.9736255205744517,0.01268592267847577,2.4202362359362573,3.503928962543813
lab012,F3,2026-05-15 21:29:04,OFF->COLD,OFF,COLD,-3.3242202693773457,0.013927152215509508,3.7536277419466253,2.527120963225198
lab012,F3,2026-05-15 21:30:43,COLD->OFF,COLD,OFF,-4.813481055155663,0.016810422666081237,3.8495917096278935,2.3285346062874868
lab012,F3,2026-05-15 22:26:55,OFF->COLD,OFF,COLD,-4.092660163168222,0.07750959002200482,1.6197715825509362,3.500127461103092
lab012,F3,2026-05-15 22:27:59,COLD->OFF,COLD,OFF,-4.596237717987288,0.08249689065782632,1.5416048238206415,3.6455644701553624
lab012,F3,2026-05-15 22:30:38,COLD->OFF,COLD,OFF,-5.316838844459097,0.09172783630615093,1.8904186406413241,3.851262708156806
lab012,F3,2026-05-15 23:29:53,OFF->COLD,OFF,COLD,-4.713053291653002,0.07039379447883576,1.63741213970843,3.333334646877988
lab012,F3,2026-05-15 23:30:57,COLD->OFF,COLD,OFF,-4.636911986991853,0.07551364499120031,1.5306641140641026,3.387690519956868
lab012,F3,2026-05-15 23:31:57,OFF->COLD,OFF,COLD,-4.128325336293555,0.07964093716775444,1.44075111657214,3.319519134769674
lab012,F3,2026-05-16 00:22:51,OFF->COLD,OFF,COLD,-4.531309869228539,0.037186245774450025,1.62578277140121,3.484743857414984
lab012,F3,2026-05-16 00:23:51,OFF->COLD,OFF,COLD,-5.055809524226996,0.042573911328121744,1.6497907441136521,3.575149092178355
lab012,F3,2026-05-16 00:25:20,COLD->OFF,COLD,OFF,-5.087790761915582,0.04909868929781762,1.517300911470215,3.7088143864412872
lab012,F3,2026-05-16 01:15:30,OFF->COLD,OFF,COLD,-4.417120527666003,0.04211693603950035,1.7510272443129178,3.2948074636259226
lab012,F3,2026-05-16 01:16:39,OFF->COLD,OFF,COLD,-4.726958644810045,0.049451655469248304,1.6581891588571933,3.4102856445481105
lab012,F3,2026-05-16 01:18:28,COLD->OFF,COLD,OFF,-4.869981481170357,0.05788069589963047,1.7105802866504372,3.3455697539100866
lab012,F3,2026-05-16 02:06:59,OFF->COLD,OFF,COLD,-4.858439874369986,0.04817370028954109,1.82507356486325,3.5490227152416893
lab012,F3,2026-05-16 02:08:13,OFF->COLD,OFF,COLD,-5.225021327430947,0.055203134260669987,2.014948451068609,3.711682180324416
lab012,F3,2026-05-16 02:09:37,COLD->OFF,COLD,OFF,-5.050789310369644,0.061032573298491676,1.618098292149755,3.6444183995717125
lab012,F3,2026-05-16 02:57:49,OFF->COLD,OFF,COLD,-4.314734674696403,0.035107785488212785,1.9767845037795093,3.4610329279090712
lab012,F3,2026-05-16 02:58:49,OFF->COLD,OFF,COLD,-4.8251226313436115,0.041832486167202455,1.9028944925284932,3.5323459696842523
lab012,F3,2026-05-16 03:01:12,COLD->OFF,COLD,OFF,-5.4857286174805875,0.05602296889201935,1.8798457291658528,3.671486993692174
lab012,F3,2026-05-16 03:58:24,OFF->COLD,OFF,COLD,-4.533557894734549,0.07510140986745117,1.4842867527723052,3.8630345311900895
lab012,F3,2026-05-16 03:59:28,OFF->COLD,OFF,COLD,-5.1851106223984065,0.08049175208676528,1.4659630335913576,4.120242250757932
lab012,F3,2026-05-16 04:01:17,COLD->OFF,COLD,OFF,-5.255262146569472,0.08825448082653403,1.1805605460819486,4.161329887434294
lab012,F3,2026-05-16 04:58:14,OFF->COLD,OFF,COLD,-5.423768276622567,0.07674510612446853,2.05993858946449,4.274581066740684
lab012,F3,2026-05-16 04:59:18,OFF->COLD,OFF,COLD,-5.860126524786512,0.08327381540773562,2.0008488003912492,4.388327898273557
lab012,F3,2026-05-16 05:01:22,COLD->OFF,COLD,OFF,-6.020249453733795,0.09347268479308823,1.6498497106095924,4.478762943408004
lab012,F3,2026-05-16 05:57:10,OFF->COLD,OFF,COLD,-4.864704377712248,0.05734080693327961,1.9800035103796,4.012720907711849
lab012,F3,2026-05-16 05:58:14,OFF->COLD,OFF,COLD,-5.6216517913560775,0.06455329092088676,2.0489778638969054,4.15631582079874
lab012,F3,2026-05-16 06:01:03,COLD->OFF,COLD,OFF,-5.445342970811176,0.08050957715296558,2.1899587968098975,4.051411113056095
lab012,F3,2026-05-16 06:12:07,OFF->HOT,OFF,HOT,6.503466810429167,0.052256089206213115,4.051411113056095,3.5893494276365487
lab012,F3,2026-05-16 06:13:12,HOT->OFF,HOT,OFF,6.528840938710426,0.04320916182228736,3.8846822631993554,3.854812925648902
lab012,F3,2026-05-16 06:15:31,HOT->OFF,HOT,OFF,3.7527356297578303,0.028622916625423038,3.2510360819085995,3.429678418417371
lab012,F3,2026-05-16 06:20:08,OFF->COLD,OFF,COLD,-4.027052049575611,0.010581763588690764,3.76929111349459,3.0736280506647904
lab012,F3,2026-05-16 06:22:37,COLD->OFF,COLD,OFF,-5.246413343510007,0.006518668519127149,3.6815534403509957,2.8562583192741906
lab012,F3,2026-05-16 07:18:29,OFF->COLD,OFF,COLD,-4.9224114019850385,0.07304029248927683,1.3687490113999923,3.8176194712275477
lab012,F3,2026-05-16 07:19:44,COLD->OFF,COLD,OFF,-5.148528183930948,0.0768947269661549,1.4928634981348416,3.83609533416626
lab012,F3,2026-05-16 07:20:48,COLD->OFF,COLD,OFF,-5.00601133016742,0.07891621072270533,1.5284623223003488,3.6762654624973465
lab012,F3,2026-05-16 08:08:44,OFF->COLD,OFF,COLD,-4.921232203292872,0.048135233173553976,1.9568218302705398,3.8391738532908923
lab012,F3,2026-05-16 08:11:33,COLD->OFF,COLD,OFF,-5.589782544835121,0.0637177876300413,1.9625874900074176,3.7267181050340112
lab012,F3,2026-05-16 09:06:41,OFF->COLD,OFF,COLD,-4.2067684844188555,0.0423922037035954,1.6231545647242678,3.785971471724476
lab012,F3,2026-05-16 09:07:45,OFF->COLD,OFF,COLD,-4.706452403139384,0.04872860395539788,1.5505259650439582,3.9502993689781443
lab012,F3,2026-05-16 09:08:55,COLD->OFF,COLD,OFF,-5.6846020940520665,0.0556474311794858,1.4835209271575498,4.293414997429811
lab012,F3,2026-05-16 09:09:59,OFF->COLD,OFF,COLD,-5.522528562104729,0.060056949045186415,1.415203338733869,4.186409236136479
lab012,F3,2026-05-16 09:20:39,OFF->HOT,OFF,HOT,7.546222474000081,0.036326560164198086,4.197448972621674,4.132064514814976
lab012,F3,2026-05-16 09:21:43,OFF->HOT,OFF,HOT,7.848972511188489,0.029947452805507167,3.995544439308501,4.250032486625427
lab012,F3,2026-05-16 09:24:52,HOT->OFF,HOT,OFF,5.27815387460085,0.013729641256658452,3.711732721790758,3.748700393454811
lab012,F3,2026-05-16 09:32:23,OFF->COLD,OFF,COLD,-6.57793881035237,0.012229171236237946,4.253636375234915,2.991327169004266
lab012,F3,2026-05-16 09:34:47,COLD->OFF,COLD,OFF,-6.818463978189451,0.018187640875416734,4.079173747330495,2.96611273371347
lab012,F3,2026-05-16 10:28:55,OFF->COLD,OFF,COLD,-5.589668783913485,0.0649082551061813,2.014417451202327,3.907885238599921
lab012,F3,2026-05-16 10:29:59,OFF->COLD,OFF,COLD,-5.782714227489914,0.07038260882509846,1.971289476084484,3.9672429046095177
lab012,F3,2026-05-16 10:31:29,COLD->OFF,COLD,OFF,-5.236284432828452,0.07687200758537216,1.7019506133301299,3.6967613877244663
lab012,F3,2026-05-16 11:23:48,OFF->COLD,OFF,COLD,-3.867047898503632,0.02830502279952825,1.3187145925561312,3.214814502459415
lab012,F3,2026-05-16 11:24:52,COLD->OFF,COLD,OFF,-4.306769734558588,0.032554607919335864,1.3538091381115855,3.382092601358157
lab012,F3,2026-05-16 11:26:41,COLD->OFF,COLD,OFF,-4.520728268151457,0.039267028527017446,1.3916857505348446,3.2606134542225873
lab012,F3,2026-05-16 12:10:50,OFF->COLD,OFF,COLD,-3.6297255616013726,0.02792948744980528,1.6305873528535868,2.51831978829001
lab012,F3,2026-05-16 12:11:54,OFF->COLD,OFF,COLD,-4.592385802660265,0.033316022072606796,1.6233517540623523,3.1270578142986234
lab012,F3,2026-05-16 12:13:28,COLD->OFF,COLD,OFF,-4.3724888715510035,0.038669616216160205,1.7015429472341044,2.9534468896887702
lab012,F3,2026-05-16 13:00:55,OFF->COLD,OFF,COLD,-3.9806536011997733,0.04768979074054443,1.284836501421941,3.087791244929546
lab012,F3,2026-05-16 13:02:14,COLD->OFF,COLD,OFF,-4.852131745064749,0.05369217597898483,1.4713716035409434,3.446881791387946
lab012,F3,2026-05-16 13:55:33,OFF->COLD,OFF,COLD,-3.8996926459387025,0.034121773614194245,1.47944024427623,3.6762117995645895
lab012,F3,2026-05-16 13:56:42,OFF->COLD,OFF,COLD,-4.5380756057397225,0.04114143408950462,1.5393061795825396,3.811004955962943
lab012,F3,2026-05-16 13:58:51,COLD->OFF,COLD,OFF,-5.41584773834766,0.05046730568616446,1.6496665544537574,3.929771617851198
lab012,F3,2026-05-16 14:11:00,OFF->HOT,OFF,HOT,5.974493617928552,0.022636349606974093,3.4743056926699185,2.9693195337555935
lab012,F3,2026-05-16 14:12:00,OFF->HOT,OFF,HOT,5.850554115652322,0.017046877749901414,3.1708827282333725,3.1009334975240437
lab012,F3,2026-05-16 14:13:44,HOT->OFF,HOT,OFF,5.386908114639548,0.00880189553635553,2.6943450721619415,3.4116686322709144
lab012,F3,2026-05-16 14:14:49,HOT->OFF,HOT,OFF,4.453865021819352,0.005232102999163501,2.7488018795608276,3.2436150041574816
lab012,F3,2026-05-16 14:25:08,OFF->COLD,OFF,COLD,-5.084621290635754,0.029368135356756753,3.5566014898198386,3.144076024059809
lab012,F3,2026-05-16 14:26:13,OFF->COLD,OFF,COLD,-5.425527874745028,0.03546486750996217,3.1628447678525746,3.0260753590429923
lab012,F3,2026-05-16 14:28:37,COLD->OFF,COLD,OFF,-6.121033796422034,0.048348384170587275,3.0297984807246605,3.143551912522
lab012,F3,2026-05-16 14:42:05,OFF->HOT,OFF,HOT,1.5657617421984245,0.025835567893908964,2.967987245089107,1.3943655875354877
lab012,F3,2026-05-16 15:00:06,OFF->HOT,OFF,HOT,7.243339106684345,-0.1399124946633666,2.031786301664175,6.194781674645451
lab012,F3,2026-05-16 15:08:07,HOT->OFF,HOT,OFF,-2.690461263200579,-0.1489721982123932,4.746751196269477,6.372474784146959
lab012,F3,2026-05-16 15:11:26,OFF->COLD,OFF,COLD,-8.611344493587007,-0.11670436587348085,6.608026241207638,5.591592092895439
lab012,F3,2026-05-16 15:14:19,COLD->OFF,COLD,OFF,-7.586225412658069,-0.08538931950560381,7.423009974949455,5.957581996754189
lab012,F3,2026-05-16 15:18:52,OFF->HOT,OFF,HOT,3.8937854660882403,-0.04027840852782455,6.892753874843469,6.073670844002815
lab012,F3,2026-05-16 15:23:10,HOT->OFF,HOT,OFF,6.576006664037706,-0.007678298368605507,5.589612934951677,6.59435491058148
lab012,F3,2026-05-16 15:28:47,OFF->COLD,OFF,COLD,-7.810173570160115,0.04168832152843399,6.192726025177453,6.081823893704898
lab012,F3,2026-05-16 15:30:56,COLD->OFF,COLD,OFF,-9.528061053954016,0.06417883644346317,5.874667958783297,6.112940197243931
lab012,F3,2026-05-16 15:36:43,OFF->HOT,OFF,HOT,4.871870563286128,0.09649064430863313,6.483951606961458,5.058951169255035
lab012,F3,2026-05-16 15:42:06,HOT->OFF,HOT,OFF,4.269456457398626,0.09536817962947951,6.112940197243931,5.683714818982103
lab012,F3,2026-05-16 15:46:49,OFF->COLD,OFF,COLD,-6.710131960335518,0.09338273747434159,5.271620249036685,5.988942854234915
lab012,F3,2026-05-16 15:49:07,COLD->OFF,COLD,OFF,-7.38351271297601,0.09124351129277031,5.064583295481176,6.069886172628851
lab012,F3,2026-05-16 15:54:15,OFF->HOT,OFF,HOT,4.931848589521936,0.07182806839046663,5.857862413730497,5.7316619217488
lab012,F3,2026-05-16 15:58:18,HOT->OFF,HOT,OFF,6.575380750267103,0.06052196914875729,6.05453371331326,5.690493465838121
lab012,F3,2026-05-16 16:03:00,OFF->COLD,OFF,COLD,-4.837446229933316,0.05714667920790717,5.8796265427113275,5.517103205762908
lab012,F3,2026-05-16 16:05:19,COLD->OFF,COLD,OFF,-5.735283612682801,0.05575805951495881,5.7316619217488,5.72661946394649
lab012,F3,2026-05-16 16:10:47,OFF->HOT,OFF,HOT,4.086474308362371,0.029411958059524332,5.630561830354194,5.7132823998079
lab012,F3,2026-05-16 16:14:15,HOT->OFF,HOT,OFF,5.286401883881307,0.011224512785176444,5.525088778854896,5.858318389300402
lab012,F3,2026-05-16 16:18:28,OFF->COLD,OFF,COLD,-3.1367894431793366,0.00421710518176574,5.910285859522091,5.089413652008891
lab012,F3,2026-05-16 16:21:31,COLD->OFF,COLD,OFF,-3.767560046469847,0.005070165743513752,5.804443294474105,5.198914897316486
lab012,F3,2026-05-16 16:26:19,OFF->HOT,OFF,HOT,1.9425995594905816,-0.006543209442108011,5.806495326936475,5.259522696521952
lab012,F3,2026-05-16 16:30:07,HOT->OFF,HOT,OFF,3.7247818134269846,-0.01842278663013737,5.423558476124877,5.251679778315121
lab012,F3,2026-05-16 16:34:10,OFF->COLD,OFF,COLD,-3.6152363082719994,-0.0255491587202112,5.467136408713624,4.637367234890515
lab012,F3,2026-05-16 16:36:54,COLD->OFF,COLD,OFF,-4.157518496258906,-0.02594452236175719,5.257850177750153,5.340060627923402
lab012,F3,2026-05-16 16:42:11,OFF->HOT,OFF,HOT,4.522377616840113,-0.03489884197369158,4.985073166098985,5.541162345521341
lab012,F3,2026-05-16 16:45:35,HOT->OFF,HOT,OFF,3.991562117520208,-0.04142169685330081,4.826647278900196,5.712883618139233
lab012,F3,2026-05-16 16:50:17,OFF->COLD,OFF,COLD,-4.448040121000889,-0.03802192627496659,5.4815404853871295,5.344637914506722
lab012,F3,2026-05-16 16:53:06,COLD->OFF,COLD,OFF,-3.7764117234200762,-0.03247947327817684,5.623627305322432,5.541173243486655
lab012,F3,2026-05-16 16:58:09,OFF->HOT,OFF,HOT,4.7582119901705,-0.0304831190869514,5.705590097116435,5.604157717246888
lab012,F3,2026-05-16 17:01:22,HOT->OFF,HOT,OFF,4.418998401474296,-0.032041353798977566,5.344637914506722,5.747015065549774
lab012,F3,2026-05-16 17:06:34,OFF->COLD,OFF,COLD,-6.1707722494557276,-0.02334588417623351,5.545302818471281,5.8355168213373085
lab012,F3,2026-05-16 17:08:58,COLD->OFF,COLD,OFF,-8.18137517847878,-0.015533998505543068,5.6200688985331055,5.125968144067991
lab012,F3,2026-05-16 17:14:45,OFF->HOT,OFF,HOT,3.0384985146789676,-0.0118119941154891,5.587770685497665,3.7185301137331654
lab012,F3,2026-05-16 17:19:23,HOT->OFF,HOT,OFF,7.713542344622301,-0.022735603088450775,5.3836940452841855,3.622877528593882
lab012,F3,2026-05-16 17:28:09,OFF->COLD,OFF,COLD,-7.678051691191997,-0.00477842574108038,4.05202455393563,4.407551387035431
lab012,F3,2026-05-16 17:29:43,COLD->OFF,COLD,OFF,-6.202662599068008,0.0016341840697034343,3.5979770652095944,4.706932837942763
lab012,F3,2026-05-16 17:36:54,OFF->HOT,OFF,HOT,5.2701235074501565,0.010661553170458048,4.580595374044823,4.528857783677722
lab012,F3,2026-05-16 17:39:38,HOT->OFF,HOT,OFF,5.504198043195375,0.007790711537740691,4.4856592644634405,4.256770443593513
lab012,F3,2026-05-16 17:45:10,OFF->COLD,OFF,COLD,-4.9345063454087725,0.010481645552447814,4.825580734611067,4.473889225482762
lab012,F3,2026-05-16 17:47:19,COLD->OFF,COLD,OFF,-5.7011508093062755,0.01416672722779957,4.806229317860606,4.759565198176399
lab012,F3,2026-05-16 17:53:46,OFF->HOT,OFF,HOT,3.2932562610110296,0.017417113464323817,4.535029130904755,4.874076039125428
lab012,F3,2026-05-16 17:56:35,HOT->OFF,HOT,OFF,4.807392975293975,0.01418304684281715,4.485496477352015,5.0186237219169545
lab012,F3,2026-05-16 18:01:08,OFF->COLD,OFF,COLD,-3.4745158052502028,0.01060070989906734,5.040361890467533,4.869405961770044
lab012,F3,2026-05-16 18:03:16,COLD->OFF,COLD,OFF,-4.123226754879624,0.010183725994098225,5.1445809948115535,5.404654946938438
lab012,F3,2026-05-16 18:09:14,OFF->HOT,OFF,HOT,4.578054941291916,0.0022472141236157487,5.056202247640249,5.878960657655001
lab012,F3,2026-05-16 18:12:17,HOT->OFF,HOT,OFF,4.598767685696381,-0.002839886951565518,4.869405961770044,5.801605248712959
lab012,F3,2026-05-16 18:16:55,OFF->COLD,OFF,COLD,-5.1450445331779475,-0.002611176542781735,5.48299440053221,5.396407929708921
lab012,F3,2026-05-16 18:19:19,COLD->OFF,COLD,OFF,-6.183530131550423,0.0001258220945260292,6.001563149496365,5.340585718113657
lab012,F3,2026-05-16 18:25:16,OFF->HOT,OFF,HOT,4.5597100722921855,-0.0035555016320540033,5.818080517133519,5.022471247328405
lab012,F3,2026-05-16 18:28:20,HOT->OFF,HOT,OFF,6.5317066000334805,-0.010119348099426162,5.29393472724377,5.090828610701288
lab012,F3,2026-05-16 18:35:16,OFF->COLD,OFF,COLD,-6.1782032278239125,-0.0028022822834859796,5.03757527786726,4.30920866050762
lab012,F3,2026-05-16 18:37:45,COLD->OFF,COLD,OFF,-5.801239206108024,0.0047762093694810655,5.559794553820888,4.31697247123188
lab012,F3,2026-05-16 18:44:32,OFF->HOT,OFF,HOT,5.157842224085785,0.00661738039040678,4.817904796264538,4.843352001503135
lab012,F3,2026-05-16 18:47:15,HOT->OFF,HOT,OFF,4.653220206245255,0.0031931880873901975,4.222633763864263,4.706071775834974
lab012,F3,2026-05-16 18:52:18,OFF->COLD,OFF,COLD,-4.885369897827292,0.00510519544276562,4.8603645921706855,4.378232215476513
lab012,F3,2026-05-16 18:54:47,COLD->OFF,COLD,OFF,-4.787434501125473,0.009241606733211328,4.6215344911605944,4.989598710241231
lab012,F3,2026-05-16 19:01:38,OFF->HOT,OFF,HOT,5.010264460296332,0.00525611167494091,4.391180707850229,5.366595546218109
lab012,F3,2026-05-16 19:04:22,HOT->OFF,HOT,OFF,5.712181434959995,-0.0011520391152647132,4.315256206161097,4.898752847180662
lab012,F3,2026-05-16 19:08:45,OFF->COLD,OFF,COLD,-3.5169512442107433,-0.006952220176939506,5.309253184474975,3.820505651798634
lab012,F3,2026-05-16 19:11:19,COLD->OFF,COLD,OFF,-4.001555061890496,-0.0053397165928888764,5.2356043237411845,4.255064574441251
lab012,F3,2026-05-16 19:17:31,OFF->HOT,OFF,HOT,4.1320628472959875,-0.003588561416201586,4.234749692772156,4.852695940629665
lab012,F3,2026-05-16 19:20:19,HOT->OFF,HOT,OFF,3.735071473781769,-0.004503879001095256,3.6932397468164533,4.657902788092508
lab012,F3,2026-05-16 19:24:52,OFF->COLD,OFF,COLD,-4.025369163506649,-0.0025508560645683075,4.463330491014257,4.6649044823485895
lab012,F3,2026-05-16 19:27:41,COLD->OFF,COLD,OFF,-3.8534635574156937,0.001035135969668488,4.695063022723903,5.010530129640641
lab012,F3,2026-05-16 19:33:03,OFF->HOT,OFF,HOT,3.937650525910356,0.0001404338009724171,4.946630105825689,5.223438200240301
lab012,F3,2026-05-16 19:35:56,HOT->OFF,HOT,OFF,4.484559971741556,-0.0044072512876777385,4.827374055397226,5.16266693662025
lab012,F3,2026-05-16 19:40:39,OFF->COLD,OFF,COLD,-3.5950785131099634,-0.007710076814698753,4.992855505425549,4.856991267706496
lab012,F3,2026-05-16 19:43:03,COLD->OFF,COLD,OFF,-3.930592922576964,-0.007666403020637702,5.316394238977879,4.775332952402397
lab012,F3,2026-05-16 19:48:35,OFF->HOT,OFF,HOT,4.0657697669634185,-0.011119470286674015,5.067307735555993,4.478065404473001
lab012,F3,2026-05-16 19:51:38,HOT->OFF,HOT,OFF,4.1214462940015535,-0.013923071742003402,4.856991267706496,4.147914777347798
lab012,F3,2026-05-16 19:56:51,OFF->COLD,OFF,COLD,-4.073347562385221,-0.00909470820824154,4.625001892993702,3.8908474863401907
lab012,F3,2026-05-16 19:59:05,COLD->OFF,COLD,OFF,-6.522826973375706,-0.004031059844669827,4.241323051290633,3.8646797964838138
lab012,F3,2026-05-16 20:05:52,OFF->HOT,OFF,HOT,3.2374863148143396,-0.0021676503911031396,4.015445028881163,3.3930004794518136
lab012,F3,2026-05-16 20:09:20,HOT->OFF,HOT,OFF,7.705189320065008,-0.00919405794941994,3.948712356379632,4.588467476029439
lab012,F3,2026-05-16 20:17:50,OFF->COLD,OFF,COLD,-4.961257944945178,-0.0007606089787962865,3.430000412198586,3.9113216664993486
lab012,F3,2026-05-16 20:18:50,COLD->OFF,COLD,OFF,-6.6740089217959815,0.0028154049461708297,3.603316458530034,3.870629771732017
lab012,F3,2026-05-16 20:19:50,OFF->COLD,OFF,COLD,-5.972157819742762,0.006390119628956723,3.734076580976923,5.223399330125126
lab012,F3,2026-05-16 20:27:16,OFF->HOT,OFF,HOT,3.927922411602747,0.019605547009335568,3.911059772211943,6.326429679331535
lab012,F3,2026-05-16 20:29:49,HOT->OFF,HOT,OFF,3.2899864891271586,0.020320759202259706,3.870629771732017,5.371867673398643
lab012,F3,2026-05-16 20:32:48,OFF->COLD,OFF,COLD,-2.8258828014405695,0.02245089859614282,5.8722124576347685,4.450906386682452
lab012,F3,2026-05-16 20:35:12,COLD->OFF,COLD,OFF,-4.281150820382767,0.025114307978394024,6.191367724303214,4.944422905487208
lab012,F3,2026-05-16 20:41:34,OFF->HOT,OFF,HOT,2.4646212659302638,0.02395092802496812,4.687806465950816,5.155897461555147
lab012,F3,2026-05-16 20:44:17,HOT->OFF,HOT,OFF,3.4337692521899053,0.020199573898789326,4.247192818674212,4.805912220937907
lab012,F3,2026-05-16 20:47:21,OFF->COLD,OFF,COLD,-2.301626635303715,0.017452082961175466,5.18423876865055,4.027173555382841
lab012,F3,2026-05-16 20:49:40,COLD->OFF,COLD,OFF,-3.614623402504786,0.01661976714118154,5.222027471252372,5.252399835608297
lab012,F3,2026-05-16 20:56:41,OFF->HOT,OFF,HOT,3.488170973269934,0.007392437371305502,4.388581606691599,6.0973405477240075
lab012,F3,2026-05-16 20:59:20,HOT->OFF,HOT,OFF,3.74359963852036,0.0021075903691752246,3.7282873788685316,5.5263735894584
lab012,F3,2026-05-16 21:02:28,OFF->COLD,OFF,COLD,-2.6481832379299033,-0.0020275682189318175,5.5350496034148655,4.3796593450110555
lab012,F3,2026-05-16 21:05:47,COLD->OFF,COLD,OFF,-3.0051055148767043,-0.0031605087883626454,6.038376783815323,5.18262893263772
lab012,F3,2026-05-16 21:11:34,OFF->HOT,OFF,HOT,3.514265315384905,-0.010079895855333733,4.798090511632676,5.776019410327924
lab012,F3,2026-05-16 21:14:12,HOT->OFF,HOT,OFF,3.6604010376243434,-0.014405499899405073,4.072371486871616,4.978681345851643
lab012,F3,2026-05-16 21:17:21,OFF->COLD,OFF,COLD,-2.8468773315372164,-0.01657320077326041,4.909219708422118,4.323348634248185
lab012,F3,2026-05-16 21:20:24,COLD->OFF,COLD,OFF,-3.908241223108944,-0.01495718567318498,5.812037879505441,5.3366294993918935
lab012,F3,2026-05-16 21:27:01,OFF->HOT,OFF,HOT,3.732659412370996,-0.017391318692207135,4.879589971496479,5.968140326968939
lab012,F3,2026-05-16 21:29:35,HOT->OFF,HOT,OFF,4.480003736031984,-0.019516257358432654,4.04478729144268,4.952052409651877
lab012,F3,2026-05-16 21:32:48,OFF->COLD,OFF,COLD,-3.143641634201916,-0.019042549840538926,5.880369642581419,4.037413209780402
lab012,F3,2026-05-16 21:35:22,COLD->OFF,COLD,OFF,-3.5474037754874894,-0.016536215040141043,5.724536580238353,4.734666395012393
lab012,F3,2026-05-16 21:41:49,OFF->HOT,OFF,HOT,2.424654325881393,-0.011251562255779035,4.688596302634153,5.87062030697333
lab012,F3,2026-05-16 21:44:23,HOT->OFF,HOT,OFF,3.308457184978582,-0.009404950203574104,3.499201344664936,5.144811485858155
lab012,F3,2026-05-16 21:47:07,OFF->COLD,OFF,COLD,-2.63932459091856,-0.00631254750594863,5.179933731827304,4.169752249072056
lab012,F3,2026-05-16 21:49:50,COLD->OFF,COLD,OFF,-3.305919902691694,-0.0029385494636848357,5.747542408697602,4.910033361455646
lab012,F3,2026-05-16 21:55:52,OFF->HOT,OFF,HOT,2.630022081822254,-0.002283651686826361,5.06951073891328,5.156204642121639
lab012,F3,2026-05-16 21:58:41,HOT->OFF,HOT,OFF,3.7676932816964928,-0.003625232318653103,3.9135914354178616,4.7101025497268125
lab012,F3,2026-05-16 22:02:14,OFF->COLD,OFF,COLD,-3.772253227428341,-0.0011392296620062574,5.25218939402409,4.401933881523384
lab012,F3,2026-05-16 22:05:27,COLD->OFF,COLD,OFF,-2.8557705089987566,0.0023801675078640745,5.137338368365195,5.6737874793654814
lab012,F3,2026-05-16 22:11:15,OFF->HOT,OFF,HOT,3.6877070279913062,0.0004562625889857237,4.677248682387196,6.13324201536325
lab012,F3,2026-05-16 22:13:48,HOT->OFF,HOT,OFF,4.668903226301993,-0.0024709501922188792,4.229493822435912,5.291753114865407
lab012,F3,2026-05-16 22:17:07,OFF->COLD,OFF,COLD,-2.172143956582909,-0.0037141641941147423,5.424692127070241,4.347268706826165
lab012,F3,2026-05-16 22:20:05,COLD->OFF,COLD,OFF,-1.8435848305139038,-0.0020847123072510257,5.806568320700068,5.192011622613214
lab012,F3,2026-05-16 22:26:02,OFF->HOT,OFF,HOT,3.3753336618458136,-0.0005586469085059748,4.835048079084837,5.852555469429411
lab012,F3,2026-05-16 22:29:01,HOT->OFF,HOT,OFF,2.9226326659796076,0.0001044553387256307,4.271942859276876,5.177579567221974
lab012,F3,2026-05-16 22:32:04,OFF->COLD,OFF,COLD,-3.9664657188412358,0.003955418323443637,5.372552269509758,4.637132997306306
lab012,F3,2026-05-16 22:35:28,COLD->OFF,COLD,OFF,-3.8482067272634533,0.010337001334632489,5.662012715941748,5.523690148328886
lab012,F3,2026-05-16 22:41:15,OFF->HOT,OFF,HOT,3.85782089324206,0.010605668975735227,5.23076176909946,5.573935434989117
lab012,F3,2026-05-16 22:43:59,HOT->OFF,HOT,OFF,3.87135852253423,0.007198969616299068,4.927813242021783,4.915770940683934
lab012,F3,2026-05-16 22:47:32,OFF->COLD,OFF,COLD,-2.9429484426546244,0.0058235243637472685,5.674339637431109,4.087683641260536
lab012,F3,2026-05-16 22:50:46,COLD->OFF,COLD,OFF,-2.4203467397742875,0.007302101445901243,5.163534181516855,5.652016172510396
lab012,F3,2026-05-16 22:56:13,OFF->HOT,OFF,HOT,4.096071049978278,0.0055784948363918115,4.898705527992554,6.267198639600073
lab012,F3,2026-05-16 22:58:57,HOT->OFF,HOT,OFF,3.3948706926633334,0.0035600802338009883,4.204288634703515,5.146283159451683
lab012,F3,2026-05-16 23:02:00,OFF->COLD,OFF,COLD,-2.708310635636477,0.0038067833424669574,5.699314531976809,4.414342784611611
lab012,F3,2026-05-16 23:05:14,COLD->OFF,COLD,OFF,-3.4651935403455973,0.006378654540444373,6.280955272935187,5.511275350224146
lab012,F3,2026-05-16 23:10:56,OFF->HOT,OFF,HOT,3.493965343143495,0.004903807866136489,4.775436745239394,6.158398363553613
lab012,F3,2026-05-16 23:13:40,HOT->OFF,HOT,OFF,3.9219863518220777,0.003004893857014323,4.733174935328443,5.518400851367038
lab012,F3,2026-05-16 23:16:48,OFF->COLD,OFF,COLD,-3.2967266979932486,0.004090013503215672,5.879729408220708,4.36337365477537
lab012,F3,2026-05-16 23:20:22,COLD->OFF,COLD,OFF,-2.386093868194321,0.008547736906031389,6.15987168744904,5.59315778103245
lab012,F3,2026-05-16 23:25:20,OFF->HOT,OFF,HOT,1.7239566424016741,0.00886559897633461,5.4892121248506704,5.26325379752349
lab012,F3,2026-05-16 23:27:58,HOT->OFF,HOT,OFF,2.6654524501894334,0.005380394638941867,4.422892942987666,4.4627436488987815
lab012,F3,2026-05-16 23:30:47,OFF->COLD,OFF,COLD,-2.0397633121171825,0.0022149361440298772,4.942923374701446,3.977604150556963
lab012,F3,2026-05-16 23:33:41,COLD->OFF,COLD,OFF,-1.1178017501859316,-0.0007171452020820375,5.033000108730012,5.417913433100184
lab012,F3,2026-05-16 23:39:28,OFF->HOT,OFF,HOT,4.1473591158820575,-0.008796952140174953,4.3504879961524585,6.098433527711981
lab012,F3,2026-05-16 23:41:57,HOT->OFF,HOT,OFF,2.8279073602152343,-0.011784951022703183,3.8072321963025844,5.339955954630352
lab012,F3,2026-05-16 23:44:50,OFF->COLD,OFF,COLD,-3.023530730490313,-0.01200026177123803,5.417913433100184,4.49409504600805
lab012,F3,2026-05-16 23:48:34,COLD->OFF,COLD,OFF,-2.413125448316032,-0.008367701423658858,6.041160053308087,5.981376437492253
lab012,F3,2026-05-16 23:53:22,OFF->HOT,OFF,HOT,1.6849715443166748,-0.005205935732232092,4.970670314830515,5.840604363204698
lab012,F3,2026-05-16 23:56:00,HOT->OFF,HOT,OFF,3.637221856693696,-0.004968643213853952,4.534844614950421,5.257987103149401
lab012,F3,2026-05-16 23:58:54,OFF->COLD,OFF,COLD,-2.262934550595287,-0.003228124828913081,5.8646480106978585,4.431770285522354
lab012,F3,2026-05-17 00:02:17,COLD->OFF,COLD,OFF,-2.116433302335301,0.00022779562075356816,5.972306002874857,5.461296366445069
lab012,F3,2026-05-17 00:08:10,OFF->HOT,OFF,HOT,3.359585917720857,0.0009646991418030382,4.701612686528506,6.238595482528914
lab012,F3,2026-05-17 00:10:39,HOT->OFF,HOT,OFF,4.402982690281879,-0.0006241200052915729,3.9190378438722577,5.4101819554367525
lab012,F3,2026-05-17 00:13:47,OFF->COLD,OFF,COLD,-2.433668078465645,-0.0005693080807287034,5.416874713569202,4.229948485942124
lab012,F3,2026-05-17 00:16:51,COLD->OFF,COLD,OFF,-3.154261087519816,0.00158148796579205,6.11517731358019,4.922593280852824
lab012,F3,2026-05-17 00:23:18,OFF->HOT,OFF,HOT,2.908001966693984,0.0005132272968012331,5.014505596162873,5.609049744809077
lab012,F3,2026-05-17 00:25:37,HOT->OFF,HOT,OFF,4.854454971286191,-0.0017614433985588816,3.921158089146506,4.741886541590501
lab012,F3,2026-05-17 00:29:05,OFF->COLD,OFF,COLD,-2.129768345702227,-0.0034267454914303384,4.948645800733995,3.8968792166518558
lab012,F3,2026-05-17 00:31:59,COLD->OFF,COLD,OFF,-1.248714800773644,-0.003199614226653935,5.395458568493572,5.261949000367604
lab012,F3,2026-05-17 00:38:06,OFF->HOT,OFF,HOT,3.4473936708668673,-0.006437896614922778,4.4090505458683245,6.382087390505596
lab012,F3,2026-05-17 00:40:45,HOT->OFF,HOT,OFF,4.143709593227323,-0.008066711441669839,3.908947506820832,5.156482118284856
lab012,F3,2026-05-17 00:43:39,OFF->COLD,OFF,COLD,-2.6267073316934626,-0.006959097438455331,5.350862667851217,4.140752893793221
lab012,F3,2026-05-17 00:46:52,COLD->OFF,COLD,OFF,-1.9670223404321145,-0.0034582283429838157,5.980457315643822,5.143434228326554
lab012,F3,2026-05-17 00:52:25,OFF->HOT,OFF,HOT,1.4703380374623274,-0.0007101037328570911,4.889433819500495,5.661296242966782
lab012,F3,2026-05-17 00:55:08,HOT->OFF,HOT,OFF,4.068781072976664,-0.0006917754746574196,3.641086853712354,5.142001493714234
lab012,F3,2026-05-17 00:58:07,OFF->COLD,OFF,COLD,-2.285118933114925,0.0009220614590216055,4.849001695620043,4.007334202114124
lab012,F3,2026-05-17 01:00:56,COLD->OFF,COLD,OFF,-3.078304335144713,0.0049423644328889784,5.528536620558966,4.810136332013245
lab012,F3,2026-05-17 01:07:58,OFF->HOT,OFF,HOT,3.600559695671813,0.005936023794935963,4.47518043338587,5.764911603610767
lab012,F3,2026-05-17 01:10:22,HOT->OFF,HOT,OFF,3.7811833646277995,0.003915612703332983,3.650811758367176,4.8814836032418025
lab012,F3,2026-05-17 01:13:36,OFF->COLD,OFF,COLD,-2.860719220026435,0.0029950113226188788,4.627115210995269,4.184033912970336
lab012,F3,2026-05-17 01:17:09,COLD->OFF,COLD,OFF,-1.842320888812123,0.004130803385915272,5.6597604268055255,5.4271451858763164
lab012,F3,2026-05-17 01:22:42,OFF->HOT,OFF,HOT,3.7576039860144355,0.0006453535479966632,4.74539620953254,6.098970527607324
lab012,F3,2026-05-17 01:25:10,HOT->OFF,HOT,OFF,4.562133600031161,-0.002056998183490322,3.920764103537419,5.356517126535095
lab012,F3,2026-05-17 01:28:29,OFF->COLD,OFF,COLD,-2.0127325902959483,-0.0026842847928751465,5.037514486191004,3.893002418512947
lab012,F3,2026-05-17 01:31:38,COLD->OFF,COLD,OFF,-3.85940476373572,-0.000362829622971006,6.18117813878288,4.667925039661006
lab012,F3,2026-05-17 01:38:14,OFF->HOT,OFF,HOT,3.4476005197028607,-0.001740476381270284,4.501937523478087,5.479730649879414
lab012,F3,2026-05-17 01:40:33,HOT->OFF,HOT,OFF,4.175728778443665,-0.003913390837608688,3.491140136013831,4.17751403794547
lab012,F3,2026-05-17 01:43:47,OFF->COLD,OFF,COLD,-1.848011327628961,-0.004935611669528939,4.886166721281819,3.254881402526632
lab012,F3,2026-05-17 01:45:56,COLD->OFF,COLD,OFF,-2.6851541422355627,-0.0037561674488248544,5.226110605102512,3.7486922329842596
lab012,F3,2026-05-17 01:53:33,OFF->HOT,OFF,HOT,1.8830659458118855,-0.0025442270383472017,3.529630860063126,4.647713565849589
lab012,F3,2026-05-17 01:55:47,HOT->OFF,HOT,OFF,2.7917905540131875,-0.002828162372621179,2.870180535032744,4.631633076374715
lab012,F3,2026-05-17 01:58:55,OFF->COLD,OFF,COLD,-2.872313498105356,-0.0003080599568505704,4.530444135614467,3.734747427223458
lab012,F3,2026-05-17 02:01:44,COLD->OFF,COLD,OFF,-2.7086740597295167,0.003564390350995694,5.128557157137107,4.81725609885738
lab012,F3,2026-05-17 02:08:11,OFF->HOT,OFF,HOT,2.3512398726706407,0.006807136978578399,4.129032048427828,5.40979205361636
lab012,F3,2026-05-17 02:10:35,HOT->OFF,HOT,OFF,3.653857971720349,0.006267303934554391,3.359103368530182,4.990994820437629
lab012,F3,2026-05-17 02:13:39,OFF->COLD,OFF,COLD,-2.2413015156710663,0.007194616388114738,4.980407294546918,3.5855772336945604
lab012,F3,2026-05-17 02:16:18,COLD->OFF,COLD,OFF,-3.1682731057326285,0.009121043910726457,5.354767570610481,4.688352785223484
lab012,F3,2026-05-17 02:23:24,OFF->HOT,OFF,HOT,3.4533529718510487,0.006056804624802226,4.212601049162777,5.332872002013438
lab012,F3,2026-05-17 02:25:38,HOT->OFF,HOT,OFF,3.4420186074315757,0.0032106622375689398,3.2665240210617474,4.679998050602074
lab012,F3,2026-05-17 02:28:42,OFF->COLD,OFF,COLD,-2.2601007043923667,0.001356177860492025,4.653692405746016,3.71389235258535
lab012,F3,2026-05-17 02:31:36,COLD->OFF,COLD,OFF,-3.07624273270733,0.0017091150900455428,5.28175849701852,4.699652282171857
lab012,F3,2026-05-17 02:38:23,OFF->HOT,OFF,HOT,3.276549827559404,-0.0031512524384556435,4.217413965272754,5.5898206903573735
lab012,F3,2026-05-17 02:40:37,HOT->OFF,HOT,OFF,3.8549400548766632,-0.005566318039882034,3.4874949640536883,5.076029893339289
lab012,F3,2026-05-17 02:43:55,OFF->COLD,OFF,COLD,-2.427358446145573,-0.007201426710402714,4.83970575846892,3.964535467606191
lab012,F3,2026-05-17 02:46:34,COLD->OFF,COLD,OFF,-3.0998359726281945,-0.005636924351022187,5.446190012544214,4.804453337981138
lab012,F3,2026-05-17 02:53:07,OFF->HOT,OFF,HOT,2.1438327671605504,-0.005225615375521286,4.629720266400119,5.512308838478323
lab012,F3,2026-05-17 02:55:35,HOT->OFF,HOT,OFF,3.781295135754366,-0.006231232734865699,3.526468795568645,4.712351582439246
lab012,F3,2026-05-17 02:58:09,OFF->COLD,OFF,COLD,-2.314708947387939,-0.006303675035676548,5.103296152999898,3.843802652185947
lab012,F3,2026-05-17 03:01:18,COLD->OFF,COLD,OFF,-2.606111711867656,-0.005539159116377234,5.557188448543589,4.74333318339113
lab012,F3,2026-05-17 03:07:50,OFF->HOT,OFF,HOT,4.59110860361645,-0.00955203230673547,4.489100287359583,6.1569557530714825
lab012,F3,2026-05-17 03:10:19,HOT->OFF,HOT,OFF,3.391597776042345,-0.011013537608405243,3.482687597354669,6.53205329144873
lab012,F3,2026-05-17 03:13:12,OFF->COLD,OFF,COLD,-3.508009570873715,-0.009038710944209428,5.20362234729496,5.4423410310520435
lab012,F3,2026-05-17 03:16:06,COLD->OFF,COLD,OFF,-4.309665590957895,-0.004298129335436939,6.103532452665129,3.840356351360678
lab012,F3,2026-05-17 03:23:03,OFF->HOT,OFF,HOT,2.4518940556462194,0.0012367447292440659,4.648212195753622,5.106155037735101
lab012,F3,2026-05-17 03:25:27,HOT->OFF,HOT,OFF,3.4496092007903587,0.0005554248064925105,3.426296103254114,5.361836435942198
lab012,F3,2026-05-17 03:28:46,OFF->COLD,OFF,COLD,-2.958343983367974,0.0012511996513421067,4.510155782780812,4.295141256241712
lab012,F3,2026-05-17 03:32:14,COLD->OFF,COLD,OFF,-2.2079628711665236,0.0036847891245017205,5.730923660576209,5.549423418325121
lab012,F3,2026-05-17 03:37:42,OFF->HOT,OFF,HOT,2.971607589080299,0.0026975326490497054,4.62405865504963,5.8369399354821345
lab012,F3,2026-05-17 03:40:11,HOT->OFF,HOT,OFF,2.6765098559052527,0.0012595469948603714,3.959312270598487,5.153874943170048
lab012,F3,2026-05-17 03:42:45,OFF->COLD,OFF,COLD,-1.9019067831688106,0.00153488729069764,5.503002304940099,3.7182604596551663
lab012,F3,2026-05-17 03:45:28,COLD->OFF,COLD,OFF,-2.4310642036698775,0.004023803526043323,6.257957984285055,5.3656466772560645
lab012,F3,2026-05-17 03:52:25,OFF->HOT,OFF,HOT,2.7922128882939896,0.0060235759439400734,4.413830249287525,6.056736544314532
lab012,F3,2026-05-17 03:54:29,HOT->OFF,HOT,OFF,3.531000295515648,0.004962621759927188,3.4436394301002795,4.70825431954613
lab012,F3,2026-05-17 03:56:39,OFF->COLD,OFF,COLD,-1.5449326974488553,0.004305875298838302,5.311659271137655,3.5763782673693805
lab012,F3,2026-05-17 03:59:32,COLD->OFF,COLD,OFF,-2.6452005373388605,0.0048635069442848795,6.13359465386154,3.881257185451208
lab012,F3,2026-05-17 04:07:04,OFF->HOT,OFF,HOT,3.3816145449559984,0.0018493088802635784,3.324709564945718,5.634367390069094
lab012,F3,2026-05-17 04:08:58,HOT->OFF,HOT,OFF,3.31556244589666,0.0006074146033625994,2.7647603160672793,4.562851939947337
lab012,F3,2026-05-17 04:11:42,OFF->COLD,OFF,COLD,-1.9231643221674892,0.0011823343954915802,4.208889578279354,3.7360092654641965
lab012,F3,2026-05-17 04:14:16,COLD->OFF,COLD,OFF,-3.634376622956494,0.003363219691991404,5.535255917765924,3.907453653236125
lab012,F3,2026-05-17 04:21:33,OFF->HOT,OFF,HOT,3.703420654192852,0.002899398324465708,4.19192239240038,5.792296163485319
lab012,F3,2026-05-17 04:23:32,HOT->OFF,HOT,OFF,4.414150185990227,0.0007738328893566399,3.431470901306259,4.7787140465219595
lab012,F3,2026-05-17 04:26:16,OFF->COLD,OFF,COLD,-0.8120387123672554,-0.0010385201564925952,4.327813078273785,3.4318564969764154
lab012,F3,2026-05-17 04:29:04,COLD->OFF,COLD,OFF,-1.2317896344521617,-0.0009862572641356595,5.5313403986791325,4.844575391431333
lab012,F3,2026-05-17 04:35:56,OFF->HOT,OFF,HOT,3.4007389899752996,-0.0023838450667920345,4.073923838189932,5.464838081281727
lab012,F3,2026-05-17 04:37:46,HOT->OFF,HOT,OFF,3.0172691898347774,-0.0030574410910929823,3.498382040652961,4.710961934097535
lab012,F3,2026-05-17 04:40:59,OFF->COLD,OFF,COLD,-2.284303597237549,-0.0022689060002488047,5.143326630178471,3.287786252822919
lab012,F3,2026-05-17 04:44:03,COLD->OFF,COLD,OFF,-2.7190648954501007,0.001338267517981961,5.533531337777924,4.7753058947877305
lab012,F3,2026-05-17 04:51:15,OFF->HOT,OFF,HOT,3.2878798926423647,0.005095839972275939,3.3731721629045044,5.369569396320811
lab012,F3,2026-05-17 04:53:09,HOT->OFF,HOT,OFF,3.076937804386269,0.005139602535780696,2.802431333823161,4.6456648514609755
lab012,F3,2026-05-17 04:56:18,OFF->COLD,OFF,COLD,-2.8496161124550854,0.006128916158442622,4.865515308075749,3.618928946652592
lab012,F3,2026-05-17 04:59:36,COLD->OFF,COLD,OFF,-2.330989725308521,0.008391711011028135,4.7299896715335406,4.989299360106772
lab012,F3,2026-05-17 05:05:29,OFF->HOT,OFF,HOT,2.582678510762479,0.00565339315633011,4.237290498027916,4.905987956241889
lab012,F3,2026-05-17 05:07:38,HOT->OFF,HOT,OFF,2.4480462347733183,0.0033199988113203453,3.4632198271929147,4.08587879335109
lab012,F3,2026-05-17 05:10:12,OFF->COLD,OFF,COLD,-1.8236069408347726,0.0011155225418399105,5.049721595982525,3.375246721226699
lab012,F3,2026-05-17 05:12:56,COLD->OFF,COLD,OFF,-1.3018090190222162,-0.001682694768400595,4.582291447162021,3.3385132964138693
lab012,F3,2026-05-17 05:20:27,OFF->HOT,OFF,HOT,3.072413244781611,-0.016078542825297505,3.4006560530953616,5.250366817254926
lab012,F3,2026-05-17 05:22:26,HOT->OFF,HOT,OFF,2.8233060404938675,-0.019029126245409603,2.8154735746242667,4.389786609910992
lab012,F3,2026-05-17 05:25:15,OFF->COLD,OFF,COLD,-2.4049991276960547,-0.020549548778000925,4.998350494443047,3.3150735126080093
lab012,F3,2026-05-17 05:28:53,COLD->OFF,COLD,OFF,0.5623255785634877,-0.018965942458968855,4.526092795889029,5.881397559699139
lab012,F3,2026-05-17 05:34:16,OFF->HOT,OFF,HOT,2.003201100636631,-0.016764313734350722,4.100351487812949,4.737801695637073
lab012,F3,2026-05-17 05:36:35,HOT->OFF,HOT,OFF,1.728123484488163,-0.015175509294121524,3.3098416397349846,4.122233481268926
lab012,F3,2026-05-17 05:39:29,OFF->COLD,OFF,COLD,-3.1009133298813367,-0.010580519516463128,4.96869474497301,2.965828966347787
lab012,F3,2026-05-17 05:43:07,COLD->OFF,COLD,OFF,-4.849251654882347,-0.003337850564957636,5.777471512981274,3.847657066708231
lab012,F3,2026-05-17 05:50:29,OFF->HOT,OFF,HOT,4.759281073938313,0.002115647103656571,2.965828966347787,6.27241664541775
lab012,F3,2026-05-17 05:52:28,HOT->OFF,HOT,OFF,3.7212814245409946,0.0023471691083269512,3.148688533837489,5.297818831720049
lab012,F3,2026-05-17 05:54:57,OFF->COLD,OFF,COLD,-1.809239652133098,0.004090619981797872,4.363389048701789,4.0177101421520405
lab012,F3,2026-05-17 05:58:11,COLD->OFF,COLD,OFF,-3.2362077871004113,0.008123455442047244,6.00554317015926,5.058590378944794
lab012,F3,2026-05-17 06:05:08,OFF->HOT,OFF,HOT,3.581192913790229,0.009803145289714975,4.356325838295926,6.114647626043791
lab012,F3,2026-05-17 06:07:07,HOT->OFF,HOT,OFF,4.365780738487867,0.009453173187309006,3.473963138707896,5.535606784269303
lab012,F3,2026-05-17 06:09:46,OFF->COLD,OFF,COLD,-1.7252475877608333,0.010408373138443849,4.720891196843982,4.215868545701457
lab012,F3,2026-05-17 06:13:59,COLD->OFF,COLD,OFF,-3.2284137484576547,0.01446267835441617,6.253019213360663,4.753539167200674
lab012,F3,2026-05-17 06:20:36,OFF->HOT,OFF,HOT,3.450726667295015,0.01012898900040078,4.285488906221083,5.826671098762395
lab012,F3,2026-05-17 06:22:40,HOT->OFF,HOT,OFF,3.6521659228411654,0.0063698982185400165,3.661407309327451,4.754306567475618
lab012,F3,2026-05-17 06:25:04,OFF->COLD,OFF,COLD,-1.13673589176211,0.0036330245071013673,4.753539167200674,3.638686856622484
lab012,F3,2026-05-17 06:27:28,COLD->OFF,COLD,OFF,-2.1424138260617984,0.0021409200272138667,5.927404161356926,4.538553904001507
lab012,F3,2026-05-17 06:35:30,OFF->HOT,OFF,HOT,5.352187618828015,-0.006834028365449641,3.3178699243925354,6.385785354852389
lab012,F3,2026-05-17 06:37:44,HOT->OFF,HOT,OFF,3.6940917962124327,-0.009116074940386553,2.830325162003791,5.025881114824954
lab012,F3,2026-05-17 06:40:38,OFF->COLD,OFF,COLD,-3.1786347629338154,-0.008304116719598654,5.819732565550934,3.469434127949819
lab012,F3,2026-05-17 06:44:16,COLD->OFF,COLD,OFF,-1.6752966154525548,-0.0034324768633393174,4.830432619509135,4.99009442153717
lab012,F3,2026-05-17 06:50:48,OFF->HOT,OFF,HOT,3.507739507521655,0.0009339321797160238,3.8151900375009333,5.850018005781998
lab012,F3,2026-05-17 06:52:57,HOT->OFF,HOT,OFF,2.499371991414536,0.0010376369665955564,2.930202587292625,3.865228246831573
lab012,F3,2026-05-17 06:55:31,OFF->COLD,OFF,COLD,-1.7205827527058135,0.0022465651959915787,4.252959269343278,3.7887715713268926
lab012,F3,2026-05-17 06:59:24,COLD->OFF,COLD,OFF,-1.0290105080650185,0.005923732332371046,4.853132630627473,5.060596622111467
lab012,F3,2026-05-17 07:05:22,OFF->HOT,OFF,HOT,3.3849692650994045,0.005401927854994426,4.276150130810098,5.624341329394833
lab012,F3,2026-05-17 07:07:31,HOT->OFF,HOT,OFF,3.542711948633977,0.003635046689026566,3.3649943926898493,4.734618300995514
lab012,F3,2026-05-17 07:10:00,OFF->COLD,OFF,COLD,-1.1841939197261069,0.002455635884017227,4.28567325418649,3.6328351553560676
lab012,F3,2026-05-17 07:13:08,COLD->OFF,COLD,OFF,-2.8273161428587223,0.002499498318149663,5.526323697729352,4.675501095323808
lab012,F3,2026-05-17 07:19:51,OFF->HOT,OFF,HOT,3.2751062910472366,-3.365389181695343e-05,4.408086373019347,5.837376894093122
lab012,F3,2026-05-17 07:21:55,HOT->OFF,HOT,OFF,1.9938152923208616,-0.0013482989035463067,3.1275575345458733,4.296448408932087
lab012,F3,2026-05-17 07:24:39,OFF->COLD,OFF,COLD,-2.7463208062151376,-0.001482257709384172,5.4341956962502085,3.7164792773916737
lab012,F3,2026-05-17 07:28:22,COLD->OFF,COLD,OFF,-0.8842920825426515,-0.0011526466243626746,4.820624626540527,5.409322861215076
lab012,F3,2026-05-17 07:34:30,OFF->HOT,OFF,HOT,3.0955836522923397,-0.0072495744185967935,4.113286249073986,5.2985825968969475
lab012,F3,2026-05-17 07:36:39,HOT->OFF,HOT,OFF,2.6407461580470253,-0.00951241679271746,3.375067878313332,4.7098372706270855
lab012,F3,2026-05-17 07:39:03,OFF->COLD,OFF,COLD,-1.5156049424842002,-0.009830989545887547,4.57842281444374,3.767997992156152
lab012,F3,2026-05-17 07:42:36,COLD->OFF,COLD,OFF,-1.478855387409944,-0.007342351174850492,5.133174703776546,4.903267791419348
lab012,F3,2026-05-17 07:48:24,OFF->HOT,OFF,HOT,2.882584251264059,-0.0040859813173909736,3.6955622105087103,5.068311403043723
lab012,F3,2026-05-17 07:50:48,HOT->OFF,HOT,OFF,2.3772445811021194,-0.003480474078653728,3.2455838613169954,3.9923072670575355
lab012,F3,2026-05-17 07:53:07,OFF->COLD,OFF,COLD,-1.812057828544453,-0.0023252305285680567,4.8329632052817155,2.8344700329426566
lab012,F3,2026-05-17 07:56:30,COLD->OFF,COLD,OFF,-2.496824056822544,0.00048094399478948446,4.924893409585606,4.74752340529486
lab012,F3,2026-05-17 08:03:17,OFF->HOT,OFF,HOT,2.1322819128033816,-0.0019594379674842347,3.983401124396005,4.571624773191014
lab012,F3,2026-05-17 08:05:27,HOT->OFF,HOT,OFF,3.4146444051369778,-0.003918521002176689,2.987398941491113,4.6842893558889
lab012,F3,2026-05-17 08:08:10,OFF->COLD,OFF,COLD,-0.9040577756690857,-0.004426483931004555,3.801019539458211,3.3993619280186755
lab012,F3,2026-05-17 08:12:09,COLD->OFF,COLD,OFF,-0.9420404249275408,-0.0024609241726540896,4.353924955922826,4.313877037247263
lab012,F3,2026-05-17 08:17:41,OFF->HOT,OFF,HOT,1.7179508243498907,-0.0008770486057471782,4.213230789469491,5.638743343406065
lab012,F3,2026-05-17 08:19:46,HOT->OFF,HOT,OFF,1.5956206257886763,-0.0004394743166489679,3.3067986760065065,4.6813032480161825
lab012,F3,2026-05-17 08:22:15,OFF->COLD,OFF,COLD,-1.6075857862147835,0.0015505590935291028,4.127998556176321,3.539211419292113
lab012,F3,2026-05-17 08:25:18,COLD->OFF,COLD,OFF,-2.0503934779948074,0.004739480626871995,4.360052619281977,5.028904439903416
lab012,F3,2026-05-17 08:32:15,OFF->HOT,OFF,HOT,3.9395844364543535,0.00497110698548724,3.89103472742354,5.706598898833987
lab012,F3,2026-05-17 08:34:39,HOT->OFF,HOT,OFF,2.574556475187499,0.004014412642327869,3.0492229130431503,4.187392026226742
lab012,F3,2026-05-17 08:36:48,OFF->COLD,OFF,COLD,-1.2636293135405103,0.004694044134974007,4.666734189508061,3.3968454686874487
lab012,F3,2026-05-17 08:40:56,COLD->OFF,COLD,OFF,-2.8584282244641566,0.008603859558877148,4.554760257766432,3.8510053481366495
lab012,F3,2026-05-17 08:47:14,OFF->HOT,OFF,HOT,2.3241294785454607,0.007565751440124656,3.8420972254885064,5.242499162893746
lab012,F3,2026-05-17 08:49:18,HOT->OFF,HOT,OFF,2.7575845970610424,0.005730780694132066,2.9544557734574752,4.419413329164376
lab012,F3,2026-05-17 08:51:27,OFF->COLD,OFF,COLD,-1.0451424044912905,0.004554565992163261,4.558400970245639,3.400989749002046
lab012,F3,2026-05-17 08:55:31,COLD->OFF,COLD,OFF,-2.6902086550667894,0.00433799247221991,4.8827660619752,4.567258176338246
lab012,F3,2026-05-17 09:03:37,OFF->HOT,OFF,HOT,5.515603053702057,-0.008626149559778185,2.9432063884089525,6.47929831691303
lab012,F3,2026-05-17 09:05:36,HOT->OFF,HOT,OFF,4.05100047587454,-0.012874917659453899,2.93391316951098,5.399307094586072
lab012,F3,2026-05-17 09:08:01,OFF->COLD,OFF,COLD,-1.8311179068734014,-0.015846880222292727,4.997390947771252,3.7760552857238667
lab012,F3,2026-05-17 09:10:34,COLD->OFF,COLD,OFF,-4.180806256351446,-0.016187549370804178,6.358456369522139,3.729925722916025
lab012,F3,2026-05-17 09:17:27,OFF->HOT,OFF,HOT,3.1919223659653864,-0.017189130194441658,4.786190709033858,5.290201067432374
lab012,F3,2026-05-17 09:20:15,HOT->OFF,HOT,OFF,4.868708129023686,-0.017032055786339484,3.0586281642088315,4.5455216898745405
lab012,F3,2026-05-17 09:24:58,OFF->COLD,OFF,COLD,-4.090526839631634,-0.006329670648311846,4.610907005819032,3.5973795851123227
lab012,F3,2026-05-17 09:27:47,COLD->OFF,COLD,OFF,-5.017135574672569,0.004357459812432296,5.097619874188033,4.524715981573131
lab012,F3,2026-05-17 09:35:54,OFF->HOT,OFF,HOT,3.7129216862261667,0.017302045286747968,3.5973795851123227,5.29577126577979
lab012,F3,2026-05-17 09:37:58,HOT->OFF,HOT,OFF,2.9818483001186187,0.016094640905976832,3.3997728561301446,4.1477095983316765
lab012,F3,2026-05-17 09:40:17,OFF->COLD,OFF,COLD,-1.6925276184858036,0.01511348624567752,5.03983054918146,3.8311293692438255
lab012,F3,2026-05-17 09:43:36,COLD->OFF,COLD,OFF,-0.7688528932661719,0.014418239496180974,4.558518466924974,4.99931106211561
lab012,F3,2026-05-17 09:49:43,OFF->HOT,OFF,HOT,3.27260724378478,0.009248822275077728,4.202563073411796,5.472173266642679
lab012,F3,2026-05-17 09:52:12,HOT->OFF,HOT,OFF,2.5990606227041644,0.006429513685140619,3.4622215446755624,3.7994020567319633
lab012,F3,2026-05-17 09:54:36,OFF->COLD,OFF,COLD,-1.5842187901153795,0.005053233415846136,4.99931106211561,3.573839448835505
lab012,F3,2026-05-17 09:58:49,COLD->OFF,COLD,OFF,-1.6291062547191908,0.004085083970053206,5.550942864018637,5.344384999712775
lab012,F3,2026-05-17 10:04:47,OFF->HOT,OFF,HOT,3.5907574435081404,-0.0031345920041612636,3.8333150162197422,5.691710217833321
lab012,F3,2026-05-17 10:07:01,HOT->OFF,HOT,OFF,3.4193776225243484,-0.006096341267841155,3.132250571209737,4.409569193396357
lab012,F3,2026-05-17 10:09:55,OFF->COLD,OFF,COLD,-2.3145792149535858,-0.006696487220424529,4.923012654624424,3.7722876074678435
lab012,F3,2026-05-17 10:14:28,COLD->OFF,COLD,OFF,-2.045557594256473,-0.0035628349071910037,6.050650088178653,5.62246778252281
lab012,F3,2026-05-17 10:19:16,OFF->HOT,OFF,HOT,1.7230953788298764,-0.004251121077327014,4.580428371777085,5.099990588972841
lab012,F3,2026-05-17 10:22:00,HOT->OFF,HOT,OFF,3.837128117495225,-0.006097666992049255,3.4451681846154476,4.330365771319987
lab012,F3,2026-05-17 10:24:49,OFF->COLD,OFF,COLD,-1.6588158247875564,-0.005762507461073696,5.280568292888918,3.369213614494048
lab012,F3,2026-05-17 10:29:17,COLD->OFF,COLD,OFF,-0.4390302311748041,-0.0019253874321425004,5.139586394079165,5.214344159176688
lab012,F3,2026-05-17 10:34:54,OFF->HOT,OFF,HOT,3.632653650290889,-0.0028132537950323667,3.650425453115879,5.495548247677166
lab012,F3,2026-05-17 10:37:09,HOT->OFF,HOT,OFF,3.6742604735450226,-0.004304585371216163,3.0393618726952023,4.652527370787506
lab012,F3,2026-05-17 10:39:53,OFF->COLD,OFF,COLD,-1.9974019423435518,-0.004290455851937125,5.206329942124056,3.267561438610778
lab012,F3,2026-05-17 10:43:21,COLD->OFF,COLD,OFF,-2.426637285552989,-0.0016788639384323289,5.522107671271653,4.484254850760422
lab012,F3,2026-05-17 10:50:04,OFF->HOT,OFF,HOT,2.9085652663745725,-0.0005326546928468897,3.5422682829857064,5.538659955060238
lab012,F3,2026-05-17 10:52:23,HOT->OFF,HOT,OFF,3.2995392358894993,-0.001109546928995897,2.772486007862417,4.884855849874644
lab012,F3,2026-05-17 10:54:57,OFF->COLD,OFF,COLD,-2.6422131294334976,0.00013016750846404077,4.704084987137472,3.7779338045458224
lab012,F3,2026-05-17 10:59:15,COLD->OFF,COLD,OFF,-3.337084734062066,0.0042835328774138755,5.46985667888843,4.182261628529273
lab012,F3,2026-05-17 11:05:27,OFF->HOT,OFF,HOT,3.656838026005601,0.0005783019896771435,4.157353980582354,5.394402412059812
lab012,F3,2026-05-17 11:07:46,HOT->OFF,HOT,OFF,3.897185410170812,-0.0028187811286734645,3.5178741138876064,4.238580732666925
lab012,F3,2026-05-17 11:10:25,OFF->COLD,OFF,COLD,-2.148531263312929,-0.005489765639095267,5.153714991893205,3.2993228381504904
lab012,F3,2026-05-17 11:14:14,COLD->OFF,COLD,OFF,-0.48842415113658544,-0.006386592219228504,4.320610355533528,5.795380308323949
lab012,F3,2026-05-17 11:20:26,OFF->HOT,OFF,HOT,3.061970190503362,-0.010678158543984396,3.772030733763155,5.6667228135868335
lab012,F3,2026-05-17 11:22:35,HOT->OFF,HOT,OFF,3.5149111394750543,-0.011809352642345772,2.978136692981442,4.7025019827400065
lab012,F3,2026-05-17 11:25:19,OFF->COLD,OFF,COLD,-2.6166043151083827,-0.010857769333544097,5.795380308323949,3.592940889503534
lab012,F3,2026-05-17 11:29:43,COLD->OFF,COLD,OFF,-2.018288418783768,-0.00465048929983709,5.859339981774194,4.744233535066705
lab012,F3,2026-05-17 11:35:25,OFF->HOT,OFF,HOT,3.368254188203111,-0.001929937776050751,3.867504626410922,4.9405549047928625
lab012,F3,2026-05-17 11:36:25,HOT->OFF,HOT,OFF,4.144697928273373,-0.0019876777814442186,3.6505312636076517,4.985073721407511
lab012,F3,2026-05-17 11:38:14,HOT->OFF,HOT,OFF,2.2536443371246144,-0.0015922918085721008,4.169231231822913,4.003009153240488
lab012,F3,2026-05-17 11:40:58,OFF->COLD,OFF,COLD,-2.49839218673313,0.0014207521229934617,4.51109239205155,3.2033960981292897
lab012,F3,2026-05-17 11:43:47,COLD->OFF,COLD,OFF,-3.182537393112637,0.0062726145113810375,5.253984100159937,4.162966902050157
lab012,F3,2026-05-17 11:51:39,OFF->HOT,OFF,HOT,3.8387357411683833,0.01004613352534527,3.3783264593373232,5.034715804609391
lab012,F3,2026-05-17 11:53:43,HOT->OFF,HOT,OFF,3.2139758838374295,0.00901670073269507,2.8962884611349335,4.0149067235404825
lab012,F3,2026-05-17 11:56:47,OFF->COLD,OFF,COLD,-2.1933452474740687,0.009340272936452721,4.6517708839824605,2.9551729351230778
lab012,F3,2026-05-17 12:00:15,COLD->OFF,COLD,OFF,-0.6585135903279417,0.011748713477316031,4.230636012107472,4.006544018666717
lab012,F3,2026-05-17 12:06:13,OFF->HOT,OFF,HOT,2.681732289099155,0.013049402159040824,3.546935889709901,4.404059079684491
lab012,F3,2026-05-17 12:08:32,HOT->OFF,HOT,OFF,2.225763925338048,0.012817742907180829,2.670641676065427,3.418818547263282
lab012,F3,2026-05-17 12:11:06,OFF->COLD,OFF,COLD,-2.309211586591916,0.013482341735174687,4.32151805522954,3.0348985812070164
lab012,F3,2026-05-17 12:14:50,COLD->OFF,COLD,OFF,-1.293329230106648,0.015312319121553486,3.88183001466745,4.836219845016509
lab012,F3,2026-05-17 12:21:57,OFF->HOT,OFF,HOT,3.215682508093319,0.007696280780243824,3.0348985812070164,5.167457310708826
lab012,F3,2026-05-17 12:23:56,HOT->OFF,HOT,OFF,2.52035486655026,0.004244237294459906,2.7062175362521628,4.009763680480186
lab012,F3,2026-05-17 12:26:30,OFF->COLD,OFF,COLD,-0.860995540851248,0.0009974647128689895,4.015916351016403,3.0490877305314634
lab012,F3,2026-05-17 12:30:18,COLD->OFF,COLD,OFF,-2.3538939224496147,-0.0017389057134209913,5.045450125318488,4.260237249563609
lab012,F3,2026-05-17 12:38:10,OFF->HOT,OFF,HOT,4.081394038523248,-0.013805608803368941,2.6410239709449868,5.641800195007098
lab012,F3,2026-05-17 12:40:14,HOT->OFF,HOT,OFF,2.6139157051928295,-0.0164905138050635,2.6400116049228113,4.610220907427328
lab012,F3,2026-05-17 12:42:43,OFF->COLD,OFF,COLD,-1.1604471587087417,-0.018205207167829227,3.870184258051495,3.3004143782512005
lab012,F3,2026-05-17 12:46:22,COLD->OFF,COLD,OFF,-1.8797925342586108,-0.01726038722504235,5.584389851660873,4.722503781693607
lab012,F3,2026-05-17 12:52:59,OFF->HOT,OFF,HOT,3.3223160966344647,-0.017096833532116662,3.93009067075768,5.0416878922753
lab012,F3,2026-05-17 12:55:08,HOT->OFF,HOT,OFF,3.202799065572046,-0.01622472051168842,2.6852820868603393,4.022951749071034
lab012,F3,2026-05-17 12:58:27,OFF->COLD,OFF,COLD,-2.236907733509548,-0.011413151540563504,3.9854933579383056,3.193956928153893
lab012,F3,2026-05-17 13:02:40,COLD->OFF,COLD,OFF,-3.2097258691559523,-0.001677059808913129,4.83922849853946,3.419568973680635
lab012,F3,2026-05-17 13:09:12,OFF->HOT,OFF,HOT,2.6979437934436934,0.005915337117736286,3.0512441057362154,4.952392277851639
lab012,F3,2026-05-17 13:11:07,HOT->OFF,HOT,OFF,2.8932493598521667,0.00617595810176006,2.811520870749267,4.209411182040002
lab012,F3,2026-05-17 13:13:46,OFF->COLD,OFF,COLD,-1.015877484511678,0.006661457964156625,3.419568973680635,3.130069046144822
lab012,F3,2026-05-17 13:16:44,COLD->OFF,COLD,OFF,-2.5762400940759855,0.0067571983780514,4.154926214011806,2.136803105406007
lab012,F3,2026-05-17 13:25:21,OFF->HOT,OFF,HOT,4.033120077085037,-0.0019333633854602189,2.637140110951735,4.795767862454707
lab012,F3,2026-05-17 13:27:15,HOT->OFF,HOT,OFF,2.199715620924815,-0.004342612980254223,2.115018515817633,4.1623011988575245
lab012,F3,2026-05-17 13:30:24,OFF->COLD,OFF,COLD,-2.5164545285692146,-0.004970396825606116,3.7943902546172157,3.0801590370687078
lab012,F3,2026-05-17 13:34:12,COLD->OFF,COLD,OFF,-1.3270605252343493,-0.00243507257444886,4.599501605198129,5.412541504958739
lab012,F3,2026-05-17 13:40:10,OFF->HOT,OFF,HOT,2.861897165569104,-0.0025885590864588087,3.5570101906538145,5.695793101397679
lab012,F3,2026-05-17 13:41:59,HOT->OFF,HOT,OFF,3.3117216726985053,-0.0032486470809843125,3.079397834416847,4.256056487541559
lab012,F3,2026-05-17 13:44:43,OFF->COLD,OFF,COLD,-0.9273733988512778,-0.0009315741944080358,4.061812951475405,3.1268389113159545
lab012,F3,2026-05-17 13:48:02,COLD->OFF,COLD,OFF,-4.40259513586195,0.003799990971280742,5.402586536119989,2.6606720240959882
lab012,F3,2026-05-17 13:56:14,OFF->HOT,OFF,HOT,3.669568778208582,0.0038828852774569706,2.652190708923053,4.842553276869158
lab012,F3,2026-05-17 13:58:28,HOT->OFF,HOT,OFF,3.119253674859754,0.0018208068083458429,2.424182828921111,4.3851156018806705
lab012,F3,2026-05-17 14:01:12,OFF->COLD,OFF,COLD,-2.7309597217600055,0.001901440433019097,4.400818213486879,2.7920598077434446
lab012,F3,2026-05-17 14:05:00,COLD->OFF,COLD,OFF,-1.8927182950896744,0.0044012750046377395,4.0942533723549674,3.470642306278018
lab012,F3,2026-05-17 14:11:33,OFF->HOT,OFF,HOT,2.5128177167519468,0.004381221893156884,3.388353541311647,4.7020352461533435
lab012,F3,2026-05-17 14:13:32,HOT->OFF,HOT,OFF,2.8033902537500572,0.003146747836552777,2.5505452229498102,4.046173546516197
lab012,F3,2026-05-17 14:16:11,OFF->COLD,OFF,COLD,-1.2898981070173643,0.003481149994392218,3.1365548888666708,2.909652055900384
lab012,F3,2026-05-17 14:19:05,COLD->OFF,COLD,OFF,-3.170571280356655,0.005266913876087109,3.970860013495517,2.462026474508207
lab012,F3,2026-05-17 14:27:37,OFF->HOT,OFF,HOT,3.9039067803089083,0.00011951982104001484,3.1043431503564567,4.97583111449588
lab012,F3,2026-05-17 14:29:46,HOT->OFF,HOT,OFF,2.3010565686675113,-0.003125642508748605,2.708361340249701,3.266126839877829
lab012,F3,2026-05-17 14:32:15,OFF->COLD,OFF,COLD,-0.9282297347217799,-0.005697173553771328,3.5633056491989903,2.724814922750712
lab012,F3,2026-05-17 14:35:38,COLD->OFF,COLD,OFF,-1.4584461775123803,-0.006447159858381468,4.335818996686641,2.9390498744392097
lab012,F3,2026-05-17 14:43:11,OFF->HOT,OFF,HOT,2.931716617249795,-0.009070393332179981,2.724814922750712,4.736607529191711
lab012,F3,2026-05-17 14:45:20,HOT->OFF,HOT,OFF,2.2288205645373544,-0.009209929903882497,2.174584968897065,3.6330473948674533
lab012,F3,2026-05-17 14:47:34,OFF->COLD,OFF,COLD,-1.7667978020888453,-0.007744942599253868,4.256789848566475,2.698581274443005
lab012,F3,2026-05-17 14:50:58,COLD->OFF,COLD,OFF,-2.549364239607717,-0.0036636169386873975,4.597958922007286,3.617225138591793
lab012,F3,2026-05-17 14:58:55,OFF->HOT,OFF,HOT,2.5173839661478823,0.001168141009225643,2.4770631017139935,4.982004516448518
lab012,F3,2026-05-17 15:00:44,HOT->OFF,HOT,OFF,1.5259949310945267,0.0026800425776839273,1.988721007232854,3.803749373711631
lab012,F3,2026-05-17 15:03:08,OFF->COLD,OFF,COLD,-2.0241885658116696,0.006211891318944928,3.701189045266434,3.0264300675012774
lab012,F3,2026-05-17 15:06:32,COLD->OFF,COLD,OFF,-2.7017930521117064,0.011877781031624225,3.2746887076773126,3.18901043749825
lab012,F3,2026-05-17 15:14:04,OFF->HOT,OFF,HOT,2.0643491179886517,0.012999238397819291,3.0828087619069033,4.486597852043762
lab012,F3,2026-05-17 15:16:08,HOT->OFF,HOT,OFF,2.6076239671886623,0.01079515083343754,2.5328805569112687,4.152908135979198
lab012,F3,2026-05-17 15:18:18,OFF->COLD,OFF,COLD,-1.409953025153149,0.009512671659783577,4.873673043794074,2.7868269004600332
lab012,F3,2026-05-17 15:21:51,COLD->OFF,COLD,OFF,-1.3125807486730379,0.006911959492726362,4.995181037759035,3.940757401191875
lab012,F3,2026-05-17 15:29:28,OFF->HOT,OFF,HOT,3.57072667739249,-0.009374295792357046,2.5326038497784786,4.978745461556124
lab012,F3,2026-05-17 15:31:37,HOT->OFF,HOT,OFF,1.6811129643645606,-0.01292162383917521,2.1203853261899956,3.6646394462715524
lab012,F3,2026-05-17 15:34:16,OFF->COLD,OFF,COLD,-2.120616774808491,-0.013730722778097261,3.360352915792141,2.749440282675026
lab012,F3,2026-05-17 15:38:20,COLD->OFF,COLD,OFF,-1.7945708229196342,-0.011627610604264583,3.7667944570664145,4.527278413321444
lab012,F3,2026-05-17 15:45:12,OFF->HOT,OFF,HOT,2.6720513656885947,-0.012037195177086346,2.749440282675026,5.036711545015329
lab012,F3,2026-05-17 15:47:21,HOT->OFF,HOT,OFF,1.6811113124166932,-0.012401665991006894,2.2017881912836224,3.6608483182120573
lab012,F3,2026-05-17 15:49:50,OFF->COLD,OFF,COLD,-1.778480956936093,-0.010523211165446434,4.5502733350873905,2.645841527898275
lab012,F3,2026-05-17 15:54:09,COLD->OFF,COLD,OFF,-1.7041508767125082,-0.004434687380933866,4.922379323918811,3.6324087563920417
lab012,F3,2026-05-17 16:00:16,OFF->HOT,OFF,HOT,3.317957592874831,-0.0006322422095946575,2.9006107020900114,3.925770120910778
lab012,F3,2026-05-17 16:02:40,HOT->OFF,HOT,OFF,1.9409994366219194,7.481039134926704e-05,2.0537905163531693,3.2366285246882502
lab012,F3,2026-05-17 16:05:10,OFF->COLD,OFF,COLD,-0.5822808616463624,0.002655129939620693,3.6324087563920417,2.2332093461926323
lab012,F3,2026-05-17 16:08:53,COLD->OFF,COLD,OFF,-2.525803542405573,0.008622988867259273,4.089581973332622,1.4393433383238754
lab012,F3,2026-05-17 16:17:40,OFF->HOT,OFF,HOT,3.02134701784045,0.01451763642074777,1.8383099087339951,4.763702547271572
lab012,F3,2026-05-17 16:19:49,HOT->OFF,HOT,OFF,1.4773861566337076,0.015607118982176971,1.7410558002229373,3.958958660334536
lab012,F3,2026-05-17 16:21:58,OFF->COLD,OFF,COLD,-3.6052161686784645,0.017641294638940153,3.928845035888432,3.032805596173969
lab012,F3,2026-05-17 16:26:06,COLD->OFF,COLD,OFF,-1.3149711467679777,0.020446356521997798,4.409413781589005,4.816757068772123
lab012,F3,2026-05-17 16:32:54,OFF->HOT,OFF,HOT,4.306489444919554,0.008241009687677447,3.032805596173969,4.844498405683098
lab012,F3,2026-05-17 16:34:53,HOT->OFF,HOT,OFF,2.688301454554899,0.0021069096202790405,2.8055945077491193,3.1823761947680427
lab012,F3,2026-05-17 16:37:27,OFF->COLD,OFF,COLD,-1.0867752939591262,-0.0026734779056626565,3.8678973100297362,2.657507764405759
lab012,F3,2026-05-17 16:41:55,COLD->OFF,COLD,OFF,-0.993274454951524,-0.009204546053740794,4.871330852441201,4.704393909708671
lab012,F3,2026-05-17 16:48:28,OFF->HOT,OFF,HOT,1.9083246315462188,-0.019092484163616242,2.657507764405759,4.154283898233858
lab012,F3,2026-05-17 16:51:02,HOT->OFF,HOT,OFF,2.339697452337089,-0.021764859223798717,2.053127995619579,4.169508985735255
lab012,F3,2026-05-17 16:53:06,OFF->COLD,OFF,COLD,-1.7460720159579501,-0.02134180297697714,4.704393909708671,3.070597041085409
lab012,F3,2026-05-17 16:56:45,COLD->OFF,COLD,OFF,-2.3743899845036935,-0.017118920440149843,5.469127001673502,4.396345191635055
lab012,F3,2026-05-17 17:04:37,OFF->HOT,OFF,HOT,4.096440516799024,-0.013041466135587675,2.322210813851806,5.460200838421459
lab012,F3,2026-05-17 17:06:41,HOT->OFF,HOT,OFF,1.5994722707697355,-0.011897834845021472,2.0719788158042958,3.3961380162455166
lab012,F3,2026-05-17 17:09:15,OFF->COLD,OFF,COLD,-1.6896591768960216,-0.007876864235001158,3.8074755452964473,2.745813927626539
lab012,F3,2026-05-17 17:13:53,COLD->OFF,COLD,OFF,-3.896374495038339,0.004231109710497094,5.301078831414202,3.409230025414128
lab012,F3,2026-05-17 17:21:25,OFF->HOT,OFF,HOT,4.074711557682172,0.006813862182395169,2.514469749635455,4.5567879401740585
lab012,F3,2026-05-17 17:23:29,HOT->OFF,HOT,OFF,3.151083709038533,0.005340259653713986,2.663019028776187,3.4790566485978336
lab012,F3,2026-05-17 17:25:38,OFF->COLD,OFF,COLD,-0.47196779919755294,0.0046508226141796175,3.961810637927397,2.573327808035364
lab012,F3,2026-05-17 17:28:47,COLD->OFF,COLD,OFF,-3.303419256767111,0.0063820074063832164,4.589145288641275,2.0518329934519803
lab012,F3,2026-05-17 17:38:29,OFF->HOT,OFF,HOT,2.979084012414686,0.006483368084802343,1.9516501770823163,5.209309730361747
lab012,F3,2026-05-17 17:40:33,HOT->OFF,HOT,OFF,1.6536916057228037,0.005878840933567453,2.111355347482785,4.228010472978878
lab012,F3,2026-05-17 17:43:02,OFF->COLD,OFF,COLD,-2.1976714652640963,0.006780938185517015,4.0217844807212515,3.2192411771654066
lab012,F3,2026-05-17 17:47:35,COLD->OFF,COLD,OFF,-1.6440746434312346,0.007310510281204508,5.115305272079764,3.9500938727008332
lab012,F3,2026-05-17 17:53:23,OFF->HOT,OFF,HOT,3.5978948935575366,-0.0011991781759412845,3.520967774693238,4.365166986306968
lab012,F3,2026-05-17 17:55:37,HOT->OFF,HOT,OFF,3.586437692720289,-0.004471074735132064,3.0499817954544635,3.9233890493517416
lab012,F3,2026-05-17 17:58:41,OFF->COLD,OFF,COLD,-1.5304652162356196,-0.005907519468637013,4.072840930818544,2.849394000459608
lab012,F3,2026-05-17 18:02:54,COLD->OFF,COLD,OFF,-2.949938358295334,-0.00315313630821894,4.975109371500547,4.130247709220352
lab012,F3,2026-05-17 18:09:52,OFF->HOT,OFF,HOT,3.923534471942376,-0.005535999112459678,2.849394000459608,5.042642799403113
lab012,F3,2026-05-17 18:12:01,HOT->OFF,HOT,OFF,2.2800264541806436,-0.007557445709600685,2.6055221690003467,3.3770249408321837
lab012,F3,2026-05-17 18:14:30,OFF->COLD,OFF,COLD,-0.5697144084558604,-0.00836513902148912,4.003873532579564,2.511965831940775
lab012,F3,2026-05-17 18:18:04,COLD->OFF,COLD,OFF,-1.1837567098592436,-0.006120098714556122,4.475736105782542,3.160902911448811
lab012,F3,2026-05-17 18:25:21,OFF->HOT,OFF,HOT,1.970668050980281,-0.0026930109368532122,2.5568435446787734,3.3833159642145265
lab012,F3,2026-05-17 18:27:35,HOT->OFF,HOT,OFF,2.0120830912937886,-0.0015017327757115943,1.7669292213060233,3.168306312048788
lab012,F3,2026-05-17 18:30:09,OFF->COLD,OFF,COLD,-1.3794309337933839,0.0016385100260103876,2.7415389937904853,2.3635087869446245
lab012,F3,2026-05-17 18:33:23,COLD->OFF,COLD,OFF,-3.646411104532574,0.0070867504463073775,4.181798778060134,1.7919579552838527
lab012,F3,2026-05-17 18:41:55,OFF->HOT,OFF,HOT,3.503087425171607,0.007805961397361472,2.266126233322201,4.855647117296766
lab012,F3,2026-05-17 18:44:14,HOT->OFF,HOT,OFF,1.8420119111303856,0.00624440126467114,1.7967685571978196,3.6983146594659
lab012,F3,2026-05-17 18:46:33,OFF->COLD,OFF,COLD,-1.4990214201161542,0.0059138047487232726,3.4432634555022177,2.8013308831071724
lab012,F3,2026-05-17 18:50:42,COLD->OFF,COLD,OFF,-1.4170661136508258,0.0073060226123843105,3.7117105323729684,3.9175667181204634
lab012,F3,2026-05-17 18:57:24,OFF->HOT,OFF,HOT,2.9386467162962875,0.00445137800449249,2.8013308831071724,4.893424898716197
lab012,F3,2026-05-17 18:59:48,HOT->OFF,HOT,OFF,1.9405435779749654,0.0031887121007629915,2.3078312362426994,3.902768053868384
lab012,F3,2026-05-17 19:02:17,OFF->COLD,OFF,COLD,-2.0694021828508684,0.004253324777135071,4.349733713525622,2.7445207621371024
lab012,F3,2026-05-17 19:07:01,COLD->OFF,COLD,OFF,-1.5963719723173508,0.008422289555324982,4.579957371578528,2.9414476571613215
lab012,F3,2026-05-17 19:14:18,OFF->HOT,OFF,HOT,3.9785653122194313,0.003214210561833396,2.370663454712753,4.909595090222987
lab012,F3,2026-05-17 19:16:37,HOT->OFF,HOT,OFF,2.8810184586488035,0.00027827951172713916,2.3572589900942686,3.7961008985703137
lab012,F3,2026-05-17 19:19:26,OFF->COLD,OFF,COLD,-2.4290055963735235,-0.0009938719555183453,4.187057655761313,2.8810502074191526
lab012,F3,2026-05-17 19:23:59,COLD->OFF,COLD,OFF,-1.3509404207934887,-0.0004000515075571094,3.9026039410011784,4.160555212309752
lab012,F3,2026-05-17 19:30:31,OFF->HOT,OFF,HOT,3.907481249369576,-0.005337272242304535,2.8810502074191526,5.060084407180713
lab012,F3,2026-05-17 19:32:51,HOT->OFF,HOT,OFF,1.780980145277835,-0.007294659968469477,2.437111000009116,3.31081945664733
lab012,F3,2026-05-17 19:35:20,OFF->COLD,OFF,COLD,-1.0877820923277652,-0.007696143635111773,3.7889828048696934,2.5696859228734468
lab012,F3,2026-05-17 19:39:38,COLD->OFF,COLD,OFF,-0.805638710378078,-0.007263403874369168,4.984029895157832,4.558772462728
lab012,F3,2026-05-17 19:46:50,OFF->HOT,OFF,HOT,4.684677939098055,-0.017031263175649868,2.7746222429673466,5.2870492799395805
lab012,F3,2026-05-17 19:48:55,HOT->OFF,HOT,OFF,2.298353491561302,-0.019305675054136096,2.267370125695783,3.9798953033037687
lab012,F3,2026-05-17 19:51:49,OFF->COLD,OFF,COLD,-2.2259444465954803,-0.018742294178334264,4.9723776769231405,2.7901116930965264
lab012,F3,2026-05-17 19:55:47,COLD->OFF,COLD,OFF,-2.4265144783115375,-0.013254170634541396,5.3258577189710765,3.9694432123336476
lab012,F3,2026-05-17 20:02:35,OFF->HOT,OFF,HOT,3.4290160238035403,-0.009254122161243215,2.7660199632054563,4.533554379741559
lab012,F3,2026-05-17 20:05:04,HOT->OFF,HOT,OFF,2.0416165331508296,-0.007577577649705881,2.2303092830256026,3.214032224089681
lab012,F3,2026-05-17 20:07:43,OFF->COLD,OFF,COLD,-1.831824867569671,-0.003743476654399558,4.131582791791321,2.614865164263255
lab012,F3,2026-05-17 20:12:06,COLD->OFF,COLD,OFF,-1.1755814980538084,0.004378759865001136,4.351120789331386,4.5126519568228955
lab012,F3,2026-05-17 20:18:43,OFF->HOT,OFF,HOT,3.369078330259241,0.009089525043126122,2.614865164263255,4.634543511175016
lab012,F3,2026-05-17 20:20:58,HOT->OFF,HOT,OFF,1.71064128217277,0.009643738587719497,2.3153851888503305,3.0957309799691286
lab012,F3,2026-05-17 20:23:31,OFF->COLD,OFF,COLD,-2.149195681637197,0.010591503124689261,5.004143893097137,2.5916661044366656
lab012,F3,2026-05-17 20:27:25,COLD->OFF,COLD,OFF,-1.6956366154164668,0.013145146654486873,5.3559738481549,4.508115696004712
lab012,F3,2026-05-17 20:34:22,OFF->HOT,OFF,HOT,1.68906440820533,0.010614814205027657,2.355573325869471,3.674396765578649
lab012,F3,2026-05-17 20:36:32,HOT->OFF,HOT,OFF,1.914600748108626,0.008756838664672806,2.1240830371231345,4.13706868480096
lab012,F3,2026-05-17 20:38:41,OFF->COLD,OFF,COLD,-1.681955540873468,0.007658534902336811,4.187365365433338,2.7267321915337517
lab012,F3,2026-05-17 20:42:14,COLD->OFF,COLD,OFF,-0.27005565070225124,0.0068245335177808284,3.6831717842292098,2.8555559603075826
lab012,F3,2026-05-17 20:49:27,OFF->HOT,OFF,HOT,3.448566998751236,5.968128534146119e-05,3.079881746935104,4.312421281741766
lab012,F3,2026-05-17 20:51:41,HOT->OFF,HOT,OFF,1.5573005155070423,-0.0018262712667542758,1.920039883617377,3.3898388309726126
lab012,F3,2026-05-17 20:54:25,OFF->COLD,OFF,COLD,-2.3409004930315,-0.002958456657182573,3.954481465813649,2.528632214624185
lab012,F3,2026-05-17 20:58:18,COLD->OFF,COLD,OFF,-1.9101408593656077,-0.0008895566602022953,3.669028336260489,3.8401618805254962
lab012,F3,2026-05-17 21:05:56,OFF->HOT,OFF,HOT,2.8255749239366725,-0.003895873738844635,2.244207835935958,4.810237846831757
lab012,F3,2026-05-17 21:08:15,HOT->OFF,HOT,OFF,1.312285380358455,-0.00604827561828607,1.9134661562394863,3.30207074852219
lab012,F3,2026-05-17 21:10:44,OFF->COLD,OFF,COLD,-2.7849054500903256,-0.00611657919340356,4.432457523949707,2.24594487399429
lab012,F3,2026-05-17 21:14:53,COLD->OFF,COLD,OFF,-0.6172972309458716,-0.004309292048897362,4.782875066926248,3.975351880214283
lab012,F3,2026-05-17 21:22:05,OFF->HOT,OFF,HOT,4.289520552999104,-0.008536846427081813,2.679798878995371,4.771020170210867
lab012,F3,2026-05-17 21:24:29,HOT->OFF,HOT,OFF,3.0533269066470163,-0.00936854471937334,2.013203778612658,3.896883013577447
lab012,F3,2026-05-17 21:27:48,OFF->COLD,OFF,COLD,-1.9694352782868811,-0.005230704564462129,4.186895209599098,2.5119231290261874
lab012,F3,2026-05-17 21:32:01,COLD->OFF,COLD,OFF,-1.6288518547054127,0.0037880067598203837,4.824171250918621,4.779334363503882
lab012,F3,2026-05-17 21:39:09,OFF->HOT,OFF,HOT,3.629920536375697,0.009685570616296957,2.4303701478078317,4.584562612258772
lab012,F3,2026-05-17 21:41:18,HOT->OFF,HOT,OFF,2.655781741234012,0.009810401671463432,2.2988807593184832,3.4642013521255888
lab012,F3,2026-05-17 21:44:22,OFF->COLD,OFF,COLD,-1.7869061880204173,0.011010236163823527,4.2964719798405255,2.618608912711134
lab012,F3,2026-05-17 21:48:25,COLD->OFF,COLD,OFF,-1.126188114319475,0.013400221952182002,4.5342239622817395,4.2480472950293375
lab012,F3,2026-05-17 21:55:23,OFF->HOT,OFF,HOT,2.4538132332499645,0.010166710485616372,2.642623938158305,4.672023225749538
lab012,F3,2026-05-17 21:58:07,HOT->OFF,HOT,OFF,0.7875088290714846,0.00766718723282782,2.724661944016934,3.297683198352643
lab012,F3,2026-05-17 22:00:01,OFF->COLD,OFF,COLD,-2.966997301823348,0.006614613143899106,4.365584364880193,2.6149396383294112
lab012,F3,2026-05-17 22:04:05,COLD->OFF,COLD,OFF,-2.204310322462473,0.0035384956423389034,4.730304540507897,4.005872610290722
lab012,F3,2026-05-17 22:11:22,OFF->HOT,OFF,HOT,4.216032738286421,-0.013527004233125696,2.77284406512014,4.551344074667483
lab012,F3,2026-05-17 22:13:36,HOT->OFF,HOT,OFF,2.784301356245274,-0.019717905306197457,2.5477353402529643,3.8070447723267598
lab012,F3,2026-05-17 22:16:05,OFF->COLD,OFF,COLD,-0.6768056383815788,-0.023571273458995103,4.441956097046,2.615882099216294
lab012,F3,2026-05-17 22:20:19,COLD->OFF,COLD,OFF,-1.0250937567886804,-0.02579567338898734,4.727205099059719,3.4751391244232646
lab012,F3,2026-05-17 22:26:37,OFF->HOT,OFF,HOT,3.361943617916536,-0.0265353733096342,2.9087808471224905,4.163559260443769
lab012,F3,2026-05-17 22:28:31,HOT->OFF,HOT,OFF,3.3429829095950314,-0.025951057174180468,2.109696682998253,3.439338965376327
lab012,F3,2026-05-17 22:32:00,OFF->COLD,OFF,COLD,-1.5711648939375222,-0.021880982146484304,3.083956678326234,2.4200753670853272
lab012,F3,2026-05-17 22:35:48,COLD->OFF,COLD,OFF,-1.5719665875977884,-0.013627200255576889,4.044823488867046,3.6633911264481855
lab012,F3,2026-05-17 22:42:51,OFF->HOT,OFF,HOT,2.965002842586485,-0.0013282143565742643,2.4441488682899193,4.418610343557185
lab012,F3,2026-05-17 22:45:05,HOT->OFF,HOT,OFF,2.7352001847588427,0.0023094347210960847,2.2107011754657564,3.454205094721878
lab012,F3,2026-05-17 22:47:54,OFF->COLD,OFF,COLD,-1.7536877582892447,0.009290920259057069,3.9055584038223485,2.451820479889048
lab012,F3,2026-05-17 22:51:52,COLD->OFF,COLD,OFF,-1.5879275344537025,0.019392558185911565,4.494131577056206,4.083025073585618
lab012,F3,2026-05-17 22:58:55,OFF->HOT,OFF,HOT,1.8886078025149078,0.025874799442171616,2.451820479889048,4.324865946720355
lab012,F3,2026-05-17 23:01:14,HOT->OFF,HOT,OFF,1.637585201645883,0.0250549532409881,2.268519171348707,3.951036659292738
lab012,F3,2026-05-17 23:03:28,OFF->COLD,OFF,COLD,-1.576013838179977,0.024644267740606907,3.5004152507435613,3.003129657434389
lab012,F3,2026-05-17 23:06:47,COLD->OFF,COLD,OFF,-3.0825460691130737,0.02428169928584243,4.652344309597397,3.423053814617852
lab012,F3,2026-05-17 23:14:09,OFF->HOT,OFF,HOT,4.050314951520576,0.012135545985857022,3.3775775113041195,5.181145252876938
lab012,F3,2026-05-17 23:16:48,HOT->OFF,HOT,OFF,2.435332930001187,0.007249048749449826,2.656224118596909,4.45801151139911
lab012,F3,2026-05-17 23:18:58,OFF->COLD,OFF,COLD,-2.396076463149756,0.004822492969588234,4.693618318148927,3.3588144491534093
lab012,F3,2026-05-17 23:22:46,COLD->OFF,COLD,OFF,-0.7130936553728275,0.003944938360899285,4.863204536852099,4.682531957117843
lab012,F3,2026-05-17 23:28:34,OFF->HOT,OFF,HOT,3.2059644517428536,0.002947867932507897,4.047607094763606,5.385419454815237
lab012,F3,2026-05-17 23:31:23,HOT->OFF,HOT,OFF,0.9722478628683572,0.003264526897791775,4.019865483081758,3.8002150320284676
lab012,F3,2026-05-17 23:33:12,OFF->COLD,OFF,COLD,-2.569661177604891,0.004432013985204184,4.845267739413546,3.3342499018075045
lab012,F3,2026-05-17 23:37:41,COLD->OFF,COLD,OFF,-1.3787972437094675,0.008296097822980818,4.856048244198487,3.788438347425294
lab012,F3,2026-05-17 23:43:04,OFF->HOT,OFF,HOT,2.8026981238042588,0.0056576723399684795,3.2249731778384745,4.881685918786692
lab012,F3,2026-05-17 23:45:48,HOT->OFF,HOT,OFF,1.2884342120691399,0.0017233867988839073,2.9041840994952466,3.638753257043158
lab012,F3,2026-05-17 23:48:17,OFF->COLD,OFF,COLD,-2.2572456271476375,-0.0023360627572959203,4.486376255618426,3.2671566615475727
lab012,F3,2026-05-17 23:51:56,COLD->OFF,COLD,OFF,-0.3309304791529406,-0.007703149214990112,4.8163396523373985,4.615875215154132
lab012,F3,2026-05-17 23:56:44,OFF->HOT,OFF,HOT,3.4183927351554715,-0.013665863698376766,3.638753257043158,4.933033017355724
lab012,F3,2026-05-17 23:59:48,HOT->OFF,HOT,OFF,2.012217375409983,-0.015496311213155067,3.9741804300833237,3.857653452926287
lab012,F3,2026-05-18 00:01:52,OFF->COLD,OFF,COLD,-2.01865077821777,-0.015731327746047265,4.725241281132537,3.269405909990461
lab012,F3,2026-05-18 00:05:46,COLD->OFF,COLD,OFF,-0.9947589684682068,-0.014949602620891867,5.009839400274046,4.623611752730127
lab012,F3,2026-05-18 00:10:59,OFF->HOT,OFF,HOT,1.9686905500888034,-0.01666229971275506,3.6661423928929935,4.578927275583092
lab012,F3,2026-05-18 00:13:48,HOT->OFF,HOT,OFF,1.0432574423258434,-0.01774193444673866,3.5590685718101573,4.032548163424314
lab012,F3,2026-05-18 00:16:12,OFF->COLD,OFF,COLD,-1.031946883153799,-0.01835398452343675,4.37007108828459,3.8335047337978683
lab012,F3,2026-05-18 00:19:36,COLD->OFF,COLD,OFF,0.6693597968018328,-0.016563135818465646,4.763060269816101,4.718603903393199
lab012,F3,2026-05-18 00:24:15,OFF->HOT,OFF,HOT,1.5301506994097842,-0.01407992626117718,3.758167597440547,4.881162183117372
lab012,F3,2026-05-18 00:27:04,HOT->OFF,HOT,OFF,1.0328921777036795,-0.011769973439120562,3.9113255164996117,3.6520505839990434
lab012,F3,2026-05-18 00:29:43,OFF->COLD,OFF,COLD,-1.6481649911897347,-0.008513296551232407,4.4534624974293875,2.992938676267904
lab012,F3,2026-05-18 00:33:06,COLD->OFF,COLD,OFF,0.18337868920406808,-0.0043587058019753065,5.266786985272227,5.109339760276884
lab012,F3,2026-05-18 00:38:29,OFF->HOT,OFF,HOT,1.6772250451487671,0.0015986891986464954,3.7944343504656204,5.797049344756471
lab012,F3,2026-05-18 00:41:33,HOT->OFF,HOT,OFF,0.6106228290654432,0.005202016183741696,3.8741036220887755,4.775029471084387
lab012,F3,2026-05-18 00:43:22,OFF->COLD,OFF,COLD,-4.2929346301862035,0.008014950908190422,5.045296287520925,3.7287457564521214
lab012,F3,2026-05-18 00:47:11,COLD->OFF,COLD,OFF,-1.586828597988123,0.013302458641544846,5.807777727971456,4.5489000757267855
lab012,F3,2026-05-18 00:52:24,OFF->HOT,OFF,HOT,2.7996850426399718,0.010420975389403609,4.775029471084387,5.085880262653785
lab012,F3,2026-05-18 00:55:47,HOT->OFF,HOT,OFF,2.809271913867781,0.005891411162065553,3.752256828155629,4.092146648058606
lab012,F3,2026-05-18 00:58:07,OFF->COLD,OFF,COLD,-2.221587956812199,0.0040357955760518035,4.426122923885122,4.054360788649371
lab012,F3,2026-05-18 01:02:10,COLD->OFF,COLD,OFF,-0.22599314872296627,0.0034009715759003353,5.056635342700455,4.945230135567969
lab012,F3,2026-05-18 01:07:18,OFF->HOT,OFF,HOT,2.03880488726798,-0.00047006992220133357,4.161811959076233,5.332353661216816
lab012,F3,2026-05-18 01:09:57,HOT->OFF,HOT,OFF,3.9987886354733524,-0.00379617085285453,3.68748484737821,4.27670477233995
lab012,F3,2026-05-18 01:12:46,OFF->COLD,OFF,COLD,-0.8238109449054813,-0.005472651277071527,4.451283770814742,3.3586382620787103
lab012,F3,2026-05-18 01:16:10,COLD->OFF,COLD,OFF,-0.47595609436506103,-0.005108981226440434,5.468848596261915,3.916523092142248
lab012,F3,2026-05-18 01:20:53,OFF->HOT,OFF,HOT,1.0126781447034785,-0.0037217840988663653,4.27670477233995,4.507274593571717
lab012,F3,2026-05-18 01:23:32,HOT->OFF,HOT,OFF,1.1058852918974562,-0.0021092924907977206,3.5131719461061475,4.19233351905956
lab012,F3,2026-05-18 01:26:11,OFF->COLD,OFF,COLD,-1.4426462054445066,0.0013096278500446708,3.8150619180721708,3.3705990755348196
lab012,F3,2026-05-18 01:30:15,COLD->OFF,COLD,OFF,-0.8217328912135508,0.007977526735640695,4.266499951569604,4.8196693891174816
lab012,F3,2026-05-18 01:35:18,OFF->HOT,OFF,HOT,1.5944390709306193,0.012276823153345618,3.637902187568138,5.231476479842011
lab012,F3,2026-05-18 01:38:17,HOT->OFF,HOT,OFF,0.7196228687560894,0.01324788363500513,3.9968073589240056,4.223922114269315
lab012,F3,2026-05-18 01:40:16,OFF->COLD,OFF,COLD,-2.44200571725065,0.014085750060841562,4.7335649315006245,3.6770286333900097
lab012,F3,2026-05-18 01:43:55,COLD->OFF,COLD,OFF,-0.7601996685661484,0.015090274781916869,5.036554237248366,4.182114422048372
lab012,F3,2026-05-18 01:49:18,OFF->HOT,OFF,HOT,2.0301122366742943,0.009171577171221834,4.223922114269315,4.7916452497839845
lab012,F3,2026-05-18 01:52:32,HOT->OFF,HOT,OFF,2.4779482835419064,0.002999686256032419,3.4917235928501587,3.998533439929119
lab012,F3,2026-05-18 01:54:31,OFF->COLD,OFF,COLD,-1.1873341249399445,0.0003231676796577442,4.393442827626922,3.0311067929332935
lab012,F3,2026-05-18 01:58:39,COLD->OFF,COLD,OFF,0.29128125415527817,-0.0038722809778850113,3.5264371807378923,4.333573216712226
lab012,F3,2026-05-18 02:03:57,OFF->HOT,OFF,HOT,3.2573219499835044,-0.010139366258972337,3.8415555050313683,5.134388550739909
lab012,F3,2026-05-18 02:06:46,HOT->OFF,HOT,OFF,2.2297616406565477,-0.012590201560379911,2.5390793329359007,3.8233213492769105
lab012,F3,2026-05-18 02:08:36,OFF->COLD,OFF,COLD,-1.182332660703259,-0.01254349467430309,3.7986077258857778,2.960112881142574
lab012,F3,2026-05-18 02:12:34,COLD->OFF,COLD,OFF,-0.45756726438681694,-0.009179152013176584,4.351087613253864,4.171340167758451
lab012,F3,2026-05-18 02:17:43,OFF->HOT,OFF,HOT,1.6995021158721662,-0.003788166754390865,3.8233213492769105,4.465512138696144
lab012,F3,2026-05-18 02:20:47,HOT->OFF,HOT,OFF,1.22456912880519,-0.0006468261002586571,3.0883266531121625,3.523984842271079
lab012,F3,2026-05-18 02:22:36,OFF->COLD,OFF,COLD,-2.5786978949786086,0.001813615115153233,3.9385265707819523,2.4857611938832305
lab012,F3,2026-05-18 02:27:15,COLD->OFF,COLD,OFF,-0.1752407933073858,0.008364344265970125,4.3386165639606595,4.35060902975985
lab012,F3,2026-05-18 02:33:07,OFF->HOT,OFF,HOT,2.0599821853635962,0.007830588800456261,2.707131018117473,4.217841375337736
lab012,F3,2026-05-18 02:36:16,HOT->OFF,HOT,OFF,0.616379671920452,0.005812036781633623,3.2754622376653124,3.3995306873556013
lab012,F3,2026-05-18 02:38:01,OFF->COLD,OFF,COLD,-1.490146599370559,0.0057310298867314195,3.898860297774721,2.285972655534518
lab012,F3,2026-05-18 02:42:34,COLD->OFF,COLD,OFF,-1.2342278438956675,0.007143492031454101,5.101604920761503,4.465453587558589
lab012,F3,2026-05-18 02:49:07,OFF->HOT,OFF,HOT,2.832915502200433,0.0022523395140670033,2.285972655534518,4.711536877342962
lab012,F3,2026-05-18 02:51:56,HOT->OFF,HOT,OFF,1.034290026025209,-0.0010663861642022706,2.5194545073500567,3.580796959392161
lab012,F3,2026-05-18 02:53:35,OFF->COLD,OFF,COLD,-2.246984561487162,-0.001936622897327744,4.465453587558589,2.2595799411255775
lab012,F3,2026-05-18 02:57:53,COLD->OFF,COLD,OFF,-0.4550609637789499,-0.004094599222578843,4.723766812101284,3.871634352548187
lab012,F3,2026-05-18 03:04:21,OFF->HOT,OFF,HOT,2.6919424255177096,-0.010783251823065677,3.1925692133681123,4.101878860224439
lab012,F3,2026-05-18 03:06:45,HOT->OFF,HOT,OFF,1.5830510650957277,-0.011885530635017894,1.8540864906674124,3.4407871630945457
lab012,F3,2026-05-18 03:09:04,OFF->COLD,OFF,COLD,-1.6617850379710055,-0.010585597187134609,3.871634352548187,2.6256770683209325
lab012,F3,2026-05-18 03:13:18,COLD->OFF,COLD,OFF,-1.3606400039434083,-0.004358784519411607,4.040370096369667,4.101130970323675
lab012,F3,2026-05-18 03:19:46,OFF->HOT,OFF,HOT,1.9109731339133504,0.0010552134171616602,2.1755005383908332,4.547356535751093
lab012,F3,2026-05-18 03:22:44,HOT->OFF,HOT,OFF,0.9091450546697978,0.0022525117882095103,1.9046672588893645,3.543570150958302
lab012,F3,2026-05-18 03:24:34,OFF->COLD,OFF,COLD,-2.685750514465986,0.003325393101796337,4.165873258102287,2.717211590906117
lab012,F3,2026-05-18 03:29:02,COLD->OFF,COLD,OFF,-1.2026220760406188,0.00407213999461824,4.909091472759481,2.862795220591336
lab012,F3,2026-05-18 03:36:24,OFF->HOT,OFF,HOT,4.1233307367243235,-0.007351842502773742,2.2633445769034157,4.208645980708261
lab012,F3,2026-05-18 03:39:03,HOT->OFF,HOT,OFF,1.6690855485191671,-0.009573202531215052,1.7112979983086127,3.503494077940891
lab012,F3,2026-05-18 03:41:22,OFF->COLD,OFF,COLD,-2.0757376713484073,-0.009983301005135026,4.026370651271902,2.3816158404843386
lab012,F3,2026-05-18 03:45:46,COLD->OFF,COLD,OFF,-1.2317355366855116,-0.005540050970812516,3.564158692301541,3.0790404397990954
lab012,F3,2026-05-18 03:52:38,OFF->HOT,OFF,HOT,3.360175300066582,-0.0019882906097219433,2.2469960814114502,4.019123078404693
lab012,F3,2026-05-18 03:55:07,HOT->OFF,HOT,OFF,1.7468767406739598,-0.000822083754935931,1.5715763109514118,3.5593182978442885
lab012,F3,2026-05-18 03:57:51,OFF->COLD,OFF,COLD,-2.130816392997155,0.002644137467718544,3.2866932287044457,2.690742150514143
lab012,F3,2026-05-18 04:01:50,COLD->OFF,COLD,OFF,-1.887006485730541,0.008866784812496142,3.859787938245522,3.874393094239109
lab012,F3,2026-05-18 04:08:12,OFF->HOT,OFF,HOT,1.423359138343833,0.012078952621758888,2.44631820799613,4.759841715622494
lab012,F3,2026-05-18 04:11:21,HOT->OFF,HOT,OFF,0.039960585665478554,0.011996167040686779,2.821060865754549,3.8959917926406837
lab012,F3,2026-05-18 04:13:01,OFF->COLD,OFF,COLD,-3.361814277403183,0.012868709039322824,4.341879826545246,3.062287683609962
lab012,F3,2026-05-18 04:17:54,COLD->OFF,COLD,OFF,0.1003789602714924,0.01395866179991163,4.94790057872372,3.9627428418759685
lab012,F3,2026-05-18 04:22:52,OFF->HOT,OFF,HOT,1.7184211994412442,0.0072320720794719386,3.3848777622749022,4.380198830181643
lab012,F3,2026-05-18 04:26:01,HOT->OFF,HOT,OFF,1.0900477050825979,0.0002137744703761147,3.4451310545454965,3.613321981311267
lab012,F3,2026-05-18 04:27:55,OFF->COLD,OFF,COLD,-2.0146893034129008,-0.0038718301774229857,3.8826058673115433,3.069349808816762
lab012,F3,2026-05-18 04:31:34,COLD->OFF,COLD,OFF,0.009932140651306487,-0.009272164710502295,4.246199908774269,3.784288357321633
lab012,F3,2026-05-18 04:36:32,OFF->HOT,OFF,HOT,1.2433788523496474,-0.01696849254971102,4.184727672467086,4.38204345677101
lab012,F3,2026-05-18 04:39:36,HOT->OFF,HOT,OFF,1.1181971288557357,-0.01955612177536974,3.394706558620807,3.6973872527562754
lab012,F3,2026-05-18 04:41:50,OFF->COLD,OFF,COLD,-2.047990916425243,-0.01964873777592757,3.733372684931033,3.0653738440609053
lab012,F3,2026-05-18 04:45:19,COLD->OFF,COLD,OFF,-0.8921525744524965,-0.016388615961187902,4.195816809011508,4.747754764782057
lab012,F3,2026-05-18 04:50:02,OFF->HOT,OFF,HOT,1.6706930055350537,-0.011143693332362403,3.960929404174283,4.799865917486441
lab012,F3,2026-05-18 04:53:01,HOT->OFF,HOT,OFF,0.5079568910474576,-0.008395208690445166,3.7307765902945906,3.999325499907687
lab012,F3,2026-05-18 04:54:55,OFF->COLD,OFF,COLD,-1.676603998077451,-0.006209322808944684,4.5253983901101815,3.717681584850164
lab012,F3,2026-05-18 04:58:29,COLD->OFF,COLD,OFF,-0.9254547474215599,-0.002287972753208755,4.6967582519264415,4.08771802626558
lab012,F3,2026-05-18 05:03:02,OFF->HOT,OFF,HOT,1.0976288971599537,0.0017924418276157525,4.495442595145982,4.007103566695074
lab012,F3,2026-05-18 05:06:01,HOT->OFF,HOT,OFF,1.1633271093018924,0.003828662804142447,3.717681584850164,3.124431298853171
lab012,F3,2026-05-18 05:08:40,OFF->COLD,OFF,COLD,-2.2139798074986814,0.006241122243604024,4.12149650137084,2.9034564322179532
lab012,F3,2026-05-18 05:12:34,COLD->OFF,COLD,OFF,-0.2699735229258641,0.009402442254110533,4.099054493179571,4.276696953441087
lab012,F3,2026-05-18 05:17:27,OFF->HOT,OFF,HOT,2.156851573836391,0.010170331582159875,3.282215627195116,4.418851468806161
lab012,F3,2026-05-18 05:20:26,HOT->OFF,HOT,OFF,1.0130092118548537,0.009682506836790505,3.472278563805834,3.622812062810753
lab012,F3,2026-05-18 05:22:40,OFF->COLD,OFF,COLD,-2.0382753163283813,0.009968026699459996,4.206600502682591,3.090133565412584
lab012,F3,2026-05-18 05:26:14,COLD->OFF,COLD,OFF,-1.0066825892784024,0.010338673052256908,5.027677533732907,4.296012506462657
lab012,F3,2026-05-18 05:31:07,OFF->HOT,OFF,HOT,2.752653861980453,0.007390524684263688,3.9214644348784087,4.841204979849923
lab012,F3,2026-05-18 05:33:46,HOT->OFF,HOT,OFF,1.64388498874522,0.0048045066554292856,3.090133565412584,3.7087098113256194
lab012,F3,2026-05-18 05:36:15,OFF->COLD,OFF,COLD,-1.633698695066926,0.0029800067604496055,4.091858387705803,2.9469006679728444
lab012,F3,2026-05-18 05:40:04,COLD->OFF,COLD,OFF,-0.5870960531901952,0.0017789028684142673,5.022555445964922,4.3803553166630005
lab012,F3,2026-05-18 05:44:57,OFF->HOT,OFF,HOT,2.59795085879174,-0.0017684165041408125,3.540544386928479,4.593099107937888
lab012,F3,2026-05-18 05:47:55,HOT->OFF,HOT,OFF,2.272924614613791,-0.0037904022258302026,3.4279666943581995,3.515366415988585
lab012,F3,2026-05-18 05:50:35,OFF->COLD,OFF,COLD,-1.998656663502524,-0.003912727369093893,3.9750677469863347,3.0664329959609433
lab012,F3,2026-05-18 05:54:18,COLD->OFF,COLD,OFF,-1.0346603816698683,-0.0019386102866516984,5.15386701412963,4.326978990053835
lab012,F3,2026-05-18 05:59:51,OFF->HOT,OFF,HOT,1.1456747205737554,-0.002257437916595251,3.277325240964616,4.666443456988154
lab012,F3,2026-05-18 06:03:00,HOT->OFF,HOT,OFF,1.4607542805748728,-0.004199375430259167,3.385202999082538,3.706976544483806
lab012,F3,2026-05-18 06:05:04,OFF->COLD,OFF,COLD,-1.9207468105318581,-0.0045173394835179796,4.097941286464279,3.1806476754485966
lab012,F3,2026-05-18 06:08:58,COLD->OFF,COLD,OFF,0.2696970600484754,-0.004560195302177572,4.839596362453228,4.732344475526825
lab012,F3,2026-05-18 06:14:06,OFF->HOT,OFF,HOT,2.226904129444248,-0.005882700267299956,3.706976544483806,4.940686411586056
lab012,F3,2026-05-18 06:16:45,HOT->OFF,HOT,OFF,2.356970000706971,-0.006210531932346708,3.1646519149804493,3.8052315452391388
lab012,F3,2026-05-18 06:19:00,OFF->COLD,OFF,COLD,-2.359876266509534,-0.0047980186019069395,4.5938132685754285,2.8294937500159163
lab012,F3,2026-05-18 06:21:59,COLD->OFF,COLD,OFF,-1.8049501569511723,-0.001172837141788286,5.0398905329616355,4.065225437851922
lab012,F3,2026-05-18 06:28:11,OFF->HOT,OFF,HOT,1.5847005213152585,0.003793831896496425,3.4744591742690725,4.921503334100908
lab012,F3,2026-05-18 06:31:00,HOT->OFF,HOT,OFF,2.272371442026927,0.004495745160440645,2.481734016149498,3.8104813614539736
lab012,F3,2026-05-18 06:32:59,OFF->COLD,OFF,COLD,-1.6648233914160844,0.005468639436828316,4.065225437851922,3.015070182105939
lab012,F3,2026-05-18 06:36:48,COLD->OFF,COLD,OFF,-0.5569760361828727,0.007611280937441123,5.374119438967973,4.0799786795239115
lab012,F3,2026-05-18 06:42:41,OFF->HOT,OFF,HOT,2.390525336795361,0.005715651027094016,3.6096089046421174,4.27485946943127
lab012,F3,2026-05-18 06:44:50,HOT->OFF,HOT,OFF,3.1204392737600477,0.0041880345427660615,2.735191968310543,3.463060073510054
lab012,F3,2026-05-18 06:47:29,OFF->COLD,OFF,COLD,-1.318155129820128,0.0031951498174588974,3.296152980683167,2.816585876893224
lab012,F3,2026-05-18 06:51:08,COLD->OFF,COLD,OFF,-0.8196484299458067,0.0035620629747824314,4.436810556178626,4.151613129070162
lab012,F3,2026-05-18 06:57:46,OFF->HOT,OFF,HOT,2.9246726205549503,-0.00023784404150655174,2.6255913275003775,4.875663158573773
lab012,F3,2026-05-18 07:00:54,HOT->OFF,HOT,OFF,-0.4233745746611226,-0.0027860147221294256,3.656446378369989,3.5886459591433364
lab012,F3,2026-05-18 07:02:39,OFF->COLD,OFF,COLD,-2.354344455559399,-0.0030659058153278632,4.433497037410539,3.087358413759033
lab012,F3,2026-05-18 07:06:32,COLD->OFF,COLD,OFF,-1.8181605480302818,-0.00297811206573666,5.020479036275933,3.168241760712876
lab012,F3,2026-05-18 07:13:35,OFF->HOT,OFF,HOT,3.3281611815191754,-0.010236432369596215,3.3576906009401437,4.2998003390836965
lab012,F3,2026-05-18 07:17:04,HOT->OFF,HOT,OFF,0.6236046714545946,-0.012796321926300891,2.68155186952904,3.562933722880841
lab012,F3,2026-05-18 07:19:08,OFF->COLD,OFF,COLD,-2.3031981023628165,-0.011175616013852885,3.9599199718518494,2.756342306684906
lab012,F3,2026-05-18 07:22:22,COLD->OFF,COLD,OFF,-3.804674151470076,-0.006806804020971135,4.296505028630617,2.9440335325968867
lab012,F3,2026-05-18 07:30:04,OFF->HOT,OFF,HOT,3.8734044331099495,-0.00451367257702504,2.875549712825103,4.537808524492318
lab012,F3,2026-05-18 07:33:47,HOT->OFF,HOT,OFF,0.7950195084368212,-0.005328936282796716,2.7788267383043577,4.087918549605887
lab012,F3,2026-05-18 07:35:27,OFF->COLD,OFF,COLD,-1.9879664455412505,-0.0038644959989535543,3.8270817658276526,3.3425866072774517
lab012,F3,2026-05-18 07:38:51,COLD->OFF,COLD,OFF,-4.125317314129086,0.0007674298592657888,4.442976447450946,3.225246940006892
lab012,F3,2026-05-18 07:46:03,OFF->HOT,OFF,HOT,3.421382934227522,0.0021063358362844124,3.6791515798716157,4.626287689623551
lab012,F3,2026-05-18 07:49:32,HOT->OFF,HOT,OFF,1.8141586980935385,0.00022158542706263162,3.0571258541929076,3.9069396335968705
lab012,F3,2026-05-18 07:51:36,OFF->COLD,OFF,COLD,-1.9030606245850858,0.0010573704995092467,3.883236389552745,3.2516239568162653
lab012,F3,2026-05-18 07:55:40,COLD->OFF,COLD,OFF,-1.1484768011503899,0.0066000283651974625,4.727057145637113,3.4214895686898164
lab012,F3,2026-05-18 08:00:43,OFF->HOT,OFF,HOT,0.3222163356633005,0.011793032243234958,3.8216226063760876,3.97463159251488
lab012,F3,2026-05-18 08:03:12,HOT->OFF,HOT,OFF,2.8360434246234925,0.012929119071568795,2.8409766379726022,3.498521911533826
lab012,F3,2026-05-18 08:06:06,OFF->COLD,OFF,COLD,-1.8721463254573916,0.014047179519983466,3.3639961357052512,2.9878542930265763
lab012,F3,2026-05-18 08:09:49,COLD->OFF,COLD,OFF,-0.45744964158378565,0.015253728440421898,4.0419683246668825,3.285947317826206
lab012,F3,2026-05-18 08:15:07,OFF->HOT,OFF,HOT,1.5597601810090536,0.012282516576492774,3.3406200171064935,4.3630427688269195
lab012,F3,2026-05-18 08:17:31,HOT->OFF,HOT,OFF,1.0956819483467093,0.009666392010490289,3.09721513056431,3.775925707793541
lab012,F3,2026-05-18 08:20:11,OFF->COLD,OFF,COLD,-1.6668772349989915,0.007085543306326159,3.652914751841506,2.787624727152231
lab012,F3,2026-05-18 08:23:24,COLD->OFF,COLD,OFF,-0.19594708499405472,0.004114561373927118,4.353665698674546,3.436989112126358
lab012,F3,2026-05-18 08:29:27,OFF->HOT,OFF,HOT,2.8210560070674813,-0.005606306761022049,3.538024063451192,3.982319805466132
lab012,F3,2026-05-18 08:31:46,HOT->OFF,HOT,OFF,3.1696995217521007,-0.009447725726111945,2.7272660177931405,3.5703297344749814
lab012,F3,2026-05-18 08:34:50,OFF->COLD,OFF,COLD,-1.5579308635199194,-0.012359226092250621,3.3045685335549853,2.4061531437917667
lab012,F3,2026-05-18 08:38:14,COLD->OFF,COLD,OFF,-0.6605653057586852,-0.013276383263345258,4.191741365380322,3.0612407111604436
lab012,F3,2026-05-18 08:44:42,OFF->HOT,OFF,HOT,2.063285454179672,-0.015749449313178142,2.8856985014342675,4.715426905081544
lab012,F3,2026-05-18 08:46:56,HOT->OFF,HOT,OFF,2.472871029061266,-0.01603751416093262,1.9917259148478468,4.112762437668625
lab012,F3,2026-05-18 08:49:45,OFF->COLD,OFF,COLD,-2.475534569044407,-0.01342562834990506,3.785868217275975,2.973296199564926
lab012,F3,2026-05-18 08:53:24,COLD->OFF,COLD,OFF,-1.3549306787358173,-0.00717610633653356,4.622823587613948,3.2081826289475623
lab012,F3,2026-05-18 08:59:26,OFF->HOT,OFF,HOT,2.210754691558903,0.00019259681639400943,3.623613900667982,4.0967611482199455
lab012,F3,2026-05-18 09:00:56,HOT->OFF,HOT,OFF,2.1412620669892277,0.001417005659366222,2.808960620621201,3.9939126117304906
lab012,F3,2026-05-18 09:04:30,OFF->COLD,OFF,COLD,-1.4747467249955397,0.004817703427553787,3.2081826289475623,2.63743921557784
lab012,F3,2026-05-18 09:07:43,COLD->OFF,COLD,OFF,-1.1565234964475404,0.008827574576948827,4.010325261926561,3.285568401603477
lab012,F3,2026-05-18 09:14:36,OFF->HOT,OFF,HOT,1.6797035821227777,0.016437635801540118,3.0859808218723153,4.239119767956498
lab012,F3,2026-05-18 09:17:45,HOT->OFF,HOT,OFF,0.2380027093409729,0.021938950949282887,2.493919739052455,3.8780633246688763
lab012,F3,2026-05-18 09:19:44,OFF->COLD,OFF,COLD,-3.116300345455591,0.026117354133665407,3.665154539359153,3.217613983088526
lab012,F3,2026-05-18 09:23:48,COLD->OFF,COLD,OFF,-2.7232180088869424,0.034425487916374564,4.579684765631948,2.891554075614151
lab012,F3,2026-05-18 09:29:56,OFF->HOT,OFF,HOT,0.5885648986024187,0.03490197905398258,3.1028330503893247,3.2006067724922227
lab012,F3,2026-05-18 09:31:40,HOT->OFF,HOT,OFF,1.164541706654901,0.032183819065986885,2.8724433376503256,3.615148144248272
lab012,F3,2026-05-18 09:35:19,OFF->COLD,OFF,COLD,-2.6094670389218035,0.023796254348459556,2.437854615264896,3.875891298454999
lab012,F3,2026-05-18 09:38:28,COLD->OFF,COLD,OFF,-1.0648235359677631,0.011546656056803252,2.527838034832329,4.156954714134882
lab012,F3,2026-05-18 09:44:11,OFF->HOT,OFF,HOT,1.7029733679838994,-0.02532862697715306,3.5134512546587855,3.8702252561197055
lab012,F3,2026-05-18 09:46:45,HOT->OFF,HOT,OFF,1.976561846398241,-0.04625414148479568,4.288056887372745,3.655495463809353
lab012,F3,2026-05-18 09:48:59,OFF->COLD,OFF,COLD,-1.0794669239003714,-0.0649056785091724,3.828029821852036,3.8638655089260654
lab012,F3,2026-05-18 09:52:28,COLD->OFF,COLD,OFF,-1.5668150581625397,-0.09442641660530082,4.542166119974241,4.123524146709287
lab012,F3,2026-05-18 09:59:36,OFF->HOT,OFF,HOT,9.685142012098154,-0.15634316778014537,4.311086025104894,11.850471156032139
lab012,F3,2026-05-18 10:02:20,HOT->OFF,HOT,OFF,14.415255955975262,-0.17552410015253708,3.9354017995085155,12.930872453720127
lab012,F3,2026-05-18 10:04:19,OFF->COLD,OFF,COLD,13.119929860763163,-0.1811875478930226,4.209415839019428,13.969169811855457
lab012,F3,2026-05-18 10:06:43,COLD->OFF,COLD,OFF,10.424215140006103,-0.17271916567225615,4.528288338384304,13.247774060845867
lab012,F3,2026-05-18 10:09:47,OFF->HOT,OFF,HOT,3.215930972685846,-0.13495072742580774,5.490511081694189,11.647432936620982
lab012,F3,2026-05-18 10:11:46,HOT->OFF,HOT,OFF,-5.484487177394165,-0.09431278039068236,9.546867138597767,8.543611588557246
lab012,F3,2026-05-18 10:14:45,OFF->COLD,OFF,COLD,-12.923705790293036,-0.01740536769877421,13.517190568432923,3.1172982871989747
lab012,F3,2026-05-18 10:18:49,COLD->OFF,COLD,OFF,-9.581165988009829,0.08920568035225065,13.169788949842262,2.881709687731205
lab012,F3,2026-05-18 10:23:22,OFF->HOT,OFF,HOT,-1.100875224426863,0.18760366266777925,6.348820245693276,4.316398705730177
lab012,F3,2026-05-18 10:25:46,HOT->OFF,HOT,OFF,-1.720646681722046,0.22531927007449193,3.1172982871989747,4.1855771624274505
lab012,F3,2026-05-18 10:28:15,OFF->COLD,OFF,COLD,-3.9729861545132565,0.25329591082764785,3.055342658005762,4.729971127379077
lab012,F3,2026-05-18 10:32:09,COLD->OFF,COLD,OFF,-2.184194802090475,0.26687427159491706,4.017384194751004,3.6581683420247577
lab012,F3,2026-05-18 10:57:05,OFF->HOT,OFF,HOT,4.655673829383738,-0.09926613919134894,1.9952007171487658,4.230179836157063
lab012,F3,2026-05-18 10:58:05,OFF->HOT,OFF,HOT,4.512333494376243,-0.11198284397131458,1.839368394088875,4.224584918569728
lab012,F3,2026-05-18 10:59:40,HOT->OFF,HOT,OFF,3.619613170565306,-0.12833311337300773,1.4699660814979612,3.9385272690417024
lab012,F3,2026-05-18 11:01:19,HOT->OFF,HOT,OFF,2.4644381052961806,-0.13730353507476484,1.9832999987232847,3.4954977718639872
lab012,F3,2026-05-18 11:04:23,OFF->COLD,OFF,COLD,-2.723731816139769,-0.1412786750150005,4.170489622591267,1.7697420306616602
lab012,F3,2026-05-18 11:08:22,COLD->OFF,COLD,OFF,-3.2757006438213137,-0.13434260581721286,4.392488396985493,2.224015954224397
lab012,F3,2026-05-18 11:16:24,OFF->HOT,OFF,HOT,1.594502338919737,-0.11829044908198841,1.2823058386118316,3.0202322022183883
lab012,F3,2026-05-18 11:18:18,HOT->OFF,HOT,OFF,0.9614821806022457,-0.11264543837589355,1.5132557378123446,2.9757931973807277
lab012,F3,2026-05-18 11:23:46,OFF->COLD,OFF,COLD,-1.4196229971290737,-0.09170475774300346,2.428427569302636,2.75568976813039
lab012,F3,2026-05-18 11:26:36,COLD->OFF,COLD,OFF,-0.8585715159341991,-0.07403599628357949,2.9487963434003364,3.0177458002643562
lab012,F3,2026-05-18 11:31:59,OFF->HOT,OFF,HOT,2.0428836966524706,-0.04038240315284129,2.24096661422275,4.153898867072792
lab012,F3,2026-05-18 11:34:23,HOT->OFF,HOT,OFF,2.4463300053582318,-0.02945409944628742,2.4237529583069852,2.8537948156024946
lab012,F3,2026-05-18 11:38:36,OFF->COLD,OFF,COLD,-2.021216558112411,-0.020175278220408988,3.107776398204897,2.3077510181561522
lab012,F3,2026-05-18 11:41:50,COLD->OFF,COLD,OFF,-2.5809945507868255,-0.014424386414243623,4.071258984280806,3.0773819209987914
lab012,F3,2026-05-18 11:48:08,OFF->HOT,OFF,HOT,2.2633330050436884,0.002659383608042021,2.6475903744473697,4.035862261949347
lab012,F3,2026-05-18 11:51:02,HOT->OFF,HOT,OFF,0.5414758124600785,0.010646066891697975,2.360728138315958,3.310922492827892
lab012,F3,2026-05-18 11:53:51,OFF->COLD,OFF,COLD,-2.538231373086863,0.016348317907856028,3.269956392062327,2.753419850418427
lab012,F3,2026-05-18 11:57:40,COLD->OFF,COLD,OFF,-0.2537291069651724,0.026139167454249893,3.667963914785014,3.1714918399398413
lab012,F3,2026-05-18 12:03:18,OFF->HOT,OFF,HOT,2.336719482598916,0.030950557370691634,2.844643483523986,3.6509358209337996
lab012,F3,2026-05-18 12:06:07,HOT->OFF,HOT,OFF,1.695352424433716,0.03180321064419189,3.1352873110541473,2.7801677448073594
lab012,F3,2026-05-18 12:09:11,OFF->COLD,OFF,COLD,-2.249835332245338,0.03194617339621271,3.462090694031732,2.2528758625643026
lab012,F3,2026-05-18 12:12:35,COLD->OFF,COLD,OFF,0.8265269312788364,0.0311397386295222,3.637986411212792,3.7530131274936296
lab012,F3,2026-05-18 12:17:38,OFF->HOT,OFF,HOT,1.612603386666631,0.0295330836591158,2.9001459559617073,4.072155112045597
lab012,F3,2026-05-18 12:20:27,HOT->OFF,HOT,OFF,1.3832403154638429,0.030835666486359513,3.2845584368824556,3.085689677659415
lab012,F3,2026-05-18 12:23:26,OFF->COLD,OFF,COLD,-3.0346298416980186,0.03537273513227586,3.7530131274936296,2.5154781818838248
lab012,F3,2026-05-18 12:27:10,COLD->OFF,COLD,OFF,-0.23637976291273372,0.03832646931283819,3.891723843067774,3.085580342245227
lab012,F3,2026-05-18 12:33:08,OFF->HOT,OFF,HOT,2.5032428080526286,0.02828340502761595,2.623024600906069,3.6502918730239773
lab012,F3,2026-05-18 12:35:52,HOT->OFF,HOT,OFF,1.7051847460211724,0.024532301488076502,2.329128820284317,3.1074463835428165
lab012,F3,2026-05-18 12:38:41,OFF->COLD,OFF,COLD,-2.1858268158763026,0.020056918573241676,2.9852501876267,2.6762167196081523
lab012,F3,2026-05-18 12:42:10,COLD->OFF,COLD,OFF,-0.7523498703253774,0.014203919938480249,3.4988217047376993,3.2416331518879904
lab012,F3,2026-05-18 12:47:13,OFF->HOT,OFF,HOT,2.0707314580029603,0.0027966744457367937,2.8562736870394954,3.354198563274511
lab012,F3,2026-05-18 12:49:42,HOT->OFF,HOT,OFF,2.182181740408932,-0.0007460868800801997,2.6762167196081523,2.7178402435795994
lab012,F3,2026-05-18 12:53:16,OFF->COLD,OFF,COLD,-0.9519922639877438,-0.0026583162382533693,3.2416331518879904,2.6887357656561917
lab012,F3,2026-05-18 12:56:15,COLD->OFF,COLD,OFF,-0.25309676558947425,-0.0023907889410908836,3.3833401383450235,3.4241456609985996
lab012,F3,2026-05-18 13:01:18,OFF->HOT,OFF,HOT,0.7770658529423067,-0.0030417729540054943,2.5260559978070023,4.197259635157809
lab012,F3,2026-05-18 13:04:07,HOT->OFF,HOT,OFF,0.8843413968638316,-0.002871761563832908,2.0422650834192035,3.030695731411738
lab012,F3,2026-05-18 13:07:01,OFF->COLD,OFF,COLD,-2.870924989822303,0.00027083717271771807,3.1840851846684415,2.279643911619457
lab012,F3,2026-05-18 13:10:30,COLD->OFF,COLD,OFF,-0.9258789567900104,0.0066753489433866164,3.902208609745723,2.985999434888656
lab012,F3,2026-05-18 13:15:53,OFF->HOT,OFF,HOT,1.757822408210652,0.014114596335661388,2.6923448928378853,3.525052405031347
lab012,F3,2026-05-18 13:18:31,HOT->OFF,HOT,OFF,2.5261590032886616,0.017390336634568546,2.749100229349935,2.723677446070145
lab012,F3,2026-05-18 13:21:41,OFF->COLD,OFF,COLD,-1.5371116794005732,0.017093168239886047,2.5550464324232856,2.190028742882866
lab012,F3,2026-05-18 13:24:30,COLD->OFF,COLD,OFF,-0.5210989483697733,0.016120260255428055,3.297362089846857,3.1717526156058433
lab012,F3,2026-05-18 13:30:38,OFF->HOT,OFF,HOT,1.0369659603357204,0.004905041497438929,2.1484100344721284,3.479745414702276
lab012,F3,2026-05-18 13:33:27,HOT->OFF,HOT,OFF,0.23112159175948843,0.0007034235444305856,2.5433390440446266,3.3382766241183877
lab012,F3,2026-05-18 13:36:06,OFF->COLD,OFF,COLD,-2.3872174561679333,-0.004015790646226765,2.833021438391311,2.7361146769885005
lab012,F3,2026-05-18 13:40:19,COLD->OFF,COLD,OFF,0.02988076074279089,-0.012328679850821887,3.658601347569591,2.81318713505126
lab012,F3,2026-05-18 13:45:08,OFF->HOT,OFF,HOT,3.6457457511485547,-0.028053119215810177,2.9899262923410053,3.0794910005631233
lab012,F3,2026-05-18 13:48:47,HOT->OFF,HOT,OFF,3.082175109904071,-0.038410764479690496,2.6763525002007675,2.430300692307322
lab012,F3,2026-05-18 13:53:25,OFF->COLD,OFF,COLD,-2.1279347091867375,-0.04118871941564972,3.0944528644570033,1.5852022891276445
lab012,F3,2026-05-18 13:56:29,COLD->OFF,COLD,OFF,-1.1394994361920676,-0.03691569470541065,3.011065037102524,3.250912507288254
lab012,F3,2026-05-18 14:02:22,OFF->HOT,OFF,HOT,1.9395720620351442,-0.02489766024541931,2.0810292981734175,4.08045595894397
lab012,F3,2026-05-18 14:05:16,HOT->OFF,HOT,OFF,0.8870904158468441,-0.017160053957294696,2.4878514069939843,3.1622530857950717
lab012,F3,2026-05-18 14:07:25,OFF->COLD,OFF,COLD,-2.2188878442209825,-0.009859587729110955,3.250912507288254,2.3470777598243577
lab012,F3,2026-05-18 14:10:39,COLD->OFF,COLD,OFF,-1.7334816162543478,0.0015282791178019978,4.122644182972511,2.5722521236430604
lab012,F3,2026-05-18 14:16:27,OFF->HOT,OFF,HOT,0.4985913862506177,0.016844021140149934,2.7033940461812476,2.9915482350835294
lab012,F3,2026-05-18 14:18:36,HOT->OFF,HOT,OFF,0.87496211415974,0.01999604591897848,2.3470777598243577,2.655632241873827
lab012,F3,2026-05-18 14:21:55,OFF->COLD,OFF,COLD,-1.4803786107274506,0.024119878751475633,2.246338163614327,2.288727810746478
lab012,F3,2026-05-18 14:24:54,COLD->OFF,COLD,OFF,-0.1797219823021012,0.026237197133845844,2.5202068962672834,3.2184344750932685
lab012,F3,2026-05-18 14:30:47,OFF->HOT,OFF,HOT,1.587869437660067,0.02250997054939914,2.49390873226557,3.441192857686911
lab012,F3,2026-05-18 14:33:41,HOT->OFF,HOT,OFF,1.0432048545074963,0.018308101660399423,2.6105805812109986,2.8129011109973368
lab012,F3,2026-05-18 14:36:25,OFF->COLD,OFF,COLD,-2.81523818737346,0.015241754903014647,3.3742526847592154,2.4890646354725874
lab012,F3,2026-05-18 14:40:29,COLD->OFF,COLD,OFF,-0.2326076634154744,0.011915091306537028,3.6926076951556497,2.7963863283872885
lab012,F3,2026-05-18 14:45:47,OFF->HOT,OFF,HOT,2.2773050893340114,0.001799238289833572,2.5729877465231286,3.1221483121457783
lab012,F3,2026-05-18 14:48:26,HOT->OFF,HOT,OFF,1.5593298986873112,-0.004044887596000191,2.811001826935388,2.6037581806884513
lab012,F3,2026-05-18 14:52:05,OFF->COLD,OFF,COLD,-1.9507920387833693,-0.009985834775837697,3.1015261789171165,1.893859649229052
lab012,F3,2026-05-18 14:55:19,COLD->OFF,COLD,OFF,-0.01465254919512926,-0.008796012544691312,3.1459257235646083,2.918591631105197
lab012,F3,2026-05-18 15:01:12,OFF->HOT,OFF,HOT,1.6431621151577116,-0.007694749186801264,2.1998750693752713,3.636041257376334
lab012,F3,2026-05-18 15:03:56,HOT->OFF,HOT,OFF,0.22757917759073532,-0.00908427255241584,2.410396704098937,2.7035655579341684
lab012,F3,2026-05-18 15:06:40,OFF->COLD,OFF,COLD,-2.1038945226950863,-0.011127534772734026,2.596922520058726,2.0702890535655207
lab012,F3,2026-05-18 15:10:19,COLD->OFF,COLD,OFF,-0.47029204254268453,-0.00951172461270291,3.5382795204846054,3.0971061006080016
lab012,F3,2026-05-18 15:16:02,OFF->HOT,OFF,HOT,2.093141736677948,-0.008404754440333395,2.581377256151997,3.4306479980187925
lab012,F3,2026-05-18 15:18:31,HOT->OFF,HOT,OFF,2.3800783969469834,-0.009215694447893875,2.3557971370732895,2.8202615449821504
lab012,F3,2026-05-18 15:21:30,OFF->COLD,OFF,COLD,-0.9694148606922499,-0.011404682490619501,3.187615184080035,2.9206949447256885
lab012,F3,2026-05-18 15:24:19,COLD->OFF,COLD,OFF,-0.6171876396937703,-0.01088052970519664,3.458183401201341,3.196410375776237
lab012,F3,2026-05-18 15:29:32,OFF->HOT,OFF,HOT,0.7633769781622065,-0.008054808410304214,2.8202615449821504,4.102823119847111
lab012,F3,2026-05-18 15:31:51,HOT->OFF,HOT,OFF,1.7967963792560893,-0.005648625373903203,2.4590172086672397,3.286418313200829
lab012,F3,2026-05-18 15:34:50,OFF->COLD,OFF,COLD,-2.056302218710816,-0.002801404659518702,3.084284519338153,2.7345947224984783
lab012,F3,2026-05-18 15:38:14,COLD->OFF,COLD,OFF,-1.4022405537919604,0.001043495624459644,3.4384741233093727,2.60872207534348
lab012,F3,2026-05-18 15:44:31,OFF->HOT,OFF,HOT,2.3392670905468793,0.0018261879626239267,2.720254788233526,3.491439947510995
lab012,F3,2026-05-18 15:46:55,HOT->OFF,HOT,OFF,2.220925969451759,-0.0006570166134245888,2.262082591678216,2.82611959427779
lab012,F3,2026-05-18 15:49:39,OFF->COLD,OFF,COLD,-1.5795090527549778,-0.0023046861934592038,3.0311739318673525,2.2203279758258443
lab012,F3,2026-05-18 15:52:58,COLD->OFF,COLD,OFF,-0.878292817043815,-0.0026959022795968388,3.4551592399945976,2.7813931754886023
lab012,F3,2026-05-18 15:58:07,OFF->HOT,OFF,HOT,0.7649567219453074,0.0006953169531357176,2.82611959427779,3.2047705997981626
lab012,F3,2026-05-18 16:00:21,HOT->OFF,HOT,OFF,1.9442523447719107,0.0010626735875486105,2.408866763167398,2.3841529350069406
lab012,F3,2026-05-18 16:03:40,OFF->COLD,OFF,COLD,-1.738132488267268,0.002207835382623634,2.8540168898655036,2.350411139527595
lab012,F3,2026-05-18 16:07:19,COLD->OFF,COLD,OFF,-1.2231222051993493,0.0027994846741814083,3.1318011964444326,2.417770276585014
lab012,F3,2026-05-18 16:12:57,OFF->HOT,OFF,HOT,1.7618720639502303,0.003964370149264608,2.7400462840384647,2.897964066022146
lab012,F3,2026-05-18 16:14:46,HOT->OFF,HOT,OFF,2.217804197918862,0.004711269478566838,2.350411139527595,2.6885621075345285
lab012,F3,2026-05-18 16:18:45,OFF->COLD,OFF,COLD,-1.936831411063746,0.008573870115020643,3.0885758601265936,1.9486752262721365
lab012,F3,2026-05-18 16:21:14,COLD->OFF,COLD,OFF,-0.7481920451511301,0.010683958454481068,2.6689736364231504,3.031519380989618
lab012,F3,2026-05-18 16:27:07,OFF->HOT,OFF,HOT,0.6465677784155804,0.012772215737507243,1.985018162033192,2.817575237349045
lab012,F3,2026-05-18 16:29:16,HOT->OFF,HOT,OFF,1.3731814969557732,0.013099930020580873,1.8627086523926433,2.653876558486603
lab012,F3,2026-05-18 16:32:25,OFF->COLD,OFF,COLD,-1.618945476789912,0.015190918540791286,2.5538833147001605,2.3476781876264003
lab012,F3,2026-05-18 16:35:54,COLD->OFF,COLD,OFF,-0.2784104567276775,0.019152866532499948,2.7997950858203744,3.0504338461356353
lab012,F3,2026-05-18 16:41:52,OFF->HOT,OFF,HOT,0.48577787902460096,0.022207464808931744,2.498399106165416,3.3121730597910832
lab012,F3,2026-05-18 16:44:01,HOT->OFF,HOT,OFF,0.7440458048695869,0.021928545734732817,2.0276311447345154,2.9888815944391642
lab012,F3,2026-05-18 16:47:15,OFF->COLD,OFF,COLD,-2.089505848317706,0.019495345917775533,2.3845803504197325,2.338050171569591
lab012,F3,2026-05-18 16:50:54,COLD->OFF,COLD,OFF,-0.053635118376256896,0.012625265795766352,3.467281897333105,2.7878051286697927
lab012,F3,2026-05-18 16:56:04,OFF->HOT,OFF,HOT,1.9118002469121786,-0.005376096908693652,2.7651015379436203,3.1786896640201276
lab012,F3,2026-05-18 16:57:59,HOT->OFF,HOT,OFF,2.66338832271136,-0.013696100747833385,2.4877082434638385,2.5708960987400054
lab012,F3,2026-05-18 17:01:33,OFF->COLD,OFF,COLD,0.1283604814453425,-0.027191731663320336,2.153906064410444,1.7544473171379311
lab012,F3,2026-05-18 17:04:12,COLD->OFF,COLD,OFF,-0.27875477646073643,-0.03529573568224284,2.7555905801491902,1.143893538260542
lab012,F3,2026-05-18 18:43:10,OFF->HOT,OFF,HOT,0.24541792244542332,-0.011318782181849053,0.3448991364671727,0.3642872546186204
lab012,F3,2026-05-18 18:56:55,OFF->HOT,OFF,HOT,-0.4497303642610049,-0.014856869489998826,0.3250634540372642,0.5095283097679365
lab012,F3,2026-05-18 19:00:53,OFF->HOT,OFF,HOT,0.24469538095257484,-0.016239364891247554,0.4077189580020957,0.711098855456861
lab012,F3,2026-05-18 19:06:11,OFF->HOT,OFF,HOT,0.9232018632206017,-0.020113671831343896,0.45779088681100305,0.7687188336649431
lab012,F3,2026-05-18 19:07:36,OFF->HOT,OFF,HOT,0.6820321269413294,-0.020911636418378343,0.40975092997973395,0.635837173766944
lab012,F3,2026-05-18 19:09:26,OFF->HOT,OFF,HOT,0.2789662922679027,-0.021240691619377736,0.5424122406477785,0.4390098942007838
