timestamp,flow_filt_sccm,co2_source,process,t_h,reactor_volume_ml_sampling_only,flow_filt_sccm_physical,flow_filt_sccm_v0_corrected,co2_rate_equivalent_g_l_h,co2_increment_g_l,co2_cumulative_observed_lower_bound_g_l
2026-07-06 12:40:00,-0.0001,instrument_filtered,F1,0.6666666666666666,1950.0,0.0,0.0,0.0,0.0,0.0
2026-07-06 12:50:00,-0.0001,instrument_filtered,F1,0.8333333333333334,1950.0,0.0,0.0,0.0,0.0,0.0
2026-07-06 13:00:00,0.00095,instrument_filtered,F1,1.0,1950.0,0.00095,0.0009743589743589743,5.7394760143042464e-05,4.782896678586871e-06,4.782896678586871e-06
2026-07-06 13:10:00,0.0541,instrument_filtered,F1,1.1666666666666667,1950.0,0.0541,0.05548717948717949,0.0032684805513037867,0.00027715627595390255,0.0002819391726324894
2026-07-06 13:20:00,0.1409,instrument_filtered,F1,1.3333333333333333,1950.0,0.1409,0.14451282051282052,0.008512549162268087,0.0009817524761309886,0.001263691648763478
2026-07-06 13:30:00,0.2071,instrument_filtered,F1,1.5,1950.0,0.2071,0.2124102564102564,0.012512057711183255,0.0017520505727876125,0.0030157422215510905
2026-07-06 13:40:00,0.23365,instrument_filtered,F1,1.6666666666666667,1950.0,0.23365,0.23964102564102566,0.014116090218338812,0.0022190123274601734,0.005234754549011264
2026-07-06 13:50:00,0.2229,instrument_filtered,F1,1.8333333333333333,1950.0,0.2229,0.22861538461538458,0.013466623195667542,0.002298559451167194,0.007533314000178457
2026-07-06 14:00:00,0.18409999999999999,instrument_filtered,F1,2.0,1950.0,0.18409999999999999,0.18882051282051282,0.011122500360351702,0.002049093629668271,0.009582407629846728
2026-07-06 14:10:00,0.13235,instrument_filtered,F1,2.1666666666666665,1950.0,0.13235,0.13574358974358974,0.007995996320980706,0.0015932080567776991,0.011175615686624427
2026-07-06 14:20:00,0.07985,instrument_filtered,F1,2.3333333333333335,1950.0,0.07985,0.08189743589743591,0.004824180628865201,0.0010683480791538274,0.012243963765778255
2026-07-06 14:30:00,0.043800000000000006,instrument_filtered,F1,2.5,1950.0,0.043800000000000006,0.04492307692307693,0.0026462005202792208,0.0006225317624287013,0.012866495528206956
2026-07-06 14:40:00,0.0663,instrument_filtered,F1,2.6666666666666665,1950.0,0.0663,0.06799999999999999,0.004005550102614436,0.0005543125519078042,0.01342080808011476
2026-07-06 14:50:00,0.1149,instrument_filtered,F1,2.8333333333333335,1950.0,0.1149,0.11784615384615385,0.006941745200458503,0.0009122746085894133,0.014333082688704172
2026-07-06 15:00:00,0.1515,instrument_filtered,F1,3.0,1950.0,0.1515,0.15538461538461537,0.009152953854390454,0.001341224921237412,0.015674307609941585
2026-07-06 15:10:00,0.1625,instrument_filtered,F1,3.1666666666666665,1950.0,0.1625,0.16666666666666666,0.009817524761309895,0.0015808732179750278,0.017255180827916612
2026-07-06 15:20:00,0.1513,instrument_filtered,F1,3.3333333333333335,1945.0,0.1513,0.15557840616966578,0.009164369129374931,0.0015818244908904048,0.018837005318807016
2026-07-06 15:30:00,0.1226,instrument_filtered,F1,3.5,1945.0,0.1226,0.1260668380462725,0.0074259858245959475,0.001382529579497572,0.020219534898304588
2026-07-06 15:40:00,0.08710000000000001,instrument_filtered,F1,3.6666666666666665,1945.0,0.08710000000000001,0.0895629820051414,0.005275720761193369,0.0010584755488157755,0.02127801044712036
2026-07-06 15:50:00,0.05275,instrument_filtered,F1,3.8333333333333335,1945.0,0.05275,0.05424164524421594,0.0031951121716756624,0.0007059027444057538,0.021983913191526115
2026-07-06 16:00:00,0.024,instrument_filtered,F1,4.0,1945.0,0.024,0.024678663239074552,0.001453700324553856,0.0003874010413524595,0.022371314232878574
2026-07-06 16:10:00,0.00315,instrument_filtered,F1,4.166666666666667,1945.0,0.00315,0.0032390745501285345,0.0001907981675976936,0.00013704154101262938,0.022508355773891202
2026-07-06 16:20:00,-0.0096,instrument_filtered,F1,4.333333333333333,1945.0,0.0,0.0,0.0,1.5899847299807744e-05,0.02252425562119101
2026-07-06 16:30:00,-0.01515,instrument_filtered,F1,4.5,1895.0,0.0,0.0,0.0,0.0,0.02252425562119101
2026-07-06 16:40:00,-0.0154,instrument_filtered,F1,4.666666666666667,1895.0,0.0,0.0,0.0,0.0,0.02252425562119101
2026-07-06 16:50:00,-0.01245,instrument_filtered,F1,4.833333333333333,1895.0,0.0,0.0,0.0,0.0,0.02252425562119101
2026-07-06 17:00:00,-0.00805,instrument_filtered,F1,5.0,1895.0,0.0,0.0,0.0,0.0,0.02252425562119101
2026-07-06 17:10:00,-0.0038,instrument_filtered,F1,5.166666666666667,1895.0,0.0,0.0,0.0,0.0,0.02252425562119101
2026-07-06 17:20:00,-0.0003,instrument_filtered,F1,5.333333333333333,1895.0,0.0,0.0,0.0,0.0,0.02252425562119101
2026-07-06 17:30:00,0.0019,instrument_filtered,F1,5.5,1895.0,0.0019,0.0020052770448548813,0.00011812114224689478,9.843428520574582e-06,0.022534099049711584
2026-07-06 17:40:00,0.00295,instrument_filtered,F1,5.666666666666667,1895.0,0.00295,0.003113456464379947,0.00018339861559386292,2.512664648672985e-05,0.022559225696198313
2026-07-06 17:50:00,0.0031,instrument_filtered,F1,5.833333333333333,1895.0,0.0031,0.0032717678100263855,0.0001927239689291441,3.1343548710250476e-05,0.022590569244908563
2026-07-06 18:00:00,0.0026,instrument_filtered,F1,6.0,1895.0,0.0026,0.002744063324538259,0.0001616394578115402,2.9530285561723743e-05,0.022620099530470287
2026-07-06 18:10:00,0.00185,instrument_filtered,F1,6.166666666666667,1895.0,0.00185,0.0019525065963060687,0.00011501269113513438,2.305434574555626e-05,0.022643153876215842
2026-07-06 18:20:00,0.0010500000000000002,instrument_filtered,F1,6.333333333333333,1895.0,0.0010500000000000002,0.001108179419525066,6.527747334696817e-05,1.5024180373508492e-05,0.022658178056589352
2026-07-06 18:30:00,0.0004,instrument_filtered,F1,6.5,1895.0,0.0004,0.00042216358839050134,2.4867608894083114e-05,7.512090186754287e-06,0.022665690146776107
2026-07-06 18:40:00,-0.0001,instrument_filtered,F1,6.666666666666667,1895.0,0.0,0.0,0.0,2.0723007411735965e-06,0.02266776244751728
2026-07-06 18:50:00,-0.0004,instrument_filtered,F1,6.833333333333333,1895.0,0.0,0.0,0.0,0.0,0.02266776244751728
2026-07-06 19:00:00,-0.0005,instrument_filtered,F1,7.0,1895.0,0.0,0.0,0.0,0.0,0.02266776244751728
2026-07-06 19:10:00,-0.0005,instrument_filtered,F1,7.166666666666667,1895.0,0.0,0.0,0.0,0.0,0.02266776244751728
2026-07-06 19:20:00,-0.0004,instrument_filtered,F1,7.333333333333333,1895.0,0.0,0.0,0.0,0.0,0.02266776244751728
2026-07-06 19:30:00,-0.0002,instrument_filtered,F1,7.5,1895.0,0.0,0.0,0.0,0.0,0.02266776244751728
2026-07-06 19:40:00,-0.0001,instrument_filtered,F1,7.666666666666667,1895.0,0.0,0.0,0.0,0.0,0.02266776244751728
2026-07-06 19:50:00,0.0,instrument_filtered,F1,7.833333333333333,1895.0,0.0,0.0,0.0,0.0,0.02266776244751728
2026-07-06 20:00:00,0.0,instrument_filtered,F1,8.0,1895.0,0.0,0.0,0.0,0.0,0.02266776244751728
2026-07-06 20:10:00,0.0001,instrument_filtered,F1,8.166666666666666,1895.0,0.0001,0.00010554089709762533,6.2169022235207786e-06,5.180751852933964e-07,0.022668280522702575
2026-07-06 20:20:00,0.0001,instrument_filtered,F1,8.333333333333334,1895.0,0.0001,0.00010554089709762533,6.2169022235207786e-06,1.0361503705868038e-06,0.02266931667307316
2026-07-06 20:30:00,0.0001,instrument_filtered,F1,8.5,1895.0,0.0001,0.00010554089709762533,6.2169022235207786e-06,1.0361503705867928e-06,0.02267035282344375
2026-07-06 20:40:00,0.0,instrument_filtered,F1,8.666666666666666,1895.0,0.0,0.0,0.0,5.180751852933964e-07,0.022670870898629042
2026-07-06 20:50:00,0.0,instrument_filtered,F1,8.833333333333334,1895.0,0.0,0.0,0.0,0.0,0.022670870898629042
2026-07-06 21:00:00,0.0,instrument_filtered,F1,9.0,1895.0,0.0,0.0,0.0,0.0,0.022670870898629042
2026-07-06 21:10:00,-0.0,instrument_filtered,F1,9.166666666666666,1895.0,-0.0,-0.0,-0.0,0.0,0.022670870898629042
2026-07-06 21:20:00,-0.0,instrument_filtered,F1,9.333333333333334,1895.0,-0.0,-0.0,-0.0,-0.0,0.022670870898629042
2026-07-06 21:30:00,-0.0,instrument_filtered,F1,9.5,1895.0,-0.0,-0.0,-0.0,-0.0,0.022670870898629042
2026-07-06 21:40:00,-0.0,instrument_filtered,F1,9.666666666666666,1895.0,-0.0,-0.0,-0.0,-0.0,0.022670870898629042
2026-07-06 21:50:00,-0.0,instrument_filtered,F1,9.833333333333334,1895.0,-0.0,-0.0,-0.0,-0.0,0.022670870898629042
2026-07-06 22:00:00,-0.0,instrument_filtered,F1,10.0,1895.0,-0.0,-0.0,-0.0,-0.0,0.022670870898629042
2026-07-06 22:10:00,-0.0,instrument_filtered,F1,10.166666666666666,1895.0,-0.0,-0.0,-0.0,-0.0,0.022670870898629042
2026-07-06 22:20:00,0.0,instrument_filtered,F1,10.333333333333334,1895.0,0.0,0.0,0.0,0.0,0.022670870898629042
2026-07-06 22:30:00,0.0,instrument_filtered,F1,10.5,1895.0,0.0,0.0,0.0,0.0,0.022670870898629042
2026-07-06 22:40:00,0.0,instrument_filtered,F1,10.666666666666666,1895.0,0.0,0.0,0.0,0.0,0.022670870898629042
2026-07-06 22:50:00,0.0,instrument_filtered,F1,10.833333333333334,1895.0,0.0,0.0,0.0,0.0,0.022670870898629042
2026-07-06 23:00:00,0.0,instrument_filtered,F1,11.0,1895.0,0.0,0.0,0.0,0.0,0.022670870898629042
2026-07-06 23:10:00,0.0,instrument_filtered,F1,11.166666666666666,1895.0,0.0,0.0,0.0,0.0,0.022670870898629042
2026-07-06 23:20:00,0.0,instrument_filtered,F1,11.333333333333334,1895.0,0.0,0.0,0.0,0.0,0.022670870898629042
2026-07-06 23:30:00,0.0,instrument_filtered,F1,11.5,1895.0,0.0,0.0,0.0,0.0,0.022670870898629042
2026-07-06 23:40:00,-0.0,instrument_filtered,F1,11.666666666666666,1895.0,-0.0,-0.0,-0.0,0.0,0.022670870898629042
2026-07-06 23:50:00,-0.0,instrument_filtered,F1,11.833333333333334,1895.0,-0.0,-0.0,-0.0,-0.0,0.022670870898629042
2026-07-07 00:00:00,-0.0,instrument_filtered,F1,12.0,1895.0,-0.0,-0.0,-0.0,-0.0,0.022670870898629042
2026-07-07 00:10:00,-0.0,instrument_filtered,F1,12.166666666666666,1895.0,-0.0,-0.0,-0.0,-0.0,0.022670870898629042
2026-07-07 00:20:00,-0.0,instrument_filtered,F1,12.333333333333334,1895.0,-0.0,-0.0,-0.0,-0.0,0.022670870898629042
2026-07-07 00:30:00,-0.0,instrument_filtered,F1,12.5,1895.0,-0.0,-0.0,-0.0,-0.0,0.022670870898629042
2026-07-07 00:40:00,-0.0,instrument_filtered,F1,12.666666666666666,1895.0,-0.0,-0.0,-0.0,-0.0,0.022670870898629042
2026-07-07 00:50:00,-0.0,instrument_filtered,F1,12.833333333333334,1895.0,-0.0,-0.0,-0.0,-0.0,0.022670870898629042
2026-07-07 01:00:00,0.0,instrument_filtered,F1,13.0,1895.0,0.0,0.0,0.0,0.0,0.022670870898629042
2026-07-07 01:10:00,0.0,instrument_filtered,F1,13.166666666666666,1895.0,0.0,0.0,0.0,0.0,0.022670870898629042
2026-07-07 01:20:00,0.0,instrument_filtered,F1,13.333333333333334,1895.0,0.0,0.0,0.0,0.0,0.022670870898629042
2026-07-07 01:30:00,0.0,instrument_filtered,F1,13.5,1895.0,0.0,0.0,0.0,0.0,0.022670870898629042
2026-07-07 01:40:00,0.0,instrument_filtered,F1,13.666666666666666,1895.0,0.0,0.0,0.0,0.0,0.022670870898629042
2026-07-07 01:50:00,0.0,instrument_filtered,F1,13.833333333333334,1895.0,0.0,0.0,0.0,0.0,0.022670870898629042
2026-07-07 02:00:00,0.0,instrument_filtered,F1,14.0,1895.0,0.0,0.0,0.0,0.0,0.022670870898629042
2026-07-07 02:10:00,-0.0,instrument_filtered,F1,14.166666666666666,1895.0,-0.0,-0.0,-0.0,0.0,0.022670870898629042
2026-07-07 02:20:00,-0.0,instrument_filtered,F1,14.333333333333334,1895.0,-0.0,-0.0,-0.0,-0.0,0.022670870898629042
2026-07-07 02:30:00,-0.0,instrument_filtered,F1,14.5,1895.0,-0.0,-0.0,-0.0,-0.0,0.022670870898629042
2026-07-07 02:40:00,-0.0,instrument_filtered,F1,14.666666666666666,1895.0,-0.0,-0.0,-0.0,-0.0,0.022670870898629042
2026-07-07 02:50:00,-0.0,instrument_filtered,F1,14.833333333333334,1895.0,-0.0,-0.0,-0.0,-0.0,0.022670870898629042
2026-07-07 03:00:00,-0.0,instrument_filtered,F1,15.0,1895.0,-0.0,-0.0,-0.0,-0.0,0.022670870898629042
2026-07-07 03:10:00,-0.0,instrument_filtered,F1,15.166666666666666,1895.0,-0.0,-0.0,-0.0,-0.0,0.022670870898629042
2026-07-07 03:20:00,-0.0,instrument_filtered,F1,15.333333333333334,1895.0,-0.0,-0.0,-0.0,-0.0,0.022670870898629042
2026-07-07 03:30:00,0.0,instrument_filtered,F1,15.5,1895.0,0.0,0.0,0.0,0.0,0.022670870898629042
2026-07-07 03:40:00,0.0,instrument_filtered,F1,15.666666666666666,1895.0,0.0,0.0,0.0,0.0,0.022670870898629042
2026-07-07 03:50:00,0.0,instrument_filtered,F1,15.833333333333334,1895.0,0.0,0.0,0.0,0.0,0.022670870898629042
2026-07-07 04:00:00,0.0,instrument_filtered,F1,16.0,1895.0,0.0,0.0,0.0,0.0,0.022670870898629042
2026-07-07 04:10:00,0.0,instrument_filtered,F1,16.166666666666668,1895.0,0.0,0.0,0.0,0.0,0.022670870898629042
2026-07-07 04:20:00,0.0,instrument_filtered,F1,16.333333333333332,1895.0,0.0,0.0,0.0,0.0,0.022670870898629042
2026-07-07 04:30:00,0.0,instrument_filtered,F1,16.5,1895.0,0.0,0.0,0.0,0.0,0.022670870898629042
2026-07-07 04:40:00,-0.0,instrument_filtered,F1,16.666666666666668,1895.0,-0.0,-0.0,-0.0,0.0,0.022670870898629042
2026-07-07 04:50:00,-0.0,instrument_filtered,F1,16.833333333333332,1895.0,-0.0,-0.0,-0.0,-0.0,0.022670870898629042
2026-07-07 05:00:00,-0.0,instrument_filtered,F1,17.0,1895.0,-0.0,-0.0,-0.0,-0.0,0.022670870898629042
2026-07-07 05:10:00,-0.0,instrument_filtered,F1,17.166666666666668,1895.0,-0.0,-0.0,-0.0,-0.0,0.022670870898629042
2026-07-07 05:20:00,-0.0,instrument_filtered,F1,17.333333333333332,1895.0,-0.0,-0.0,-0.0,-0.0,0.022670870898629042
2026-07-07 05:30:00,-0.0,instrument_filtered,F1,17.5,1895.0,-0.0,-0.0,-0.0,-0.0,0.022670870898629042
2026-07-07 05:40:00,-0.0,instrument_filtered,F1,17.666666666666668,1895.0,-0.0,-0.0,-0.0,-0.0,0.022670870898629042
2026-07-07 05:50:00,-0.0,instrument_filtered,F1,17.833333333333332,1895.0,-0.0,-0.0,-0.0,-0.0,0.022670870898629042
2026-07-07 06:00:00,0.0,instrument_filtered,F1,18.0,1895.0,0.0,0.0,0.0,0.0,0.022670870898629042
2026-07-07 06:10:00,0.0,instrument_filtered,F1,18.166666666666668,1895.0,0.0,0.0,0.0,0.0,0.022670870898629042
2026-07-07 06:20:00,0.0,instrument_filtered,F1,18.333333333333332,1895.0,0.0,0.0,0.0,0.0,0.022670870898629042
2026-07-07 06:30:00,0.0,instrument_filtered,F1,18.5,1895.0,0.0,0.0,0.0,0.0,0.022670870898629042
2026-07-07 06:40:00,0.0,instrument_filtered,F1,18.666666666666668,1895.0,0.0,0.0,0.0,0.0,0.022670870898629042
2026-07-07 06:50:00,0.0,instrument_filtered,F1,18.833333333333332,1895.0,0.0,0.0,0.0,0.0,0.022670870898629042
2026-07-07 07:00:00,0.0,instrument_filtered,F1,19.0,1895.0,0.0,0.0,0.0,0.0,0.022670870898629042
2026-07-07 07:10:00,-0.0,instrument_filtered,F1,19.166666666666668,1895.0,-0.0,-0.0,-0.0,0.0,0.022670870898629042
2026-07-07 07:20:00,-0.0,instrument_filtered,F1,19.333333333333332,1895.0,-0.0,-0.0,-0.0,-0.0,0.022670870898629042
2026-07-07 07:30:00,-0.0,instrument_filtered,F1,19.5,1895.0,-0.0,-0.0,-0.0,-0.0,0.022670870898629042
2026-07-07 07:40:00,-0.0,instrument_filtered,F1,19.666666666666668,1895.0,-0.0,-0.0,-0.0,-0.0,0.022670870898629042
2026-07-07 07:50:00,-0.0,instrument_filtered,F1,19.833333333333332,1895.0,-0.0,-0.0,-0.0,-0.0,0.022670870898629042
2026-07-07 08:00:00,-0.0,instrument_filtered,F1,20.0,1895.0,-0.0,-0.0,-0.0,-0.0,0.022670870898629042
2026-07-07 08:10:00,0.0,instrument_filtered,F1,20.166666666666668,1895.0,0.0,0.0,0.0,0.0,0.022670870898629042
2026-07-07 08:20:00,0.0001,instrument_filtered,F1,20.333333333333332,1895.0,0.0001,0.00010554089709762533,6.2169022235207786e-06,5.180751852933909e-07,0.022671388973814335
2026-07-07 08:30:00,0.0004,instrument_filtered,F1,20.5,1895.0,0.0004,0.00042216358839050134,2.4867608894083114e-05,2.5903759264670094e-06,0.022673979349740803
2026-07-07 08:40:00,0.0007,instrument_filtered,F1,20.666666666666668,1895.0,0.0007,0.0007387862796833772,4.351831556464544e-05,5.6988270382274195e-06,0.02267967817677903
2026-07-07 08:50:00,0.0009,instrument_filtered,F1,20.833333333333332,1895.0,0.0009,0.000949868073878628,5.5952120011687005e-05,8.289202964694252e-06,0.022687967379743726
2026-07-07 09:00:00,0.0009,instrument_filtered,F1,21.0,1845.0,0.0009,0.000975609756097561,5.746843762717986e-05,9.451713136572306e-06,0.022697419092880297
2026-07-07 09:10:00,0.0007,instrument_filtered,F1,21.166666666666668,1845.0,0.0007,0.0007588075880758808,4.46976737100288e-05,8.513842611434116e-06,0.02270593293549173
2026-07-07 09:20:00,0.0006,instrument_filtered,F1,21.333333333333332,1845.0,0.0006,0.0006504065040650406,3.8312291751453246e-05,6.917497121790072e-06,0.02271285043261352
2026-07-07 09:30:00,0.0004,instrument_filtered,F1,21.5,1845.0,0.0004,0.00043360433604336043,2.5541527834302164e-05,5.321151632146322e-06,0.022718171584245668
2026-07-07 09:40:00,0.0002,instrument_filtered,F1,21.666666666666668,1845.0,0.0002,0.00021680216802168022,1.2770763917151082e-05,3.1926909792877934e-06,0.022721364275224955
2026-07-07 09:50:00,0.0,instrument_filtered,F1,21.833333333333332,1845.0,0.0,0.0,0.0,1.0642303264292418e-06,0.022722428505551385
2026-07-07 10:00:00,-0.0,instrument_filtered,F1,22.0,1845.0,-0.0,-0.0,-0.0,0.0,0.022722428505551385
2026-07-07 10:10:00,-0.0001,instrument_filtered,F1,22.166666666666668,1845.0,0.0,0.0,0.0,0.0,0.022722428505551385
2026-07-07 10:20:00,-0.0001,instrument_filtered,F1,22.333333333333332,1845.0,0.0,0.0,0.0,0.0,0.022722428505551385
2026-07-07 10:30:00,-0.0001,instrument_filtered,F1,22.5,1845.0,0.0,0.0,0.0,0.0,0.022722428505551385
2026-07-07 10:40:00,-0.0001,instrument_filtered,F1,22.666666666666668,1845.0,0.0,0.0,0.0,0.0,0.022722428505551385
2026-07-07 10:50:00,-0.0,instrument_filtered,F1,22.833333333333332,1845.0,-0.0,-0.0,-0.0,0.0,0.022722428505551385
2026-07-07 11:00:00,-0.0,instrument_filtered,F1,23.0,1845.0,-0.0,-0.0,-0.0,-0.0,0.022722428505551385
2026-07-07 11:10:00,0.0,instrument_filtered,F1,23.166666666666668,1845.0,0.0,0.0,0.0,0.0,0.022722428505551385
2026-07-07 11:20:00,0.0,instrument_filtered,F1,23.333333333333332,1845.0,0.0,0.0,0.0,0.0,0.022722428505551385
2026-07-07 11:30:00,0.0,instrument_filtered,F1,23.5,1845.0,0.0,0.0,0.0,0.0,0.022722428505551385
2026-07-07 11:40:00,0.0,instrument_filtered,F1,23.666666666666668,1845.0,0.0,0.0,0.0,0.0,0.022722428505551385
2026-07-07 11:50:00,0.0,instrument_filtered,F1,23.833333333333332,1845.0,0.0,0.0,0.0,0.0,0.022722428505551385
2026-07-07 12:00:00,0.01245,instrument_filtered,F1,24.0,1840.0,0.01245,0.013532608695652173,0.0007971403257280968,6.642836047734187e-05,0.022788856866028728
2026-07-07 12:10:00,0.0979,instrument_filtered,F1,24.166666666666668,1840.0,0.0979,0.10641304347826087,0.006268276135645035,0.0005887847051144319,0.023377641571143158
2026-07-07 12:20:00,0.19419999999999998,instrument_filtered,F1,24.333333333333332,1840.0,0.19419999999999998,0.21108695652173912,0.012434108534650313,0.0015585320558579236,0.024936173627001082
2026-07-07 12:30:00,0.2565,instrument_filtered,F1,24.5,1840.0,0.2565,0.27880434782608693,0.01642301153006079,0.0024047600053926092,0.02734093363239369
2026-07-07 12:40:00,0.27044999999999997,instrument_filtered,F1,24.666666666666668,1840.0,0.27044999999999997,0.2939673913043478,0.017316192858888656,0.0028116003657458074,0.030152533998139497
2026-07-07 12:50:00,0.24485,instrument_filtered,F1,24.833333333333332,1840.0,0.24485,0.2661413043478261,0.01567709307265257,0.0027494404942950633,0.03290197449243456
2026-07-07 13:00:00,0.193,instrument_filtered,F1,25.0,1840.0,0.193,0.20978260869565218,0.012357275732170499,0.002336197400401939,0.0352381718928365
2026-07-07 13:10:00,0.1314,instrument_filtered,F1,25.166666666666668,1840.0,0.1314,0.14282608695652171,0.008413191871539912,0.001730872300309213,0.036969044193145714
2026-07-07 13:20:00,0.07285,instrument_filtered,F1,25.333333333333332,1840.0,0.07285,0.07918478260869564,0.004664391383878864,0.0010897986046182158,0.03805884279776393
2026-07-07 13:30:00,0.02565,instrument_filtered,F1,25.5,1840.0,0.02565,0.027880434782608696,0.001642301153006079,0.0005255577114070823,0.03858440050917101
2026-07-07 13:40:00,-0.0069,instrument_filtered,F1,25.666666666666668,1840.0,0.0,0.0,0.0,0.00013685842941717422,0.03872125893858818
2026-07-07 13:50:00,-0.0249,instrument_filtered,F1,25.833333333333332,1840.0,0.0,0.0,0.0,0.0,0.03872125893858818
2026-07-07 14:00:00,-0.0309,instrument_filtered,F1,26.0,1840.0,0.0,0.0,0.0,0.0,0.03872125893858818
2026-07-07 14:10:00,-0.02885,instrument_filtered,F1,26.166666666666668,1840.0,0.0,0.0,0.0,0.0,0.03872125893858818
2026-07-07 14:20:00,-0.0221,instrument_filtered,F1,26.333333333333332,1840.0,0.0,0.0,0.0,0.0,0.03872125893858818
2026-07-07 14:30:00,-0.0138,instrument_filtered,F1,26.5,1840.0,0.0,0.0,0.0,0.0,0.03872125893858818
2026-07-07 14:40:00,-0.0060999999999999995,instrument_filtered,F1,26.666666666666668,1840.0,0.0,0.0,0.0,0.0,0.03872125893858818
2026-07-07 14:50:00,-0.0002,instrument_filtered,F1,26.833333333333332,1840.0,0.0,0.0,0.0,0.0,0.03872125893858818
2026-07-07 15:00:00,0.0035,instrument_filtered,F1,27.0,1835.0,0.0035,0.0038147138964577656,0.00022470628881472235,1.8725524067893663e-05,0.03873998446265607
2026-07-07 15:10:00,0.0052,instrument_filtered,F1,27.166666666666668,1835.0,0.0052,0.005667574931880109,0.0003338493433818733,4.654630268304996e-05,0.03878653076533912
2026-07-07 15:20:00,0.0052499999999999995,instrument_filtered,F1,27.333333333333332,1835.0,0.0052499999999999995,0.005722070844686647,0.0003370594332220835,5.59090647169956e-05,0.038842439830056114
2026-07-07 15:30:00,0.00435,instrument_filtered,F1,27.5,1835.0,0.00435,0.004741144414168937,0.0002792778160982978,5.136143744336547e-05,0.03889380126749948
2026-07-07 15:40:00,0.003,instrument_filtered,F1,27.666666666666668,1835.0,0.003,0.0032697547683923707,0.00019260539041261922,3.9323600542576696e-05,0.038933124868042054
2026-07-07 15:50:00,0.0016,instrument_filtered,F1,27.833333333333332,1835.0,0.0016,0.0017438692098092645,0.00010272287488673025,2.4610688774945438e-05,0.038957735556817
2026-07-07 16:00:00,0.0005,instrument_filtered,F1,28.0,1835.0,0.0005,0.0005449591280653951,3.21008984021032e-05,1.12353144407362e-05,0.03896897087125774
2026-07-07 16:10:00,-0.0003,instrument_filtered,F1,28.166666666666668,1835.0,0.0,0.0,0.0,2.6750748668419526e-06,0.03897164594612458
2026-07-07 16:20:00,-0.0007,instrument_filtered,F1,28.333333333333332,1835.0,0.0,0.0,0.0,0.0,0.03897164594612458
2026-07-07 16:30:00,-0.0009,instrument_filtered,F1,28.5,1835.0,0.0,0.0,0.0,0.0,0.03897164594612458
2026-07-07 16:40:00,-0.0008,instrument_filtered,F1,28.666666666666668,1835.0,0.0,0.0,0.0,0.0,0.03897164594612458
2026-07-07 16:50:00,-0.0006,instrument_filtered,F1,28.833333333333332,1835.0,0.0,0.0,0.0,0.0,0.03897164594612458
2026-07-07 17:00:00,-0.0004,instrument_filtered,F1,29.0,1785.0,0.0,0.0,0.0,0.0,0.03897164594612458
2026-07-07 17:10:00,-0.0002,instrument_filtered,F1,29.166666666666668,1785.0,0.0,0.0,0.0,0.0,0.03897164594612458
2026-07-07 17:20:00,0.0,instrument_filtered,F1,29.333333333333332,1785.0,0.0,0.0,0.0,0.0,0.03897164594612458
2026-07-07 17:30:00,0.0001,instrument_filtered,F1,29.5,1785.0,0.0001,0.00011204481792717087,6.600016646258753e-06,5.500013871882334e-07,0.03897219594751177
2026-07-07 17:40:00,0.0001,instrument_filtered,F1,29.666666666666668,1785.0,0.0001,0.00011204481792717087,6.600016646258753e-06,1.1000027743764667e-06,0.038973295950286146
2026-07-07 17:50:00,0.0001,instrument_filtered,F1,29.833333333333332,1785.0,0.0001,0.00011204481792717087,6.600016646258753e-06,1.1000027743764432e-06,0.03897439595306052
2026-07-07 18:00:00,0.0001,instrument_filtered,F1,30.0,1785.0,0.0001,0.00011204481792717087,6.600016646258753e-06,1.1000027743764667e-06,0.038975495955834896
2026-07-07 18:10:00,0.0001,instrument_filtered,F1,30.166666666666668,1785.0,0.0001,0.00011204481792717087,6.600016646258753e-06,1.1000027743764667e-06,0.03897659595860927
2026-07-07 18:20:00,0.0,instrument_filtered,F1,30.333333333333332,1785.0,0.0,0.0,0.0,5.500013871882216e-07,0.03897714595999646
2026-07-07 18:30:00,0.0,instrument_filtered,F1,30.5,1785.0,0.0,0.0,0.0,0.0,0.03897714595999646
2026-07-07 18:40:00,-0.0,instrument_filtered,F1,30.666666666666668,1785.0,-0.0,-0.0,-0.0,0.0,0.03897714595999646
2026-07-07 18:50:00,-0.0,instrument_filtered,F1,30.833333333333332,1785.0,-0.0,-0.0,-0.0,-0.0,0.03897714595999646
2026-07-07 19:00:00,-0.0,instrument_filtered,F1,31.0,1785.0,-0.0,-0.0,-0.0,-0.0,0.03897714595999646
2026-07-07 19:10:00,-0.0,instrument_filtered,F1,31.166666666666668,1785.0,-0.0,-0.0,-0.0,-0.0,0.03897714595999646
2026-07-07 19:20:00,-0.0,instrument_filtered,F1,31.333333333333332,1785.0,-0.0,-0.0,-0.0,-0.0,0.03897714595999646
2026-07-07 19:30:00,-0.0,instrument_filtered,F1,31.5,1785.0,-0.0,-0.0,-0.0,-0.0,0.03897714595999646
2026-07-07 19:40:00,-0.0,instrument_filtered,F1,31.666666666666668,1785.0,-0.0,-0.0,-0.0,-0.0,0.03897714595999646
2026-07-07 19:50:00,0.0,instrument_filtered,F1,31.833333333333332,1785.0,0.0,0.0,0.0,0.0,0.03897714595999646
2026-07-07 20:00:00,0.0,instrument_filtered,F1,32.0,1785.0,0.0,0.0,0.0,0.0,0.03897714595999646
2026-07-07 20:10:00,0.0,instrument_filtered,F1,32.166666666666664,1785.0,0.0,0.0,0.0,0.0,0.03897714595999646
2026-07-07 20:20:00,0.0,instrument_filtered,F1,32.333333333333336,1785.0,0.0,0.0,0.0,0.0,0.03897714595999646
2026-07-07 20:30:00,0.0,instrument_filtered,F1,32.5,1785.0,0.0,0.0,0.0,0.0,0.03897714595999646
2026-07-07 20:40:00,0.0,instrument_filtered,F1,32.666666666666664,1785.0,0.0,0.0,0.0,0.0,0.03897714595999646
2026-07-07 20:50:00,0.0,instrument_filtered,F1,32.833333333333336,1785.0,0.0,0.0,0.0,0.0,0.03897714595999646
2026-07-07 21:00:00,0.0,instrument_filtered,F1,33.0,1785.0,0.0,0.0,0.0,0.0,0.03897714595999646
2026-07-07 21:10:00,-0.0,instrument_filtered,F1,33.166666666666664,1785.0,-0.0,-0.0,-0.0,0.0,0.03897714595999646
2026-07-07 21:20:00,-0.0,instrument_filtered,F1,33.333333333333336,1785.0,-0.0,-0.0,-0.0,-0.0,0.03897714595999646
2026-07-07 21:30:00,-0.0,instrument_filtered,F1,33.5,1785.0,-0.0,-0.0,-0.0,-0.0,0.03897714595999646
2026-07-07 21:40:00,-0.0,instrument_filtered,F1,33.666666666666664,1785.0,-0.0,-0.0,-0.0,-0.0,0.03897714595999646
2026-07-07 21:50:00,-0.0,instrument_filtered,F1,33.833333333333336,1785.0,-0.0,-0.0,-0.0,-0.0,0.03897714595999646
2026-07-07 22:00:00,-0.0,instrument_filtered,F1,34.0,1785.0,-0.0,-0.0,-0.0,-0.0,0.03897714595999646
2026-07-07 22:10:00,-0.0,instrument_filtered,F1,34.166666666666664,1785.0,-0.0,-0.0,-0.0,-0.0,0.03897714595999646
2026-07-07 22:20:00,0.0,instrument_filtered,F1,34.333333333333336,1785.0,0.0,0.0,0.0,0.0,0.03897714595999646
2026-07-07 22:30:00,0.0,instrument_filtered,F1,34.5,1785.0,0.0,0.0,0.0,0.0,0.03897714595999646
2026-07-07 22:40:00,0.0,instrument_filtered,F1,34.666666666666664,1785.0,0.0,0.0,0.0,0.0,0.03897714595999646
2026-07-07 22:50:00,0.0,instrument_filtered,F1,34.833333333333336,1785.0,0.0,0.0,0.0,0.0,0.03897714595999646
2026-07-07 23:00:00,0.0,instrument_filtered,F1,35.0,1785.0,0.0,0.0,0.0,0.0,0.03897714595999646
2026-07-07 23:10:00,0.0,instrument_filtered,F1,35.166666666666664,1785.0,0.0,0.0,0.0,0.0,0.03897714595999646
2026-07-07 23:20:00,0.0,instrument_filtered,F1,35.333333333333336,1785.0,0.0,0.0,0.0,0.0,0.03897714595999646
2026-07-07 23:30:00,0.0,instrument_filtered,F1,35.5,1785.0,0.0,0.0,0.0,0.0,0.03897714595999646
2026-07-07 23:40:00,-0.0,instrument_filtered,F1,35.666666666666664,1785.0,-0.0,-0.0,-0.0,0.0,0.03897714595999646
2026-07-07 23:50:00,-0.0,instrument_filtered,F1,35.833333333333336,1785.0,-0.0,-0.0,-0.0,-0.0,0.03897714595999646
2026-07-08 00:00:00,-0.0,instrument_filtered,F1,36.0,1785.0,-0.0,-0.0,-0.0,-0.0,0.03897714595999646
2026-07-08 00:10:00,-0.0,instrument_filtered,F1,36.166666666666664,1785.0,-0.0,-0.0,-0.0,-0.0,0.03897714595999646
2026-07-08 00:20:00,-0.0,instrument_filtered,F1,36.333333333333336,1785.0,-0.0,-0.0,-0.0,-0.0,0.03897714595999646
2026-07-08 00:30:00,-0.0,instrument_filtered,F1,36.5,1785.0,-0.0,-0.0,-0.0,-0.0,0.03897714595999646
2026-07-08 00:40:00,-0.0,instrument_filtered,F1,36.666666666666664,1785.0,-0.0,-0.0,-0.0,-0.0,0.03897714595999646
2026-07-08 00:50:00,-0.0,instrument_filtered,F1,36.833333333333336,1785.0,-0.0,-0.0,-0.0,-0.0,0.03897714595999646
2026-07-08 01:00:00,0.0,instrument_filtered,F1,37.0,1785.0,0.0,0.0,0.0,0.0,0.03897714595999646
2026-07-08 01:10:00,0.0,instrument_filtered,F1,37.166666666666664,1785.0,0.0,0.0,0.0,0.0,0.03897714595999646
2026-07-08 01:20:00,0.0,instrument_filtered,F1,37.333333333333336,1785.0,0.0,0.0,0.0,0.0,0.03897714595999646
2026-07-08 01:30:00,0.0,instrument_filtered,F1,37.5,1785.0,0.0,0.0,0.0,0.0,0.03897714595999646
2026-07-08 01:40:00,0.0,instrument_filtered,F1,37.666666666666664,1785.0,0.0,0.0,0.0,0.0,0.03897714595999646
2026-07-08 01:50:00,0.0,instrument_filtered,F1,37.833333333333336,1785.0,0.0,0.0,0.0,0.0,0.03897714595999646
2026-07-08 02:00:00,0.0,instrument_filtered,F1,38.0,1785.0,0.0,0.0,0.0,0.0,0.03897714595999646
2026-07-08 02:10:00,-0.0,instrument_filtered,F1,38.166666666666664,1785.0,-0.0,-0.0,-0.0,0.0,0.03897714595999646
2026-07-08 02:20:00,-0.0,instrument_filtered,F1,38.333333333333336,1785.0,-0.0,-0.0,-0.0,-0.0,0.03897714595999646
2026-07-08 02:30:00,-0.0,instrument_filtered,F1,38.5,1785.0,-0.0,-0.0,-0.0,-0.0,0.03897714595999646
2026-07-08 02:40:00,-0.0,instrument_filtered,F1,38.666666666666664,1785.0,-0.0,-0.0,-0.0,-0.0,0.03897714595999646
2026-07-08 02:50:00,-0.0,instrument_filtered,F1,38.833333333333336,1785.0,-0.0,-0.0,-0.0,-0.0,0.03897714595999646
2026-07-08 03:00:00,-0.0,instrument_filtered,F1,39.0,1785.0,-0.0,-0.0,-0.0,-0.0,0.03897714595999646
2026-07-08 03:10:00,-0.0,instrument_filtered,F1,39.166666666666664,1785.0,-0.0,-0.0,-0.0,-0.0,0.03897714595999646
2026-07-08 03:20:00,0.0,instrument_filtered,F1,39.333333333333336,1785.0,0.0,0.0,0.0,0.0,0.03897714595999646
2026-07-08 03:30:00,0.0,instrument_filtered,F1,39.5,1785.0,0.0,0.0,0.0,0.0,0.03897714595999646
2026-07-08 03:40:00,0.0,instrument_filtered,F1,39.666666666666664,1785.0,0.0,0.0,0.0,0.0,0.03897714595999646
2026-07-08 03:50:00,0.0,instrument_filtered,F1,39.833333333333336,1785.0,0.0,0.0,0.0,0.0,0.03897714595999646
2026-07-08 04:00:00,0.0,instrument_filtered,F1,40.0,1785.0,0.0,0.0,0.0,0.0,0.03897714595999646
2026-07-08 04:10:00,0.0,instrument_filtered,F1,40.166666666666664,1785.0,0.0,0.0,0.0,0.0,0.03897714595999646
2026-07-08 04:20:00,0.0,instrument_filtered,F1,40.333333333333336,1785.0,0.0,0.0,0.0,0.0,0.03897714595999646
2026-07-08 04:30:00,0.0,instrument_filtered,F1,40.5,1785.0,0.0,0.0,0.0,0.0,0.03897714595999646
2026-07-08 04:40:00,-0.0,instrument_filtered,F1,40.666666666666664,1785.0,-0.0,-0.0,-0.0,0.0,0.03897714595999646
2026-07-08 04:50:00,-0.0,instrument_filtered,F1,40.833333333333336,1785.0,-0.0,-0.0,-0.0,-0.0,0.03897714595999646
2026-07-08 05:00:00,-0.0,instrument_filtered,F1,41.0,1785.0,-0.0,-0.0,-0.0,-0.0,0.03897714595999646
2026-07-08 05:10:00,-0.0,instrument_filtered,F1,41.166666666666664,1785.0,-0.0,-0.0,-0.0,-0.0,0.03897714595999646
2026-07-08 05:20:00,-0.0,instrument_filtered,F1,41.333333333333336,1785.0,-0.0,-0.0,-0.0,-0.0,0.03897714595999646
2026-07-08 05:30:00,-0.0,instrument_filtered,F1,41.5,1785.0,-0.0,-0.0,-0.0,-0.0,0.03897714595999646
2026-07-08 05:40:00,-0.0,instrument_filtered,F1,41.666666666666664,1785.0,-0.0,-0.0,-0.0,-0.0,0.03897714595999646
2026-07-08 05:50:00,0.0,instrument_filtered,F1,41.833333333333336,1785.0,0.0,0.0,0.0,0.0,0.03897714595999646
2026-07-08 06:00:00,0.0,instrument_filtered,F1,42.0,1785.0,0.0,0.0,0.0,0.0,0.03897714595999646
2026-07-08 06:10:00,0.0,instrument_filtered,F1,42.166666666666664,1785.0,0.0,0.0,0.0,0.0,0.03897714595999646
2026-07-08 06:20:00,0.0,instrument_filtered,F1,42.333333333333336,1785.0,0.0,0.0,0.0,0.0,0.03897714595999646
2026-07-08 06:30:00,0.0,instrument_filtered,F1,42.5,1785.0,0.0,0.0,0.0,0.0,0.03897714595999646
2026-07-08 06:40:00,0.0,instrument_filtered,F1,42.666666666666664,1785.0,0.0,0.0,0.0,0.0,0.03897714595999646
2026-07-08 06:50:00,0.0,instrument_filtered,F1,42.833333333333336,1785.0,0.0,0.0,0.0,0.0,0.03897714595999646
2026-07-08 07:00:00,0.0,instrument_filtered,F1,43.0,1785.0,0.0,0.0,0.0,0.0,0.03897714595999646
2026-07-08 07:10:00,-0.0,instrument_filtered,F1,43.166666666666664,1785.0,-0.0,-0.0,-0.0,0.0,0.03897714595999646
2026-07-08 07:20:00,-0.0,instrument_filtered,F1,43.333333333333336,1785.0,-0.0,-0.0,-0.0,-0.0,0.03897714595999646
2026-07-08 07:30:00,-0.0,instrument_filtered,F1,43.5,1785.0,-0.0,-0.0,-0.0,-0.0,0.03897714595999646
2026-07-08 07:40:00,-0.0,instrument_filtered,F1,43.666666666666664,1785.0,-0.0,-0.0,-0.0,-0.0,0.03897714595999646
2026-07-08 07:50:00,-0.0,instrument_filtered,F1,43.833333333333336,1785.0,-0.0,-0.0,-0.0,-0.0,0.03897714595999646
2026-07-08 08:00:00,-0.0,instrument_filtered,F1,44.0,1785.0,-0.0,-0.0,-0.0,-0.0,0.03897714595999646
2026-07-08 08:10:00,-0.0,instrument_filtered,F1,44.166666666666664,1785.0,-0.0,-0.0,-0.0,-0.0,0.03897714595999646
2026-07-08 08:20:00,0.0,instrument_filtered,F1,44.333333333333336,1785.0,0.0,0.0,0.0,0.0,0.03897714595999646
2026-07-08 08:30:00,0.0,instrument_filtered,F1,44.5,1785.0,0.0,0.0,0.0,0.0,0.03897714595999646
2026-07-08 08:40:00,0.0,instrument_filtered,F1,44.666666666666664,1785.0,0.0,0.0,0.0,0.0,0.03897714595999646
2026-07-08 08:50:00,0.0,instrument_filtered,F1,44.833333333333336,1785.0,0.0,0.0,0.0,0.0,0.03897714595999646
2026-07-08 09:00:00,0.0,instrument_filtered,F1,45.0,1735.0,0.0,0.0,0.0,0.0,0.03897714595999646
2026-07-08 09:10:00,0.0,instrument_filtered,F1,45.166666666666664,1735.0,0.0,0.0,0.0,0.0,0.03897714595999646
2026-07-08 09:20:00,0.0,instrument_filtered,F1,45.333333333333336,1735.0,0.0,0.0,0.0,0.0,0.03897714595999646
2026-07-08 09:30:00,0.0,instrument_filtered,F1,45.5,1735.0,0.0,0.0,0.0,0.0,0.03897714595999646
2026-07-08 09:40:00,-0.0,instrument_filtered,F1,45.666666666666664,1735.0,-0.0,-0.0,-0.0,0.0,0.03897714595999646
2026-07-08 09:50:00,-0.0,instrument_filtered,F1,45.833333333333336,1735.0,-0.0,-0.0,-0.0,-0.0,0.03897714595999646
2026-07-08 10:00:00,0.0,instrument_filtered,F1,46.0,1735.0,0.0,0.0,0.0,0.0,0.03897714595999646
2026-07-08 10:10:00,0.0002,instrument_filtered,F1,46.166666666666664,1735.0,0.0002,0.00023054755043227666,1.3580437710169305e-05,1.1317031425140927e-06,0.03897827766313897
2026-07-08 10:20:00,0.0004,instrument_filtered,F1,46.333333333333336,1735.0,0.0004,0.0004610951008645533,2.716087542033861e-05,3.395109427542423e-06,0.03898167277256651
2026-07-08 10:30:00,0.0006,instrument_filtered,F1,46.5,1735.0,0.0006,0.00069164265129683,4.074131313050792e-05,5.6585157125704635e-06,0.03898733128827908
2026-07-08 10:40:00,0.0006,instrument_filtered,F1,46.666666666666664,1735.0,0.0006,0.00069164265129683,4.074131313050792e-05,6.790218855084557e-06,0.03899412150713417
2026-07-08 10:50:00,0.0006,instrument_filtered,F1,46.833333333333336,1735.0,0.0006,0.00069164265129683,4.074131313050792e-05,6.7902188550848466e-06,0.039000911725989254
2026-07-08 11:00:00,0.0005,instrument_filtered,F1,47.0,1735.0,0.0005,0.0005763688760806917,3.395109427542327e-05,6.224367283827511e-06,0.03900713609327308
2026-07-08 11:10:00,0.0003,instrument_filtered,F1,47.166666666666664,1735.0,0.0003,0.000345821325648415,2.037065656525396e-05,4.526812570056371e-06,0.03901166290584314
2026-07-08 11:20:00,0.0002,instrument_filtered,F1,47.333333333333336,1735.0,0.0002,0.00023054755043227666,1.3580437710169305e-05,2.8292578562853525e-06,0.03901449216369943
2026-07-08 11:30:00,0.0025,instrument_filtered,F1,47.5,1735.0,0.0025,0.002881844380403458,0.0001697554713771163,1.527799242394025e-05,0.03902977015612337
2026-07-08 11:40:00,0.18245,instrument_filtered,F1,47.666666666666664,1735.0,0.18245,0.21031700288184438,0.012388754301101949,0.0010465424810399073,0.040076312637163276
2026-07-08 11:50:00,0.75475,instrument_filtered,F1,47.833333333333336,1735.0,0.75475,0.8700288184438041,0.05124917680875142,0.005303160925821265,0.04537947356298454
2026-07-08 12:00:00,1.60725,instrument_filtered,F1,48.0,1735.0,1.60725,1.8527377521613833,0.10913579254834808,0.013365414113091436,0.058744887676075976
2026-07-08 12:10:00,2.5036,instrument_filtered,F1,48.166666666666664,1735.0,2.5036,2.885994236311239,0.16999991925589938,0.02326130931702029,0.08200619699309626
2026-07-08 12:20:00,3.238,instrument_filtered,F1,48.333333333333336,1735.0,3.238,3.7325648414985593,0.2198672865276411,0.03248893381529597,0.11449513080839223
2026-07-08 12:30:00,3.6898,instrument_filtered,F1,48.5,1735.0,3.6898,4.2533717579250725,0.25054549531491355,0.03920106515354566,0.1536961959619379
2026-07-08 12:40:00,3.8343499999999997,instrument_filtered,F1,48.666666666666664,1735.0,3.8343499999999997,4.42,0.2603607566699384,0.04257552099873706,0.19627171696067497
2026-07-08 12:50:00,3.74025,instrument_filtered,F1,48.833333333333336,1735.0,3.74025,4.311527377521614,0.25397116072730375,0.04286099311643807,0.23913271007711304
2026-07-08 13:00:00,3.4638,instrument_filtered,F1,49.0,1735.0,3.4638,3.9928530259365997,0.23519960070242227,0.040764230119143256,0.27989694019625627
2026-07-08 13:10:00,3.0917,instrument_filtered,F1,49.166666666666664,1735.0,3.0917,3.5639193083573484,0.2099331963426522,0.037094399753755676,0.31699133995001194
2026-07-08 13:20:00,2.70435,instrument_filtered,F1,49.333333333333336,1735.0,2.70435,3.1174063400576366,0.1836312836074818,0.032797039995845434,0.3497883799458574
2026-07-08 13:30:00,2.36625,instrument_filtered,F1,49.5,1735.0,2.36625,2.7276657060518734,0.1606735536584406,0.028692069772159795,0.3784804497180172
2026-07-08 13:40:00,2.1147,instrument_filtered,F1,49.666666666666664,1735.0,2.1147,2.437694524495677,0.1435927581284752,0.02535552598224262,0.4038359757002598
2026-07-08 13:50:00,1.9374500000000001,instrument_filtered,F1,49.833333333333336,1735.0,1.9374500000000001,2.233371757925072,0.1315570952078376,0.022929154444693386,0.4267651301449532
2026-07-08 14:00:00,1.81325,instrument_filtered,F1,50.0,1735.0,1.81325,2.0902017291066284,0.1231236433898225,0.02122339488313804,0.4479885250280913
2026-07-08 14:10:00,1.7189,instrument_filtered,F1,50.166666666666664,1735.0,1.7189,1.9814409221902018,0.11671707190005011,0.019986726274155767,0.46797525130224704
2026-07-08 14:20:00,1.6412499999999999,instrument_filtered,F1,50.333333333333336,1735.0,1.6412499999999999,1.89193083573487,0.11144446695907687,0.019013461571594455,0.4869887128738415
2026-07-08 14:30:00,1.5958,instrument_filtered,F1,50.5,1730.0,1.5958,1.84485549132948,0.10867148680299421,0.018342996146838996,0.5053317090206805
2026-07-08 14:40:00,1.5974,instrument_filtered,F1,50.666666666666664,1730.0,1.5974,1.8467052023121386,0.10878044430323532,0.0181209942588522,0.5234527032795326
2026-07-08 14:50:00,1.6675,instrument_filtered,F1,50.833333333333336,1730.0,1.6675,1.9277456647398843,0.1135541447825497,0.018527882423815943,0.5419805857033486
2026-07-08 15:00:00,1.78795,instrument_filtered,F1,51.0,1730.0,1.78795,2.066994219653179,0.12175660159757705,0.019609228865010285,0.5615898145683589
2026-07-08 15:10:00,1.9285999999999999,instrument_filtered,F1,51.166666666666664,1730.0,1.9285999999999999,2.229595375722543,0.1313346468531486,0.021090937370893507,0.5826807519392524
2026-07-08 15:20:00,2.0788,instrument_filtered,F1,51.333333333333336,1730.0,2.0788,2.4032369942196534,0.14156303218828445,0.0227414732534534,0.6054222251927058
2026-07-08 15:30:00,2.2266500000000002,instrument_filtered,F1,51.5,1730.0,2.2266500000000002,2.5741618497109826,0.1516313861949411,0.024432868198601784,0.6298550933913076
2026-07-08 15:40:00,2.3686,instrument_filtered,F1,51.666666666666664,1730.0,2.3686,2.738265895953757,0.1612979594194586,0.026077445467866268,0.6559325388591739
2026-07-08 15:50:00,2.50725,instrument_filtered,F1,51.833333333333336,1730.0,2.50725,2.898554913294798,0.1707398077997288,0.027669813934933073,0.683602352794107
2026-07-08 16:00:00,2.63655,instrument_filtered,F1,52.0,1680.0,2.63655,3.1387500000000004,0.18488853506736863,0.029635695238924366,0.7132380480330314
2026-07-08 16:10:00,2.8019999999999996,instrument_filtered,F1,52.166666666666664,1680.0,2.8019999999999996,3.335714285714285,0.19649074557993085,0.03178160672060784,0.7450196547536392
2026-07-08 16:20:00,3.0317499999999997,instrument_filtered,F1,52.333333333333336,1680.0,3.0317499999999997,3.60922619047619,0.21260200496500906,0.03409106254541262,0.7791107172990518
2026-07-08 16:30:00,3.3678,instrument_filtered,F1,52.5,1680.0,3.3678,4.009285714285714,0.23616757065099614,0.03739746463466657,0.8165081819337183
2026-07-08 16:40:00,3.799,instrument_filtered,F1,52.666666666666664,1680.0,3.799,4.522619047619048,0.2664055469158307,0.041881093130568314,0.8583892750642866
2026-07-08 16:50:00,4.270200000000001,instrument_filtered,F1,52.833333333333336,1680.0,4.270200000000001,5.083571428571429,0.2994485302553251,0.047154506430930984,0.9055437814952176
2026-07-08 17:00:00,4.71455,instrument_filtered,F1,53.0,1680.0,4.71455,5.612559523809524,0.330608652595954,0.05250476523760585,0.9580485467328235
2026-07-08 17:10:00,5.0992999999999995,instrument_filtered,F1,53.166666666666664,1680.0,5.0992999999999995,6.070595238095237,0.35758931439533953,0.05734983058260698,1.0153983773154305
2026-07-08 17:20:00,5.415050000000001,instrument_filtered,F1,53.333333333333336,1680.0,5.415050000000001,6.446488095238097,0.37973133899093686,0.061443387782191446,1.0768417650976219
2026-07-08 17:30:00,5.666,instrument_filtered,F1,53.5,1680.0,5.666,6.745238095238095,0.3973292521255848,0.06475504925970921,1.1415968143573312
2026-07-08 17:40:00,5.8618,instrument_filtered,F1,53.666666666666664,1680.0,5.8618,6.978333333333333,0.41105976175604514,0.06736575115680153,1.2089625655141327
2026-07-08 17:50:00,6.0248,instrument_filtered,F1,53.833333333333336,1680.0,6.0248,7.172380952380952,0.4224901655852846,0.0694624939451128,1.2784250594592454
2026-07-08 18:00:00,6.18,instrument_filtered,F1,54.0,1680.0,6.18,7.357142857142857,0.4333735930349653,0.07132197988501982,1.3497470393442652
2026-07-08 18:10:00,6.3522,instrument_filtered,F1,54.166666666666664,1680.0,6.3522,7.562142857142857,0.4454491484913765,0.07323522846052745,1.4229822678047928
2026-07-08 18:20:00,6.5552,instrument_filtered,F1,54.333333333333336,1680.0,6.5552,7.803809523809524,0.45968455939527586,0.07542780899055651,1.4984100767953492
2026-07-08 18:30:00,6.78275,instrument_filtered,F1,54.5,1680.0,6.78275,8.074702380952381,0.4756415433912478,0.07794384189887586,1.576353918694225
2026-07-08 18:40:00,7.025399999999999,instrument_filtered,F1,54.666666666666664,1680.0,7.025399999999999,8.363571428571428,0.49265741755790377,0.08069158007909481,1.6570454987733199
2026-07-08 18:50:00,7.272349999999999,instrument_filtered,F1,54.833333333333336,1680.0,7.272349999999999,8.657559523809523,0.5099748299850858,0.0835526872952515,1.7405981860685713
2026-07-08 19:00:00,7.5112000000000005,instrument_filtered,F1,55.0,1680.0,7.5112000000000005,8.941904761904762,0.5267242284796492,0.08639158820539335,1.8269897742739647
2026-07-08 19:10:00,7.7328,instrument_filtered,F1,55.166666666666664,1680.0,7.7328,9.205714285714286,0.5422639676732653,0.08908234967940827,1.916072123953373
2026-07-08 19:20:00,7.9321,instrument_filtered,F1,55.333333333333336,1680.0,7.9321,9.442976190476191,0.5562399154227586,0.0915419902580046,2.0076141142113775
2026-07-08 19:30:00,8.1087,instrument_filtered,F1,55.5,1680.0,8.1087,9.653214285714286,0.5686240216573825,0.09373866142334375,2.1013527756347212
2026-07-08 19:40:00,8.27525,instrument_filtered,F1,55.666666666666664,1680.0,8.27525,9.851488095238095,0.5803033698644978,0.09574394929348866,2.19709672492821
2026-07-08 19:50:00,8.4448,instrument_filtered,F1,55.833333333333336,1680.0,8.4448,10.053333333333335,0.592193093602213,0.09770803862222867,2.294804763550439
2026-07-08 20:00:00,8.62335,instrument_filtered,F1,56.0,1680.0,8.62335,10.265892857142857,0.6047139439317263,0.09974225312782685,2.3945470166782656
2026-07-08 20:10:00,8.79965,instrument_filtered,F1,56.166666666666664,1680.0,8.79965,10.475773809523808,0.6170770126132901,0.1018159130454166,2.4963629297236825
2026-07-08 20:20:00,8.9604,instrument_filtered,F1,56.333333333333336,1680.0,8.9604,10.667142857142856,0.6283496347945798,0.10378555395065878,2.6001484836743414
2026-07-08 20:30:00,9.1008,instrument_filtered,F1,56.5,1680.0,9.1008,10.834285714285713,0.6381952096266361,0.1055454037017665,2.705693887376108
2026-07-08 20:40:00,9.2437,instrument_filtered,F1,56.666666666666664,1680.0,9.2437,11.004404761904762,0.6482160974008592,0.10720094225228974,2.8128948296283975
2026-07-08 20:50:00,9.34815,instrument_filtered,F1,56.833333333333336,1680.0,9.34815,11.12875,0.6555406721245649,0.10864639746045511,2.9215412270888526
2026-07-08 21:00:00,9.42475,instrument_filtered,F1,57.0,1680.0,9.42475,11.219940476190477,0.6609122606725388,0.10970441106642376,3.0312456381552764
2026-07-08 21:10:00,9.5342,instrument_filtered,F1,57.166666666666664,1680.0,9.5342,11.350238095238096,0.6685874612805771,0.11079164349609143,3.1420372816513678
2026-07-08 21:20:00,9.72975,instrument_filtered,F1,57.333333333333336,1680.0,9.72975,11.583035714285714,0.6823004396168211,0.11257399174145305,3.254611273392821
2026-07-08 21:30:00,9.9971,instrument_filtered,F1,57.5,1680.0,9.9971,11.901309523809525,0.7010484056520797,0.11527907043907344,3.3698903438318943
2026-07-08 21:40:00,10.287849999999999,instrument_filtered,F1,57.666666666666664,1680.0,10.287849999999999,12.247440476190475,0.7214373008260142,0.11854047553983947,3.4884308193717337
2026-07-08 21:50:00,10.5378,instrument_filtered,F1,57.833333333333336,1680.0,10.5378,12.545000000000002,0.7389650887837959,0.1217001991341543,3.610131018505888
2026-07-08 22:00:00,10.6876,instrument_filtered,F1,58.0,1680.0,10.6876,12.723333333333334,0.7494698402783974,0.12403624408851434,3.7341672625944025
2026-07-08 22:10:00,10.716149999999999,instrument_filtered,F1,58.166666666666664,1680.0,10.716149999999999,12.757321428571428,0.7514719140779359,0.12507847952969267,3.859245742124095
2026-07-08 22:20:00,10.64215,instrument_filtered,F1,58.333333333333336,1680.0,10.64215,12.669226190476191,0.7462826509898148,0.12481288042231611,3.9840586225464114
2026-07-08 22:30:00,10.4988,instrument_filtered,F1,58.5,1680.0,10.4988,12.498571428571427,0.7362302068860022,0.12354273815631632,4.107601360702728
2026-07-08 22:40:00,10.327,instrument_filtered,F1,58.666666666666664,1680.0,10.327,12.29404761904762,0.7241827015003377,0.12170107569885992,4.229302436401588
2026-07-08 22:50:00,10.166350000000001,instrument_filtered,F1,58.833333333333336,1680.0,10.166350000000001,12.102797619047621,0.7129170918367347,0.11975831611142611,4.349060752513014
2026-07-08 23:00:00,10.0397,instrument_filtered,F1,59.0,1680.0,10.0397,11.95202380952381,0.7040357381865925,0.11807940250194225,4.467140155014956
2026-07-08 23:10:00,9.96595,instrument_filtered,F1,59.166666666666664,1680.0,9.96595,11.86422619047619,0.6988640063926881,0.11690831204827172,4.584048467063228
2026-07-08 23:20:00,9.9388,instrument_filtered,F1,59.333333333333336,1680.0,9.9388,11.831904761904763,0.6969601078407629,0.11631867618612421,4.700367143249353
2026-07-08 23:30:00,9.925799999999999,instrument_filtered,F1,59.5,1680.0,9.925799999999999,11.81642857142857,0.6960484805414981,0.11608404903185345,4.816451192281206
2026-07-08 23:40:00,9.89285,instrument_filtered,F1,59.666666666666664,1680.0,9.89285,11.77720238095238,0.6937378559637469,0.1158155280421021,4.932266720323308
2026-07-08 23:50:00,9.828,instrument_filtered,F1,59.833333333333336,1680.0,9.828,11.7,0.6891902382439545,0.11524400785064505,5.047510728173953
2026-07-09 00:00:00,9.73925,instrument_filtered,F1,60.0,1680.0,9.73925,11.594345238095238,0.6829666287970528,0.114346405586749,5.161857133760702
2026-07-09 00:10:00,9.6466,instrument_filtered,F1,60.166666666666664,1680.0,9.6466,11.484047619047617,0.6764695311603715,0.11328634666311709,5.27514348042382
2026-07-09 00:20:00,9.5792,instrument_filtered,F1,60.333333333333336,1680.0,9.5792,11.403809523809525,0.6717430942395697,0.11235105211666495,5.387494532540485
2026-07-09 00:30:00,9.54175,instrument_filtered,F1,60.5,1680.0,9.54175,11.35922619047619,0.6691169063659193,0.11173833338378916,5.499232865924274
2026-07-09 00:40:00,9.503150000000002,instrument_filtered,F1,60.666666666666664,1680.0,9.503150000000002,11.313273809523812,0.6664100745388725,0.11129391507539774,5.610526780999671
2026-07-09 00:50:00,9.445699999999999,instrument_filtered,F1,60.833333333333336,1680.0,9.445699999999999,11.244880952380951,0.6623813831278919,0.1107326214722335,5.721259402471905
2026-07-09 01:00:00,9.41335,instrument_filtered,F1,61.0,1680.0,9.41335,11.206369047619045,0.6601128336562605,0.11020785139867778,5.831467253870582
2026-07-09 01:10:00,9.4362,instrument_filtered,F1,61.166666666666664,1680.0,9.4362,11.233571428571427,0.6617151939476601,0.11015233563365848,5.941619589504241
2026-07-09 01:20:00,9.523299999999999,instrument_filtered,F1,61.333333333333336,1680.0,9.523299999999999,11.337261904761904,0.6678230968527322,0.11079485756670251,6.052414447070944
2026-07-09 01:30:00,9.64635,instrument_filtered,F1,61.5,1680.0,9.64635,11.48375,0.6764519998661551,0.11202292472657234,6.164437371797516
2026-07-09 01:40:00,9.7593,instrument_filtered,F1,61.666666666666664,1680.0,9.7593,11.618214285714284,0.6843726385932261,0.11340205320494683,6.277839425002463
2026-07-09 01:50:00,9.83645,instrument_filtered,F1,61.833333333333336,1680.0,9.83645,11.710059523809523,0.6897827959884766,0.1145129528818118,6.392352377884275
2026-07-09 02:00:00,9.85615,instrument_filtered,F1,62.0,1680.0,9.85615,11.733511904761905,0.6911642619727465,0.11507892149676695,6.507431299381042
2026-07-09 02:10:00,9.81355,instrument_filtered,F1,62.166666666666664,1680.0,9.81355,11.682797619047617,0.6881769294382336,0.1149450992842467,6.622376398665289
2026-07-09 02:20:00,9.70805,instrument_filtered,F1,62.333333333333336,1680.0,9.70805,11.557202380952381,0.680778723278818,0.11407963772642421,6.736456036391713
2026-07-09 02:30:00,9.56205,instrument_filtered,F1,62.5,1680.0,9.56205,11.383392857142857,0.670540447456309,0.11260993089459233,6.849065967286306
2026-07-09 02:40:00,9.407350000000001,instrument_filtered,F1,62.666666666666664,1680.0,9.407350000000001,11.19922619047619,0.6596920825950616,0.11085271083761264,6.959918678123918
2026-07-09 02:50:00,9.27155,instrument_filtered,F1,62.833333333333336,1680.0,9.27155,11.037559523809524,0.650169083576591,0.10915509718097416,7.069073775304892
2026-07-09 03:00:00,9.22945,instrument_filtered,F1,63.0,1680.0,9.22945,10.987440476190477,0.6472168136305115,0.10811549143392368,7.177189266738815
2026-07-09 03:10:00,9.2771,instrument_filtered,F1,63.166666666666664,1680.0,9.2771,11.044166666666667,0.6505582783082002,0.10814792432822445,7.28533719106704
2026-07-09 03:20:00,9.383199999999999,instrument_filtered,F1,63.333333333333336,1680.0,9.383199999999999,11.170476190476188,0.6579985595737355,0.10904640315683108,7.3943835942238705
2026-07-09 03:30:00,9.503599999999999,instrument_filtered,F1,63.5,1680.0,9.503599999999999,11.313809523809523,0.6664416308684623,0.11037001587018158,7.504753610094052
2026-07-09 03:40:00,9.6073,instrument_filtered,F1,63.666666666666664,1680.0,9.6073,11.437261904761906,0.6737136117095184,0.11167960354816346,7.616433213642215
2026-07-09 03:50:00,9.680250000000001,instrument_filtered,F1,63.833333333333336,1680.0,9.680250000000001,11.524107142857142,0.6788292433619293,0.1127119045892905,7.729145118231505
2026-07-09 04:00:00,9.703,instrument_filtered,F1,64.0,1680.0,9.703,11.551190476190476,0.6804245911356422,0.11327115287479601,7.842416271106301
2026-07-09 04:10:00,9.67615,instrument_filtered,F1,64.16666666666667,1680.0,9.67615,11.51922619047619,0.6785417301367767,0.11324719343937147,7.9556634645456725
2026-07-09 04:20:00,9.6054,instrument_filtered,F1,64.33333333333333,1680.0,9.6054,11.434999999999999,0.6735803738734718,0.11267684200084763,8.06834030654652
2026-07-09 04:30:00,9.497050000000002,instrument_filtered,F1,64.5,1680.0,9.497050000000002,11.306011904761906,0.6659823109599868,0.11163022373612473,8.179970530282645
2026-07-09 04:40:00,9.3603,instrument_filtered,F1,64.66666666666667,1680.0,9.3603,11.143214285714286,0.656392693023493,0.11019791699862645,8.290168447281271
2026-07-09 04:50:00,9.20095,instrument_filtered,F1,64.83333333333333,1680.0,9.20095,10.953511904761905,0.6452182460898163,0.10846757825943627,8.398636025540707
2026-07-09 05:00:00,9.03245,instrument_filtered,F1,65.0,1680.0,9.03245,10.752916666666668,0.6334021537878112,0.10655169998980532,8.505187725530513
2026-07-09 05:10:00,8.872,instrument_filtered,F1,65.16666666666667,1680.0,8.872,10.561904761904762,0.6221505691595813,0.10462939357895235,8.609817119109465
2026-07-09 05:20:00,8.75395,instrument_filtered,F1,65.33333333333333,1680.0,8.75395,10.421369047619047,0.6138722920304911,0.10300190509916683,8.712819024208631
2026-07-09 05:30:00,8.70845,instrument_filtered,F1,65.5,1680.0,8.70845,10.36720238095238,0.6106815964830652,0.1020461573761326,8.814865181584764
2026-07-09 05:40:00,8.74125,instrument_filtered,F1,65.66666666666667,1680.0,8.74125,10.40625,0.6129817022842866,0.1019719415639489,8.916837123148714
2026-07-09 05:50:00,8.845199999999998,instrument_filtered,F1,65.83333333333333,1680.0,8.845199999999998,10.53,0.620271214419559,0.10277107639198128,9.019608199540695
2026-07-09 06:00:00,8.9859,instrument_filtered,F1,66.0,1680.0,8.9859,10.697500000000002,0.6301378268046757,0.10420075343535584,9.12380895297605
2026-07-09 06:10:00,9.1151,instrument_filtered,F1,66.16666666666667,1680.0,9.1151,10.851309523809524,0.6391979996558272,0.10577798553837826,9.229586938514428
2026-07-09 06:20:00,9.2071,instrument_filtered,F1,66.33333333333333,1680.0,9.2071,10.960833333333333,0.6456495159275452,0.10707062629860829,9.336657564813036
2026-07-09 06:30:00,9.244250000000001,instrument_filtered,F1,66.5,1680.0,9.244250000000001,11.005059523809527,0.6482546662481358,0.10782534851464314,9.444482913327679
2026-07-09 06:40:00,9.2243,instrument_filtered,F1,66.66666666666667,1680.0,9.2243,10.981309523809523,0.646855668969649,0.1079258612681518,9.55240877459583
2026-07-09 06:50:00,9.1588,instrument_filtered,F1,66.83333333333333,1680.0,9.1588,10.903333333333332,0.6422624698848932,0.10742651157120575,9.659835286167036
2026-07-09 07:00:00,9.07,instrument_filtered,F1,67.0,1680.0,9.07,10.797619047619047,0.6360353541791481,0.10652481867200646,9.766360104839043
2026-07-09 07:10:00,8.95965,instrument_filtered,F1,67.16666666666667,1680.0,8.95965,10.66625,0.6282970409119301,0.1053610329242595,9.871721137763302
2026-07-09 07:20:00,8.84325,instrument_filtered,F1,67.33333333333333,1680.0,8.84325,10.527678571428572,0.6201344703246695,0.10403595926971072,9.975757097033012
2026-07-09 07:30:00,8.7782,instrument_filtered,F1,67.5,1680.0,8.7782,10.450238095238095,0.6155728275695037,0.1029756081578507,10.078732705190863
2026-07-09 07:40:00,8.7076,instrument_filtered,F1,67.66666666666667,1680.0,8.7076,10.366190476190475,0.6106219900827288,0.10218290147102228,10.180915606661886
2026-07-09 07:50:00,8.65905,instrument_filtered,F1,67.83333333333333,1680.0,8.65905,10.308392857142858,0.6072174127458603,0.10148661690237665,10.282402223564262
2026-07-09 08:00:00,8.62135,instrument_filtered,F1,68.0,1680.0,8.62135,10.263511904761906,0.6045736935779934,0.10098259219365734,10.38338481575792
2026-07-09 08:10:00,8.6115,instrument_filtered,F1,68.16666666666667,1680.0,8.6115,10.251785714285715,0.6038829605858583,0.10070472118032384,10.484089536938244
2026-07-09 08:20:00,8.61495,instrument_filtered,F1,68.33333333333333,1680.0,8.61495,10.255892857142857,0.6041248924460476,0.10066732108598643,10.58475685802423
2026-07-09 08:30:00,8.60915,instrument_filtered,F1,68.5,1680.0,8.60915,10.248988095238095,0.603718166420222,0.10065358823885866,10.685410446263088
2026-07-09 08:40:00,8.603,instrument_filtered,F1,68.66666666666667,1680.0,8.603,10.241666666666667,0.603286896582493,0.10058375525022913,10.785994201513317
2026-07-09 08:50:00,8.5739,instrument_filtered,F1,68.83333333333333,1680.0,8.5739,10.20702380952381,0.6012462539356779,0.10037776254317521,10.886371964056492
2026-07-09 09:00:00,8.536000000000001,instrument_filtered,F1,69.0,1680.0,8.536000000000001,10.161904761904765,0.5985885097324377,0.09998623030567913,10.986358194362172
2026-07-09 09:10:00,8.49585,instrument_filtered,F1,69.16666666666667,1680.0,8.49585,10.114107142857144,0.5957729838812477,0.09953012446780994,11.085888318829982
2026-07-09 09:20:00,8.46135,instrument_filtered,F1,69.33333333333333,1680.0,8.46135,10.073035714285714,0.5933536652793534,0.09909388743004446,11.184982206260026
2026-07-09 09:30:00,8.46575,instrument_filtered,F1,69.5,1630.0,8.46575,10.387423312883435,0.6118727134826447,0.1004355315635027,11.28541773782353
2026-07-09 09:40:00,8.50565,instrument_filtered,F1,69.66666666666667,1630.0,8.50565,10.43638036809816,0.614756536093513,0.10221910413134938,11.387636841954878
2026-07-09 09:50:00,8.5662,instrument_filtered,F1,69.83333333333333,1630.0,8.5662,10.510674846625768,0.6191328633889535,0.10282411662353302,11.49046095857841
2026-07-09 10:00:00,8.6433,instrument_filtered,F1,70.0,1630.0,8.6433,10.605276073619631,0.6247053627197287,0.1036531855090598,11.59411414408747
2026-07-09 10:10:00,8.6972,instrument_filtered,F1,70.16666666666667,1630.0,8.6972,10.671411042944786,0.6286010529133577,0.10444220130276018,11.69855634539023
2026-07-09 10:20:00,8.68885,instrument_filtered,F1,70.33333333333333,1630.0,8.68885,10.66116564417178,0.6279975461764967,0.10471654992414858,11.803272895314379
2026-07-09 10:30:00,8.63855,instrument_filtered,F1,70.5,1630.0,8.63855,10.599447852760738,0.6243620505041493,0.10436329972339013,11.90763619503777
2026-07-09 10:40:00,8.544,instrument_filtered,F1,70.66666666666667,1630.0,8.544,10.483435582822086,0.6175283305077183,0.10349086508432524,12.011127060122094
2026-07-09 10:50:00,8.4717,instrument_filtered,F1,70.83333333333333,1630.0,8.4717,10.394723926380369,0.6123027572053181,0.10248592397608053,12.113612984098175
2026-07-09 11:00:00,8.265,instrument_filtered,F1,71.0,1630.0,8.265,10.141104294478527,0.5973632551084143,0.10080550102614723,12.214418485124323
2026-07-09 11:10:00,7.5337,instrument_filtered,F1,71.16666666666667,1630.0,7.5337,9.243803680981594,0.5445076291603462,0.0951559070223994,12.309574392146722
2026-07-09 11:20:00,6.2803,instrument_filtered,F1,71.33333333333333,1630.0,6.2803,7.705889570552148,0.4539165700008923,0.08320201659676515,12.392776408743487
2026-07-09 11:30:00,4.7178,instrument_filtered,F1,71.5,1630.0,4.7178,5.788711656441718,0.3409849201391987,0.06624179084500947,12.459018199588495
2026-07-09 11:40:00,3.1016000000000004,instrument_filtered,F1,71.66666666666667,1630.0,3.1016000000000004,3.8056441717791416,0.22417203533505844,0.04709641295618944,12.506114612544685
2026-07-09 11:50:00,1.67235,instrument_filtered,F1,71.83333333333333,1630.0,1.67235,2.051963190184049,0.12087119657357007,0.02875360265905074,12.534868215203737
2026-07-09 12:00:00,0.56775,instrument_filtered,F1,72.0,1630.0,0.56775,0.6966257668711656,0.04103484429374498,0.013492170072276637,12.548360385276014
2026-07-09 12:10:00,0.0164,instrument_filtered,F1,72.16666666666667,1630.0,0.0164,0.02012269938650307,0.0011853305969483359,0.0035183479075578763,12.551878733183573
2026-07-09 12:20:00,0.0001,instrument_filtered,F1,72.33333333333333,1630.0,0.0001,0.0001226993865030675,7.227625591148389e-06,9.937985187828471e-05,12.551978113035451
2026-07-09 12:30:00,0.03765,instrument_filtered,F1,72.5,1625.0,0.03765,0.046338461538461544,0.0027295739613291143,0.00022806679891002838,12.55220617983436
2026-07-09 12:40:00,0.2317,instrument_filtered,F1,72.66666666666667,1625.0,0.2317,0.28516923076923073,0.016797935905443706,0.0016272924888977812,12.553833472323259
2026-07-09 12:50:00,0.5603,instrument_filtered,F1,72.83333333333333,1625.0,0.5603,0.6896000000000001,0.04062099045239582,0.004784910529819688,12.558618382853078
2026-07-09 13:00:00,1.0015,instrument_filtered,F1,73.0,1625.0,1.0015,1.2326153846153847,0.07260739235779834,0.009435698567516448,12.568054081420595
2026-07-09 13:10:00,1.52905,instrument_filtered,F1,73.16666666666667,1625.0,1.52905,1.8819076923076923,0.11085405220638198,0.015288453713682128,12.583342535134276
2026-07-09 13:20:00,2.1168,instrument_filtered,F1,73.33333333333333,1625.0,2.1168,2.605292307692308,0.15346513044731658,0.022026598554473628,12.60536913368875
2026-07-09 13:30:00,2.7273,instrument_filtered,F1,73.5,1625.0,2.7273,3.356676923076923,0.1977255528481512,0.029265890274623146,12.634635023963373
2026-07-09 13:40:00,3.31035,instrument_filtered,F1,73.66666666666667,1625.0,3.31035,4.074276923076923,0.23999588746044706,0.036476786692384223,12.671111810655757
2026-07-09 13:50:00,3.8866,instrument_filtered,F1,73.83333333333333,1625.0,3.8866,4.783507692307692,0.2817732312908827,0.043480759895941676,12.7145925705517
2026-07-09 14:00:00,4.4636,instrument_filtered,F1,74.0,1625.0,4.4636,5.493661538461538,0.32360494910461174,0.05044818169962598,12.765040752251325
2026-07-09 14:10:00,5.0455,instrument_filtered,F1,74.16666666666667,1625.0,5.0455,6.209846153846154,0.3657919102758578,0.05744973828170743,12.822490490533033
2026-07-09 14:20:00,5.6188,instrument_filtered,F1,74.33333333333333,1625.0,5.6188,6.915446153846154,0.40735538310533936,0.0644289411150961,12.88691943164813
2026-07-09 14:30:00,6.1578,instrument_filtered,F1,74.5,1625.0,6.1578,7.57883076923077,0.4464321524322024,0.07114896129479717,12.958068392942927
2026-07-09 14:40:00,6.6344,instrument_filtered,F1,74.66666666666667,1625.0,6.6344,8.165415384615386,0.48098500634905383,0.07728476323177355,13.0353531561747
2026-07-09 14:50:00,7.008699999999999,instrument_filtered,F1,74.83333333333333,1625.0,7.008699999999999,8.626092307692307,0.5081212489446842,0.08242552127447349,13.117778677449174
2026-07-09 15:00:00,7.2939,instrument_filtered,F1,75.0,1625.0,7.2939,8.977107692307692,0.5287978623250578,0.08640992593914762,13.204188603388321
2026-07-09 15:10:00,7.5149,instrument_filtered,F1,75.16666666666667,1625.0,7.5149,9.249107692307692,0.5448200627355156,0.089468160421717,13.293656763810038
2026-07-09 15:20:00,7.68285,instrument_filtered,F1,75.33333333333333,1625.0,7.68285,9.455815384615384,0.5569962100610195,0.09181802273303936,13.385474786543076
2026-07-09 15:30:00,7.8296,instrument_filtered,F1,75.5,1625.0,7.8296,9.63643076923077,0.5676353861254299,0.09371929968220678,13.479194086225283
2026-07-09 15:40:00,7.953200000000001,instrument_filtered,F1,75.66666666666667,1625.0,7.953200000000001,9.788553846153848,0.5765962185721836,0.09535263372480382,13.574546719950087
2026-07-09 15:50:00,8.0312,instrument_filtered,F1,75.83333333333333,1625.0,8.0312,9.884553846153846,0.582251112834698,0.09657061095056799,13.671117330900655
2026-07-09 16:00:00,8.0323,instrument_filtered,F1,76.0,1625.0,8.0323,9.885907692307692,0.5823308613435283,0.09704849784818827,13.768165828748844
2026-07-09 16:10:00,7.9343,instrument_filtered,F1,76.16666666666667,1625.0,7.9343,9.765292307692308,0.5752259941931896,0.09646307129472924,13.864628900043574
2026-07-09 16:20:00,7.6983,instrument_filtered,F1,76.33333333333333,1625.0,7.6983,9.474830769230769,0.5581163141168637,0.09444519235916574,13.959074092402739
2026-07-09 16:30:00,7.27785,instrument_filtered,F1,76.5,1575.0,7.27785,9.241714285714286,0.5443845530217082,0.09187507226155027,14.050949164664289
2026-07-09 16:40:00,6.6317,instrument_filtered,F1,76.66666666666667,1575.0,6.6317,8.42120634920635,0.49605241112060067,0.08670308034519486,14.137652245009484
2026-07-09 16:50:00,5.85625,instrument_filtered,F1,76.83333333333333,1575.0,5.85625,7.436507936507937,0.4380486048260653,0.0778417513288844,14.215493996338369
2026-07-09 17:00:00,5.1515,instrument_filtered,F1,77.0,1575.0,5.1515,6.541587301587302,0.3853331718696223,0.06861514805797592,14.284109144396345
2026-07-09 17:10:00,4.61625,instrument_filtered,F1,77.16666666666667,1575.0,4.61625,5.8619047619047615,0.34529637089064225,0.06088579523002377,14.344994939626368
2026-07-09 17:20:00,4.2868,instrument_filtered,F1,77.33333333333333,1575.0,4.2868,5.443555555555556,0.32065344873739626,0.05549581830233338,14.4004907579287
2026-07-09 17:30:00,4.1703,instrument_filtered,F1,77.5,1575.0,4.1703,5.295619047619048,0.31193922675878594,0.05271605629135001,14.453206814220051
2026-07-09 17:40:00,4.22555,instrument_filtered,F1,77.66666666666667,1575.0,4.22555,5.365777777777778,0.3160719371821183,0.05233426366174351,14.505541077881794
2026-07-09 17:50:00,4.4279,instrument_filtered,F1,77.83333333333333,1575.0,4.4279,5.6227301587301595,0.33120775535698355,0.053939974378255415,14.55948105226005
2026-07-09 18:00:00,4.731949999999999,instrument_filtered,F1,78.0,1575.0,4.731949999999999,6.008825396825396,0.3539507527183265,0.05709654233961079,14.616577594599661
2026-07-09 18:10:00,5.0789,instrument_filtered,F1,78.16666666666667,1575.0,5.0789,6.449396825396825,0.3799026781730805,0.06115445257428565,14.677732047173947
2026-07-09 18:20:00,5.4414,instrument_filtered,F1,78.33333333333333,1575.0,5.4414,6.909714285714285,0.4070177465614602,0.065576702061208,14.743308749235155
2026-07-09 18:30:00,5.7795,instrument_filtered,F1,78.5,1575.0,5.7795,7.339047619047619,0.43230769034659455,0.06994378640900654,14.81325253564416
2026-07-09 18:40:00,6.0421499999999995,instrument_filtered,F1,78.66666666666667,1575.0,6.0421499999999995,7.672571428571428,0.45195395989751297,0.07368847085367772,14.886941006497839
2026-07-09 18:50:00,6.2205,instrument_filtered,F1,78.83333333333333,1575.0,6.2205,7.899047619047619,0.46529457354459575,0.07643737778683805,14.963378384284677
2026-07-09 19:00:00,6.3418,instrument_filtered,F1,79.0,1575.0,6.3418,8.053079365079366,0.4743678364287626,0.07830520083111542,15.041683585115793
2026-07-09 19:10:00,6.4143,instrument_filtered,F1,79.16666666666667,1575.0,6.4143,8.145142857142858,0.4797908501064386,0.07951322387793569,15.121196808993728
2026-07-09 19:20:00,6.4589,instrument_filtered,F1,79.33333333333333,1575.0,6.4589,8.201777777777778,0.4831269385205675,0.08024314905224596,15.201439958045974
2026-07-09 19:30:00,6.4807500000000005,instrument_filtered,F1,79.5,1575.0,6.4807500000000005,8.22952380952381,0.484761322642736,0.08065735509694426,15.282097313142918
2026-07-09 19:40:00,6.4822,instrument_filtered,F1,79.66666666666667,1575.0,6.4822,8.231365079365078,0.48486978291628946,0.08080259212992108,15.362899905272839
2026-07-09 19:50:00,6.4639500000000005,instrument_filtered,F1,79.83333333333333,1575.0,6.4639500000000005,8.208190476190477,0.4835046794732884,0.08069787186579357,15.443597777138631
2026-07-09 20:00:00,6.4299,instrument_filtered,F1,80.0,1575.0,6.4299,8.16495238095238,0.480957733049497,0.0803718677102344,15.523969644848865
2026-07-09 20:10:00,6.39725,instrument_filtered,F1,80.16666666666667,1575.0,6.39725,8.123492063492064,0.4785155068898264,0.07995610332827922,15.603925748177144
2026-07-09 20:20:00,6.3796,instrument_filtered,F1,80.33333333333333,1575.0,6.3796,8.101079365079366,0.47719528356001983,0.079642565870816,15.68356831404796
2026-07-09 20:30:00,6.379,instrument_filtered,F1,80.5,1575.0,6.379,8.100317460317461,0.47715040344682536,0.0795288072505727,15.763097121298532
2026-07-09 20:40:00,6.392849999999999,instrument_filtered,F1,80.66666666666667,1575.0,6.392849999999999,8.11790476190476,0.47818638605973296,0.07961139912554879,15.84270852042408
2026-07-09 20:50:00,6.4025,instrument_filtered,F1,80.83333333333333,1575.0,6.4025,8.13015873015873,0.4789082078802789,0.07975788282832978,15.922466403252411
2026-07-09 21:00:00,6.38415,instrument_filtered,F1,81.0,1575.0,6.38415,8.106857142857143,0.47753562441841196,0.07970365269155984,16.00217005594397
2026-07-09 21:10:00,6.3447,instrument_filtered,F1,81.16666666666667,1575.0,6.3447,8.056761904761904,0.4745847569758696,0.07934336511619239,16.081513421060162
2026-07-09 21:20:00,6.29825,instrument_filtered,F1,81.33333333333333,1575.0,6.29825,7.997777777777777,0.4711102882127241,0.07880792043237833,16.16032134149254
2026-07-09 21:30:00,6.2635,instrument_filtered,F1,81.5,1575.0,6.2635,7.953650793650794,0.46851098165687255,0.07830177248913528,16.238623113981674
2026-07-09 21:40:00,6.254049999999999,instrument_filtered,F1,81.66666666666667,1575.0,6.254049999999999,7.941650793650792,0.46780411987405823,0.07802625846091311,16.316649372442587
2026-07-09 21:50:00,6.2739,instrument_filtered,F1,81.83333333333333,1575.0,6.2739,7.966857142857144,0.4692889036189116,0.07809108529107638,16.394740457733665
2026-07-09 22:00:00,6.31115,instrument_filtered,F1,82.0,1575.0,6.31115,8.01415873015873,0.47207521064640723,0.07844700952211213,16.473187467255777
2026-07-09 22:10:00,6.3465,instrument_filtered,F1,82.16666666666667,1575.0,6.3465,8.05904761904762,0.4747193973154534,0.07889955066349062,16.552087017919266
2026-07-09 22:20:00,6.3715,instrument_filtered,F1,82.33333333333333,1575.0,6.3715,8.090793650793652,0.4765894020318933,0.07927573327894105,16.631362751198207
2026-07-09 22:30:00,6.3898,instrument_filtered,F1,82.5,1575.0,6.3898,8.114031746031745,0.4779582454843273,0.07954563729302065,16.710908388491227
2026-07-09 22:40:00,6.4061,instrument_filtered,F1,82.66666666666667,1575.0,6.4061,8.134730158730159,0.4791774885594462,0.07976131117031672,16.790669699661542
2026-07-09 22:50:00,6.4235500000000005,instrument_filtered,F1,82.83333333333333,1575.0,6.4235500000000005,8.15688888888889,0.48048275185152145,0.07997168670090943,16.87064138636245
2026-07-09 23:00:00,6.4384,instrument_filtered,F1,83.0,1575.0,6.4384,8.175746031746032,0.4815935346530867,0.0801730238753863,16.950814410237836
2026-07-09 23:10:00,6.44065,instrument_filtered,F1,83.16666666666667,1575.0,6.44065,8.178603174603174,0.4817618350775662,0.08027961414422335,17.03109402438206
2026-07-09 23:20:00,6.4196,instrument_filtered,F1,83.33333333333333,1575.0,6.4196,8.151873015873017,0.48018729110632385,0.08016242718198628,17.111256451564046
2026-07-09 23:30:00,6.37715,instrument_filtered,F1,83.5,1575.0,6.37715,8.097968253968254,0.47701202309780877,0.07976660951701332,17.191023061081058
2026-07-09 23:40:00,6.34,instrument_filtered,F1,83.66666666666667,1575.0,6.34,8.05079365079365,0.4742331960891789,0.07927043493225122,17.27029349601331
2026-07-09 23:50:00,6.31265,instrument_filtered,F1,83.83333333333333,1575.0,6.31265,8.016063492063491,0.4721874109293935,0.07886838391820988,17.34916187993152
2026-07-10 00:00:00,6.2763,instrument_filtered,F1,84.0,1575.0,6.2763,7.969904761904762,0.46946842407168987,0.07847131958342583,17.427633199514943
2026-07-10 00:10:00,6.2325,instrument_filtered,F1,84.16666666666667,1575.0,6.2325,7.914285714285715,0.466192175808487,0.07797171665668362,17.505604916171627
2026-07-10 00:20:00,6.18635,instrument_filtered,F1,84.33333333333333,1575.0,6.18635,7.85568253968254,0.46274014710193884,0.07741102690919775,17.583015943080824
2026-07-10 00:30:00,6.1352,instrument_filtered,F1,84.5,1575.0,6.1352,7.790730158730159,0.4589141174521026,0.0768045220461723,17.659820465126995
2026-07-10 00:40:00,6.076549999999999,instrument_filtered,F1,84.66666666666667,1575.0,6.076549999999999,7.716253968253968,0.4545270863873343,0.07612010031995524,17.73594056544695
2026-07-10 00:50:00,6.025,instrument_filtered,F1,84.83333333333333,1575.0,6.025,7.650793650793651,0.4506711366620352,0.07543318525410983,17.81137375070106
2026-07-10 01:00:00,5.9849,instrument_filtered,F1,85.0,1575.0,5.9849,7.5998730158730154,0.4476716490968654,0.07486189881324384,17.8862356495143
2026-07-10 01:10:00,5.955,instrument_filtered,F1,85.16666666666667,1575.0,5.955,7.561904761904762,0.4454351234560032,0.07442556437940784,17.960661213893708
2026-07-10 01:20:00,5.936999999999999,instrument_filtered,F1,85.33333333333333,1575.0,5.936999999999999,7.539047619047618,0.4440887200601663,0.07412698695967658,18.034788200853384
2026-07-10 01:30:00,5.9282,instrument_filtered,F1,85.5,1575.0,5.9282,7.527873015873017,0.4434304783999797,0.07395993320501427,18.1087481340584
2026-07-10 01:40:00,5.933,instrument_filtered,F1,85.66666666666667,1575.0,5.933,7.533968253968254,0.443789519305536,0.07393499980879507,18.182683133867194
2026-07-10 01:50:00,5.9611,instrument_filtered,F1,85.83333333333333,1575.0,5.9611,7.569650793650794,0.4458914046068146,0.07414007699269168,18.256823210859885
2026-07-10 02:00:00,6.0137,instrument_filtered,F1,86.0,1575.0,6.0137,7.636444444444444,0.4498258945302042,0.07464310826142036,18.331466319121304
2026-07-10 02:10:00,6.079599999999999,instrument_filtered,F1,86.16666666666667,1575.0,6.079599999999999,7.720126984126983,0.45475522696274,0.07538176012441417,18.40684807924572
2026-07-10 02:20:00,6.1464,instrument_filtered,F1,86.33333333333333,1575.0,6.1464,7.804952380952381,0.4597518795650677,0.07620892554397964,18.4830570047897
2026-07-10 02:30:00,6.181900000000001,instrument_filtered,F1,86.5,1575.0,6.181900000000001,7.850031746031747,0.4624072862624125,0.0768465971522922,18.559903601941993
2026-07-10 02:40:00,6.1667,instrument_filtered,F1,86.66666666666667,1575.0,6.1667,7.830730158730159,0.46127032339481694,0.07697313413810464,18.636876736080097
2026-07-10 02:50:00,6.11345,instrument_filtered,F1,86.83333333333333,1575.0,6.11345,7.763111111111112,0.4572872133487998,0.07654646139529704,18.713423197475393
2026-07-10 03:00:00,6.0512,instrument_filtered,F1,87.0,1575.0,6.0512,7.684063492063492,0.4526309016048643,0.07582650957947416,18.789249707054868
2026-07-10 03:10:00,6.0085,instrument_filtered,F1,87.16666666666667,1575.0,6.0085,7.62984126984127,0.44943693354918485,0.0751723195961729,18.86442202665104
2026-07-10 03:20:00,5.9939,instrument_filtered,F1,87.33333333333333,1575.0,5.9939,7.611301587301587,0.4483448507947838,0.07481514869532646,18.939237175346367
2026-07-10 03:30:00,5.98715,instrument_filtered,F1,87.5,1575.0,5.98715,7.602730158730158,0.44783994952134504,0.07468206669301286,19.01391924203938
2026-07-10 03:40:00,5.9754,instrument_filtered,F1,87.66666666666667,1575.0,5.9754,7.587809523809524,0.4469610473046182,0.07456674973549905,19.088485991774878
2026-07-10 03:50:00,5.94695,instrument_filtered,F1,87.83333333333333,1575.0,5.94695,7.551682539682539,0.4448329819373095,0.07431616910348976,19.162802160878368
2026-07-10 04:00:00,5.9006,instrument_filtered,F1,88.0,1575.0,5.9006,7.492825396825396,0.44136599319302977,0.07384991459419704,19.236652075472566
2026-07-10 04:10:00,5.8586,instrument_filtered,F1,88.16666666666667,1575.0,5.8586,7.439492063492064,0.43822438526941065,0.07329919820520545,19.309951273677772
2026-07-10 04:20:00,5.8332,instrument_filtered,F1,88.33333333333333,1575.0,5.8332,7.407238095238095,0.43632446047750756,0.0728790704789057,19.382830344156677
2026-07-10 04:30:00,5.8292,instrument_filtered,F1,88.5,1575.0,5.8292,7.40215873015873,0.43602525972287726,0.07269581001670081,19.455526154173377
2026-07-10 04:40:00,5.844250000000001,instrument_filtered,F1,88.66666666666667,1575.0,5.844250000000001,7.421269841269843,0.4371510025621742,0.07276468852375635,19.528290842697132
2026-07-10 04:50:00,5.8619,instrument_filtered,F1,88.83333333333333,1575.0,5.8619,7.44368253968254,0.43847122589198073,0.0729685190378421,19.601259361734975
2026-07-10 05:00:00,5.8729499999999994,instrument_filtered,F1,89.0,1575.0,5.8729499999999994,7.457714285714285,0.4392977679766472,0.07314741615572107,19.674406777890695
2026-07-10 05:10:00,5.8749,instrument_filtered,F1,89.16666666666667,1575.0,5.8749,7.460190476190477,0.43944362834452966,0.07322844969343349,19.74763522758413
2026-07-10 05:20:00,5.87645,instrument_filtered,F1,89.33333333333333,1575.0,5.87645,7.4621587301587295,0.4395595686369487,0.07325026641511904,19.82088549399925
2026-07-10 05:30:00,5.8763,instrument_filtered,F1,89.5,1575.0,5.8763,7.461968253968253,0.4395483486086501,0.07325899310380199,19.894144487103052
2026-07-10 05:40:00,5.8604,instrument_filtered,F1,89.66666666666667,1575.0,5.8604,7.441777777777778,0.43835902560899437,0.07315894785147245,19.967303434954523
2026-07-10 05:50:00,5.8257,instrument_filtered,F1,89.83333333333333,1575.0,5.8257,7.397714285714287,0.4357634590625757,0.07284354038929336,20.040146975343816
2026-07-10 06:00:00,5.7826,instrument_filtered,F1,90.0,1575.0,5.7826,7.342984126984128,0.43253957093143314,0.07235858583283614,20.112505561176654
2026-07-10 06:10:00,5.7366,instrument_filtered,F1,90.16666666666667,1575.0,5.7366,7.284571428571429,0.4290987622531836,0.07180319443205344,20.184308755608708
2026-07-10 06:20:00,5.69045,instrument_filtered,F1,90.33333333333333,1575.0,5.69045,7.2259682539682535,0.4256467335466354,0.07122879131664754,20.255537546925357
2026-07-10 06:30:00,5.6515,instrument_filtered,F1,90.5,1575.0,5.6515,7.176507936507937,0.42273326619842194,0.07069833331209012,20.326235880237448
2026-07-10 06:40:00,5.6266,instrument_filtered,F1,90.66666666666667,1575.0,5.6266,7.144888888888889,0.4208707415008476,0.07030033397494112,20.39653621421239
2026-07-10 06:50:00,5.6137,instrument_filtered,F1,90.83333333333333,1575.0,5.6137,7.128507936507936,0.41990581906716457,0.0700647133806637,20.466600927593053
2026-07-10 07:00:00,5.6007,instrument_filtered,F1,91.0,1575.0,5.6007,7.112,0.41893341661461586,0.06990326964015035,20.536504197233203
2026-07-10 07:10:00,5.5875,instrument_filtered,F1,91.16666666666667,1575.0,5.5875,7.095238095238095,0.41794605412433544,0.0697399558949146,20.606244153128117
2026-07-10 07:20:00,5.5687,instrument_filtered,F1,91.33333333333333,1575.0,5.5687,7.071365079365079,0.41653981057757267,0.06954048872515506,20.675784641853273
2026-07-10 07:30:00,5.5415,instrument_filtered,F1,91.5,1575.0,5.5415,7.036825396825397,0.4145052454460859,0.06925375466864019,20.745038396521913
2026-07-10 07:40:00,5.51485,instrument_filtered,F1,91.66666666666667,1575.0,5.51485,7.002984126984128,0.412511820418361,0.0689180888220392,20.81395648534395
2026-07-10 07:50:00,5.4959,instrument_filtered,F1,91.83333333333333,1575.0,5.4959,6.978920634920635,0.41109435684329937,0.06863384810513445,20.882590333449084
2026-07-10 08:00:00,5.4860500000000005,instrument_filtered,F1,92.0,1575.0,5.4860500000000005,6.966412698412698,0.41035757498502207,0.06845432765236206,20.951044661101445
2026-07-10 08:10:00,5.4809,instrument_filtered,F1,92.16666666666667,1575.0,5.4809,6.959873015873017,0.40997235401343546,0.06836082741654008,21.019405488517986
2026-07-10 08:20:00,5.48875,instrument_filtered,F1,92.33333333333333,1575.0,5.48875,6.96984126984127,0.4105595354943976,0.06837765745898221,21.087783145976967
2026-07-10 08:30:00,5.5283,instrument_filtered,F1,92.5,1575.0,5.5283,7.020063492063493,0.41351788295580566,0.06867311820418556,21.156456264181152
2026-07-10 08:40:00,5.594849999999999,instrument_filtered,F1,92.66666666666667,1575.0,5.594849999999999,7.104571428571428,0.4184958355109688,0.06933447653889983,21.22579074072005
2026-07-10 08:50:00,5.6302,instrument_filtered,F1,92.83333333333333,1575.0,5.6302,7.149460317460318,0.421140022180015,0.06996965480757801,21.29576039552763
2026-07-10 09:00:00,5.600849999999999,instrument_filtered,F1,93.0,1575.0,5.600849999999999,7.1121904761904755,0.4189446366429144,0.07000705490191277,21.365767450429544
2026-07-10 09:10:00,5.5121,instrument_filtered,F1,93.16666666666667,1575.0,5.5121,6.999492063492064,0.41230611989955257,0.06927089637854088,21.435038346808085
2026-07-10 09:20:00,5.4025,instrument_filtered,F1,93.33333333333333,1575.0,5.4025,6.86031746031746,0.4041080192226797,0.06803451159351549,21.5030728584016
2026-07-10 09:30:00,5.3219,instrument_filtered,F1,93.5,1525.0,5.3219,6.979540983606558,0.4111308985748076,0.06793657648312587,21.57100943488473
2026-07-10 09:40:00,5.30725,instrument_filtered,F1,93.66666666666667,1525.0,5.30725,6.960327868852459,0.4099991471957661,0.06842750381421642,21.639436938698946
2026-07-10 09:50:00,5.3826,instrument_filtered,F1,93.83333333333333,1525.0,5.3826,7.059147540983607,0.4158201346640785,0.06881827348831647,21.70825521218726
2026-07-10 10:00:00,5.4886,instrument_filtered,F1,94.0,1525.0,5.4886,7.19816393442623,0.42400891597318424,0.06998575421977389,21.778240966407036
2026-07-10 10:10:00,5.5504,instrument_filtered,F1,94.16666666666667,1525.0,5.5504,7.279213114754098,0.42878312998170043,0.07106600382957574,21.84930697023661
2026-07-10 10:20:00,5.5561,instrument_filtered,F1,94.33333333333333,1525.0,5.5561,7.286688524590163,0.42922347010869955,0.07150055000752926,21.92080752024414
2026-07-10 10:30:00,5.5376,instrument_filtered,F1,94.5,1525.0,5.5376,7.262426229508197,0.42779429601229907,0.0714181471767519,21.99222566742089
2026-07-10 10:40:00,5.5136,instrument_filtered,F1,94.66666666666667,1525.0,5.5136,7.230950819672132,0.4259402323196714,0.07114454402766622,22.063370211448557
2026-07-10 10:50:00,5.4848,instrument_filtered,F1,94.83333333333333,1525.0,5.4848,7.193180327868853,0.42371535588851805,0.07080463235067842,22.134174843799236
2026-07-10 11:00:00,5.45485,instrument_filtered,F1,95.0,1525.0,5.45485,7.153901639344263,0.4214016389054265,0.07042641623283072,22.204601260032067
2026-07-10 11:10:00,5.43275,instrument_filtered,F1,95.16666666666667,1525.0,5.43275,7.124918032786885,0.41969435525513177,0.07009133284671518,22.274692592878782
2026-07-10 11:20:00,5.4212,instrument_filtered,F1,95.33333333333333,1525.0,5.4212,7.109770491803278,0.4188020871030546,0.0698747035298449,22.344567296408627
2026-07-10 11:30:00,5.4079,instrument_filtered,F1,95.5,1525.0,5.4079,7.0923278688524585,0.4177746268067234,0.06971472615915014,22.41428202256778
2026-07-10 11:40:00,5.3981,instrument_filtered,F1,95.66666666666667,1525.0,5.3981,7.079475409836066,0.41701755079890057,0.06956601480047064,22.48384803736825
2026-07-10 11:50:00,5.41245,instrument_filtered,F1,95.83333333333333,1525.0,5.41245,7.098295081967213,0.4181261263817842,0.06959530643171978,22.55344334379997
2026-07-10 12:00:00,5.45,instrument_filtered,F1,96.0,1525.0,5.45,7.147540983606557,0.4210269635342079,0.06992942415966799,22.623372767959637
2026-07-10 12:10:00,5.49215,instrument_filtered,F1,96.16666666666667,1525.0,5.49215,7.202819672131147,0.42428316289438534,0.0704425105357181,22.693815278495354
2026-07-10 12:20:00,5.5267,instrument_filtered,F1,96.33333333333333,1525.0,5.5267,7.248131147540984,0.4269522420852306,0.07093628374829729,22.76475156224365
2026-07-10 12:30:00,5.5488,instrument_filtered,F1,96.5,1475.0,5.5488,7.523796610169492,0.4431903571163906,0.07251188326680383,22.83726344551045
2026-07-10 12:40:00,5.57,instrument_filtered,F1,96.66666666666667,1475.0,5.57,7.552542372881356,0.44488363053962937,0.07400616563800377,22.911269611148455
2026-07-10 12:50:00,5.6195,instrument_filtered,F1,96.83333333333333,1475.0,5.6195,7.619661016949152,0.4488372642401162,0.07447674123164123,22.985746352380097
2026-07-10 13:00:00,5.6502,instrument_filtered,F1,97.0,1475.0,5.6502,7.66128813559322,0.4512893158482969,0.07501054834070323,23.0607569007208
2026-07-10 13:10:00,5.6301,instrument_filtered,F1,97.16666666666667,1475.0,5.6301,7.634033898305084,0.44968390095173555,0.07508110140000483,23.135838002120806
2026-07-10 13:20:00,5.5524,instrument_filtered,F1,97.33333333333333,1475.0,5.5524,7.528677966101695,0.4434778941127896,0.0744301495887062,23.210268151709514
2026-07-10 13:30:00,5.43785,instrument_filtered,F1,97.5,1475.0,5.43785,7.37335593220339,0.4343286266301479,0.07315054339524688,23.28341869510476
2026-07-10 13:40:00,5.3125,instrument_filtered,F1,97.66666666666667,1475.0,5.3125,7.203389830508475,0.42431674815830905,0.07155378123237345,23.354972476337135
2026-07-10 13:50:00,5.1963,instrument_filtered,F1,97.83333333333333,1475.0,5.1963,7.045830508474577,0.41503569288565106,0.06994603675365937,23.424918513090795
2026-07-10 14:00:00,5.1052,instrument_filtered,F1,98.0,1475.0,5.1052,6.922305084745762,0.40775940944899747,0.06856625852788932,23.493484771618682
2026-07-10 14:10:00,5.04775,instrument_filtered,F1,98.16666666666667,1475.0,5.04775,6.844406779661017,0.4031707982147961,0.06757751730531805,23.561062288924
2026-07-10 14:20:00,5.0277,instrument_filtered,F1,98.33333333333333,1475.0,5.0277,6.817220338983052,0.40156937688762934,0.06706168125853164,23.628123970182532
2026-07-10 14:30:00,5.0343,instrument_filtered,F1,98.5,1475.0,5.0343,6.826169491525424,0.4020965280476942,0.0669721587446122,23.695096128927144
2026-07-10 14:40:00,5.05245,instrument_filtered,F1,98.66666666666667,1475.0,5.05245,6.85077966101695,0.40354619373787265,0.06713689348213248,23.762233022409276
2026-07-10 14:50:00,5.0719,instrument_filtered,F1,98.83333333333333,1475.0,5.0719,6.877152542372882,0.4050996922323064,0.06738715716417776,23.829620179573453
2026-07-10 15:00:00,5.08625,instrument_filtered,F1,99.0,1475.0,5.08625,6.896610169491526,0.4062458466485081,0.06761212824006979,23.897232307813525
2026-07-10 15:10:00,5.08715,instrument_filtered,F1,99.16666666666667,1475.0,5.08715,6.897830508474577,0.4063177308976078,0.06771363146217825,23.964945939275704
2026-07-10 15:20:00,5.0746,instrument_filtered,F1,99.33333333333333,1475.0,5.0746,6.880813559322035,0.40531534497960564,0.06763608965643061,24.032582028932136
2026-07-10 15:30:00,5.06175,instrument_filtered,F1,99.5,1475.0,5.06175,6.863389830508474,0.40428899764523674,0.06746702855207212,24.10004905748421
2026-07-10 15:40:00,5.0608,instrument_filtered,F1,99.66666666666667,1475.0,5.0608,6.862101694915254,0.40421311982674263,0.06737517645600019,24.16742423394021
2026-07-10 15:50:00,5.0678,instrument_filtered,F1,99.83333333333333,1475.0,5.0678,6.871593220338983,0.404772219541963,0.06741544494738831,24.2348396788876
2026-07-06 12:50:00,1.4766,instrument_filtered,F2,0.8333333333333334,1950.0,1.4766,1.5144615384615383,0.08920958192338577,0.0,0.0
2026-07-06 13:00:00,1.4696500000000001,instrument_filtered,F2,1.0,1950.0,1.4696500000000001,1.5073333333333334,0.08878969394128668,0.0148332729887227,0.0148332729887227
2026-07-06 13:10:00,1.6887,instrument_filtered,F2,1.1666666666666667,1950.0,1.6887,1.732,0.10202371731953243,0.015901117605068266,0.030734390593790968
2026-07-06 13:20:00,2.0039,instrument_filtered,F2,1.3333333333333333,1950.0,2.0039,2.055282051282051,0.12106669457962398,0.018590867658263018,0.049325258252053986
2026-07-06 13:30:00,2.24245,instrument_filtered,F2,1.5,1950.0,2.24245,2.299948717948718,0.13547882092922692,0.021378792959070917,0.0707040512111249
2026-07-06 13:40:00,2.3324499999999997,instrument_filtered,F2,1.6666666666666667,1950.0,2.3324499999999997,2.39225641025641,0.14091621925856776,0.02303292001564957,0.09373697122677446
2026-07-06 13:50:00,2.2891,instrument_filtered,F2,1.8333333333333333,1950.0,2.2891,2.347794871794872,0.13829720572993526,0.02326778541570856,0.11700475664248303
2026-07-06 14:00:00,2.14785,instrument_filtered,F2,2.0,1950.0,2.14785,2.202923076923077,0.12976351112971973,0.022338393071637926,0.13934314971412096
2026-07-06 14:10:00,1.9649999999999999,instrument_filtered,F2,2.1666666666666665,1950.0,1.9649999999999999,2.0153846153846153,0.11871653019060889,0.02070667011002737,0.16004981982414831
2026-07-06 14:20:00,1.78145,instrument_filtered,F2,2.3333333333333335,1950.0,1.78145,1.8271282051282052,0.10762725837560315,0.018861982380517704,0.17891180220466602
2026-07-06 14:30:00,1.62815,instrument_filtered,F2,2.5,1950.0,1.62815,1.6698974358974359,0.09836555655462587,0.017166067910852404,0.19607787011551842
2026-07-06 14:40:00,1.50435,instrument_filtered,F2,2.6666666666666665,1950.0,1.50435,1.542923076923077,0.09088611307493255,0.015770972469129854,0.21184884258464826
2026-07-06 14:50:00,1.3931,instrument_filtered,F2,2.8333333333333335,1950.0,1.3931,1.4288205128205127,0.08416488458449732,0.01458758313828585,0.2264364257229341
2026-07-06 15:00:00,1.31825,instrument_filtered,F2,3.0,1950.0,1.31825,1.352051282051282,0.0796427816405955,0.013650638852091057,0.24008706457502516
2026-07-06 15:10:00,1.2928,instrument_filtered,F2,3.1666666666666665,1950.0,1.2928,1.325948717948718,0.07810520622413188,0.013145665655393936,0.2532327302304191
2026-07-06 15:20:00,1.3056,instrument_filtered,F2,3.3333333333333335,1945.0,1.3056,1.3425192802056556,0.07908129765572976,0.013098875323321825,0.2663316055537409
2026-07-06 15:30:00,1.3472,instrument_filtered,F2,3.5,1945.0,1.3472,1.3852956298200514,0.08160104488495644,0.013390195211723837,0.27972180076546477
2026-07-06 15:40:00,1.41275,instrument_filtered,F2,3.6666666666666665,1945.0,1.41275,1.4526992287917737,0.08557146389639417,0.013931042398445871,0.29365284316391066
2026-07-06 15:50:00,1.4868999999999999,instrument_filtered,F2,3.8333333333333335,1945.0,1.4868999999999999,1.5289460154241643,0.090062792190797,0.014636188007265958,0.3082890311711766
2026-07-06 16:00:00,1.5483,instrument_filtered,F2,4.0,1945.0,1.5483,1.5920822622107969,0.09378184218778061,0.015320386198214788,0.3236094173693914
2026-07-06 16:10:00,1.5934,instrument_filtered,F2,4.166666666666667,1945.0,1.5934,1.6384575835475577,0.09651358738100474,0.015857952464065475,0.3394673698334569
2026-07-06 16:20:00,1.6193,instrument_filtered,F2,4.333333333333333,1945.0,1.6193,1.6650899742930592,0.09808237231458579,0.016216329974632484,0.35568369980808934
2026-07-06 16:30:00,1.6250499999999999,instrument_filtered,F2,4.5,1895.0,1.6250499999999999,1.7150923482849603,0.10102776958332436,0.016592511824825875,0.3722762116329152
2026-07-06 16:40:00,1.6236,instrument_filtered,F2,4.666666666666667,1895.0,1.6236,1.7135620052770448,0.10093762450108335,0.016830449507034006,0.3891066611399492
2026-07-06 16:50:00,1.6285500000000002,instrument_filtered,F2,4.833333333333333,1895.0,1.6285500000000002,1.7187862796833775,0.10124536116114763,0.016848582138519187,0.4059552432784684
2026-07-06 17:00:00,1.6319,instrument_filtered,F2,5.0,1895.0,1.6319,1.7223218997361476,0.10145362738563557,0.01689158237889863,0.42284682565736703
2026-07-06 17:10:00,1.6338,instrument_filtered,F2,5.166666666666667,1895.0,1.6338,1.7243271767810027,0.10157174852788245,0.016918781326126533,0.43976560698349354
2026-07-06 17:20:00,1.6341,instrument_filtered,F2,5.333333333333333,1895.0,1.6341,1.7246437994722956,0.10159039923455303,0.016930178980202895,0.4566957859636964
2026-07-06 17:30:00,1.6305,instrument_filtered,F2,5.5,1895.0,1.6305,1.720844327176781,0.10136659075450628,0.016913082499088305,0.4736088684627847
2026-07-06 17:40:00,1.6259,instrument_filtered,F2,5.666666666666667,1895.0,1.6259,1.71598944591029,0.10108061325222432,0.01687060033389425,0.490479468796679
2026-07-06 17:50:00,1.6161,instrument_filtered,F2,5.833333333333333,1895.0,1.6161,1.7056464379947232,0.10047135683431929,0.016795997507211908,0.5072754663038909
2026-07-06 18:00:00,1.6017,instrument_filtered,F2,6.0,1895.0,1.6017,1.6904485488126648,0.0995761229141323,0.016670623312370996,0.5239460896162619
2026-07-06 18:10:00,1.5912,instrument_filtered,F2,6.166666666666667,1895.0,1.5912,1.6793667546174142,0.0989233481806626,0.016541622591232936,0.5404877122074948
2026-07-06 18:20:00,1.5857,instrument_filtered,F2,6.333333333333333,1895.0,1.5857,1.6735620052770448,0.09858141855836895,0.016458730561585904,0.5569464427690807
2026-07-06 18:30:00,1.5837500000000002,instrument_filtered,F2,6.5,1895.0,1.5837500000000002,1.6715039577836415,0.09846018896501033,0.016420133960281635,0.5733665767293623
2026-07-06 18:40:00,1.5865,instrument_filtered,F2,6.666666666666667,1895.0,1.5865,1.6744063324538259,0.09863115377615714,0.016424278561763983,0.5897908552911263
2026-07-06 18:50:00,1.5907,instrument_filtered,F2,6.833333333333333,1895.0,1.5907,1.6788390501319261,0.09889226366954501,0.016460284787141788,0.6062511400782681
2026-07-06 19:00:00,1.59855,instrument_filtered,F2,7.0,1895.0,1.59855,1.6871240105540897,0.09938029049409138,0.016522712846969725,0.6227738529252378
2026-07-06 19:10:00,1.6111,instrument_filtered,F2,7.166666666666667,1895.0,1.6111,1.7003693931398416,0.10016051172314325,0.016628400184769583,0.6394022531100074
2026-07-06 19:20:00,1.6198,instrument_filtered,F2,7.333333333333333,1895.0,1.6198,1.709551451187335,0.10070138221658956,0.01673849116164434,0.6561407442716518
2026-07-06 19:30:00,1.6258,instrument_filtered,F2,7.5,1895.0,1.6258,1.7158839050131927,0.10107439635000079,0.01681464821388256,0.6729553924855344
2026-07-06 19:40:00,1.634,instrument_filtered,F2,7.666666666666667,1895.0,1.634,1.7245382585751978,0.1015841823323295,0.01688821489019422,0.6898436073757286
2026-07-06 19:50:00,1.6435,instrument_filtered,F2,7.833333333333333,1895.0,1.6435,1.7345646437994724,0.10217478804356397,0.016979914197991063,0.7068235215737196
2026-07-06 20:00:00,1.656,instrument_filtered,F2,8.0,1895.0,1.656,1.7477572559366754,0.10295190082150407,0.0170938907387557,0.7239174123124753
2026-07-06 20:10:00,1.6692,instrument_filtered,F2,8.166666666666666,1895.0,1.6692,1.7616886543535621,0.10377253191500883,0.017227036061376017,0.7411444483738513
2026-07-06 20:20:00,1.68105,instrument_filtered,F2,8.333333333333334,1895.0,1.68105,1.7741952506596306,0.10450923482849603,0.017356813895292193,0.7585012622691435
2026-07-06 20:30:00,1.6969,instrument_filtered,F2,8.5,1895.0,1.6969,1.7909234828496043,0.10549461383092408,0.017500320721618282,0.7760015829907618
2026-07-06 20:40:00,1.7172,instrument_filtered,F2,8.666666666666666,1895.0,1.7172,1.8123482849604222,0.1067566449822988,0.017687604901101845,0.7936891878918637
2026-07-06 20:50:00,1.7394500000000002,instrument_filtered,F2,8.833333333333334,1895.0,1.7394500000000002,1.835831134564644,0.10813990572703219,0.017908045892444376,0.811597233784308
2026-07-06 21:00:00,1.7627,instrument_filtered,F2,9.0,1895.0,1.7627,1.8603693931398417,0.10958533549400076,0.018143770101752683,0.8297410038860608
2026-07-06 21:10:00,1.7887499999999998,instrument_filtered,F2,9.166666666666666,1895.0,1.7887499999999998,1.887862796833773,0.11120483852322789,0.018399181168102324,0.8481401850541631
2026-07-06 21:20:00,1.8178,instrument_filtered,F2,9.333333333333334,1895.0,1.8178,1.9185224274406334,0.11301084861916069,0.018684640595199184,0.8668248256493623
2026-07-06 21:30:00,1.8506,instrument_filtered,F2,9.5,1895.0,1.8506,1.9531398416886543,0.1150499925484755,0.01900507009730295,0.8858298957466652
2026-07-06 21:40:00,1.8849,instrument_filtered,F2,9.666666666666666,1895.0,1.8849,1.98934036939314,0.11718239001114314,0.01935269854663482,0.9051825942933
2026-07-06 21:50:00,1.91695,instrument_filtered,F2,9.833333333333334,1895.0,1.91695,2.0231662269129287,0.11917490717378154,0.019696441432077195,0.9248790357253771
2026-07-06 22:00:00,1.9545,instrument_filtered,F2,10.0,1895.0,1.9545,2.062796833773087,0.1215093539587136,0.02005702176104119,0.9449360574864183
2026-07-06 22:10:00,1.9953500000000002,instrument_filtered,F2,10.166666666666666,1895.0,1.9953500000000002,2.105910290237467,0.12404895851702184,0.020463192706311216,0.9653992501927295
2026-07-06 22:20:00,2.0368,instrument_filtered,F2,10.333333333333334,1895.0,2.0368,2.1496569920844326,0.12662586448867122,0.020889568583807902,0.9862888187765374
2026-07-06 22:30:00,2.0809,instrument_filtered,F2,10.5,1895.0,2.0809,2.1962005277044856,0.12936751836924387,0.021332781904826178,1.0076216006813636
2026-07-06 22:40:00,2.127,instrument_filtered,F2,10.666666666666666,1895.0,2.127,2.2448548812664906,0.13223351029428693,0.02180008572196082,1.0294216864033245
2026-07-06 22:50:00,2.17645,instrument_filtered,F2,10.833333333333334,1895.0,2.17645,2.2970448548812663,0.13530776844381798,0.0222951065615089,1.0517167929648334
2026-07-06 23:00:00,2.2377000000000002,instrument_filtered,F2,11.0,1895.0,2.2377000000000002,2.3616886543535625,0.13911562105572445,0.022868615791628456,1.074585408756462
2026-07-06 23:10:00,2.30485,instrument_filtered,F2,11.166666666666666,1895.0,2.30485,2.4325593667546173,0.14329027089881863,0.023533824329545174,1.098119233086007
2026-07-06 23:20:00,2.377,instrument_filtered,F2,11.333333333333334,1895.0,2.377,2.508707124010554,0.14777576585308888,0.024255503062659133,1.1223747361486662
2026-07-06 23:30:00,2.4522,instrument_filtered,F2,11.5,1895.0,2.4522,2.5880738786279682,0.1524508763251765,0.025018886848188693,1.1473936229968549
2026-07-06 23:40:00,2.5225,instrument_filtered,F2,11.666666666666666,1895.0,2.5225,2.662269129287599,0.15682135858831162,0.025772686242790582,1.1731663092396454
2026-07-06 23:50:00,2.5896999999999997,instrument_filtered,F2,11.833333333333334,1895.0,2.5896999999999997,2.733192612137203,0.16099911688251758,0.02648503962256929,1.1996513488622147
2026-07-07 00:00:00,2.6521,instrument_filtered,F2,12.0,1895.0,2.6521,2.7990501319261214,0.16487846386999452,0.027156465062709245,1.2268078139249239
2026-07-07 00:10:00,2.7057,instrument_filtered,F2,12.166666666666666,1895.0,2.7057,2.855620052770449,0.16821072346180171,0.02775743227764959,1.2545652462025734
2026-07-07 00:20:00,2.7595,instrument_filtered,F2,12.333333333333334,1895.0,2.7595,2.9124010554089708,0.17155541685805584,0.028313845026654995,1.2828790912292283
2026-07-07 00:30:00,2.8122,instrument_filtered,F2,12.5,1895.0,2.8122,2.9680211081794194,0.1748317243298513,0.02886559509899216,1.3117446863282205
2026-07-07 00:40:00,2.86315,instrument_filtered,F2,12.666666666666666,1895.0,2.86315,3.0217941952506595,0.17799923601273512,0.029402580028548765,1.3411472663567692
2026-07-07 00:50:00,2.9172,instrument_filtered,F2,12.833333333333334,1895.0,2.9172,3.078839050131926,0.18135947166454813,0.029946558973107152,1.3710938253298763
2026-07-07 01:00:00,2.9672,instrument_filtered,F2,13.0,1895.0,2.9672,3.131609498680739,0.1844679227763085,0.030485616203404613,1.401579441533281
2026-07-07 01:10:00,3.01645,instrument_filtered,F2,13.166666666666666,1895.0,3.01645,3.183588390501319,0.18752974712139245,0.030999805824808303,1.4325792473580892
2026-07-07 01:20:00,3.0645,instrument_filtered,F2,13.333333333333334,1895.0,3.0645,3.2343007915567283,0.19051696863979425,0.03150389298009912,1.4640831403381882
2026-07-07 01:30:00,3.1113999999999997,instrument_filtered,F2,13.5,1895.0,3.1113999999999997,3.283799472295514,0.19343269578262545,0.031995805368534865,1.4960789457067232
2026-07-07 01:40:00,3.1529,instrument_filtered,F2,13.666666666666666,1895.0,3.1529,3.3275989445910286,0.19601271020538658,0.03245378383233422,1.5285327295390574
2026-07-07 01:50:00,3.2018,instrument_filtered,F2,13.833333333333334,1895.0,3.2018,3.379208443271768,0.19905277539268829,0.0329221237998398,1.5614548533388972
2026-07-07 02:00:00,3.258,instrument_filtered,F2,14.0,1895.0,3.258,3.4385224274406334,0.20254667444230698,0.03346662081958282,1.59492147415848
2026-07-07 02:10:00,3.3236999999999997,instrument_filtered,F2,14.166666666666666,1895.0,3.3236999999999997,3.507862796833773,0.20663117920316007,0.034098154470455465,1.6290196286289356
2026-07-07 02:20:00,3.3884,instrument_filtered,F2,14.333333333333334,1895.0,3.3884,3.5761477572559364,0.21065351494177798,0.03477372451207842,1.663793353141014
2026-07-07 02:30:00,3.4459,instrument_filtered,F2,14.5,1895.0,3.4459,3.6368337730870715,0.21422823372030247,0.03540681238850658,1.6992001655295206
2026-07-07 02:40:00,3.49205,instrument_filtered,F2,14.666666666666666,1895.0,3.49205,3.685540897097625,0.21709733409645732,0.035943797318063186,1.7351439628475838
2026-07-07 02:50:00,3.5232,instrument_filtered,F2,14.833333333333334,1895.0,3.5232,3.718416886543536,0.21903389913908403,0.03634426943629537,1.7714882322838792
2026-07-07 03:00:00,3.53465,instrument_filtered,F2,15.0,1895.0,3.53465,3.7305013192612138,0.21974573444367718,0.03656496946522997,1.808053201749109
2026-07-07 03:10:00,3.5303500000000003,instrument_filtered,F2,15.166666666666666,1895.0,3.5303500000000003,3.7259630606860163,0.2194784076480658,0.03660201184097845,1.8446552135900876
2026-07-07 03:20:00,3.5302,instrument_filtered,F2,15.333333333333334,1895.0,3.5302,3.725804749340369,0.21946908229473047,0.03657895749523329,1.8812341710853209
2026-07-07 03:30:00,3.52325,instrument_filtered,F2,15.5,1895.0,3.52325,3.7184696569920845,0.21903700759019581,0.03654217415707706,1.917776345242398
2026-07-07 03:40:00,3.5204000000000004,instrument_filtered,F2,15.666666666666666,1895.0,3.5204000000000004,3.715461741424803,0.21885982587682548,0.03649140278891831,1.9542677480313162
2026-07-07 03:50:00,3.5080999999999998,instrument_filtered,F2,15.833333333333334,1895.0,3.5080999999999998,3.7024802110817943,0.2180951469033324,0.03641291439834675,1.990680662429663
2026-07-07 04:00:00,3.47895,instrument_filtered,F2,16.0,1895.0,3.47895,3.671715039577837,0.21628291990517615,0.03619817223404225,2.026878834663705
2026-07-07 04:10:00,3.44515,instrument_filtered,F2,16.166666666666668,1895.0,3.44515,3.636042216358839,0.21418160695362606,0.03587204390490044,2.0627508785686057
2026-07-07 04:20:00,3.4005,instrument_filtered,F2,16.333333333333332,1895.0,3.4005,3.5889182058047493,0.21140576011082401,0.035465613922037,2.098216492490643
2026-07-07 04:30:00,3.34085,instrument_filtered,F2,16.5,1895.0,3.34085,3.5259630606860157,0.2076973779344939,0.03492526150377674,2.1331417539944195
2026-07-07 04:40:00,3.2666,instrument_filtered,F2,16.666666666666668,1895.0,3.2666,3.447598944591029,0.20308132803352974,0.034231558830668876,2.1673733128250885
2026-07-07 04:50:00,3.18185,instrument_filtered,F2,16.833333333333332,1895.0,3.18185,3.3581530343007913,0.19781250339909584,0.03340781928605166,2.2007811321111403
2026-07-07 05:00:00,3.09295,instrument_filtered,F2,17.0,1895.0,3.09295,3.264327176781003,0.1922856773223859,0.032508181726790375,2.233289313837931
2026-07-07 05:10:00,3.0133,instrument_filtered,F2,17.166666666666668,1895.0,3.0133,3.1802638522427444,0.1873339147013516,0.03163496600197835,2.264924279839909
2026-07-07 05:20:00,2.9421,instrument_filtered,F2,17.333333333333332,1895.0,2.9421,3.1051187335092347,0.18290748031820475,0.03085344958496259,2.295777729424872
2026-07-07 05:30:00,2.8790500000000003,instrument_filtered,F2,17.5,1895.0,2.8790500000000003,3.038575197889182,0.17898772346627495,0.030157933648706857,2.3259356630735786
2026-07-07 05:40:00,2.82945,instrument_filtered,F2,17.666666666666668,1895.0,2.82945,2.9862269129287595,0.17590413996340862,0.029574321952473843,2.3555099850260524
2026-07-07 05:50:00,2.7888,instrument_filtered,F2,17.833333333333332,1895.0,2.7888,2.9433245382585755,0.17337696920954748,0.029106759097745925,2.3846167441237984
2026-07-07 06:00:00,2.7499000000000002,instrument_filtered,F2,18.0,1895.0,2.7499000000000002,2.902269129287599,0.17095859424459786,0.02869463028784565,2.413311374411644
2026-07-07 06:10:00,2.7167000000000003,instrument_filtered,F2,18.166666666666668,1895.0,2.7167000000000003,2.8672295514511874,0.16889458270638896,0.028321098079249103,2.4416324724908933
2026-07-07 06:20:00,2.67945,instrument_filtered,F2,18.333333333333332,1895.0,2.67945,2.8279155672823224,0.1665787866281275,0.027956114111209306,2.469588586602103
2026-07-07 06:30:00,2.63715,instrument_filtered,F2,18.5,1895.0,2.63715,2.7832717678100263,0.16394903698757818,0.027543985301309,2.497132571903412
2026-07-07 06:40:00,2.5965,instrument_filtered,F2,18.666666666666668,1895.0,2.5965,2.740369393139842,0.16142186623371702,0.027114241935108127,2.52424681383852
2026-07-07 06:50:00,2.5553,instrument_filtered,F2,18.833333333333332,1895.0,2.5553,2.6968865435356197,0.15886050251762643,0.026690197395944904,2.5509370112344647
2026-07-07 07:00:00,2.5164999999999997,instrument_filtered,F2,19.0,1895.0,2.5164999999999997,2.655936675461741,0.15644834445490036,0.026275737247710755,2.5772127484821756
2026-07-07 07:10:00,2.4874,instrument_filtered,F2,19.166666666666668,1895.0,2.4874,2.6252242744063325,0.15463922590785584,0.025923964196896535,2.6031367126790723
2026-07-07 07:20:00,2.46365,instrument_filtered,F2,19.333333333333332,1895.0,2.46365,2.6001583113456466,0.15316271162976963,0.025650161461468424,2.6287868741405407
2026-07-07 07:30:00,2.4451,instrument_filtered,F2,19.5,1895.0,2.4451,2.580580474934037,0.15200947626730654,0.02543101565808986,2.6542178897986304
2026-07-07 07:40:00,2.43825,instrument_filtered,F2,19.666666666666668,1895.0,2.43825,2.5733509234828498,0.15158361846499535,0.025299424561025338,2.679517314359656
2026-07-07 07:50:00,2.4386,instrument_filtered,F2,19.833333333333332,1895.0,2.4386,2.5737203166226914,0.1516053776227777,0.02526574967398073,2.7047830640336366
2026-07-07 08:00:00,2.4444,instrument_filtered,F2,20.0,1895.0,2.4444,2.5798416886543536,0.15196595795174186,0.025297611297876808,2.7300806753315134
2026-07-07 08:10:00,2.46015,instrument_filtered,F2,20.166666666666668,1895.0,2.46015,2.59646437994723,0.15294512005194644,0.02540925650030754,2.755489931831821
2026-07-07 08:20:00,2.4832,instrument_filtered,F2,20.333333333333332,1895.0,2.4832,2.6207915567282325,0.15437811601446794,0.025610269672200835,2.781100201504022
2026-07-07 08:30:00,2.55655,instrument_filtered,F2,20.5,1895.0,2.55655,2.6982058047493407,0.15893821379542045,0.026109694150824217,2.807209895654846
2026-07-07 08:40:00,2.6495499999999996,instrument_filtered,F2,20.666666666666668,1895.0,2.6495499999999996,2.7963588390501317,0.16471993286329475,0.02697151222155979,2.834181407876406
2026-07-07 08:50:00,2.7348,instrument_filtered,F2,20.833333333333332,1895.0,2.7348,2.8863324538258572,0.1700198420088462,0.027894981239344682,2.862076389115751
2026-07-07 09:00:00,2.7982,instrument_filtered,F2,21.0,1845.0,2.7982,3.0332791327913275,0.17867575796486077,0.029057966664475788,2.8911343557802267
2026-07-07 09:10:00,2.82805,instrument_filtered,F2,21.166666666666668,1845.0,2.82805,3.065636856368564,0.18058179447949566,0.029938129370363248,2.92107248515059
2026-07-07 09:20:00,2.83055,instrument_filtered,F2,21.333333333333332,1845.0,2.83055,3.068346883468835,0.18074142902846002,0.03011026862566254,2.9511827537762527
2026-07-07 09:30:00,2.8172,instrument_filtered,F2,21.5,1845.0,2.8172,3.0538753387533877,0.17988898053699018,0.0300525341304544,2.981235287906707
2026-07-07 09:40:00,2.7937,instrument_filtered,F2,21.666666666666668,1845.0,2.7937,3.0284010840108397,0.17838841577672487,0.029856449692809796,3.011091737599517
2026-07-07 09:50:00,2.7772,instrument_filtered,F2,21.833333333333332,1845.0,2.7772,3.010514905149052,0.17733482775355994,0.029643603627523316,3.04073534122704
2026-07-07 10:00:00,2.7643500000000003,instrument_filtered,F2,22.0,1845.0,2.7643500000000003,2.996585365853659,0.17651430617188296,0.029487427827120452,3.0702227690541606
2026-07-07 10:10:00,2.7597,instrument_filtered,F2,22.166666666666668,1845.0,2.7597,2.991544715447154,0.17621738591080918,0.02939430767355789,3.0996170767277187
2026-07-07 10:20:00,2.76975,instrument_filtered,F2,22.333333333333332,1845.0,2.76975,3.002439024390244,0.17685911679764607,0.02942304189237085,3.1290401186200896
2026-07-07 10:30:00,2.7979,instrument_filtered,F2,22.5,1845.0,2.7979,3.032953929539295,0.17865660181898502,0.02962630988471947,3.158666428504809
2026-07-07 10:40:00,2.8269,instrument_filtered,F2,22.666666666666668,1845.0,2.8269,3.064390243902439,0.18050836258697198,0.029930413700496632,3.188596842205306
2026-07-07 10:50:00,2.8526499999999997,instrument_filtered,F2,22.833333333333332,1845.0,2.8526499999999997,3.09230352303523,0.18215259844130519,0.030221746752356,3.218818588957662
2026-07-07 11:00:00,2.88135,instrument_filtered,F2,23.0,1845.0,2.88135,3.1234146341463416,0.18398520306341634,0.03051148345872701,3.249330072416389
2026-07-07 11:10:00,2.92535,instrument_filtered,F2,23.166666666666668,1845.0,2.92535,3.171111111111111,0.18679477112518958,0.030898331182384046,3.2802284035987728
2026-07-07 11:20:00,2.96795,instrument_filtered,F2,23.333333333333332,1845.0,2.96795,3.2172899728997293,0.18951494383954282,0.03135914291372725,3.3115875465125
2026-07-07 11:30:00,2.99335,instrument_filtered,F2,23.5,1845.0,2.99335,3.2448238482384824,0.19113683085702093,0.03172098122471387,3.343308527737214
2026-07-07 11:40:00,3.0225,instrument_filtered,F2,23.666666666666668,1845.0,3.0225,3.2764227642276422,0.19299816969794575,0.03201125004624745,3.3753197777834614
2026-07-07 11:50:00,3.08785,instrument_filtered,F2,23.833333333333332,1845.0,3.08785,3.3472628726287263,0.19717101680787488,0.03251409887548459,3.407833876658946
2026-07-07 12:00:00,3.1448,instrument_filtered,F2,24.0,1840.0,3.1448,3.4182608695652177,0.20135316436543932,0.03321034843110975,3.4410442250900557
2026-07-07 12:10:00,3.21005,instrument_filtered,F2,24.166666666666668,1840.0,3.21005,3.4891847826086955,0.2055309480002793,0.03390700936381013,3.474951234453866
2026-07-07 12:20:00,3.3016,instrument_filtered,F2,24.333333333333332,1840.0,3.3016,3.588695652173913,0.2113926505561353,0.03474363321303406,3.5096948676669
2026-07-07 12:30:00,3.4716,instrument_filtered,F2,24.5,1840.0,3.4716,3.773478260869565,0.22227729757410933,0.036139162344187306,3.5458340300110875
2026-07-07 12:40:00,3.7220500000000003,instrument_filtered,F2,24.666666666666668,1840.0,3.7220500000000003,4.045706521739131,0.23831294372500106,0.038382520108259474,3.584216550119347
2026-07-07 12:50:00,3.9421999999999997,instrument_filtered,F2,24.833333333333332,1840.0,3.9421999999999997,4.285,0.2524085616132774,0.04089345877818929,3.6251100088975363
2026-07-07 13:00:00,4.0825499999999995,instrument_filtered,F2,25.0,1840.0,4.0825499999999995,4.437554347826087,0.26139479813664596,0.042816946645827254,3.6679269555433636
2026-07-07 13:10:00,4.146,instrument_filtered,F2,25.166666666666668,1840.0,4.146,4.506521739130434,0.2654573325677662,0.04390434422536799,3.7118312997687317
2026-07-07 13:20:00,4.16315,instrument_filtered,F2,25.333333333333332,1840.0,4.16315,4.52516304347826,0.2665554013698736,0.04433439449480269,3.7561656942635344
2026-07-07 13:30:00,4.16565,instrument_filtered,F2,25.5,1840.0,4.16565,4.52788043478261,0.26671546970837323,0.04443923925652088,3.8006049335200554
2026-07-07 13:40:00,4.18145,instrument_filtered,F2,25.666666666666668,1840.0,4.18145,4.5450543478260865,0.2677271016076908,0.04453688094300566,3.845141814463061
2026-07-07 13:50:00,4.2216000000000005,instrument_filtered,F2,25.833333333333332,1840.0,4.2216000000000005,4.5886956521739135,0.2702977991239947,0.04483540839430649,3.8899772228573672
2026-07-07 14:00:00,4.287599999999999,instrument_filtered,F2,26.0,1840.0,4.287599999999999,4.660434782608695,0.27452360326038455,0.04540178353203193,3.935379006389399
2026-07-07 14:10:00,4.376250000000001,instrument_filtered,F2,26.166666666666668,1840.0,4.376250000000001,4.756793478260871,0.2801996265435811,0.04622693581699747,3.9816059422063965
2026-07-07 14:20:00,4.48285,instrument_filtered,F2,26.333333333333332,1840.0,4.48285,4.872663043478261,0.28702494049720484,0.04726871392006483,4.028874656126462
2026-07-07 14:30:00,4.590450000000001,instrument_filtered,F2,26.5,1840.0,4.590450000000001,4.989619565217392,0.29391428178622836,0.04841160185695311,4.077286257983415
2026-07-07 14:40:00,4.69225,instrument_filtered,F2,26.666666666666668,1840.0,4.69225,5.100271739130434,0.3004322645299327,0.049528878859680436,4.126815136843096
2026-07-07 14:50:00,4.7905,instrument_filtered,F2,26.833333333333332,1840.0,4.7905,5.207065217391304,0.3067229502329677,0.05059626789690765,4.1774114047400035
2026-07-07 15:00:00,4.9316,instrument_filtered,F2,27.0,1835.0,4.9316,5.375040871934606,0.31661758111962435,0.05194504427938304,4.229356449019386
2026-07-07 15:10:00,5.17565,instrument_filtered,F2,27.166666666666668,1835.0,5.17565,5.6410354223433234,0.33228602962969084,0.05407530089577665,4.283431749915163
2026-07-07 15:20:00,5.408049999999999,instrument_filtered,F2,27.333333333333332,1835.0,5.408049999999999,5.894332425068119,0.34720652720698836,0.056624379736389126,4.340056129651552
2026-07-07 15:30:00,5.5718499999999995,instrument_filtered,F2,27.5,1835.0,5.5718499999999995,6.072861035422343,0.35772278152351733,0.0587441090608759,4.398800238712428
2026-07-07 15:40:00,5.66305,instrument_filtered,F2,27.666666666666668,1835.0,5.66305,6.1722615803814715,0.36357798539206104,0.060108397242965295,4.458908635955393
2026-07-07 15:50:00,5.71145,instrument_filtered,F2,27.833333333333332,1835.0,5.71145,6.225013623978201,0.3666853523573846,0.06085527814578627,4.51976391410118
2026-07-07 16:00:00,5.7573,instrument_filtered,F2,28.0,1835.0,5.7573,6.274986376021799,0.3696290047408575,0.06135952975818728,4.581123443859367
2026-07-07 16:10:00,5.82955,instrument_filtered,F2,28.166666666666668,1835.0,5.82955,6.353732970027248,0.37426758455996134,0.06199138244173535,4.643114826301102
2026-07-07 16:20:00,5.931150000000001,instrument_filtered,F2,28.333333333333332,1835.0,5.931150000000001,6.464468664850137,0.3807904871152688,0.06292150597293496,4.706036332274037
2026-07-07 16:30:00,6.0668500000000005,instrument_filtered,F2,28.5,1835.0,6.0668500000000005,6.612370572207085,0.38950267094159957,0.06419109650473949,4.770227428778776
2026-07-07 16:40:00,6.23445,instrument_filtered,F2,28.666666666666668,1835.0,6.23445,6.795040871934605,0.40026289208598453,0.06581379691896581,4.836041225697742
2026-07-07 16:50:00,6.4258500000000005,instrument_filtered,F2,28.833333333333332,1835.0,6.4258500000000005,7.003651226158039,0.41255111599430966,0.06773450067335689,4.903775726371099
2026-07-07 17:00:00,6.72015,instrument_filtered,F2,29.0,1785.0,6.72015,7.529579831932773,0.4435310186535576,0.07134017788732279,4.975115904258422
2026-07-07 17:10:00,7.1058,instrument_filtered,F2,29.166666666666668,1785.0,7.1058,7.9616806722689075,0.46898398284985443,0.07604291679195155,5.0511588210503735
2026-07-07 17:20:00,7.4605,instrument_filtered,F2,29.333333333333332,1785.0,7.4605,8.359103641456583,0.4923942418941342,0.08011485206199791,5.131273673112371
2026-07-07 17:30:00,7.7237,instrument_filtered,F2,29.5,1785.0,7.7237,8.654005602240897,0.5097654857070874,0.08351331063343571,5.214786983745807
2026-07-07 17:40:00,7.88785,instrument_filtered,F2,29.666666666666668,1785.0,7.88785,8.837927170868348,0.520599413031921,0.08586374156158465,5.300650725307391
2026-07-07 17:50:00,7.9749,instrument_filtered,F2,29.833333333333332,1785.0,7.9749,8.935462184873948,0.5263447275224892,0.08724534504619962,5.387896070353591
2026-07-07 18:00:00,8.012450000000001,instrument_filtered,F2,30.0,1785.0,8.012450000000001,8.977535014005603,0.5288230337731595,0.08793064677463802,5.475826717128229
2026-07-07 18:10:00,8.0407,instrument_filtered,F2,30.166666666666668,1785.0,8.0407,9.009187675070027,0.5306875384757275,0.08829254768740787,5.564119264815637
2026-07-07 18:20:00,8.080549999999999,instrument_filtered,F2,30.333333333333332,1785.0,8.080549999999999,9.053837535014004,0.5333176451092616,0.08866709863208116,5.652786363447718
2026-07-07 18:30:00,8.1238,instrument_filtered,F2,30.5,1785.0,8.1238,9.102296918767506,0.5361721523087685,0.08912414978483649,5.741910513232554
2026-07-07 18:40:00,8.1786,instrument_filtered,F2,30.666666666666668,1785.0,8.1786,9.163697478991596,0.5397889614309184,0.08966342614497455,5.831573939377528
2026-07-07 18:50:00,8.2729,instrument_filtered,F2,30.833333333333332,1785.0,8.2729,9.269355742296918,0.5460127771283403,0.09048347821327027,5.922057417590799
2026-07-07 19:00:00,8.41445,instrument_filtered,F2,31.0,1785.0,8.41445,9.42795518207283,0.5553551006911198,0.09178065648495565,6.013838074075754
2026-07-07 19:10:00,8.598099999999999,instrument_filtered,F2,31.166666666666668,1785.0,8.598099999999999,9.633725490196078,0.5674760312619738,0.0935692609960918,6.107407335071846
2026-07-07 19:20:00,8.795549999999999,instrument_filtered,F2,31.333333333333332,1785.0,8.795549999999999,9.854957983193277,0.5805077641300117,0.0956653162826641,6.2030726513545105
2026-07-07 19:30:00,9.011299999999999,instrument_filtered,F2,31.5,1785.0,9.011299999999999,10.096694677871147,0.5947473000443149,0.09793792201452792,6.301010573369038
2026-07-07 19:40:00,9.2248,instrument_filtered,F2,31.666666666666668,1785.0,9.2248,10.335910364145658,0.6088383355840774,0.1002988029690334,6.401309376338071
2026-07-07 19:50:00,9.437000000000001,instrument_filtered,F2,31.833333333333332,1785.0,9.437000000000001,10.573669467787116,0.6228435709074386,0.10264015887429155,6.503949535212363
2026-07-07 20:00:00,9.66235,instrument_filtered,F2,32.0,1785.0,9.66235,10.826162464985995,0.6377167084197826,0.10504668994393584,6.608996225156298
2026-07-07 20:10:00,9.92055,instrument_filtered,F2,32.166666666666664,1785.0,9.92055,11.115462184873952,0.6547579514004227,0.10770622165168224,6.716702446807981
2026-07-07 20:20:00,10.23265,instrument_filtered,F2,32.333333333333336,1785.0,10.23265,11.46515406162465,0.6753566033533963,0.11084287956282139,6.827545326370802
2026-07-07 20:30:00,10.563300000000002,instrument_filtered,F2,32.5,1785.0,10.563300000000002,11.835630252100842,0.6971795583942509,0.11437801347896898,6.9419233398497715
2026-07-07 20:40:00,10.851700000000001,instrument_filtered,F2,32.666666666666664,1785.0,10.851700000000001,12.158767507002802,0.716214006402061,0.11778279706635766,7.059706136916129
2026-07-07 20:50:00,11.079049999999999,instrument_filtered,F2,32.833333333333336,1785.0,11.079049999999999,12.413501400560223,0.7312191442473303,0.12061942922078604,7.180325566136915
2026-07-07 21:00:00,11.2644,instrument_filtered,F2,33.0,1785.0,11.2644,12.621176470588235,0.743452275101171,0.12288928494570668,7.303214851082622
2026-07-07 21:10:00,11.4307,instrument_filtered,F2,33.166666666666664,1785.0,11.4307,12.80750700280112,0.7544281027838992,0.12482336482375408,7.428038215906376
2026-07-07 21:20:00,11.5947,instrument_filtered,F2,33.333333333333336,1785.0,11.5947,12.99126050420168,0.7652521300837636,0.12664001940564215,7.554678235312019
2026-07-07 21:30:00,11.7529,instrument_filtered,F2,33.5,1785.0,11.7529,13.168515406162465,0.7756933564181449,0.1284121238751572,7.683090359187176
2026-07-07 21:40:00,11.895499999999998,instrument_filtered,F2,33.666666666666664,1785.0,11.895499999999998,13.32829131652661,0.7851049801557097,0.13006652804781937,7.813156887234995
2026-07-07 21:50:00,12.037099999999999,instrument_filtered,F2,33.833333333333336,1785.0,12.037099999999999,13.486946778711483,0.7944506037268122,0.1316296319902139,7.944786519225209
2026-07-07 22:00:00,12.24,instrument_filtered,F2,34.0,1785.0,12.24,13.714285714285714,0.8078420375020712,0.13352438676907172,8.07831090599428
2026-07-07 22:10:00,12.4335,instrument_filtered,F2,34.166666666666664,1785.0,12.4335,13.93109243697479,0.820613069712582,0.13570459226788584,8.214015498262166
2026-07-07 22:20:00,12.5526,instrument_filtered,F2,34.333333333333336,1785.0,12.5526,14.064537815126052,0.8284736895382764,0.1374238966042421,8.351439394866407
2026-07-07 22:30:00,12.59245,instrument_filtered,F2,34.5,1785.0,12.59245,14.109187675070027,0.8311037961718102,0.13829812380917192,8.489737518675579
2026-07-07 22:40:00,12.67515,instrument_filtered,F2,34.666666666666664,1785.0,12.67515,14.201848739495798,0.8365620099382663,0.13897215050917106,8.62870966918475
2026-07-07 22:50:00,12.73245,instrument_filtered,F2,34.833333333333336,1785.0,12.73245,14.266050420168067,0.8403438194765726,0.13974215245124055,8.76845182163599
2026-07-07 23:00:00,12.8902,instrument_filtered,F2,35.0,1785.0,12.8902,14.44280112044818,0.8507553457360457,0.14092493043438284,8.909376752070372
2026-07-07 23:10:00,13.04945,instrument_filtered,F2,35.166666666666664,1785.0,13.04945,14.6212324929972,0.8612658722452128,0.1426684348317695,9.052045186902141
2026-07-07 23:20:00,13.269,instrument_filtered,F2,35.333333333333336,1785.0,13.269,14.867226890756303,0.8757562087920739,0.14475184008644468,9.196797026988586
2026-07-07 23:30:00,13.47345,instrument_filtered,F2,35.5,1785.0,13.47345,15.096302521008402,0.8892499428253499,0.14708384596811655,9.343880872956703
2026-07-07 23:40:00,13.6921,instrument_filtered,F2,35.666666666666664,1785.0,13.6921,15.341288515406163,0.9036808792223946,0.14941090183730993,9.493291774794013
2026-07-07 23:50:00,13.9152,instrument_filtered,F2,35.833333333333336,1785.0,13.9152,15.591260504201681,0.918405516360198,0.15184053296522035,9.645132307759233
2026-07-08 00:00:00,14.04015,instrument_filtered,F2,36.0,1785.0,14.04015,15.731260504201682,0.9266522371596982,0.1537548127933225,9.798887120552555
2026-07-08 00:10:00,14.19425,instrument_filtered,F2,36.166666666666664,1785.0,14.19425,15.903921568627451,0.936822862811583,0.15528959166427123,9.954176712216826
2026-07-08 00:20:00,14.34145,instrument_filtered,F2,36.333333333333336,1785.0,14.34145,16.068851540616247,0.946538087314876,0.15694674584387605,10.111123458060703
2026-07-08 00:30:00,14.45835,instrument_filtered,F2,36.5,1785.0,14.45835,16.199831932773108,0.9542535067743522,0.15839929950743342,10.269522757568136
2026-07-08 00:40:00,14.60895,instrument_filtered,F2,36.666666666666664,1785.0,14.60895,16.36857142857143,0.964193131843618,0.1598705532181619,10.429393310786299
2026-07-08 00:50:00,14.6839,instrument_filtered,F2,36.833333333333336,1785.0,14.6839,16.452549019607844,0.9691398443199891,0.16111108134697183,10.59050439213327
2026-07-08 01:00:00,14.806000000000001,instrument_filtered,F2,37.0,1785.0,14.806000000000001,16.58935574229692,0.977198464645071,0.16219485908041936,10.75269925121369
2026-07-08 01:10:00,14.9209,instrument_filtered,F2,37.166666666666664,1785.0,14.9209,16.718095238095238,0.9847818837716223,0.16349836236805546,10.916197613581746
2026-07-08 01:20:00,15.10595,instrument_filtered,F2,37.333333333333336,1785.0,15.10595,16.92543417366947,0.9969952145755242,0.16514809152893356,11.08134570511068
2026-07-08 01:30:00,15.32835,instrument_filtered,F2,37.5,1785.0,15.32835,17.174621848739495,1.0116736515968034,0.16738907218102494,11.248734777291705
2026-07-08 01:40:00,15.478950000000001,instrument_filtered,F2,37.666666666666664,1785.0,15.478950000000001,17.343361344537815,1.021613276666069,0.16944057735523696,11.418175354646943
2026-07-08 01:50:00,15.6149,instrument_filtered,F2,37.833333333333336,1785.0,15.6149,17.495686274509804,1.030585999296658,0.17101660633023213,11.589191960977175
2026-07-08 02:00:00,15.7573,instrument_filtered,F2,38.0,1785.0,15.7573,17.655238095238097,1.0399844230009305,0.17254753519146326,11.761739496168637
2026-07-08 02:10:00,15.87425,instrument_filtered,F2,38.166666666666664,1785.0,15.87425,17.78627450980392,1.04770314246873,0.17397396378913588,11.935713459957773
2026-07-08 02:20:00,16.0424,instrument_filtered,F2,38.333333333333336,1785.0,16.0424,17.97467787114846,1.0588010704594142,0.175542017744017,12.11125547770179
2026-07-08 02:30:00,16.20915,instrument_filtered,F2,38.5,1785.0,16.20915,18.16151260504202,1.0698065982170508,0.1773839723897029,12.288639450091493
2026-07-08 02:40:00,16.29725,instrument_filtered,F2,38.666666666666664,1785.0,16.29725,18.26022408963585,1.0756212128824043,0.17878565092495202,12.467425101016445
2026-07-08 02:50:00,16.37505,instrument_filtered,F2,38.833333333333336,1785.0,16.37505,18.347394957983195,1.0807560258331939,0.17969810322630497,12.64712320424275
2026-07-08 03:00:00,16.3561,instrument_filtered,F2,39.0,1785.0,16.3561,18.326162464985998,1.0795053226787281,0.1800217790426576,12.827144983285407
2026-07-08 03:10:00,16.30685,instrument_filtered,F2,39.166666666666664,1785.0,16.30685,18.27098039215686,1.0762548144804454,0.17964667809659526,13.006791661382003
2026-07-08 03:20:00,16.296300000000002,instrument_filtered,F2,39.333333333333336,1785.0,16.296300000000002,18.25915966386555,1.0755585127242653,0.17931777726706433,13.186109438649067
2026-07-08 03:30:00,16.27865,instrument_filtered,F2,39.5,1785.0,16.27865,18.2393837535014,1.0743936097862004,0.1791626768758696,13.365272115524936
2026-07-08 03:40:00,16.26325,instrument_filtered,F2,39.666666666666664,1785.0,16.26325,18.222128851540617,1.0733772072226766,0.17898090141740386,13.54425301694234
2026-07-08 03:50:00,16.26065,instrument_filtered,F2,39.833333333333336,1785.0,16.26065,18.219215686274506,1.0732056067898739,0.1788819011677176,13.723134918110057
2026-07-08 04:00:00,16.2133,instrument_filtered,F2,40.0,1785.0,16.2133,18.166162464985995,1.0700804989078703,0.17860717547480948,13.901742093584867
2026-07-08 04:10:00,16.1935,instrument_filtered,F2,40.166666666666664,1785.0,16.1935,18.143977591036414,1.0687736956119112,0.1782378495433126,14.07997994312818
2026-07-08 04:20:00,16.1946,instrument_filtered,F2,40.333333333333336,1785.0,16.1946,18.145210084033614,1.06884629579502,0.178134999283916,14.258114942412096
2026-07-08 04:30:00,16.21375,instrument_filtered,F2,40.5,1785.0,16.21375,18.166666666666668,1.0701101989827786,0.17824637456481401,14.43636131697691
2026-07-08 04:40:00,16.3135,instrument_filtered,F2,40.666666666666664,1785.0,16.3135,18.278431372549022,1.0766937155874219,0.1789003262141808,14.615261643191092
2026-07-08 04:50:00,16.3559,instrument_filtered,F2,40.833333333333336,1785.0,16.3559,18.325938375350137,1.079492122645435,0.17968215318607653,14.794943796377169
2026-07-08 05:00:00,16.3589,instrument_filtered,F2,41.0,1785.0,16.3589,18.329299719887953,1.0796901231448228,0.17993185381585228,14.97487565019302
2026-07-08 05:10:00,16.38545,instrument_filtered,F2,41.166666666666664,1785.0,16.38545,18.359047619047615,1.0814424275644046,0.18009437922576638,15.154970029418786
2026-07-08 05:20:00,16.3934,instrument_filtered,F2,41.333333333333336,1785.0,16.3934,18.36795518207283,1.0819671288877823,0.18028412970435406,15.33525415912314
2026-07-08 05:30:00,16.4103,instrument_filtered,F2,41.5,1785.0,16.4103,18.38689075630252,1.083082531701,0.18042080504906266,15.515674964172202
2026-07-08 05:40:00,16.4063,instrument_filtered,F2,41.666666666666664,1785.0,16.4063,18.382408963585437,1.0828185310351501,0.18049175522800998,15.696166719400212
2026-07-08 05:50:00,16.37,instrument_filtered,F2,41.833333333333336,1785.0,16.37,18.341736694677873,1.080422724992558,0.1802701046689808,15.876436824069193
2026-07-08 06:00:00,16.417749999999998,instrument_filtered,F2,42.0,1785.0,16.417749999999998,18.395238095238092,1.0835742329411462,0.1803330798278061,16.056769903897
2026-07-08 06:10:00,16.591749999999998,instrument_filtered,F2,42.166666666666664,1785.0,16.591749999999998,18.59019607843137,1.0950582619056364,0.18155270790389597,16.238322611800896
2026-07-08 06:20:00,16.71265,instrument_filtered,F2,42.333333333333336,1785.0,16.71265,18.725658263305323,1.1030376820309635,0.18317466199472188,16.42149727379562
2026-07-08 06:30:00,16.89885,instrument_filtered,F2,42.5,1785.0,16.89885,18.934285714285714,1.1153269130262973,0.18486371625476908,16.606360990050387
2026-07-08 06:40:00,17.0953,instrument_filtered,F2,42.666666666666664,1785.0,17.0953,19.154397759103645,1.1282926457278728,0.18696829656284483,16.793329286613233
2026-07-08 06:50:00,17.1657,instrument_filtered,F2,42.833333333333336,1785.0,17.1657,19.23327731092437,1.132939057446839,0.18843597526456468,16.981765261877797
2026-07-08 07:00:00,17.1544,instrument_filtered,F2,43.0,1785.0,17.1544,19.220616246498597,1.1321932555658114,0.18876102608438486,17.170526287962183
2026-07-08 07:10:00,17.073700000000002,instrument_filtered,F2,43.166666666666664,1785.0,17.073700000000002,19.130196078431375,1.1268670421322808,0.1882550248081717,17.358781312770354
2026-07-08 07:20:00,16.95685,instrument_filtered,F2,43.333333333333336,1785.0,16.95685,18.999271708683473,1.1191549226811273,0.18716849706778932,17.54594980983814
2026-07-08 07:30:00,16.92715,instrument_filtered,F2,43.5,1785.0,16.92715,18.965994397759104,1.1171947177371884,0.18636247003485698,17.732312279873
2026-07-08 07:40:00,16.9238,instrument_filtered,F2,43.666666666666664,1785.0,16.9238,18.962240896358544,1.1169736171795388,0.18618069457639128,17.91849297444939
2026-07-08 07:50:00,16.9247,instrument_filtered,F2,43.833333333333336,1785.0,16.9247,18.963249299719887,1.117033017329355,0.1861672195424131,18.1046601939918
2026-07-08 08:00:00,16.97885,instrument_filtered,F2,44.0,1785.0,16.97885,19.023921568627454,1.1206069263433045,0.18646999530605232,18.291130189297853
2026-07-08 08:10:00,17.057450000000003,instrument_filtered,F2,44.166666666666664,1785.0,17.057450000000003,19.11198879551821,1.125794539427264,0.1872001221475447,18.478330311445397
2026-07-08 08:20:00,17.19605,instrument_filtered,F2,44.333333333333336,1785.0,17.19605,19.267282913165264,1.134942162498978,0.18839472516052552,18.66672503660592
2026-07-08 08:30:00,17.378,instrument_filtered,F2,44.5,1785.0,17.378,19.471148459383752,1.146950892786846,0.19015775460714932,18.85688279121307
2026-07-08 08:40:00,17.5076,instrument_filtered,F2,44.666666666666664,1785.0,17.5076,19.616358543417366,1.155504514360397,0.1918712839289342,19.048754075142003
2026-07-08 08:50:00,17.628300000000003,instrument_filtered,F2,44.833333333333336,1785.0,17.628300000000003,19.751596638655464,1.1634707344524318,0.19324793740107457,19.24200201254308
2026-07-08 09:00:00,17.77535,instrument_filtered,F2,45.0,1735.0,17.77535,20.49031700288184,1.2069851672572898,0.19753799180914067,19.43954000435222
2026-07-08 09:10:00,17.8734,instrument_filtered,F2,45.166666666666664,1735.0,17.8734,20.60334293948127,1.2136429768447006,0.20171901200849635,19.641259016360717
2026-07-08 09:20:00,17.9304,instrument_filtered,F2,45.333333333333336,1735.0,17.9304,20.669048991354465,1.2175134015920983,0.202596364869739,19.843855381230455
2026-07-08 09:30:00,17.9904,instrument_filtered,F2,45.5,1735.0,17.9904,20.73821325648415,1.2215875329051498,0.20325841120810115,20.047113792438555
2026-07-08 09:40:00,18.1073,instrument_filtered,F2,45.666666666666664,1735.0,18.1073,20.872968299711815,1.2295252987467433,0.20425940263765488,20.25137319507621
2026-07-08 09:50:00,18.3975,instrument_filtered,F2,45.833333333333336,1735.0,18.3975,21.207492795389047,1.249230513864199,0.20656298438425108,20.45793617946046
2026-07-08 10:00:00,18.523699999999998,instrument_filtered,F2,46.0,1735.0,18.523699999999998,21.35296829971181,1.2577997700593158,0.2089191903269566,20.666855369787417
2026-07-08 10:10:00,18.427300000000002,instrument_filtered,F2,46.166666666666664,1735.0,18.427300000000002,21.24184438040346,1.2512539990830145,0.2090878140951912,20.875943183882608
2026-07-08 10:20:00,18.1633,instrument_filtered,F2,46.333333333333336,1735.0,18.1633,20.937521613832853,1.2333278213055907,0.20704848503238968,21.082991668914996
2026-07-08 10:30:00,17.7955,instrument_filtered,F2,46.5,1735.0,17.7955,20.513544668587897,1.2083533963565896,0.2034734348051788,21.286465103720175
2026-07-08 10:40:00,17.453400000000002,instrument_filtered,F2,46.666666666666664,1735.0,17.453400000000002,20.11919308357349,1.185124057653345,0.19945645450082503,21.485921558221
2026-07-08 10:50:00,17.185,instrument_filtered,F2,46.833333333333336,1735.0,17.185,19.80979827089337,1.1668991102462973,0.19600193065830912,21.68192348887931
2026-07-08 11:00:00,16.998800000000003,instrument_filtered,F2,47.0,1735.0,16.998800000000003,19.595158501440924,1.15425572273813,0.19342956941536618,21.875353058294674
2026-07-08 11:10:00,16.8933,instrument_filtered,F2,47.166666666666664,1735.0,16.8933,19.473544668587895,1.1470920418460155,0.1917789803820094,22.067132038676682
2026-07-08 11:20:00,16.77995,instrument_filtered,F2,47.333333333333336,1735.0,16.77995,19.342881844380404,1.1393953287737772,0.19054061421832147,22.257672652895003
2026-07-08 11:30:00,16.45865,instrument_filtered,F2,47.5,1735.0,16.45865,18.97250720461095,1.1175783555923902,0.18808114036384463,22.44575379325885
2026-07-08 11:40:00,16.14515,instrument_filtered,F2,47.666666666666664,1735.0,16.14515,18.61112391930836,1.0962910194817,0.18448911458950487,22.630242907848352
2026-07-08 11:50:00,16.1124,instrument_filtered,F2,47.833333333333336,1735.0,16.1124,18.573371757925074,1.0940672228066597,0.18252985352403517,22.812772761372386
2026-07-08 12:00:00,16.3923,instrument_filtered,F2,48.0,1735.0,16.3923,18.89602305475504,1.1130730453820414,0.18392835568238916,22.996701117054776
2026-07-08 12:10:00,16.881,instrument_filtered,F2,48.166666666666664,1735.0,16.881,19.45936599423631,1.1462568449268402,0.1882774908590708,23.18497860791385
2026-07-08 12:20:00,17.37345,instrument_filtered,F2,48.333333333333336,1735.0,17.37345,20.02703170028818,1.1796952776787044,0.19382934355046755,23.378807951464317
2026-07-08 12:30:00,17.719549999999998,instrument_filtered,F2,48.5,1735.0,17.719549999999998,20.42599423631124,1.2031962251361528,0.19857429190123527,23.57738224336555
2026-07-08 12:40:00,17.96235,instrument_filtered,F2,48.666666666666664,1735.0,17.96235,20.705878962536026,1.2196828765162986,0.20190659180436807,23.77928883516992
2026-07-08 12:50:00,18.129550000000002,instrument_filtered,F2,48.833333333333336,1735.0,18.129550000000002,20.89861671469741,1.2310361224420001,0.20422658324653067,23.98351541841645
2026-07-08 13:00:00,18.0613,instrument_filtered,F2,49.0,1735.0,18.0613,20.819942363112393,1.2264017980734045,0.20478649337628083,24.18830191179273
2026-07-08 13:10:00,17.7706,instrument_filtered,F2,49.166666666666664,1735.0,17.7706,20.48484149855908,1.2066626318616736,0.20275536916125364,24.391057280953984
2026-07-08 13:20:00,17.42,instrument_filtered,F2,49.333333333333336,1735.0,17.42,20.080691642651296,1.1828561245557465,0.19912656303479068,24.590183843988775
2026-07-08 13:30:00,17.0952,instrument_filtered,F2,49.5,1735.0,17.0952,19.706282420749275,1.1608014937144313,0.19530480152251203,24.785488645511286
2026-07-08 13:40:00,16.852449999999997,instrument_filtered,F2,49.666666666666664,1735.0,16.852449999999997,19.4264553314121,1.1443182374437135,0.1920933109298427,24.977581956441128
2026-07-08 13:50:00,16.7042,instrument_filtered,F2,49.833333333333336,1735.0,16.7042,19.25556195965418,1.1342517379910506,0.18988083128623573,25.167462787727363
2026-07-08 14:00:00,16.5923,instrument_filtered,F2,50.0,1735.0,16.5923,19.12657060518732,1.1266534830922108,0.18840876842360244,25.355871556150966
2026-07-08 14:10:00,16.49555,instrument_filtered,F2,50.166666666666664,1735.0,16.49555,19.01504322766571,1.1200839463499168,0.18722811912017465,25.54309967527114
2026-07-08 14:20:00,16.4987,instrument_filtered,F2,50.333333333333336,1735.0,16.4987,19.018674351585016,1.120297838243852,0.18669848204948605,25.729798157320626
2026-07-08 14:30:00,16.64285,instrument_filtered,F2,50.5,1730.0,16.64285,19.240289017341038,1.1333520830550268,0.18780416010823722,25.917602317428862
2026-07-08 14:40:00,16.9325,instrument_filtered,F2,50.666666666666664,1730.0,16.9325,19.57514450867052,1.1530767955205534,0.19053573988129563,26.108138057310157
2026-07-08 14:50:00,17.19245,instrument_filtered,F2,50.833333333333336,1730.0,17.19245,19.875664739884392,1.1707789843878542,0.19365464832570614,26.30179270563586
2026-07-08 15:00:00,17.3163,instrument_filtered,F2,51.0,1730.0,17.3163,20.01884393063584,1.179212975890894,0.19583266335655958,26.49762536899242
2026-07-08 15:10:00,17.34815,instrument_filtered,F2,51.166666666666664,1730.0,17.34815,20.055664739884396,1.181381911130069,0.19671624058507747,26.694341609577496
2026-07-08 15:20:00,17.360500000000002,instrument_filtered,F2,51.333333333333336,1730.0,17.360500000000002,20.06994219653179,1.1822229268350548,0.19696706983043255,26.891308679407928
2026-07-08 15:30:00,17.36145,instrument_filtered,F2,51.5,1730.0,17.36145,20.071040462427746,1.1822876203508232,0.19704254559882037,27.088351225006747
2026-07-08 15:40:00,17.279600000000002,instrument_filtered,F2,51.666666666666664,1730.0,17.279600000000002,19.9764161849711,1.1767137632291131,0.19658344863165858,27.284934673638407
2026-07-08 15:50:00,17.087249999999997,instrument_filtered,F2,51.833333333333336,1730.0,17.087249999999997,19.754046242774564,1.1636150287469997,0.19502739933134827,27.479962072969755
2026-07-08 16:00:00,16.855649999999997,instrument_filtered,F2,52.0,1680.0,16.855649999999997,20.066249999999997,1.1820054374498081,0.19546837218306454,27.67543044515282
2026-07-08 16:10:00,16.587049999999998,instrument_filtered,F2,52.166666666666664,1680.0,16.587049999999998,19.746488095238096,1.1631698149434664,0.1954312710327701,27.87086171618559
2026-07-08 16:20:00,16.369799999999998,instrument_filtered,F2,52.333333333333336,1680.0,16.369799999999998,19.48785714285714,1.1479351202692192,0.19259207793439592,28.063453794119987
2026-07-08 16:30:00,16.3019,instrument_filtered,F2,52.5,1680.0,16.3019,19.40702380952381,1.143173620759984,0.19092572841909755,28.254379522539086
2026-07-08 16:40:00,16.350299999999997,instrument_filtered,F2,52.666666666666664,1680.0,16.350299999999997,19.464642857142856,1.1465676793203226,0.1908117750066895,28.445191297545776
2026-07-08 16:50:00,16.348599999999998,instrument_filtered,F2,52.833333333333336,1680.0,16.348599999999998,19.462619047619043,1.1464484665196493,0.19108467882000307,28.63627597636578
2026-07-08 17:00:00,16.221600000000002,instrument_filtered,F2,53.0,1680.0,16.221600000000002,19.311428571428575,1.1375425690576044,0.19033258629810176,28.826608562663882
2026-07-08 17:10:00,15.9373,instrument_filtered,F2,53.166666666666664,1680.0,15.9373,18.972976190476192,1.1176059812744588,0.1879290458610026,29.014537608524886
2026-07-08 17:20:00,15.568950000000001,instrument_filtered,F2,53.333333333333336,1680.0,15.568950000000001,18.534464285714286,1.0917753723756833,0.18411511280418374,29.19865272132907
2026-07-08 17:30:00,15.22195,instrument_filtered,F2,53.5,1680.0,15.22195,18.121369047619048,1.067441936003008,0.17993477569822172,29.37858749702729
2026-07-08 17:40:00,14.9362,instrument_filtered,F2,53.666666666666664,1680.0,14.9362,17.781190476190474,1.047403666713406,0.17623713355969867,29.55482463058699
2026-07-08 17:50:00,14.7239,instrument_filtered,F2,53.833333333333336,1680.0,14.7239,17.52845238095238,1.032516091664648,0.17332664653150942,29.7281512771185
2026-07-08 18:00:00,14.57825,instrument_filtered,F2,54.0,1680.0,14.57825,17.355059523809523,1.0223023596540426,0.17123487094322182,29.899386148061723
2026-07-08 18:10:00,14.5378,instrument_filtered,F2,54.166666666666664,1680.0,14.5378,17.306904761904764,1.0194657962497926,0.17014734632531717,30.06953349438704
2026-07-08 18:20:00,14.5343,instrument_filtered,F2,54.333333333333336,1680.0,14.5343,17.302738095238094,1.01922035813076,0.16989051286505089,30.239424007252094
2026-07-08 18:30:00,14.52565,instrument_filtered,F2,54.5,1680.0,14.52565,17.292440476190478,1.018613775350865,0.16981951112346633,30.40924351837556
2026-07-08 18:40:00,14.531500000000001,instrument_filtered,F2,54.666666666666664,1680.0,14.531500000000001,17.299404761904764,1.0190240076355337,0.16980314858219747,30.57904666695776
2026-07-08 18:50:00,14.527999999999999,instrument_filtered,F2,54.833333333333336,1680.0,14.527999999999999,17.295238095238094,1.018778569516501,0.16981688142934107,30.7488635483871
2026-07-08 19:00:00,14.531949999999998,instrument_filtered,F2,55.0,1680.0,14.531949999999998,17.299940476190475,1.0190555639651238,0.16981951112346633,30.918683059510567
2026-07-08 19:10:00,14.56155,instrument_filtered,F2,55.166666666666664,1680.0,14.56155,17.33517857142857,1.021131269200372,0.1700155694304556,31.08869862894102
2026-07-08 19:20:00,14.5379,instrument_filtered,F2,55.333333333333336,1680.0,14.5379,17.30702380952381,1.0194728087674796,0.17005033983065915,31.25874896877168
2026-07-08 19:30:00,14.4507,instrument_filtered,F2,55.5,1680.0,14.4507,17.203214285714285,1.0133578933447207,0.1694025585093476,31.428151527281027
2026-07-08 19:40:00,14.38035,instrument_filtered,F2,55.666666666666664,1680.0,14.38035,17.119464285714287,1.0084245871521627,0.16848187337473786,31.596633400655765
2026-07-08 19:50:00,14.35205,instrument_filtered,F2,55.833333333333336,1680.0,14.35205,17.08577380952381,1.0064400446468407,0.16790538598325508,31.76453878663902
2026-07-08 20:00:00,14.3101,instrument_filtered,F2,56.0,1680.0,14.3101,17.035833333333333,1.003498293477291,0.1674948615103419,31.93203364814936
2026-07-08 20:10:00,14.26625,instrument_filtered,F2,56.166666666666664,1680.0,14.26625,16.983630952380953,1.000423304471695,0.16699346649574645,32.099027114645104
2026-07-08 20:20:00,14.2105,instrument_filtered,F2,56.333333333333336,1680.0,14.2105,16.917261904761904,0.9965138258613875,0.1664114275277616,32.265438542172866
2026-07-08 20:30:00,14.131499999999999,instrument_filtered,F2,56.5,1680.0,14.131499999999999,16.823214285714283,0.990973936888934,0.1656239802291911,32.43106252240206
2026-07-08 20:40:00,14.12955,instrument_filtered,F2,56.666666666666664,1680.0,14.12955,16.820892857142855,0.9908371927940444,0.16515092747357918,32.596213449875634
2026-07-08 20:50:00,14.1955,instrument_filtered,F2,56.833333333333336,1680.0,14.1955,16.899404761904762,0.9954619482083902,0.16552492841687425,32.761738378292506
2026-07-08 21:00:00,14.33375,instrument_filtered,F2,57.0,1680.0,14.33375,17.063988095238095,1.0051567539101836,0.16671822517654544,32.92845660346905
2026-07-08 21:10:00,14.523399999999999,instrument_filtered,F2,57.166666666666664,1680.0,14.523399999999999,17.289761904761903,1.018455993702915,0.16863439563442248,33.09709099910347
2026-07-08 21:20:00,14.688749999999999,instrument_filtered,F2,57.333333333333336,1680.0,14.688749999999999,17.486607142857142,1.0300511916977906,0.1707089321167303,33.2677999312202
2026-07-08 21:30:00,14.76565,instrument_filtered,F2,57.5,1680.0,14.76565,17.578154761904763,1.0354438177988248,0.1721245841247155,33.43992451534492
2026-07-08 21:40:00,14.76415,instrument_filtered,F2,57.666666666666664,1680.0,14.76415,17.57636904761905,1.0353386300335252,0.17256520398602673,33.612489719330945
2026-07-08 21:50:00,14.68665,instrument_filtered,F2,57.833333333333336,1680.0,14.68665,17.48410714285714,1.029903928826371,0.1721035465716629,33.78459326590261
2026-07-08 22:00:00,14.574,instrument_filtered,F2,58.0,1680.0,14.574,17.35,1.02200432765236,0.17099235470655846,33.95558562060916
2026-07-08 22:10:00,14.447199999999999,instrument_filtered,F2,58.166666666666664,1680.0,14.447199999999999,17.19904761904762,1.0131124552256878,0.16959306523983494,34.125178685849
2026-07-08 22:20:00,14.3197,instrument_filtered,F2,58.333333333333336,1680.0,14.3197,17.047261904761903,1.004171495175209,0.16810699586674616,34.293285681715744
2026-07-08 22:30:00,14.183,instrument_filtered,F2,58.5,1680.0,14.183,16.88452380952381,0.9945853834975589,0.1665630732227283,34.45984875493847
2026-07-08 22:40:00,14.069849999999999,instrument_filtered,F2,58.666666666666664,1680.0,14.069849999999999,16.749821428571426,0.9866507197351142,0.1651030086027204,34.62495176354119
2026-07-08 22:50:00,14.0053,instrument_filtered,F2,58.833333333333336,1680.0,14.0053,16.672976190476188,0.9821241395683818,0.16406457160862933,34.78901633514982
2026-07-08 23:00:00,13.94885,instrument_filtered,F2,59.0,1680.0,13.94885,16.60577380952381,0.9781655733342681,0.1633574760752185,34.95237381122504
2026-07-08 23:10:00,13.9139,instrument_filtered,F2,59.166666666666664,1680.0,13.9139,16.564166666666665,0.9757146984027838,0.16282335597808534,35.11519716720312
2026-07-08 23:20:00,13.923300000000001,instrument_filtered,F2,59.333333333333336,1680.0,13.923300000000001,16.575357142857143,0.976373875065329,0.16267404778901404,35.27787121499213
2026-07-08 23:30:00,13.915099999999999,instrument_filtered,F2,59.5,1680.0,13.915099999999999,16.565595238095238,0.9757988486150238,0.16268106030669374,35.44055227529883
2026-07-08 23:40:00,13.86995,instrument_filtered,F2,59.666666666666664,1680.0,13.86995,16.511845238095237,0.9726326968795012,0.16236929545787476,35.6029215707567
2026-07-08 23:50:00,13.7962,instrument_filtered,F2,59.833333333333336,1680.0,13.7962,16.42404761904762,0.9674609650855969,0.16167447183042943,35.76459604258713
2026-07-09 00:00:00,13.69365,instrument_filtered,F2,60.0,1680.0,13.69365,16.301964285714284,0.9602696281979373,0.1606442161069589,35.92524025869409
2026-07-09 00:10:00,13.5623,instrument_filtered,F2,60.166666666666664,1680.0,13.5623,16.14559523809524,0.9510586862165228,0.15927735953453606,36.084517618228624
2026-07-09 00:20:00,13.4134,instrument_filtered,F2,60.333333333333336,1680.0,13.4134,15.968333333333334,0.9406170473811011,0.15763964446647313,36.242157262695095
2026-07-09 00:30:00,13.24545,instrument_filtered,F2,60.5,1680.0,13.24545,15.768392857142858,0.9288395239263725,0.15578804760895393,36.397945310304046
2026-07-09 00:40:00,13.124849999999999,instrument_filtered,F2,60.666666666666664,1680.0,13.124849999999999,15.624821428571426,0.9203824275962725,0.15410182929355157,36.5520471395976
2026-07-09 00:50:00,13.075,instrument_filtered,F2,60.833333333333336,1680.0,13.075,15.56547619047619,0.9168866875294776,0.15310575959381686,36.70515289919141
2026-07-09 01:00:00,13.1009,instrument_filtered,F2,61.0,1680.0,13.1009,15.596309523809524,0.9187029296103201,0.15296580142831429,36.85811870061973
2026-07-09 01:10:00,13.17425,instrument_filtered,F2,61.166666666666664,1680.0,13.17425,15.683630952380952,0.9238466113334776,0.15354579507864763,37.011664495698376
2026-07-09 01:20:00,13.239249999999998,instrument_filtered,F2,61.333333333333336,1680.0,13.239249999999998,15.761011904761903,0.9284047478298,0.15435427993027753,37.16601877562865
2026-07-09 01:30:00,13.243500000000001,instrument_filtered,F2,61.5,1680.0,13.243500000000001,15.766071428571431,0.928702779831483,0.15475896063843805,37.32077773626709
2026-07-09 01:40:00,13.2586,instrument_filtered,F2,61.666666666666664,1680.0,13.2586,15.78404761904762,0.929761670002167,0.1548720374861353,37.475649773753226
2026-07-09 01:50:00,13.2416,instrument_filtered,F2,61.833333333333336,1680.0,13.2416,15.763809523809524,0.9285695419954365,0.15486093433313805,37.63051070808636
2026-07-09 02:00:00,13.1998,instrument_filtered,F2,62.0,1680.0,13.1998,15.714047619047617,0.9256383096024168,0.15451732096648557,37.785028029052846
2026-07-09 02:10:00,13.18045,instrument_filtered,F2,62.166666666666664,1680.0,13.18045,15.691011904761906,0.9242813874300501,0.15415997475270338,37.93918800380555
2026-07-09 02:20:00,13.17085,instrument_filtered,F2,62.333333333333336,1680.0,13.17085,15.679583333333333,0.9236081857321317,0.1539907977635195,38.09317880156907
2026-07-09 02:30:00,13.11625,instrument_filtered,F2,62.5,1680.0,13.11625,15.614583333333334,0.9197793510752207,0.15361562806727716,38.246794429636346
2026-07-09 02:40:00,13.026499999999999,instrument_filtered,F2,62.666666666666664,1680.0,13.026499999999999,15.507738095238093,0.9134856164514522,0.15277208062722056,38.39956651026357
2026-07-09 02:50:00,12.923649999999999,instrument_filtered,F2,62.833333333333336,1680.0,12.923649999999999,15.385297619047616,0.9062732420107329,0.15164657153851974,38.55121308180209
2026-07-09 03:00:00,12.82625,instrument_filtered,F2,63.0,1680.0,12.82625,15.269345238095237,0.8994430497839359,0.15047635764955358,38.70168943945164
2026-07-09 03:10:00,12.7642,instrument_filtered,F2,63.166666666666664,1680.0,12.7642,15.19547619047619,0.8950917825593697,0.14954456936194,38.851234008813584
2026-07-09 03:20:00,12.7332,instrument_filtered,F2,63.333333333333336,1680.0,12.7332,15.15857142857143,0.8929179020765082,0.14900080705299407,39.00023481586658
2026-07-09 03:30:00,12.68145,instrument_filtered,F2,63.5,1680.0,12.68145,15.096964285714286,0.8892889241736669,0.1485172355208458,39.148752051387426
2026-07-09 03:40:00,12.5849,instrument_filtered,F2,63.666666666666664,1680.0,12.5849,14.98202380952381,0.8825183383472063,0.14765060521007067,39.29640265659749
2026-07-09 03:50:00,12.4636,instrument_filtered,F2,63.833333333333336,1680.0,12.4636,14.837619047619048,0.8740121543932999,0.14637754106171302,39.442780197659204
2026-07-09 04:00:00,12.358049999999999,instrument_filtered,F2,64.0,1680.0,12.358049999999999,14.711964285714284,0.8666104419750409,0.145051883030693,39.5878320806899
2026-07-09 04:10:00,12.2542,instrument_filtered,F2,64.16666666666667,1680.0,12.2542,14.588333333333335,0.8593279423574551,0.14382819869437877,39.73166027938428
2026-07-09 04:20:00,12.167649999999998,instrument_filtered,F2,64.33333333333333,1680.0,12.167649999999998,14.485297619047616,0.8532586082996594,0.14271554588808477,39.87437582527237
2026-07-09 04:30:00,12.11995,instrument_filtered,F2,64.5,1680.0,12.11995,14.428511904761903,0.8499136373631275,0.14193102047190295,40.01630684574427
2026-07-09 04:40:00,12.1157,instrument_filtered,F2,64.66666666666667,1680.0,12.1157,14.423452380952382,0.849615605361445,0.1416274368937184,40.15793428263799
2026-07-09 04:50:00,12.11945,instrument_filtered,F2,64.83333333333333,1680.0,12.11945,14.427916666666668,0.8498785747746943,0.1416245150113369,40.299558797649325
2026-07-09 05:00:00,12.117899999999999,instrument_filtered,F2,65.0,1680.0,12.117899999999999,14.426071428571428,0.8497698807505512,0.14163737129377446,40.4411961689431
2026-07-09 05:10:00,12.1217,instrument_filtered,F2,65.16666666666667,1680.0,12.1217,14.43059523809524,0.850036356422644,0.14165051976443693,40.58284668870754
2026-07-09 05:20:00,12.1223,instrument_filtered,F2,65.33333333333333,1680.0,12.1223,14.431309523809523,0.8500784315287637,0.14167623232927593,40.724522921036815
2026-07-09 05:30:00,12.12585,instrument_filtered,F2,65.5,1680.0,12.12585,14.435535714285715,0.8503273759066399,0.14170048395295431,40.86622340498977
2026-07-09 05:40:00,12.1502,instrument_filtered,F2,65.66666666666667,1680.0,12.1502,14.46452380952381,0.8520349239633391,0.14186352498916896,41.00808692997894
2026-07-09 05:50:00,12.1929,instrument_filtered,F2,65.83333333333333,1680.0,12.1929,14.515357142857143,0.8550292690155387,0.1422553494148984,41.15034227939383
2026-07-09 06:00:00,12.177299999999999,instrument_filtered,F2,66.0,1680.0,12.177299999999999,14.496785714285714,0.8539353162564212,0.142413715439334,41.292755994833165
2026-07-09 06:10:00,12.1132,instrument_filtered,F2,66.16666666666667,1680.0,12.1132,14.420476190476192,0.8494402924192788,0.14194796738964569,41.43470396222281
2026-07-09 06:20:00,12.00985,instrument_filtered,F2,66.33333333333333,1680.0,12.00985,14.297440476190477,0.8421928553901261,0.14096942898410905,41.57567339120692
2026-07-09 06:30:00,11.8729,instrument_filtered,F2,66.5,1680.0,11.8729,14.134404761904761,0.8325892124182589,0.1395651723173694,41.71523856352429
2026-07-09 06:40:00,11.756450000000001,instrument_filtered,F2,66.66666666666667,1680.0,11.756450000000001,13.99577380952381,0.8244231355721551,0.13808436233253843,41.85332292585683
2026-07-09 06:50:00,11.67595,instrument_filtered,F2,66.83333333333333,1680.0,11.67595,13.899940476190476,0.818778058834402,0.1369334328672053,41.99025635872403
2026-07-09 07:00:00,11.6222,instrument_filtered,F2,67.0,1680.0,11.6222,13.83595238095238,0.8150088305778275,0.13614890745102298,42.126405266175055
2026-07-09 07:10:00,11.60755,instrument_filtered,F2,67.16666666666667,1680.0,11.60755,13.818511904761904,0.8139814967367334,0.13574919394288393,42.26215446011794
2026-07-09 07:20:00,11.632950000000001,instrument_filtered,F2,67.33333333333333,1680.0,11.632950000000001,13.84875,0.8157626762291424,0.13581201441381527,42.397966474531756
2026-07-09 07:30:00,11.7021,instrument_filtered,F2,67.5,1680.0,11.7021,13.931071428571428,0.8206118322094608,0.1363645423698875,42.534331016901646
2026-07-09 07:40:00,11.7926,instrument_filtered,F2,67.66666666666667,1680.0,11.7926,14.038809523809524,0.826958160715879,0.1372974994104489,42.6716285163121
2026-07-09 07:50:00,11.90685,instrument_filtered,F2,67.83333333333333,1680.0,11.90685,14.174821428571429,0.8349699621728766,0.13849401024072178,42.81012252655282
2026-07-09 08:00:00,11.962,instrument_filtered,F2,68.0,1680.0,11.962,14.24047619047619,0.8388373656770639,0.139483943987499,42.94960647054032
2026-07-09 08:10:00,11.9625,instrument_filtered,F2,68.16666666666667,1680.0,11.9625,14.241071428571429,0.8388724282654972,0.1398091494952174,43.08941562003553
2026-07-09 08:20:00,11.9362,instrument_filtered,F2,68.33333333333333,1680.0,11.9362,14.209761904761903,0.8370281361139082,0.13965838036494252,43.22907400040047
2026-07-09 08:30:00,11.8616,instrument_filtered,F2,68.5,1680.0,11.8616,14.12095238095238,0.8317967979196673,0.13906874450280193,43.368142744903274
2026-07-09 08:40:00,11.733350000000002,instrument_filtered,F2,68.66666666666667,1680.0,11.733350000000002,13.968273809523811,0.8228032439865389,0.13788333682552112,43.5060260817288
2026-07-09 08:50:00,11.5939,instrument_filtered,F2,68.83333333333333,1680.0,11.5939,13.802261904761904,0.8130242880725055,0.13631896100491261,43.64234504273371
2026-07-09 09:00:00,11.4906,instrument_filtered,F2,69.0,1680.0,11.4906,13.679285714285715,0.8057803573021962,0.1349003871145623,43.77724542984827
2026-07-09 09:10:00,11.38495,instrument_filtered,F2,69.16666666666667,1680.0,11.38495,13.553511904761905,0.7983716323662506,0.13367933247237437,43.91092476232065
2026-07-09 09:20:00,11.31585,instrument_filtered,F2,69.33333333333333,1680.0,11.31585,13.471249999999998,0.7935259826447753,0.13265813458424464,44.043582896904894
2026-07-09 09:30:00,11.2843,instrument_filtered,F2,69.5,1630.0,11.2843,13.845766871165644,0.8155869545819575,0.1340927447688982,44.177675641673794
2026-07-09 09:40:00,11.279399999999999,instrument_filtered,F2,69.66666666666667,1630.0,11.279399999999999,13.839754601226993,0.8152328009279912,0.13590164629249957,44.3135772879663
2026-07-09 09:50:00,11.318100000000001,instrument_filtered,F2,69.83333333333333,1630.0,11.318100000000001,13.887239263803682,0.8180298920317659,0.13610522441330536,44.4496825123796
2026-07-09 10:00:00,11.413499999999999,instrument_filtered,F2,70.0,1630.0,11.413499999999999,14.004294478527607,0.8249250468457213,0.13691291157312785,44.58659542395273
2026-07-09 10:10:00,11.4465,instrument_filtered,F2,70.16666666666667,1630.0,11.4465,14.04478527607362,0.8273101632908004,0.13768626751138072,44.724281691464114
2026-07-09 10:20:00,11.3777,instrument_filtered,F2,70.33333333333333,1630.0,11.3777,13.96036809815951,0.8223375568840903,0.13747064334789974,44.86175233481201
2026-07-09 10:30:00,11.208300000000001,instrument_filtered,F2,70.5,1630.0,11.208300000000001,13.752515337423315,0.810093959132685,0.13603595966806847,44.99778829448008
2026-07-09 10:40:00,10.9725,instrument_filtered,F2,70.66666666666667,1630.0,10.9725,13.463190184049079,0.793051217988757,0.13359543142679062,45.13138372590687
2026-07-09 10:50:00,10.79125,instrument_filtered,F2,70.83333333333333,1630.0,10.79125,13.24079754601227,0.7799511466048006,0.13108353038278903,45.26246725628966
2026-07-09 11:00:00,10.4453,instrument_filtered,F2,71.0,1630.0,10.4453,12.816319018404908,0.7549471758722227,0.12790819353975558,45.39037544982941
2026-07-09 11:10:00,9.5611,instrument_filtered,F2,71.16666666666667,1630.0,9.5611,11.731411042944785,0.6910405103952886,0.12049897385562937,45.510874423685046
2026-07-09 11:20:00,8.1856,instrument_filtered,F2,71.33333333333333,1630.0,8.1856,10.043680981595093,0.5916245203890426,0.10688875256535486,45.6177631762504
2026-07-09 11:30:00,6.52755,instrument_filtered,F2,71.5,1630.0,6.52755,8.009263803680982,0.47178687427500665,0.08861761622200663,45.70638079247241
2026-07-09 11:40:00,4.84555,instrument_filtered,F2,71.66666666666667,1630.0,4.84555,5.945460122699386,0.3502182118318907,0.06850042384224339,45.774881216314654
2026-07-09 11:50:00,3.4066,instrument_filtered,F2,71.83333333333333,1630.0,3.4066,4.179877300613497,0.24621629338806103,0.04970287543499316,45.82458409174965
2026-07-09 12:00:00,2.3677,instrument_filtered,F2,72.0,1630.0,2.3677,2.9051533742331292,0.17112849112162043,0.03477873204247445,45.859362823792125
2026-07-09 12:10:00,1.91105,instrument_filtered,F2,72.16666666666667,1630.0,1.91105,2.344846625766871,0.1381235388596413,0.025771002498439208,45.88513382629056
2026-07-09 12:20:00,6.45995,instrument_filtered,F2,72.33333333333333,1630.0,6.45995,7.926319018404908,0.4669009993753903,0.050418711519583104,45.935552537810146
2026-07-09 12:30:00,6.557,instrument_filtered,F2,72.5,1625.0,6.557,8.070153846153847,0.47537361127317407,0.07852288422071593,46.014075422030864
2026-07-09 12:40:00,6.9867,instrument_filtered,F2,72.66666666666667,1625.0,6.9867,8.599015384615385,0.5065262787680777,0.0818249908367733,46.095900412867636
2026-07-09 12:50:00,7.6355,instrument_filtered,F2,72.83333333333333,1625.0,7.6355,9.397538461538462,0.5535633992490956,0.08834080650142608,46.18424121936906
2026-07-09 13:00:00,8.3518,instrument_filtered,F2,73.0,1625.0,8.3518,10.279138461538462,0.6054941782265205,0.09658813145630407,46.280829350825364
2026-07-09 13:10:00,9.0694,instrument_filtered,F2,73.16666666666667,1625.0,9.0694,11.16233846153846,0.6575192054416538,0.10525111530568418,46.38608046613105
2026-07-09 13:20:00,9.7374,instrument_filtered,F2,73.33333333333333,1625.0,9.7374,11.984492307692307,0.7059482998949831,0.11362229211137996,46.49970275824243
2026-07-09 13:30:00,10.3308,instrument_filtered,F2,73.5,1625.0,10.3308,12.714830769230769,0.7489689954767281,0.12124310794764603,46.62094586619008
2026-07-09 13:40:00,10.8665,instrument_filtered,F2,73.66666666666667,1625.0,10.8665,13.374153846153845,0.7878065192771,0.1280646262294893,46.749010492419565
2026-07-09 13:50:00,11.3597,instrument_filtered,F2,73.83333333333333,1625.0,11.3597,13.98116923076923,0.8235628506908457,0.1342807808306545,46.88329127325022
2026-07-09 14:00:00,11.76435,instrument_filtered,F2,74.0,1625.0,11.76435,14.4792,0.8528994271437494,0.13970518981955357,47.022996463069774
2026-07-09 14:10:00,12.0766,instrument_filtered,F2,74.16666666666667,1625.0,12.0766,14.86350769230769,0.8755371288549051,0.14403637966655863,47.16703284273633
2026-07-09 14:20:00,12.295,instrument_filtered,F2,74.33333333333333,1625.0,12.295,15.132307692307693,0.8913708327899457,0.1472423301370625,47.314275172873394
2026-07-09 14:30:00,12.4113,instrument_filtered,F2,74.5,1625.0,12.4113,15.275446153846156,0.8998024251326437,0.14926443816022003,47.46353961103362
2026-07-09 14:40:00,12.4329,instrument_filtered,F2,74.66666666666667,1625.0,12.4329,15.302030769230768,0.9013683958514938,0.15009756841534905,47.613637179448965
2026-07-09 14:50:00,12.3643,instrument_filtered,F2,74.83333333333333,1625.0,12.3643,15.2176,0.8963949888462567,0.14981361539147067,47.76345079484044
2026-07-09 15:00:00,12.2521,instrument_filtered,F2,75.0,1625.0,12.2521,15.079507692307693,0.8882606409455628,0.14872130248265586,47.912172097323094
2026-07-09 15:10:00,12.1283,instrument_filtered,F2,75.16666666666667,1625.0,12.1283,14.92713846153846,0.8792853087699307,0.14729549580962864,48.05946759313272
2026-07-09 15:20:00,12.0343,instrument_filtered,F2,75.33333333333333,1625.0,12.0343,14.811446153846154,0.8724704361971568,0.14597964541391567,48.20544723854664
2026-07-09 15:30:00,12.0122,instrument_filtered,F2,75.5,1625.0,12.0122,14.784246153846155,0.8708682161561112,0.14527822102944313,48.35072545957608
2026-07-09 15:40:00,12.06375,instrument_filtered,F2,75.66666666666667,1625.0,12.06375,14.847692307692308,0.8746055212744781,0.1454561447858866,48.49618160436197
2026-07-09 15:50:00,12.1876,instrument_filtered,F2,75.83333333333333,1625.0,12.1876,15.000123076923078,0.8835844783823297,0.14651583330472565,48.6426974376667
2026-07-09 16:00:00,12.3652,instrument_filtered,F2,76.0,1625.0,12.3652,15.21870769230769,0.8964602376262086,0.14833705966738242,48.79103449733408
2026-07-09 16:10:00,12.5691,instrument_filtered,F2,76.16666666666667,1625.0,12.5691,15.469661538461539,0.9112427112175768,0.15064191240365307,48.94167640973773
2026-07-09 16:20:00,12.7592,instrument_filtered,F2,76.33333333333333,1625.0,12.7592,15.70363076923077,0.9250247035163462,0.15302228456115155,49.094698694298884
2026-07-09 16:30:00,12.911950000000001,instrument_filtered,F2,76.5,1575.0,12.911950000000001,16.396126984126987,0.9658162959374881,0.157570083287824,49.25226877758671
2026-07-09 16:40:00,13.0416,instrument_filtered,F2,76.66666666666667,1575.0,13.0416,16.560761904761904,0.9755141403969456,0.1617775363612074,49.414046313947914
2026-07-09 16:50:00,13.1645,instrument_filtered,F2,76.83333333333333,1575.0,13.1645,16.716825396825396,0.9847070835829645,0.16335176866498322,49.577398082612895
2026-07-09 17:00:00,13.3909,instrument_filtered,F2,77.0,1575.0,13.3909,17.00431746031746,1.0016418462950452,0.16552907748983886,49.74292716010273
2026-07-09 17:10:00,13.60575,instrument_filtered,F2,77.16666666666667,1575.0,13.60575,17.277142857142856,1.0177126668281302,0.1682795427602694,49.911206702863
2026-07-09 17:20:00,13.6722,instrument_filtered,F2,77.33333333333333,1575.0,13.6722,17.36152380952381,1.0226831393644278,0.17003298384937018,50.081239686712365
2026-07-09 17:30:00,13.6064,instrument_filtered,F2,77.5,1575.0,13.6064,17.277968253968258,1.0177612869507577,0.1700370355262703,50.251276722238636
2026-07-09 17:40:00,13.4786,instrument_filtered,F2,77.66666666666667,1575.0,13.4786,17.115682539682542,1.0082018228403167,0.168830259149261,50.420106981387896
2026-07-09 17:50:00,13.3647,instrument_filtered,F2,77.83333333333333,1575.0,13.3647,16.971047619047617,0.9996820813522158,0.16732365868270152,50.5874306400706
2026-07-09 18:00:00,13.2972,instrument_filtered,F2,78.0,1575.0,13.2972,16.885333333333335,0.9946330686178281,0.16619292916417505,50.753623569234776
2026-07-09 18:10:00,13.267,instrument_filtered,F2,78.16666666666667,1575.0,13.267,16.846984126984125,0.9923741029203684,0.16558393096152108,50.9192075001963
2026-07-09 18:20:00,13.254,instrument_filtered,F2,78.33333333333333,1575.0,13.254,16.83047619047619,0.9914017004678198,0.16531465028233963,51.08452215047864
2026-07-09 18:30:00,13.2408,instrument_filtered,F2,78.5,1575.0,13.2408,16.813714285714283,0.9904143379775393,0.16515133653711794,51.249673487015755
2026-07-09 18:40:00,13.19875,instrument_filtered,F2,78.66666666666667,1575.0,13.19875,16.76031746031746,0.9872689900444874,0.16480694400184023,51.414480431017594
2026-07-09 18:50:00,13.1119,instrument_filtered,F2,78.83333333333333,1575.0,13.1119,16.650031746031747,0.980772593659575,0.16400346530866253,51.578483896326254
2026-07-09 19:00:00,13.0143,instrument_filtered,F2,79.0,1575.0,13.0143,16.52609523809524,0.9734720952465934,0.16285372407551865,51.74133762040177
2026-07-09 19:10:00,12.92345,instrument_filtered,F2,79.16666666666667,1575.0,12.92345,16.41073015873016,0.9666764981070505,0.1616790494461416,51.903016669847915
2026-07-09 19:20:00,12.8408,instrument_filtered,F2,79.33333333333333,1575.0,12.8408,16.305777777777777,0.9604942625144997,0.16059756338512005,52.06361423323303
2026-07-09 19:30:00,12.77365,instrument_filtered,F2,79.5,1575.0,12.77365,16.220507936507936,0.9554714298461419,0.15966380769672467,52.223278040929756
2026-07-09 19:40:00,12.727,instrument_filtered,F2,79.66666666666667,1575.0,12.727,16.161269841269842,0.9519820010452651,0.15895445257428842,52.38223249350404
2026-07-09 19:50:00,12.6882,instrument_filtered,F2,79.83333333333333,1575.0,12.6882,16.112000000000002,0.9490797537253503,0.15842181289754226,52.540654306401585
2026-07-09 20:00:00,12.6427,instrument_filtered,F2,80.0,1575.0,12.6427,16.054222222222222,0.9456763451414294,0.15789634157223614,52.69855064797382
2026-07-09 20:10:00,12.5724,instrument_filtered,F2,80.16666666666667,1575.0,12.5724,15.964952380952381,0.9404178918788001,0.15717451975169028,52.85572516772551
2026-07-09 20:20:00,12.4806,instrument_filtered,F2,80.33333333333333,1575.0,12.4806,15.848380952380953,0.9335512345600325,0.15616409386989383,53.01188926159541
2026-07-09 20:30:00,12.3677,instrument_filtered,F2,80.5,1575.0,12.3677,15.705015873015872,0.9251062932605896,0.15488812731838958,53.16677738891379
2026-07-09 20:40:00,12.2619,instrument_filtered,F2,80.66666666666667,1575.0,12.2619,15.570666666666668,0.9171924333006155,0.1535248938801048,53.3203022827939
2026-07-09 20:50:00,12.1819,instrument_filtered,F2,80.83333333333333,1575.0,12.1819,15.469079365079367,0.9112084182080077,0.15236673762570993,53.47266902041961
2026-07-09 21:00:00,12.1419,instrument_filtered,F2,81.0,1575.0,12.1419,15.418285714285714,0.9082164106617039,0.15161873573914694,53.62428775615876
2026-07-09 21:10:00,12.1277,instrument_filtered,F2,81.16666666666667,1575.0,12.1277,15.400253968253969,0.9071542479827657,0.15128088822037677,53.775568644379135
2026-07-09 21:20:00,12.097999999999999,instrument_filtered,F2,81.33333333333333,1575.0,12.097999999999999,15.36253968253968,0.904932682379635,0.15100724419685815,53.92657588857599
2026-07-09 21:30:00,12.0361,instrument_filtered,F2,81.5,1575.0,12.0361,15.283936507936506,0.9003025507017296,0.1504362694234513,54.07701215799944
2026-07-09 21:40:00,11.970949999999998,instrument_filtered,F2,81.66666666666667,1575.0,11.970949999999998,15.201206349206348,0.895429318410687,0.14964432242603898,54.22665648042548
2026-07-09 21:50:00,11.9282,instrument_filtered,F2,81.83333333333333,1575.0,11.9282,15.146920634920637,0.8922316103455749,0.14897174406301336,54.375628224488494
2026-07-09 22:00:00,11.91175,instrument_filtered,F2,82.0,1575.0,11.91175,15.126031746031746,0.8910011472421573,0.1486027297989819,54.524230954287475
2026-07-09 22:10:00,11.9222,instrument_filtered,F2,82.16666666666667,1575.0,11.9222,15.139301587301588,0.8917828092136292,0.14856532970465308,54.67279628399213
2026-07-09 22:20:00,11.9595,instrument_filtered,F2,82.33333333333333,1575.0,11.9595,15.186666666666667,0.8945728562505576,0.1488629721220071,54.82165925611413
2026-07-09 22:30:00,12.00505,instrument_filtered,F2,82.5,1575.0,12.00505,15.244507936507938,0.8979800048439114,0.14937940509121,54.97103866120534
2026-07-09 22:40:00,12.0345,instrument_filtered,F2,82.66666666666667,1575.0,12.0345,15.281904761904762,0.9001828703998775,0.14984690627032002,55.12088556747566
2026-07-09 22:50:00,12.0313,instrument_filtered,F2,82.83333333333333,1575.0,12.0313,15.27784126984127,0.8999435097961732,0.1500105316829957,55.270896099158655
2026-07-09 23:00:00,11.9826,instrument_filtered,F2,83.0,1575.0,11.9826,15.216000000000001,0.8963007406085481,0.14968702086706437,55.42058312002572
2026-07-09 23:10:00,11.9017,instrument_filtered,F2,83.16666666666667,1575.0,11.9017,15.113269841269842,0.8902494053461485,0.14887917882956228,55.56946229885528
2026-07-09 23:20:00,11.8038,instrument_filtered,F2,83.33333333333333,1575.0,11.8038,14.988952380952382,0.8829264668765694,0.1477646560185514,55.71722695487383
2026-07-09 23:30:00,11.71285,instrument_filtered,F2,83.5,1575.0,11.71285,14.873460317460317,0.8761233897181607,0.146587488049565,55.86381444292339
2026-07-09 23:40:00,11.6576,instrument_filtered,F2,83.66666666666667,1575.0,11.6576,14.803301587301588,0.8719906792948285,0.14567617241775324,56.00949061534114
2026-07-09 23:50:00,11.6218,instrument_filtered,F2,83.83333333333333,1575.0,11.6218,14.757841269841272,0.8693128325408865,0.14510862598630134,56.154599241327446
2026-07-10 00:00:00,11.5623,instrument_filtered,F2,84.0,1575.0,11.5623,14.682285714285715,0.8648622213157594,0.14451458782139126,56.29911382914884
2026-07-10 00:10:00,11.4834,instrument_filtered,F2,84.16666666666667,1575.0,11.4834,14.582095238095238,0.8589604864306746,0.14365189231220693,56.44276572146104
2026-07-10 00:20:00,11.4035,instrument_filtered,F2,84.33333333333333,1575.0,11.4035,14.480634920634921,0.8529839513569325,0.14266203648229248,56.585427757943336
2026-07-10 00:30:00,11.3253,instrument_filtered,F2,84.5,1575.0,11.3253,14.381333333333334,0.8471345766039082,0.14167654399674073,56.727104301940074
2026-07-10 00:40:00,11.264700000000001,instrument_filtered,F2,84.66666666666667,1575.0,11.264700000000001,14.304380952380953,0.8426016851712577,0.1408113551479345,56.867915657088005
2026-07-10 00:50:00,11.2347,instrument_filtered,F2,84.83333333333333,1575.0,11.2347,14.266285714285715,0.8403576795115297,0.14024661372355765,57.00816227081156
2026-07-10 01:00:00,11.2222,instrument_filtered,F2,85.0,1575.0,11.2222,14.250412698412699,0.8394226771533098,0.1399816963887406,57.1481439672003
2026-07-10 01:10:00,11.2114,instrument_filtered,F2,85.16666666666667,1575.0,11.2114,14.236698412698413,0.8386148351158076,0.13983645935576375,57.28798042655606
2026-07-10 01:20:00,11.18215,instrument_filtered,F2,85.33333333333333,1575.0,11.18215,14.199555555555555,0.8364269295975729,0.1395868137261071,57.427567240282166
2026-07-10 01:30:00,11.1514,instrument_filtered,F2,85.5,1575.0,11.1514,14.160507936507939,0.8341268237963517,0.139212812782831,57.566780053064996
2026-07-10 01:40:00,11.13285,instrument_filtered,F2,85.66666666666667,1575.0,11.13285,14.136952380952382,0.8327392802967534,0.13890550867442936,57.70568556173942
2026-07-10 01:50:00,11.1192,instrument_filtered,F2,85.83333333333333,1575.0,11.1192,14.119619047619047,0.831718257721577,0.13870479483485298,57.84439035657427
2026-07-10 02:00:00,11.1094,instrument_filtered,F2,86.0,1575.0,11.1094,14.107174603174604,0.8309852158727326,0.13855862279952974,57.9829489793738
2026-07-10 02:10:00,11.1043,instrument_filtered,F2,86.16666666666667,1575.0,11.1043,14.100698412698414,0.8306037349105787,0.1384657458986132,58.121414725272416
2026-07-10 02:20:00,11.1027,instrument_filtered,F2,86.33333333333333,1575.0,11.1027,14.098666666666668,0.8304840546087268,0.13842398245993426,58.25983870773235
2026-07-10 02:30:00,11.0929,instrument_filtered,F2,86.5,1575.0,11.0929,14.086222222222222,0.8297510127598821,0.13835292228072132,58.39819163001307
2026-07-10 02:40:00,11.0788,instrument_filtered,F2,86.66666666666667,1575.0,11.0788,14.06831746031746,0.8286963300998099,0.1382039452383116,58.53639557525138
2026-07-10 02:50:00,11.078199999999999,instrument_filtered,F2,86.83333333333333,1575.0,11.078199999999999,14.067555555555554,0.8286514499866154,0.13811231500719426,58.674507890258575
2026-07-10 03:00:00,11.1052,instrument_filtered,F2,87.0,1575.0,11.1052,14.101841269841271,0.8306710550803708,0.13827687542225278,58.812784765680824
2026-07-10 03:10:00,11.13705,instrument_filtered,F2,87.16666666666667,1575.0,11.13705,14.142285714285716,0.8330534410891153,0.1386437080141278,58.95142847369495
2026-07-10 03:20:00,11.1329,instrument_filtered,F2,87.33333333333333,1575.0,11.1329,14.137015873015873,0.832743020306186,0.13881637178293388,59.09024484547789
2026-07-10 03:30:00,11.099250000000001,instrument_filtered,F2,87.5,1575.0,11.099250000000001,14.094285714285716,0.830225993957858,0.13858075118867427,59.22882559666657
2026-07-10 03:40:00,11.0456,instrument_filtered,F2,87.66666666666667,1575.0,11.0456,14.02615873015873,0.8262129638363777,0.13803657981619022,59.366862176482755
2026-07-10 03:50:00,10.9734,instrument_filtered,F2,87.83333333333333,1575.0,10.9734,13.93447619047619,0.820812390215299,0.13725211283763192,59.504114289320384
2026-07-10 04:00:00,10.889,instrument_filtered,F2,88.0,1575.0,10.889,13.827301587301587,0.8144992542925977,0.13627597037566191,59.64039025969605
2026-07-10 04:10:00,10.79755,instrument_filtered,F2,88.16666666666667,1575.0,10.79755,13.711174603174602,0.8076587770398601,0.13517983594437533,59.775570095640425
2026-07-10 04:20:00,10.7265,instrument_filtered,F2,88.33333333333333,1575.0,10.7265,13.620952380952382,0.8023442236357379,0.13416691672295888,59.90973701236339
2026-07-10 04:30:00,10.682,instrument_filtered,F2,88.5,1575.0,10.682,13.564444444444444,0.7990156152404745,0.13344665323968816,60.043183665603074
2026-07-10 04:40:00,10.65545,instrument_filtered,F2,88.66666666666667,1575.0,10.65545,13.53073015873016,0.7970296702316153,0.13300377378934458,60.17618743939242
2026-07-10 04:50:00,10.6448,instrument_filtered,F2,88.83333333333333,1575.0,10.6448,13.517206349206349,0.7962330482224118,0.1327718932044947,60.30895933259691
2026-07-10 05:00:00,10.626999999999999,instrument_filtered,F2,89.0,1575.0,10.626999999999999,13.494603174603172,0.7949016048643066,0.13259455442389695,60.44155388702081
2026-07-10 05:10:00,10.5975,instrument_filtered,F2,89.16666666666667,1575.0,10.5975,13.457142857142857,0.7926949992989076,0.13229971701360493,60.57385360403441
2026-07-10 05:20:00,10.57605,instrument_filtered,F2,89.33333333333333,1575.0,10.57605,13.429904761904764,0.7910905352522021,0.13198212787925165,60.705835731913666
2026-07-10 05:30:00,10.5689,instrument_filtered,F2,89.5,1575.0,10.5689,13.420825396825396,0.7905557139033,0.13180385409629558,60.83763958600996
2026-07-10 05:40:00,10.5497,instrument_filtered,F2,89.66666666666667,1575.0,10.5497,13.396444444444443,0.7891195502810742,0.1316396053487016,60.969279191358666
2026-07-10 05:50:00,10.5102,instrument_filtered,F2,89.83333333333333,1575.0,10.5102,13.346285714285713,0.7861649428290989,0.13127370775917363,61.10055289911784
2026-07-10 06:00:00,10.45665,instrument_filtered,F2,90.0,1575.0,10.45665,13.278285714285714,0.7821593927264845,0.13069369462963565,61.23124659374747
2026-07-10 06:10:00,10.4232,instrument_filtered,F2,90.16666666666667,1575.0,10.4232,13.235809523809522,0.7796573264158879,0.13015139326186806,61.36139798700934
2026-07-10 06:20:00,10.42455,instrument_filtered,F2,90.33333333333333,1575.0,10.42455,13.23752380952381,0.7797583066705757,0.12995130275719793,61.49134928976654
2026-07-10 06:30:00,10.453,instrument_filtered,F2,90.5,1575.0,10.453,13.273650793650793,0.7818863720378844,0.13013705655904204,61.62148634632558
2026-07-10 06:40:00,10.4711,instrument_filtered,F2,90.66666666666667,1575.0,10.4711,13.29663492063492,0.7832402554525869,0.130427218957543,61.751913565283125
2026-07-10 06:50:00,10.4552,instrument_filtered,F2,90.83333333333333,1575.0,10.4552,13.276444444444444,0.782050932452931,0.13044093232545242,61.882354497608574
2026-07-10 07:00:00,10.4011,instrument_filtered,F2,91.0,1575.0,10.4011,13.207746031746032,0.7780042422465551,0.13000459789162755,62.0123590955002
2026-07-10 07:10:00,10.3296,instrument_filtered,F2,91.16666666666667,1575.0,10.3296,13.116952380952378,0.7726560287575366,0.12922168925034466,62.141580784750545
2026-07-10 07:20:00,10.24975,instrument_filtered,F2,91.33333333333333,1575.0,10.24975,13.015555555555556,0.7666832336932274,0.12827827187088972,62.269859056621435
2026-07-10 07:30:00,10.1768,instrument_filtered,F2,91.5,1575.0,10.1768,12.922920634920635,0.7612265599306554,0.12732581613532717,62.39718487275676
2026-07-10 07:40:00,10.118300000000001,instrument_filtered,F2,91.66666666666667,1575.0,10.118300000000001,12.848634920634922,0.756850748894186,0.1265064424020737,62.523691315158835
2026-07-10 07:50:00,10.0599,instrument_filtered,F2,91.83333333333333,1575.0,10.0599,12.774476190476193,0.7524824178765822,0.12577776389755685,62.649469079056395
2026-07-10 08:00:00,10.001750000000001,instrument_filtered,F2,92.0,1575.0,10.001750000000001,12.700634920634924,0.748132786906143,0.12505126706523065,62.774520346121626
2026-07-10 08:10:00,9.9578,instrument_filtered,F2,92.16666666666667,1575.0,9.9578,12.644825396825398,0.7448453186146412,0.12441484212673555,62.89893518824836
2026-07-10 08:20:00,9.927499999999998,instrument_filtered,F2,92.33333333333333,1575.0,9.927499999999998,12.606349206349204,0.7425788728983158,0.12395201595940603,63.02288720420776
2026-07-10 08:30:00,9.9017,instrument_filtered,F2,92.5,1575.0,9.9017,12.573587301587303,0.7406490280309499,0.12360232507744232,63.146489529285205
2026-07-10 08:40:00,9.872499999999999,instrument_filtered,F2,92.66666666666667,1575.0,9.872499999999999,12.536507936507935,0.7384648625221479,0.12325949087942832,63.26974902016463
2026-07-10 08:50:00,9.8211,instrument_filtered,F2,92.83333333333333,1575.0,9.8211,12.471238095238096,0.7346201328251475,0.12275708294560096,63.392506103110236
2026-07-10 09:00:00,9.74945,instrument_filtered,F2,93.0,1575.0,9.74945,12.380253968253967,0.7292606993078304,0.12199006934441829,63.514496172454656
2026-07-10 09:10:00,9.6724,instrument_filtered,F2,93.16666666666667,1575.0,9.6724,12.282412698412697,0.7234973447717624,0.12106317033996951,63.63555934279463
2026-07-10 09:20:00,9.618400000000001,instrument_filtered,F2,93.33333333333333,1575.0,9.618400000000001,12.213841269841271,0.7194581345842521,0.1202462899463277,63.75580563274096
2026-07-10 09:30:00,9.5963,instrument_filtered,F2,93.5,1525.0,9.5963,12.585311475409835,0.7413396422318017,0.12173314806800795,63.87753878080897
2026-07-10 09:40:00,9.597850000000001,instrument_filtered,F2,93.66666666666667,1525.0,9.597850000000001,12.587344262295083,0.741459383845284,0.12356658550642732,64.0011053663154
2026-07-10 09:50:00,9.6803,instrument_filtered,F2,93.83333333333333,1525.0,9.6803,12.695475409836067,0.7478288651559988,0.12410735408343318,64.12521272039884
2026-07-10 10:00:00,9.7118,instrument_filtered,F2,94.0,1525.0,9.7118,12.736786885245904,0.7502623237525727,0.12484093240905117,64.25005365280789
2026-07-10 10:10:00,9.6013,instrument_filtered,F2,94.16666666666667,1525.0,9.6013,12.591868852459015,0.7417259055010991,0.1243323524378095,64.3743860052457
2026-07-10 10:20:00,9.37765,instrument_filtered,F2,94.33333333333333,1525.0,9.37765,12.29855737704918,0.7244483494654247,0.12218118791387003,64.49656719315956
2026-07-10 10:30:00,9.1297,instrument_filtered,F2,94.5,1525.0,9.1297,11.973377049180327,0.7052935539409647,0.1191451586172025,64.61571235177676
2026-07-10 10:40:00,8.9227,instrument_filtered,F2,94.66666666666667,1525.0,8.9227,11.701901639344264,0.689302254592051,0.1162163173777546,64.73192866915451
2026-07-10 10:50:00,8.7953,instrument_filtered,F2,94.83333333333333,1525.0,8.7953,11.534819672131146,0.6794602664903521,0.1140635434235271,64.84599221257804
2026-07-10 11:00:00,8.77125,instrument_filtered,F2,95.0,1525.0,8.77125,11.50327868852459,0.6776023401650314,0.1130885505546185,64.95908076313266
2026-07-10 11:10:00,8.8161,instrument_filtered,F2,95.16666666666667,1525.0,8.8161,11.562098360655739,0.6810671216906296,0.11322245515464163,65.0723032182873
2026-07-10 11:20:00,8.9089,instrument_filtered,F2,95.33333333333333,1525.0,8.9089,11.683803278688524,0.68823616796879,0.1141086074716118,65.18641182575891
2026-07-10 11:30:00,9.039200000000001,instrument_filtered,F2,95.5,1525.0,9.039200000000001,11.854688524590165,0.6983021887666812,0.11554486306129255,65.3019566888202
2026-07-10 11:40:00,9.1857,instrument_filtered,F2,95.66666666666667,1525.0,9.1857,12.046819672131148,0.7096197025570962,0.11732682427698479,65.41928351309718
2026-07-10 11:50:00,9.3179,instrument_filtered,F2,95.83333333333333,1525.0,9.3179,12.220196721311474,0.7198325033973203,0.11912101716286128,65.53840453026005
2026-07-10 12:00:00,9.4215,instrument_filtered,F2,96.0,1525.0,9.4215,12.356065573770492,0.7278358783371633,0.12063903181121041,65.65904356207126
2026-07-10 12:10:00,9.49455,instrument_filtered,F2,96.16666666666667,1525.0,9.49455,12.451868852459018,0.733479184701599,0.12177625525323366,65.7808198173245
2026-07-10 12:20:00,9.540099999999999,instrument_filtered,F2,96.33333333333333,1525.0,9.540099999999999,12.511606557377048,0.7369980430848985,0.12253976898220116,65.9033595863067
2026-07-10 12:30:00,9.5514,instrument_filtered,F2,96.5,1475.0,9.5514,12.951050847457626,0.7628835742793925,0.12499013478036114,66.02834972108707
2026-07-10 12:40:00,9.54015,instrument_filtered,F2,96.66666666666667,1475.0,9.54015,12.935796610169493,0.7619850211656456,0.12707238295375678,66.15542210404082
2026-07-10 12:50:00,9.6683,instrument_filtered,F2,96.83333333333333,1475.0,9.6683,13.109559322033899,0.7722205395235725,0.12785046339076092,66.28327256743158
2026-07-10 13:00:00,9.825849999999999,instrument_filtered,F2,97.0,1475.0,9.825849999999999,13.323186440677965,0.784804276685425,0.12975206801742015,66.413024635449
2026-07-10 13:10:00,9.868549999999999,instrument_filtered,F2,97.16666666666667,1475.0,9.868549999999999,13.381084745762712,0.7882147849482692,0.13108492180281156,66.54410955725182
2026-07-10 13:20:00,9.7649,instrument_filtered,F2,97.33333333333333,1475.0,9.7649,13.240542372881357,0.7799361155936136,0.13067924171181616,66.67478879896363
2026-07-10 13:30:00,9.5317,instrument_filtered,F2,97.5,1475.0,9.5317,12.924338983050848,0.7613101079379867,0.1284371852943037,66.80322598425794
2026-07-10 13:40:00,9.2238,instrument_filtered,F2,97.66666666666667,1475.0,9.2238,12.50684745762712,0.7367177076070797,0.12483565129542575,66.92806163555336
2026-07-10 13:50:00,8.90945,instrument_filtered,F2,97.83333333333333,1475.0,8.90945,12.080610169491523,0.7116101368242908,0.12069398703594068,67.0487556225893
2026-07-10 14:00:00,8.6391,instrument_filtered,F2,98.0,1475.0,8.6391,11.714033898305082,0.6900169071086019,0.1168022536610777,67.16555787625038
2026-07-10 14:10:00,8.4298,instrument_filtered,F2,98.16666666666667,1475.0,8.4298,11.430237288135592,0.673299825623513,0.11360972772767945,67.27916760397805
2026-07-10 14:20:00,8.276800000000001,instrument_filtered,F2,98.33333333333333,1475.0,8.276800000000001,11.22277966101695,0.6610795032765538,0.11119827740833259,67.39036588138639
2026-07-10 14:30:00,8.1679,instrument_filtered,F2,98.5,1475.0,8.1679,11.075118644067796,0.6523815091354828,0.10945508436767282,67.49982096575405
2026-07-10 14:40:00,8.093,instrument_filtered,F2,98.66666666666667,1475.0,8.093,10.973559322033898,0.6463991421826248,0.10823172094317872,67.60805268669723
2026-07-10 14:50:00,8.0517,instrument_filtered,F2,98.83333333333333,1475.0,8.0517,10.917559322033899,0.6431004538628248,0.10745829967044802,67.71551098636769
2026-07-10 15:00:00,8.0496,instrument_filtered,F2,99.0,1475.0,8.0496,10.91471186440678,0.6429327239482587,0.10716943148425999,67.82268041785196
2026-07-10 15:10:00,8.074349999999999,instrument_filtered,F2,99.16666666666667,1475.0,8.074349999999999,10.948271186440678,0.644909540798502,0.10732018872889978,67.93000060658086
2026-07-10 15:20:00,8.1044,instrument_filtered,F2,99.33333333333333,1475.0,8.1044,10.989016949152543,0.6473096760045552,0.10768493473358198,68.03768554131445
2026-07-10 15:30:00,8.143350000000002,instrument_filtered,F2,99.5,1475.0,8.143350000000002,11.041830508474577,0.650420666562817,0.10814419521395076,68.1458297365284
2026-07-10 15:40:00,8.1716,instrument_filtered,F2,99.66666666666667,1475.0,8.1716,11.080135593220339,0.6526770332706706,0.10859147498612706,68.25442121151453
2026-07-10 15:50:00,8.17345,instrument_filtered,F2,99.83333333333333,1475.0,8.17345,11.082644067796611,0.6528247953382645,0.10879181905073843,68.36321303056526
2026-07-06 12:50:00,1.1591,instrument_filtered;raw_rolling_median_fallback,F3,0.8333333333333334,1950.0,1.1591,1.1888205128205127,0.07002764892821106,0.0,0.0
2026-07-06 13:00:00,1.21705,instrument_filtered,F3,1.0,1950.0,1.21705,1.2482564102564102,0.07352872929693666,0.011963031518762306,0.011963031518762306
2026-07-06 13:10:00,1.6863,instrument_filtered,F3,1.1666666666666667,1950.0,1.6863,1.7295384615384615,0.10187872003075,0.014617287443973894,0.026580318962736202
2026-07-06 13:20:00,2.2306,instrument_filtered,F3,1.3333333333333333,1950.0,2.2306,2.2877948717948717,0.1347628968158637,0.019720134737217794,0.046300453699953996
2026-07-06 13:30:00,2.5894500000000003,instrument_filtered,F3,1.5,1950.0,2.5894500000000003,2.655846153846154,0.1564430122656856,0.02426715909012912,0.07056761279008311
2026-07-06 13:40:00,2.6781,instrument_filtered,F3,1.6666666666666667,1950.0,2.6781,2.7467692307692313,0.16179884962008637,0.026520155157147677,0.09708776794723079
2026-07-06 13:50:00,2.5439,instrument_filtered,F3,1.8333333333333333,1950.0,2.5439,2.6091282051282048,0.15369108455566913,0.026290827847979602,0.12337859579521039
2026-07-06 14:00:00,2.25395,instrument_filtered,F3,2.0,1950.0,2.25395,2.31174358974359,0.13617359960464268,0.02415539034669266,0.14753398614190305
2026-07-06 14:10:00,1.9079000000000002,instrument_filtered,F3,2.1666666666666665,1950.0,1.9079000000000002,1.956820512820513,0.11526680302832708,0.020953366886080793,0.16848735302798384
2026-07-06 14:20:00,1.5741999999999998,instrument_filtered,F3,2.3333333333333335,1950.0,1.5741999999999998,1.6145641025641024,0.095106138333871,0.01753107844684987,0.1860184314748337
2026-07-06 14:30:00,1.2990499999999998,instrument_filtered,F3,2.5,1950.0,1.2990499999999998,1.332358974358974,0.0784828033303361,0.01446574513868391,0.2004841766135176
2026-07-06 14:40:00,1.088,instrument_filtered,F3,2.6666666666666665,1950.0,1.088,1.1158974358974358,0.06573210424803178,0.012017908964863978,0.2125020855783816
2026-07-06 14:50:00,0.9253,instrument_filtered,F3,2.8333333333333335,1950.0,0.9253,0.949025641025641,0.05590249637932336,0.01013621671894628,0.22263830229732787
2026-07-06 15:00:00,0.8293999999999999,instrument_filtered,F3,3.0,1950.0,0.8293999999999999,0.8506666666666666,0.0501086463817257,0.00883426189675408,0.23147256419408194
2026-07-06 15:10:00,0.80715,instrument_filtered,F3,3.1666666666666665,1950.0,0.80715,0.8278461538461539,0.04876440068363866,0.008239420588780355,0.2397119847828623
2026-07-06 15:20:00,0.8390500000000001,instrument_filtered,F3,3.3333333333333335,1945.0,0.8390500000000001,0.862776349614396,0.050821969054871366,0.00829886414487585,0.24801084892773814
2026-07-06 15:30:00,0.9029,instrument_filtered,F3,3.5,1945.0,0.9029,0.9284318766066839,0.05468941762665319,0.008792615556793705,0.25680346448453184
2026-07-06 15:40:00,0.9737,instrument_filtered,F3,3.6666666666666665,1945.0,0.9737,1.0012339331619537,0.05897783358408706,0.009472270934228345,0.2662757354187602
2026-07-06 15:50:00,1.0404499999999999,instrument_filtered,F3,3.8333333333333335,1945.0,1.0404499999999999,1.0698714652956296,0.06302093761175245,0.010166564266319978,0.27644229968508016
2026-07-06 16:00:00,1.0945,instrument_filtered,F3,4.0,1945.0,1.0945,1.1254498714652956,0.06629479188434147,0.010776310791341151,0.28721861047642133
2026-07-06 16:10:00,1.1352,instrument_filtered,F3,4.166666666666667,1945.0,1.1352,1.1673007712082262,0.06876002535139739,0.011254568102978259,0.2984731785793996
2026-07-06 16:20:00,1.1615,instrument_filtered,F3,4.333333333333333,1945.0,1.1615,1.1943444730077122,0.070353038623721,0.011592755331259825,0.3100659339106594
2026-07-06 16:30:00,1.1746,instrument_filtered,F3,4.5,1895.0,1.1746,1.2396833773087073,0.07302373351747506,0.011948064345099691,0.3220139982557591
2026-07-06 16:40:00,1.1829,instrument_filtered,F3,4.666666666666667,1895.0,1.1829,1.2484432717678102,0.07353973640202728,0.012213622493291883,0.334227620749051
2026-07-06 16:50:00,1.1937,instrument_filtered,F3,4.833333333333333,1895.0,1.1937,1.2598416886543535,0.07421116184216751,0.012312574853682855,0.34654019560273386
2026-07-06 17:00:00,1.21155,instrument_filtered,F3,5.0,1895.0,1.21155,1.2786807387862795,0.07532087888906598,0.01246100339426948,0.35900119899700333
2026-07-06 17:10:00,1.225,instrument_filtered,F3,5.166666666666667,1895.0,1.225,1.2928759894459103,0.07615705223812952,0.012623160927266314,0.3716243599242697
2026-07-06 17:20:00,1.2352500000000002,instrument_filtered,F3,5.333333333333333,1895.0,1.2352500000000002,1.303693931398417,0.0767942847160404,0.01274594474618078,0.38437030467045047
2026-07-06 17:30:00,1.2331500000000002,instrument_filtered,F3,5.5,1895.0,1.2331500000000002,1.3014775725593668,0.07666372976934646,0.012788167873782261,0.39715847254423275
2026-07-06 17:40:00,1.21895,instrument_filtered,F3,5.666666666666667,1895.0,1.21895,1.286490765171504,0.07578092965360651,0.012703721618579439,0.4098621941628122
2026-07-06 17:50:00,1.1952,instrument_filtered,F3,5.833333333333333,1895.0,1.1952,1.261424802110818,0.07430441537552035,0.012507112085760526,0.4223693062485728
2026-07-06 18:00:00,1.1674,instrument_filtered,F3,6.0,1895.0,1.1674,1.232084432717678,0.07257611655738155,0.012240044327741848,0.4346093505763146
2026-07-06 18:10:00,1.14365,instrument_filtered,F3,6.166666666666667,1895.0,1.14365,1.207018469656992,0.07109960227929536,0.011972976569723097,0.4465823271460377
2026-07-06 18:20:00,1.1286,instrument_filtered,F3,6.333333333333333,1895.0,1.1286,1.1911345646437996,0.07016395849465551,0.011771963397829197,0.4583542905438669
2026-07-06 18:30:00,1.1195499999999998,instrument_filtered,F3,6.5,1895.0,1.1195499999999998,1.181583113456464,0.06960132884342685,0.01164710727817355,0.4700013978220404
2026-07-06 18:40:00,1.1165,instrument_filtered,F3,6.666666666666667,1895.0,1.1165,1.1783641160949867,0.06941171332560947,0.011584420180753048,0.4815858180027935
2026-07-06 18:50:00,1.1194,instrument_filtered,F3,6.833333333333333,1895.0,1.1194,1.1814248021108178,0.06959200349009156,0.011583643067975045,0.49316946107076853
2026-07-06 19:00:00,1.1289,instrument_filtered,F3,7.0,1895.0,1.1289,1.1914511873350924,0.07018260920132605,0.011647884390951489,0.50481734546172
2026-07-06 19:10:00,1.1430500000000001,instrument_filtered,F3,7.166666666666667,1895.0,1.1430500000000001,1.2063852242744064,0.07106230086595426,0.011770409172273379,0.5165877546339933
2026-07-06 19:20:00,1.15375,instrument_filtered,F3,7.333333333333333,1895.0,1.15375,1.2176781002638521,0.07172750940387097,0.011899150855818727,0.528486905489812
2026-07-06 19:30:00,1.15855,instrument_filtered,F3,7.5,1895.0,1.15855,1.222744063324538,0.07202592071059996,0.011979452509539266,0.5404663579993513
2026-07-06 19:40:00,1.1630500000000001,instrument_filtered,F3,7.666666666666667,1895.0,1.1630500000000001,1.2274934036939316,0.07230568131065841,0.012027633501771554,0.5524939915011229
2026-07-06 19:50:00,1.1711,instrument_filtered,F3,7.833333333333333,1895.0,1.1711,1.2359894459102905,0.07280614193965183,0.012092651937525812,0.5645866434386487
2026-07-06 20:00:00,1.18145,instrument_filtered,F3,8.0,1895.0,1.18145,1.2469129287598943,0.07344959131978623,0.012187977771619861,0.5767746212102686
2026-07-06 20:10:00,1.1921,instrument_filtered,F3,8.166666666666666,1895.0,1.1921,1.2581530343007914,0.07411169140659117,0.012296773560531408,0.5890713947708
2026-07-06 20:20:00,1.20385,instrument_filtered,F3,8.333333333333334,1895.0,1.20385,1.2705540897097627,0.07484217741785489,0.01241282240203726,0.6014842171728372
2026-07-06 20:30:00,1.2190500000000002,instrument_filtered,F3,8.5,1895.0,1.2190500000000002,1.2865963060686019,0.07578714655583005,0.012552443664473702,0.6140366608373109
2026-07-06 20:40:00,1.2375,instrument_filtered,F3,8.666666666666666,1895.0,1.2375,1.3060686015831136,0.07693416501606962,0.012726775964324926,0.6267634368016358
2026-07-06 20:50:00,1.2577500000000001,instrument_filtered,F3,8.833333333333334,1895.0,1.2577500000000001,1.3274406332453828,0.07819308771633258,0.012927271061033608,0.6396907078626695
2026-07-06 21:00:00,1.2754500000000002,instrument_filtered,F3,9.0,1895.0,1.2754500000000002,1.3461213720316625,0.07929347940989577,0.013123880593852316,0.6528145884565217
2026-07-06 21:10:00,1.29145,instrument_filtered,F3,9.166666666666666,1895.0,1.29145,1.3630079155672823,0.08028818376565908,0.013298471931296189,0.6661130603878179
2026-07-06 21:20:00,1.3089499999999998,instrument_filtered,F3,9.333333333333334,1895.0,1.3089499999999998,1.3814775725593667,0.08137614165477522,0.01347202711836962,0.6795850875061875
2026-07-06 21:30:00,1.32735,instrument_filtered,F3,9.5,1895.0,1.32735,1.4008970976253299,0.08252005166390305,0.013658016109889808,0.6932431036160773
2026-07-06 21:40:00,1.3438,instrument_filtered,F3,9.666666666666666,1895.0,1.3438,1.4182585751978893,0.08354273207967221,0.013838565311964555,0.7070816689280419
2026-07-06 21:50:00,1.35825,instrument_filtered,F3,9.833333333333334,1895.0,1.35825,1.4335092348284961,0.08444107445097096,0.013998650544220363,0.7210803194722623
2026-07-06 22:00:00,1.3743500000000002,instrument_filtered,F3,10.0,1895.0,1.3743500000000002,1.450501319261214,0.08544199570895782,0.014156922513327347,0.7352372419855896
2026-07-06 22:10:00,1.39115,instrument_filtered,F3,10.166666666666666,1895.0,1.39115,1.4682321899736148,0.0864864352825093,0.014327369249288874,0.7495646112348785
2026-07-06 22:20:00,1.4101,instrument_filtered,F3,10.333333333333334,1895.0,1.4101,1.4882321899736146,0.08766453825386648,0.014512581128031417,0.7640771923629099
2026-07-06 22:30:00,1.4285,instrument_filtered,F3,10.5,1895.0,1.4285,1.5076517150395778,0.0888084482629943,0.014706082209738345,0.7787832745726483
2026-07-06 22:40:00,1.4456,instrument_filtered,F3,10.666666666666666,1895.0,1.4456,1.5256992084432717,0.08987153854321636,0.014889998900517502,0.7936732734731657
2026-07-06 22:50:00,1.46375,instrument_filtered,F3,10.833333333333334,1895.0,1.46375,1.5448548812664908,0.09099990629678538,0.015072620403333584,0.8087458938764993
2026-07-06 23:00:00,1.486,instrument_filtered,F3,11.0,1895.0,1.486,1.5683377308707125,0.09238316704151876,0.015281922778191957,0.8240278166546913
2026-07-06 23:10:00,1.5156,instrument_filtered,F3,11.166666666666666,1895.0,1.5156,1.5995778364116096,0.0942233700996809,0.015550544761766585,0.8395783614164578
2026-07-06 23:20:00,1.5503,instrument_filtered,F3,11.333333333333334,1895.0,1.5503,1.6362005277044855,0.09638063517124262,0.015883667105910406,0.8554620285223682
2026-07-06 23:30:00,1.5829499999999999,instrument_filtered,F3,11.5,1895.0,1.5829499999999999,1.67065963060686,0.09841045374722214,0.01623259074320534,0.8716946192655736
2026-07-06 23:40:00,1.6102,instrument_filtered,F3,11.666666666666666,1895.0,1.6102,1.6994195250659632,0.10010455960313157,0.016542917779196083,0.8882375370447696
2026-07-06 23:50:00,1.6337,instrument_filtered,F3,11.833333333333334,1895.0,1.6337,1.7242216358839049,0.10156553162565893,0.01680584093573266,0.9050433779805023
2026-07-07 00:00:00,1.657,instrument_filtered,F3,12.0,1895.0,1.657,1.7488126649076516,0.10301406984373927,0.01704830012244979,0.922091678102952
2026-07-07 00:10:00,1.68315,instrument_filtered,F3,12.166666666666666,1895.0,1.68315,1.7764116094986806,0.10463978977518996,0.017304488301577374,0.9393961664045294
2026-07-07 00:20:00,1.7153,instrument_filtered,F3,12.333333333333334,1895.0,1.7153,1.8103430079155671,0.1066385238400519,0.017606526134603614,0.957002692539133
2026-07-07 00:30:00,1.75385,instrument_filtered,F3,12.5,1895.0,1.75385,1.8510290237467018,0.10903513964721916,0.01797280529060586,0.9749754978297388
2026-07-07 00:40:00,1.7982,instrument_filtered,F3,12.666666666666666,1895.0,1.7982,1.8978364116094988,0.11179233578335064,0.018402289619214085,0.9933777874489529
2026-07-07 00:50:00,1.8436,instrument_filtered,F3,12.833333333333334,1895.0,1.8436,1.9457519788918205,0.11461480939282905,0.01886726209801511,1.012245049546968
2026-07-07 01:00:00,1.88845,instrument_filtered,F3,13.0,1895.0,1.88845,1.9930870712401056,0.11740309004007815,0.019334824952742198,1.0315798744997102
2026-07-07 01:10:00,1.93255,instrument_filtered,F3,13.166666666666666,1895.0,1.93255,2.0396306068601584,0.12014474392065079,0.019795652830060673,1.051375527329771
2026-07-07 01:20:00,1.9755500000000001,instrument_filtered,F3,13.333333333333334,1895.0,1.9755500000000001,2.0850131926121374,0.12281801187676472,0.020246896316451435,1.0716224236462224
2026-07-07 01:30:00,2.0202,instrument_filtered,F3,13.5,1895.0,2.0202,2.132137203166227,0.12559385871956677,0.020700989216360884,1.0923234128625834
2026-07-07 01:40:00,2.06935,instrument_filtered,F3,13.666666666666666,1895.0,2.06935,2.1840105540897095,0.1286494661624272,0.021186943740166088,1.1135103566027496
2026-07-07 01:50:00,2.12315,instrument_filtered,F3,13.833333333333334,1895.0,2.12315,2.240791556728232,0.13199415955868138,0.021720302143425865,1.1352306587461753
2026-07-07 02:00:00,2.1773,instrument_filtered,F3,14.0,1895.0,2.1773,2.297941952506596,0.13536061211271785,0.022279564305949854,1.1575102230521253
2026-07-07 02:10:00,2.23085,instrument_filtered,F3,14.166666666666666,1895.0,2.23085,2.354459102902375,0.13868976325341328,0.02283753128051085,1.1803477543326362
2026-07-07 02:20:00,2.28425,instrument_filtered,F3,14.333333333333334,1895.0,2.28425,2.4108179419525064,0.14200958904077332,0.023391612691182385,1.2037393670238186
2026-07-07 02:30:00,2.3384,instrument_filtered,F3,14.5,1895.0,2.3384,2.4679683377308708,0.14537604159480985,0.023948802552965182,1.2276881695767838
2026-07-07 02:40:00,2.3874500000000003,instrument_filtered,F3,14.666666666666666,1895.0,2.3874500000000003,2.519736147757256,0.14842543213544682,0.024483456144187968,1.2521716257209718
2026-07-07 02:50:00,2.4265999999999996,instrument_filtered,F3,14.833333333333334,1895.0,2.4265999999999996,2.561055408970976,0.15085934935595519,0.024940398457617013,1.277112024178589
2026-07-07 03:00:00,2.4592,instrument_filtered,F3,15.0,1895.0,2.4592,2.5954617414248022,0.15288605948082298,0.025312117403064754,1.3024241415816538
2026-07-07 03:10:00,2.4935,instrument_filtered,F3,15.166666666666666,1895.0,2.4935,2.6316622691292877,0.1550184569434906,0.025658709702026043,1.3280828512836798
2026-07-07 03:20:00,2.5335,instrument_filtered,F3,15.333333333333334,1895.0,2.5335,2.6738786279683375,0.15750521783289892,0.026043639564699312,1.354126490848379
2026-07-07 03:30:00,2.54325,instrument_filtered,F3,15.5,1895.0,2.54325,2.6841688654353564,0.15811136579969218,0.026301381969382497,1.3804278728177615
2026-07-07 03:40:00,2.54125,instrument_filtered,F3,15.666666666666666,1895.0,2.54125,2.6820580474934035,0.15798702775522175,0.026341532796242732,1.406769405614004
2026-07-07 03:50:00,2.5175,instrument_filtered,F3,15.833333333333334,1895.0,2.5175,2.6569920844327175,0.15651051347713557,0.02620812843602996,1.4329775340500341
2026-07-07 04:00:00,2.4484500000000002,instrument_filtered,F3,16.0,1895.0,2.4484500000000002,2.5841160949868076,0.15221774249179448,0.025727354664077412,1.4587048887141116
2026-07-07 04:10:00,2.3728499999999997,instrument_filtered,F3,16.166666666666668,1895.0,2.3728499999999997,2.5043271767810023,0.14751776441081274,0.024977958908550778,1.4836828476226624
2026-07-07 04:20:00,2.35625,instrument_filtered,F3,16.333333333333332,1895.0,2.35625,2.4868073878627968,0.14648575864170832,0.02450029358770974,1.5081831412103721
2026-07-07 04:30:00,2.40395,instrument_filtered,F3,16.5,1895.0,2.40395,2.537150395778364,0.14945122100232772,0.024661414970336512,1.5328445561807087
2026-07-07 04:40:00,2.5005,instrument_filtered,F3,16.666666666666668,1895.0,2.5005,2.6390501319261213,0.15545364009913706,0.025408738425122243,1.558253294605831
2026-07-07 04:50:00,2.63765,instrument_filtered,F3,16.833333333333332,1895.0,2.63765,2.783799472295514,0.16398012149869576,0.026619480133152358,1.5848727747389832
2026-07-07 05:00:00,2.80145,instrument_filtered,F3,17.0,1895.0,2.80145,2.956675461741425,0.1741634073408228,0.028178627403293417,1.6130514021422766
2026-07-07 05:10:00,2.95295,instrument_filtered,F3,17.166666666666668,1895.0,2.95295,3.116569920844327,0.18358201420945683,0.029812118462523518,1.6428635206048001
2026-07-07 05:20:00,3.06485,instrument_filtered,F3,17.333333333333332,1895.0,3.06485,3.23467018469657,0.19053872779757658,0.03117672850058567,1.6740402491053858
2026-07-07 05:30:00,3.14125,instrument_filtered,F3,17.5,1895.0,3.14125,3.3153034300791555,0.1952884410963464,0.032152264074493814,1.7061925131798796
2026-07-07 05:40:00,3.1991500000000004,instrument_filtered,F3,17.666666666666668,1895.0,3.1991500000000004,3.3764116094986814,0.19888802748376497,0.032848039048342846,1.7390405522282224
2026-07-07 05:50:00,3.2378,instrument_filtered,F3,17.833333333333332,1895.0,3.2378,3.4172031662269133,0.20129086019315576,0.03334824063974292,1.7723887928679654
2026-07-07 06:00:00,3.2509,instrument_filtered,F3,18.0,1895.0,3.2509,3.431029023746702,0.20210527438443696,0.03361634454813296,1.8060051374160984
2026-07-07 06:10:00,3.2395,instrument_filtered,F3,18.166666666666668,1895.0,3.2395,3.4189973614775724,0.2013965475309556,0.03362515182628295,1.8396302892423813
2026-07-07 06:20:00,3.2094,instrument_filtered,F3,18.333333333333332,1895.0,3.2094,3.3872295514511874,0.19952525996167586,0.03341015062438548,1.8730404398667668
2026-07-07 06:30:00,3.1740000000000004,instrument_filtered,F3,18.5,1895.0,3.1740000000000004,3.3498680738786284,0.1973244765745495,0.03307081137801902,1.9061112512447858
2026-07-07 06:40:00,3.1449499999999997,instrument_filtered,F3,18.666666666666668,1895.0,3.1449499999999997,3.3192084432717675,0.19551846647861668,0.032736911921097414,1.9388481631658832
2026-07-07 06:50:00,3.1140499999999998,instrument_filtered,F3,18.833333333333332,1895.0,3.1140499999999998,3.2865963060686014,0.19359744369154877,0.03242632584751333,1.9712744890133964
2026-07-07 07:00:00,3.06805,instrument_filtered,F3,19.0,1895.0,3.06805,3.238047493403694,0.1907376686687292,0.03202792603002339,2.0033024150434198
2026-07-07 07:10:00,3.0186,instrument_filtered,F3,19.166666666666668,1895.0,3.0186,3.1858575197889185,0.18766341051919821,0.031533423265660845,2.0348358383090805
2026-07-07 07:20:00,2.9696499999999997,instrument_filtered,F3,19.333333333333332,1895.0,2.9696499999999997,3.13419525065963,0.18462023688078474,0.031023637283331476,2.0658594755924122
2026-07-07 07:30:00,2.9172000000000002,instrument_filtered,F3,19.5,1895.0,2.9172000000000002,3.0788390501319265,0.18135947166454813,0.030498309045444625,2.0963577846378567
2026-07-07 07:40:00,2.86395,instrument_filtered,F3,19.666666666666668,1895.0,2.86395,3.0226385224274406,0.1780489712305233,0.0299507035745895,2.1263084882124463
2026-07-07 07:50:00,2.80885,instrument_filtered,F3,19.833333333333332,1895.0,2.80885,2.964485488126649,0.17462345810536337,0.02938936911132347,2.1556978573237697
2026-07-07 08:00:00,2.7468500000000002,instrument_filtered,F3,20.0,1895.0,2.7468500000000002,2.899050131926122,0.1707689787267805,0.02878270306934553,2.1844805603931152
2026-07-07 08:10:00,2.6899499999999996,instrument_filtered,F3,20.166666666666668,1895.0,2.6899499999999996,2.8389973614775723,0.16723156136159714,0.02816671167403167,2.212647272067147
2026-07-07 08:20:00,2.64115,instrument_filtered,F3,20.333333333333332,1895.0,2.64115,2.7874934036939316,0.16419771307651904,0.02761910620317596,2.240266378270323
2026-07-07 08:30:00,2.6102499999999997,instrument_filtered,F3,20.5,1895.0,2.6102499999999997,2.7548812664907647,0.16227669028945108,0.0272062002804977,2.2674725785508207
2026-07-07 08:40:00,2.59825,instrument_filtered,F3,20.666666666666668,1895.0,2.59825,2.74221635883905,0.16153066202262858,0.026983946026006834,2.2944565245768276
2026-07-07 08:50:00,2.59,instrument_filtered,F3,20.833333333333332,1895.0,2.59,2.733509234828496,0.16101776758918815,0.026879035800984347,2.321335560377812
2026-07-07 09:00:00,2.5487,instrument_filtered,F3,21.0,1845.0,2.5487,2.762818428184282,0.16274422997821483,0.02698016646395044,2.3483157268417627
2026-07-07 09:10:00,2.4897,instrument_filtered,F3,21.166666666666668,1845.0,2.4897,2.698861788617886,0.15897685462265526,0.026810090383406034,2.3751258172251686
2026-07-07 09:20:00,2.43995,instrument_filtered,F3,21.333333333333332,1845.0,2.43995,2.6449322493224936,0.15580012709826394,0.02623141514340956,2.401357232368578
2026-07-07 09:30:00,2.4071499999999997,instrument_filtered,F3,21.5,1845.0,2.4071499999999997,2.6093766937669374,0.15370572181585113,0.025792154076176434,2.4271493864447544
2026-07-07 09:40:00,2.3894,instrument_filtered,F3,21.666666666666668,1845.0,2.3894,2.5901355013550136,0.152572316518204,0.025523169861171438,2.452672556305926
2026-07-07 09:50:00,2.3868,instrument_filtered,F3,21.833333333333332,1845.0,2.3868,2.587317073170732,0.15240629658728103,0.025414884425456724,2.478087440731383
2026-07-07 10:00:00,2.3941999999999997,instrument_filtered,F3,22.0,1845.0,2.3941999999999997,2.5953387533875336,0.15287881485221555,0.02544042595329156,2.5035278666846743
2026-07-07 10:10:00,2.407,instrument_filtered,F3,22.166666666666668,1845.0,2.407,2.6092140921409213,0.15369614374291327,0.025547913216260917,2.529075779900935
2026-07-07 10:20:00,2.42225,instrument_filtered,F3,22.333333333333332,1845.0,2.42225,2.6257452574525746,0.15466991449159606,0.02569717151954208,2.5547729514204773
2026-07-07 10:30:00,2.4361,instrument_filtered,F3,22.5,1845.0,2.4361,2.6407588075880764,0.15555428989285877,0.02585201703203809,2.5806249684525153
2026-07-07 10:40:00,2.4274,instrument_filtered,F3,22.666666666666668,1845.0,2.4274,2.631327913279133,0.15499876166246268,0.025879420962943635,2.606504389415459
2026-07-07 10:50:00,2.3979,instrument_filtered,F3,22.833333333333332,1845.0,2.3979,2.599349593495935,0.1531150739846829,0.025676152970595098,2.6321805423860543
2026-07-07 11:00:00,2.3762,instrument_filtered,F3,23.0,1845.0,2.3762,2.5758265582655824,0.151729446099672,0.025403710007029758,2.657584252393084
2026-07-07 11:10:00,2.37255,instrument_filtered,F3,23.166666666666668,1845.0,2.37255,2.571869918699187,0.151496379658184,0.025268818813154847,2.682853071206239
2026-07-07 11:20:00,2.38295,instrument_filtered,F3,23.333333333333332,1845.0,2.38295,2.5831436314363145,0.15216045938187586,0.025304736586671296,2.7081578077929103
2026-07-07 11:30:00,2.40555,instrument_filtered,F3,23.5,1845.0,2.40555,2.607642276422764,0.15360355570451392,0.025480334590532665,2.733638142383443
2026-07-07 11:40:00,2.43865,instrument_filtered,F3,23.666666666666668,1845.0,2.43865,2.6435230352303525,0.15571711713280245,0.02577672273644321,2.759414865119886
2026-07-07 11:50:00,2.47975,instrument_filtered,F3,23.833333333333332,1845.0,2.47975,2.6880758807588077,0.15834150911777697,0.026171552187547915,2.785586417307434
2026-07-07 12:00:00,2.5189500000000002,instrument_filtered,F3,24.0,1840.0,2.5189500000000002,2.7379891304347828,0.16128165650544496,0.026635263801935347,2.812221681109369
2026-07-07 12:10:00,2.5519,instrument_filtered,F3,24.166666666666668,1840.0,2.5519,2.7738043478260868,0.16339135720686992,0.02705608447602643,2.8392777655853956
2026-07-07 12:20:00,2.5065,instrument_filtered,F3,24.333333333333332,1840.0,2.5065,2.7244565217391306,0.16048451617971687,0.026989656115548516,2.866267421700944
2026-07-07 12:30:00,2.3909,instrument_filtered,F3,24.5,1840.0,2.3909,2.5988043478260865,0.15308295620749449,0.02613062269893447,2.8923980443998785
2026-07-07 12:40:00,2.2758000000000003,instrument_filtered,F3,24.666666666666668,1840.0,2.2758000000000003,2.4736956521739133,0.14571340990297213,0.024899697175872395,2.917297741575751
2026-07-07 12:50:00,2.1872,instrument_filtered,F3,24.833333333333332,1840.0,2.1872,2.377391304347826,0.14004058798654567,0.02381283315745948,2.9411105747332105
2026-07-07 13:00:00,2.14995,instrument_filtered,F3,25.0,1840.0,2.14995,2.3369021739130433,0.13765556974290133,0.02314134647745408,2.9642519212106646
2026-07-07 13:10:00,2.1791,instrument_filtered,F3,25.166666666666668,1840.0,2.1791,2.3685869565217392,0.13952196656980692,0.023098128026059185,2.9873500492367238
2026-07-07 13:20:00,2.2745499999999996,instrument_filtered,F3,25.333333333333332,1840.0,2.2745499999999996,2.472336956521739,0.1456333757337223,0.02376294519196043,3.011112994428684
2026-07-07 13:30:00,2.36545,instrument_filtered,F3,25.5,1840.0,2.36545,2.5711413043478264,0.15145346052156844,0.024757236354607737,3.0358702307832917
2026-07-07 13:40:00,2.48175,instrument_filtered,F3,25.666666666666668,1840.0,2.48175,2.697554347826087,0.15889983962857065,0.025862775012511774,3.061733005795803
2026-07-07 13:50:00,2.5856,instrument_filtered,F3,25.833333333333332,1840.0,2.5856,2.8104347826086955,0.16554907840984476,0.027037409836534233,3.0887704156323372
2026-07-07 14:00:00,2.6822,instrument_filtered,F3,26.0,1840.0,2.6822,2.9154347826086955,0.17173411900946997,0.028106933118276427,3.116877348750614
2026-07-07 14:10:00,2.7432,instrument_filtered,F3,26.166666666666668,1840.0,2.7432,2.9817391304347822,0.17563978646886064,0.028947825456527753,3.1458251742071415
2026-07-07 14:20:00,2.81465,instrument_filtered,F3,26.333333333333332,1840.0,2.81465,3.0594021739130435,0.18021453958317973,0.029654527171002944,3.1754797013781446
2026-07-07 14:30:00,2.87305,instrument_filtered,F3,26.5,1840.0,2.87305,3.122880434782609,0.18395373597053086,0.030347356296142762,3.2058270576742873
2026-07-07 14:40:00,2.92925,instrument_filtered,F3,26.666666666666668,1840.0,2.92925,3.183967391304348,0.18755207222000223,0.03095881734921131,3.236785875023499
2026-07-07 14:50:00,3.0239000000000003,instrument_filtered,F3,26.833333333333332,1840.0,3.0239000000000003,3.2868478260869565,0.19361225951559777,0.03176369431129955,3.268549569334798
2026-07-07 15:00:00,3.1332,instrument_filtered,F3,27.0,1835.0,3.1332,3.4149318801089916,0.20115706974693945,0.03289744410521167,3.3014470134400096
2026-07-07 15:10:00,3.3044000000000002,instrument_filtered,F3,27.166666666666668,1835.0,3.3044000000000002,3.601525885558583,0.21214841735981962,0.0344421239255635,3.335889137365573
2026-07-07 15:20:00,3.47695,instrument_filtered,F3,27.333333333333332,1835.0,3.47695,3.789591280653951,0.22322643739838544,0.03628123789651657,3.3721703752620895
2026-07-07 15:30:00,3.59775,instrument_filtered,F3,27.5,1835.0,3.59775,3.9212534059945505,0.23098201445233357,0.03785070432089352,3.410021079582983
2026-07-07 15:40:00,3.6643999999999997,instrument_filtered,F3,27.666666666666668,1835.0,3.6643999999999997,3.993896457765667,0.2352610642093339,0.03885358988847257,3.4488746694714556
2026-07-07 15:50:00,3.65915,instrument_filtered,F3,27.833333333333332,1835.0,3.65915,3.988174386920981,0.23492400477611183,0.039182089082119925,3.4880567585535753
2026-07-07 16:00:00,3.6258,instrument_filtered,F3,28.0,1835.0,3.6258,3.9518256130790186,0.2327828748526915,0.038975573302400555,3.5270323318559758
2026-07-07 16:10:00,3.5734500000000002,instrument_filtered,F3,28.166666666666668,1835.0,3.5734500000000002,3.8947683923705725,0.22942191078999133,0.03851706547022384,3.5655493973262
2026-07-07 16:20:00,3.54,instrument_filtered,F3,28.333333333333332,1835.0,3.54,3.8583106267029974,0.22727436068689066,0.03805802262307296,3.603607419949273
2026-07-07 16:30:00,3.53755,instrument_filtered,F3,28.5,1835.0,3.53755,3.855640326975477,0.22711706628472034,0.03786595224763452,3.6414733721969075
2026-07-07 16:40:00,3.57335,instrument_filtered,F3,28.666666666666668,1835.0,3.57335,3.894659400544959,0.2294154906103109,0.038044379741252875,3.6795177519381603
2026-07-07 16:50:00,3.6471999999999998,instrument_filtered,F3,28.833333333333332,1835.0,3.6471999999999998,3.9751498637602176,0.23415679330430156,0.03863102365955049,3.7181487755977107
2026-07-07 17:00:00,3.7696,instrument_filtered,F3,29.0,1785.0,3.7696,4.223641456582633,0.24879422749736993,0.04024591840013958,3.7583946939978503
2026-07-07 17:10:00,4.0009,instrument_filtered,F3,29.166666666666668,1785.0,4.0009,4.482801120448179,0.2640600660001664,0.042737857791461664,3.801132551789312
2026-07-07 17:20:00,4.2123,instrument_filtered,F3,29.333333333333332,1785.0,4.2123,4.719663865546218,0.2780125011903574,0.045172713932543004,3.846305265721855
2026-07-07 17:30:00,4.3987,instrument_filtered,F3,29.5,1785.0,4.3987,4.9285154061624645,0.29031493221898375,0.04736061945077876,3.893665885172634
2026-07-07 17:40:00,4.49465,instrument_filtered,F3,29.666666666666668,1785.0,4.49465,5.036022408963585,0.296647648191069,0.048913548367504736,3.9425794335401387
2026-07-07 17:50:00,4.5135,instrument_filtered,F3,29.833333333333332,1785.0,4.5135,5.057142857142857,0.2978917513288888,0.049544949959995775,3.9921243835001343
2026-07-07 18:00:00,4.4987,instrument_filtered,F3,30.0,1785.0,4.4987,5.040560224089637,0.29691494886524256,0.04956722501617796,4.041691608516312
2026-07-07 18:10:00,4.4653,instrument_filtered,F3,30.166666666666668,1785.0,4.4653,5.003137254901961,0.2947105433053921,0.04930212434755324,4.090993732863866
2026-07-07 18:20:00,4.4682,instrument_filtered,F3,30.333333333333332,1785.0,4.4682,5.00638655462185,0.2949019437881336,0.04913437392445978,4.1401281067883255
2026-07-07 18:30:00,4.492900000000001,instrument_filtered,F3,30.5,1785.0,4.492900000000001,5.03406162464986,0.2965321478997595,0.04928617430732477,4.18941428109565
2026-07-07 18:40:00,4.54355,instrument_filtered,F3,30.666666666666668,1785.0,4.54355,5.090812324929972,0.2998750563310896,0.04970060035257111,4.239114881448221
2026-07-07 18:50:00,4.63385,instrument_filtered,F3,30.833333333333332,1785.0,4.63385,5.191988795518206,0.3058348713626612,0.050475827307811846,4.289590708756033
2026-07-07 19:00:00,4.72345,instrument_filtered,F3,31.0,1785.0,4.72345,5.292380952380952,0.311748486277709,0.05146527980336455,4.341055988559398
2026-07-07 19:10:00,4.83395,instrument_filtered,F3,31.166666666666668,1785.0,4.83395,5.416190476190476,0.3190415046718249,0.0525658325791282,4.393621821138526
2026-07-07 19:20:00,4.9082,instrument_filtered,F3,31.333333333333332,1785.0,4.9082,5.499383753501401,0.3239420170316721,0.05358196014195732,4.447203781280483
2026-07-07 19:30:00,4.946,instrument_filtered,F3,31.5,1785.0,4.946,5.541736694677871,0.32643682332395796,0.054198236696302894,4.501402017976786
2026-07-07 19:40:00,4.978199999999999,instrument_filtered,F3,31.666666666666668,1785.0,4.978199999999999,5.577815126050419,0.32856202868405315,0.054583237667334646,4.555985255644121
2026-07-07 19:50:00,5.0302500000000006,instrument_filtered,F3,31.833333333333332,1785.0,5.0302500000000006,5.636134453781514,0.331997337348431,0.05504661383603957,4.61103186948016
2026-07-07 20:00:00,5.1309000000000005,instrument_filtered,F3,32.0,1785.0,5.1309000000000005,5.74890756302521,0.33864025410289034,0.05588646595427718,4.6669183354344375
2026-07-07 20:10:00,5.2957,instrument_filtered,F3,32.166666666666664,1785.0,5.2957,5.933557422969187,0.3495170815359247,0.05734644463656711,4.724264780071005
2026-07-07 20:20:00,5.4775,instrument_filtered,F3,32.333333333333336,1785.0,5.4775,6.137254901960785,0.3615159117988232,0.05925274944456401,4.783517529515569
2026-07-07 20:30:00,5.6658,instrument_filtered,F3,32.5,1785.0,5.6658,6.348235294117647,0.37394374314372847,0.061288304578545096,4.844805834094114
2026-07-07 20:40:00,5.8553999999999995,instrument_filtered,F3,32.666666666666664,1785.0,5.8553999999999995,6.560672268907562,0.38645737470503494,0.06336675982072938,4.908172593914843
2026-07-07 20:50:00,6.0018,instrument_filtered,F3,32.833333333333336,1785.0,6.0018,6.724705882352941,0.3961197990751579,0.06521476448168459,4.973387358396527
2026-07-07 21:00:00,6.123,instrument_filtered,F3,33.0,1785.0,6.123,6.860504201680672,0.40411901925042343,0.0666865681937975,5.040073926590325
2026-07-07 21:10:00,6.2438,instrument_filtered,F3,33.166666666666664,1785.0,6.2438,6.9958543417366945,0.412091839359104,0.06801757155079298,5.108091498141118
2026-07-07 21:20:00,6.3277,instrument_filtered,F3,33.333333333333336,1785.0,6.3277,7.089859943977591,0.41762925332531503,0.06914342439037022,5.177234922531488
2026-07-07 21:30:00,6.4354,instrument_filtered,F3,33.5,1785.0,6.4354,7.210532212885154,0.4247374712533357,0.0701972270482199,5.247432149579708
2026-07-07 21:40:00,6.57415,instrument_filtered,F3,33.666666666666664,1785.0,6.57415,7.3659943977591045,0.4338949943500198,0.07155270546694527,5.3189848550466525
2026-07-07 21:50:00,6.7730999999999995,instrument_filtered,F3,33.833333333333336,1785.0,6.7730999999999995,7.588907563025209,0.44702572746775154,0.07341006015148303,5.392394915198135
2026-07-07 22:00:00,7.027900000000001,instrument_filtered,F3,34.0,1785.0,7.027900000000001,7.874397759103642,0.46384256988241895,0.07590569144584647,5.468300606643982
2026-07-07 22:10:00,7.288349999999999,instrument_filtered,F3,34.166666666666664,1785.0,7.288349999999999,8.166218487394957,0.4810323132375997,0.07873957359333376,5.547040180237316
2026-07-07 22:20:00,7.4808,instrument_filtered,F3,34.333333333333336,1785.0,7.4808,8.381848739495798,0.4937340452733247,0.08123052987591267,5.628270710113228
2026-07-07 22:30:00,7.6388,instrument_filtered,F3,34.5,1785.0,7.6388,8.558879551820729,0.5041620715744136,0.08315800973731034,5.711428719850539
2026-07-07 22:40:00,7.80555,instrument_filtered,F3,34.666666666666664,1785.0,7.80555,8.745714285714286,0.5151675993320501,0.08494413924220409,5.796372859092743
2026-07-07 22:50:00,7.9189,instrument_filtered,F3,34.833333333333336,1785.0,7.9189,8.872717086834733,0.5226487182005842,0.08648469312772197,5.8828575522204645
2026-07-07 23:00:00,8.0581,instrument_filtered,F3,35.0,1785.0,8.0581,9.028683473389355,0.5318359413721765,0.08787372163106215,5.970731273851527
2026-07-07 23:10:00,8.184899999999999,instrument_filtered,F3,35.166666666666664,1785.0,8.184899999999999,9.170756302521006,0.5402047624796326,0.08933672532098283,6.06006799917251
2026-07-07 23:20:00,8.381499999999999,instrument_filtered,F3,35.333333333333336,1785.0,8.381499999999999,9.391036414565825,0.5531803952061772,0.09111542980715341,6.151183428979664
2026-07-07 23:30:00,8.60435,instrument_filtered,F3,35.5,1785.0,8.60435,9.640728291316528,0.5678885323023651,0.09342241062571054,6.2446058396053745
2026-07-07 23:40:00,8.8431,instrument_filtered,F3,35.666666666666664,1785.0,8.8431,9.908235294117647,0.5836460720453077,0.09596121702897137,6.340567056634346
2026-07-07 23:50:00,9.06805,instrument_filtered,F3,35.833333333333336,1785.0,9.06805,10.160280112044816,0.5984928094910668,0.09851157346136734,6.439078630095714
2026-07-08 00:00:00,9.2538,instrument_filtered,F3,36.0,1785.0,9.2538,10.368403361344537,0.6107523404114924,0.10077042915854516,6.539849059254259
2026-07-08 00:10:00,9.45505,instrument_filtered,F3,36.166666666666664,1785.0,9.45505,10.593893557422968,0.6240348739120881,0.10289893452696358,6.642747993781223
2026-07-08 00:20:00,9.622250000000001,instrument_filtered,F3,36.333333333333336,1785.0,9.622250000000001,10.781232492997201,0.6350701017446331,0.10492541463806308,6.747673408419286
2026-07-08 00:30:00,9.81375,instrument_filtered,F3,36.5,1785.0,9.81375,10.995798319327731,0.6477091336222184,0.10689826961390277,6.854571678033189
2026-07-08 00:40:00,10.01585,instrument_filtered,F3,36.666666666666664,1785.0,10.01585,11.222240896358544,0.6610477672643073,0.10906307507387558,6.963634753107065
2026-07-08 00:50:00,10.2466,instrument_filtered,F3,36.833333333333336,1785.0,10.2466,11.48078431372549,0.6762773056755493,0.11144375607832456,7.075078509185389
2026-07-08 01:00:00,10.43985,instrument_filtered,F3,37.0,1785.0,10.43985,11.697310924369749,0.6890318378444443,0.11377576195999785,7.188854271145387
2026-07-08 01:10:00,10.5747,instrument_filtered,F3,37.166666666666664,1785.0,10.5747,11.84840336134454,0.6979319602919244,0.11558031651136241,7.30443458765675
2026-07-08 01:20:00,10.75765,instrument_filtered,F3,37.333333333333336,1785.0,10.75765,12.053389355742297,0.7100066907462547,0.1173282209198516,7.421762808576601
2026-07-08 01:30:00,10.924949999999999,instrument_filtered,F3,37.5,1785.0,10.924949999999999,12.240840336134452,0.7210485185954455,0.11925460077847332,7.541017409355074
2026-07-08 01:40:00,11.112649999999999,instrument_filtered,F3,37.666666666666664,1785.0,11.112649999999999,12.45114845938375,0.7334367498404731,0.1212071057029915,7.662224515058066
2026-07-08 01:50:00,11.1988,instrument_filtered,F3,37.833333333333336,1785.0,11.1988,12.547675070028012,0.7391226641812252,0.12271328450181167,7.784937799559877
2026-07-08 02:00:00,11.2273,instrument_filtered,F3,38.0,1785.0,11.2273,12.579607843137254,0.7410036689254089,0.12334386109221776,7.908281660652095
2026-07-08 02:10:00,11.2423,instrument_filtered,F3,38.166666666666664,1785.0,11.2423,12.59641456582633,0.7419936714223477,0.12358311169564463,8.03186477234774
2026-07-08 02:20:00,11.258849999999999,instrument_filtered,F3,38.333333333333336,1785.0,11.258849999999999,12.614957983193277,0.7430859741773035,0.1237566371333078,8.155621409481048
2026-07-08 02:30:00,11.3581,instrument_filtered,F3,38.5,1785.0,11.3581,12.726162464985995,0.7496364906987154,0.12439353873966648,8.280014948220714
2026-07-08 02:40:00,11.487300000000001,instrument_filtered,F3,38.666666666666664,1785.0,11.487300000000001,12.8709243697479,0.7581637122056817,0.12565001690869798,8.405664965129413
2026-07-08 02:50:00,11.660599999999999,instrument_filtered,F3,38.833333333333336,1785.0,11.660599999999999,13.065098039215684,0.769601541053648,0.12731377110494774,8.53297873623436
2026-07-08 03:00:00,11.8324,instrument_filtered,F3,39.0,1785.0,11.8324,13.257591036414565,0.7809403696519206,0.1292118258921289,8.66219056212649
2026-07-08 03:10:00,11.98855,instrument_filtered,F3,39.166666666666664,1785.0,11.98855,13.432549019607842,0.7912462956450537,0.13101555544141266,8.793206117567903
2026-07-08 03:20:00,12.18275,instrument_filtered,F3,39.333333333333336,1785.0,12.18275,13.650140056022408,0.8040635279720882,0.13294248530143227,8.926148602869336
2026-07-08 03:30:00,12.3142,instrument_filtered,F3,39.5,1785.0,12.3142,13.797422969187673,0.8127392498535952,0.13473356481880505,9.060882167688142
2026-07-08 03:40:00,12.45955,instrument_filtered,F3,39.666666666666664,1785.0,12.45955,13.960280112044817,0.8223323740489323,0.13625596865854203,9.197138136346684
2026-07-08 03:50:00,12.553550000000001,instrument_filtered,F3,39.833333333333336,1785.0,12.553550000000001,14.065602240896359,0.8285363896964155,0.1375723969787829,9.334710533325467
2026-07-08 04:00:00,12.65165,instrument_filtered,F3,40.0,1785.0,12.65165,14.175518207282913,0.8350110060263954,0.1386289496435656,9.473339482969033
2026-07-08 04:10:00,12.86985,instrument_filtered,F3,40.166666666666664,1785.0,12.86985,14.42,0.8494122423485322,0.14036860403124196,9.613708087000274
2026-07-08 04:20:00,13.157599999999999,instrument_filtered,F3,40.333333333333336,1785.0,13.157599999999999,14.742408963585433,0.8684037902481415,0.14315133604972688,9.75685942305
2026-07-08 04:30:00,13.427900000000001,instrument_filtered,F3,40.5,1785.0,13.427900000000001,15.045266106442579,0.8862436352429792,0.14622061879092466,9.903080041840925
2026-07-08 04:40:00,13.662949999999999,instrument_filtered,F3,40.666666666666664,1785.0,13.662949999999999,15.30862745098039,0.9017569743700101,0.1490000508010803,10.052080092642004
2026-07-08 04:50:00,13.8502,instrument_filtered,F3,40.833333333333336,1785.0,13.8502,15.518431372549019,0.9141155055401297,0.15132270665918263,10.203402799301188
2026-07-08 05:00:00,13.9859,instrument_filtered,F3,41.0,1785.0,13.9859,15.670476190476192,0.923071728129103,0.15309893613910053,10.356501735440288
2026-07-08 05:10:00,14.1079,instrument_filtered,F3,41.166666666666664,1785.0,14.1079,15.80717086834734,0.9311237484375386,0.1545162897138846,10.511018025154172
2026-07-08 05:20:00,14.2716,instrument_filtered,F3,41.333333333333336,1785.0,14.2716,15.990588235294116,0.941927975687464,0.156087643677088,10.66710566883126
2026-07-08 05:30:00,14.45385,instrument_filtered,F3,41.5,1785.0,14.45385,16.194789915966386,0.9539565060252706,0.157990373476059,10.825096042307319
2026-07-08 05:40:00,14.6014,instrument_filtered,F3,41.666666666666664,1785.0,14.6014,16.360112044817928,0.9636948305868256,0.15980427805100575,10.984900320358324
2026-07-08 05:50:00,14.6952,instrument_filtered,F3,41.833333333333336,1785.0,14.6952,16.465210084033615,0.9698856462010162,0.16113170639899138,11.146032026757316
2026-07-08 06:00:00,14.73695,instrument_filtered,F3,42.0,1785.0,14.73695,16.511988795518207,0.9726411531508291,0.16187723327931813,11.307909260036634
2026-07-08 06:10:00,14.7441,instrument_filtered,F3,42.166666666666664,1785.0,14.7441,16.52,0.9731130543410368,0.16214618395765318,11.470055443994287
2026-07-08 06:20:00,14.719349999999999,instrument_filtered,F3,42.333333333333336,1785.0,14.719349999999999,16.492268907563023,0.9714795502210877,0.162049383713515,11.632104827707803
2026-07-08 06:30:00,14.69005,instrument_filtered,F3,42.5,1785.0,14.69005,16.459439775910365,0.969545745343734,0.16175210796373285,11.793856935671535
2026-07-08 06:40:00,14.67325,instrument_filtered,F3,42.666666666666664,1785.0,14.67325,16.4406162464986,0.9684369425471625,0.1614985573242391,11.955355492995773
2026-07-08 06:50:00,14.638549999999999,instrument_filtered,F3,42.833333333333336,1785.0,14.638549999999999,16.40173669467787,0.9661467367709105,0.16121530660984398,12.116570799605617
2026-07-08 07:00:00,14.571950000000001,instrument_filtered,F3,43.0,1785.0,14.571950000000001,16.327114845938375,0.9617511256845024,0.16065815520461546,12.277228954810232
2026-07-08 07:10:00,14.520050000000001,instrument_filtered,F3,43.166666666666664,1785.0,14.520050000000001,16.268963585434175,0.9583257170450943,0.16000640356079746,12.43723535837103
2026-07-08 07:20:00,14.525849999999998,instrument_filtered,F3,43.333333333333336,1785.0,14.525849999999998,16.27546218487395,0.9587085180105768,0.15975285292131047,12.59698821129234
2026-07-08 07:30:00,14.5899,instrument_filtered,F3,43.5,1785.0,14.5899,16.347226890756303,0.9629358286725057,0.16013702889025458,12.757125240182594
2026-07-08 07:40:00,14.667300000000001,instrument_filtered,F3,43.666666666666664,1785.0,14.667300000000001,16.433949579831935,0.9680442415567101,0.16091500585243235,12.918040246035027
2026-07-08 07:50:00,14.7149,instrument_filtered,F3,43.833333333333336,1785.0,14.7149,16.487282913165267,0.9711858494803292,0.16160250758642453,13.079642753621451
2026-07-08 08:00:00,14.725999999999999,instrument_filtered,F3,44.0,1785.0,14.725999999999999,16.49971988795518,0.9719184513280639,0.1619253584006971,13.241568112022149
2026-07-08 08:10:00,14.7004,instrument_filtered,F3,44.166666666666664,1785.0,14.7004,16.471036414565827,0.9702288470666218,0.16184560819955485,13.403413720221703
2026-07-08 08:20:00,14.605599999999999,instrument_filtered,F3,44.333333333333336,1785.0,14.605599999999999,16.36481792717087,0.9639720312859684,0.16118340652938712,13.56459712675109
2026-07-08 08:30:00,14.4292,instrument_filtered,F3,44.5,1785.0,14.4292,16.167170868347338,0.9523296019219678,0.15969180276732575,13.724288929518416
2026-07-08 08:40:00,14.2173,instrument_filtered,F3,44.666666666666664,1785.0,14.2173,15.929747899159663,0.9383441666485456,0.1575561473808739,13.881845076899289
2026-07-08 08:50:00,14.062899999999999,instrument_filtered,F3,44.833333333333336,1785.0,14.062899999999999,15.756750700280111,0.9281537409467221,0.15554149229961006,14.0373865691989
2026-07-08 09:00:00,14.02065,instrument_filtered,F3,45.0,1735.0,14.02065,16.1621325648415,0.9520328199054264,0.15668221340434346,14.194068782603242
2026-07-08 09:10:00,13.9403,instrument_filtered,F3,45.166666666666664,1735.0,13.9403,16.06951008645533,0.9465768790553659,0.1582174749133971,14.352286257516639
2026-07-08 09:20:00,13.759450000000001,instrument_filtered,F3,45.333333333333336,1735.0,13.759450000000001,15.861037463976945,0.9342967682559454,0.15673947060928042,14.50902572812592
2026-07-08 09:30:00,13.5275,instrument_filtered,F3,45.5,1735.0,13.5275,15.593659942363113,0.9185468556215766,0.15440363532312465,14.663429363449044
2026-07-08 09:40:00,13.3279,instrument_filtered,F3,45.666666666666664,1735.0,13.3279,15.3635734870317,0.9049935787868274,0.15196170286736482,14.815391066316408
2026-07-08 09:50:00,13.2253,instrument_filtered,F3,45.833333333333336,1735.0,13.2253,15.245302593659943,0.8980268142415107,0.15025169941903244,14.96564276573544
2026-07-08 10:00:00,13.1578,instrument_filtered,F3,46.0,1735.0,13.1578,15.167492795389048,0.8934434165143285,0.14928918589631782,15.114931951631759
2026-07-08 10:10:00,13.09305,instrument_filtered,F3,46.166666666666664,1735.0,13.09305,15.092853025936598,0.8890467498056612,0.14854084719333036,15.26347279882509
2026-07-08 10:20:00,13.02435,instrument_filtered,F3,46.333333333333336,1735.0,13.02435,15.013659942363113,0.884381869452218,0.14778571827149414,15.411258517096584
2026-07-08 10:30:00,12.9795,instrument_filtered,F3,46.5,1735.0,12.9795,14.961959654178674,0.8813364562957124,0.14714319381232546,15.55840171090891
2026-07-08 10:40:00,12.989450000000001,instrument_filtered,F3,46.666666666666664,1735.0,12.989450000000001,14.973429394812682,0.8820120830717936,0.14694571161395673,15.705347422522866
2026-07-08 10:50:00,13.040600000000001,instrument_filtered,F3,46.833333333333336,1735.0,13.040600000000001,15.032391930835738,0.8854852800161694,0.1472914469240011,15.852638869446867
2026-07-08 11:00:00,12.96715,instrument_filtered,F3,47.0,1735.0,12.96715,14.947723342939481,0.8804978642671096,0.1471652620236045,15.999804131470471
2026-07-08 11:10:00,12.75025,instrument_filtered,F3,47.166666666666664,1735.0,12.75025,14.697694524495677,0.8657698795704311,0.14552231198645965,16.14532644345693
2026-07-08 11:20:00,12.372250000000001,instrument_filtered,F3,47.333333333333336,1735.0,12.372250000000001,14.261959654178677,0.8401028522982112,0.1421560609890576,16.28748250444599
2026-07-08 11:30:00,11.94465,instrument_filtered,F3,47.5,1735.0,11.94465,13.769048991354467,0.811067876473869,0.13759756073100474,16.425080065176996
2026-07-08 11:40:00,11.61015,instrument_filtered,F3,47.666666666666664,1735.0,11.61015,13.383458213256485,0.7883545944036109,0.13328520590645476,16.55836527108345
2026-07-08 11:50:00,11.36175,instrument_filtered,F3,47.833333333333336,1735.0,11.36175,13.097118155619597,0.7714876907675806,0.129986857097603,16.68835212818105
2026-07-08 12:00:00,11.253499999999999,instrument_filtered,F3,48.0,1735.0,11.253499999999999,12.972334293948125,0.7641372788569513,0.12796874746870918,16.81632087564976
2026-07-08 12:10:00,11.3067,instrument_filtered,F3,48.166666666666664,1735.0,11.3067,13.03365994236311,0.7677496752878564,0.12765724617873217,16.943978121828493
2026-07-08 12:20:00,11.41815,instrument_filtered,F3,48.333333333333336,1735.0,11.41815,13.1621325648415,0.7753173742018483,0.12858892079081238,17.072567042619305
2026-07-08 12:30:00,11.5328,instrument_filtered,F3,48.5,1735.0,11.5328,13.2942939481268,0.7831023601192026,0.12986831119341907,17.202435353812724
2026-07-08 12:40:00,11.574449999999999,instrument_filtered,F3,48.666666666666664,1735.0,11.574449999999999,13.342305475504322,0.7859304862723456,0.13075273719929384,17.33318809101202
2026-07-08 12:50:00,11.68995,instrument_filtered,F3,48.833333333333336,1735.0,11.68995,13.47544668587896,0.7937731890499684,0.1316419729435299,17.46483006395555
2026-07-08 13:00:00,12.0536,instrument_filtered,F3,49.0,1735.0,12.0536,13.894639769452448,0.8184658199164836,0.13435325074720242,17.599183314702753
2026-07-08 13:10:00,12.4932,instrument_filtered,F3,49.166666666666664,1735.0,12.4932,14.401383285302595,0.848315622003436,0.13889845349332466,17.73808176819608
2026-07-08 13:20:00,13.0667,instrument_filtered,F3,49.333333333333336,1735.0,13.0667,15.062478386167149,0.8872575271373465,0.14463109576173597,17.882712863957813
2026-07-08 13:30:00,13.7836,instrument_filtered,F3,49.5,1735.0,13.7836,15.888876080691643,0.9359366061094483,0.15193284443723076,18.034645708395043
2026-07-08 13:40:00,14.593350000000001,instrument_filtered,F3,49.666666666666664,1735.0,14.593350000000001,16.822305475504322,0.9909204032884962,0.16057141744982642,18.19521712584487
2026-07-08 13:50:00,15.3756,instrument_filtered,F3,49.833333333333336,1735.0,15.3756,17.724034582132564,1.044036890282396,0.16957977446424585,18.364796900309116
2026-07-08 14:00:00,15.9953,instrument_filtered,F3,50.0,1735.0,15.9953,18.438386167146977,1.0861158765273558,0.17751273056747677,18.54230963087659
2026-07-08 14:10:00,16.3594,instrument_filtered,F3,50.166666666666664,1735.0,16.3594,18.858097982708934,1.1108390633787186,0.18307957832550362,18.725389209202095
2026-07-08 14:20:00,16.1917,instrument_filtered,F3,50.333333333333336,1735.0,16.1917,18.66478386167147,1.099451866358742,0.1841909108114603,18.909580120013555
2026-07-08 14:30:00,15.50245,instrument_filtered,F3,50.5,1730.0,15.50245,17.921907514450865,1.0556926247581633,0.17959537425973957,19.089175494273295
2026-07-08 14:40:00,14.8153,instrument_filtered,F3,50.666666666666664,1730.0,14.8153,17.127514450867054,1.0088987833264822,0.17204928400705133,19.261224778280347
2026-07-08 14:50:00,14.3082,instrument_filtered,F3,50.833333333333336,1730.0,14.3082,16.54127167630058,0.9743660655938098,0.16527207074336236,19.42649684902371
2026-07-08 15:00:00,13.6878,instrument_filtered,F3,51.0,1730.0,13.6878,15.824046242774566,0.9321177948753127,0.15887365503909126,19.5853705040628
2026-07-08 15:10:00,13.01145,instrument_filtered,F3,51.166666666666664,1730.0,13.01145,15.0421387283237,0.8860594165702588,0.15151476762046212,19.736885271683263
2026-07-08 15:20:00,12.47505,instrument_filtered,F3,51.333333333333336,1730.0,12.47505,14.422023121387282,0.8495314146144207,0.14463256926539406,19.881517840948657
2026-07-08 15:30:00,12.18365,instrument_filtered,F3,51.5,1730.0,12.18365,14.08514450867052,0.8296875298830055,0.1399349120414502,20.021452752990108
2026-07-08 15:40:00,12.171399999999998,instrument_filtered,F3,51.666666666666664,1730.0,12.171399999999998,14.070982658959535,0.8288533240217842,0.1382117378253972,20.159664490815505
2026-07-08 15:50:00,12.404,instrument_filtered,F3,51.833333333333336,1730.0,12.404,14.339884393063583,0.8446930206193382,0.13946219538676416,20.299126686202268
2026-07-08 16:00:00,12.79485,instrument_filtered,F3,52.0,1680.0,12.79485,15.231964285714286,0.8972411192303279,0.14516117832080344,20.444287864523073
2026-07-08 16:10:00,13.90045,instrument_filtered,F3,52.166666666666664,1680.0,13.90045,16.54815476190476,0.9747715147739294,0.1560010528336859,20.60028891735676
2026-07-08 16:20:00,16.37225,instrument_filtered,F3,52.333333333333336,1680.0,16.37225,19.490773809523812,1.1481069269525426,0.17690653681054436,20.777195454167305
2026-07-08 16:30:00,19.2172,instrument_filtered,F3,52.5,1680.0,19.2172,22.877619047619046,1.3476095488788893,0.2079763729859497,20.985171827153255
2026-07-08 16:40:00,21.54995,instrument_filtered,F3,52.666666666666664,1680.0,21.54995,25.654702380952383,1.5111940552142156,0.23823363367442202,21.223405460827678
2026-07-08 16:50:00,23.0179,instrument_filtered,F3,52.833333333333336,1680.0,23.0179,27.402261904761907,1.614134308595393,0.2604440303174748,21.483849491145154
2026-07-08 17:00:00,23.5859,instrument_filtered,F3,53.0,1680.0,23.5859,28.078452380952378,1.6539654090555642,0.2723416431375759,21.75619113428273
2026-07-08 17:10:00,23.316699999999997,instrument_filtered,F3,53.166666666666664,1680.0,23.316699999999997,27.757976190476185,1.6350877114431028,0.2740877600415517,22.030278894324283
2026-07-08 17:20:00,22.59485,instrument_filtered,F3,53.333333333333336,1680.0,22.59485,26.898630952380955,1.5844678525220206,0.2682962969971012,22.298575191321383
2026-07-08 17:30:00,21.73525,instrument_filtered,F3,53.5,1680.0,21.73525,25.87529761904762,1.5241882504875777,0.2590546752507962,22.557629866572178
2026-07-08 17:40:00,20.9291,instrument_filtered,F3,53.666666666666664,1680.0,20.9291,24.915595238095236,1.4676568391566491,0.24932042413701536,22.806950290709192
2026-07-08 17:50:00,20.24875,instrument_filtered,F3,53.833333333333336,1680.0,20.24875,24.105654761904763,1.4199471750755268,0.24063366785268817,23.04758395856188
2026-07-08 18:00:00,19.8124,instrument_filtered,F3,54.0,1680.0,19.8124,23.586190476190477,1.3893480541498295,0.2341079357687764,23.281691894330656
2026-07-08 18:10:00,19.60855,instrument_filtered,F3,54.166666666666664,1680.0,19.60855,23.343511904761904,1.3750530368455938,0.23036675758294864,23.512058651913605
2026-07-08 18:20:00,19.5006,instrument_filtered,F3,54.333333333333336,1680.0,19.5006,23.215,1.3674830240028553,0.22854467173737728,23.740603323650983
2026-07-08 18:30:00,19.54195,instrument_filtered,F3,54.5,1680.0,19.54195,23.26422619047619,1.370382700066285,0.22815547700575842,23.96875880065674
2026-07-08 18:40:00,19.664050000000003,instrument_filtered,F3,54.666666666666664,1680.0,19.664050000000003,23.409583333333337,1.3789449841616848,0.22911064035232753,24.19786944100907
2026-07-08 18:50:00,19.79695,instrument_filtered,F3,54.833333333333336,1680.0,19.79695,23.56779761904762,1.3882646201672424,0.23060080036075048,24.42847024136982
2026-07-08 19:00:00,19.92125,instrument_filtered,F3,55.0,1680.0,19.92125,23.71577380952381,1.3969811796517482,0.23210381665157923,24.6605740580214
2026-07-08 19:10:00,19.948500000000003,instrument_filtered,F3,55.166666666666664,1680.0,19.948500000000003,23.74821428571429,1.3988920907213604,0.23298943919775575,24.893563497219155
2026-07-08 19:20:00,19.91905,instrument_filtered,F3,55.333333333333336,1680.0,19.91905,23.71315476190476,1.3968269042626418,0.23297658291534015,25.126540080134497
2026-07-08 19:30:00,19.8981,instrument_filtered,F3,55.5,1680.0,19.8981,23.688214285714285,1.3953577818072884,0.2326820571724909,25.359222137306986
2026-07-08 19:40:00,19.8888,instrument_filtered,F3,55.666666666666664,1680.0,19.8888,23.677142857142858,1.3947056176624302,0.2325052832891399,25.591727420596126
2026-07-08 19:50:00,19.85955,instrument_filtered,F3,55.833333333333336,1680.0,19.85955,23.642321428571428,1.392654456239085,0.2322800061584662,25.82400742675459
2026-07-08 20:00:00,19.88525,instrument_filtered,F3,56.0,1680.0,19.88525,23.672916666666666,1.3944566732845542,0.2322592607936333,26.056266687548224
2026-07-08 20:10:00,19.93515,instrument_filtered,F3,56.166666666666664,1680.0,19.93515,23.73232142857143,1.3979559196101925,0.23270104940789227,26.288967736956117
2026-07-08 20:20:00,19.87885,instrument_filtered,F3,56.333333333333336,1680.0,19.87885,23.665297619047617,1.3940078721526084,0.23266364931357336,26.52163138626969
2026-07-08 20:30:00,19.84055,instrument_filtered,F3,56.5,1680.0,19.84055,23.61970238095238,1.3913220778786215,0.23211082916926584,26.753742215438955
2026-07-08 20:40:00,19.8363,instrument_filtered,F3,56.666666666666664,1680.0,19.8363,23.61464285714286,1.3910240458769394,0.23186217697962677,26.98560439241858
2026-07-08 20:50:00,19.8186,instrument_filtered,F3,56.833333333333336,1680.0,19.8186,23.593571428571426,1.389782830246402,0.23173390634361835,27.217338298762197
2026-07-08 21:00:00,19.8629,instrument_filtered,F3,57.0,1680.0,19.8629,23.646309523809524,1.3928893755815879,0.23188935048566253,27.44922764924786
2026-07-08 21:10:00,19.928600000000003,instrument_filtered,F3,57.166666666666664,1680.0,19.928600000000003,23.724523809523813,1.397496599701717,0.23253216460693876,27.6817598138548
2026-07-08 21:20:00,19.87435,instrument_filtered,F3,57.333333333333336,1680.0,19.87435,23.659940476190474,1.393692308856709,0.23259907571320876,27.91435888956801
2026-07-08 21:30:00,19.833350000000003,instrument_filtered,F3,57.5,1680.0,19.833350000000003,23.611130952380954,1.390817176605183,0.23204245712182103,28.14640134668983
2026-07-08 21:40:00,19.71595,instrument_filtered,F3,57.666666666666664,1680.0,19.71595,23.47136904761905,1.3825844808410557,0.23111680478718327,28.377518151477016
2026-07-08 21:50:00,19.59685,instrument_filtered,F3,57.833333333333336,1680.0,19.59685,23.329583333333332,1.3742325722762556,0.22973475442644914,28.607252905903465
2026-07-08 22:00:00,19.5516,instrument_filtered,F3,58.0,1680.0,19.5516,23.275714285714287,1.371059408023047,0.2287743316916053,28.83602723759507
2026-07-08 22:10:00,19.48935,instrument_filtered,F3,58.166666666666664,1680.0,19.48935,23.201607142857146,1.3666941157631072,0.22814612698217626,29.064173364577243
2026-07-08 22:20:00,19.40335,instrument_filtered,F3,58.333333333333336,1680.0,19.40335,23.099226190476188,1.360663350552588,0.2272797888596477,29.29145315343689
2026-07-08 22:30:00,19.36855,instrument_filtered,F3,58.5,1680.0,19.36855,23.05779761904762,1.358222994397634,0.22657386207918195,29.518027015516072
2026-07-08 22:40:00,19.31125,instrument_filtered,F3,58.666666666666664,1680.0,19.31125,22.989583333333332,1.3542048217631837,0.22603565134673162,29.744062666862803
2026-07-08 22:50:00,19.22385,instrument_filtered,F3,58.833333333333336,1680.0,19.22385,22.885535714285712,1.3480758813050515,0.225190058589026,29.969252725451828
2026-07-08 23:00:00,19.15985,instrument_filtered,F3,59.0,1680.0,19.15985,22.809345238095236,1.3435878699855954,0.2243053126075507,30.19355803805938
2026-07-08 23:10:00,19.09905,instrument_filtered,F3,59.166666666666664,1680.0,19.09905,22.736964285714286,1.3393242592321124,0.22357601076813913,30.417134048827517
2026-07-08 23:20:00,19.10505,instrument_filtered,F3,59.333333333333336,1680.0,19.10505,22.744107142857143,1.3397450102933115,0.22325577246045833,30.640389821287975
2026-07-08 23:30:00,19.0957,instrument_filtered,F3,59.5,1680.0,19.0957,22.73297619047619,1.3390893398896098,0.22323619584857357,30.86362601713655
2026-07-08 23:40:00,19.0278,instrument_filtered,F3,59.666666666666664,1680.0,19.0278,22.652142857142856,1.3343278403803744,0.22278476502249553,31.086410782159046
2026-07-08 23:50:00,18.9351,instrument_filtered,F3,59.833333333333336,1680.0,18.9351,22.541785714285712,1.3278272364848498,0.22184625640544167,31.308257038564488
2026-07-09 00:00:00,18.87695,instrument_filtered,F3,60.0,1680.0,18.87695,22.472559523809526,1.323749457450063,0.2209647244945729,31.52922176305906
2026-07-09 00:10:00,18.771349999999998,instrument_filtered,F3,60.166666666666664,1680.0,18.771349999999998,22.346845238095238,1.3163442387729607,0.22000780801858216,31.74922957107764
2026-07-09 00:20:00,18.691699999999997,instrument_filtered,F3,60.333333333333336,1680.0,18.691699999999997,22.252023809523806,1.3107587684355437,0.21892525060071494,31.968154821678358
2026-07-09 00:30:00,18.6993,instrument_filtered,F3,60.5,1680.0,18.6993,22.261071428571427,1.3112917197797291,0.21850420735126963,32.18665902902963
2026-07-09 00:40:00,18.6548,instrument_filtered,F3,60.666666666666664,1680.0,18.6548,22.208095238095243,1.3081711494091703,0.21828857243240518,32.404947601462034
2026-07-09 00:50:00,18.637050000000002,instrument_filtered,F3,60.833333333333336,1680.0,18.637050000000002,22.18696428571429,1.30692642751979,0.21792479807741955,32.62287239953945
2026-07-09 01:00:00,18.62705,instrument_filtered,F3,61.0,1680.0,18.62705,22.175059523809523,1.3062251757511247,0.21776263360590647,32.84063503314536
2026-07-09 01:10:00,18.631050000000002,instrument_filtered,F3,61.166666666666664,1680.0,18.631050000000002,22.179821428571433,1.3065056764585912,0.21772757101747325,33.05836260416283
2026-07-09 01:20:00,18.7027,instrument_filtered,F3,61.333333333333336,1680.0,18.7027,22.26511904761905,1.3115301453810755,0.2181696518199784,33.27653225598281
2026-07-09 01:30:00,18.739449999999998,instrument_filtered,F3,61.5,1680.0,18.739449999999998,22.308869047619044,1.314107245630919,0.2188031159176631,33.495335371900474
2026-07-09 01:40:00,18.7936,instrument_filtered,F3,61.666666666666664,1680.0,18.7936,22.373333333333335,1.3179045239582403,0.21933431413242682,33.7146696860329
2026-07-09 01:50:00,18.851950000000002,instrument_filtered,F3,61.833333333333336,1680.0,18.851950000000002,22.44279761904762,1.3219963280284006,0.21999173766555968,33.93466142369846
2026-07-09 02:00:00,18.818350000000002,instrument_filtered,F3,62.0,1680.0,18.818350000000002,22.40279761904762,1.3196401220856862,0.2201363708428374,34.154797794541295
2026-07-09 02:10:00,18.71085,instrument_filtered,F3,62.166666666666664,1680.0,18.71085,22.274821428571432,1.3121016655725375,0.2193118156381822,34.37410961017948
2026-07-09 02:20:00,18.470599999999997,instrument_filtered,F3,62.333333333333336,1680.0,18.470599999999997,21.988809523809522,1.2952540918303608,0.2172796464502477,34.59138925662973
2026-07-09 02:30:00,18.22405,instrument_filtered,F3,62.5,1680.0,18.22405,21.69529761904762,1.2779647294739256,0.21443490177535418,34.80582415840509
2026-07-09 02:40:00,18.1334,instrument_filtered,F3,62.666666666666664,1680.0,18.1334,21.587380952380954,1.2716078821909775,0.21246438430540557,35.01828854271049
2026-07-09 02:50:00,18.0786,instrument_filtered,F3,62.833333333333336,1680.0,18.0786,21.52214285714286,1.2677650224986934,0.21161440872414525,35.22990295143464
2026-07-09 03:00:00,18.07345,instrument_filtered,F3,63.0,1680.0,18.07345,21.516011904761907,1.267403877837831,0.21126407502804068,35.44116702646268
2026-07-09 03:10:00,18.1223,instrument_filtered,F3,63.166666666666664,1680.0,18.1223,21.574166666666667,1.2708294927277592,0.2115194475471295,35.65268647400981
2026-07-09 03:20:00,18.15315,instrument_filtered,F3,63.333333333333336,1680.0,18.15315,21.610892857142858,1.2729928544340907,0.21198519559682685,35.864671669606636
2026-07-09 03:30:00,18.12715,instrument_filtered,F3,63.5,1680.0,18.12715,21.57994047619048,1.271169599835562,0.2120135378558014,36.07668520746244
2026-07-09 03:40:00,18.09315,instrument_filtered,F3,63.666666666666664,1680.0,18.09315,21.53946428571429,1.2687853438221008,0.21166291197146891,36.288348119433905
2026-07-09 03:50:00,18.09105,instrument_filtered,F3,63.833333333333336,1680.0,18.09105,21.536964285714284,1.268638080950681,0.2114519520644045,36.49980007149831
2026-07-09 04:00:00,17.9831,instrument_filtered,F3,64.0,1680.0,17.9831,21.40845238095238,1.2610680681079427,0.21080884575488232,36.7106089172532
2026-07-09 04:10:00,17.8676,instrument_filtered,F3,64.16666666666667,1680.0,17.8676,21.27095238095238,1.2529686101798618,0.20950305652398968,36.92011197377719
2026-07-09 04:20:00,17.78895,instrument_filtered,F3,64.33333333333333,1680.0,17.78895,21.177321428571428,1.2474532650193118,0.2083684895999193,37.12848046337711
2026-07-09 04:30:00,17.6497,instrument_filtered,F3,64.5,1680.0,17.6497,21.01154761904762,1.2376883341406517,0.20709513326333617,37.335575596640446
2026-07-09 04:40:00,17.5863,instrument_filtered,F3,64.66666666666667,1680.0,17.5863,20.93607142857143,1.2332423979273157,0.20591089433900311,37.54148649097945
2026-07-09 04:50:00,17.5455,instrument_filtered,F3,64.83333333333333,1680.0,17.5455,20.8875,1.2303812907111626,0.20530197405319486,37.746788465032644
2026-07-09 05:00:00,17.483449999999998,instrument_filtered,F3,65.0,1680.0,17.483449999999998,20.813630952380947,1.226030023486596,0.20470094284981905,37.95148940788246
2026-07-09 05:10:00,17.47465,instrument_filtered,F3,65.16666666666667,1680.0,17.47465,20.803154761904764,1.2254129219301713,0.20428691211806974,38.155776320000534
2026-07-09 05:20:00,17.40515,instrument_filtered,F3,65.33333333333333,1680.0,17.40515,20.720416666666665,1.2205392221379492,0.20382934533899844,38.35960566533953
2026-07-09 05:30:00,17.3475,instrument_filtered,F3,65.5,1680.0,17.3475,20.651785714285715,1.2164965056915957,0.20308631065246785,38.562691975991996
2026-07-09 05:40:00,17.293750000000003,instrument_filtered,F3,65.66666666666667,1680.0,17.293750000000003,20.587797619047624,1.2127272774350213,0.2024353152605572,38.765127291252554
2026-07-09 05:50:00,17.26485,instrument_filtered,F3,65.83333333333333,1680.0,17.26485,20.553392857142857,1.2107006598235794,0.2019523281048719,38.96707961935743
2026-07-09 06:00:00,17.277099999999997,instrument_filtered,F3,66.0,1680.0,17.277099999999997,20.567976190476188,1.211559693240194,0.20185502942198685,39.16893464877941
2026-07-09 06:10:00,17.2445,instrument_filtered,F3,66.16666666666667,1680.0,17.2445,20.529166666666665,1.2092736124743462,0.20173610880955073,39.37067075758896
2026-07-09 06:20:00,17.12595,instrument_filtered,F3,66.33333333333333,1680.0,17.12595,20.388035714285714,1.2009602727568227,0.20085282376925268,39.571523581358214
2026-07-09 06:30:00,17.07325,instrument_filtered,F3,66.5,1680.0,17.07325,20.325297619047618,1.1972646759359582,0.19985207905773744,39.77137566041595
2026-07-09 06:40:00,16.9868,instrument_filtered,F3,66.66666666666667,1680.0,16.9868,20.222380952380952,1.1912023543958492,0.19903891919432296,39.97041457961027
2026-07-09 06:50:00,16.8569,instrument_filtered,F3,66.83333333333333,1680.0,16.8569,20.06773809523809,1.1820930939208907,0.1977746206930504,40.168189200303324
2026-07-09 07:00:00,16.8032,instrument_filtered,F3,67.0,1680.0,16.8032,20.003809523809526,1.1783273719231602,0.19670170548700983,40.36489090579033
2026-07-09 07:10:00,16.72505,instrument_filtered,F3,67.16666666666667,1680.0,16.72505,19.910773809523807,1.1728470893510432,0.19593120510618917,40.560822110896524
2026-07-09 07:20:00,16.674100000000003,instrument_filtered,F3,67.33333333333333,1680.0,16.674100000000003,19.85011904761905,1.1692742115896952,0.1951767750783838,40.75599888597491
2026-07-09 07:30:00,16.6885,instrument_filtered,F3,67.5,1680.0,16.6885,19.867261904761904,1.1702840141365727,0.19496318547719454,40.9509620714521
2026-07-09 07:40:00,16.62015,instrument_filtered,F3,67.66666666666667,1680.0,16.62015,19.785892857142855,1.1654909582977473,0.1946479143695322,41.145609985821636
2026-07-09 07:50:00,16.665950000000002,instrument_filtered,F3,67.83333333333333,1680.0,16.665950000000002,19.840416666666666,1.168702691398233,0.194516137474654,41.34012612329629
2026-07-09 08:00:00,16.712449999999997,instrument_filtered,F3,68.0,1680.0,16.712449999999997,19.895773809523806,1.1719635121225251,0.19505551696006873,41.535181640256354
2026-07-09 08:10:00,16.82725,instrument_filtered,F3,68.16666666666667,1680.0,16.82725,20.032440476190477,1.1800138824267996,0.19599811621244928,41.731179756468805
2026-07-09 08:20:00,16.988300000000002,instrument_filtered,F3,68.33333333333333,1680.0,16.988300000000002,20.22416666666667,1.1913075421611494,0.19761011871565118,41.92878987518446
2026-07-09 08:30:00,17.0763,instrument_filtered,F3,68.5,1680.0,17.0763,20.32892857142857,1.1974785577254012,0.1990655083238849,42.12785538350834
2026-07-09 08:40:00,17.068800000000003,instrument_filtered,F3,68.66666666666667,1680.0,17.068800000000003,20.320000000000004,1.1969526188989026,0.1995359313853643,42.3273913148937
2026-07-09 08:50:00,17.0183,instrument_filtered,F3,68.83333333333333,1680.0,17.0183,20.25988095238095,1.193411297467144,0.19919699303049257,42.52658830792419
2026-07-09 09:00:00,16.9179,instrument_filtered,F3,69.0,1680.0,16.9179,20.14035714285714,1.1863707297097472,0.19831516893141327,42.72490347685561
2026-07-09 09:10:00,16.8031,instrument_filtered,F3,69.16666666666667,1680.0,16.8031,20.003690476190478,1.1783203594054736,0.19705759075960733,42.921961067615214
2026-07-09 09:20:00,16.7364,instrument_filtered,F3,69.33333333333333,1680.0,16.7364,19.924285714285716,1.173643010108478,0.19599694745948482,43.1179580150747
2026-07-09 09:30:00,16.64685,instrument_filtered,F3,69.5,1630.0,16.64685,20.425582822085893,1.2031719907200857,0.19806791673571925,43.316025931810415
2026-07-09 09:40:00,16.56315,instrument_filtered,F3,69.66666666666667,1630.0,16.56315,20.322883435582824,1.1971224681002945,0.20002453823503738,43.51605047004545
2026-07-09 09:50:00,16.534750000000003,instrument_filtered,F3,69.83333333333333,1630.0,16.534750000000003,20.288036809815956,1.1950698224324086,0.1993493575443806,43.71539982758983
2026-07-09 10:00:00,16.5443,instrument_filtered,F3,70.0,1630.0,16.5443,20.299754601226994,1.1957600606763628,0.19923582359240324,43.91463565118223
2026-07-09 10:10:00,16.5078,instrument_filtered,F3,70.16666666666667,1630.0,16.5078,20.254969325153372,1.1931219773355934,0.19907350316766867,44.1137091543499
2026-07-09 10:20:00,16.4024,instrument_filtered,F3,70.33333333333333,1630.0,16.4024,20.125644171779143,1.1855040599625235,0.19821883644149849,44.311927990791396
2026-07-09 10:30:00,16.206049999999998,instrument_filtered,F3,70.5,1630.0,16.206049999999998,19.884723926380364,1.1713126171143031,0.1964013897564078,44.508329380547806
2026-07-09 10:40:00,16.0409,instrument_filtered,F3,70.66666666666667,1630.0,16.0409,19.682085889570555,1.159376193450522,0.1942240675470743,44.70255344809488
2026-07-09 10:50:00,15.9313,instrument_filtered,F3,70.83333333333333,1630.0,15.9313,19.54760736196319,1.1514547158026234,0.19256924243775117,44.89512269053263
2026-07-09 11:00:00,15.537700000000001,instrument_filtered,F3,71.0,1630.0,15.537700000000001,19.064662576687116,1.123006781475863,0.18953845810654593,45.08466114863918
2026-07-09 11:10:00,14.54615,instrument_filtered,F3,71.16666666666667,1630.0,14.54615,17.84803680981595,1.0513412599268313,0.18119567011689636,45.26585681875608
2026-07-09 11:20:00,13.0122,instrument_filtered,F3,71.33333333333333,1630.0,13.0122,15.965889570552148,0.9404730971714107,0.16598452975817737,45.431841348514254
2026-07-09 11:30:00,11.141300000000001,instrument_filtered,F3,71.5,1630.0,11.141300000000001,13.67030674846626,0.8052514499866156,0.14547704559650632,45.57731839411076
2026-07-09 11:40:00,9.274999999999999,instrument_filtered,F3,71.66666666666667,1630.0,9.274999999999999,11.380368098159506,0.6703622735790129,0.1229678102971392,45.7002862044079
2026-07-09 11:50:00,7.6779,instrument_filtered,F3,71.83333333333333,1630.0,7.6779,9.42073619631902,0.5549298652627822,0.10210767823681044,45.802393882644715
2026-07-09 12:00:00,6.4745,instrument_filtered,F3,72.0,1630.0,6.4745,7.944171779141104,0.46795261889890244,0.08524020701347614,45.88763408965819
2026-07-09 12:10:00,5.9695,instrument_filtered,F3,72.16666666666667,1630.0,5.9695,7.324539877300613,0.4314531096636031,0.07495047738021092,45.962584567038405
2026-07-09 12:20:00,23.3995,instrument_filtered,F3,72.33333333333333,1630.0,23.3995,28.711042944785277,1.6912282502007672,0.17689011332202081,46.13947468036043
2026-07-09 12:30:00,23.35455,instrument_filtered,F3,72.5,1625.0,23.35455,28.744061538461537,1.6931732153667691,0.28203345546396935,46.421508135824396
2026-07-09 12:40:00,23.0684,instrument_filtered,F3,72.66666666666667,1625.0,23.0684,28.391876923076925,1.672427728274224,0.2804667453034241,46.70197488112782
2026-07-09 12:50:00,22.376649999999998,instrument_filtered,F3,72.83333333333333,1625.0,22.376649999999998,27.540492307692304,1.622276791016603,0.2745587099408866,46.9765335910687
2026-07-09 13:00:00,21.3041,instrument_filtered,F3,73.0,1625.0,21.3041,26.220430769230767,1.5445183699748093,0.26389959674929186,47.24043318781799
2026-07-09 13:10:00,19.99295,instrument_filtered,F3,73.16666666666667,1625.0,19.99295,24.606707692307694,1.4494617723812726,0.24949834519634725,47.48993153301434
2026-07-09 13:20:00,18.6155,instrument_filtered,F3,73.33333333333333,1625.0,18.6155,22.911384615384616,1.3495985146645981,0.23325502392047595,47.72318655693482
2026-07-09 13:30:00,17.3015,instrument_filtered,F3,73.5,1625.0,17.3015,21.294153846153847,1.2543352959345464,0.21699448421660156,47.94018104115142
2026-07-09 13:40:00,16.20015,instrument_filtered,F3,73.66666666666667,1625.0,16.20015,19.938646153846154,1.1744889139342856,0.2024020174890751,48.1425830586405
2026-07-09 13:50:00,15.3912,instrument_filtered,F3,73.83333333333333,1625.0,15.3912,18.943015384615382,1.115841135554015,0.19086083745734753,48.33344389609785
2026-07-09 14:00:00,14.8569,instrument_filtered,F3,74.0,1625.0,14.8569,18.285415384615384,1.0771051098557907,0.18274552045082232,48.51618941654867
2026-07-09 14:10:00,14.5525,instrument_filtered,F3,74.16666666666667,1625.0,14.5525,17.91076923076923,1.0550365225031058,0.17767846936324644,48.693867885911914
2026-07-09 14:20:00,14.4009,instrument_filtered,F3,74.33333333333333,1625.0,14.4009,17.724184615384615,1.0440457280133981,0.17492352087636537,48.868791406788276
2026-07-09 14:30:00,14.33025,instrument_filtered,F3,74.5,1625.0,14.33025,17.63723076923077,1.0389236987871588,0.17358078556671802,49.042372192354996
2026-07-09 14:40:00,14.2551,instrument_filtered,F3,74.66666666666667,1625.0,14.2551,17.54473846153846,1.0334754256611594,0.17269992703736475,49.21507211939236
2026-07-09 14:50:00,14.12595,instrument_filtered,F3,74.83333333333333,1625.0,14.12595,17.385784615384615,1.0241122257380344,0.17146563761658976,49.38653775700895
2026-07-09 15:00:00,13.945,instrument_filtered,F3,75.0,1625.0,13.945,17.163076923076922,1.0109935960354446,0.1695921518144614,49.556129908823415
2026-07-09 15:10:00,13.7189,instrument_filtered,F3,75.16666666666667,1625.0,13.7189,16.8848,0.9946016525385918,0.16713293738117446,49.72326284620459
2026-07-09 15:20:00,13.4879,instrument_filtered,F3,75.33333333333333,1625.0,13.4879,16.600492307692306,0.9778544656842217,0.16437134318522512,49.887634189389814
2026-07-09 15:30:00,13.3455,instrument_filtered,F3,75.5,1625.0,13.3455,16.42523076923077,0.9675306587229133,0.16211542703393253,50.049749616423746
2026-07-09 15:40:00,13.350100000000001,instrument_filtered,F3,75.66666666666667,1625.0,13.350100000000001,16.430892307692307,0.9678641524871129,0.16128290093417344,50.21103251735792
2026-07-09 15:50:00,13.4703,instrument_filtered,F3,75.83333333333333,1625.0,13.4703,16.57883076923077,0.9765784895429367,0.16203688683582826,50.37306940419375
2026-07-09 16:00:00,13.6266,instrument_filtered,F3,76.0,1625.0,13.6266,16.7712,0.987910027661283,0.16370737643368963,50.53677678062744
2026-07-09 16:10:00,13.7922,instrument_filtered,F3,76.16666666666667,1625.0,13.7922,16.975015384615382,0.9999158031724674,0.1656521525694839,50.70242893319693
2026-07-09 16:20:00,13.9492,instrument_filtered,F3,76.33333333333333,1625.0,13.9492,17.16824615384615,1.0112980903418878,0.1676011577928534,50.87003009098978
2026-07-09 16:30:00,14.05685,instrument_filtered,F3,76.5,1575.0,14.05685,17.849968253968253,1.0514550319315732,0.1718960935227933,51.04192618451257
2026-07-09 16:40:00,14.1034,instrument_filtered,F3,76.66666666666667,1575.0,14.1034,17.909079365079368,1.0549369807135847,0.1755326677204348,51.217458852233
2026-07-09 16:50:00,14.097,instrument_filtered,F3,76.83333333333333,1575.0,14.097,17.900952380952383,1.054458259506176,0.17578293668497005,51.39324178891797
2026-07-09 17:00:00,14.0896,instrument_filtered,F3,77.0,1575.0,14.0896,17.891555555555556,1.0539047381101097,0.1756969164680288,51.568938705385996
2026-07-09 17:10:00,14.01765,instrument_filtered,F3,77.16666666666667,1575.0,14.01765,17.800190476190476,1.048522864536195,0.17520230022053038,51.74414100560653
2026-07-09 17:20:00,13.8552,instrument_filtered,F3,77.33333333333333,1575.0,13.8552,17.593904761904763,1.0363715738887684,0.1737412032020704,51.9178822088086
2026-07-09 17:30:00,13.6465,instrument_filtered,F3,77.5,1575.0,13.6465,17.32888888888889,1.0207607745159275,0.1714276957003962,52.089309904508994
2026-07-09 17:40:00,13.45785,instrument_filtered,F3,77.66666666666667,1575.0,13.45785,17.089333333333332,1.0066497189256711,0.16895087445347134,52.258260778962466
2026-07-09 17:50:00,13.3258,instrument_filtered,F3,77.83333333333333,1575.0,13.3258,16.921650793650794,0.9967723540134353,0.1669518394115827,52.42521261837405
2026-07-09 18:00:00,13.25875,instrument_filtered,F3,78.0,1575.0,13.25875,16.836507936507935,0.9917570013639432,0.16571077961478625,52.59092339798883
2026-07-09 18:10:00,13.2377,instrument_filtered,F3,78.16666666666667,1575.0,13.2377,16.80977777777778,0.9901824573927009,0.16516162156305836,52.75608501955189
2026-07-09 18:20:00,13.2492,instrument_filtered,F3,78.33333333333333,1575.0,13.2492,16.824380952380952,0.9910426595622635,0.165102093079571,52.92118711263146
2026-07-09 18:30:00,13.2512,instrument_filtered,F3,78.5,1575.0,13.2512,16.826920634920636,0.9911922599395785,0.16518624329182485,53.086373355923286
2026-07-09 18:40:00,13.2034,instrument_filtered,F3,78.66666666666667,1575.0,13.2034,16.766222222222222,0.9876168109217452,0.164900755905115,53.2512741118284
2026-07-09 18:50:00,13.0967,instrument_filtered,F3,78.83333333333333,1575.0,13.0967,16.63073015873016,0.9796356307919795,0.1639377034761344,53.41521181530454
2026-07-09 19:00:00,12.9665,instrument_filtered,F3,79.0,1575.0,12.9665,16.465396825396827,0.96989664622876,0.16246102308506624,53.5776728383896
2026-07-09 19:10:00,12.8094,instrument_filtered,F3,79.16666666666667,1575.0,12.8094,16.26590476190476,0.9581455365906512,0.16067018190162216,53.738343020291225
2026-07-09 19:20:00,12.6314,instrument_filtered,F3,79.33333333333333,1575.0,12.6314,16.039873015873017,0.9448311030095985,0.15858138663334512,53.89692440692457
2026-07-09 19:30:00,12.44825,instrument_filtered,F3,79.5,1575.0,12.44825,15.807301587301588,0.9311314484569592,0.15633021262221758,54.053254619546784
2026-07-09 19:40:00,12.2712,instrument_filtered,F3,79.66666666666667,1575.0,12.2712,15.582476190476191,0.9178880750551314,0.1540849602926786,54.20733957983946
2026-07-09 19:50:00,12.09035,instrument_filtered,F3,79.83333333333333,1575.0,12.09035,15.352825396825397,0.9043604609364043,0.15185404466595268,54.359193624505416
2026-07-09 20:00:00,11.9236,instrument_filtered,F3,80.0,1575.0,11.9236,15.141079365079365,0.8918875294777499,0.1496873325345171,54.508880957039935
2026-07-09 20:10:00,11.779800000000002,instrument_filtered,F3,80.16666666666667,1575.0,11.779800000000002,14.958476190476192,0.881131262348787,0.14775156598554892,54.656632523025486
2026-07-09 20:20:00,11.6488,instrument_filtered,F3,80.33333333333333,1575.0,11.6488,14.792126984126984,0.8713324376346415,0.1460386416652774,54.802671164690764
2026-07-09 20:30:00,11.5387,instrument_filtered,F3,80.5,1575.0,11.5387,14.65231746031746,0.8630969368634399,0.14453578120817756,54.94720694589894
2026-07-09 20:40:00,11.45065,instrument_filtered,F3,80.66666666666667,1575.0,11.45065,14.540507936507936,0.8565107802521383,0.14330064309296894,55.09050758899191
2026-07-09 20:50:00,11.3774,instrument_filtered,F3,80.83333333333333,1575.0,11.3774,14.447492063492064,0.8510316664329691,0.14229520389041753,55.23280279288233
2026-07-09 21:00:00,11.32965,instrument_filtered,F3,81.0,1575.0,11.32965,14.386857142857144,0.8474599574245688,0.14154096865479884,55.37434376153713
2026-07-09 21:10:00,11.3261,instrument_filtered,F3,81.16666666666667,1575.0,11.3261,14.382349206349208,0.8471944167548343,0.1412211978482876,55.51556495938542
2026-07-09 21:20:00,11.3399,instrument_filtered,F3,81.33333333333333,1575.0,11.3399,14.399873015873016,0.8482266593583091,0.14128508967608724,55.65685004906151
2026-07-09 21:30:00,11.3442,instrument_filtered,F3,81.5,1575.0,11.3442,14.405333333333335,0.8485483001695369,0.14139791329399118,55.798247962355504
2026-07-09 21:40:00,11.3405,instrument_filtered,F3,81.66666666666667,1575.0,11.3405,14.400634920634921,0.8482715394715038,0.14140165330342408,55.93964961565893
2026-07-09 21:50:00,11.3185,instrument_filtered,F3,81.83333333333333,1575.0,11.3185,14.372698412698412,0.8466259353210366,0.14124145623270368,56.080891071891635
2026-07-09 22:00:00,11.27225,instrument_filtered,F3,82.0,1575.0,11.27225,14.313968253968254,0.8431664265956226,0.1408160301597256,56.22170710205136
2026-07-09 22:10:00,11.2185,instrument_filtered,F3,82.16666666666667,1575.0,11.2185,14.245714285714286,0.8391459164552765,0.14019269525424558,56.361899797305604
2026-07-09 22:20:00,11.1749,instrument_filtered,F3,82.33333333333333,1575.0,11.1749,14.190349206349206,0.8358846282298051,0.13958587872374886,56.501485676029354
2026-07-09 22:30:00,11.13875,instrument_filtered,F3,82.5,1575.0,11.13875,14.144444444444444,0.8331806014098331,0.13908876913664048,56.640574445165996
2026-07-09 22:40:00,11.0973,instrument_filtered,F3,82.66666666666667,1575.0,11.0973,14.091809523809525,0.8300801335899756,0.138605061249988,56.779179506415986
2026-07-09 22:50:00,11.05245,instrument_filtered,F3,82.83333333333333,1575.0,11.05245,14.034857142857144,0.8267253451286823,0.138067123226547,56.917246629642534
2026-07-09 23:00:00,11.0001,instrument_filtered,F3,83.0,1575.0,11.0001,13.968380952380953,0.8228095552524569,0.13746124169843218,57.054707871340966
2026-07-09 23:10:00,10.942499999999999,instrument_filtered,F3,83.16666666666667,1575.0,10.942499999999999,13.895238095238092,0.818501064385779,0.13677588496985688,57.191483756310824
2026-07-09 23:20:00,10.8773,instrument_filtered,F3,83.33333333333333,1575.0,10.8773,13.812444444444443,0.8136240920853035,0.13601042970591581,57.327494186016736
2026-07-09 23:30:00,10.8108,instrument_filtered,F3,83.5,1575.0,10.8108,13.728000000000002,0.8086498795395735,0.13518949763541024,57.462683683652145
2026-07-09 23:40:00,10.763,instrument_filtered,F3,83.66666666666667,1575.0,10.763,13.667301587301587,0.8050744305217401,0.13447702583844662,57.597160709490595
2026-07-09 23:50:00,10.724799999999998,instrument_filtered,F3,83.83333333333333,1575.0,10.724799999999998,13.618793650793647,0.8022170633150197,0.13394095781972237,57.73110166731032
2026-07-10 00:00:00,10.6656,instrument_filtered,F3,84.0,1575.0,10.6656,13.543619047619048,0.79778889214649,0.13333382962179627,57.86443549693212
2026-07-10 00:10:00,10.5886,instrument_filtered,F3,84.16666666666667,1575.0,10.5886,13.44584126984127,0.792029277619855,0.13248484748053252,57.99692034441265
2026-07-10 00:20:00,10.508700000000001,instrument_filtered,F3,84.33333333333333,1575.0,10.508700000000001,13.344380952380954,0.7860527425461127,0.13150683501382318,58.128427179426474
2026-07-10 00:30:00,10.4459,instrument_filtered,F3,84.5,1575.0,10.4459,13.26463492063492,0.7813552906984154,0.13061733610371437,58.259044515530185
2026-07-10 00:40:00,10.39285,instrument_filtered,F3,84.66666666666667,1575.0,10.39285,13.19726984126984,0.7773871406901297,0.12989520261571577,58.3889397181459
2026-07-10 00:50:00,10.3457,instrument_filtered,F3,84.83333333333333,1575.0,10.3457,13.137396825396827,0.7738603117949242,0.1292706210404138,58.51821033918631
2026-07-10 01:00:00,10.3187,instrument_filtered,F3,85.0,1575.0,10.3187,13.10311111111111,0.7718407067011687,0.1288084182080114,58.64701875739432
2026-07-10 01:10:00,10.3147,instrument_filtered,F3,85.16666666666667,1575.0,10.3147,13.098031746031747,0.7715415059465384,0.12861518438731256,58.775633941781635
2026-07-10 01:20:00,10.318950000000001,instrument_filtered,F3,85.33333333333333,1575.0,10.318950000000001,13.103428571428573,0.7718594067483333,0.12861674272456533,58.9042506845062
2026-07-10 01:30:00,10.3332,instrument_filtered,F3,85.5,1575.0,10.3332,13.121523809523808,0.7729253094367039,0.1287320596820901,59.032982744188295
2026-07-10 01:40:00,10.34895,instrument_filtered,F3,85.66666666666667,1575.0,10.34895,13.141523809523811,0.7741034124080612,0.12891906015373408,59.16190180434203
2026-07-10 01:50:00,10.3374,instrument_filtered,F3,85.83333333333333,1575.0,10.3374,13.126857142857144,0.773239470229066,0.1289452402197533,59.29084704456179
2026-07-10 02:00:00,10.2901,instrument_filtered,F3,86.0,1575.0,10.2901,13.06679365079365,0.7697014213055614,0.12857840762788927,59.41942545218968
2026-07-10 02:10:00,10.23565,instrument_filtered,F3,86.16666666666667,1575.0,10.23565,12.997650793650793,0.7656285510331552,0.12794416436156336,59.547369616551244
2026-07-10 02:20:00,10.1901,instrument_filtered,F3,86.33333333333333,1575.0,10.1901,12.939809523809522,0.7622214024398014,0.12732082945607248,59.67469044600732
2026-07-10 02:30:00,10.131450000000001,instrument_filtered,F3,86.5,1575.0,10.131450000000001,12.865333333333334,0.7578343713750334,0.12667131448457317,59.80136176049189
2026-07-10 02:40:00,10.047,instrument_filtered,F3,86.66666666666667,1575.0,10.047,12.758095238095239,0.7515174954428991,0.1257793222348313,59.92714108272673
2026-07-10 02:50:00,9.962299999999999,instrument_filtered,F3,86.83333333333333,1575.0,9.962299999999999,12.650539682539682,0.7451819194636005,0.1247249512422012,60.05186603396893
2026-07-10 03:00:00,9.8863,instrument_filtered,F3,87.0,1575.0,9.8863,12.554031746031747,0.7394971051256228,0.12372325204910546,60.17558928601803
2026-07-10 03:10:00,9.82405,instrument_filtered,F3,87.16666666666667,1575.0,9.82405,12.474984126984126,0.7348407933816874,0.12286149154227934,60.29845077756031
2026-07-10 03:20:00,9.7832,instrument_filtered,F3,87.33333333333333,1575.0,9.7832,12.423111111111112,0.7317852056750246,0.12221883325471906,60.42066961081503
2026-07-10 03:30:00,9.761050000000001,instrument_filtered,F3,87.5,1575.0,9.761050000000001,12.394984126984129,0.7301283814962587,0.12182613226427706,60.54249574307931
2026-07-10 03:40:00,9.7418,instrument_filtered,F3,87.66666666666667,1575.0,9.7418,12.370539682539683,0.7286884778645998,0.12156807161340834,60.66406381469272
2026-07-10 03:50:00,9.70325,instrument_filtered,F3,87.83333333333333,1575.0,9.70325,12.321587301587302,0.7258049305918494,0.12120778403803054,60.785271598730745
2026-07-10 04:00:00,9.6432,instrument_filtered,F3,88.0,1575.0,9.6432,12.245333333333335,0.7213131792629606,0.12059317582123757,60.90586477455198
2026-07-10 04:10:00,9.577950000000001,instrument_filtered,F3,88.16666666666667,1575.0,9.577950000000001,12.162476190476191,0.7164324669530524,0.11981213718467115,61.02567691173665
2026-07-10 04:20:00,9.5175,instrument_filtered,F3,88.33333333333333,1575.0,9.5175,12.085714285714285,0.7119107955487003,0.11902860520847262,61.14470551694512
2026-07-10 04:30:00,9.4588,instrument_filtered,F3,88.5,1575.0,9.4588,12.011174603174602,0.7075200244744992,0.11828590166860332,61.26299141861373
2026-07-10 04:40:00,9.3995,instrument_filtered,F3,88.66666666666667,1575.0,9.3995,11.935873015873016,0.7030843732871036,0.11755036648013692,61.38054178509387
2026-07-10 04:50:00,9.3398,instrument_filtered,F3,88.83333333333333,1575.0,9.3398,11.860063492063494,0.6986188020242451,0.11680859794260576,61.497350383036476
2026-07-10 05:00:00,9.27835,instrument_filtered,F3,89.0,1575.0,9.27835,11.782031746031747,0.6940223304312355,0.11605342770462668,61.613403810741104
2026-07-10 05:10:00,9.216,instrument_filtered,F3,89.16666666666667,1575.0,9.216,11.702857142857143,0.6893585386684342,0.11528173909164242,61.72868554983275
2026-07-10 05:20:00,9.1569,instrument_filtered,F3,89.33333333333333,1575.0,9.1569,11.627809523809523,0.68493784751877,0.11452469884892717,61.84321024868167
2026-07-10 05:30:00,9.0936,instrument_filtered,F3,89.5,1575.0,9.0936,11.547428571428572,0.680202995576744,0.1137617369246294,61.9569719856063
2026-07-10 05:40:00,9.0093,instrument_filtered,F3,89.66666666666667,1575.0,9.0093,11.440380952380952,0.6738973396729084,0.1128416946041409,62.069813680210444
2026-07-10 05:50:00,8.9162,instrument_filtered,F3,89.83333333333333,1575.0,8.9162,11.322158730158732,0.666933442108886,0.11173589848180984,62.181549578692255
2026-07-10 06:00:00,8.82465,instrument_filtered,F3,90.0,1575.0,8.82465,11.205904761904762,0.6600854848372827,0.11058491057885053,62.292134489271106
2026-07-10 06:10:00,8.7444,instrument_filtered,F3,90.16666666666667,1575.0,8.7444,11.104000000000001,0.6540827696975104,0.10951402121123588,62.40164851048234
2026-07-10 06:20:00,8.668199999999999,instrument_filtered,F3,90.33333333333333,1575.0,8.668199999999999,11.007238095238094,0.6483829953218012,0.10853881375160314,62.51018732423394
2026-07-10 06:30:00,8.6051,instrument_filtered,F3,90.5,1575.0,8.6051,10.927111111111111,0.6436631034175069,0.10767050822827874,62.61785783246222
2026-07-10 06:40:00,8.5489,instrument_filtered,F3,90.66666666666667,1575.0,8.5489,10.855746031746031,0.6394593328149497,0.10692686968604108,62.72478470214826
2026-07-10 06:50:00,8.4873,instrument_filtered,F3,90.83333333333333,1575.0,8.4873,10.777523809523808,0.6348516411936415,0.10619258116737657,62.83097728331564
2026-07-10 07:00:00,8.41445,instrument_filtered,F3,91.0,1575.0,8.41445,10.685015873015875,0.6294024474499356,0.10535450738696775,62.93633179070261
2026-07-10 07:10:00,8.3454,instrument_filtered,F3,91.16666666666667,1575.0,8.3454,10.597333333333333,0.6242374944231284,0.10446999515609164,63.040801785858704
2026-07-10 07:20:00,8.28135,instrument_filtered,F3,91.33333333333333,1575.0,8.28135,10.516,0.6194465423396092,0.1036403363968889,63.14444212225559
2026-07-10 07:30:00,8.2194,instrument_filtered,F3,91.5,1575.0,8.2194,10.437333333333333,0.6148126706522709,0.10285493441599292,63.247297056671584
2026-07-10 07:40:00,8.1629,instrument_filtered,F3,91.66666666666667,1575.0,8.1629,10.365587301587302,0.6105864599931164,0.10211659422045184,63.34941365089204
2026-07-10 07:50:00,8.0972,instrument_filtered,F3,91.83333333333333,1575.0,8.0972,10.28215873015873,0.6056720875983121,0.10135487896594661,63.45076852985799
2026-07-10 08:00:00,8.037949999999999,instrument_filtered,F3,92.0,1575.0,8.037949999999999,10.206920634920634,0.6012401764203493,0.10057602200155799,63.55134455185954
2026-07-10 08:10:00,8.0,instrument_filtered,F3,92.16666666666667,1575.0,8.0,10.158730158730158,0.5984015092607935,0.0999701404734314,63.651314692332974
2026-07-10 08:20:00,7.98165,instrument_filtered,F3,92.33333333333333,1575.0,7.98165,10.135428571428573,0.5970289257989267,0.09961920292163769,63.75093389525461
2026-07-10 08:30:00,7.9662,instrument_filtered,F3,92.5,1575.0,7.9662,10.115809523809524,0.5958732628841668,0.09940851572359395,63.85034241097821
2026-07-10 08:40:00,7.9404,instrument_filtered,F3,92.66666666666667,1575.0,7.9404,10.083047619047619,0.5939434180168006,0.09915139007508343,63.94949380105329
2026-07-10 08:50:00,7.8799,instrument_filtered,F3,92.83333333333333,1575.0,7.8799,10.006222222222222,0.5894180066030159,0.09861345205164578,64.04810725310494
2026-07-10 09:00:00,7.76815,instrument_filtered,F3,93.0,1575.0,7.76815,9.86431746031746,0.5810590855205292,0.09753975767696488,64.14564701078191
2026-07-10 09:10:00,7.6319,instrument_filtered,F3,93.16666666666667,1575.0,7.6319,9.691301587301586,0.5708675598159313,0.09599388711137444,64.24164089789329
2026-07-10 09:20:00,7.51075,instrument_filtered,F3,93.33333333333333,1575.0,7.51075,9.537460317460317,0.5618055169600631,0.09438942306466085,64.33603032095795
2026-07-10 09:30:00,7.4131,instrument_filtered,F3,93.5,1525.0,7.4131,9.722098360655739,0.5726816483257684,0.09454059710715532,64.4305709180651
2026-07-10 09:40:00,7.34185,instrument_filtered,F3,93.66666666666667,1525.0,7.34185,9.628655737704918,0.5671773967382798,0.09498825375534005,64.52555917182045
2026-07-10 09:50:00,7.3478,instrument_filtered,F3,93.83333333333333,1525.0,7.3478,9.636459016393443,0.5676370500287438,0.09456787056391326,64.62012704238435
2026-07-10 10:00:00,7.4271,instrument_filtered,F3,94.0,1525.0,7.4271,9.740459016393443,0.5737631854798011,0.09511668629238144,64.71524372867674
2026-07-10 10:10:00,7.476,instrument_filtered,F3,94.16666666666667,1525.0,7.476,9.804590163934426,0.5775408402535301,0.09594200214444698,64.81118573082118
2026-07-10 10:20:00,7.44835,instrument_filtered,F3,94.33333333333333,1525.0,7.44835,9.768327868852458,0.5754048043743151,0.09607880371898164,64.90726453454016
2026-07-10 10:30:00,7.3576,instrument_filtered,F3,94.5,1525.0,7.3576,9.649311475409835,0.5683941260365666,0.09531657753424284,65.00258111207441
2026-07-10 10:40:00,7.2302,instrument_filtered,F3,94.66666666666667,1525.0,7.2302,9.48222950819672,0.5585521379348679,0.09391218866428888,65.0964933007387
2026-07-10 10:50:00,7.0915,instrument_filtered,F3,94.83333333333333,1525.0,7.0915,9.30032786885246,0.5478371948445571,0.09219911106494684,65.18869241180364
2026-07-10 11:00:00,6.959300000000001,instrument_filtered,F3,95.0,1525.0,6.959300000000001,9.126950819672132,0.5376243940043328,0.09045513240407672,65.27914754420772
2026-07-10 11:10:00,6.85435,instrument_filtered,F3,95.16666666666667,1525.0,6.85435,8.989311475409837,0.5295167279817795,0.08892842683217854,65.3680759710399
2026-07-10 11:20:00,6.7759,instrument_filtered,F3,95.33333333333333,1525.0,6.7759,8.886426229508196,0.5234562572865026,0.08774774877235185,65.45582371981226
2026-07-10 11:30:00,6.72075,instrument_filtered,F3,95.5,1525.0,6.72075,8.814098360655738,0.5191957734261519,0.08688766922605702,65.54271138903832
2026-07-10 11:40:00,6.6977,instrument_filtered,F3,95.66666666666667,1525.0,6.6977,8.783868852459015,0.5174150997546907,0.08638423943173934,65.62909562847005
2026-07-10 11:50:00,6.6897,instrument_filtered,F3,95.83333333333333,1525.0,6.6897,8.773377049180327,0.5167970785238147,0.08618434818987056,65.71527997665993
2026-07-10 12:00:00,6.6677,instrument_filtered,F3,96.0,1525.0,6.6677,8.744524590163934,0.5150975201389061,0.08599121655522918,65.80127119321516
2026-07-10 12:10:00,6.6174,instrument_filtered,F3,96.16666666666667,1525.0,6.6174,8.678557377049179,0.5112117116497737,0.08552576931572574,65.88679696253088
2026-07-10 12:20:00,6.5313,instrument_filtered,F3,96.33333333333333,1525.0,6.5313,8.565639344262296,0.5045602581524721,0.08464766415018234,65.97144462668106
2026-07-10 12:30:00,6.4251,instrument_filtered,F3,96.5,1475.0,6.4251,8.712,0.5131816543231909,0.08481182603964099,66.0562564527207
2026-07-10 12:40:00,6.346299999999999,instrument_filtered,F3,96.66666666666667,1475.0,6.346299999999999,8.605152542372881,0.5068877889575674,0.0850057869400656,66.14126223966076
2026-07-10 12:50:00,6.3755,instrument_filtered,F3,96.83333333333333,1475.0,6.3755,8.644745762711864,0.5092200334839151,0.08467565187011872,66.22593789153088
2026-07-10 13:00:00,6.4552,instrument_filtered,F3,97.0,1475.0,6.4552,8.752813559322034,0.5155857830986385,0.08540048471521522,66.31133837624608
2026-07-10 13:10:00,6.49,instrument_filtered,F3,97.16666666666667,1475.0,6.49,8.8,0.5183653073971625,0.08616259087465253,66.39750096712073
2026-07-10 13:20:00,6.4429,instrument_filtered,F3,97.33333333333333,1475.0,6.4429,8.736135593220338,0.5146033650276082,0.08608072270205933,66.4835816898228
2026-07-10 13:30:00,6.2942,instrument_filtered,F3,97.5,1475.0,6.2942,8.53450847457627,0.5027264896485699,0.08477748788968391,66.56835917771248
2026-07-10 13:40:00,6.0735,instrument_filtered,F3,97.66666666666667,1475.0,6.0735,8.235254237288135,0.485098874341551,0.08231878033251241,66.650677958045
2026-07-10 13:50:00,5.827,instrument_filtered,F3,97.83333333333333,1475.0,5.827,7.901016949152543,0.4654105772270054,0.07920912096404187,66.72988707900903
2026-07-10 14:00:00,5.5965,instrument_filtered,F3,98.0,1475.0,5.5965,7.588474576271186,0.44700022231867786,0.07603423329547576,66.8059213123045
2026-07-10 14:10:00,5.40055,instrument_filtered,F3,98.16666666666667,1475.0,5.40055,7.322779661016949,0.4313494238619023,0.07319580384838377,66.87911711615288
2026-07-10 14:20:00,5.2581500000000005,instrument_filtered,F3,98.33333333333333,1475.0,5.2581500000000005,7.129694915254238,0.4199757382265624,0.07094376350736803,66.95006087966026
2026-07-10 14:30:00,5.1708,instrument_filtered,F3,98.5,1475.0,5.1708,7.011254237288136,0.41299897249449113,0.06941455922675643,67.01947543888701
2026-07-10 14:40:00,5.127750000000001,instrument_filtered,F3,98.66666666666667,1475.0,5.127750000000001,6.952881355932204,0.40956050924588594,0.06854662347836671,67.08802206236538
2026-07-10 14:50:00,5.1062,instrument_filtered,F3,98.83333333333333,1475.0,5.1062,6.923661016949153,0.4078392808368862,0.06811664917356047,67.15613871153894
2026-07-10 15:00:00,5.099,instrument_filtered,F3,99.0,1475.0,5.099,6.913898305084746,0.407264206844088,0.06792529064008311,67.22406400217902
2026-07-10 15:10:00,5.1052,instrument_filtered,F3,99.16666666666667,1475.0,5.1052,6.922305084745762,0.40775940944899747,0.06791863469109238,67.29198263687012
2026-07-10 15:20:00,5.1184,instrument_filtered,F3,99.33333333333333,1475.0,5.1184,6.9402033898305096,0.40881371176912734,0.06804776010150654,67.36003039697162
2026-07-10 15:30:00,5.10985,instrument_filtered,F3,99.5,1475.0,5.10985,6.928610169491525,0.4081308114026796,0.06807871026431918,67.42810910723594
2026-07-10 15:40:00,5.0557,instrument_filtered,F3,99.66666666666667,1475.0,5.0557,6.855186440677966,0.4038057757485106,0.06766138226260111,67.49577048949854
2026-07-10 15:50:00,4.9864,instrument_filtered,F3,99.83333333333333,1475.0,4.9864,6.76122033898305,0.39827068856782905,0.06683970535969116,67.56261019485824
