scope,theta,batch,state,unit,time_h,observed,predicted,sigma,error_pred_minus_obs,initial_condition_anchor,is_first_observation,is_last_observation,used_in_score
historical calibration replay,theta_full,LAB004,X,kg m$^{-3}$ (= g L$^{-1}$),0.0,0.3939,0.3939,0.06,0.0,True,True,False,True
historical calibration replay,theta_full,LAB004,X,kg m$^{-3}$ (= g L$^{-1}$),19.0,0.8421,0.796745049159747,0.067368,-0.04535495084025298,False,False,False,True
historical calibration replay,theta_full,LAB004,X,kg m$^{-3}$ (= g L$^{-1}$),26.0,0.7707,1.0198634042677095,0.061656,0.24916340426770944,False,False,False,True
historical calibration replay,theta_full,LAB004,X,kg m$^{-3}$ (= g L$^{-1}$),43.0,0.5369999999999999,1.2557085560916192,0.06,0.7187085560916193,False,False,False,True
historical calibration replay,theta_full,LAB004,X,kg m$^{-3}$ (= g L$^{-1}$),50.0,1.7649,1.2557085624778412,0.14119199999999998,-0.5091914375221587,False,False,False,True
historical calibration replay,theta_full,LAB004,X,kg m$^{-3}$ (= g L$^{-1}$),67.0,1.7328,1.2557085624782702,0.138624,-0.47709143752172967,False,False,False,True
historical calibration replay,theta_full,LAB004,X,kg m$^{-3}$ (= g L$^{-1}$),74.0,1.6889999999999998,1.5170325720319917,0.13512,-0.17196742796800812,False,False,False,True
historical calibration replay,theta_full,LAB004,X,kg m$^{-3}$ (= g L$^{-1}$),91.0,1.9563,1.5544808150243654,0.156504,-0.4018191849756345,False,False,False,True
historical calibration replay,theta_full,LAB004,X,kg m$^{-3}$ (= g L$^{-1}$),98.0,2.0415,1.5544808150275047,0.16332000000000002,-0.4870191849724954,False,False,False,True
historical calibration replay,theta_full,LAB004,X,kg m$^{-3}$ (= g L$^{-1}$),115.0,0.8688,1.5544808150275067,0.069504,0.6856808150275067,False,False,False,True
historical calibration replay,theta_full,LAB004,X,kg m$^{-3}$ (= g L$^{-1}$),122.0,2.0415,1.5544808150275067,0.16332000000000002,-0.4870191849724934,False,False,False,True
historical calibration replay,theta_full,LAB004,X,kg m$^{-3}$ (= g L$^{-1}$),163.0,2.1267,1.5298166705882872,0.170136,-0.5968833294117128,False,False,True,True
historical calibration replay,theta_full,LAB004,Xd,kg m$^{-3}$ (= g L$^{-1}$),0.0,0.0092999999999999,0.0092999999999999,0.06,0.0,True,True,False,True
historical calibration replay,theta_full,LAB004,Xd,kg m$^{-3}$ (= g L$^{-1}$),19.0,0.0138,0.0092999999999999,0.06,-0.004500000000000099,False,False,False,True
historical calibration replay,theta_full,LAB004,Xd,kg m$^{-3}$ (= g L$^{-1}$),26.0,0.0011999999999999,0.0092999999999999,0.06,0.0081,False,False,False,True
historical calibration replay,theta_full,LAB004,Xd,kg m$^{-3}$ (= g L$^{-1}$),43.0,0.5343,0.0092999999999999,0.06411599999999999,-0.5250000000000001,False,False,False,True
historical calibration replay,theta_full,LAB004,Xd,kg m$^{-3}$ (= g L$^{-1}$),50.0,0.0207000000000001,0.0092999999999999,0.06,-0.0114000000000002,False,False,False,True
historical calibration replay,theta_full,LAB004,Xd,kg m$^{-3}$ (= g L$^{-1}$),67.0,0.0044999999999999,0.0092999999999999,0.06,0.0048000000000000004,False,False,False,True
historical calibration replay,theta_full,LAB004,Xd,kg m$^{-3}$ (= g L$^{-1}$),74.0,0.0021,0.0092999999999999,0.06,0.007199999999999901,False,False,False,True
historical calibration replay,theta_full,LAB004,Xd,kg m$^{-3}$ (= g L$^{-1}$),91.0,0.0182999999999999,0.0092999999999999,0.06,-0.009,False,False,False,True
historical calibration replay,theta_full,LAB004,Xd,kg m$^{-3}$ (= g L$^{-1}$),98.0,0.0438000000000002,0.0092999999999999,0.06,-0.0345000000000003,False,False,False,True
historical calibration replay,theta_full,LAB004,Xd,kg m$^{-3}$ (= g L$^{-1}$),115.0,0.069,0.0092999999999999,0.06,-0.05970000000000011,False,False,False,True
historical calibration replay,theta_full,LAB004,Xd,kg m$^{-3}$ (= g L$^{-1}$),122.0,0.0621000000000002,0.0092999999999999,0.06,-0.0528000000000003,False,False,False,True
historical calibration replay,theta_full,LAB004,Xd,kg m$^{-3}$ (= g L$^{-1}$),163.0,0.0162000000000001,0.03396414443921964,0.06,0.017764144439219542,False,False,True,True
historical calibration replay,theta_full,LAB004,N,kg m$^{-3}$ (= g L$^{-1}$),0.0,0.23076,0.23076,0.0184608,0.0,True,True,False,True
historical calibration replay,theta_full,LAB004,N,kg m$^{-3}$ (= g L$^{-1}$),19.0,0.18272,0.12289320963442285,0.0146176,-0.05982679036557714,False,False,False,True
historical calibration replay,theta_full,LAB004,N,kg m$^{-3}$ (= g L$^{-1}$),26.0,0.15742,0.06315048501277974,0.0125936,-0.09426951498722026,False,False,False,True
historical calibration replay,theta_full,LAB004,N,kg m$^{-3}$ (= g L$^{-1}$),43.0,0.06016,1.7101054974144357e-09,0.012,-0.060159998289894503,False,False,False,True
historical calibration replay,theta_full,LAB004,N,kg m$^{-3}$ (= g L$^{-1}$),50.0,0.019,1.1471272890138987e-13,0.012,-0.018999999999885286,False,False,False,True
historical calibration replay,theta_full,LAB004,N,kg m$^{-3}$ (= g L$^{-1}$),67.0,0.005,0.0,0.012,-0.005,False,False,False,True
historical calibration replay,theta_full,LAB004,N,kg m$^{-3}$ (= g L$^{-1}$),74.0,0.03586,0.01002723450413963,0.012,-0.025832765495860374,False,False,False,True
historical calibration replay,theta_full,LAB004,N,kg m$^{-3}$ (= g L$^{-1}$),91.0,0.009,8.411963381730607e-13,0.012,-0.008999999999158802,False,False,False,True
historical calibration replay,theta_full,LAB004,N,kg m$^{-3}$ (= g L$^{-1}$),98.0,0.007,5.977178059970036e-16,0.012,-0.0069999999999994025,False,False,False,True
historical calibration replay,theta_full,LAB004,N,kg m$^{-3}$ (= g L$^{-1}$),115.0,0.043,3.4278471865899216e-29,0.012,-0.043,False,False,False,True
historical calibration replay,theta_full,LAB004,N,kg m$^{-3}$ (= g L$^{-1}$),122.0,0.011,1.4393815503380703e-36,0.012,-0.011,False,False,False,True
historical calibration replay,theta_full,LAB004,N,kg m$^{-3}$ (= g L$^{-1}$),146.0,0.025,3.0453566045379e-59,0.012,-0.025,False,False,False,True
historical calibration replay,theta_full,LAB004,N,kg m$^{-3}$ (= g L$^{-1}$),163.0,0.02846,1.3868224736944198e-75,0.012,-0.02846,False,False,True,True
historical calibration replay,theta_full,LAB004,G,kg m$^{-3}$ (= g L$^{-1}$),0.0,75.04,75.04,2.5,0.0,True,True,False,True
historical calibration replay,theta_full,LAB004,G,kg m$^{-3}$ (= g L$^{-1}$),19.0,70.28,64.10646726081947,2.5,-6.17353273918053,False,False,False,True
historical calibration replay,theta_full,LAB004,G,kg m$^{-3}$ (= g L$^{-1}$),26.0,68.27,58.5199384254738,2.5,-9.750061574526192,False,False,False,True
historical calibration replay,theta_full,LAB004,G,kg m$^{-3}$ (= g L$^{-1}$),43.0,52.25,43.446271683021344,2.5,-8.803728316978656,False,False,False,True
historical calibration replay,theta_full,LAB004,G,kg m$^{-3}$ (= g L$^{-1}$),50.0,45.2,38.00231070524652,2.5,-7.197689294753481,False,False,False,True
historical calibration replay,theta_full,LAB004,G,kg m$^{-3}$ (= g L$^{-1}$),67.0,26.84,26.504891303703186,2.5,-0.33510869629681395,False,False,False,True
historical calibration replay,theta_full,LAB004,G,kg m$^{-3}$ (= g L$^{-1}$),74.0,18.85,21.716513962648655,2.5,2.8665139626486535,False,False,False,True
historical calibration replay,theta_full,LAB004,G,kg m$^{-3}$ (= g L$^{-1}$),91.0,8.72,11.30479467396563,2.5,2.5847946739656287,False,False,False,True
historical calibration replay,theta_full,LAB004,G,kg m$^{-3}$ (= g L$^{-1}$),98.0,5.28,7.885109567518968,2.5,2.6051095675189675,False,False,False,True
historical calibration replay,theta_full,LAB004,G,kg m$^{-3}$ (= g L$^{-1}$),115.0,0.46,1.8179125736608053,2.5,1.3579125736608053,False,False,False,True
historical calibration replay,theta_full,LAB004,G,kg m$^{-3}$ (= g L$^{-1}$),122.0,0.15,0.7649637534241848,2.5,0.6149637534241847,False,False,False,True
historical calibration replay,theta_full,LAB004,G,kg m$^{-3}$ (= g L$^{-1}$),146.0,0.04,0.019978816500059327,2.5,-0.020021183499940674,False,False,False,True
historical calibration replay,theta_full,LAB004,G,kg m$^{-3}$ (= g L$^{-1}$),163.0,0.0,0.001140001685982898,2.5,0.001140001685982898,False,False,True,True
historical calibration replay,theta_full,LAB004,F,kg m$^{-3}$ (= g L$^{-1}$),0.0,70.80999999999999,70.80999999999999,2.5,0.0,True,True,False,True
historical calibration replay,theta_full,LAB004,F,kg m$^{-3}$ (= g L$^{-1}$),19.0,75.43,65.55593841697078,2.5,-9.874061583029231,False,False,False,True
historical calibration replay,theta_full,LAB004,F,kg m$^{-3}$ (= g L$^{-1}$),26.0,70.58,62.63105886402806,2.5,-7.9489411359719355,False,False,False,True
historical calibration replay,theta_full,LAB004,F,kg m$^{-3}$ (= g L$^{-1}$),43.0,65.46,53.72476192385752,2.5,-11.735238076142473,False,False,False,True
historical calibration replay,theta_full,LAB004,F,kg m$^{-3}$ (= g L$^{-1}$),50.0,59.53999999999999,50.00597775742397,2.5,-9.534022242576022,False,False,False,True
historical calibration replay,theta_full,LAB004,F,kg m$^{-3}$ (= g L$^{-1}$),67.0,48.19,40.848391859485936,2.5,-7.341608140514062,False,False,False,True
historical calibration replay,theta_full,LAB004,F,kg m$^{-3}$ (= g L$^{-1}$),74.0,38.6,36.33703000026353,2.5,-2.2629699997364696,False,False,False,True
historical calibration replay,theta_full,LAB004,F,kg m$^{-3}$ (= g L$^{-1}$),91.0,27.94,24.29284956412601,2.5,-3.647150435873993,False,False,False,True
historical calibration replay,theta_full,LAB004,F,kg m$^{-3}$ (= g L$^{-1}$),98.0,23.02,19.31961389963153,2.5,-3.700386100368469,False,False,False,True
historical calibration replay,theta_full,LAB004,F,kg m$^{-3}$ (= g L$^{-1}$),115.0,6.19,7.511484337950545,2.5,1.3214843379505448,False,False,False,True
historical calibration replay,theta_full,LAB004,F,kg m$^{-3}$ (= g L$^{-1}$),122.0,3.54,4.355315084180722,2.5,0.815315084180722,False,False,False,True
historical calibration replay,theta_full,LAB004,F,kg m$^{-3}$ (= g L$^{-1}$),146.0,0.1099999999999999,0.3816459765988375,2.5,0.2716459765988376,False,False,False,True
historical calibration replay,theta_full,LAB004,F,kg m$^{-3}$ (= g L$^{-1}$),163.0,0.06,0.049247756984292936,2.5,-0.010752243015707062,False,False,True,True
historical calibration replay,theta_full,LAB004,E,kg m$^{-3}$ (= g L$^{-1}$),0.0,9.707652,9.707652,2.0,0.0,True,True,False,True
historical calibration replay,theta_full,LAB004,E,kg m$^{-3}$ (= g L$^{-1}$),50.0,30.543588000000003,32.111569283777754,2.0,1.5679812837777511,False,False,False,True
historical calibration replay,theta_full,LAB004,E,kg m$^{-3}$ (= g L$^{-1}$),91.0,63.69166799999999,55.66428934544133,2.0,-8.02737865455866,False,False,False,True
historical calibration replay,theta_full,LAB004,E,kg m$^{-3}$ (= g L$^{-1}$),146.0,83.501592,74.11489262927402,2.0875398,-9.386699370725978,False,False,False,True
historical calibration replay,theta_full,LAB004,E,kg m$^{-3}$ (= g L$^{-1}$),163.0,82.396656,74.3000243621585,2.0599164,-8.096631637841497,False,False,True,True
historical calibration replay,theta_full,LAB004,Gly,kg m$^{-3}$ (= g L$^{-1}$),0.0,0.99,0.99,0.35,0.0,True,True,False,True
historical calibration replay,theta_full,LAB004,Gly,kg m$^{-3}$ (= g L$^{-1}$),19.0,1.2,1.6935506459554894,0.35,0.4935506459554895,False,False,False,True
historical calibration replay,theta_full,LAB004,Gly,kg m$^{-3}$ (= g L$^{-1}$),26.0,1.28,2.0515309607340777,0.35,0.7715309607340777,False,False,False,True
historical calibration replay,theta_full,LAB004,Gly,kg m$^{-3}$ (= g L$^{-1}$),43.0,2.9,3.0417165942028146,0.35,0.14171659420281468,False,False,False,True
historical calibration replay,theta_full,LAB004,Gly,kg m$^{-3}$ (= g L$^{-1}$),50.0,3.58,3.40483361909906,0.35,-0.17516638090094006,False,False,False,True
historical calibration replay,theta_full,LAB004,Gly,kg m$^{-3}$ (= g L$^{-1}$),67.0,4.47,4.17107299125794,0.35,-0.29892700874205946,False,False,False,True
historical calibration replay,theta_full,LAB004,Gly,kg m$^{-3}$ (= g L$^{-1}$),74.0,4.43,4.471922848495687,0.35,0.041922848495687504,False,False,False,True
historical calibration replay,theta_full,LAB004,Gly,kg m$^{-3}$ (= g L$^{-1}$),91.0,5.7,5.1620967019992126,0.35,-0.5379032980007876,False,False,False,True
historical calibration replay,theta_full,LAB004,Gly,kg m$^{-3}$ (= g L$^{-1}$),98.0,5.68,5.389374702734621,0.35,-0.2906252972653789,False,False,False,True
historical calibration replay,theta_full,LAB004,Gly,kg m$^{-3}$ (= g L$^{-1}$),115.0,6.62,5.791094647573698,0.35,-0.8289053524263021,False,False,False,True
historical calibration replay,theta_full,LAB004,Gly,kg m$^{-3}$ (= g L$^{-1}$),122.0,6.4,5.860060210916896,0.35,-0.5399397890831041,False,False,False,True
historical calibration replay,theta_full,LAB004,Gly,kg m$^{-3}$ (= g L$^{-1}$),146.0,6.15,5.907560120262274,0.35,-0.2424398797377263,False,False,False,True
historical calibration replay,theta_full,LAB004,Gly,kg m$^{-3}$ (= g L$^{-1}$),163.0,6.28,5.908653668918146,0.35,-0.37134633108185433,False,False,True,True
historical calibration replay,theta_full,LAB005,X,kg m$^{-3}$ (= g L$^{-1}$),0.0,0.4932,0.4932,0.06,0.0,True,True,False,True
historical calibration replay,theta_full,LAB005,X,kg m$^{-3}$ (= g L$^{-1}$),19.0,0.6462,1.0017257047407695,0.06,0.3555257047407695,False,False,False,True
historical calibration replay,theta_full,LAB005,X,kg m$^{-3}$ (= g L$^{-1}$),26.0,0.7605000000000001,1.266625109986997,0.060840000000000005,0.5061251099869969,False,False,False,True
historical calibration replay,theta_full,LAB005,X,kg m$^{-3}$ (= g L$^{-1}$),43.0,0.9516,1.3420866625359587,0.076128,0.39048666253595865,False,False,False,True
historical calibration replay,theta_full,LAB005,X,kg m$^{-3}$ (= g L$^{-1}$),50.0,1.7166,1.342086662555502,0.137328,-0.374513337444498,False,False,False,True
historical calibration replay,theta_full,LAB005,X,kg m$^{-3}$ (= g L$^{-1}$),67.0,1.7628,1.3420866625555188,0.141024,-0.42071333744448114,False,False,False,True
historical calibration replay,theta_full,LAB005,X,kg m$^{-3}$ (= g L$^{-1}$),74.0,1.9977,1.6168193931252772,0.159816,-0.3808806068747228,False,False,False,True
historical calibration replay,theta_full,LAB005,X,kg m$^{-3}$ (= g L$^{-1}$),91.0,1.8363,1.6408589183590685,0.146904,-0.19544108164093155,False,False,False,True
historical calibration replay,theta_full,LAB005,X,kg m$^{-3}$ (= g L$^{-1}$),98.0,2.136,1.6408589183590685,0.17088,-0.4951410816409316,False,False,False,True
historical calibration replay,theta_full,LAB005,X,kg m$^{-3}$ (= g L$^{-1}$),115.0,1.0598999999999998,1.6338920648030764,0.08479199999999999,0.5739920648030765,False,False,False,True
historical calibration replay,theta_full,LAB005,X,kg m$^{-3}$ (= g L$^{-1}$),122.0,2.0667,1.6275741666327632,0.165336,-0.43912583336723676,False,False,False,True
historical calibration replay,theta_full,LAB005,X,kg m$^{-3}$ (= g L$^{-1}$),163.0,1.8342,1.5813899979091852,0.146736,-0.25281000209081483,False,False,True,True
historical calibration replay,theta_full,LAB005,Xd,kg m$^{-3}$ (= g L$^{-1}$),0.0,0.0158999999999999,0.0158999999999999,0.06,0.0,True,True,False,True
historical calibration replay,theta_full,LAB005,Xd,kg m$^{-3}$ (= g L$^{-1}$),19.0,0.0048,0.0158999999999999,0.06,0.011099999999999902,False,False,False,True
historical calibration replay,theta_full,LAB005,Xd,kg m$^{-3}$ (= g L$^{-1}$),26.0,0.0021,0.0158999999999999,0.06,0.013799999999999901,False,False,False,True
historical calibration replay,theta_full,LAB005,Xd,kg m$^{-3}$ (= g L$^{-1}$),43.0,0.6291,0.0158999999999999,0.07549199999999999,-0.6132000000000001,False,False,False,True
historical calibration replay,theta_full,LAB005,Xd,kg m$^{-3}$ (= g L$^{-1}$),50.0,0.0093,0.0158999999999999,0.06,0.006599999999999901,False,False,False,True
historical calibration replay,theta_full,LAB005,Xd,kg m$^{-3}$ (= g L$^{-1}$),67.0,0.0021,0.0158999999999999,0.06,0.013799999999999901,False,False,False,True
historical calibration replay,theta_full,LAB005,Xd,kg m$^{-3}$ (= g L$^{-1}$),74.0,0.0068999999999996,0.0158999999999999,0.06,0.0090000000000003,False,False,False,True
historical calibration replay,theta_full,LAB005,Xd,kg m$^{-3}$ (= g L$^{-1}$),91.0,0.0093,0.0158999999999999,0.06,0.006599999999999901,False,False,False,True
historical calibration replay,theta_full,LAB005,Xd,kg m$^{-3}$ (= g L$^{-1}$),98.0,0.0320999999999997,0.0158999999999999,0.06,-0.016199999999999798,False,False,False,True
historical calibration replay,theta_full,LAB005,Xd,kg m$^{-3}$ (= g L$^{-1}$),115.0,0.0323999999999999,0.02286685355599266,0.06,-0.00953314644400724,False,False,False,True
historical calibration replay,theta_full,LAB005,Xd,kg m$^{-3}$ (= g L$^{-1}$),122.0,0.0669000000000001,0.029184751726305948,0.06,-0.03771524827369415,False,False,False,True
historical calibration replay,theta_full,LAB005,Xd,kg m$^{-3}$ (= g L$^{-1}$),163.0,0.0089999999999999,0.07536892044988394,0.06,0.06636892044988404,False,False,True,True
historical calibration replay,theta_full,LAB005,N,kg m$^{-3}$ (= g L$^{-1}$),0.0,0.2272999999999999,0.2272999999999999,0.018183999999999992,0.0,True,True,False,True
historical calibration replay,theta_full,LAB005,N,kg m$^{-3}$ (= g L$^{-1}$),19.0,0.19154,0.09113589495963181,0.015323199999999999,-0.10040410504036817,False,False,False,True
historical calibration replay,theta_full,LAB005,N,kg m$^{-3}$ (= g L$^{-1}$),26.0,0.15824,0.020205772637760987,0.012659199999999999,-0.138034227362239,False,False,False,True
historical calibration replay,theta_full,LAB005,N,kg m$^{-3}$ (= g L$^{-1}$),43.0,0.0532399999999999,5.2370467678636495e-12,0.012,-0.05323999999476285,False,False,False,True
historical calibration replay,theta_full,LAB005,N,kg m$^{-3}$ (= g L$^{-1}$),50.0,0.019,3.9760993987897416e-15,0.012,-0.018999999999996024,False,False,False,True
historical calibration replay,theta_full,LAB005,N,kg m$^{-3}$ (= g L$^{-1}$),67.0,0.012,0.0,0.012,-0.012,False,False,False,True
historical calibration replay,theta_full,LAB005,N,kg m$^{-3}$ (= g L$^{-1}$),74.0,0.03568,0.006436882079740913,0.012,-0.02924311792025909,False,False,False,True
historical calibration replay,theta_full,LAB005,N,kg m$^{-3}$ (= g L$^{-1}$),91.0,0.011,0.0,0.012,-0.011,False,False,False,True
historical calibration replay,theta_full,LAB005,N,kg m$^{-3}$ (= g L$^{-1}$),98.0,0.01,0.0,0.012,-0.01,False,False,False,True
historical calibration replay,theta_full,LAB005,N,kg m$^{-3}$ (= g L$^{-1}$),115.0,0.046,0.0,0.012,-0.046,False,False,False,True
historical calibration replay,theta_full,LAB005,N,kg m$^{-3}$ (= g L$^{-1}$),122.0,0.014,0.0,0.012,-0.014,False,False,False,True
historical calibration replay,theta_full,LAB005,N,kg m$^{-3}$ (= g L$^{-1}$),146.0,0.027,0.0,0.012,-0.027,False,False,False,True
historical calibration replay,theta_full,LAB005,N,kg m$^{-3}$ (= g L$^{-1}$),163.0,0.03228,0.0,0.012,-0.03228,False,False,True,True
historical calibration replay,theta_full,LAB005,G,kg m$^{-3}$ (= g L$^{-1}$),0.0,77.71,77.71,2.5,0.0,True,True,False,True
historical calibration replay,theta_full,LAB005,G,kg m$^{-3}$ (= g L$^{-1}$),19.0,70.76,64.19603035544633,2.5,-6.56396964455368,False,False,False,True
historical calibration replay,theta_full,LAB005,G,kg m$^{-3}$ (= g L$^{-1}$),26.0,66.58,57.47859510634315,2.5,-9.101404893656849,False,False,False,True
historical calibration replay,theta_full,LAB005,G,kg m$^{-3}$ (= g L$^{-1}$),43.0,49.85,41.81960321020689,2.5,-8.030396789793109,False,False,False,True
historical calibration replay,theta_full,LAB005,G,kg m$^{-3}$ (= g L$^{-1}$),50.0,44.05,36.3260397971837,2.5,-7.723960202816301,False,False,False,True
historical calibration replay,theta_full,LAB005,G,kg m$^{-3}$ (= g L$^{-1}$),67.0,25.97,24.760718481566133,2.5,-1.2092815184338654,False,False,False,True
historical calibration replay,theta_full,LAB005,G,kg m$^{-3}$ (= g L$^{-1}$),74.0,20.27,19.98383783667973,2.5,-0.2861621633202702,False,False,False,True
historical calibration replay,theta_full,LAB005,G,kg m$^{-3}$ (= g L$^{-1}$),91.0,9.32,9.880493946140742,2.5,0.5604939461407419,False,False,False,True
historical calibration replay,theta_full,LAB005,G,kg m$^{-3}$ (= g L$^{-1}$),98.0,6.3,6.649087066997586,2.5,0.34908706699758607,False,False,False,True
historical calibration replay,theta_full,LAB005,G,kg m$^{-3}$ (= g L$^{-1}$),115.0,0.67,1.3958002911722533,2.5,0.7258002911722533,False,False,False,True
historical calibration replay,theta_full,LAB005,G,kg m$^{-3}$ (= g L$^{-1}$),122.0,0.27,0.5912827485383043,2.5,0.3212827485383043,False,False,False,True
historical calibration replay,theta_full,LAB005,G,kg m$^{-3}$ (= g L$^{-1}$),146.0,0.03,0.02047872366570823,2.5,-0.00952127633429177,False,False,False,True
historical calibration replay,theta_full,LAB005,G,kg m$^{-3}$ (= g L$^{-1}$),163.0,0.0,0.001501713665268583,2.5,0.001501713665268583,False,False,True,True
historical calibration replay,theta_full,LAB005,F,kg m$^{-3}$ (= g L$^{-1}$),0.0,87.95,87.95,2.5,0.0,True,True,False,True
historical calibration replay,theta_full,LAB005,F,kg m$^{-3}$ (= g L$^{-1}$),19.0,71.95,81.25740299219984,2.5,9.30740299219984,False,False,False,True
historical calibration replay,theta_full,LAB005,F,kg m$^{-3}$ (= g L$^{-1}$),26.0,71.73,77.53474886848235,2.5,5.804748868482349,False,False,False,True
historical calibration replay,theta_full,LAB005,F,kg m$^{-3}$ (= g L$^{-1}$),43.0,61.56,67.55628738601402,2.5,5.996287386014018,False,False,False,True
historical calibration replay,theta_full,LAB005,F,kg m$^{-3}$ (= g L$^{-1}$),50.0,60.540000000000006,63.41301946455573,2.5,2.8730194645557248,False,False,False,True
historical calibration replay,theta_full,LAB005,F,kg m$^{-3}$ (= g L$^{-1}$),67.0,47.91,53.04771788714901,2.5,5.137717887149016,False,False,False,True
historical calibration replay,theta_full,LAB005,F,kg m$^{-3}$ (= g L$^{-1}$),74.0,43.31,47.90966499808183,2.5,4.599664998081828,False,False,False,True
historical calibration replay,theta_full,LAB005,F,kg m$^{-3}$ (= g L$^{-1}$),91.0,29.3,33.87626089114992,2.5,4.576260891149918,False,False,False,True
historical calibration replay,theta_full,LAB005,F,kg m$^{-3}$ (= g L$^{-1}$),98.0,24.38,27.84252088989552,2.5,3.462520889895522,False,False,False,True
historical calibration replay,theta_full,LAB005,F,kg m$^{-3}$ (= g L$^{-1}$),115.0,7.529999999999999,12.599051452108428,2.5,5.069051452108429,False,False,False,True
historical calibration replay,theta_full,LAB005,F,kg m$^{-3}$ (= g L$^{-1}$),122.0,4.73,8.048144508624555,2.5,3.3181445086245542,False,False,False,True
historical calibration replay,theta_full,LAB005,F,kg m$^{-3}$ (= g L$^{-1}$),146.0,0.09,1.0293533240025077,2.5,0.9393533240025077,False,False,False,True
historical calibration replay,theta_full,LAB005,F,kg m$^{-3}$ (= g L$^{-1}$),163.0,0.01,0.16436555105614437,2.5,0.15436555105614436,False,False,True,True
historical calibration replay,theta_full,LAB005,E,kg m$^{-3}$ (= g L$^{-1}$),0.0,9.786576,9.786576,2.0,0.0,True,True,False,True
historical calibration replay,theta_full,LAB005,E,kg m$^{-3}$ (= g L$^{-1}$),50.0,31.253904,35.763339421395386,2.0,4.509435421395388,False,False,False,True
historical calibration replay,theta_full,LAB005,E,kg m$^{-3}$ (= g L$^{-1}$),91.0,61.95534000000001,61.79884402915874,2.0,-0.1564959708412701,False,False,False,True
historical calibration replay,theta_full,LAB005,E,kg m$^{-3}$ (= g L$^{-1}$),146.0,83.97513599999999,85.83660652174429,2.0993784,1.8614705217442946,False,False,False,True
historical calibration replay,theta_full,LAB005,E,kg m$^{-3}$ (= g L$^{-1}$),163.0,80.66032799999999,86.32382341267933,2.0165082,5.663495412679339,False,False,True,True
historical calibration replay,theta_full,LAB005,Gly,kg m$^{-3}$ (= g L$^{-1}$),0.0,1.09,1.09,0.35,0.0,True,True,False,True
historical calibration replay,theta_full,LAB005,Gly,kg m$^{-3}$ (= g L$^{-1}$),19.0,8.19,1.9594199814068638,0.4095,-6.230580018593136,False,False,False,True
historical calibration replay,theta_full,LAB005,Gly,kg m$^{-3}$ (= g L$^{-1}$),26.0,1.28,2.3903679269534726,0.35,1.1103679269534725,False,False,False,True
historical calibration replay,theta_full,LAB005,Gly,kg m$^{-3}$ (= g L$^{-1}$),43.0,2.87,3.431522845725888,0.35,0.5615228457258881,False,False,False,True
historical calibration replay,theta_full,LAB005,Gly,kg m$^{-3}$ (= g L$^{-1}$),50.0,3.58,3.798328999880754,0.35,0.21832899988075383,False,False,False,True
historical calibration replay,theta_full,LAB005,Gly,kg m$^{-3}$ (= g L$^{-1}$),67.0,4.5,4.5701498123690625,0.35,0.07014981236906248,False,False,False,True
historical calibration replay,theta_full,LAB005,Gly,kg m$^{-3}$ (= g L$^{-1}$),74.0,4.96,4.8698504966486,0.35,-0.09014950335139993,False,False,False,True
historical calibration replay,theta_full,LAB005,Gly,kg m$^{-3}$ (= g L$^{-1}$),91.0,5.61,5.542070079919262,0.35,-0.06792992008073817,False,False,False,True
historical calibration replay,theta_full,LAB005,Gly,kg m$^{-3}$ (= g L$^{-1}$),98.0,5.87,5.7575587568399085,0.35,-0.11244124316009163,False,False,False,True
historical calibration replay,theta_full,LAB005,Gly,kg m$^{-3}$ (= g L$^{-1}$),115.0,6.63,6.107228126648372,0.35,-0.522771873351628,False,False,False,True
historical calibration replay,theta_full,LAB005,Gly,kg m$^{-3}$ (= g L$^{-1}$),122.0,6.3,6.160468858861946,0.35,-0.13953114113805398,False,False,False,True
historical calibration replay,theta_full,LAB005,Gly,kg m$^{-3}$ (= g L$^{-1}$),146.0,6.22,6.197594018826106,0.35,-0.02240598117389414,False,False,False,True
historical calibration replay,theta_full,LAB005,Gly,kg m$^{-3}$ (= g L$^{-1}$),163.0,6.17,6.198728388459198,0.35,0.02872838845919823,False,False,True,True
historical calibration replay,theta_full,LAB006,X,kg m$^{-3}$ (= g L$^{-1}$),0.0,0.0989999999999999,0.0989999999999999,0.06,0.0,True,True,False,True
historical calibration replay,theta_full,LAB006,X,kg m$^{-3}$ (= g L$^{-1}$),19.0,0.5841,0.18190678352658451,0.06,-0.40219321647341544,False,False,False,True
historical calibration replay,theta_full,LAB006,X,kg m$^{-3}$ (= g L$^{-1}$),26.0,0.5817,0.22706282495394026,0.06,-0.35463717504605974,False,False,False,True
historical calibration replay,theta_full,LAB006,X,kg m$^{-3}$ (= g L$^{-1}$),43.0,0.447,0.38904779604539236,0.06,-0.05795220395460765,False,False,False,True
historical calibration replay,theta_full,LAB006,X,kg m$^{-3}$ (= g L$^{-1}$),50.0,1.2372,0.4845161711686118,0.09897600000000001,-0.7526838288313883,False,False,False,True
historical calibration replay,theta_full,LAB006,X,kg m$^{-3}$ (= g L$^{-1}$),67.0,1.9515,0.8105188656463239,0.15612,-1.1409811343536762,False,False,False,True
historical calibration replay,theta_full,LAB006,X,kg m$^{-3}$ (= g L$^{-1}$),74.0,1.3779,0.944529260038965,0.110232,-0.4333707399610349,False,False,False,True
historical calibration replay,theta_full,LAB006,X,kg m$^{-3}$ (= g L$^{-1}$),98.0,2.3319,0.9546837313010412,0.18655200000000002,-1.3772162686989589,False,False,False,True
historical calibration replay,theta_full,LAB006,X,kg m$^{-3}$ (= g L$^{-1}$),115.0,1.2327,1.2534537647531014,0.098616,0.020753764753101533,False,False,False,True
historical calibration replay,theta_full,LAB006,X,kg m$^{-3}$ (= g L$^{-1}$),122.0,1.8156,1.2534559861432462,0.14524800000000002,-0.5621440138567539,False,False,False,True
historical calibration replay,theta_full,LAB006,X,kg m$^{-3}$ (= g L$^{-1}$),139.0,1.8642,1.2534559861432462,0.14913600000000002,-0.6107440138567539,False,False,False,True
historical calibration replay,theta_full,LAB006,X,kg m$^{-3}$ (= g L$^{-1}$),170.0,1.4748,1.2534559861432462,0.117984,-0.22134401385675395,False,False,False,True
historical calibration replay,theta_full,LAB006,X,kg m$^{-3}$ (= g L$^{-1}$),194.0,1.7004,1.2534559861432462,0.136032,-0.44694401385675375,False,False,False,True
historical calibration replay,theta_full,LAB006,X,kg m$^{-3}$ (= g L$^{-1}$),211.0,2.5047,1.2486677449097023,0.20037600000000003,-1.2560322550902978,False,False,True,True
historical calibration replay,theta_full,LAB006,Xd,kg m$^{-3}$ (= g L$^{-1}$),0.0,0.0275999999999999,0.0275999999999999,0.06,0.0,True,True,False,True
historical calibration replay,theta_full,LAB006,Xd,kg m$^{-3}$ (= g L$^{-1}$),19.0,0.0080999999999999,0.0275999999999999,0.06,0.019499999999999997,False,False,False,True
historical calibration replay,theta_full,LAB006,Xd,kg m$^{-3}$ (= g L$^{-1}$),26.0,0.0036,0.0275999999999999,0.06,0.0239999999999999,False,False,False,True
historical calibration replay,theta_full,LAB006,Xd,kg m$^{-3}$ (= g L$^{-1}$),43.0,0.5390999999999999,0.0275999999999999,0.06469199999999999,-0.5115000000000001,False,False,False,True
historical calibration replay,theta_full,LAB006,Xd,kg m$^{-3}$ (= g L$^{-1}$),50.0,0.0092999999999998,0.0275999999999999,0.06,0.0183000000000001,False,False,False,True
historical calibration replay,theta_full,LAB006,Xd,kg m$^{-3}$ (= g L$^{-1}$),67.0,0.0023999999999999,0.0275999999999999,0.06,0.0252,False,False,False,True
historical calibration replay,theta_full,LAB006,Xd,kg m$^{-3}$ (= g L$^{-1}$),74.0,0.0044999999999999,0.0275999999999999,0.06,0.0231,False,False,False,True
historical calibration replay,theta_full,LAB006,Xd,kg m$^{-3}$ (= g L$^{-1}$),98.0,0.0551999999999996,0.0275999999999999,0.06,-0.027599999999999698,False,False,False,True
historical calibration replay,theta_full,LAB006,Xd,kg m$^{-3}$ (= g L$^{-1}$),115.0,0.0575999999999998,0.0275999999999999,0.06,-0.0299999999999999,False,False,False,True
historical calibration replay,theta_full,LAB006,Xd,kg m$^{-3}$ (= g L$^{-1}$),122.0,0.0944999999999999,0.0275999999999999,0.06,-0.0669,False,False,False,True
historical calibration replay,theta_full,LAB006,Xd,kg m$^{-3}$ (= g L$^{-1}$),139.0,0.0689999999999999,0.0275999999999999,0.06,-0.04139999999999999,False,False,False,True
historical calibration replay,theta_full,LAB006,Xd,kg m$^{-3}$ (= g L$^{-1}$),170.0,0.0183000000000001,0.0275999999999999,0.06,0.009299999999999798,False,False,False,True
historical calibration replay,theta_full,LAB006,Xd,kg m$^{-3}$ (= g L$^{-1}$),194.0,0.0117,0.0275999999999999,0.06,0.0158999999999999,False,False,False,True
historical calibration replay,theta_full,LAB006,Xd,kg m$^{-3}$ (= g L$^{-1}$),211.0,0.0069000000000001,0.0323882412335439,0.06,0.025488241233543797,False,False,True,True
historical calibration replay,theta_full,LAB006,N,kg m$^{-3}$ (= g L$^{-1}$),0.0,0.22912,0.22912,0.018329599999999998,0.0,True,True,False,True
historical calibration replay,theta_full,LAB006,N,kg m$^{-3}$ (= g L$^{-1}$),19.0,0.199,0.20692067383923554,0.01592,0.007920673839235531,False,False,False,True
historical calibration replay,theta_full,LAB006,N,kg m$^{-3}$ (= g L$^{-1}$),26.0,0.1808999999999999,0.1948295800935298,0.014471999999999992,0.013929580093529903,False,False,False,True
historical calibration replay,theta_full,LAB006,N,kg m$^{-3}$ (= g L$^{-1}$),43.0,0.1321,0.1514560821306271,0.012,0.019356082130627117,False,False,False,True
historical calibration replay,theta_full,LAB006,N,kg m$^{-3}$ (= g L$^{-1}$),50.0,0.1016,0.12589323302167607,0.012,0.024293233021676075,False,False,False,True
historical calibration replay,theta_full,LAB006,N,kg m$^{-3}$ (= g L$^{-1}$),67.0,0.0404,0.03860194229540906,0.012,-0.0017980577045909399,False,False,False,True
historical calibration replay,theta_full,LAB006,N,kg m$^{-3}$ (= g L$^{-1}$),74.0,0.021,0.0027189864320810663,0.012,-0.018281013567918936,False,False,False,True
historical calibration replay,theta_full,LAB006,N,kg m$^{-3}$ (= g L$^{-1}$),98.0,0.0,0.0,0.012,0.0,False,False,False,True
historical calibration replay,theta_full,LAB006,N,kg m$^{-3}$ (= g L$^{-1}$),115.0,0.058,5.941909604087489e-07,0.012,-0.057999405809039596,False,False,False,True
historical calibration replay,theta_full,LAB006,N,kg m$^{-3}$ (= g L$^{-1}$),122.0,0.027,0.0,0.012,-0.027,False,False,False,True
historical calibration replay,theta_full,LAB006,N,kg m$^{-3}$ (= g L$^{-1}$),139.0,0.039,0.0,0.012,-0.039,False,False,False,True
historical calibration replay,theta_full,LAB006,N,kg m$^{-3}$ (= g L$^{-1}$),146.0,0.041,0.0,0.012,-0.041,False,False,False,True
historical calibration replay,theta_full,LAB006,N,kg m$^{-3}$ (= g L$^{-1}$),170.0,0.04474,0.0,0.012,-0.04474,False,False,False,True
historical calibration replay,theta_full,LAB006,N,kg m$^{-3}$ (= g L$^{-1}$),194.0,0.04164,0.0,0.012,-0.04164,False,False,False,True
historical calibration replay,theta_full,LAB006,N,kg m$^{-3}$ (= g L$^{-1}$),211.0,0.032,0.0,0.012,-0.032,False,False,True,True
historical calibration replay,theta_full,LAB006,G,kg m$^{-3}$ (= g L$^{-1}$),0.0,81.63,81.63,2.5,0.0,True,True,False,True
historical calibration replay,theta_full,LAB006,G,kg m$^{-3}$ (= g L$^{-1}$),19.0,71.62,79.02798035607186,2.5,7.40798035607186,False,False,False,True
historical calibration replay,theta_full,LAB006,G,kg m$^{-3}$ (= g L$^{-1}$),26.0,70.18,77.64599553060673,2.5,7.465995530606719,False,False,False,True
historical calibration replay,theta_full,LAB006,G,kg m$^{-3}$ (= g L$^{-1}$),43.0,60.47,72.90556951153908,2.5,12.435569511539086,False,False,False,True
historical calibration replay,theta_full,LAB006,G,kg m$^{-3}$ (= g L$^{-1}$),50.0,61.47,70.23819471999471,2.5,8.76819471999471,False,False,False,True
historical calibration replay,theta_full,LAB006,G,kg m$^{-3}$ (= g L$^{-1}$),67.0,44.39,61.52099679982565,2.5,17.130996799825652,False,False,False,True
historical calibration replay,theta_full,LAB006,G,kg m$^{-3}$ (= g L$^{-1}$),74.0,38.91,57.03055169901647,2.5,18.120551699016474,False,False,False,True
historical calibration replay,theta_full,LAB006,G,kg m$^{-3}$ (= g L$^{-1}$),98.0,20.89,42.988124135425544,2.5,22.098124135425543,False,False,False,True
historical calibration replay,theta_full,LAB006,G,kg m$^{-3}$ (= g L$^{-1}$),115.0,11.13,32.66833339024803,2.5,21.538333390248027,False,False,False,True
historical calibration replay,theta_full,LAB006,G,kg m$^{-3}$ (= g L$^{-1}$),122.0,9.46,28.622148804839153,2.5,19.162148804839152,False,False,False,True
historical calibration replay,theta_full,LAB006,G,kg m$^{-3}$ (= g L$^{-1}$),139.0,2.45,19.080409442213927,2.5,16.630409442213928,False,False,False,True
historical calibration replay,theta_full,LAB006,G,kg m$^{-3}$ (= g L$^{-1}$),146.0,1.33,15.61705372707357,2.5,14.28705372707357,False,False,False,True
historical calibration replay,theta_full,LAB006,G,kg m$^{-3}$ (= g L$^{-1}$),170.0,0.19,6.15742344572267,2.5,5.96742344572267,False,False,False,True
historical calibration replay,theta_full,LAB006,G,kg m$^{-3}$ (= g L$^{-1}$),194.0,0.0,1.1345719229222462,2.5,1.1345719229222462,False,False,False,True
historical calibration replay,theta_full,LAB006,G,kg m$^{-3}$ (= g L$^{-1}$),211.0,0.0,0.19403337648417635,2.5,0.19403337648417635,False,False,True,True
historical calibration replay,theta_full,LAB006,F,kg m$^{-3}$ (= g L$^{-1}$),0.0,75.81,75.81,2.5,0.0,True,True,False,True
historical calibration replay,theta_full,LAB006,F,kg m$^{-3}$ (= g L$^{-1}$),19.0,72.32,74.77201535081981,2.5,2.4520153508198206,False,False,False,True
historical calibration replay,theta_full,LAB006,F,kg m$^{-3}$ (= g L$^{-1}$),26.0,66.37,74.21165181747394,2.5,7.841651817473931,False,False,False,True
historical calibration replay,theta_full,LAB006,F,kg m$^{-3}$ (= g L$^{-1}$),43.0,69.49000000000001,72.22138722168067,2.5,2.731387221680663,False,False,False,True
historical calibration replay,theta_full,LAB006,F,kg m$^{-3}$ (= g L$^{-1}$),50.0,66.07000000000001,71.05615233226735,2.5,4.986152332267338,False,False,False,True
historical calibration replay,theta_full,LAB006,F,kg m$^{-3}$ (= g L$^{-1}$),67.0,61.11,66.99148337753763,2.5,5.881483377537634,False,False,False,True
historical calibration replay,theta_full,LAB006,F,kg m$^{-3}$ (= g L$^{-1}$),74.0,56.09,64.74604840597961,2.5,8.656048405979604,False,False,False,True
historical calibration replay,theta_full,LAB006,F,kg m$^{-3}$ (= g L$^{-1}$),98.0,43.04,56.90284960057774,2.5,13.86284960057774,False,False,False,True
historical calibration replay,theta_full,LAB006,F,kg m$^{-3}$ (= g L$^{-1}$),115.0,32.08,49.778853733516144,2.5,17.698853733516145,False,False,False,True
historical calibration replay,theta_full,LAB006,F,kg m$^{-3}$ (= g L$^{-1}$),122.0,29.25,46.5855141842148,2.5,17.3355141842148,False,False,False,True
historical calibration replay,theta_full,LAB006,F,kg m$^{-3}$ (= g L$^{-1}$),139.0,18.82,37.222880872438836,2.5,18.402880872438836,False,False,False,True
historical calibration replay,theta_full,LAB006,F,kg m$^{-3}$ (= g L$^{-1}$),146.0,12.38,33.16913181790224,2.5,20.789131817902238,False,False,False,True
historical calibration replay,theta_full,LAB006,F,kg m$^{-3}$ (= g L$^{-1}$),170.0,4.5,19.171849474780284,2.5,14.671849474780284,False,False,False,True
historical calibration replay,theta_full,LAB006,F,kg m$^{-3}$ (= g L$^{-1}$),194.0,0.88,7.178403753783003,2.5,6.2984037537830035,False,False,False,True
historical calibration replay,theta_full,LAB006,F,kg m$^{-3}$ (= g L$^{-1}$),211.0,0.17,2.502463620486565,2.5,2.332463620486565,False,False,True,True
historical calibration replay,theta_full,LAB006,E,kg m$^{-3}$ (= g L$^{-1}$),0.0,9.8655,9.8655,2.0,0.0,True,True,False,True
historical calibration replay,theta_full,LAB006,E,kg m$^{-3}$ (= g L$^{-1}$),50.0,21.072708,15.552408077133673,2.0,-5.520299922866325,False,False,False,True
historical calibration replay,theta_full,LAB006,E,kg m$^{-3}$ (= g L$^{-1}$),115.0,61.718568,38.42883110455632,2.0,-23.289736895443674,False,False,False,True
historical calibration replay,theta_full,LAB006,E,kg m$^{-3}$ (= g L$^{-1}$),146.0,77.108748,53.7484867974657,2.0,-23.360261202534303,False,False,False,True
historical calibration replay,theta_full,LAB006,E,kg m$^{-3}$ (= g L$^{-1}$),211.0,82.712352,77.88353924127625,2.0678088,-4.828812758723743,False,False,True,True
historical calibration replay,theta_full,LAB006,Gly,kg m$^{-3}$ (= g L$^{-1}$),0.0,1.17,1.17,0.35,0.0,True,True,False,True
historical calibration replay,theta_full,LAB006,Gly,kg m$^{-3}$ (= g L$^{-1}$),19.0,0.9,1.338441841959403,0.35,0.43844184195940306,False,False,False,True
historical calibration replay,theta_full,LAB006,Gly,kg m$^{-3}$ (= g L$^{-1}$),26.0,0.99,1.427809638572767,0.35,0.437809638572767,False,False,False,True
historical calibration replay,theta_full,LAB006,Gly,kg m$^{-3}$ (= g L$^{-1}$),43.0,2.34,1.7337663447072147,0.35,-0.6062336552927852,False,False,False,True
historical calibration replay,theta_full,LAB006,Gly,kg m$^{-3}$ (= g L$^{-1}$),50.0,2.83,1.905561083899529,0.35,-0.9244389161004711,False,False,False,True
historical calibration replay,theta_full,LAB006,Gly,kg m$^{-3}$ (= g L$^{-1}$),67.0,3.45,2.465717886078209,0.35,-0.984282113921791,False,False,False,True
historical calibration replay,theta_full,LAB006,Gly,kg m$^{-3}$ (= g L$^{-1}$),74.0,3.67,2.7564342968919835,0.35,-0.9135657031080164,False,False,False,True
historical calibration replay,theta_full,LAB006,Gly,kg m$^{-3}$ (= g L$^{-1}$),98.0,4.89,3.693033217944041,0.35,-1.1969667820559589,False,False,False,True
historical calibration replay,theta_full,LAB006,Gly,kg m$^{-3}$ (= g L$^{-1}$),115.0,5.56,4.36054048441013,0.35,-1.1994595155898695,False,False,False,True
historical calibration replay,theta_full,LAB006,Gly,kg m$^{-3}$ (= g L$^{-1}$),122.0,5.75,4.630200495704698,0.35,-1.119799504295302,False,False,False,True
historical calibration replay,theta_full,LAB006,Gly,kg m$^{-3}$ (= g L$^{-1}$),139.0,6.24,5.26576654832389,0.35,-0.9742334516761106,False,False,False,True
historical calibration replay,theta_full,LAB006,Gly,kg m$^{-3}$ (= g L$^{-1}$),146.0,6.01,5.496329602709886,0.35,-0.513670397290114,False,False,False,True
historical calibration replay,theta_full,LAB006,Gly,kg m$^{-3}$ (= g L$^{-1}$),170.0,5.78,6.125611974571728,0.35,0.3456119745717281,False,False,False,True
historical calibration replay,theta_full,LAB006,Gly,kg m$^{-3}$ (= g L$^{-1}$),194.0,5.62,6.4587166546910435,0.35,0.8387166546910434,False,False,False,True
historical calibration replay,theta_full,LAB006,Gly,kg m$^{-3}$ (= g L$^{-1}$),211.0,6.34,6.520279702778516,0.35,0.1802797027785159,False,False,True,True
historical calibration replay,theta_full,LAB007,X,kg m$^{-3}$ (= g L$^{-1}$),0.0,0.2916,0.2916,0.06,0.0,True,True,False,True
historical calibration replay,theta_full,LAB007,X,kg m$^{-3}$ (= g L$^{-1}$),16.0,0.6312,0.5242023025983215,0.06,-0.10699769740167853,False,False,False,True
historical calibration replay,theta_full,LAB007,X,kg m$^{-3}$ (= g L$^{-1}$),24.0,0.7338,0.6995403234520706,0.06,-0.034259676547929385,False,False,False,True
historical calibration replay,theta_full,LAB007,X,kg m$^{-3}$ (= g L$^{-1}$),40.0,1.2477,1.1719402544593331,0.099816,-0.07575974554066689,False,False,False,True
historical calibration replay,theta_full,LAB007,X,kg m$^{-3}$ (= g L$^{-1}$),48.0,1.4124,1.184331392280317,0.11299200000000001,-0.22806860771968318,False,False,False,True
historical calibration replay,theta_full,LAB007,X,kg m$^{-3}$ (= g L$^{-1}$),64.0,1.7004,1.1843314906260254,0.136032,-0.5160685093739745,False,False,False,True
historical calibration replay,theta_full,LAB007,X,kg m$^{-3}$ (= g L$^{-1}$),72.0,1.7004,1.4643232994306825,0.136032,-0.2360767005693174,False,False,False,True
historical calibration replay,theta_full,LAB007,X,kg m$^{-3}$ (= g L$^{-1}$),88.0,1.9446,1.483103743162766,0.155568,-0.46149625683723405,False,False,False,True
historical calibration replay,theta_full,LAB007,X,kg m$^{-3}$ (= g L$^{-1}$),96.0,1.6959,1.4831037431682086,0.135672,-0.21279625683179137,False,False,False,True
historical calibration replay,theta_full,LAB007,X,kg m$^{-3}$ (= g L$^{-1}$),112.0,1.7949,1.4831037431682086,0.143592,-0.31179625683179135,False,False,False,True
historical calibration replay,theta_full,LAB007,X,kg m$^{-3}$ (= g L$^{-1}$),120.0,1.7673,1.4831037431682086,0.141384,-0.2841962568317915,False,False,False,True
historical calibration replay,theta_full,LAB007,X,kg m$^{-3}$ (= g L$^{-1}$),144.0,1.7973,1.4709715938286874,0.143784,-0.32632840617131254,False,False,False,True
historical calibration replay,theta_full,LAB007,X,kg m$^{-3}$ (= g L$^{-1}$),160.0,0.8964,1.4591043426116774,0.071712,0.5627043426116775,False,False,True,True
historical calibration replay,theta_full,LAB007,Xd,kg m$^{-3}$ (= g L$^{-1}$),0.0,0.0008999999999999,0.0008999999999999,0.06,0.0,True,True,False,True
historical calibration replay,theta_full,LAB007,Xd,kg m$^{-3}$ (= g L$^{-1}$),16.0,0.0080999999999999,0.0008999999999999,0.06,-0.007200000000000001,False,False,False,True
historical calibration replay,theta_full,LAB007,Xd,kg m$^{-3}$ (= g L$^{-1}$),24.0,0.0011999999999999,0.0008999999999999,0.06,-0.0002999999999999999,False,False,False,True
historical calibration replay,theta_full,LAB007,Xd,kg m$^{-3}$ (= g L$^{-1}$),40.0,0.0035999999999999,0.0008999999999999,0.06,-0.0027,False,False,False,True
historical calibration replay,theta_full,LAB007,Xd,kg m$^{-3}$ (= g L$^{-1}$),48.0,0.0,0.0008999999999999,0.06,0.0008999999999999,False,False,False,True
historical calibration replay,theta_full,LAB007,Xd,kg m$^{-3}$ (= g L$^{-1}$),64.0,0.0093,0.0008999999999999,0.06,-0.008400000000000098,False,False,False,True
historical calibration replay,theta_full,LAB007,Xd,kg m$^{-3}$ (= g L$^{-1}$),72.0,0.0093,0.0008999999999999,0.06,-0.008400000000000098,False,False,False,True
historical calibration replay,theta_full,LAB007,Xd,kg m$^{-3}$ (= g L$^{-1}$),88.0,0.0117,0.0008999999999999,0.06,-0.010800000000000101,False,False,False,True
historical calibration replay,theta_full,LAB007,Xd,kg m$^{-3}$ (= g L$^{-1}$),96.0,0.0093,0.0008999999999999,0.06,-0.008400000000000098,False,False,False,True
historical calibration replay,theta_full,LAB007,Xd,kg m$^{-3}$ (= g L$^{-1}$),112.0,0.0138,0.0008999999999999,0.06,-0.012900000000000099,False,False,False,True
historical calibration replay,theta_full,LAB007,Xd,kg m$^{-3}$ (= g L$^{-1}$),120.0,0.0162000000000001,0.0008999999999999,0.06,-0.015300000000000199,False,False,False,True
historical calibration replay,theta_full,LAB007,Xd,kg m$^{-3}$ (= g L$^{-1}$),144.0,0.0276,0.013032149339521805,0.06,-0.014567850660478195,False,False,False,True
historical calibration replay,theta_full,LAB007,Xd,kg m$^{-3}$ (= g L$^{-1}$),160.0,0.3432,0.02489940055653226,0.06,-0.3183005994434677,False,False,True,True
historical calibration replay,theta_full,LAB007,N,kg m$^{-3}$ (= g L$^{-1}$),0.0,0.23904,0.23904,0.0191232,0.0,True,True,False,True
historical calibration replay,theta_full,LAB007,N,kg m$^{-3}$ (= g L$^{-1}$),16.0,0.19044,0.17675783005585766,0.0152352,-0.013682169944142342,False,False,False,True
historical calibration replay,theta_full,LAB007,N,kg m$^{-3}$ (= g L$^{-1}$),24.0,0.1777,0.12980888634165397,0.014216,-0.04789111365834603,False,False,False,True
historical calibration replay,theta_full,LAB007,N,kg m$^{-3}$ (= g L$^{-1}$),40.0,0.06224,0.0033179081529978323,0.012,-0.058922091847002166,False,False,False,True
historical calibration replay,theta_full,LAB007,N,kg m$^{-3}$ (= g L$^{-1}$),48.0,0.0391,2.6330905496178115e-08,0.012,-0.039099973669094505,False,False,False,True
historical calibration replay,theta_full,LAB007,N,kg m$^{-3}$ (= g L$^{-1}$),64.0,0.002,0.0,0.012,-0.002,False,False,False,True
historical calibration replay,theta_full,LAB007,N,kg m$^{-3}$ (= g L$^{-1}$),72.0,0.04778,0.005028698234304764,0.012,-0.04275130176569524,False,False,False,True
historical calibration replay,theta_full,LAB007,N,kg m$^{-3}$ (= g L$^{-1}$),88.0,0.019,9.603554402350868e-13,0.012,-0.018999999999039643,False,False,False,True
historical calibration replay,theta_full,LAB007,N,kg m$^{-3}$ (= g L$^{-1}$),96.0,0.03,0.0,0.012,-0.03,False,False,False,True
historical calibration replay,theta_full,LAB007,N,kg m$^{-3}$ (= g L$^{-1}$),112.0,0.006,0.0,0.012,-0.006,False,False,False,True
historical calibration replay,theta_full,LAB007,N,kg m$^{-3}$ (= g L$^{-1}$),120.0,0.006,0.0,0.012,-0.006,False,False,False,True
historical calibration replay,theta_full,LAB007,N,kg m$^{-3}$ (= g L$^{-1}$),144.0,0.027,0.0,0.012,-0.027,False,False,False,True
historical calibration replay,theta_full,LAB007,N,kg m$^{-3}$ (= g L$^{-1}$),160.0,0.016,0.0,0.012,-0.016,False,False,True,True
historical calibration replay,theta_full,LAB007,G,kg m$^{-3}$ (= g L$^{-1}$),0.0,77.52,77.52,2.5,0.0,True,True,False,True
historical calibration replay,theta_full,LAB007,G,kg m$^{-3}$ (= g L$^{-1}$),16.0,70.58,71.28762967113379,2.5,0.7076296711337875,False,False,False,True
historical calibration replay,theta_full,LAB007,G,kg m$^{-3}$ (= g L$^{-1}$),24.0,71.45,66.88645894271721,2.5,-4.563541057282791,False,False,False,True
historical calibration replay,theta_full,LAB007,G,kg m$^{-3}$ (= g L$^{-1}$),40.0,56.1,54.732302782812546,2.5,-1.3676972171874553,False,False,False,True
historical calibration replay,theta_full,LAB007,G,kg m$^{-3}$ (= g L$^{-1}$),48.0,49.74,48.346470988163965,2.5,-1.393529011836037,False,False,False,True
historical calibration replay,theta_full,LAB007,G,kg m$^{-3}$ (= g L$^{-1}$),64.0,29.71,36.97623810355473,2.5,7.266238103554727,False,False,False,True
historical calibration replay,theta_full,LAB007,G,kg m$^{-3}$ (= g L$^{-1}$),72.0,24.29,31.134787698954874,2.5,6.844787698954875,False,False,False,True
historical calibration replay,theta_full,LAB007,G,kg m$^{-3}$ (= g L$^{-1}$),88.0,11.91,20.297931914236823,2.5,8.387931914236823,False,False,False,True
historical calibration replay,theta_full,LAB007,G,kg m$^{-3}$ (= g L$^{-1}$),96.0,7.07,15.307829234905704,2.5,8.237829234905703,False,False,False,True
historical calibration replay,theta_full,LAB007,G,kg m$^{-3}$ (= g L$^{-1}$),112.0,0.48,6.901267271461956,2.5,6.421267271461955,False,False,False,True
historical calibration replay,theta_full,LAB007,G,kg m$^{-3}$ (= g L$^{-1}$),120.0,0.08,3.917874826223646,2.5,3.8378748262236457,False,False,False,True
historical calibration replay,theta_full,LAB007,G,kg m$^{-3}$ (= g L$^{-1}$),144.0,0.0,0.2857352313129847,2.5,0.2857352313129847,False,False,False,True
historical calibration replay,theta_full,LAB007,G,kg m$^{-3}$ (= g L$^{-1}$),160.0,0.0,0.030559037749225033,2.5,0.030559037749225033,False,False,True,True
historical calibration replay,theta_full,LAB007,F,kg m$^{-3}$ (= g L$^{-1}$),0.0,74.55,74.55,2.5,0.0,True,True,False,True
historical calibration replay,theta_full,LAB007,F,kg m$^{-3}$ (= g L$^{-1}$),16.0,72.39999999999999,71.70825542363588,2.5,-0.6917445763641155,False,False,False,True
historical calibration replay,theta_full,LAB007,F,kg m$^{-3}$ (= g L$^{-1}$),24.0,76.46,69.58269137310671,2.5,-6.8773086268932815,False,False,False,True
historical calibration replay,theta_full,LAB007,F,kg m$^{-3}$ (= g L$^{-1}$),40.0,65.10999999999999,63.08612897130258,2.5,-2.023871028697407,False,False,False,True
historical calibration replay,theta_full,LAB007,F,kg m$^{-3}$ (= g L$^{-1}$),48.0,55.43,59.37417490715177,2.5,3.944174907151769,False,False,False,True
historical calibration replay,theta_full,LAB007,F,kg m$^{-3}$ (= g L$^{-1}$),64.0,51.91,51.71316575620911,2.5,-0.19683424379088876,False,False,False,True
historical calibration replay,theta_full,LAB007,F,kg m$^{-3}$ (= g L$^{-1}$),72.0,45.88,47.123390345121074,2.5,1.243390345121071,False,False,False,True
historical calibration replay,theta_full,LAB007,F,kg m$^{-3}$ (= g L$^{-1}$),88.0,25.860000000000003,37.052348103571205,2.5,11.192348103571202,False,False,False,True
historical calibration replay,theta_full,LAB007,F,kg m$^{-3}$ (= g L$^{-1}$),96.0,23.94,31.189357643804655,2.5,7.249357643804654,False,False,False,True
historical calibration replay,theta_full,LAB007,F,kg m$^{-3}$ (= g L$^{-1}$),112.0,6.52,18.745118579569986,2.5,12.225118579569987,False,False,False,True
historical calibration replay,theta_full,LAB007,F,kg m$^{-3}$ (= g L$^{-1}$),120.0,3.34,13.081605149081982,2.5,9.741605149081982,False,False,False,True
historical calibration replay,theta_full,LAB007,F,kg m$^{-3}$ (= g L$^{-1}$),144.0,0.03,2.558095502145314,2.5,2.528095502145314,False,False,False,True
historical calibration replay,theta_full,LAB007,F,kg m$^{-3}$ (= g L$^{-1}$),160.0,0.01,0.5722630037557325,2.5,0.5622630037557325,False,False,True,True
historical calibration replay,theta_full,LAB007,E,kg m$^{-3}$ (= g L$^{-1}$),0.0,11.759676,11.759676,2.0,0.0,True,True,False,True
historical calibration replay,theta_full,LAB007,E,kg m$^{-3}$ (= g L$^{-1}$),24.0,21.467328,17.382032399084075,2.0,-4.085295600915924,False,False,False,True
historical calibration replay,theta_full,LAB007,E,kg m$^{-3}$ (= g L$^{-1}$),48.0,30.306816,28.399905709922482,2.0,-1.9069102900775192,False,False,False,True
historical calibration replay,theta_full,LAB007,E,kg m$^{-3}$ (= g L$^{-1}$),88.0,63.454896,50.00864649436811,2.0,-13.44624950563189,False,False,False,True
historical calibration replay,theta_full,LAB007,E,kg m$^{-3}$ (= g L$^{-1}$),144.0,82.396656,77.8077968003358,2.0599164,-4.588859199664199,False,False,False,True
historical calibration replay,theta_full,LAB007,E,kg m$^{-3}$ (= g L$^{-1}$),160.0,81.29172,79.06709507255981,2.032293,-2.224624927440189,False,False,True,True
historical calibration replay,theta_full,LAB007,Gly,kg m$^{-3}$ (= g L$^{-1}$),0.0,0.89,0.89,0.35,0.0,True,True,False,True
historical calibration replay,theta_full,LAB007,Gly,kg m$^{-3}$ (= g L$^{-1}$),16.0,1.5,1.290783159116816,0.35,-0.20921684088318404,False,False,False,True
historical calibration replay,theta_full,LAB007,Gly,kg m$^{-3}$ (= g L$^{-1}$),24.0,1.46,1.5728906344924836,0.35,0.1128906344924836,False,False,False,True
historical calibration replay,theta_full,LAB007,Gly,kg m$^{-3}$ (= g L$^{-1}$),40.0,3.37,2.3521092119258915,0.35,-1.0178907880741086,False,False,False,True
historical calibration replay,theta_full,LAB007,Gly,kg m$^{-3}$ (= g L$^{-1}$),48.0,3.36,2.7774481430513887,0.35,-0.5825518569486112,False,False,False,True
historical calibration replay,theta_full,LAB007,Gly,kg m$^{-3}$ (= g L$^{-1}$),64.0,4.17,3.535651694334466,0.35,-0.6343483056655339,False,False,False,True
historical calibration replay,theta_full,LAB007,Gly,kg m$^{-3}$ (= g L$^{-1}$),72.0,3.6,3.9055689611646693,0.35,0.30556896116466925,False,False,False,True
historical calibration replay,theta_full,LAB007,Gly,kg m$^{-3}$ (= g L$^{-1}$),88.0,5.42,4.625849829477403,0.35,-0.7941501705225971,False,False,False,True
historical calibration replay,theta_full,LAB007,Gly,kg m$^{-3}$ (= g L$^{-1}$),96.0,5.35,4.957833645528891,0.35,-0.3921663544711089,False,False,False,True
historical calibration replay,theta_full,LAB007,Gly,kg m$^{-3}$ (= g L$^{-1}$),112.0,5.76,5.516358476768507,0.35,-0.24364152323149302,False,False,False,True
historical calibration replay,theta_full,LAB007,Gly,kg m$^{-3}$ (= g L$^{-1}$),120.0,5.69,5.714090336611163,0.35,0.024090336611162222,False,False,False,True
historical calibration replay,theta_full,LAB007,Gly,kg m$^{-3}$ (= g L$^{-1}$),144.0,6.06,5.952796175616519,0.35,-0.10720382438348075,False,False,False,True
historical calibration replay,theta_full,LAB007,Gly,kg m$^{-3}$ (= g L$^{-1}$),160.0,5.85,5.968757892815775,0.35,0.11875789281577553,False,False,True,True
historical calibration replay,theta_full,LAB008,X,kg m$^{-3}$ (= g L$^{-1}$),0.0,0.2534999999999999,0.2534999999999999,0.06,0.0,True,True,False,True
historical calibration replay,theta_full,LAB008,X,kg m$^{-3}$ (= g L$^{-1}$),16.0,0.6692999999999999,0.45675307758302314,0.06,-0.21254692241697676,False,False,False,True
historical calibration replay,theta_full,LAB008,X,kg m$^{-3}$ (= g L$^{-1}$),24.0,0.7476,0.6104853936187605,0.06,-0.1371146063812395,False,False,False,True
historical calibration replay,theta_full,LAB008,X,kg m$^{-3}$ (= g L$^{-1}$),40.0,1.2582,1.0611033049402219,0.100656,-0.19709669505977812,False,False,False,True
historical calibration replay,theta_full,LAB008,X,kg m$^{-3}$ (= g L$^{-1}$),48.0,1.4793,1.1468893438621164,0.118344,-0.3324106561378837,False,False,False,True
historical calibration replay,theta_full,LAB008,X,kg m$^{-3}$ (= g L$^{-1}$),64.0,1.8711,1.14690372818387,0.14968800000000002,-0.7241962718161299,False,False,False,True
historical calibration replay,theta_full,LAB008,X,kg m$^{-3}$ (= g L$^{-1}$),72.0,1.5507,1.4225827275507879,0.124056,-0.12811727244921212,False,False,False,True
historical calibration replay,theta_full,LAB008,X,kg m$^{-3}$ (= g L$^{-1}$),88.0,1.7697,1.445675982201352,0.141576,-0.324024017798648,False,False,False,True
historical calibration replay,theta_full,LAB008,X,kg m$^{-3}$ (= g L$^{-1}$),96.0,1.8594,1.445675982201352,0.148752,-0.41372401779864787,False,False,False,True
historical calibration replay,theta_full,LAB008,X,kg m$^{-3}$ (= g L$^{-1}$),112.0,1.9032,1.445675982201352,0.152256,-0.45752401779864793,False,False,False,True
historical calibration replay,theta_full,LAB008,X,kg m$^{-3}$ (= g L$^{-1}$),120.0,1.7418,1.445675982201352,0.139344,-0.29612401779864794,False,False,False,True
historical calibration replay,theta_full,LAB008,X,kg m$^{-3}$ (= g L$^{-1}$),144.0,1.9032,1.4388622437907654,0.152256,-0.46433775620923456,False,False,False,True
historical calibration replay,theta_full,LAB008,X,kg m$^{-3}$ (= g L$^{-1}$),160.0,0.6129,1.42840679691635,0.06,0.8155067969163501,False,False,True,True
historical calibration replay,theta_full,LAB008,Xd,kg m$^{-3}$ (= g L$^{-1}$),0.0,0.0033,0.0033,0.06,0.0,True,True,False,True
historical calibration replay,theta_full,LAB008,Xd,kg m$^{-3}$ (= g L$^{-1}$),16.0,0.0024,0.0033,0.06,0.0009000000000000002,False,False,False,True
historical calibration replay,theta_full,LAB008,Xd,kg m$^{-3}$ (= g L$^{-1}$),24.0,0.0,0.0033,0.06,0.0033,False,False,False,True
historical calibration replay,theta_full,LAB008,Xd,kg m$^{-3}$ (= g L$^{-1}$),40.0,0.0057000000000001,0.0033,0.06,-0.0024000000000001,False,False,False,True
historical calibration replay,theta_full,LAB008,Xd,kg m$^{-3}$ (= g L$^{-1}$),48.0,0.0023999999999999,0.0033,0.06,0.0009000000000000999,False,False,False,True
historical calibration replay,theta_full,LAB008,Xd,kg m$^{-3}$ (= g L$^{-1}$),64.0,0.0045000000000001,0.0033,0.06,-0.0012000000000001003,False,False,False,True
historical calibration replay,theta_full,LAB008,Xd,kg m$^{-3}$ (= g L$^{-1}$),72.0,0.0069000000000001,0.0033,0.06,-0.0036000000000000996,False,False,False,True
historical calibration replay,theta_full,LAB008,Xd,kg m$^{-3}$ (= g L$^{-1}$),88.0,0.0113999999999998,0.0033,0.06,-0.008099999999999798,False,False,False,True
historical calibration replay,theta_full,LAB008,Xd,kg m$^{-3}$ (= g L$^{-1}$),96.0,0.0186000000000001,0.0033,0.06,-0.015300000000000098,False,False,False,True
historical calibration replay,theta_full,LAB008,Xd,kg m$^{-3}$ (= g L$^{-1}$),112.0,0.0138,0.0033,0.06,-0.010499999999999999,False,False,False,True
historical calibration replay,theta_full,LAB008,Xd,kg m$^{-3}$ (= g L$^{-1}$),120.0,0.03,0.0033,0.06,-0.026699999999999998,False,False,False,True
historical calibration replay,theta_full,LAB008,Xd,kg m$^{-3}$ (= g L$^{-1}$),144.0,0.03,0.010113738410586545,0.06,-0.019886261589413454,False,False,False,True
historical calibration replay,theta_full,LAB008,Xd,kg m$^{-3}$ (= g L$^{-1}$),160.0,0.3249,0.020569185285002175,0.06,-0.30433081471499784,False,False,True,True
historical calibration replay,theta_full,LAB008,N,kg m$^{-3}$ (= g L$^{-1}$),0.0,0.23922,0.23922,0.0191376,0.0,True,True,False,True
historical calibration replay,theta_full,LAB008,N,kg m$^{-3}$ (= g L$^{-1}$),16.0,0.18498,0.1847964514010139,0.014798400000000001,-0.0001835485989861163,False,False,False,True
historical calibration replay,theta_full,LAB008,N,kg m$^{-3}$ (= g L$^{-1}$),24.0,0.17888,0.14363270484181073,0.014310400000000001,-0.03524729515818928,False,False,False,True
historical calibration replay,theta_full,LAB008,N,kg m$^{-3}$ (= g L$^{-1}$),40.0,0.0638799999999999,0.022974134314829787,0.012,-0.04090586568517011,False,False,False,True
historical calibration replay,theta_full,LAB008,N,kg m$^{-3}$ (= g L$^{-1}$),48.0,0.0371,3.851582096405909e-06,0.012,-0.037096148417903596,False,False,False,True
historical calibration replay,theta_full,LAB008,N,kg m$^{-3}$ (= g L$^{-1}$),64.0,0.011,3.9691840622323596e-13,0.012,-0.01099999999960308,False,False,False,True
historical calibration replay,theta_full,LAB008,N,kg m$^{-3}$ (= g L$^{-1}$),72.0,0.04778,0.006183506798040328,0.012,-0.041596493201959676,False,False,False,True
historical calibration replay,theta_full,LAB008,N,kg m$^{-3}$ (= g L$^{-1}$),88.0,0.018,0.0,0.012,-0.018,False,False,False,True
historical calibration replay,theta_full,LAB008,N,kg m$^{-3}$ (= g L$^{-1}$),96.0,0.02,0.0,0.012,-0.02,False,False,False,True
historical calibration replay,theta_full,LAB008,N,kg m$^{-3}$ (= g L$^{-1}$),112.0,0.005,0.0,0.012,-0.005,False,False,False,True
historical calibration replay,theta_full,LAB008,N,kg m$^{-3}$ (= g L$^{-1}$),120.0,0.006,0.0,0.012,-0.006,False,False,False,True
historical calibration replay,theta_full,LAB008,N,kg m$^{-3}$ (= g L$^{-1}$),144.0,0.027,0.0,0.012,-0.027,False,False,False,True
historical calibration replay,theta_full,LAB008,N,kg m$^{-3}$ (= g L$^{-1}$),160.0,0.015,0.0,0.012,-0.015,False,False,True,True
historical calibration replay,theta_full,LAB008,G,kg m$^{-3}$ (= g L$^{-1}$),0.0,76.21,76.21,2.5,0.0,True,True,False,True
historical calibration replay,theta_full,LAB008,G,kg m$^{-3}$ (= g L$^{-1}$),16.0,69.44,70.36554051282079,2.5,0.9255405128207883,False,False,False,True
historical calibration replay,theta_full,LAB008,G,kg m$^{-3}$ (= g L$^{-1}$),24.0,70.84,66.24106041447278,2.5,-4.598939585527219,False,False,False,True
historical calibration replay,theta_full,LAB008,G,kg m$^{-3}$ (= g L$^{-1}$),40.0,57.24,54.829097990271904,2.5,-2.4109020097280975,False,False,False,True
historical calibration replay,theta_full,LAB008,G,kg m$^{-3}$ (= g L$^{-1}$),48.0,50.13,48.220978107027825,2.5,-1.9090218929721772,False,False,False,True
historical calibration replay,theta_full,LAB008,G,kg m$^{-3}$ (= g L$^{-1}$),64.0,29.88,36.6695855172082,2.5,6.789585517208199,False,False,False,True
historical calibration replay,theta_full,LAB008,G,kg m$^{-3}$ (= g L$^{-1}$),72.0,23.94,30.73671425830542,2.5,6.796714258305418,False,False,False,True
historical calibration replay,theta_full,LAB008,G,kg m$^{-3}$ (= g L$^{-1}$),88.0,11.46,19.815748542605704,2.5,8.355748542605703,False,False,False,True
historical calibration replay,theta_full,LAB008,G,kg m$^{-3}$ (= g L$^{-1}$),96.0,6.84,14.772441022801154,2.5,7.932441022801154,False,False,False,True
historical calibration replay,theta_full,LAB008,G,kg m$^{-3}$ (= g L$^{-1}$),112.0,0.36,6.4949821411702455,2.5,6.134982141170245,False,False,False,True
historical calibration replay,theta_full,LAB008,G,kg m$^{-3}$ (= g L$^{-1}$),120.0,0.05,3.625305203545543,2.5,3.5753052035455433,False,False,False,True
historical calibration replay,theta_full,LAB008,G,kg m$^{-3}$ (= g L$^{-1}$),144.0,0.0,0.2499627762278273,2.5,0.2499627762278273,False,False,False,True
historical calibration replay,theta_full,LAB008,G,kg m$^{-3}$ (= g L$^{-1}$),160.0,0.0,0.02640327151200481,2.5,0.02640327151200481,False,False,True,True
historical calibration replay,theta_full,LAB008,F,kg m$^{-3}$ (= g L$^{-1}$),0.0,74.89,74.89,2.5,0.0,True,True,False,True
historical calibration replay,theta_full,LAB008,F,kg m$^{-3}$ (= g L$^{-1}$),16.0,71.93,72.19500404397928,2.5,0.2650040439792747,False,False,False,True
historical calibration replay,theta_full,LAB008,F,kg m$^{-3}$ (= g L$^{-1}$),24.0,74.78,70.18578154464467,2.5,-4.594218455355332,False,False,False,True
historical calibration replay,theta_full,LAB008,F,kg m$^{-3}$ (= g L$^{-1}$),40.0,62.2,64.08614014308628,2.5,1.8861401430862799,False,False,False,True
historical calibration replay,theta_full,LAB008,F,kg m$^{-3}$ (= g L$^{-1}$),48.0,55.37,60.20288656127884,2.5,4.8328865612788405,False,False,False,True
historical calibration replay,theta_full,LAB008,F,kg m$^{-3}$ (= g L$^{-1}$),64.0,51.32000000000001,52.4171207977345,2.5,1.0971207977344903,False,False,False,True
historical calibration replay,theta_full,LAB008,F,kg m$^{-3}$ (= g L$^{-1}$),72.0,45.39,47.704024499935265,2.5,2.3140244999352646,False,False,False,True
historical calibration replay,theta_full,LAB008,F,kg m$^{-3}$ (= g L$^{-1}$),88.0,25.83,37.425723044884485,2.5,11.595723044884487,False,False,False,True
historical calibration replay,theta_full,LAB008,F,kg m$^{-3}$ (= g L$^{-1}$),96.0,23.66,31.33975146415198,2.5,7.67975146415198,False,False,False,True
historical calibration replay,theta_full,LAB008,F,kg m$^{-3}$ (= g L$^{-1}$),112.0,6.05,18.712916592341458,2.5,12.662916592341457,False,False,False,True
historical calibration replay,theta_full,LAB008,F,kg m$^{-3}$ (= g L$^{-1}$),120.0,2.8400000000000003,13.020932579962496,2.5,10.180932579962496,False,False,False,True
historical calibration replay,theta_full,LAB008,F,kg m$^{-3}$ (= g L$^{-1}$),144.0,0.03,2.507071946322293,2.5,2.477071946322293,False,False,False,True
historical calibration replay,theta_full,LAB008,F,kg m$^{-3}$ (= g L$^{-1}$),160.0,0.0,0.5572647904530234,2.5,0.5572647904530234,False,False,True,True
historical calibration replay,theta_full,LAB008,E,kg m$^{-3}$ (= g L$^{-1}$),0.0,9.234108,9.234108,2.0,0.0,True,True,False,True
historical calibration replay,theta_full,LAB008,E,kg m$^{-3}$ (= g L$^{-1}$),24.0,20.835936,14.564979846765375,2.0,-6.270956153234625,False,False,False,True
historical calibration replay,theta_full,LAB008,E,kg m$^{-3}$ (= g L$^{-1}$),48.0,30.070044000000006,25.270593014348268,2.0,-4.799450985651738,False,False,False,True
historical calibration replay,theta_full,LAB008,E,kg m$^{-3}$ (= g L$^{-1}$),88.0,62.113188,47.29371354776171,2.0,-14.819474452238289,False,False,False,True
historical calibration replay,theta_full,LAB008,E,kg m$^{-3}$ (= g L$^{-1}$),144.0,82.396656,75.28900789960515,2.0599164,-7.10764810039484,False,False,False,True
historical calibration replay,theta_full,LAB008,E,kg m$^{-3}$ (= g L$^{-1}$),160.0,81.92311199999999,76.52079008675848,2.0480777999999997,-5.402321913241508,False,False,True,True
historical calibration replay,theta_full,LAB008,Gly,kg m$^{-3}$ (= g L$^{-1}$),0.0,0.85,0.85,0.35,0.0,True,True,False,True
historical calibration replay,theta_full,LAB008,Gly,kg m$^{-3}$ (= g L$^{-1}$),16.0,1.51,1.227137947161832,0.35,-0.282862052838168,False,False,False,True
historical calibration replay,theta_full,LAB008,Gly,kg m$^{-3}$ (= g L$^{-1}$),24.0,1.42,1.492439505531329,0.35,0.07243950553132916,False,False,False,True
historical calibration replay,theta_full,LAB008,Gly,kg m$^{-3}$ (= g L$^{-1}$),40.0,3.23,2.2241716797712234,0.35,-1.0058283202287766,False,False,False,True
historical calibration replay,theta_full,LAB008,Gly,kg m$^{-3}$ (= g L$^{-1}$),48.0,3.3,2.659627695475136,0.35,-0.6403723045248637,False,False,False,True
historical calibration replay,theta_full,LAB008,Gly,kg m$^{-3}$ (= g L$^{-1}$),64.0,4.16,3.430519817923563,0.35,-0.7294801820764372,False,False,False,True
historical calibration replay,theta_full,LAB008,Gly,kg m$^{-3}$ (= g L$^{-1}$),72.0,3.53,3.8071149380783966,0.35,0.2771149380783968,False,False,False,True
historical calibration replay,theta_full,LAB008,Gly,kg m$^{-3}$ (= g L$^{-1}$),88.0,5.27,4.533255751663385,0.35,-0.7367442483366142,False,False,False,True
historical calibration replay,theta_full,LAB008,Gly,kg m$^{-3}$ (= g L$^{-1}$),96.0,5.33,4.86902665297006,0.35,-0.46097334702994,False,False,False,True
historical calibration replay,theta_full,LAB008,Gly,kg m$^{-3}$ (= g L$^{-1}$),112.0,5.67,5.419407195459646,0.35,-0.2505928045403536,False,False,False,True
historical calibration replay,theta_full,LAB008,Gly,kg m$^{-3}$ (= g L$^{-1}$),120.0,5.48,5.6097707281805125,0.35,0.12977072818051205,False,False,False,True
historical calibration replay,theta_full,LAB008,Gly,kg m$^{-3}$ (= g L$^{-1}$),144.0,5.82,5.831811128422211,0.35,0.011811128422210437,False,False,False,True
historical calibration replay,theta_full,LAB008,Gly,kg m$^{-3}$ (= g L$^{-1}$),160.0,5.87,5.845814540017814,0.35,-0.024185459982185797,False,False,True,True
historical calibration replay,theta_full,LAB009,X,kg m$^{-3}$ (= g L$^{-1}$),0.0,0.3602999999999999,0.3602999999999999,0.06,0.0,True,True,False,True
historical calibration replay,theta_full,LAB009,X,kg m$^{-3}$ (= g L$^{-1}$),16.0,0.8765999999999999,0.7535511072908035,0.070128,-0.12304889270919639,False,False,False,True
historical calibration replay,theta_full,LAB009,X,kg m$^{-3}$ (= g L$^{-1}$),24.0,0.8328,1.0139579352544927,0.066624,0.18115793525449275,False,False,False,True
historical calibration replay,theta_full,LAB009,X,kg m$^{-3}$ (= g L$^{-1}$),40.0,1.5681,1.2469066528513808,0.125448,-0.32119334714861925,False,False,False,True
historical calibration replay,theta_full,LAB009,X,kg m$^{-3}$ (= g L$^{-1}$),48.0,1.719,1.5439097113699298,0.13752,-0.17509028863007026,False,False,False,True
historical calibration replay,theta_full,LAB009,X,kg m$^{-3}$ (= g L$^{-1}$),64.0,1.9287,1.545678915180073,0.15429600000000002,-0.38302108481992714,False,False,False,True
historical calibration replay,theta_full,LAB009,X,kg m$^{-3}$ (= g L$^{-1}$),72.0,1.818,1.545678915180073,0.14544,-0.2723210848199271,False,False,False,True
historical calibration replay,theta_full,LAB009,X,kg m$^{-3}$ (= g L$^{-1}$),88.0,1.7718,1.545678915180073,0.141744,-0.2261210848199271,False,False,False,True
historical calibration replay,theta_full,LAB009,X,kg m$^{-3}$ (= g L$^{-1}$),96.0,1.7925,1.545678915180073,0.1434,-0.24682108481992704,False,False,False,True
historical calibration replay,theta_full,LAB009,X,kg m$^{-3}$ (= g L$^{-1}$),120.0,1.8732,1.544705546446962,0.149856,-0.3284944535530381,False,False,False,True
historical calibration replay,theta_full,LAB009,X,kg m$^{-3}$ (= g L$^{-1}$),144.0,1.719,1.5340947561538414,0.13752,-0.1849052438461587,False,False,False,True
historical calibration replay,theta_full,LAB009,X,kg m$^{-3}$ (= g L$^{-1}$),160.0,0.1383,1.5264265940453274,0.06,1.3881265940453273,False,False,True,True
historical calibration replay,theta_full,LAB009,Xd,kg m$^{-3}$ (= g L$^{-1}$),0.0,0.0008999999999999,0.0008999999999999,0.06,0.0,True,True,False,True
historical calibration replay,theta_full,LAB009,Xd,kg m$^{-3}$ (= g L$^{-1}$),16.0,0.0093,0.0008999999999999,0.06,-0.008400000000000098,False,False,False,True
historical calibration replay,theta_full,LAB009,Xd,kg m$^{-3}$ (= g L$^{-1}$),24.0,0.0023999999999999,0.0008999999999999,0.06,-0.0015,False,False,False,True
historical calibration replay,theta_full,LAB009,Xd,kg m$^{-3}$ (= g L$^{-1}$),40.0,0.0044999999999999,0.0008999999999999,0.06,-0.0036,False,False,False,True
historical calibration replay,theta_full,LAB009,Xd,kg m$^{-3}$ (= g L$^{-1}$),48.0,0.0,0.0008999999999999,0.06,0.0008999999999999,False,False,False,True
historical calibration replay,theta_full,LAB009,Xd,kg m$^{-3}$ (= g L$^{-1}$),64.0,0.0230999999999998,0.0008999999999999,0.06,-0.0221999999999999,False,False,False,True
historical calibration replay,theta_full,LAB009,Xd,kg m$^{-3}$ (= g L$^{-1}$),72.0,0.0023999999999999,0.0008999999999999,0.06,-0.0015,False,False,False,True
historical calibration replay,theta_full,LAB009,Xd,kg m$^{-3}$ (= g L$^{-1}$),88.0,0.0138,0.0008999999999999,0.06,-0.012900000000000099,False,False,False,True
historical calibration replay,theta_full,LAB009,Xd,kg m$^{-3}$ (= g L$^{-1}$),96.0,0.0323999999999999,0.0008999999999999,0.06,-0.0315,False,False,False,True
historical calibration replay,theta_full,LAB009,Xd,kg m$^{-3}$ (= g L$^{-1}$),120.0,0.0117,0.0018733687331111205,0.06,-0.00982663126688888,False,False,False,True
historical calibration replay,theta_full,LAB009,Xd,kg m$^{-3}$ (= g L$^{-1}$),144.0,0.0507000000000001,0.012484159026231633,0.06,-0.03821584097376847,False,False,False,True
historical calibration replay,theta_full,LAB009,Xd,kg m$^{-3}$ (= g L$^{-1}$),160.0,0.0644999999999999,0.020152321134745924,0.06,-0.04434767886525398,False,False,True,True
historical calibration replay,theta_full,LAB009,N,kg m$^{-3}$ (= g L$^{-1}$),0.0,0.2374,0.2374,0.018992000000000002,0.0,True,True,False,True
historical calibration replay,theta_full,LAB009,N,kg m$^{-3}$ (= g L$^{-1}$),16.0,0.16704,0.13210210732477606,0.0133632,-0.03493789267522393,False,False,False,True
historical calibration replay,theta_full,LAB009,N,kg m$^{-3}$ (= g L$^{-1}$),24.0,0.1480199999999999,0.062374928648228516,0.012,-0.08564507135177138,False,False,False,True
historical calibration replay,theta_full,LAB009,N,kg m$^{-3}$ (= g L$^{-1}$),40.0,0.021,1.7641465821800145e-09,0.012,-0.02099999823585342,False,False,False,True
historical calibration replay,theta_full,LAB009,N,kg m$^{-3}$ (= g L$^{-1}$),48.0,0.07072,0.0004737255495626816,0.012,-0.07024627445043732,False,False,False,True
historical calibration replay,theta_full,LAB009,N,kg m$^{-3}$ (= g L$^{-1}$),64.0,0.019,0.0,0.012,-0.019,False,False,False,True
historical calibration replay,theta_full,LAB009,N,kg m$^{-3}$ (= g L$^{-1}$),72.0,0.017,0.0,0.012,-0.017,False,False,False,True
historical calibration replay,theta_full,LAB009,N,kg m$^{-3}$ (= g L$^{-1}$),88.0,0.017,0.0,0.012,-0.017,False,False,False,True
historical calibration replay,theta_full,LAB009,N,kg m$^{-3}$ (= g L$^{-1}$),96.0,0.019,0.0,0.012,-0.019,False,False,False,True
historical calibration replay,theta_full,LAB009,N,kg m$^{-3}$ (= g L$^{-1}$),120.0,0.005,0.0,0.012,-0.005,False,False,False,True
historical calibration replay,theta_full,LAB009,N,kg m$^{-3}$ (= g L$^{-1}$),144.0,0.025,0.0,0.012,-0.025,False,False,False,True
historical calibration replay,theta_full,LAB009,N,kg m$^{-3}$ (= g L$^{-1}$),160.0,0.0,0.0,0.012,0.0,False,False,True,True
historical calibration replay,theta_full,LAB009,G,kg m$^{-3}$ (= g L$^{-1}$),0.0,75.75,75.75,2.5,0.0,True,True,False,True
historical calibration replay,theta_full,LAB009,G,kg m$^{-3}$ (= g L$^{-1}$),16.0,67.56,66.22096557460503,2.5,-1.3390344253949706,False,False,False,True
historical calibration replay,theta_full,LAB009,G,kg m$^{-3}$ (= g L$^{-1}$),24.0,66.45,59.82651581448379,2.5,-6.623484185516212,False,False,False,True
historical calibration replay,theta_full,LAB009,G,kg m$^{-3}$ (= g L$^{-1}$),40.0,43.64,44.212121760087335,2.5,0.5721217600873345,False,False,False,True
historical calibration replay,theta_full,LAB009,G,kg m$^{-3}$ (= g L$^{-1}$),48.0,31.9,36.35799464859426,2.5,4.4579946485942585,False,False,False,True
historical calibration replay,theta_full,LAB009,G,kg m$^{-3}$ (= g L$^{-1}$),64.0,12.94,22.383814528475963,2.5,9.443814528475963,False,False,False,True
historical calibration replay,theta_full,LAB009,G,kg m$^{-3}$ (= g L$^{-1}$),72.0,9.42,16.98131059702935,2.5,7.561310597029349,False,False,False,True
historical calibration replay,theta_full,LAB009,G,kg m$^{-3}$ (= g L$^{-1}$),88.0,4.38,8.61509960705049,2.5,4.235099607050491,False,False,False,True
historical calibration replay,theta_full,LAB009,G,kg m$^{-3}$ (= g L$^{-1}$),96.0,2.69,5.375901318326618,2.5,2.6859013183266183,False,False,False,True
historical calibration replay,theta_full,LAB009,G,kg m$^{-3}$ (= g L$^{-1}$),120.0,0.08,0.5000944863532532,2.5,0.42009448635325314,False,False,False,True
historical calibration replay,theta_full,LAB009,G,kg m$^{-3}$ (= g L$^{-1}$),144.0,0.0,0.015534779154947212,2.5,0.015534779154947212,False,False,False,True
historical calibration replay,theta_full,LAB009,G,kg m$^{-3}$ (= g L$^{-1}$),160.0,0.0,0.0012373502774833437,2.5,0.0012373502774833437,False,False,True,True
historical calibration replay,theta_full,LAB009,F,kg m$^{-3}$ (= g L$^{-1}$),0.0,76.68,76.68,2.5,0.0,True,True,False,True
historical calibration replay,theta_full,LAB009,F,kg m$^{-3}$ (= g L$^{-1}$),16.0,72.1,71.59482234996426,2.5,-0.5051776500357334,False,False,False,True
historical calibration replay,theta_full,LAB009,F,kg m$^{-3}$ (= g L$^{-1}$),24.0,74.92999999999999,68.17689342658863,2.5,-6.753106573411358,False,False,False,True
historical calibration replay,theta_full,LAB009,F,kg m$^{-3}$ (= g L$^{-1}$),40.0,55.64,58.01424490273211,2.5,2.3742449027321086,False,False,False,True
historical calibration replay,theta_full,LAB009,F,kg m$^{-3}$ (= g L$^{-1}$),48.0,42.53000000000001,51.96394800007222,2.5,9.433948000072213,False,False,False,True
historical calibration replay,theta_full,LAB009,F,kg m$^{-3}$ (= g L$^{-1}$),64.0,32.97,38.91636425112441,2.5,5.946364251124415,False,False,False,True
historical calibration replay,theta_full,LAB009,F,kg m$^{-3}$ (= g L$^{-1}$),72.0,34.55,32.93276022266241,2.5,-1.6172397773375877,False,False,False,True
historical calibration replay,theta_full,LAB009,F,kg m$^{-3}$ (= g L$^{-1}$),88.0,14.32,21.80797425653364,2.5,7.48797425653364,False,False,False,True
historical calibration replay,theta_full,LAB009,F,kg m$^{-3}$ (= g L$^{-1}$),96.0,13.7,16.314612241371528,2.5,2.6146122413715283,False,False,False,True
historical calibration replay,theta_full,LAB009,F,kg m$^{-3}$ (= g L$^{-1}$),120.0,3.32,3.909758941528778,2.5,0.5897589415287783,False,False,False,True
historical calibration replay,theta_full,LAB009,F,kg m$^{-3}$ (= g L$^{-1}$),144.0,0.2,0.401635465801493,2.5,0.201635465801493,False,False,False,True
historical calibration replay,theta_full,LAB009,F,kg m$^{-3}$ (= g L$^{-1}$),160.0,0.02,0.06702489765704092,2.5,0.04702489765704092,False,False,True,True
historical calibration replay,theta_full,LAB009,E,kg m$^{-3}$ (= g L$^{-1}$),0.0,9.707652,9.707652,2.0,0.0,True,True,False,True
historical calibration replay,theta_full,LAB009,E,kg m$^{-3}$ (= g L$^{-1}$),48.0,38.988456000000006,35.04835869004317,2.0,-3.9400973099568333,False,False,False,True
historical calibration replay,theta_full,LAB009,E,kg m$^{-3}$ (= g L$^{-1}$),64.0,57.456672000000005,47.24290098550541,2.0,-10.213771014494597,False,False,False,True
historical calibration replay,theta_full,LAB009,E,kg m$^{-3}$ (= g L$^{-1}$),144.0,78.371532,78.22281014934552,2.0,-0.14872185065448207,False,False,False,True
historical calibration replay,theta_full,LAB009,E,kg m$^{-3}$ (= g L$^{-1}$),160.0,80.89710000000001,78.41312966760754,2.0224275000000005,-2.483970332392474,False,False,True,True
historical calibration replay,theta_full,LAB009,Gly,kg m$^{-3}$ (= g L$^{-1}$),0.0,0.75,0.75,0.35,0.0,True,True,False,True
historical calibration replay,theta_full,LAB009,Gly,kg m$^{-3}$ (= g L$^{-1}$),16.0,1.84,1.3601966326984631,0.35,-0.47980336730153694,False,False,False,True
historical calibration replay,theta_full,LAB009,Gly,kg m$^{-3}$ (= g L$^{-1}$),24.0,1.79,1.7697123665092256,0.35,-0.020287633490774448,False,False,False,True
historical calibration replay,theta_full,LAB009,Gly,kg m$^{-3}$ (= g L$^{-1}$),40.0,4.13,2.7961895460483674,0.35,-1.3338104539516324,False,False,False,True
historical calibration replay,theta_full,LAB009,Gly,kg m$^{-3}$ (= g L$^{-1}$),48.0,4.07,3.299483296899248,0.35,-0.7705167031007525,False,False,False,True
historical calibration replay,theta_full,LAB009,Gly,kg m$^{-3}$ (= g L$^{-1}$),64.0,5.0,4.230235567768116,0.35,-0.7697644322318844,False,False,False,True
historical calibration replay,theta_full,LAB009,Gly,kg m$^{-3}$ (= g L$^{-1}$),72.0,4.38,4.5897563983059815,0.35,0.20975639830598158,False,False,False,True
historical calibration replay,theta_full,LAB009,Gly,kg m$^{-3}$ (= g L$^{-1}$),88.0,5.59,5.146100762979297,0.35,-0.44389923702070266,False,False,False,True
historical calibration replay,theta_full,LAB009,Gly,kg m$^{-3}$ (= g L$^{-1}$),96.0,6.58,5.361248624439575,0.35,-1.2187513755604247,False,False,False,True
historical calibration replay,theta_full,LAB009,Gly,kg m$^{-3}$ (= g L$^{-1}$),120.0,5.95,5.683640543814519,0.35,-0.26635945618548096,False,False,False,True
historical calibration replay,theta_full,LAB009,Gly,kg m$^{-3}$ (= g L$^{-1}$),144.0,5.63,5.714653684186102,0.35,0.08465368418610186,False,False,False,True
historical calibration replay,theta_full,LAB009,Gly,kg m$^{-3}$ (= g L$^{-1}$),160.0,5.81,5.715501128105122,0.35,-0.09449887189487782,False,False,True,True
historical calibration replay,theta_full,LAB010,X,kg m$^{-3}$ (= g L$^{-1}$),0.0,0.9609,0.9609,0.076872,0.0,True,True,False,True
historical calibration replay,theta_full,LAB010,X,kg m$^{-3}$ (= g L$^{-1}$),18.999999999941792,0.9492,1.6533588702676576,0.075936,0.7041588702676576,False,False,False,True
historical calibration replay,theta_full,LAB010,X,kg m$^{-3}$ (= g L$^{-1}$),24.0,1.2789,1.8027268420126867,0.102312,0.5238268420126868,False,False,False,True
historical calibration replay,theta_full,LAB010,X,kg m$^{-3}$ (= g L$^{-1}$),42.99999999994179,0.7845,1.8038112202512855,0.06276,1.0193112202512855,False,False,False,True
historical calibration replay,theta_full,LAB010,X,kg m$^{-3}$ (= g L$^{-1}$),66.99999999994179,0.9378,1.8038112202512855,0.075024,0.8660112202512855,False,False,False,True
historical calibration replay,theta_full,LAB010,X,kg m$^{-3}$ (= g L$^{-1}$),72.0,1.1844,1.8038112202512855,0.09475199999999999,0.6194112202512856,False,False,False,True
historical calibration replay,theta_full,LAB010,X,kg m$^{-3}$ (= g L$^{-1}$),138.9999999999418,3.3363,2.0911556060543526,0.26690400000000003,-1.2451443939456475,False,False,False,True
historical calibration replay,theta_full,LAB010,X,kg m$^{-3}$ (= g L$^{-1}$),162.9999999999418,2.5737,2.081835453480343,0.20589600000000002,-0.49186454651965716,False,False,False,True
historical calibration replay,theta_full,LAB010,X,kg m$^{-3}$ (= g L$^{-1}$),186.9999999999418,3.4239,2.072367721703789,0.27391200000000004,-1.3515322782962111,False,False,True,True
historical calibration replay,theta_full,LAB010,Xd,kg m$^{-3}$ (= g L$^{-1}$),0.0,0.1127999999999999,0.1127999999999999,0.06,0.0,True,True,False,True
historical calibration replay,theta_full,LAB010,Xd,kg m$^{-3}$ (= g L$^{-1}$),18.999999999941792,0.0206999999999999,0.1127999999999999,0.06,0.0921,False,False,False,True
historical calibration replay,theta_full,LAB010,Xd,kg m$^{-3}$ (= g L$^{-1}$),24.0,0.0206999999999999,0.1127999999999999,0.06,0.0921,False,False,False,True
historical calibration replay,theta_full,LAB010,Xd,kg m$^{-3}$ (= g L$^{-1}$),42.99999999994179,0.0024,0.1127999999999999,0.06,0.1103999999999999,False,False,False,True
historical calibration replay,theta_full,LAB010,Xd,kg m$^{-3}$ (= g L$^{-1}$),66.99999999994179,0.0068999999999999,0.1127999999999999,0.06,0.1059,False,False,False,True
historical calibration replay,theta_full,LAB010,Xd,kg m$^{-3}$ (= g L$^{-1}$),72.0,0.0231,0.1127999999999999,0.06,0.0896999999999999,False,False,False,True
historical calibration replay,theta_full,LAB010,Xd,kg m$^{-3}$ (= g L$^{-1}$),138.9999999999418,0.0186000000000001,0.12422786859117219,0.06,0.10562786859117208,False,False,False,True
historical calibration replay,theta_full,LAB010,Xd,kg m$^{-3}$ (= g L$^{-1}$),162.9999999999418,0.0117,0.13354802116517875,0.06,0.12184802116517875,False,False,False,True
historical calibration replay,theta_full,LAB010,Xd,kg m$^{-3}$ (= g L$^{-1}$),186.9999999999418,0.0069000000000001,0.14301575294173421,0.06,0.13611575294173411,False,False,True,True
historical calibration replay,theta_full,LAB010,N,kg m$^{-3}$ (= g L$^{-1}$),0.0,0.2256999999999999,0.2256999999999999,0.018055999999999992,0.0,True,True,False,True
historical calibration replay,theta_full,LAB010,N,kg m$^{-3}$ (= g L$^{-1}$),72.0,0.15162,0.0,0.0121296,-0.15162,False,False,False,True
historical calibration replay,theta_full,LAB010,N,kg m$^{-3}$ (= g L$^{-1}$),162.9999999999418,0.016,0.0,0.012,-0.016,False,False,False,True
historical calibration replay,theta_full,LAB010,N,kg m$^{-3}$ (= g L$^{-1}$),186.9999999999418,0.02,0.0,0.012,-0.02,False,False,True,True
historical calibration replay,theta_full,LAB010,G,kg m$^{-3}$ (= g L$^{-1}$),0.0,78.49,78.49,2.5,0.0,True,True,False,True
historical calibration replay,theta_full,LAB010,G,kg m$^{-3}$ (= g L$^{-1}$),72.0,59.59,12.694910839260187,2.5,-46.895089160739815,False,False,False,True
historical calibration replay,theta_full,LAB010,G,kg m$^{-3}$ (= g L$^{-1}$),162.9999999999418,0.3,2.991194722958984e-06,2.5,-0.299997008805277,False,False,False,True
historical calibration replay,theta_full,LAB010,G,kg m$^{-3}$ (= g L$^{-1}$),186.9999999999418,0.25,1.804018395639364e-08,2.5,-0.24999998195981604,False,False,True,True
historical calibration replay,theta_full,LAB010,F,kg m$^{-3}$ (= g L$^{-1}$),0.0,77.05,77.05,2.5,0.0,True,True,False,True
historical calibration replay,theta_full,LAB010,F,kg m$^{-3}$ (= g L$^{-1}$),72.0,81.95,33.60906604889604,2.5,-48.34093395110396,False,False,False,True
historical calibration replay,theta_full,LAB010,F,kg m$^{-3}$ (= g L$^{-1}$),162.9999999999418,15.39,0.002036113291820336,2.5,-15.38796388670818,False,False,False,True
historical calibration replay,theta_full,LAB010,F,kg m$^{-3}$ (= g L$^{-1}$),186.9999999999418,3.0,5.278746590525328e-05,2.5,-2.999947212534095,False,False,True,True
historical calibration replay,theta_full,LAB010,E,kg m$^{-3}$ (= g L$^{-1}$),0.0,9.313032,9.313032,2.0,0.0,True,True,False,True
historical calibration replay,theta_full,LAB010,E,kg m$^{-3}$ (= g L$^{-1}$),72.0,16.416192000000002,53.94328499310513,2.0,37.52709299310513,False,False,False,True
historical calibration replay,theta_full,LAB010,E,kg m$^{-3}$ (= g L$^{-1}$),162.9999999999418,73.79394,78.98506605372351,2.0,5.191126053723508,False,False,False,True
historical calibration replay,theta_full,LAB010,E,kg m$^{-3}$ (= g L$^{-1}$),186.9999999999418,80.02893599999999,78.98616191785048,2.0007233999999996,-1.0427740821495064,False,False,True,True
historical calibration replay,theta_full,LAB010,Gly,kg m$^{-3}$ (= g L$^{-1}$),0.0,1.25,1.25,0.35,0.0,True,True,False,True
historical calibration replay,theta_full,LAB010,Gly,kg m$^{-3}$ (= g L$^{-1}$),72.0,2.05,5.586430525922379,0.35,3.5364305259223796,False,False,False,True
historical calibration replay,theta_full,LAB010,Gly,kg m$^{-3}$ (= g L$^{-1}$),162.9999999999418,5.49,6.411102147146502,0.35,0.9211021471465015,False,False,False,True
historical calibration replay,theta_full,LAB010,Gly,kg m$^{-3}$ (= g L$^{-1}$),186.9999999999418,5.66,6.411102351783822,0.35,0.751102351783822,False,False,True,True
historical calibration replay,theta_full,LAB011,X,kg m$^{-3}$ (= g L$^{-1}$),0.0,1.0656,1.0656,0.085248,0.0,True,True,False,True
historical calibration replay,theta_full,LAB011,X,kg m$^{-3}$ (= g L$^{-1}$),18.999999999941792,0.7536,1.8880865446152424,0.06028800000000001,1.1344865446152423,False,False,False,True
historical calibration replay,theta_full,LAB011,X,kg m$^{-3}$ (= g L$^{-1}$),24.0,0.7488,1.8881200108130878,0.06,1.1393200108130879,False,False,False,True
historical calibration replay,theta_full,LAB011,X,kg m$^{-3}$ (= g L$^{-1}$),42.99999999994179,0.9771,1.8881200112680472,0.078168,0.9110200112680472,False,False,False,True
historical calibration replay,theta_full,LAB011,X,kg m$^{-3}$ (= g L$^{-1}$),66.99999999994179,1.3743,1.8881200112680472,0.10994400000000001,0.5138200112680471,False,False,False,True
historical calibration replay,theta_full,LAB011,X,kg m$^{-3}$ (= g L$^{-1}$),138.9999999999418,2.4771,2.131865127772722,0.198168,-0.345234872227278,False,False,False,True
historical calibration replay,theta_full,LAB011,X,kg m$^{-3}$ (= g L$^{-1}$),162.9999999999418,2.871,2.1057138590839926,0.22968,-0.7652861409160074,False,False,True,True
historical calibration replay,theta_full,LAB011,Xd,kg m$^{-3}$ (= g L$^{-1}$),0.0,0.0380999999999998,0.0380999999999998,0.06,0.0,True,True,False,True
historical calibration replay,theta_full,LAB011,Xd,kg m$^{-3}$ (= g L$^{-1}$),18.999999999941792,0.009,0.0380999999999998,0.06,0.0290999999999998,False,False,False,True
historical calibration replay,theta_full,LAB011,Xd,kg m$^{-3}$ (= g L$^{-1}$),24.0,0.0069,0.0380999999999998,0.06,0.0311999999999998,False,False,False,True
historical calibration replay,theta_full,LAB011,Xd,kg m$^{-3}$ (= g L$^{-1}$),42.99999999994179,0.0068999999999999,0.0380999999999998,0.06,0.0311999999999999,False,False,False,True
historical calibration replay,theta_full,LAB011,Xd,kg m$^{-3}$ (= g L$^{-1}$),66.99999999994179,0.0128999999999999,0.0380999999999998,0.06,0.025199999999999903,False,False,False,True
historical calibration replay,theta_full,LAB011,Xd,kg m$^{-3}$ (= g L$^{-1}$),138.9999999999418,0.0183000000000004,0.09312713606371788,0.06,0.07482713606371748,False,False,False,True
historical calibration replay,theta_full,LAB011,Xd,kg m$^{-3}$ (= g L$^{-1}$),162.9999999999418,0.0344999999999997,0.11927840475244454,0.06,0.08477840475244484,False,False,True,True
historical calibration replay,theta_full,LAB011,N,kg m$^{-3}$ (= g L$^{-1}$),0.0,0.22024,0.22024,0.017619199999999998,0.0,True,True,False,True
historical calibration replay,theta_full,LAB011,N,kg m$^{-3}$ (= g L$^{-1}$),18.999999999941792,0.22324,8.96111403073129e-06,0.0178592,-0.22323103888596926,False,False,False,True
historical calibration replay,theta_full,LAB011,N,kg m$^{-3}$ (= g L$^{-1}$),66.99999999994179,0.11794,0.0,0.012,-0.11794,False,False,False,True
historical calibration replay,theta_full,LAB011,N,kg m$^{-3}$ (= g L$^{-1}$),162.9999999999418,0.02564,0.0,0.012,-0.02564,False,False,True,True
historical calibration replay,theta_full,LAB011,G,kg m$^{-3}$ (= g L$^{-1}$),0.0,75.61,75.61,2.5,0.0,True,True,False,True
historical calibration replay,theta_full,LAB011,G,kg m$^{-3}$ (= g L$^{-1}$),18.999999999941792,68.25,49.785034440579786,2.5,-18.464965559420214,False,False,False,True
historical calibration replay,theta_full,LAB011,G,kg m$^{-3}$ (= g L$^{-1}$),66.99999999994179,53.99,10.167055079130607,2.5,-43.822944920869396,False,False,False,True
historical calibration replay,theta_full,LAB011,G,kg m$^{-3}$ (= g L$^{-1}$),162.9999999999418,0.02,4.4883633568894815e-08,2.5,-0.01999995511636643,False,False,True,True
historical calibration replay,theta_full,LAB011,F,kg m$^{-3}$ (= g L$^{-1}$),0.0,76.67,76.67,2.5,0.0,True,True,False,True
historical calibration replay,theta_full,LAB011,F,kg m$^{-3}$ (= g L$^{-1}$),18.999999999941792,88.24000000000001,62.99564492182471,2.5,-25.244355078175296,False,False,False,True
historical calibration replay,theta_full,LAB011,F,kg m$^{-3}$ (= g L$^{-1}$),66.99999999994179,79.00999999999999,29.15898386271598,2.5,-49.851016137284006,False,False,False,True
historical calibration replay,theta_full,LAB011,F,kg m$^{-3}$ (= g L$^{-1}$),162.9999999999418,0.12,5.949269544871543e-05,2.5,-0.11994050730455127,False,False,True,True
historical calibration replay,theta_full,LAB011,E,kg m$^{-3}$ (= g L$^{-1}$),0.0,9.313032,9.313032,2.0,0.0,True,True,False,True
historical calibration replay,theta_full,LAB011,E,kg m$^{-3}$ (= g L$^{-1}$),18.999999999941792,10.102272,24.19615123612617,2.0,14.09387923612617,False,False,False,True
historical calibration replay,theta_full,LAB011,E,kg m$^{-3}$ (= g L$^{-1}$),66.99999999994179,19.33638,56.616323852773235,2.0,37.279943852773236,False,False,False,True
historical calibration replay,theta_full,LAB011,E,kg m$^{-3}$ (= g L$^{-1}$),162.9999999999418,81.133872,77.9636953512157,2.0283468,-3.1701766487842917,False,False,True,True
historical calibration replay,theta_full,LAB011,Gly,kg m$^{-3}$ (= g L$^{-1}$),0.0,1.25,1.25,0.35,0.0,True,True,False,True
historical calibration replay,theta_full,LAB011,Gly,kg m$^{-3}$ (= g L$^{-1}$),18.999999999941792,1.32,2.920150508483989,0.35,1.600150508483989,False,False,False,True
historical calibration replay,theta_full,LAB011,Gly,kg m$^{-3}$ (= g L$^{-1}$),66.99999999994179,2.34,5.56300827698457,0.35,3.2230082769845705,False,False,False,True
historical calibration replay,theta_full,LAB011,Gly,kg m$^{-3}$ (= g L$^{-1}$),162.9999999999418,5.75,6.217172042018909,0.35,0.46717204201890894,False,False,True,True
historical calibration replay,theta_full,LAB012,X,kg m$^{-3}$ (= g L$^{-1}$),0.0,0.8513999999999999,0.8513999999999999,0.06811199999999999,0.0,True,True,False,True
historical calibration replay,theta_full,LAB012,X,kg m$^{-3}$ (= g L$^{-1}$),18.999999999941792,0.9573,1.4747908774206757,0.076584,0.5174908774206757,False,False,False,True
historical calibration replay,theta_full,LAB012,X,kg m$^{-3}$ (= g L$^{-1}$),24.0,0.978,1.6655822665650386,0.07824,0.6875822665650386,False,False,False,True
historical calibration replay,theta_full,LAB012,X,kg m$^{-3}$ (= g L$^{-1}$),42.99999999994179,1.1946,1.6807170866749548,0.09556800000000001,0.4861170866749547,False,False,False,True
historical calibration replay,theta_full,LAB012,X,kg m$^{-3}$ (= g L$^{-1}$),48.0,1.1739,1.6807170866749548,0.093912,0.5068170866749548,False,False,False,True
historical calibration replay,theta_full,LAB012,X,kg m$^{-3}$ (= g L$^{-1}$),66.99999999994179,1.4964,1.6807170866749548,0.119712,0.18431708667495483,False,False,False,True
historical calibration replay,theta_full,LAB012,X,kg m$^{-3}$ (= g L$^{-1}$),138.9999999999418,2.9124,1.9347846856327657,0.232992,-0.9776153143672341,False,False,False,True
historical calibration replay,theta_full,LAB012,X,kg m$^{-3}$ (= g L$^{-1}$),162.9999999999418,3.1083,1.9094357228595253,0.248664,-1.1988642771404745,False,False,True,True
historical calibration replay,theta_full,LAB012,Xd,kg m$^{-3}$ (= g L$^{-1}$),0.0,0.1208999999999999,0.1208999999999999,0.06,0.0,True,True,False,True
historical calibration replay,theta_full,LAB012,Xd,kg m$^{-3}$ (= g L$^{-1}$),18.999999999941792,0.0146999999999999,0.1208999999999999,0.06,0.10619999999999999,False,False,False,True
historical calibration replay,theta_full,LAB012,Xd,kg m$^{-3}$ (= g L$^{-1}$),24.0,0.0105,0.1208999999999999,0.06,0.1103999999999999,False,False,False,True
historical calibration replay,theta_full,LAB012,Xd,kg m$^{-3}$ (= g L$^{-1}$),42.99999999994179,0.0035999999999999,0.1208999999999999,0.06,0.1173,False,False,False,True
historical calibration replay,theta_full,LAB012,Xd,kg m$^{-3}$ (= g L$^{-1}$),48.0,0.0056999999999999,0.1208999999999999,0.06,0.1152,False,False,False,True
historical calibration replay,theta_full,LAB012,Xd,kg m$^{-3}$ (= g L$^{-1}$),66.99999999994179,0.0230999999999998,0.1208999999999999,0.06,0.0978000000000001,False,False,False,True
historical calibration replay,theta_full,LAB012,Xd,kg m$^{-3}$ (= g L$^{-1}$),138.9999999999418,0.0206999999999999,0.16560464704592026,0.06,0.14490464704592038,False,False,False,True
historical calibration replay,theta_full,LAB012,Xd,kg m$^{-3}$ (= g L$^{-1}$),162.9999999999418,0.0045000000000001,0.19095360981916087,0.06,0.1864536098191608,False,False,True,True
historical calibration replay,theta_full,LAB012,N,kg m$^{-3}$ (= g L$^{-1}$),0.0,0.22206,0.22206,0.0177648,0.0,True,True,False,True
historical calibration replay,theta_full,LAB012,N,kg m$^{-3}$ (= g L$^{-1}$),48.0,0.27752,0.0,0.0222016,-0.27752,False,False,False,True
historical calibration replay,theta_full,LAB012,N,kg m$^{-3}$ (= g L$^{-1}$),66.99999999994179,0.23418,0.0,0.018734400000000002,-0.23418,False,False,False,True
historical calibration replay,theta_full,LAB012,N,kg m$^{-3}$ (= g L$^{-1}$),162.9999999999418,0.12548,0.0,0.012,-0.12548,False,False,True,True
historical calibration replay,theta_full,LAB012,G,kg m$^{-3}$ (= g L$^{-1}$),0.0,75.0,75.0,2.5,0.0,True,True,False,True
historical calibration replay,theta_full,LAB012,G,kg m$^{-3}$ (= g L$^{-1}$),48.0,63.23,28.819426993161862,2.5,-34.410573006838135,False,False,False,True
historical calibration replay,theta_full,LAB012,G,kg m$^{-3}$ (= g L$^{-1}$),66.99999999994179,55.44,15.053937246091918,2.5,-40.38606275390808,False,False,False,True
historical calibration replay,theta_full,LAB012,G,kg m$^{-3}$ (= g L$^{-1}$),162.9999999999418,0.0,2.7004104378580377e-06,2.5,2.7004104378580377e-06,False,False,True,True
historical calibration replay,theta_full,LAB012,F,kg m$^{-3}$ (= g L$^{-1}$),0.0,79.88,79.88,2.5,0.0,True,True,False,True
historical calibration replay,theta_full,LAB012,F,kg m$^{-3}$ (= g L$^{-1}$),48.0,81.06,53.77940485593731,2.5,-27.280595144062694,False,False,False,True
historical calibration replay,theta_full,LAB012,F,kg m$^{-3}$ (= g L$^{-1}$),66.99999999994179,77.59,39.243802585541644,2.5,-38.34619741445836,False,False,False,True
historical calibration replay,theta_full,LAB012,F,kg m$^{-3}$ (= g L$^{-1}$),162.9999999999418,0.09,0.0015440486246073065,2.5,-0.0884559513753927,False,False,True,True
historical calibration replay,theta_full,LAB012,E,kg m$^{-3}$ (= g L$^{-1}$),0.0,9.391956,9.391956,2.0,0.0,True,True,False,True
historical calibration replay,theta_full,LAB012,E,kg m$^{-3}$ (= g L$^{-1}$),48.0,11.996448,37.60689103220632,2.0,25.61044303220632,False,False,False,True
historical calibration replay,theta_full,LAB012,E,kg m$^{-3}$ (= g L$^{-1}$),66.99999999994179,17.521128,50.74022961250234,2.0,33.21910161250234,False,False,False,True
historical calibration replay,theta_full,LAB012,E,kg m$^{-3}$ (= g L$^{-1}$),162.9999999999418,81.054948,80.03555064562691,2.0263737,-1.0193973543730834,False,False,True,True
historical calibration replay,theta_full,LAB012,Gly,kg m$^{-3}$ (= g L$^{-1}$),0.0,1.27,1.27,0.35,0.0,True,True,False,True
historical calibration replay,theta_full,LAB012,Gly,kg m$^{-3}$ (= g L$^{-1}$),48.0,1.74,4.3004631159903095,0.35,2.5604631159903093,False,False,False,True
historical calibration replay,theta_full,LAB012,Gly,kg m$^{-3}$ (= g L$^{-1}$),66.99999999994179,2.16,5.21908964958005,0.35,3.0590896495800495,False,False,False,True
historical calibration replay,theta_full,LAB012,Gly,kg m$^{-3}$ (= g L$^{-1}$),162.9999999999418,5.68,6.200708404593599,0.35,0.5207084045935995,False,False,True,True
historical calibration replay,theta_incomplete_defaults,LAB004,X,kg m$^{-3}$ (= g L$^{-1}$),0.0,0.3939,0.3939,0.06,0.0,True,True,False,True
historical calibration replay,theta_incomplete_defaults,LAB004,X,kg m$^{-3}$ (= g L$^{-1}$),19.0,0.8421,0.8094512803089678,0.067368,-0.03264871969103211,False,False,False,True
historical calibration replay,theta_incomplete_defaults,LAB004,X,kg m$^{-3}$ (= g L$^{-1}$),26.0,0.7707,1.04643918346649,0.061656,0.27573918346648985,False,False,False,True
historical calibration replay,theta_incomplete_defaults,LAB004,X,kg m$^{-3}$ (= g L$^{-1}$),43.0,0.5369999999999999,1.2557085638818122,0.06,0.7187085638818123,False,False,False,True
historical calibration replay,theta_incomplete_defaults,LAB004,X,kg m$^{-3}$ (= g L$^{-1}$),50.0,1.7649,1.2557085638818122,0.14119199999999998,-0.5091914361181877,False,False,False,True
historical calibration replay,theta_incomplete_defaults,LAB004,X,kg m$^{-3}$ (= g L$^{-1}$),67.0,1.7328,1.2557085638818122,0.138624,-0.4770914361181877,False,False,False,True
historical calibration replay,theta_incomplete_defaults,LAB004,X,kg m$^{-3}$ (= g L$^{-1}$),74.0,1.6889999999999998,1.5386949595995059,0.13512,-0.15030504040049397,False,False,False,True
historical calibration replay,theta_incomplete_defaults,LAB004,X,kg m$^{-3}$ (= g L$^{-1}$),91.0,1.9563,1.554480818083356,0.156504,-0.4018191819166439,False,False,False,True
historical calibration replay,theta_incomplete_defaults,LAB004,X,kg m$^{-3}$ (= g L$^{-1}$),98.0,2.0415,1.554480818083356,0.16332000000000002,-0.48701918191664406,False,False,False,True
historical calibration replay,theta_incomplete_defaults,LAB004,X,kg m$^{-3}$ (= g L$^{-1}$),115.0,0.8688,1.554480818083356,0.069504,0.685680818083356,False,False,False,True
historical calibration replay,theta_incomplete_defaults,LAB004,X,kg m$^{-3}$ (= g L$^{-1}$),122.0,2.0415,1.554480818083356,0.16332000000000002,-0.48701918191664406,False,False,False,True
historical calibration replay,theta_incomplete_defaults,LAB004,X,kg m$^{-3}$ (= g L$^{-1}$),163.0,2.1267,1.554480818083356,0.170136,-0.572219181916644,False,False,True,True
historical calibration replay,theta_incomplete_defaults,LAB004,Xd,kg m$^{-3}$ (= g L$^{-1}$),0.0,0.0092999999999999,0.0092999999999999,0.06,0.0,True,True,False,True
historical calibration replay,theta_incomplete_defaults,LAB004,Xd,kg m$^{-3}$ (= g L$^{-1}$),19.0,0.0138,0.0092999999999999,0.06,-0.004500000000000099,False,False,False,True
historical calibration replay,theta_incomplete_defaults,LAB004,Xd,kg m$^{-3}$ (= g L$^{-1}$),26.0,0.0011999999999999,0.0092999999999999,0.06,0.0081,False,False,False,True
historical calibration replay,theta_incomplete_defaults,LAB004,Xd,kg m$^{-3}$ (= g L$^{-1}$),43.0,0.5343,0.0092999999999999,0.06411599999999999,-0.5250000000000001,False,False,False,True
historical calibration replay,theta_incomplete_defaults,LAB004,Xd,kg m$^{-3}$ (= g L$^{-1}$),50.0,0.0207000000000001,0.0092999999999999,0.06,-0.0114000000000002,False,False,False,True
historical calibration replay,theta_incomplete_defaults,LAB004,Xd,kg m$^{-3}$ (= g L$^{-1}$),67.0,0.0044999999999999,0.0092999999999999,0.06,0.0048000000000000004,False,False,False,True
historical calibration replay,theta_incomplete_defaults,LAB004,Xd,kg m$^{-3}$ (= g L$^{-1}$),74.0,0.0021,0.0092999999999999,0.06,0.007199999999999901,False,False,False,True
historical calibration replay,theta_incomplete_defaults,LAB004,Xd,kg m$^{-3}$ (= g L$^{-1}$),91.0,0.0182999999999999,0.0092999999999999,0.06,-0.009,False,False,False,True
historical calibration replay,theta_incomplete_defaults,LAB004,Xd,kg m$^{-3}$ (= g L$^{-1}$),98.0,0.0438000000000002,0.0092999999999999,0.06,-0.0345000000000003,False,False,False,True
historical calibration replay,theta_incomplete_defaults,LAB004,Xd,kg m$^{-3}$ (= g L$^{-1}$),115.0,0.069,0.0092999999999999,0.06,-0.05970000000000011,False,False,False,True
historical calibration replay,theta_incomplete_defaults,LAB004,Xd,kg m$^{-3}$ (= g L$^{-1}$),122.0,0.0621000000000002,0.0092999999999999,0.06,-0.0528000000000003,False,False,False,True
historical calibration replay,theta_incomplete_defaults,LAB004,Xd,kg m$^{-3}$ (= g L$^{-1}$),163.0,0.0162000000000001,0.0092999999999999,0.06,-0.006900000000000199,False,False,True,True
historical calibration replay,theta_incomplete_defaults,LAB004,N,kg m$^{-3}$ (= g L$^{-1}$),0.0,0.23076,0.23076,0.0184608,0.0,True,True,False,True
historical calibration replay,theta_incomplete_defaults,LAB004,N,kg m$^{-3}$ (= g L$^{-1}$),19.0,0.18272,0.11949095764058962,0.0146176,-0.06322904235941038,False,False,False,True
historical calibration replay,theta_incomplete_defaults,LAB004,N,kg m$^{-3}$ (= g L$^{-1}$),26.0,0.15742,0.056034488404118475,0.0125936,-0.10138551159588152,False,False,False,True
historical calibration replay,theta_incomplete_defaults,LAB004,N,kg m$^{-3}$ (= g L$^{-1}$),43.0,0.06016,0.0,0.012,-0.06016,False,False,False,True
historical calibration replay,theta_incomplete_defaults,LAB004,N,kg m$^{-3}$ (= g L$^{-1}$),50.0,0.019,0.0,0.012,-0.019,False,False,False,True
historical calibration replay,theta_incomplete_defaults,LAB004,N,kg m$^{-3}$ (= g L$^{-1}$),67.0,0.005,0.0,0.012,-0.005,False,False,False,True
historical calibration replay,theta_incomplete_defaults,LAB004,N,kg m$^{-3}$ (= g L$^{-1}$),74.0,0.03586,0.004226859835425382,0.012,-0.03163314016457462,False,False,False,True
historical calibration replay,theta_incomplete_defaults,LAB004,N,kg m$^{-3}$ (= g L$^{-1}$),91.0,0.009,0.0,0.012,-0.009,False,False,False,True
historical calibration replay,theta_incomplete_defaults,LAB004,N,kg m$^{-3}$ (= g L$^{-1}$),98.0,0.007,0.0,0.012,-0.007,False,False,False,True
historical calibration replay,theta_incomplete_defaults,LAB004,N,kg m$^{-3}$ (= g L$^{-1}$),115.0,0.043,0.0,0.012,-0.043,False,False,False,True
historical calibration replay,theta_incomplete_defaults,LAB004,N,kg m$^{-3}$ (= g L$^{-1}$),122.0,0.011,0.0,0.012,-0.011,False,False,False,True
historical calibration replay,theta_incomplete_defaults,LAB004,N,kg m$^{-3}$ (= g L$^{-1}$),146.0,0.025,0.0,0.012,-0.025,False,False,False,True
historical calibration replay,theta_incomplete_defaults,LAB004,N,kg m$^{-3}$ (= g L$^{-1}$),163.0,0.02846,0.0,0.012,-0.02846,False,False,True,True
historical calibration replay,theta_incomplete_defaults,LAB004,G,kg m$^{-3}$ (= g L$^{-1}$),0.0,75.04,75.04,2.5,0.0,True,True,False,True
historical calibration replay,theta_incomplete_defaults,LAB004,G,kg m$^{-3}$ (= g L$^{-1}$),19.0,70.28,64.76762939360863,2.5,-5.5123706063913716,False,False,False,True
historical calibration replay,theta_incomplete_defaults,LAB004,G,kg m$^{-3}$ (= g L$^{-1}$),26.0,68.27,59.32794301578412,2.5,-8.942056984215874,False,False,False,True
historical calibration replay,theta_incomplete_defaults,LAB004,G,kg m$^{-3}$ (= g L$^{-1}$),43.0,52.25,44.85636179748391,2.5,-7.393638202516087,False,False,False,True
historical calibration replay,theta_incomplete_defaults,LAB004,G,kg m$^{-3}$ (= g L$^{-1}$),50.0,45.2,39.689633419852484,2.5,-5.510366580147519,False,False,False,True
historical calibration replay,theta_incomplete_defaults,LAB004,G,kg m$^{-3}$ (= g L$^{-1}$),67.0,26.84,28.840561999833227,2.5,2.000561999833227,False,False,False,True
historical calibration replay,theta_incomplete_defaults,LAB004,G,kg m$^{-3}$ (= g L$^{-1}$),74.0,18.85,24.223478039821607,2.5,5.373478039821606,False,False,False,True
historical calibration replay,theta_incomplete_defaults,LAB004,G,kg m$^{-3}$ (= g L$^{-1}$),91.0,8.72,14.809213370718117,2.5,6.089213370718117,False,False,False,True
historical calibration replay,theta_incomplete_defaults,LAB004,G,kg m$^{-3}$ (= g L$^{-1}$),98.0,5.28,11.767763558150664,2.5,6.487763558150664,False,False,False,True
historical calibration replay,theta_incomplete_defaults,LAB004,G,kg m$^{-3}$ (= g L$^{-1}$),115.0,0.46,6.020257551928405,2.5,5.560257551928405,False,False,False,True
historical calibration replay,theta_incomplete_defaults,LAB004,G,kg m$^{-3}$ (= g L$^{-1}$),122.0,0.15,4.438019315465561,2.5,4.288019315465561,False,False,False,True
historical calibration replay,theta_incomplete_defaults,LAB004,G,kg m$^{-3}$ (= g L$^{-1}$),146.0,0.04,1.440703586807422,2.5,1.400703586807422,False,False,False,True
historical calibration replay,theta_incomplete_defaults,LAB004,G,kg m$^{-3}$ (= g L$^{-1}$),163.0,0.0,0.6271301463309993,2.5,0.6271301463309993,False,False,True,True
historical calibration replay,theta_incomplete_defaults,LAB004,F,kg m$^{-3}$ (= g L$^{-1}$),0.0,70.80999999999999,70.80999999999999,2.5,0.0,True,True,False,True
historical calibration replay,theta_incomplete_defaults,LAB004,F,kg m$^{-3}$ (= g L$^{-1}$),19.0,75.43,67.66546319133414,2.5,-7.764536808665866,False,False,False,True
historical calibration replay,theta_incomplete_defaults,LAB004,F,kg m$^{-3}$ (= g L$^{-1}$),26.0,70.58,65.85616313310575,2.5,-4.723836866894246,False,False,False,True
historical calibration replay,theta_incomplete_defaults,LAB004,F,kg m$^{-3}$ (= g L$^{-1}$),43.0,65.46,60.834753101054915,2.5,-4.625246898945079,False,False,False,True
historical calibration replay,theta_incomplete_defaults,LAB004,F,kg m$^{-3}$ (= g L$^{-1}$),50.0,59.53999999999999,58.81324302896091,2.5,-0.7267569710390802,False,False,False,True
historical calibration replay,theta_incomplete_defaults,LAB004,F,kg m$^{-3}$ (= g L$^{-1}$),67.0,48.19,53.79163284538496,2.5,5.601632845384962,False,False,False,True
historical calibration replay,theta_incomplete_defaults,LAB004,F,kg m$^{-3}$ (= g L$^{-1}$),74.0,38.6,51.02096050586444,2.5,12.420960505864436,False,False,False,True
historical calibration replay,theta_incomplete_defaults,LAB004,F,kg m$^{-3}$ (= g L$^{-1}$),91.0,27.94,44.28763796082106,2.5,16.347637960821057,False,False,False,True
historical calibration replay,theta_incomplete_defaults,LAB004,F,kg m$^{-3}$ (= g L$^{-1}$),98.0,23.02,41.42358976410163,2.5,18.40358976410163,False,False,False,True
historical calibration replay,theta_incomplete_defaults,LAB004,F,kg m$^{-3}$ (= g L$^{-1}$),115.0,6.19,33.72397294355969,2.5,27.533972943559686,False,False,False,True
historical calibration replay,theta_incomplete_defaults,LAB004,F,kg m$^{-3}$ (= g L$^{-1}$),122.0,3.54,30.661919636918277,2.5,27.12191963691828,False,False,False,True
historical calibration replay,theta_incomplete_defaults,LAB004,F,kg m$^{-3}$ (= g L$^{-1}$),146.0,0.1099999999999999,21.403437496497506,2.5,21.293437496497507,False,False,False,True
historical calibration replay,theta_incomplete_defaults,LAB004,F,kg m$^{-3}$ (= g L$^{-1}$),163.0,0.06,16.23588006589675,2.5,16.175880065896752,False,False,True,True
historical calibration replay,theta_incomplete_defaults,LAB004,E,kg m$^{-3}$ (= g L$^{-1}$),0.0,9.707652,9.707652,2.0,0.0,True,True,False,True
historical calibration replay,theta_incomplete_defaults,LAB004,E,kg m$^{-3}$ (= g L$^{-1}$),50.0,30.543588000000003,25.42120071649699,2.0,-5.122387283503013,False,False,False,True
historical calibration replay,theta_incomplete_defaults,LAB004,E,kg m$^{-3}$ (= g L$^{-1}$),91.0,63.69166799999999,40.92548412345968,2.0,-22.76618387654031,False,False,False,True
historical calibration replay,theta_incomplete_defaults,LAB004,E,kg m$^{-3}$ (= g L$^{-1}$),146.0,83.501592,59.41555388656374,2.0875398,-24.08603811343626,False,False,False,True
historical calibration replay,theta_incomplete_defaults,LAB004,E,kg m$^{-3}$ (= g L$^{-1}$),163.0,82.396656,62.98321342245496,2.0599164,-19.413442577545034,False,False,True,True
historical calibration replay,theta_incomplete_defaults,LAB004,Gly,kg m$^{-3}$ (= g L$^{-1}$),0.0,0.99,0.99,0.35,0.0,True,True,False,True
historical calibration replay,theta_incomplete_defaults,LAB004,Gly,kg m$^{-3}$ (= g L$^{-1}$),19.0,1.2,1.6397178824734213,0.35,0.43971788247342136,False,False,False,True
historical calibration replay,theta_incomplete_defaults,LAB004,Gly,kg m$^{-3}$ (= g L$^{-1}$),26.0,1.28,1.9820354730934124,0.35,0.7020354730934124,False,False,False,True
historical calibration replay,theta_incomplete_defaults,LAB004,Gly,kg m$^{-3}$ (= g L$^{-1}$),43.0,2.9,2.9327152310977884,0.35,0.03271523109778851,False,False,False,True
historical calibration replay,theta_incomplete_defaults,LAB004,Gly,kg m$^{-3}$ (= g L$^{-1}$),50.0,3.58,3.279159126953846,0.35,-0.30084087304615403,False,False,False,True
historical calibration replay,theta_incomplete_defaults,LAB004,Gly,kg m$^{-3}$ (= g L$^{-1}$),67.0,4.47,4.006417005528498,0.35,-0.4635829944715013,False,False,False,True
historical calibration replay,theta_incomplete_defaults,LAB004,Gly,kg m$^{-3}$ (= g L$^{-1}$),74.0,4.43,4.2887377546998575,0.35,-0.1412622453001422,False,False,False,True
historical calibration replay,theta_incomplete_defaults,LAB004,Gly,kg m$^{-3}$ (= g L$^{-1}$),91.0,5.7,4.918011596764685,0.35,-0.7819884032353155,False,False,False,True
historical calibration replay,theta_incomplete_defaults,LAB004,Gly,kg m$^{-3}$ (= g L$^{-1}$),98.0,5.68,5.121749149716666,0.35,-0.5582508502833337,False,False,False,True
historical calibration replay,theta_incomplete_defaults,LAB004,Gly,kg m$^{-3}$ (= g L$^{-1}$),115.0,6.62,5.506311844003237,0.35,-1.1136881559967629,False,False,False,True
historical calibration replay,theta_incomplete_defaults,LAB004,Gly,kg m$^{-3}$ (= g L$^{-1}$),122.0,6.4,5.61207465939631,0.35,-0.7879253406036906,False,False,False,True
historical calibration replay,theta_incomplete_defaults,LAB004,Gly,kg m$^{-3}$ (= g L$^{-1}$),146.0,6.15,5.812129329796958,0.35,-0.33787067020304207,False,False,False,True
historical calibration replay,theta_incomplete_defaults,LAB004,Gly,kg m$^{-3}$ (= g L$^{-1}$),163.0,6.28,5.866240766843874,0.35,-0.41375923315612617,False,False,True,True
historical calibration replay,theta_incomplete_defaults,LAB005,X,kg m$^{-3}$ (= g L$^{-1}$),0.0,0.4932,0.4932,0.06,0.0,True,True,False,True
historical calibration replay,theta_incomplete_defaults,LAB005,X,kg m$^{-3}$ (= g L$^{-1}$),19.0,0.6462,1.0198568255934524,0.06,0.37365682559345237,False,False,False,True
historical calibration replay,theta_incomplete_defaults,LAB005,X,kg m$^{-3}$ (= g L$^{-1}$),26.0,0.7605000000000001,1.3058176694785073,0.060840000000000005,0.5453176694785072,False,False,False,True
historical calibration replay,theta_incomplete_defaults,LAB005,X,kg m$^{-3}$ (= g L$^{-1}$),43.0,0.9516,1.342086662602421,0.076128,0.39048666260242104,False,False,False,True
historical calibration replay,theta_incomplete_defaults,LAB005,X,kg m$^{-3}$ (= g L$^{-1}$),50.0,1.7166,1.342086662602421,0.137328,-0.37451333739757886,False,False,False,True
historical calibration replay,theta_incomplete_defaults,LAB005,X,kg m$^{-3}$ (= g L$^{-1}$),67.0,1.7628,1.342086662602421,0.141024,-0.4207133373975789,False,False,False,True
historical calibration replay,theta_incomplete_defaults,LAB005,X,kg m$^{-3}$ (= g L$^{-1}$),74.0,1.9977,1.6357442452128943,0.159816,-0.36195575478710573,False,False,False,True
historical calibration replay,theta_incomplete_defaults,LAB005,X,kg m$^{-3}$ (= g L$^{-1}$),91.0,1.8363,1.6408589156823312,0.146904,-0.19544108431766882,False,False,False,True
historical calibration replay,theta_incomplete_defaults,LAB005,X,kg m$^{-3}$ (= g L$^{-1}$),98.0,2.136,1.6408589156823312,0.17088,-0.4951410843176689,False,False,False,True
historical calibration replay,theta_incomplete_defaults,LAB005,X,kg m$^{-3}$ (= g L$^{-1}$),115.0,1.0598999999999998,1.6408589156823312,0.08479199999999999,0.5809589156823314,False,False,False,True
historical calibration replay,theta_incomplete_defaults,LAB005,X,kg m$^{-3}$ (= g L$^{-1}$),122.0,2.0667,1.6408589156823312,0.165336,-0.42584108431766876,False,False,False,True
historical calibration replay,theta_incomplete_defaults,LAB005,X,kg m$^{-3}$ (= g L$^{-1}$),163.0,1.8342,1.6408589156823312,0.146736,-0.19334108431766883,False,False,True,True
historical calibration replay,theta_incomplete_defaults,LAB005,Xd,kg m$^{-3}$ (= g L$^{-1}$),0.0,0.0158999999999999,0.0158999999999999,0.06,0.0,True,True,False,True
historical calibration replay,theta_incomplete_defaults,LAB005,Xd,kg m$^{-3}$ (= g L$^{-1}$),19.0,0.0048,0.0158999999999999,0.06,0.011099999999999902,False,False,False,True
historical calibration replay,theta_incomplete_defaults,LAB005,Xd,kg m$^{-3}$ (= g L$^{-1}$),26.0,0.0021,0.0158999999999999,0.06,0.013799999999999901,False,False,False,True
historical calibration replay,theta_incomplete_defaults,LAB005,Xd,kg m$^{-3}$ (= g L$^{-1}$),43.0,0.6291,0.0158999999999999,0.07549199999999999,-0.6132000000000001,False,False,False,True
historical calibration replay,theta_incomplete_defaults,LAB005,Xd,kg m$^{-3}$ (= g L$^{-1}$),50.0,0.0093,0.0158999999999999,0.06,0.006599999999999901,False,False,False,True
historical calibration replay,theta_incomplete_defaults,LAB005,Xd,kg m$^{-3}$ (= g L$^{-1}$),67.0,0.0021,0.0158999999999999,0.06,0.013799999999999901,False,False,False,True
historical calibration replay,theta_incomplete_defaults,LAB005,Xd,kg m$^{-3}$ (= g L$^{-1}$),74.0,0.0068999999999996,0.0158999999999999,0.06,0.0090000000000003,False,False,False,True
historical calibration replay,theta_incomplete_defaults,LAB005,Xd,kg m$^{-3}$ (= g L$^{-1}$),91.0,0.0093,0.0158999999999999,0.06,0.006599999999999901,False,False,False,True
historical calibration replay,theta_incomplete_defaults,LAB005,Xd,kg m$^{-3}$ (= g L$^{-1}$),98.0,0.0320999999999997,0.0158999999999999,0.06,-0.016199999999999798,False,False,False,True
historical calibration replay,theta_incomplete_defaults,LAB005,Xd,kg m$^{-3}$ (= g L$^{-1}$),115.0,0.0323999999999999,0.0158999999999999,0.06,-0.0165,False,False,False,True
historical calibration replay,theta_incomplete_defaults,LAB005,Xd,kg m$^{-3}$ (= g L$^{-1}$),122.0,0.0669000000000001,0.0158999999999999,0.06,-0.0510000000000002,False,False,False,True
historical calibration replay,theta_incomplete_defaults,LAB005,Xd,kg m$^{-3}$ (= g L$^{-1}$),163.0,0.0089999999999999,0.0158999999999999,0.06,0.0069,False,False,True,True
historical calibration replay,theta_incomplete_defaults,LAB005,N,kg m$^{-3}$ (= g L$^{-1}$),0.0,0.2272999999999999,0.2272999999999999,0.018183999999999992,0.0,True,True,False,True
historical calibration replay,theta_incomplete_defaults,LAB005,N,kg m$^{-3}$ (= g L$^{-1}$),19.0,0.19154,0.08628106103232258,0.015323199999999999,-0.1052589389676774,False,False,False,True
historical calibration replay,theta_incomplete_defaults,LAB005,N,kg m$^{-3}$ (= g L$^{-1}$),26.0,0.15824,0.009711475618648959,0.012659199999999999,-0.14852852438135103,False,False,False,True
historical calibration replay,theta_incomplete_defaults,LAB005,N,kg m$^{-3}$ (= g L$^{-1}$),43.0,0.0532399999999999,0.0,0.012,-0.0532399999999999,False,False,False,True
historical calibration replay,theta_incomplete_defaults,LAB005,N,kg m$^{-3}$ (= g L$^{-1}$),50.0,0.019,0.0,0.012,-0.019,False,False,False,True
historical calibration replay,theta_incomplete_defaults,LAB005,N,kg m$^{-3}$ (= g L$^{-1}$),67.0,0.012,0.0,0.012,-0.012,False,False,False,True
historical calibration replay,theta_incomplete_defaults,LAB005,N,kg m$^{-3}$ (= g L$^{-1}$),74.0,0.03568,0.0013695167066464908,0.012,-0.03431048329335351,False,False,False,True
historical calibration replay,theta_incomplete_defaults,LAB005,N,kg m$^{-3}$ (= g L$^{-1}$),91.0,0.011,0.0,0.012,-0.011,False,False,False,True
historical calibration replay,theta_incomplete_defaults,LAB005,N,kg m$^{-3}$ (= g L$^{-1}$),98.0,0.01,0.0,0.012,-0.01,False,False,False,True
historical calibration replay,theta_incomplete_defaults,LAB005,N,kg m$^{-3}$ (= g L$^{-1}$),115.0,0.046,0.0,0.012,-0.046,False,False,False,True
historical calibration replay,theta_incomplete_defaults,LAB005,N,kg m$^{-3}$ (= g L$^{-1}$),122.0,0.014,0.0,0.012,-0.014,False,False,False,True
historical calibration replay,theta_incomplete_defaults,LAB005,N,kg m$^{-3}$ (= g L$^{-1}$),146.0,0.027,0.0,0.012,-0.027,False,False,False,True
historical calibration replay,theta_incomplete_defaults,LAB005,N,kg m$^{-3}$ (= g L$^{-1}$),163.0,0.03228,0.0,0.012,-0.03228,False,False,True,True
historical calibration replay,theta_incomplete_defaults,LAB005,G,kg m$^{-3}$ (= g L$^{-1}$),0.0,77.71,77.71,2.5,0.0,True,True,False,True
historical calibration replay,theta_incomplete_defaults,LAB005,G,kg m$^{-3}$ (= g L$^{-1}$),19.0,70.76,64.9418899205427,2.5,-5.818110079457298,False,False,False,True
historical calibration replay,theta_incomplete_defaults,LAB005,G,kg m$^{-3}$ (= g L$^{-1}$),26.0,66.58,58.35423239039167,2.5,-8.225767609608326,False,False,False,True
historical calibration replay,theta_incomplete_defaults,LAB005,G,kg m$^{-3}$ (= g L$^{-1}$),43.0,49.85,43.52928074284836,2.5,-6.320719257151644,False,False,False,True
historical calibration replay,theta_incomplete_defaults,LAB005,G,kg m$^{-3}$ (= g L$^{-1}$),50.0,44.05,38.33222334306031,2.5,-5.717776656939684,False,False,False,True
historical calibration replay,theta_incomplete_defaults,LAB005,G,kg m$^{-3}$ (= g L$^{-1}$),67.0,25.97,27.489219080399067,2.5,1.5192190803990684,False,False,False,True
historical calibration replay,theta_incomplete_defaults,LAB005,G,kg m$^{-3}$ (= g L$^{-1}$),74.0,20.27,22.910516085456273,2.5,2.640516085456273,False,False,False,True
historical calibration replay,theta_incomplete_defaults,LAB005,G,kg m$^{-3}$ (= g L$^{-1}$),91.0,9.32,13.826906713050553,2.5,4.506906713050553,False,False,False,True
historical calibration replay,theta_incomplete_defaults,LAB005,G,kg m$^{-3}$ (= g L$^{-1}$),98.0,6.3,10.924504281966444,2.5,4.624504281966444,False,False,False,True
historical calibration replay,theta_incomplete_defaults,LAB005,G,kg m$^{-3}$ (= g L$^{-1}$),115.0,0.67,5.556840726095122,2.5,4.886840726095122,False,False,False,True
historical calibration replay,theta_incomplete_defaults,LAB005,G,kg m$^{-3}$ (= g L$^{-1}$),122.0,0.27,4.106349987433312,2.5,3.836349987433312,False,False,False,True
historical calibration replay,theta_incomplete_defaults,LAB005,G,kg m$^{-3}$ (= g L$^{-1}$),146.0,0.03,1.3631502027491418,2.5,1.3331502027491418,False,False,False,True
historical calibration replay,theta_incomplete_defaults,LAB005,G,kg m$^{-3}$ (= g L$^{-1}$),163.0,0.0,0.6102232578494038,2.5,0.6102232578494038,False,False,True,True
historical calibration replay,theta_incomplete_defaults,LAB005,F,kg m$^{-3}$ (= g L$^{-1}$),0.0,87.95,87.95,2.5,0.0,True,True,False,True
historical calibration replay,theta_incomplete_defaults,LAB005,F,kg m$^{-3}$ (= g L$^{-1}$),19.0,71.95,83.67128950589026,2.5,11.721289505890255,False,False,False,True
historical calibration replay,theta_incomplete_defaults,LAB005,F,kg m$^{-3}$ (= g L$^{-1}$),26.0,71.73,81.22297279957398,2.5,9.492972799573977,False,False,False,True
historical calibration replay,theta_incomplete_defaults,LAB005,F,kg m$^{-3}$ (= g L$^{-1}$),43.0,61.56,75.4295412187286,2.5,13.8695412187286,False,False,False,True
historical calibration replay,theta_incomplete_defaults,LAB005,F,kg m$^{-3}$ (= g L$^{-1}$),50.0,60.540000000000006,73.02441186567508,2.5,12.48441186567507,False,False,False,True
historical calibration replay,theta_incomplete_defaults,LAB005,F,kg m$^{-3}$ (= g L$^{-1}$),67.0,47.91,67.01298220529604,2.5,19.102982205296044,False,False,False,True
historical calibration replay,theta_incomplete_defaults,LAB005,F,kg m$^{-3}$ (= g L$^{-1}$),74.0,43.31,63.756920084065136,2.5,20.446920084065134,False,False,False,True
historical calibration replay,theta_incomplete_defaults,LAB005,F,kg m$^{-3}$ (= g L$^{-1}$),91.0,29.3,55.73541184260847,2.5,26.43541184260847,False,False,False,True
historical calibration replay,theta_incomplete_defaults,LAB005,F,kg m$^{-3}$ (= g L$^{-1}$),98.0,24.38,52.29150889728449,2.5,27.911508897284488,False,False,False,True
historical calibration replay,theta_incomplete_defaults,LAB005,F,kg m$^{-3}$ (= g L$^{-1}$),115.0,7.529999999999999,43.04564503550925,2.5,35.51564503550925,False,False,False,True
historical calibration replay,theta_incomplete_defaults,LAB005,F,kg m$^{-3}$ (= g L$^{-1}$),122.0,4.73,39.395675974491034,2.5,34.66567597449104,False,False,False,True
historical calibration replay,theta_incomplete_defaults,LAB005,F,kg m$^{-3}$ (= g L$^{-1}$),146.0,0.09,28.223624249643237,2.5,28.133624249643237,False,False,False,True
historical calibration replay,theta_incomplete_defaults,LAB005,F,kg m$^{-3}$ (= g L$^{-1}$),163.0,0.01,21.874319303785125,2.5,21.864319303785123,False,False,True,True
historical calibration replay,theta_incomplete_defaults,LAB005,E,kg m$^{-3}$ (= g L$^{-1}$),0.0,9.786576,9.786576,2.0,0.0,True,True,False,True
historical calibration replay,theta_incomplete_defaults,LAB005,E,kg m$^{-3}$ (= g L$^{-1}$),50.0,31.253904,28.48686852177486,2.0,-2.7670354782251394,False,False,False,True
historical calibration replay,theta_incomplete_defaults,LAB005,E,kg m$^{-3}$ (= g L$^{-1}$),91.0,61.95534000000001,45.75460890564103,2.0,-16.20073109435898,False,False,False,True
historical calibration replay,theta_incomplete_defaults,LAB005,E,kg m$^{-3}$ (= g L$^{-1}$),146.0,83.97513599999999,67.14035141725698,2.0993784,-16.834784582743012,False,False,False,True
historical calibration replay,theta_incomplete_defaults,LAB005,E,kg m$^{-3}$ (= g L$^{-1}$),163.0,80.66032799999999,71.48855202459953,2.0165082,-9.171775975400465,False,False,True,True
historical calibration replay,theta_incomplete_defaults,LAB005,Gly,kg m$^{-3}$ (= g L$^{-1}$),0.0,1.09,1.09,0.35,0.0,True,True,False,True
historical calibration replay,theta_incomplete_defaults,LAB005,Gly,kg m$^{-3}$ (= g L$^{-1}$),19.0,8.19,1.8969246533487976,0.4095,-6.293075346651202,False,False,False,True
historical calibration replay,theta_incomplete_defaults,LAB005,Gly,kg m$^{-3}$ (= g L$^{-1}$),26.0,1.28,2.3117373818690887,0.35,1.0317373818690887,False,False,False,True
historical calibration replay,theta_incomplete_defaults,LAB005,Gly,kg m$^{-3}$ (= g L$^{-1}$),43.0,2.87,3.303115129743033,0.35,0.4331151297430327,False,False,False,True
historical calibration replay,theta_incomplete_defaults,LAB005,Gly,kg m$^{-3}$ (= g L$^{-1}$),50.0,3.58,3.651763827159147,0.35,0.07176382715914675,False,False,False,True
historical calibration replay,theta_incomplete_defaults,LAB005,Gly,kg m$^{-3}$ (= g L$^{-1}$),67.0,4.5,4.379030117662265,0.35,-0.12096988233773498,False,False,False,True
historical calibration replay,theta_incomplete_defaults,LAB005,Gly,kg m$^{-3}$ (= g L$^{-1}$),74.0,4.96,4.657946318309525,0.35,-0.30205368169047464,False,False,False,True
historical calibration replay,theta_incomplete_defaults,LAB005,Gly,kg m$^{-3}$ (= g L$^{-1}$),91.0,5.61,5.266560054899064,0.35,-0.34343994510093623,False,False,False,True
historical calibration replay,theta_incomplete_defaults,LAB005,Gly,kg m$^{-3}$ (= g L$^{-1}$),98.0,5.87,5.46115415003905,0.35,-0.40884584996094997,False,False,False,True
historical calibration replay,theta_incomplete_defaults,LAB005,Gly,kg m$^{-3}$ (= g L$^{-1}$),115.0,6.63,5.8207213135032125,0.35,-0.8092786864967874,False,False,False,True
historical calibration replay,theta_incomplete_defaults,LAB005,Gly,kg m$^{-3}$ (= g L$^{-1}$),122.0,6.3,5.917829602134175,0.35,-0.3821703978658251,False,False,False,True
historical calibration replay,theta_incomplete_defaults,LAB005,Gly,kg m$^{-3}$ (= g L$^{-1}$),146.0,6.22,6.101282050141831,0.35,-0.11871794985816919,False,False,False,True
historical calibration replay,theta_incomplete_defaults,LAB005,Gly,kg m$^{-3}$ (= g L$^{-1}$),163.0,6.17,6.151517985098322,0.35,-0.01848201490167778,False,False,True,True
historical calibration replay,theta_incomplete_defaults,LAB006,X,kg m$^{-3}$ (= g L$^{-1}$),0.0,0.0989999999999999,0.0989999999999999,0.06,0.0,True,True,False,True
historical calibration replay,theta_incomplete_defaults,LAB006,X,kg m$^{-3}$ (= g L$^{-1}$),19.0,0.5841,0.18372192525906858,0.06,-0.40037807474093134,False,False,False,True
historical calibration replay,theta_incomplete_defaults,LAB006,X,kg m$^{-3}$ (= g L$^{-1}$),26.0,0.5817,0.23022529022278673,0.06,-0.3514747097772133,False,False,False,True
historical calibration replay,theta_incomplete_defaults,LAB006,X,kg m$^{-3}$ (= g L$^{-1}$),43.0,0.447,0.3987835029394582,0.06,-0.04821649706054182,False,False,False,True
historical calibration replay,theta_incomplete_defaults,LAB006,X,kg m$^{-3}$ (= g L$^{-1}$),50.0,1.2372,0.499360278580812,0.09897600000000001,-0.7378397214191881,False,False,False,True
historical calibration replay,theta_incomplete_defaults,LAB006,X,kg m$^{-3}$ (= g L$^{-1}$),67.0,1.9515,0.8519696913022844,0.15612,-1.0995303086977155,False,False,False,True
historical calibration replay,theta_incomplete_defaults,LAB006,X,kg m$^{-3}$ (= g L$^{-1}$),74.0,1.3779,0.954664435917783,0.110232,-0.42323556408221685,False,False,False,True
historical calibration replay,theta_incomplete_defaults,LAB006,X,kg m$^{-3}$ (= g L$^{-1}$),98.0,2.3319,0.9546837358482698,0.18655200000000002,-1.3772162641517303,False,False,False,True
historical calibration replay,theta_incomplete_defaults,LAB006,X,kg m$^{-3}$ (= g L$^{-1}$),115.0,1.2327,1.2534559927585058,0.098616,0.020755992758505926,False,False,False,True
historical calibration replay,theta_incomplete_defaults,LAB006,X,kg m$^{-3}$ (= g L$^{-1}$),122.0,1.8156,1.2534559927585058,0.14524800000000002,-0.5621440072414943,False,False,False,True
historical calibration replay,theta_incomplete_defaults,LAB006,X,kg m$^{-3}$ (= g L$^{-1}$),139.0,1.8642,1.2534559927585058,0.14913600000000002,-0.6107440072414942,False,False,False,True
historical calibration replay,theta_incomplete_defaults,LAB006,X,kg m$^{-3}$ (= g L$^{-1}$),170.0,1.4748,1.2534559927585058,0.117984,-0.22134400724149428,False,False,False,True
historical calibration replay,theta_incomplete_defaults,LAB006,X,kg m$^{-3}$ (= g L$^{-1}$),194.0,1.7004,1.2534559927585058,0.136032,-0.4469440072414941,False,False,False,True
historical calibration replay,theta_incomplete_defaults,LAB006,X,kg m$^{-3}$ (= g L$^{-1}$),211.0,2.5047,1.2534559927585058,0.20037600000000003,-1.2512440072414943,False,False,True,True
historical calibration replay,theta_incomplete_defaults,LAB006,Xd,kg m$^{-3}$ (= g L$^{-1}$),0.0,0.0275999999999999,0.0275999999999999,0.06,0.0,True,True,False,True
historical calibration replay,theta_incomplete_defaults,LAB006,Xd,kg m$^{-3}$ (= g L$^{-1}$),19.0,0.0080999999999999,0.0275999999999999,0.06,0.019499999999999997,False,False,False,True
historical calibration replay,theta_incomplete_defaults,LAB006,Xd,kg m$^{-3}$ (= g L$^{-1}$),26.0,0.0036,0.0275999999999999,0.06,0.0239999999999999,False,False,False,True
historical calibration replay,theta_incomplete_defaults,LAB006,Xd,kg m$^{-3}$ (= g L$^{-1}$),43.0,0.5390999999999999,0.0275999999999999,0.06469199999999999,-0.5115000000000001,False,False,False,True
historical calibration replay,theta_incomplete_defaults,LAB006,Xd,kg m$^{-3}$ (= g L$^{-1}$),50.0,0.0092999999999998,0.0275999999999999,0.06,0.0183000000000001,False,False,False,True
historical calibration replay,theta_incomplete_defaults,LAB006,Xd,kg m$^{-3}$ (= g L$^{-1}$),67.0,0.0023999999999999,0.0275999999999999,0.06,0.0252,False,False,False,True
historical calibration replay,theta_incomplete_defaults,LAB006,Xd,kg m$^{-3}$ (= g L$^{-1}$),74.0,0.0044999999999999,0.0275999999999999,0.06,0.0231,False,False,False,True
historical calibration replay,theta_incomplete_defaults,LAB006,Xd,kg m$^{-3}$ (= g L$^{-1}$),98.0,0.0551999999999996,0.0275999999999999,0.06,-0.027599999999999698,False,False,False,True
historical calibration replay,theta_incomplete_defaults,LAB006,Xd,kg m$^{-3}$ (= g L$^{-1}$),115.0,0.0575999999999998,0.0275999999999999,0.06,-0.0299999999999999,False,False,False,True
historical calibration replay,theta_incomplete_defaults,LAB006,Xd,kg m$^{-3}$ (= g L$^{-1}$),122.0,0.0944999999999999,0.0275999999999999,0.06,-0.0669,False,False,False,True
historical calibration replay,theta_incomplete_defaults,LAB006,Xd,kg m$^{-3}$ (= g L$^{-1}$),139.0,0.0689999999999999,0.0275999999999999,0.06,-0.04139999999999999,False,False,False,True
historical calibration replay,theta_incomplete_defaults,LAB006,Xd,kg m$^{-3}$ (= g L$^{-1}$),170.0,0.0183000000000001,0.0275999999999999,0.06,0.009299999999999798,False,False,False,True
historical calibration replay,theta_incomplete_defaults,LAB006,Xd,kg m$^{-3}$ (= g L$^{-1}$),194.0,0.0117,0.0275999999999999,0.06,0.0158999999999999,False,False,False,True
historical calibration replay,theta_incomplete_defaults,LAB006,Xd,kg m$^{-3}$ (= g L$^{-1}$),211.0,0.0069000000000001,0.0275999999999999,0.06,0.0206999999999998,False,False,True,True
historical calibration replay,theta_incomplete_defaults,LAB006,N,kg m$^{-3}$ (= g L$^{-1}$),0.0,0.22912,0.22912,0.018329599999999998,0.0,True,True,False,True
historical calibration replay,theta_incomplete_defaults,LAB006,N,kg m$^{-3}$ (= g L$^{-1}$),19.0,0.199,0.20643464698312783,0.01592,0.007434646983127818,False,False,False,True
historical calibration replay,theta_incomplete_defaults,LAB006,N,kg m$^{-3}$ (= g L$^{-1}$),26.0,0.1808999999999999,0.19398279054279663,0.014471999999999992,0.013082790542796735,False,False,False,True
historical calibration replay,theta_incomplete_defaults,LAB006,N,kg m$^{-3}$ (= g L$^{-1}$),43.0,0.1321,0.1488492250852362,0.012,0.016749225085236213,False,False,False,True
historical calibration replay,theta_incomplete_defaults,LAB006,N,kg m$^{-3}$ (= g L$^{-1}$),50.0,0.1016,0.1219185379727094,0.012,0.02031853797270941,False,False,False,True
historical calibration replay,theta_incomplete_defaults,LAB006,N,kg m$^{-3}$ (= g L$^{-1}$),67.0,0.0404,0.027502966322295902,0.012,-0.012897033677704096,False,False,False,True
historical calibration replay,theta_incomplete_defaults,LAB006,N,kg m$^{-3}$ (= g L$^{-1}$),74.0,0.021,5.166579711083954e-06,0.012,-0.020994833420288916,False,False,False,True
historical calibration replay,theta_incomplete_defaults,LAB006,N,kg m$^{-3}$ (= g L$^{-1}$),98.0,0.0,0.0,0.012,0.0,False,False,False,True
historical calibration replay,theta_incomplete_defaults,LAB006,N,kg m$^{-3}$ (= g L$^{-1}$),115.0,0.058,0.0,0.012,-0.058,False,False,False,True
historical calibration replay,theta_incomplete_defaults,LAB006,N,kg m$^{-3}$ (= g L$^{-1}$),122.0,0.027,0.0,0.012,-0.027,False,False,False,True
historical calibration replay,theta_incomplete_defaults,LAB006,N,kg m$^{-3}$ (= g L$^{-1}$),139.0,0.039,0.0,0.012,-0.039,False,False,False,True
historical calibration replay,theta_incomplete_defaults,LAB006,N,kg m$^{-3}$ (= g L$^{-1}$),146.0,0.041,0.0,0.012,-0.041,False,False,False,True
historical calibration replay,theta_incomplete_defaults,LAB006,N,kg m$^{-3}$ (= g L$^{-1}$),170.0,0.04474,0.0,0.012,-0.04474,False,False,False,True
historical calibration replay,theta_incomplete_defaults,LAB006,N,kg m$^{-3}$ (= g L$^{-1}$),194.0,0.04164,0.0,0.012,-0.04164,False,False,False,True
historical calibration replay,theta_incomplete_defaults,LAB006,N,kg m$^{-3}$ (= g L$^{-1}$),211.0,0.032,0.0,0.012,-0.032,False,False,True,True
historical calibration replay,theta_incomplete_defaults,LAB006,G,kg m$^{-3}$ (= g L$^{-1}$),0.0,81.63,81.63,2.5,0.0,True,True,False,True
historical calibration replay,theta_incomplete_defaults,LAB006,G,kg m$^{-3}$ (= g L$^{-1}$),19.0,71.62,79.18819250225873,2.5,7.568192502258725,False,False,False,True
historical calibration replay,theta_incomplete_defaults,LAB006,G,kg m$^{-3}$ (= g L$^{-1}$),26.0,70.18,77.87386322722992,2.5,7.693863227229912,False,False,False,True
historical calibration replay,theta_incomplete_defaults,LAB006,G,kg m$^{-3}$ (= g L$^{-1}$),43.0,60.47,73.2940397954618,2.5,12.8240397954618,False,False,False,True
historical calibration replay,theta_incomplete_defaults,LAB006,G,kg m$^{-3}$ (= g L$^{-1}$),50.0,61.47,70.67393287482946,2.5,9.203932874829462,False,False,False,True
historical calibration replay,theta_incomplete_defaults,LAB006,G,kg m$^{-3}$ (= g L$^{-1}$),67.0,44.39,61.92457583889622,2.5,17.534575838896217,False,False,False,True
historical calibration replay,theta_incomplete_defaults,LAB006,G,kg m$^{-3}$ (= g L$^{-1}$),74.0,38.91,57.46097503138169,2.5,18.550975031381697,False,False,False,True
historical calibration replay,theta_incomplete_defaults,LAB006,G,kg m$^{-3}$ (= g L$^{-1}$),98.0,20.89,44.02279764671622,2.5,23.13279764671622,False,False,False,True
historical calibration replay,theta_incomplete_defaults,LAB006,G,kg m$^{-3}$ (= g L$^{-1}$),115.0,11.13,33.99086693195744,2.5,22.86086693195744,False,False,False,True
historical calibration replay,theta_incomplete_defaults,LAB006,G,kg m$^{-3}$ (= g L$^{-1}$),122.0,9.46,30.169817180973247,2.5,20.709817180973246,False,False,False,True
historical calibration replay,theta_incomplete_defaults,LAB006,G,kg m$^{-3}$ (= g L$^{-1}$),139.0,2.45,21.51842728326588,2.5,19.06842728326588,False,False,False,True
historical calibration replay,theta_incomplete_defaults,LAB006,G,kg m$^{-3}$ (= g L$^{-1}$),146.0,1.33,18.447672070535493,2.5,17.11767207053549,False,False,False,True
historical calibration replay,theta_incomplete_defaults,LAB006,G,kg m$^{-3}$ (= g L$^{-1}$),170.0,0.19,10.139656391137873,2.5,9.949656391137873,False,False,False,True
historical calibration replay,theta_incomplete_defaults,LAB006,G,kg m$^{-3}$ (= g L$^{-1}$),194.0,0.0,4.916949042488615,2.5,4.916949042488615,False,False,False,True
historical calibration replay,theta_incomplete_defaults,LAB006,G,kg m$^{-3}$ (= g L$^{-1}$),211.0,0.0,2.7569326243581402,2.5,2.7569326243581402,False,False,True,True
historical calibration replay,theta_incomplete_defaults,LAB006,F,kg m$^{-3}$ (= g L$^{-1}$),0.0,75.81,75.81,2.5,0.0,True,True,False,True
historical calibration replay,theta_incomplete_defaults,LAB006,F,kg m$^{-3}$ (= g L$^{-1}$),19.0,72.32,75.1561333718688,2.5,2.8361333718688115,False,False,False,True
historical calibration replay,theta_incomplete_defaults,LAB006,F,kg m$^{-3}$ (= g L$^{-1}$),26.0,66.37,74.79827656581291,2.5,8.428276565812908,False,False,False,True
historical calibration replay,theta_incomplete_defaults,LAB006,F,kg m$^{-3}$ (= g L$^{-1}$),43.0,69.49000000000001,73.50979122938918,2.5,4.01979122938917,False,False,False,True
historical calibration replay,theta_incomplete_defaults,LAB006,F,kg m$^{-3}$ (= g L$^{-1}$),50.0,66.07000000000001,72.743779271014,2.5,6.6737792710139985,False,False,False,True
historical calibration replay,theta_incomplete_defaults,LAB006,F,kg m$^{-3}$ (= g L$^{-1}$),67.0,61.11,70.02015085844151,2.5,8.910150858441511,False,False,False,True
historical calibration replay,theta_incomplete_defaults,LAB006,F,kg m$^{-3}$ (= g L$^{-1}$),74.0,56.09,68.60891649406751,2.5,12.518916494067511,False,False,False,True
historical calibration replay,theta_incomplete_defaults,LAB006,F,kg m$^{-3}$ (= g L$^{-1}$),98.0,43.04,64.09292329865542,2.5,21.052923298655422,False,False,False,True
historical calibration replay,theta_incomplete_defaults,LAB006,F,kg m$^{-3}$ (= g L$^{-1}$),115.0,32.08,59.668969488291566,2.5,27.588969488291568,False,False,False,True
historical calibration replay,theta_incomplete_defaults,LAB006,F,kg m$^{-3}$ (= g L$^{-1}$),122.0,29.25,57.81809787318115,2.5,28.568097873181152,False,False,False,True
historical calibration replay,theta_incomplete_defaults,LAB006,F,kg m$^{-3}$ (= g L$^{-1}$),139.0,18.82,52.63574666328848,2.5,33.81574666328848,False,False,False,True
historical calibration replay,theta_incomplete_defaults,LAB006,F,kg m$^{-3}$ (= g L$^{-1}$),146.0,12.38,50.39873507415301,2.5,38.01873507415301,False,False,False,True
historical calibration replay,theta_incomplete_defaults,LAB006,F,kg m$^{-3}$ (= g L$^{-1}$),170.0,4.5,42.492830911304864,2.5,37.992830911304864,False,False,False,True
historical calibration replay,theta_incomplete_defaults,LAB006,F,kg m$^{-3}$ (= g L$^{-1}$),194.0,0.88,34.4104470469224,2.5,33.5304470469224,False,False,False,True
historical calibration replay,theta_incomplete_defaults,LAB006,F,kg m$^{-3}$ (= g L$^{-1}$),211.0,0.17,28.968971798528308,2.5,28.798971798528306,False,False,True,True
historical calibration replay,theta_incomplete_defaults,LAB006,E,kg m$^{-3}$ (= g L$^{-1}$),0.0,9.8655,9.8655,2.0,0.0,True,True,False,True
historical calibration replay,theta_incomplete_defaults,LAB006,E,kg m$^{-3}$ (= g L$^{-1}$),50.0,21.072708,14.127300598630649,2.0,-6.94540740136935,False,False,False,True
historical calibration replay,theta_incomplete_defaults,LAB006,E,kg m$^{-3}$ (= g L$^{-1}$),115.0,61.718568,31.01801245016804,2.0,-30.700555549831957,False,False,False,True
historical calibration replay,theta_incomplete_defaults,LAB006,E,kg m$^{-3}$ (= g L$^{-1}$),146.0,77.108748,41.07450110516069,2.0,-36.03424689483931,False,False,False,True
historical calibration replay,theta_incomplete_defaults,LAB006,E,kg m$^{-3}$ (= g L$^{-1}$),211.0,82.712352,59.24578523617946,2.0678088,-23.466566763820538,False,False,True,True
historical calibration replay,theta_incomplete_defaults,LAB006,Gly,kg m$^{-3}$ (= g L$^{-1}$),0.0,1.17,1.17,0.35,0.0,True,True,False,True
historical calibration replay,theta_incomplete_defaults,LAB006,Gly,kg m$^{-3}$ (= g L$^{-1}$),19.0,0.9,1.3258515656308119,0.35,0.42585156563081183,False,False,False,True
historical calibration replay,theta_incomplete_defaults,LAB006,Gly,kg m$^{-3}$ (= g L$^{-1}$),26.0,0.99,1.4096474916696926,0.35,0.4196474916696926,False,False,False,True
historical calibration replay,theta_incomplete_defaults,LAB006,Gly,kg m$^{-3}$ (= g L$^{-1}$),43.0,2.34,1.7009714808589271,0.35,-0.6390285191410727,False,False,False,True
historical calibration replay,theta_incomplete_defaults,LAB006,Gly,kg m$^{-3}$ (= g L$^{-1}$),50.0,2.83,1.867213261895114,0.35,-0.962786738104886,False,False,False,True
historical calibration replay,theta_incomplete_defaults,LAB006,Gly,kg m$^{-3}$ (= g L$^{-1}$),67.0,3.45,2.4206053731220782,0.35,-1.029394626877922,False,False,False,True
historical calibration replay,theta_incomplete_defaults,LAB006,Gly,kg m$^{-3}$ (= g L$^{-1}$),74.0,3.67,2.7102522389939883,0.35,-0.9597477610060117,False,False,False,True
historical calibration replay,theta_incomplete_defaults,LAB006,Gly,kg m$^{-3}$ (= g L$^{-1}$),98.0,4.89,3.6116040102613813,0.35,-1.2783959897386183,False,False,False,True
historical calibration replay,theta_incomplete_defaults,LAB006,Gly,kg m$^{-3}$ (= g L$^{-1}$),115.0,5.56,4.255608852260207,0.35,-1.3043911477397927,False,False,False,True
historical calibration replay,theta_incomplete_defaults,LAB006,Gly,kg m$^{-3}$ (= g L$^{-1}$),122.0,5.75,4.511760215662502,0.35,-1.2382397843374982,False,False,False,True
historical calibration replay,theta_incomplete_defaults,LAB006,Gly,kg m$^{-3}$ (= g L$^{-1}$),139.0,6.24,5.091521298058522,0.35,-1.1484787019414782,False,False,False,True
historical calibration replay,theta_incomplete_defaults,LAB006,Gly,kg m$^{-3}$ (= g L$^{-1}$),146.0,6.01,5.297265391347908,0.35,-0.7127346086520916,False,False,False,True
historical calibration replay,theta_incomplete_defaults,LAB006,Gly,kg m$^{-3}$ (= g L$^{-1}$),170.0,5.78,5.8538232409637185,0.35,0.07382324096371828,False,False,False,True
historical calibration replay,theta_incomplete_defaults,LAB006,Gly,kg m$^{-3}$ (= g L$^{-1}$),194.0,5.62,6.203532908037995,0.35,0.583532908037995,False,False,False,True
historical calibration replay,theta_incomplete_defaults,LAB006,Gly,kg m$^{-3}$ (= g L$^{-1}$),211.0,6.34,6.348062076908083,0.35,0.008062076908083249,False,False,True,True
historical calibration replay,theta_incomplete_defaults,LAB007,X,kg m$^{-3}$ (= g L$^{-1}$),0.0,0.2916,0.2916,0.06,0.0,True,True,False,True
historical calibration replay,theta_incomplete_defaults,LAB007,X,kg m$^{-3}$ (= g L$^{-1}$),16.0,0.6312,0.5300501069836372,0.06,-0.10114989301636279,False,False,False,True
historical calibration replay,theta_incomplete_defaults,LAB007,X,kg m$^{-3}$ (= g L$^{-1}$),24.0,0.7338,0.7125413872690322,0.06,-0.021258612730967852,False,False,False,True
historical calibration replay,theta_incomplete_defaults,LAB007,X,kg m$^{-3}$ (= g L$^{-1}$),40.0,1.2477,1.1842587400804527,0.099816,-0.0634412599195473,False,False,False,True
historical calibration replay,theta_incomplete_defaults,LAB007,X,kg m$^{-3}$ (= g L$^{-1}$),48.0,1.4124,1.184331496587491,0.11299200000000001,-0.22806850341250917,False,False,False,True
historical calibration replay,theta_incomplete_defaults,LAB007,X,kg m$^{-3}$ (= g L$^{-1}$),64.0,1.7004,1.184331496587491,0.136032,-0.516068503412509,False,False,False,True
historical calibration replay,theta_incomplete_defaults,LAB007,X,kg m$^{-3}$ (= g L$^{-1}$),72.0,1.7004,1.4806161339405783,0.136032,-0.21978386605942157,False,False,False,True
historical calibration replay,theta_incomplete_defaults,LAB007,X,kg m$^{-3}$ (= g L$^{-1}$),88.0,1.9446,1.4831037435776915,0.155568,-0.4614962564223086,False,False,False,True
historical calibration replay,theta_incomplete_defaults,LAB007,X,kg m$^{-3}$ (= g L$^{-1}$),96.0,1.6959,1.4831037435776915,0.135672,-0.21279625642230848,False,False,False,True
historical calibration replay,theta_incomplete_defaults,LAB007,X,kg m$^{-3}$ (= g L$^{-1}$),112.0,1.7949,1.4831037435776915,0.143592,-0.31179625642230846,False,False,False,True
historical calibration replay,theta_incomplete_defaults,LAB007,X,kg m$^{-3}$ (= g L$^{-1}$),120.0,1.7673,1.4831037435776915,0.141384,-0.2841962564223086,False,False,False,True
historical calibration replay,theta_incomplete_defaults,LAB007,X,kg m$^{-3}$ (= g L$^{-1}$),144.0,1.7973,1.4831037435776915,0.143784,-0.3141962564223084,False,False,False,True
historical calibration replay,theta_incomplete_defaults,LAB007,X,kg m$^{-3}$ (= g L$^{-1}$),160.0,0.8964,1.4831037435776915,0.071712,0.5867037435776915,False,False,True,True
historical calibration replay,theta_incomplete_defaults,LAB007,Xd,kg m$^{-3}$ (= g L$^{-1}$),0.0,0.0008999999999999,0.0008999999999999,0.06,0.0,True,True,False,True
historical calibration replay,theta_incomplete_defaults,LAB007,Xd,kg m$^{-3}$ (= g L$^{-1}$),16.0,0.0080999999999999,0.0008999999999999,0.06,-0.007200000000000001,False,False,False,True
historical calibration replay,theta_incomplete_defaults,LAB007,Xd,kg m$^{-3}$ (= g L$^{-1}$),24.0,0.0011999999999999,0.0008999999999999,0.06,-0.0002999999999999999,False,False,False,True
historical calibration replay,theta_incomplete_defaults,LAB007,Xd,kg m$^{-3}$ (= g L$^{-1}$),40.0,0.0035999999999999,0.0008999999999999,0.06,-0.0027,False,False,False,True
historical calibration replay,theta_incomplete_defaults,LAB007,Xd,kg m$^{-3}$ (= g L$^{-1}$),48.0,0.0,0.0008999999999999,0.06,0.0008999999999999,False,False,False,True
historical calibration replay,theta_incomplete_defaults,LAB007,Xd,kg m$^{-3}$ (= g L$^{-1}$),64.0,0.0093,0.0008999999999999,0.06,-0.008400000000000098,False,False,False,True
historical calibration replay,theta_incomplete_defaults,LAB007,Xd,kg m$^{-3}$ (= g L$^{-1}$),72.0,0.0093,0.0008999999999999,0.06,-0.008400000000000098,False,False,False,True
historical calibration replay,theta_incomplete_defaults,LAB007,Xd,kg m$^{-3}$ (= g L$^{-1}$),88.0,0.0117,0.0008999999999999,0.06,-0.010800000000000101,False,False,False,True
historical calibration replay,theta_incomplete_defaults,LAB007,Xd,kg m$^{-3}$ (= g L$^{-1}$),96.0,0.0093,0.0008999999999999,0.06,-0.008400000000000098,False,False,False,True
historical calibration replay,theta_incomplete_defaults,LAB007,Xd,kg m$^{-3}$ (= g L$^{-1}$),112.0,0.0138,0.0008999999999999,0.06,-0.012900000000000099,False,False,False,True
historical calibration replay,theta_incomplete_defaults,LAB007,Xd,kg m$^{-3}$ (= g L$^{-1}$),120.0,0.0162000000000001,0.0008999999999999,0.06,-0.015300000000000199,False,False,False,True
historical calibration replay,theta_incomplete_defaults,LAB007,Xd,kg m$^{-3}$ (= g L$^{-1}$),144.0,0.0276,0.0008999999999999,0.06,-0.0267000000000001,False,False,False,True
historical calibration replay,theta_incomplete_defaults,LAB007,Xd,kg m$^{-3}$ (= g L$^{-1}$),160.0,0.3432,0.0008999999999999,0.06,-0.3423000000000001,False,False,True,True
historical calibration replay,theta_incomplete_defaults,LAB007,N,kg m$^{-3}$ (= g L$^{-1}$),0.0,0.23904,0.23904,0.0191232,0.0,True,True,False,True
historical calibration replay,theta_incomplete_defaults,LAB007,N,kg m$^{-3}$ (= g L$^{-1}$),16.0,0.19044,0.17519200743734606,0.0152352,-0.01524799256265394,False,False,False,True
historical calibration replay,theta_incomplete_defaults,LAB007,N,kg m$^{-3}$ (= g L$^{-1}$),24.0,0.1777,0.12632768922082838,0.014216,-0.05137231077917162,False,False,False,True
historical calibration replay,theta_incomplete_defaults,LAB007,N,kg m$^{-3}$ (= g L$^{-1}$),40.0,0.06224,1.9479864289137283e-05,0.012,-0.06222052013571086,False,False,False,True
historical calibration replay,theta_incomplete_defaults,LAB007,N,kg m$^{-3}$ (= g L$^{-1}$),48.0,0.0391,0.0,0.012,-0.0391,False,False,False,True
historical calibration replay,theta_incomplete_defaults,LAB007,N,kg m$^{-3}$ (= g L$^{-1}$),64.0,0.002,0.0,0.012,-0.002,False,False,False,True
historical calibration replay,theta_incomplete_defaults,LAB007,N,kg m$^{-3}$ (= g L$^{-1}$),72.0,0.04778,0.0006660884214107581,0.012,-0.04711391157858925,False,False,False,True
historical calibration replay,theta_incomplete_defaults,LAB007,N,kg m$^{-3}$ (= g L$^{-1}$),88.0,0.019,0.0,0.012,-0.019,False,False,False,True
historical calibration replay,theta_incomplete_defaults,LAB007,N,kg m$^{-3}$ (= g L$^{-1}$),96.0,0.03,0.0,0.012,-0.03,False,False,False,True
historical calibration replay,theta_incomplete_defaults,LAB007,N,kg m$^{-3}$ (= g L$^{-1}$),112.0,0.006,0.0,0.012,-0.006,False,False,False,True
historical calibration replay,theta_incomplete_defaults,LAB007,N,kg m$^{-3}$ (= g L$^{-1}$),120.0,0.006,0.0,0.012,-0.006,False,False,False,True
historical calibration replay,theta_incomplete_defaults,LAB007,N,kg m$^{-3}$ (= g L$^{-1}$),144.0,0.027,0.0,0.012,-0.027,False,False,False,True
historical calibration replay,theta_incomplete_defaults,LAB007,N,kg m$^{-3}$ (= g L$^{-1}$),160.0,0.016,0.0,0.012,-0.016,False,False,True,True
historical calibration replay,theta_incomplete_defaults,LAB007,G,kg m$^{-3}$ (= g L$^{-1}$),0.0,77.52,77.52,2.5,0.0,True,True,False,True
historical calibration replay,theta_incomplete_defaults,LAB007,G,kg m$^{-3}$ (= g L$^{-1}$),16.0,70.58,71.69457854972713,2.5,1.1145785497271277,False,False,False,True
historical calibration replay,theta_incomplete_defaults,LAB007,G,kg m$^{-3}$ (= g L$^{-1}$),24.0,71.45,67.48459889068855,2.5,-3.9654011093114576,False,False,False,True
historical calibration replay,theta_incomplete_defaults,LAB007,G,kg m$^{-3}$ (= g L$^{-1}$),40.0,56.1,55.60651625677228,2.5,-0.4934837432277206,False,False,False,True
historical calibration replay,theta_incomplete_defaults,LAB007,G,kg m$^{-3}$ (= g L$^{-1}$),48.0,49.74,49.57530576092756,2.5,-0.16469423907243907,False,False,False,True
historical calibration replay,theta_incomplete_defaults,LAB007,G,kg m$^{-3}$ (= g L$^{-1}$),64.0,29.71,38.825647748576046,2.5,9.115647748576045,False,False,False,True
historical calibration replay,theta_incomplete_defaults,LAB007,G,kg m$^{-3}$ (= g L$^{-1}$),72.0,24.29,33.14196356632433,2.5,8.85196356632433,False,False,False,True
historical calibration replay,theta_incomplete_defaults,LAB007,G,kg m$^{-3}$ (= g L$^{-1}$),88.0,11.91,23.09936197021576,2.5,11.18936197021576,False,False,False,True
historical calibration replay,theta_incomplete_defaults,LAB007,G,kg m$^{-3}$ (= g L$^{-1}$),96.0,7.07,18.69139096413007,2.5,11.621390964130068,False,False,False,True
historical calibration replay,theta_incomplete_defaults,LAB007,G,kg m$^{-3}$ (= g L$^{-1}$),112.0,0.48,11.429699862128514,2.5,10.949699862128513,False,False,False,True
historical calibration replay,theta_incomplete_defaults,LAB007,G,kg m$^{-3}$ (= g L$^{-1}$),120.0,0.08,8.676458322583796,2.5,8.596458322583796,False,False,False,True
historical calibration replay,theta_incomplete_defaults,LAB007,G,kg m$^{-3}$ (= g L$^{-1}$),144.0,0.0,3.4217209224373324,2.5,3.4217209224373324,False,False,False,True
historical calibration replay,theta_incomplete_defaults,LAB007,G,kg m$^{-3}$ (= g L$^{-1}$),160.0,0.0,1.7268591409743552,2.5,1.7268591409743552,False,False,True,True
historical calibration replay,theta_incomplete_defaults,LAB007,F,kg m$^{-3}$ (= g L$^{-1}$),0.0,74.55,74.55,2.5,0.0,True,True,False,True
historical calibration replay,theta_incomplete_defaults,LAB007,F,kg m$^{-3}$ (= g L$^{-1}$),16.0,72.39999999999999,72.8121463636084,2.5,0.4121463636084144,False,False,False,True
historical calibration replay,theta_incomplete_defaults,LAB007,F,kg m$^{-3}$ (= g L$^{-1}$),24.0,76.46,71.48688078277337,2.5,-4.973119217226625,False,False,False,True
historical calibration replay,theta_incomplete_defaults,LAB007,F,kg m$^{-3}$ (= g L$^{-1}$),40.0,65.10999999999999,67.45545812721464,2.5,2.3454581272146555,False,False,False,True
historical calibration replay,theta_incomplete_defaults,LAB007,F,kg m$^{-3}$ (= g L$^{-1}$),48.0,55.43,65.42435554103966,2.5,9.99435554103966,False,False,False,True
historical calibration replay,theta_incomplete_defaults,LAB007,F,kg m$^{-3}$ (= g L$^{-1}$),64.0,51.91,61.22301281403917,2.5,9.313012814039176,False,False,False,True
historical calibration replay,theta_incomplete_defaults,LAB007,F,kg m$^{-3}$ (= g L$^{-1}$),72.0,45.88,58.39013561082092,2.5,12.510135610820917,False,False,False,True
historical calibration replay,theta_incomplete_defaults,LAB007,F,kg m$^{-3}$ (= g L$^{-1}$),88.0,25.860000000000003,52.8061080921955,2.5,26.946108092195498,False,False,False,True
historical calibration replay,theta_incomplete_defaults,LAB007,F,kg m$^{-3}$ (= g L$^{-1}$),96.0,23.94,49.658037888686366,2.5,25.718037888686364,False,False,False,True
historical calibration replay,theta_incomplete_defaults,LAB007,F,kg m$^{-3}$ (= g L$^{-1}$),112.0,6.52,42.868157281291566,2.5,36.34815728129156,False,False,False,True
historical calibration replay,theta_incomplete_defaults,LAB007,F,kg m$^{-3}$ (= g L$^{-1}$),120.0,3.34,39.436067121885074,2.5,36.09606712188507,False,False,False,True
historical calibration replay,theta_incomplete_defaults,LAB007,F,kg m$^{-3}$ (= g L$^{-1}$),144.0,0.03,29.624350227197304,2.5,29.594350227197303,False,False,False,True
historical calibration replay,theta_incomplete_defaults,LAB007,F,kg m$^{-3}$ (= g L$^{-1}$),160.0,0.01,23.865256547523895,2.5,23.855256547523894,False,False,True,True
historical calibration replay,theta_incomplete_defaults,LAB007,E,kg m$^{-3}$ (= g L$^{-1}$),0.0,11.759676,11.759676,2.0,0.0,True,True,False,True
historical calibration replay,theta_incomplete_defaults,LAB007,E,kg m$^{-3}$ (= g L$^{-1}$),24.0,21.467328,15.760994092436999,2.0,-5.706333907563,False,False,False,True
historical calibration replay,theta_incomplete_defaults,LAB007,E,kg m$^{-3}$ (= g L$^{-1}$),48.0,30.306816,23.659678408062437,2.0,-6.647137591937565,False,False,False,True
historical calibration replay,theta_incomplete_defaults,LAB007,E,kg m$^{-3}$ (= g L$^{-1}$),88.0,63.454896,38.283826787246824,2.0,-25.171069212753174,False,False,False,True
historical calibration replay,theta_incomplete_defaults,LAB007,E,kg m$^{-3}$ (= g L$^{-1}$),144.0,82.396656,58.58816612087814,2.0599164,-23.80848987912185,False,False,False,True
historical calibration replay,theta_incomplete_defaults,LAB007,E,kg m$^{-3}$ (= g L$^{-1}$),160.0,81.29172,62.80384907470675,2.032293,-18.48787092529325,False,False,True,True
historical calibration replay,theta_incomplete_defaults,LAB007,Gly,kg m$^{-3}$ (= g L$^{-1}$),0.0,0.89,0.89,0.35,0.0,True,True,False,True
historical calibration replay,theta_incomplete_defaults,LAB007,Gly,kg m$^{-3}$ (= g L$^{-1}$),16.0,1.5,1.2581459493408436,0.35,-0.24185405065915644,False,False,False,True
historical calibration replay,theta_incomplete_defaults,LAB007,Gly,kg m$^{-3}$ (= g L$^{-1}$),24.0,1.46,1.5231686136468547,0.35,0.06316861364685478,False,False,False,True
historical calibration replay,theta_incomplete_defaults,LAB007,Gly,kg m$^{-3}$ (= g L$^{-1}$),40.0,3.37,2.2747753123210805,0.35,-1.0952246876789196,False,False,False,True
historical calibration replay,theta_incomplete_defaults,LAB007,Gly,kg m$^{-3}$ (= g L$^{-1}$),48.0,3.36,2.6792349720575204,0.35,-0.6807650279424795,False,False,False,True
historical calibration replay,theta_incomplete_defaults,LAB007,Gly,kg m$^{-3}$ (= g L$^{-1}$),64.0,4.17,3.3998860919151297,0.35,-0.7701139080848702,False,False,False,True
historical calibration replay,theta_incomplete_defaults,LAB007,Gly,kg m$^{-3}$ (= g L$^{-1}$),72.0,3.6,3.7524405653239663,0.35,0.15244056532396622,False,False,False,True
historical calibration replay,theta_incomplete_defaults,LAB007,Gly,kg m$^{-3}$ (= g L$^{-1}$),88.0,5.42,4.425136488873619,0.35,-0.9948635111263808,False,False,False,True
historical calibration replay,theta_incomplete_defaults,LAB007,Gly,kg m$^{-3}$ (= g L$^{-1}$),96.0,5.35,4.720367901491756,0.35,-0.6296320985082433,False,False,False,True
historical calibration replay,theta_incomplete_defaults,LAB007,Gly,kg m$^{-3}$ (= g L$^{-1}$),112.0,5.76,5.2064829098658585,0.35,-0.5535170901341413,False,False,False,True
historical calibration replay,theta_incomplete_defaults,LAB007,Gly,kg m$^{-3}$ (= g L$^{-1}$),120.0,5.69,5.390704131339733,0.35,-0.29929586866026714,False,False,False,True
historical calibration replay,theta_incomplete_defaults,LAB007,Gly,kg m$^{-3}$ (= g L$^{-1}$),144.0,6.06,5.74203397429832,0.35,-0.3179660257016792,False,False,False,True
historical calibration replay,theta_incomplete_defaults,LAB007,Gly,kg m$^{-3}$ (= g L$^{-1}$),160.0,5.85,5.855141863868959,0.35,0.00514186386895954,False,False,True,True
historical calibration replay,theta_incomplete_defaults,LAB008,X,kg m$^{-3}$ (= g L$^{-1}$),0.0,0.2534999999999999,0.2534999999999999,0.06,0.0,True,True,False,True
historical calibration replay,theta_incomplete_defaults,LAB008,X,kg m$^{-3}$ (= g L$^{-1}$),16.0,0.6692999999999999,0.46178636234499604,0.06,-0.20751363765500386,False,False,False,True
historical calibration replay,theta_incomplete_defaults,LAB008,X,kg m$^{-3}$ (= g L$^{-1}$),24.0,0.7476,0.6214907546286529,0.06,-0.12610924537134716,False,False,False,True
historical calibration replay,theta_incomplete_defaults,LAB008,X,kg m$^{-3}$ (= g L$^{-1}$),40.0,1.2582,1.1049720819108644,0.100656,-0.1532279180891356,False,False,False,True
historical calibration replay,theta_incomplete_defaults,LAB008,X,kg m$^{-3}$ (= g L$^{-1}$),48.0,1.4793,1.1469037312935146,0.118344,-0.3323962687064854,False,False,False,True
historical calibration replay,theta_incomplete_defaults,LAB008,X,kg m$^{-3}$ (= g L$^{-1}$),64.0,1.8711,1.1469037312935146,0.14968800000000002,-0.7241962687064853,False,False,False,True
historical calibration replay,theta_incomplete_defaults,LAB008,X,kg m$^{-3}$ (= g L$^{-1}$),72.0,1.5507,1.4411912640564737,0.124056,-0.10950873594352628,False,False,False,True
historical calibration replay,theta_incomplete_defaults,LAB008,X,kg m$^{-3}$ (= g L$^{-1}$),88.0,1.7697,1.4456759817444733,0.141576,-0.32402401825552674,False,False,False,True
historical calibration replay,theta_incomplete_defaults,LAB008,X,kg m$^{-3}$ (= g L$^{-1}$),96.0,1.8594,1.4456759817444733,0.148752,-0.4137240182555266,False,False,False,True
historical calibration replay,theta_incomplete_defaults,LAB008,X,kg m$^{-3}$ (= g L$^{-1}$),112.0,1.9032,1.4456759817444733,0.152256,-0.4575240182555267,False,False,False,True
historical calibration replay,theta_incomplete_defaults,LAB008,X,kg m$^{-3}$ (= g L$^{-1}$),120.0,1.7418,1.4456759817444733,0.139344,-0.2961240182555267,False,False,False,True
historical calibration replay,theta_incomplete_defaults,LAB008,X,kg m$^{-3}$ (= g L$^{-1}$),144.0,1.9032,1.4456759817444733,0.152256,-0.4575240182555267,False,False,False,True
historical calibration replay,theta_incomplete_defaults,LAB008,X,kg m$^{-3}$ (= g L$^{-1}$),160.0,0.6129,1.4456759817444733,0.06,0.8327759817444733,False,False,True,True
historical calibration replay,theta_incomplete_defaults,LAB008,Xd,kg m$^{-3}$ (= g L$^{-1}$),0.0,0.0033,0.0033,0.06,0.0,True,True,False,True
historical calibration replay,theta_incomplete_defaults,LAB008,Xd,kg m$^{-3}$ (= g L$^{-1}$),16.0,0.0024,0.0033,0.06,0.0009000000000000002,False,False,False,True
historical calibration replay,theta_incomplete_defaults,LAB008,Xd,kg m$^{-3}$ (= g L$^{-1}$),24.0,0.0,0.0033,0.06,0.0033,False,False,False,True
historical calibration replay,theta_incomplete_defaults,LAB008,Xd,kg m$^{-3}$ (= g L$^{-1}$),40.0,0.0057000000000001,0.0033,0.06,-0.0024000000000001,False,False,False,True
historical calibration replay,theta_incomplete_defaults,LAB008,Xd,kg m$^{-3}$ (= g L$^{-1}$),48.0,0.0023999999999999,0.0033,0.06,0.0009000000000000999,False,False,False,True
historical calibration replay,theta_incomplete_defaults,LAB008,Xd,kg m$^{-3}$ (= g L$^{-1}$),64.0,0.0045000000000001,0.0033,0.06,-0.0012000000000001003,False,False,False,True
historical calibration replay,theta_incomplete_defaults,LAB008,Xd,kg m$^{-3}$ (= g L$^{-1}$),72.0,0.0069000000000001,0.0033,0.06,-0.0036000000000000996,False,False,False,True
historical calibration replay,theta_incomplete_defaults,LAB008,Xd,kg m$^{-3}$ (= g L$^{-1}$),88.0,0.0113999999999998,0.0033,0.06,-0.008099999999999798,False,False,False,True
historical calibration replay,theta_incomplete_defaults,LAB008,Xd,kg m$^{-3}$ (= g L$^{-1}$),96.0,0.0186000000000001,0.0033,0.06,-0.015300000000000098,False,False,False,True
historical calibration replay,theta_incomplete_defaults,LAB008,Xd,kg m$^{-3}$ (= g L$^{-1}$),112.0,0.0138,0.0033,0.06,-0.010499999999999999,False,False,False,True
historical calibration replay,theta_incomplete_defaults,LAB008,Xd,kg m$^{-3}$ (= g L$^{-1}$),120.0,0.03,0.0033,0.06,-0.026699999999999998,False,False,False,True
historical calibration replay,theta_incomplete_defaults,LAB008,Xd,kg m$^{-3}$ (= g L$^{-1}$),144.0,0.03,0.0033,0.06,-0.026699999999999998,False,False,False,True
historical calibration replay,theta_incomplete_defaults,LAB008,Xd,kg m$^{-3}$ (= g L$^{-1}$),160.0,0.3249,0.0033,0.06,-0.3216,False,False,True,True
historical calibration replay,theta_incomplete_defaults,LAB008,N,kg m$^{-3}$ (= g L$^{-1}$),0.0,0.23922,0.23922,0.0191376,0.0,True,True,False,True
historical calibration replay,theta_incomplete_defaults,LAB008,N,kg m$^{-3}$ (= g L$^{-1}$),16.0,0.18498,0.18344872657877176,0.014798400000000001,-0.0015312734212282464,False,False,False,True
historical calibration replay,theta_incomplete_defaults,LAB008,N,kg m$^{-3}$ (= g L$^{-1}$),24.0,0.17888,0.1406858820586399,0.014310400000000001,-0.0381941179413601,False,False,False,True
historical calibration replay,theta_incomplete_defaults,LAB008,N,kg m$^{-3}$ (= g L$^{-1}$),40.0,0.0638799999999999,0.011227721695494974,0.012,-0.05265227830450492,False,False,False,True
historical calibration replay,theta_incomplete_defaults,LAB008,N,kg m$^{-3}$ (= g L$^{-1}$),48.0,0.0371,0.0,0.012,-0.0371,False,False,False,True
historical calibration replay,theta_incomplete_defaults,LAB008,N,kg m$^{-3}$ (= g L$^{-1}$),64.0,0.011,0.0,0.012,-0.011,False,False,False,True
historical calibration replay,theta_incomplete_defaults,LAB008,N,kg m$^{-3}$ (= g L$^{-1}$),72.0,0.04778,0.0012008388703699635,0.012,-0.04657916112963004,False,False,False,True
historical calibration replay,theta_incomplete_defaults,LAB008,N,kg m$^{-3}$ (= g L$^{-1}$),88.0,0.018,0.0,0.012,-0.018,False,False,False,True
historical calibration replay,theta_incomplete_defaults,LAB008,N,kg m$^{-3}$ (= g L$^{-1}$),96.0,0.02,0.0,0.012,-0.02,False,False,False,True
historical calibration replay,theta_incomplete_defaults,LAB008,N,kg m$^{-3}$ (= g L$^{-1}$),112.0,0.005,0.0,0.012,-0.005,False,False,False,True
historical calibration replay,theta_incomplete_defaults,LAB008,N,kg m$^{-3}$ (= g L$^{-1}$),120.0,0.006,0.0,0.012,-0.006,False,False,False,True
historical calibration replay,theta_incomplete_defaults,LAB008,N,kg m$^{-3}$ (= g L$^{-1}$),144.0,0.027,0.0,0.012,-0.027,False,False,False,True
historical calibration replay,theta_incomplete_defaults,LAB008,N,kg m$^{-3}$ (= g L$^{-1}$),160.0,0.015,0.0,0.012,-0.015,False,False,True,True
historical calibration replay,theta_incomplete_defaults,LAB008,G,kg m$^{-3}$ (= g L$^{-1}$),0.0,76.21,76.21,2.5,0.0,True,True,False,True
historical calibration replay,theta_incomplete_defaults,LAB008,G,kg m$^{-3}$ (= g L$^{-1}$),16.0,69.44,70.75938859377786,2.5,1.3193885937778589,False,False,False,True
historical calibration replay,theta_incomplete_defaults,LAB008,G,kg m$^{-3}$ (= g L$^{-1}$),24.0,70.84,66.82151553497492,2.5,-4.018484465025082,False,False,False,True
historical calibration replay,theta_incomplete_defaults,LAB008,G,kg m$^{-3}$ (= g L$^{-1}$),40.0,57.24,55.58707984660315,2.5,-1.652920153396849,False,False,False,True
historical calibration replay,theta_incomplete_defaults,LAB008,G,kg m$^{-3}$ (= g L$^{-1}$),48.0,50.13,49.2841076690445,2.5,-0.8458923309555004,False,False,False,True
historical calibration replay,theta_incomplete_defaults,LAB008,G,kg m$^{-3}$ (= g L$^{-1}$),64.0,29.88,38.32556993286978,2.5,8.445569932869784,False,False,False,True
historical calibration replay,theta_incomplete_defaults,LAB008,G,kg m$^{-3}$ (= g L$^{-1}$),72.0,23.94,32.550877068333115,2.5,8.610877068333114,False,False,False,True
historical calibration replay,theta_incomplete_defaults,LAB008,G,kg m$^{-3}$ (= g L$^{-1}$),88.0,11.46,22.41363436060107,2.5,10.953634360601068,False,False,False,True
historical calibration replay,theta_incomplete_defaults,LAB008,G,kg m$^{-3}$ (= g L$^{-1}$),96.0,6.84,17.985406539673207,2.5,11.145406539673207,False,False,False,True
historical calibration replay,theta_incomplete_defaults,LAB008,G,kg m$^{-3}$ (= g L$^{-1}$),112.0,0.36,10.84368644648899,2.5,10.48368644648899,False,False,False,True
historical calibration replay,theta_incomplete_defaults,LAB008,G,kg m$^{-3}$ (= g L$^{-1}$),120.0,0.05,8.176775805916002,2.5,8.126775805916001,False,False,False,True
historical calibration replay,theta_incomplete_defaults,LAB008,G,kg m$^{-3}$ (= g L$^{-1}$),144.0,0.0,3.1614166700686144,2.5,3.1614166700686144,False,False,False,True
historical calibration replay,theta_incomplete_defaults,LAB008,G,kg m$^{-3}$ (= g L$^{-1}$),160.0,0.0,1.5815411024278319,2.5,1.5815411024278319,False,False,True,True
historical calibration replay,theta_incomplete_defaults,LAB008,F,kg m$^{-3}$ (= g L$^{-1}$),0.0,74.89,74.89,2.5,0.0,True,True,False,True
historical calibration replay,theta_incomplete_defaults,LAB008,F,kg m$^{-3}$ (= g L$^{-1}$),16.0,71.93,73.25689880499914,2.5,1.3268988049991322,False,False,False,True
historical calibration replay,theta_incomplete_defaults,LAB008,F,kg m$^{-3}$ (= g L$^{-1}$),24.0,74.78,72.01415428711394,2.5,-2.765845712886062,False,False,False,True
historical calibration replay,theta_incomplete_defaults,LAB008,F,kg m$^{-3}$ (= g L$^{-1}$),40.0,62.2,68.14658747189011,2.5,5.946587471890112,False,False,False,True
historical calibration replay,theta_incomplete_defaults,LAB008,F,kg m$^{-3}$ (= g L$^{-1}$),48.0,55.37,65.96582502086149,2.5,10.59582502086149,False,False,False,True
historical calibration replay,theta_incomplete_defaults,LAB008,F,kg m$^{-3}$ (= g L$^{-1}$),64.0,51.32000000000001,61.64653172902816,2.5,10.326531729028154,False,False,False,True
historical calibration replay,theta_incomplete_defaults,LAB008,F,kg m$^{-3}$ (= g L$^{-1}$),72.0,45.39,58.72882877115139,2.5,13.338828771151391,False,False,False,True
historical calibration replay,theta_incomplete_defaults,LAB008,F,kg m$^{-3}$ (= g L$^{-1}$),88.0,25.83,52.96608547954022,2.5,27.13608547954022,False,False,False,True
historical calibration replay,theta_incomplete_defaults,LAB008,F,kg m$^{-3}$ (= g L$^{-1}$),96.0,23.66,49.689032747435796,2.5,26.029032747435796,False,False,False,True
historical calibration replay,theta_incomplete_defaults,LAB008,F,kg m$^{-3}$ (= g L$^{-1}$),112.0,6.05,42.74252681046229,2.5,36.69252681046229,False,False,False,True
historical calibration replay,theta_incomplete_defaults,LAB008,F,kg m$^{-3}$ (= g L$^{-1}$),120.0,2.8400000000000003,39.258771103000164,2.5,36.41877110300016,False,False,False,True
historical calibration replay,theta_incomplete_defaults,LAB008,F,kg m$^{-3}$ (= g L$^{-1}$),144.0,0.03,29.330791945643384,2.5,29.300791945643383,False,False,False,True
historical calibration replay,theta_incomplete_defaults,LAB008,F,kg m$^{-3}$ (= g L$^{-1}$),160.0,0.0,23.56456742082834,2.5,23.56456742082834,False,False,True,True
historical calibration replay,theta_incomplete_defaults,LAB008,E,kg m$^{-3}$ (= g L$^{-1}$),0.0,9.234108,9.234108,2.0,0.0,True,True,False,True
historical calibration replay,theta_incomplete_defaults,LAB008,E,kg m$^{-3}$ (= g L$^{-1}$),24.0,20.835936,13.021734610458847,2.0,-7.814201389541154,False,False,False,True
historical calibration replay,theta_incomplete_defaults,LAB008,E,kg m$^{-3}$ (= g L$^{-1}$),48.0,30.070044000000006,20.75542602739391,2.0,-9.314617972606097,False,False,False,True
historical calibration replay,theta_incomplete_defaults,LAB008,E,kg m$^{-3}$ (= g L$^{-1}$),88.0,62.113188,35.74722147274554,2.0,-26.365966527254464,False,False,False,True
historical calibration replay,theta_incomplete_defaults,LAB008,E,kg m$^{-3}$ (= g L$^{-1}$),144.0,82.396656,56.266975213714524,2.0599164,-26.12968078628547,False,False,False,True
historical calibration replay,theta_incomplete_defaults,LAB008,E,kg m$^{-3}$ (= g L$^{-1}$),160.0,81.92311199999999,60.46201607676246,2.0480777999999997,-21.46109592323753,False,False,True,True
historical calibration replay,theta_incomplete_defaults,LAB008,Gly,kg m$^{-3}$ (= g L$^{-1}$),0.0,0.85,0.85,0.35,0.0,True,True,False,True
historical calibration replay,theta_incomplete_defaults,LAB008,Gly,kg m$^{-3}$ (= g L$^{-1}$),16.0,1.51,1.1960272397930547,0.35,-0.3139727602069453,False,False,False,True
historical calibration replay,theta_incomplete_defaults,LAB008,Gly,kg m$^{-3}$ (= g L$^{-1}$),24.0,1.42,1.445082356195359,0.35,0.025082356195359035,False,False,False,True
historical calibration replay,theta_incomplete_defaults,LAB008,Gly,kg m$^{-3}$ (= g L$^{-1}$),40.0,3.23,2.1527108636567056,0.35,-1.0772891363432944,False,False,False,True
historical calibration replay,theta_incomplete_defaults,LAB008,Gly,kg m$^{-3}$ (= g L$^{-1}$),48.0,3.3,2.5715695847100237,0.35,-0.7284304152899761,False,False,False,True
historical calibration replay,theta_incomplete_defaults,LAB008,Gly,kg m$^{-3}$ (= g L$^{-1}$),64.0,4.16,3.3065522003662866,0.35,-0.8534477996337135,False,False,False,True
historical calibration replay,theta_incomplete_defaults,LAB008,Gly,kg m$^{-3}$ (= g L$^{-1}$),72.0,3.53,3.6655446748131104,0.35,0.1355446748131106,False,False,False,True
historical calibration replay,theta_incomplete_defaults,LAB008,Gly,kg m$^{-3}$ (= g L$^{-1}$),88.0,5.27,4.344672543363274,0.35,-0.925327456636726,False,False,False,True
historical calibration replay,theta_incomplete_defaults,LAB008,Gly,kg m$^{-3}$ (= g L$^{-1}$),96.0,5.33,4.641365385928379,0.35,-0.6886346140716206,False,False,False,True
historical calibration replay,theta_incomplete_defaults,LAB008,Gly,kg m$^{-3}$ (= g L$^{-1}$),112.0,5.67,5.119636597370693,0.35,-0.5503634026293067,False,False,False,True
historical calibration replay,theta_incomplete_defaults,LAB008,Gly,kg m$^{-3}$ (= g L$^{-1}$),120.0,5.48,5.298155248389585,0.35,-0.18184475161041558,False,False,False,True
historical calibration replay,theta_incomplete_defaults,LAB008,Gly,kg m$^{-3}$ (= g L$^{-1}$),144.0,5.82,5.6335995566411485,0.35,-0.18640044335885175,False,False,False,True
historical calibration replay,theta_incomplete_defaults,LAB008,Gly,kg m$^{-3}$ (= g L$^{-1}$),160.0,5.87,5.739070283182523,0.35,-0.13092971681747745,False,False,True,True
historical calibration replay,theta_incomplete_defaults,LAB009,X,kg m$^{-3}$ (= g L$^{-1}$),0.0,0.3602999999999999,0.3602999999999999,0.06,0.0,True,True,False,True
historical calibration replay,theta_incomplete_defaults,LAB009,X,kg m$^{-3}$ (= g L$^{-1}$),16.0,0.8765999999999999,0.7677754476473438,0.070128,-0.10882455235265609,False,False,False,True
historical calibration replay,theta_incomplete_defaults,LAB009,X,kg m$^{-3}$ (= g L$^{-1}$),24.0,0.8328,1.0453808963546025,0.066624,0.21258089635460253,False,False,False,True
historical calibration replay,theta_incomplete_defaults,LAB009,X,kg m$^{-3}$ (= g L$^{-1}$),40.0,1.5681,1.246906667679525,0.125448,-0.321193332320475,False,False,False,True
historical calibration replay,theta_incomplete_defaults,LAB009,X,kg m$^{-3}$ (= g L$^{-1}$),48.0,1.719,1.5456720090395466,0.13752,-0.17332799096045348,False,False,False,True
historical calibration replay,theta_incomplete_defaults,LAB009,X,kg m$^{-3}$ (= g L$^{-1}$),64.0,1.9287,1.5456789133933995,0.15429600000000002,-0.3830210866066006,False,False,False,True
historical calibration replay,theta_incomplete_defaults,LAB009,X,kg m$^{-3}$ (= g L$^{-1}$),72.0,1.818,1.5456789133933995,0.14544,-0.2723210866066006,False,False,False,True
historical calibration replay,theta_incomplete_defaults,LAB009,X,kg m$^{-3}$ (= g L$^{-1}$),88.0,1.7718,1.5456789133933995,0.141744,-0.22612108660660057,False,False,False,True
historical calibration replay,theta_incomplete_defaults,LAB009,X,kg m$^{-3}$ (= g L$^{-1}$),96.0,1.7925,1.5456789133933995,0.1434,-0.24682108660660051,False,False,False,True
historical calibration replay,theta_incomplete_defaults,LAB009,X,kg m$^{-3}$ (= g L$^{-1}$),120.0,1.8732,1.5456789133933995,0.149856,-0.3275210866066005,False,False,False,True
historical calibration replay,theta_incomplete_defaults,LAB009,X,kg m$^{-3}$ (= g L$^{-1}$),144.0,1.719,1.5456789133933995,0.13752,-0.17332108660660062,False,False,False,True
historical calibration replay,theta_incomplete_defaults,LAB009,X,kg m$^{-3}$ (= g L$^{-1}$),160.0,0.1383,1.5456789133933995,0.06,1.4073789133933994,False,False,True,True
historical calibration replay,theta_incomplete_defaults,LAB009,Xd,kg m$^{-3}$ (= g L$^{-1}$),0.0,0.0008999999999999,0.0008999999999999,0.06,0.0,True,True,False,True
historical calibration replay,theta_incomplete_defaults,LAB009,Xd,kg m$^{-3}$ (= g L$^{-1}$),16.0,0.0093,0.0008999999999999,0.06,-0.008400000000000098,False,False,False,True
historical calibration replay,theta_incomplete_defaults,LAB009,Xd,kg m$^{-3}$ (= g L$^{-1}$),24.0,0.0023999999999999,0.0008999999999999,0.06,-0.0015,False,False,False,True
historical calibration replay,theta_incomplete_defaults,LAB009,Xd,kg m$^{-3}$ (= g L$^{-1}$),40.0,0.0044999999999999,0.0008999999999999,0.06,-0.0036,False,False,False,True
historical calibration replay,theta_incomplete_defaults,LAB009,Xd,kg m$^{-3}$ (= g L$^{-1}$),48.0,0.0,0.0008999999999999,0.06,0.0008999999999999,False,False,False,True
historical calibration replay,theta_incomplete_defaults,LAB009,Xd,kg m$^{-3}$ (= g L$^{-1}$),64.0,0.0230999999999998,0.0008999999999999,0.06,-0.0221999999999999,False,False,False,True
historical calibration replay,theta_incomplete_defaults,LAB009,Xd,kg m$^{-3}$ (= g L$^{-1}$),72.0,0.0023999999999999,0.0008999999999999,0.06,-0.0015,False,False,False,True
historical calibration replay,theta_incomplete_defaults,LAB009,Xd,kg m$^{-3}$ (= g L$^{-1}$),88.0,0.0138,0.0008999999999999,0.06,-0.012900000000000099,False,False,False,True
historical calibration replay,theta_incomplete_defaults,LAB009,Xd,kg m$^{-3}$ (= g L$^{-1}$),96.0,0.0323999999999999,0.0008999999999999,0.06,-0.0315,False,False,False,True
historical calibration replay,theta_incomplete_defaults,LAB009,Xd,kg m$^{-3}$ (= g L$^{-1}$),120.0,0.0117,0.0008999999999999,0.06,-0.010800000000000101,False,False,False,True
historical calibration replay,theta_incomplete_defaults,LAB009,Xd,kg m$^{-3}$ (= g L$^{-1}$),144.0,0.0507000000000001,0.0008999999999999,0.06,-0.0498000000000002,False,False,False,True
historical calibration replay,theta_incomplete_defaults,LAB009,Xd,kg m$^{-3}$ (= g L$^{-1}$),160.0,0.0644999999999999,0.0008999999999999,0.06,-0.0636,False,False,True,True
historical calibration replay,theta_incomplete_defaults,LAB009,N,kg m$^{-3}$ (= g L$^{-1}$),0.0,0.2374,0.2374,0.018992000000000002,0.0,True,True,False,True
historical calibration replay,theta_incomplete_defaults,LAB009,N,kg m$^{-3}$ (= g L$^{-1}$),16.0,0.16704,0.1282933626411123,0.0133632,-0.0387466373588877,False,False,False,True
historical calibration replay,theta_incomplete_defaults,LAB009,N,kg m$^{-3}$ (= g L$^{-1}$),24.0,0.1480199999999999,0.05396103858126384,0.012,-0.09405896141873607,False,False,False,True
historical calibration replay,theta_incomplete_defaults,LAB009,N,kg m$^{-3}$ (= g L$^{-1}$),40.0,0.021,0.0,0.012,-0.021,False,False,False,True
historical calibration replay,theta_incomplete_defaults,LAB009,N,kg m$^{-3}$ (= g L$^{-1}$),48.0,0.07072,1.8483509055253722e-06,0.012,-0.07071815164909448,False,False,False,True
historical calibration replay,theta_incomplete_defaults,LAB009,N,kg m$^{-3}$ (= g L$^{-1}$),64.0,0.019,0.0,0.012,-0.019,False,False,False,True
historical calibration replay,theta_incomplete_defaults,LAB009,N,kg m$^{-3}$ (= g L$^{-1}$),72.0,0.017,0.0,0.012,-0.017,False,False,False,True
historical calibration replay,theta_incomplete_defaults,LAB009,N,kg m$^{-3}$ (= g L$^{-1}$),88.0,0.017,0.0,0.012,-0.017,False,False,False,True
historical calibration replay,theta_incomplete_defaults,LAB009,N,kg m$^{-3}$ (= g L$^{-1}$),96.0,0.019,0.0,0.012,-0.019,False,False,False,True
historical calibration replay,theta_incomplete_defaults,LAB009,N,kg m$^{-3}$ (= g L$^{-1}$),120.0,0.005,0.0,0.012,-0.005,False,False,False,True
historical calibration replay,theta_incomplete_defaults,LAB009,N,kg m$^{-3}$ (= g L$^{-1}$),144.0,0.025,0.0,0.012,-0.025,False,False,False,True
historical calibration replay,theta_incomplete_defaults,LAB009,N,kg m$^{-3}$ (= g L$^{-1}$),160.0,0.0,0.0,0.012,0.0,False,False,True,True
historical calibration replay,theta_incomplete_defaults,LAB009,G,kg m$^{-3}$ (= g L$^{-1}$),0.0,75.75,75.75,2.5,0.0,True,True,False,True
historical calibration replay,theta_incomplete_defaults,LAB009,G,kg m$^{-3}$ (= g L$^{-1}$),16.0,67.56,66.90205502513027,2.5,-0.6579449748697357,False,False,False,True
historical calibration replay,theta_incomplete_defaults,LAB009,G,kg m$^{-3}$ (= g L$^{-1}$),24.0,66.45,60.655555677828545,2.5,-5.794444322171458,False,False,False,True
historical calibration replay,theta_incomplete_defaults,LAB009,G,kg m$^{-3}$ (= g L$^{-1}$),40.0,43.64,45.93663813684371,2.5,2.296638136843711,False,False,False,True
historical calibration replay,theta_incomplete_defaults,LAB009,G,kg m$^{-3}$ (= g L$^{-1}$),48.0,31.9,38.4268329749635,2.5,6.526832974963504,False,False,False,True
historical calibration replay,theta_incomplete_defaults,LAB009,G,kg m$^{-3}$ (= g L$^{-1}$),64.0,12.94,25.566999028406922,2.5,12.626999028406923,False,False,False,True
historical calibration replay,theta_incomplete_defaults,LAB009,G,kg m$^{-3}$ (= g L$^{-1}$),72.0,9.42,20.576266888374455,2.5,11.156266888374455,False,False,False,True
historical calibration replay,theta_incomplete_defaults,LAB009,G,kg m$^{-3}$ (= g L$^{-1}$),88.0,4.38,12.840311576938676,2.5,8.460311576938675,False,False,False,True
historical calibration replay,theta_incomplete_defaults,LAB009,G,kg m$^{-3}$ (= g L$^{-1}$),96.0,2.69,9.827867725983483,2.5,7.137867725983483,False,False,False,True
historical calibration replay,theta_incomplete_defaults,LAB009,G,kg m$^{-3}$ (= g L$^{-1}$),120.0,0.08,3.8738913594526942,2.5,3.793891359452694,False,False,False,True
historical calibration replay,theta_incomplete_defaults,LAB009,G,kg m$^{-3}$ (= g L$^{-1}$),144.0,0.0,1.3230749341971353,2.5,1.3230749341971353,False,False,False,True
historical calibration replay,theta_incomplete_defaults,LAB009,G,kg m$^{-3}$ (= g L$^{-1}$),160.0,0.0,0.6247476318330316,2.5,0.6247476318330316,False,False,True,True
historical calibration replay,theta_incomplete_defaults,LAB009,F,kg m$^{-3}$ (= g L$^{-1}$),0.0,76.68,76.68,2.5,0.0,True,True,False,True
historical calibration replay,theta_incomplete_defaults,LAB009,F,kg m$^{-3}$ (= g L$^{-1}$),16.0,72.1,73.71322582397079,2.5,1.6132258239707937,False,False,False,True
historical calibration replay,theta_incomplete_defaults,LAB009,F,kg m$^{-3}$ (= g L$^{-1}$),24.0,74.92999999999999,71.56274666193949,2.5,-3.3672533380605074,False,False,False,True
historical calibration replay,theta_incomplete_defaults,LAB009,F,kg m$^{-3}$ (= g L$^{-1}$),40.0,55.64,66.04053480368094,2.5,10.40053480368094,False,False,False,True
historical calibration replay,theta_incomplete_defaults,LAB009,F,kg m$^{-3}$ (= g L$^{-1}$),48.0,42.53000000000001,62.541908363822486,2.5,20.011908363822478,False,False,False,True
historical calibration replay,theta_incomplete_defaults,LAB009,F,kg m$^{-3}$ (= g L$^{-1}$),64.0,32.97,55.597093236791395,2.5,22.627093236791396,False,False,False,True
historical calibration replay,theta_incomplete_defaults,LAB009,F,kg m$^{-3}$ (= g L$^{-1}$),72.0,34.55,52.25874643862656,2.5,17.708746438626562,False,False,False,True
historical calibration replay,theta_incomplete_defaults,LAB009,F,kg m$^{-3}$ (= g L$^{-1}$),88.0,14.32,45.74933467313446,2.5,31.429334673134463,False,False,False,True
historical calibration replay,theta_incomplete_defaults,LAB009,F,kg m$^{-3}$ (= g L$^{-1}$),96.0,13.7,42.38082438055316,2.5,28.680824380553158,False,False,False,True
historical calibration replay,theta_incomplete_defaults,LAB009,F,kg m$^{-3}$ (= g L$^{-1}$),120.0,3.32,32.30130276717135,2.5,28.98130276717135,False,False,False,True
historical calibration replay,theta_incomplete_defaults,LAB009,F,kg m$^{-3}$ (= g L$^{-1}$),144.0,0.2,23.32879199591741,2.5,23.12879199591741,False,False,False,True
historical calibration replay,theta_incomplete_defaults,LAB009,F,kg m$^{-3}$ (= g L$^{-1}$),160.0,0.02,18.394156771725903,2.5,18.374156771725904,False,False,True,True
historical calibration replay,theta_incomplete_defaults,LAB009,E,kg m$^{-3}$ (= g L$^{-1}$),0.0,9.707652,9.707652,2.0,0.0,True,True,False,True
historical calibration replay,theta_incomplete_defaults,LAB009,E,kg m$^{-3}$ (= g L$^{-1}$),48.0,38.988456000000006,26.920711873488457,2.0,-12.067744126511549,False,False,False,True
historical calibration replay,theta_incomplete_defaults,LAB009,E,kg m$^{-3}$ (= g L$^{-1}$),64.0,57.456672000000005,34.76194933558233,2.0,-22.694722664417675,False,False,False,True
historical calibration replay,theta_incomplete_defaults,LAB009,E,kg m$^{-3}$ (= g L$^{-1}$),144.0,78.371532,62.27109454952998,2.0,-16.100437450470025,False,False,False,True
historical calibration replay,theta_incomplete_defaults,LAB009,E,kg m$^{-3}$ (= g L$^{-1}$),160.0,80.89710000000001,65.68421364428187,2.0224275000000005,-15.21288635571814,False,False,True,True
historical calibration replay,theta_incomplete_defaults,LAB009,Gly,kg m$^{-3}$ (= g L$^{-1}$),0.0,0.75,0.75,0.35,0.0,True,True,False,True
historical calibration replay,theta_incomplete_defaults,LAB009,Gly,kg m$^{-3}$ (= g L$^{-1}$),16.0,1.84,1.304787574474334,0.35,-0.5352124255256661,False,False,False,True
historical calibration replay,theta_incomplete_defaults,LAB009,Gly,kg m$^{-3}$ (= g L$^{-1}$),24.0,1.79,1.6974119545954087,0.35,-0.09258804540459131,False,False,False,True
historical calibration replay,theta_incomplete_defaults,LAB009,Gly,kg m$^{-3}$ (= g L$^{-1}$),40.0,4.13,2.6653133335138084,0.35,-1.4646866664861915,False,False,False,True
historical calibration replay,theta_incomplete_defaults,LAB009,Gly,kg m$^{-3}$ (= g L$^{-1}$),48.0,4.07,3.140159057666546,0.35,-0.9298409423334544,False,False,False,True
historical calibration replay,theta_incomplete_defaults,LAB009,Gly,kg m$^{-3}$ (= g L$^{-1}$),64.0,5.0,4.001952489243474,0.35,-0.9980475107565256,False,False,False,True
historical calibration replay,theta_incomplete_defaults,LAB009,Gly,kg m$^{-3}$ (= g L$^{-1}$),72.0,4.38,4.33636754318002,0.35,-0.04363245681997974,False,False,False,True
historical calibration replay,theta_incomplete_defaults,LAB009,Gly,kg m$^{-3}$ (= g L$^{-1}$),88.0,5.59,4.854746701098968,0.35,-0.7352532989010321,False,False,False,True
historical calibration replay,theta_incomplete_defaults,LAB009,Gly,kg m$^{-3}$ (= g L$^{-1}$),96.0,6.58,5.056563866363761,0.35,-1.5234361336362392,False,False,False,True
historical calibration replay,theta_incomplete_defaults,LAB009,Gly,kg m$^{-3}$ (= g L$^{-1}$),120.0,5.95,5.455277782315743,0.35,-0.4947222176842576,False,False,False,True
historical calibration replay,theta_incomplete_defaults,LAB009,Gly,kg m$^{-3}$ (= g L$^{-1}$),144.0,5.63,5.625873227904755,0.35,-0.004126772095244924,False,False,False,True
historical calibration replay,theta_incomplete_defaults,LAB009,Gly,kg m$^{-3}$ (= g L$^{-1}$),160.0,5.81,5.672474745099081,0.35,-0.13752525490091827,False,False,True,True
historical calibration replay,theta_incomplete_defaults,LAB010,X,kg m$^{-3}$ (= g L$^{-1}$),0.0,0.9609,0.9609,0.076872,0.0,True,True,False,True
historical calibration replay,theta_incomplete_defaults,LAB010,X,kg m$^{-3}$ (= g L$^{-1}$),18.999999999941792,0.9492,1.6777015991394792,0.075936,0.7285015991394792,False,False,False,True
historical calibration replay,theta_incomplete_defaults,LAB010,X,kg m$^{-3}$ (= g L$^{-1}$),24.0,1.2789,1.8038105878960458,0.102312,0.5249105878960458,False,False,False,True
historical calibration replay,theta_incomplete_defaults,LAB010,X,kg m$^{-3}$ (= g L$^{-1}$),42.99999999994179,0.7845,1.8038112175762027,0.06276,1.0193112175762027,False,False,False,True
historical calibration replay,theta_incomplete_defaults,LAB010,X,kg m$^{-3}$ (= g L$^{-1}$),66.99999999994179,0.9378,1.8038112175762027,0.075024,0.8660112175762027,False,False,False,True
historical calibration replay,theta_incomplete_defaults,LAB010,X,kg m$^{-3}$ (= g L$^{-1}$),72.0,1.1844,1.8038112175762027,0.09475199999999999,0.6194112175762028,False,False,False,True
historical calibration replay,theta_incomplete_defaults,LAB010,X,kg m$^{-3}$ (= g L$^{-1}$),138.9999999999418,3.3363,2.1025834704316515,0.26690400000000003,-1.2337165295683485,False,False,False,True
historical calibration replay,theta_incomplete_defaults,LAB010,X,kg m$^{-3}$ (= g L$^{-1}$),162.9999999999418,2.5737,2.1025834704316515,0.20589600000000002,-0.4711165295683486,False,False,False,True
historical calibration replay,theta_incomplete_defaults,LAB010,X,kg m$^{-3}$ (= g L$^{-1}$),186.9999999999418,3.4239,2.1025834704316515,0.27391200000000004,-1.3213165295683487,False,False,True,True
historical calibration replay,theta_incomplete_defaults,LAB010,Xd,kg m$^{-3}$ (= g L$^{-1}$),0.0,0.1127999999999999,0.1127999999999999,0.06,0.0,True,True,False,True
historical calibration replay,theta_incomplete_defaults,LAB010,Xd,kg m$^{-3}$ (= g L$^{-1}$),18.999999999941792,0.0206999999999999,0.1127999999999999,0.06,0.0921,False,False,False,True
historical calibration replay,theta_incomplete_defaults,LAB010,Xd,kg m$^{-3}$ (= g L$^{-1}$),24.0,0.0206999999999999,0.1127999999999999,0.06,0.0921,False,False,False,True
historical calibration replay,theta_incomplete_defaults,LAB010,Xd,kg m$^{-3}$ (= g L$^{-1}$),42.99999999994179,0.0024,0.1127999999999999,0.06,0.1103999999999999,False,False,False,True
historical calibration replay,theta_incomplete_defaults,LAB010,Xd,kg m$^{-3}$ (= g L$^{-1}$),66.99999999994179,0.0068999999999999,0.1127999999999999,0.06,0.1059,False,False,False,True
historical calibration replay,theta_incomplete_defaults,LAB010,Xd,kg m$^{-3}$ (= g L$^{-1}$),72.0,0.0231,0.1127999999999999,0.06,0.0896999999999999,False,False,False,True
historical calibration replay,theta_incomplete_defaults,LAB010,Xd,kg m$^{-3}$ (= g L$^{-1}$),138.9999999999418,0.0186000000000001,0.1127999999999999,0.06,0.0941999999999998,False,False,False,True
historical calibration replay,theta_incomplete_defaults,LAB010,Xd,kg m$^{-3}$ (= g L$^{-1}$),162.9999999999418,0.0117,0.1127999999999999,0.06,0.1010999999999999,False,False,False,True
historical calibration replay,theta_incomplete_defaults,LAB010,Xd,kg m$^{-3}$ (= g L$^{-1}$),186.9999999999418,0.0069000000000001,0.1127999999999999,0.06,0.1058999999999998,False,False,True,True
historical calibration replay,theta_incomplete_defaults,LAB010,N,kg m$^{-3}$ (= g L$^{-1}$),0.0,0.2256999999999999,0.2256999999999999,0.018055999999999992,0.0,True,True,False,True
historical calibration replay,theta_incomplete_defaults,LAB010,N,kg m$^{-3}$ (= g L$^{-1}$),72.0,0.15162,0.0,0.0121296,-0.15162,False,False,False,True
historical calibration replay,theta_incomplete_defaults,LAB010,N,kg m$^{-3}$ (= g L$^{-1}$),162.9999999999418,0.016,0.0,0.012,-0.016,False,False,False,True
historical calibration replay,theta_incomplete_defaults,LAB010,N,kg m$^{-3}$ (= g L$^{-1}$),186.9999999999418,0.02,0.0,0.012,-0.02,False,False,True,True
historical calibration replay,theta_incomplete_defaults,LAB010,G,kg m$^{-3}$ (= g L$^{-1}$),0.0,78.49,78.49,2.5,0.0,True,True,False,True
historical calibration replay,theta_incomplete_defaults,LAB010,G,kg m$^{-3}$ (= g L$^{-1}$),72.0,59.59,15.643615198018951,2.5,-43.946384801981054,False,False,False,True
historical calibration replay,theta_incomplete_defaults,LAB010,G,kg m$^{-3}$ (= g L$^{-1}$),162.9999999999418,0.3,0.08575095462428048,2.5,-0.2142490453757195,False,False,False,True
historical calibration replay,theta_incomplete_defaults,LAB010,G,kg m$^{-3}$ (= g L$^{-1}$),186.9999999999418,0.25,0.019133247644761237,2.5,-0.23086675235523876,False,False,True,True
historical calibration replay,theta_incomplete_defaults,LAB010,F,kg m$^{-3}$ (= g L$^{-1}$),0.0,77.05,77.05,2.5,0.0,True,True,False,True
historical calibration replay,theta_incomplete_defaults,LAB010,F,kg m$^{-3}$ (= g L$^{-1}$),72.0,81.95,50.74303082776331,2.5,-31.20696917223669,False,False,False,True
historical calibration replay,theta_incomplete_defaults,LAB010,F,kg m$^{-3}$ (= g L$^{-1}$),162.9999999999418,15.39,10.687643879807405,2.5,-4.702356120192595,False,False,False,True
historical calibration replay,theta_incomplete_defaults,LAB010,F,kg m$^{-3}$ (= g L$^{-1}$),186.9999999999418,3.0,6.303641965502615,2.5,3.3036419655026146,False,False,True,True
historical calibration replay,theta_incomplete_defaults,LAB010,E,kg m$^{-3}$ (= g L$^{-1}$),0.0,9.313032,9.313032,2.0,0.0,True,True,False,True
historical calibration replay,theta_incomplete_defaults,LAB010,E,kg m$^{-3}$ (= g L$^{-1}$),72.0,16.416192000000002,41.46213683709679,2.0,25.04594483709679,False,False,False,True
historical calibration replay,theta_incomplete_defaults,LAB010,E,kg m$^{-3}$ (= g L$^{-1}$),162.9999999999418,73.79394,71.47124345094369,2.0,-2.3226965490563174,False,False,False,True
historical calibration replay,theta_incomplete_defaults,LAB010,E,kg m$^{-3}$ (= g L$^{-1}$),186.9999999999418,80.02893599999999,74.25338296170563,2.0007233999999996,-5.775553038294362,False,False,True,True
historical calibration replay,theta_incomplete_defaults,LAB010,Gly,kg m$^{-3}$ (= g L$^{-1}$),0.0,1.25,1.25,0.35,0.0,True,True,False,True
historical calibration replay,theta_incomplete_defaults,LAB010,Gly,kg m$^{-3}$ (= g L$^{-1}$),72.0,2.05,5.386232827339024,0.35,3.336232827339024,False,False,False,True
historical calibration replay,theta_incomplete_defaults,LAB010,Gly,kg m$^{-3}$ (= g L$^{-1}$),162.9999999999418,5.49,6.400304825659084,0.35,0.9103048256590842,False,False,False,True
historical calibration replay,theta_incomplete_defaults,LAB010,Gly,kg m$^{-3}$ (= g L$^{-1}$),186.9999999999418,5.66,6.404759843227694,0.35,0.7447598432276941,False,False,True,True
historical calibration replay,theta_incomplete_defaults,LAB011,X,kg m$^{-3}$ (= g L$^{-1}$),0.0,1.0656,1.0656,0.085248,0.0,True,True,False,True
historical calibration replay,theta_incomplete_defaults,LAB011,X,kg m$^{-3}$ (= g L$^{-1}$),18.999999999941792,0.7536,1.8881200181233906,0.06028800000000001,1.1345200181233905,False,False,False,True
historical calibration replay,theta_incomplete_defaults,LAB011,X,kg m$^{-3}$ (= g L$^{-1}$),24.0,0.7488,1.8881200181233906,0.06,1.1393200181233905,False,False,False,True
historical calibration replay,theta_incomplete_defaults,LAB011,X,kg m$^{-3}$ (= g L$^{-1}$),42.99999999994179,0.9771,1.8881200181233906,0.078168,0.9110200181233906,False,False,False,True
historical calibration replay,theta_incomplete_defaults,LAB011,X,kg m$^{-3}$ (= g L$^{-1}$),66.99999999994179,1.3743,1.8881200181233906,0.10994400000000001,0.5138200181233905,False,False,False,True
historical calibration replay,theta_incomplete_defaults,LAB011,X,kg m$^{-3}$ (= g L$^{-1}$),138.9999999999418,2.4771,2.1868922667584494,0.198168,-0.2902077332415507,False,False,False,True
historical calibration replay,theta_incomplete_defaults,LAB011,X,kg m$^{-3}$ (= g L$^{-1}$),162.9999999999418,2.871,2.181959082594037,0.22968,-0.6890409174059631,False,False,True,True
historical calibration replay,theta_incomplete_defaults,LAB011,Xd,kg m$^{-3}$ (= g L$^{-1}$),0.0,0.0380999999999998,0.0380999999999998,0.06,0.0,True,True,False,True
historical calibration replay,theta_incomplete_defaults,LAB011,Xd,kg m$^{-3}$ (= g L$^{-1}$),18.999999999941792,0.009,0.0380999999999998,0.06,0.0290999999999998,False,False,False,True
historical calibration replay,theta_incomplete_defaults,LAB011,Xd,kg m$^{-3}$ (= g L$^{-1}$),24.0,0.0069,0.0380999999999998,0.06,0.0311999999999998,False,False,False,True
historical calibration replay,theta_incomplete_defaults,LAB011,Xd,kg m$^{-3}$ (= g L$^{-1}$),42.99999999994179,0.0068999999999999,0.0380999999999998,0.06,0.0311999999999999,False,False,False,True
historical calibration replay,theta_incomplete_defaults,LAB011,Xd,kg m$^{-3}$ (= g L$^{-1}$),66.99999999994179,0.0128999999999999,0.0380999999999998,0.06,0.025199999999999903,False,False,False,True
historical calibration replay,theta_incomplete_defaults,LAB011,Xd,kg m$^{-3}$ (= g L$^{-1}$),138.9999999999418,0.0183000000000004,0.0380999999999998,0.06,0.0197999999999994,False,False,False,True
historical calibration replay,theta_incomplete_defaults,LAB011,Xd,kg m$^{-3}$ (= g L$^{-1}$),162.9999999999418,0.0344999999999997,0.04303318416441206,0.06,0.008533184164412365,False,False,True,True
historical calibration replay,theta_incomplete_defaults,LAB011,N,kg m$^{-3}$ (= g L$^{-1}$),0.0,0.22024,0.22024,0.017619199999999998,0.0,True,True,False,True
historical calibration replay,theta_incomplete_defaults,LAB011,N,kg m$^{-3}$ (= g L$^{-1}$),18.999999999941792,0.22324,0.0,0.0178592,-0.22324,False,False,False,True
historical calibration replay,theta_incomplete_defaults,LAB011,N,kg m$^{-3}$ (= g L$^{-1}$),66.99999999994179,0.11794,0.0,0.012,-0.11794,False,False,False,True
historical calibration replay,theta_incomplete_defaults,LAB011,N,kg m$^{-3}$ (= g L$^{-1}$),162.9999999999418,0.02564,0.0,0.012,-0.02564,False,False,True,True
historical calibration replay,theta_incomplete_defaults,LAB011,G,kg m$^{-3}$ (= g L$^{-1}$),0.0,75.61,75.61,2.5,0.0,True,True,False,True
historical calibration replay,theta_incomplete_defaults,LAB011,G,kg m$^{-3}$ (= g L$^{-1}$),18.999999999941792,68.25,51.073361042625585,2.5,-17.176638957374415,False,False,False,True
historical calibration replay,theta_incomplete_defaults,LAB011,G,kg m$^{-3}$ (= g L$^{-1}$),66.99999999994179,53.99,13.278604264178362,2.5,-40.71139573582164,False,False,False,True
historical calibration replay,theta_incomplete_defaults,LAB011,G,kg m$^{-3}$ (= g L$^{-1}$),162.9999999999418,0.02,0.02883324355379541,2.5,0.00883324355379541,False,False,True,True
historical calibration replay,theta_incomplete_defaults,LAB011,F,kg m$^{-3}$ (= g L$^{-1}$),0.0,76.67,76.67,2.5,0.0,True,True,False,True
historical calibration replay,theta_incomplete_defaults,LAB011,F,kg m$^{-3}$ (= g L$^{-1}$),18.999999999941792,88.24000000000001,68.44304402521314,2.5,-19.79695597478687,False,False,False,True
historical calibration replay,theta_incomplete_defaults,LAB011,F,kg m$^{-3}$ (= g L$^{-1}$),66.99999999994179,79.00999999999999,48.359743691953284,2.5,-30.650256308046707,False,False,False,True
historical calibration replay,theta_incomplete_defaults,LAB011,F,kg m$^{-3}$ (= g L$^{-1}$),162.9999999999418,0.12,6.3766556298283215,2.5,6.256655629828321,False,False,True,True
historical calibration replay,theta_incomplete_defaults,LAB011,E,kg m$^{-3}$ (= g L$^{-1}$),0.0,9.313032,9.313032,2.0,0.0,True,True,False,True
historical calibration replay,theta_incomplete_defaults,LAB011,E,kg m$^{-3}$ (= g L$^{-1}$),18.999999999941792,10.102272,19.866045074322347,2.0,9.763773074322348,False,False,False,True
historical calibration replay,theta_incomplete_defaults,LAB011,E,kg m$^{-3}$ (= g L$^{-1}$),66.99999999994179,19.33638,42.705801164880484,2.0,23.369421164880485,False,False,False,True
historical calibration replay,theta_incomplete_defaults,LAB011,E,kg m$^{-3}$ (= g L$^{-1}$),162.9999999999418,81.133872,73.0486275500442,2.0283468,-8.085244449955795,False,False,True,True
historical calibration replay,theta_incomplete_defaults,LAB011,Gly,kg m$^{-3}$ (= g L$^{-1}$),0.0,1.25,1.25,0.35,0.0,True,True,False,True
historical calibration replay,theta_incomplete_defaults,LAB011,Gly,kg m$^{-3}$ (= g L$^{-1}$),18.999999999941792,1.32,2.8181305328914763,0.35,1.4981305328914762,False,False,False,True
historical calibration replay,theta_incomplete_defaults,LAB011,Gly,kg m$^{-3}$ (= g L$^{-1}$),66.99999999994179,2.34,5.353185681629793,0.35,3.0131856816297935,False,False,False,True
historical calibration replay,theta_incomplete_defaults,LAB011,Gly,kg m$^{-3}$ (= g L$^{-1}$),162.9999999999418,5.75,6.210989728441914,0.35,0.46098972844191444,False,False,True,True
historical calibration replay,theta_incomplete_defaults,LAB012,X,kg m$^{-3}$ (= g L$^{-1}$),0.0,0.8513999999999999,0.8513999999999999,0.06811199999999999,0.0,True,True,False,True
historical calibration replay,theta_incomplete_defaults,LAB012,X,kg m$^{-3}$ (= g L$^{-1}$),18.999999999941792,0.9573,1.4953764911774716,0.076584,0.5380764911774716,False,False,False,True
historical calibration replay,theta_incomplete_defaults,LAB012,X,kg m$^{-3}$ (= g L$^{-1}$),24.0,0.978,1.680303561777166,0.07824,0.702303561777166,False,False,False,True
historical calibration replay,theta_incomplete_defaults,LAB012,X,kg m$^{-3}$ (= g L$^{-1}$),42.99999999994179,1.1946,1.6807170877445017,0.09556800000000001,0.4861170877445016,False,False,False,True
historical calibration replay,theta_incomplete_defaults,LAB012,X,kg m$^{-3}$ (= g L$^{-1}$),48.0,1.1739,1.6807170877445017,0.093912,0.5068170877445017,False,False,False,True
historical calibration replay,theta_incomplete_defaults,LAB012,X,kg m$^{-3}$ (= g L$^{-1}$),66.99999999994179,1.4964,1.6807170877445017,0.119712,0.18431708774450173,False,False,False,True
historical calibration replay,theta_incomplete_defaults,LAB012,X,kg m$^{-3}$ (= g L$^{-1}$),138.9999999999418,2.9124,1.9794893339359472,0.232992,-0.9329106660640527,False,False,False,True
historical calibration replay,theta_incomplete_defaults,LAB012,X,kg m$^{-3}$ (= g L$^{-1}$),162.9999999999418,3.1083,1.9794893339359472,0.248664,-1.1288106660640527,False,False,True,True
historical calibration replay,theta_incomplete_defaults,LAB012,Xd,kg m$^{-3}$ (= g L$^{-1}$),0.0,0.1208999999999999,0.1208999999999999,0.06,0.0,True,True,False,True
historical calibration replay,theta_incomplete_defaults,LAB012,Xd,kg m$^{-3}$ (= g L$^{-1}$),18.999999999941792,0.0146999999999999,0.1208999999999999,0.06,0.10619999999999999,False,False,False,True
historical calibration replay,theta_incomplete_defaults,LAB012,Xd,kg m$^{-3}$ (= g L$^{-1}$),24.0,0.0105,0.1208999999999999,0.06,0.1103999999999999,False,False,False,True
historical calibration replay,theta_incomplete_defaults,LAB012,Xd,kg m$^{-3}$ (= g L$^{-1}$),42.99999999994179,0.0035999999999999,0.1208999999999999,0.06,0.1173,False,False,False,True
historical calibration replay,theta_incomplete_defaults,LAB012,Xd,kg m$^{-3}$ (= g L$^{-1}$),48.0,0.0056999999999999,0.1208999999999999,0.06,0.1152,False,False,False,True
historical calibration replay,theta_incomplete_defaults,LAB012,Xd,kg m$^{-3}$ (= g L$^{-1}$),66.99999999994179,0.0230999999999998,0.1208999999999999,0.06,0.0978000000000001,False,False,False,True
historical calibration replay,theta_incomplete_defaults,LAB012,Xd,kg m$^{-3}$ (= g L$^{-1}$),138.9999999999418,0.0206999999999999,0.1208999999999999,0.06,0.1002,False,False,False,True
historical calibration replay,theta_incomplete_defaults,LAB012,Xd,kg m$^{-3}$ (= g L$^{-1}$),162.9999999999418,0.0045000000000001,0.1208999999999999,0.06,0.1163999999999998,False,False,True,True
historical calibration replay,theta_incomplete_defaults,LAB012,N,kg m$^{-3}$ (= g L$^{-1}$),0.0,0.22206,0.22206,0.0177648,0.0,True,True,False,True
historical calibration replay,theta_incomplete_defaults,LAB012,N,kg m$^{-3}$ (= g L$^{-1}$),48.0,0.27752,0.0,0.0222016,-0.27752,False,False,False,True
historical calibration replay,theta_incomplete_defaults,LAB012,N,kg m$^{-3}$ (= g L$^{-1}$),66.99999999994179,0.23418,0.0,0.018734400000000002,-0.23418,False,False,False,True
historical calibration replay,theta_incomplete_defaults,LAB012,N,kg m$^{-3}$ (= g L$^{-1}$),162.9999999999418,0.12548,0.0,0.012,-0.12548,False,False,True,True
historical calibration replay,theta_incomplete_defaults,LAB012,G,kg m$^{-3}$ (= g L$^{-1}$),0.0,75.0,75.0,2.5,0.0,True,True,False,True
historical calibration replay,theta_incomplete_defaults,LAB012,G,kg m$^{-3}$ (= g L$^{-1}$),48.0,63.23,30.700978214384357,2.5,-32.52902178561564,False,False,False,True
historical calibration replay,theta_incomplete_defaults,LAB012,G,kg m$^{-3}$ (= g L$^{-1}$),66.99999999994179,55.44,18.152340188189324,2.5,-37.28765981181067,False,False,False,True
historical calibration replay,theta_incomplete_defaults,LAB012,G,kg m$^{-3}$ (= g L$^{-1}$),162.9999999999418,0.0,0.09431728508129475,2.5,0.09431728508129475,False,False,True,True
historical calibration replay,theta_incomplete_defaults,LAB012,F,kg m$^{-3}$ (= g L$^{-1}$),0.0,79.88,79.88,2.5,0.0,True,True,False,True
historical calibration replay,theta_incomplete_defaults,LAB012,F,kg m$^{-3}$ (= g L$^{-1}$),48.0,81.06,63.64672131612846,2.5,-17.41327868387154,False,False,False,True
historical calibration replay,theta_incomplete_defaults,LAB012,F,kg m$^{-3}$ (= g L$^{-1}$),66.99999999994179,77.59,55.40838235701072,2.5,-22.18161764298928,False,False,False,True
historical calibration replay,theta_incomplete_defaults,LAB012,F,kg m$^{-3}$ (= g L$^{-1}$),162.9999999999418,0.09,10.595569336856475,2.5,10.505569336856475,False,False,True,True
historical calibration replay,theta_incomplete_defaults,LAB012,E,kg m$^{-3}$ (= g L$^{-1}$),0.0,9.391956,9.391956,2.0,0.0,True,True,False,True
historical calibration replay,theta_incomplete_defaults,LAB012,E,kg m$^{-3}$ (= g L$^{-1}$),48.0,11.996448,30.218542681519335,2.0,18.222094681519337,False,False,False,True
historical calibration replay,theta_incomplete_defaults,LAB012,E,kg m$^{-3}$ (= g L$^{-1}$),66.99999999994179,17.521128,38.85281562544279,2.0,21.331687625442786,False,False,False,True
historical calibration replay,theta_incomplete_defaults,LAB012,E,kg m$^{-3}$ (= g L$^{-1}$),162.9999999999418,81.054948,72.49324927035514,2.0263737,-8.56169872964486,False,False,True,True
historical calibration replay,theta_incomplete_defaults,LAB012,Gly,kg m$^{-3}$ (= g L$^{-1}$),0.0,1.27,1.27,0.35,0.0,True,True,False,True
historical calibration replay,theta_incomplete_defaults,LAB012,Gly,kg m$^{-3}$ (= g L$^{-1}$),48.0,1.74,4.1642662489730355,0.35,2.4242662489730353,False,False,False,True
historical calibration replay,theta_incomplete_defaults,LAB012,Gly,kg m$^{-3}$ (= g L$^{-1}$),66.99999999994179,2.16,5.005879693306569,0.35,2.8458796933065686,False,False,False,True
historical calibration replay,theta_incomplete_defaults,LAB012,Gly,kg m$^{-3}$ (= g L$^{-1}$),162.9999999999418,5.68,6.186661153719434,0.35,0.5066611537194339,False,False,True,True
