model,matrix,batch,state,time_h,observed,predicted,residual,standardized,squared_error,weighted_squared_error
natural,natural,LAB004,X,19.0,0.8421,0.796745049159747,-0.04535495084025298,-0.6732417592960008,0.0020570715657217647,0.4532544664599743
natural,natural,LAB004,X,26.0,0.7707,1.0198634042677095,0.24916340426770944,4.041186652843347,0.062082402026274006,16.331189563119214
natural,natural,LAB004,X,43.0,0.5369999999999999,1.2557085560916192,0.7187085560916193,11.978475934860322,0.5165419885993003,143.48388572202788
natural,natural,LAB004,X,50.0,1.7649,1.2557085624778412,-0.5091914375221587,-3.6063759810907046,0.2592759200458824,13.005947716987942
natural,natural,LAB004,X,67.0,1.7328,1.2557085624782702,-0.47709143752172967,-3.441622212039255,0.2276162397565505,11.844763450401974
natural,natural,LAB004,X,74.0,1.6889999999999998,1.5170325720319917,-0.17196742796800812,-1.2727015095323277,0.029572796281932063,1.6197691323658658
natural,natural,LAB004,X,91.0,1.9563,1.5544808150243654,-0.4018191849756345,-2.567469106065241,0.16145865741448318,6.591897610599448
natural,natural,LAB004,X,98.0,2.0415,1.5544808150275047,-0.4870191849724954,-2.9819935401205937,0.2371876865312737,8.892285473320952
natural,natural,LAB004,X,115.0,0.8688,1.5544808150275067,0.6856808150275067,9.865343218052296,0.4701581800967858,97.32499680997043
natural,natural,LAB004,X,122.0,2.0415,1.5544808150275067,-0.4870191849724934,-2.9819935401205813,0.23718768653127176,8.892285473320877
natural,natural,LAB004,X,163.0,2.1267,1.5298166705882872,-0.5968833294117128,-3.508271790871496,0.3562697089296113,12.307970958624693
natural,natural,LAB004,Xd,19.0,0.0138,0.0092999999999999,-0.004500000000000099,-0.07500000000000166,2.0250000000000895e-05,0.00562500000000025
natural,natural,LAB004,Xd,26.0,0.0011999999999999,0.0092999999999999,0.0081,0.135,6.560999999999999e-05,0.018225
natural,natural,LAB004,Xd,43.0,0.5343,0.0092999999999999,-0.5250000000000001,-8.188283735728994,0.2756250000000001,67.04799053680398
natural,natural,LAB004,Xd,50.0,0.0207000000000001,0.0092999999999999,-0.0114000000000002,-0.19000000000000333,0.00012996000000000456,0.03610000000000127
natural,natural,LAB004,Xd,67.0,0.0044999999999999,0.0092999999999999,0.0048000000000000004,0.08000000000000002,2.3040000000000003e-05,0.006400000000000003
natural,natural,LAB004,Xd,74.0,0.0021,0.0092999999999999,0.007199999999999901,0.11999999999999836,5.1839999999998575e-05,0.014399999999999606
natural,natural,LAB004,Xd,91.0,0.0182999999999999,0.0092999999999999,-0.009,-0.15,8.099999999999999e-05,0.0225
natural,natural,LAB004,Xd,98.0,0.0438000000000002,0.0092999999999999,-0.0345000000000003,-0.5750000000000051,0.0011902500000000207,0.33062500000000583
natural,natural,LAB004,Xd,115.0,0.069,0.0092999999999999,-0.05970000000000011,-0.9950000000000018,0.003564090000000013,0.9900250000000035
natural,natural,LAB004,Xd,122.0,0.0621000000000002,0.0092999999999999,-0.0528000000000003,-0.880000000000005,0.0027878400000000314,0.7744000000000087
natural,natural,LAB004,Xd,163.0,0.0162000000000001,0.03396414443921964,0.017764144439219542,0.2960690739869924,0.00031556482765745456,0.08765689657151518
natural,natural,LAB004,N,19.0,0.18272,0.12289320963442285,-0.05982679036557714,-4.09279159134038,0.003579244845446714,16.75094301014652
natural,natural,LAB004,N,26.0,0.15742,0.06315048501277974,-0.09426951498722026,-7.485509702326599,0.008886741455925745,56.03285550362565
natural,natural,LAB004,N,43.0,0.06016,1.7101054974144357e-09,-0.060159998289894503,-5.013333190824542,0.0036192253942401095,25.133509682222986
natural,natural,LAB004,N,50.0,0.019,1.1471272890138987e-13,-0.018999999999885286,-1.5833333333237738,0.00036099999999564085,2.5069444444141724
natural,natural,LAB004,N,67.0,0.005,0.0,-0.005,-0.4166666666666667,2.5e-05,0.17361111111111113
natural,natural,LAB004,N,74.0,0.03586,0.01002723450413963,-0.025832765495860374,-2.1527304579883646,0.0006673317731641143,4.634248424750794
natural,natural,LAB004,N,91.0,0.009,8.411963381730607e-13,-0.008999999999158802,-0.7499999999299002,8.099999998485844e-05,0.5624999998948503
natural,natural,LAB004,N,98.0,0.007,5.977178059970036e-16,-0.0069999999999994025,-0.5833333333332835,4.8999999999991637e-05,0.34027777777771967
natural,natural,LAB004,N,115.0,0.043,3.4278471865899216e-29,-0.043,-3.583333333333333,0.0018489999999999997,12.840277777777775
natural,natural,LAB004,N,122.0,0.011,1.4393815503380703e-36,-0.011,-0.9166666666666666,0.00012099999999999999,0.8402777777777777
natural,natural,LAB004,N,146.0,0.025,3.0453566045379e-59,-0.025,-2.0833333333333335,0.0006250000000000001,4.340277777777779
natural,natural,LAB004,N,163.0,0.02846,1.3868224736944198e-75,-0.02846,-2.3716666666666666,0.0008099715999999999,5.624802777777777
natural,natural,LAB004,G,19.0,70.28,64.10646726081947,-6.17353273918053,-2.469413095672212,38.11250648173386,6.098001037077416
natural,natural,LAB004,G,26.0,68.27,58.5199384254738,-9.750061574526192,-3.900024629810477,95.06370070705218,15.210192113128347
natural,natural,LAB004,G,43.0,52.25,43.446271683021344,-8.803728316978656,-3.5214913267914625,77.50563227917185,12.400901164667495
natural,natural,LAB004,G,50.0,45.2,38.00231070524652,-7.197689294753481,-2.8790757179013924,51.80673118380886,8.289076989409418
natural,natural,LAB004,G,67.0,26.84,26.504891303703186,-0.33510869629681395,-0.13404347851872558,0.11229783833375029,0.017967654133400048
natural,natural,LAB004,G,74.0,18.85,21.716513962648655,2.8665139626486535,1.1466055850594614,8.216902298059686,1.3147043676895498
natural,natural,LAB004,G,91.0,8.72,11.30479467396563,2.5847946739656287,1.0339178695862514,6.681163506561081,1.0689861610497728
natural,natural,LAB004,G,98.0,5.28,7.885109567518968,2.6051095675189675,1.042043827007587,6.7865958587788615,1.0858553374046178
natural,natural,LAB004,G,115.0,0.46,1.8179125736608053,1.3579125736608053,0.5431650294643221,1.843926557706112,0.2950282492329779
natural,natural,LAB004,G,122.0,0.15,0.7649637534241848,0.6149637534241847,0.2459855013696739,0.3781804180255615,0.06050886688408984
natural,natural,LAB004,G,146.0,0.04,0.019978816500059327,-0.020021183499940674,-0.00800847339997627,0.0004008477887382967,6.413564619812747e-05
natural,natural,LAB004,G,163.0,0.0,0.001140001685982898,0.001140001685982898,0.0004560006743931592,1.2996038440438498e-06,2.07936615047016e-07
natural,natural,LAB004,F,19.0,75.43,65.55593841697078,-9.874061583029231,-3.9496246332116924,97.49709214545373,15.599534743272596
natural,natural,LAB004,F,26.0,70.58,62.63105886402806,-7.9489411359719355,-3.179576454388774,63.1856651831468,10.109706429303488
natural,natural,LAB004,F,43.0,65.46,53.72476192385752,-11.735238076142473,-4.694095230456989,137.7158127037441,22.034530032599058
natural,natural,LAB004,F,50.0,59.53999999999999,50.00597775742397,-9.534022242576022,-3.8136088970304085,90.89758012193431,14.54361281950949
natural,natural,LAB004,F,67.0,48.19,40.848391859485936,-7.341608140514062,-2.936643256205625,53.89921008886234,8.623873614217976
natural,natural,LAB004,F,74.0,38.6,36.33703000026353,-2.2629699997364696,-0.9051879998945879,5.121033219707277,0.8193653151531644
natural,natural,LAB004,F,91.0,27.94,24.29284956412601,-3.647150435873993,-1.458860174349597,13.301706301895855,2.1282730083033368
natural,natural,LAB004,F,98.0,23.02,19.31961389963153,-3.700386100368469,-1.4801544401473876,13.692857291800166,2.1908571666880263
natural,natural,LAB004,F,115.0,6.19,7.511484337950545,1.3214843379505448,0.5285937351802179,1.7463208554485896,0.27941133687177433
natural,natural,LAB004,F,122.0,3.54,4.355315084180722,0.815315084180722,0.32612603367228876,0.6647386864926177,0.10635818983881883
natural,natural,LAB004,F,146.0,0.1099999999999999,0.3816459765988375,0.2716459765988376,0.10865839063953504,0.07379153660233623,0.011806645856373798
natural,natural,LAB004,F,163.0,0.06,0.049247756984292936,-0.010752243015707062,-0.004300897206282825,0.0001156107298688213,1.8497716779011405e-05
natural,natural,LAB004,E,50.0,30.543588000000003,32.111569283777754,1.5679812837777511,0.7839906418888756,2.4585653062773245,0.6146413265693311
natural,natural,LAB004,E,91.0,63.69166799999999,55.66428934544133,-8.02737865455866,-4.01368932727933,64.43880806366401,16.109702015916003
natural,natural,LAB004,E,146.0,83.501592,74.11489262927402,-9.386699370725978,-4.496536722665589,88.11012507638748,20.218842498280193
natural,natural,LAB004,E,163.0,82.396656,74.3000243621585,-8.096631637841497,-3.9305632198673193,65.55544387889589,15.449327225373748
natural,natural,LAB004,Gly,19.0,1.2,1.6935506459554894,0.4935506459554895,1.41014470272997,0.24359224012308092,1.9885080826373955
natural,natural,LAB004,Gly,26.0,1.28,2.0515309607340777,0.7715309607340777,2.2043741735259363,0.595260023371249,4.859265496908155
natural,natural,LAB004,Gly,43.0,2.9,3.0417165942028146,0.14171659420281468,0.40490455486518484,0.020083593072445248,0.16394769855057348
natural,natural,LAB004,Gly,50.0,3.58,3.40483361909906,-0.17516638090094006,-0.5004753740026859,0.030683260997933216,0.25047559998312835
natural,natural,LAB004,Gly,67.0,4.47,4.17107299125794,-0.29892700874205946,-0.8540771678344556,0.08935735655547529,0.7294478086161249
natural,natural,LAB004,Gly,74.0,4.43,4.471922848495687,0.041922848495687504,0.11977956713053574,0.001757525225992368,0.014347144701978518
natural,natural,LAB004,Gly,91.0,5.7,5.1620967019992126,-0.5379032980007876,-1.5368665657165361,0.28933995800012413,2.36195884081734
natural,natural,LAB004,Gly,98.0,5.68,5.389374702734621,-0.2906252972653789,-0.8303579921867968,0.08446306341058984,0.6894943951884885
natural,natural,LAB004,Gly,115.0,6.62,5.791094647573698,-0.8289053524263021,-2.368301006932292,0.6870840832809721,5.608849659436507
natural,natural,LAB004,Gly,122.0,6.4,5.860060210916896,-0.5399397890831041,-1.5426851116660119,0.29153497583510696,2.3798773537559756
natural,natural,LAB004,Gly,146.0,6.15,5.907560120262274,-0.2424398797377263,-0.692685370679218,0.05877709528724319,0.47981302275300564
natural,natural,LAB004,Gly,163.0,6.28,5.908653668918146,-0.37134633108185433,-1.0609895173767268,0.13789809760795418,1.1256987559832996
synthetic,natural,LAB004,X,19.0,0.8421,1.1613925859747944,0.3192925859747945,4.739528945119263,0.10194775545847153,22.46313462162331
synthetic,natural,LAB004,X,26.0,0.7707,1.1950386577573178,0.4243386577573177,6.88235788499607,0.180063296467282,47.366850057167575
synthetic,natural,LAB004,X,43.0,0.5369999999999999,1.1950392860416927,0.6580392860416928,10.967321434028214,0.4330157019742608,120.28213943729469
synthetic,natural,LAB004,X,50.0,1.7649,1.1950392860416927,-0.5698607139583072,-4.03606942290149,0.3247412333130716,16.289856386480366
synthetic,natural,LAB004,X,67.0,1.7328,1.1950392860416927,-0.5377607139583072,-3.879275695105517,0.28918658547694825,15.048779918636392
synthetic,natural,LAB004,X,74.0,1.6889999999999998,1.4717847802827053,-0.21721521971729452,-1.607572674047473,0.047182451676832535,2.5842899023441426
synthetic,natural,LAB004,X,91.0,1.9563,1.4727786814216892,-0.4835213185783107,-3.089514124740011,0.23379286551970824,9.545097526968037
synthetic,natural,LAB004,X,98.0,2.0415,1.472778681421929,-0.5687213185780711,-3.4822515220308046,0.3234439382051798,12.126075662685855
synthetic,natural,LAB004,X,115.0,0.8688,1.472778681421929,0.603978681421929,8.689840605172781,0.364790247612172,75.51332974330965
synthetic,natural,LAB004,X,122.0,2.0415,1.46557869614794,-0.5759213038520601,-3.526336663311658,0.33168534823065693,12.435050263015999
synthetic,natural,LAB004,X,163.0,2.1267,1.3613588901377174,-0.7653411098622827,-4.498407802359774,0.5857470144452306,20.235672756331297
synthetic,natural,LAB004,Xd,19.0,0.0138,0.0092999999999999,-0.004500000000000099,-0.07500000000000166,2.0250000000000895e-05,0.00562500000000025
synthetic,natural,LAB004,Xd,26.0,0.0011999999999999,0.0092999999999999,0.0081,0.135,6.560999999999999e-05,0.018225
synthetic,natural,LAB004,Xd,43.0,0.5343,0.0092999999999999,-0.5250000000000001,-8.188283735728994,0.2756250000000001,67.04799053680398
synthetic,natural,LAB004,Xd,50.0,0.0207000000000001,0.0092999999999999,-0.0114000000000002,-0.19000000000000333,0.00012996000000000456,0.03610000000000127
synthetic,natural,LAB004,Xd,67.0,0.0044999999999999,0.0092999999999999,0.0048000000000000004,0.08000000000000002,2.3040000000000003e-05,0.006400000000000003
synthetic,natural,LAB004,Xd,74.0,0.0021,0.0092999999999999,0.007199999999999901,0.11999999999999836,5.1839999999998575e-05,0.014399999999999606
synthetic,natural,LAB004,Xd,91.0,0.0182999999999999,0.0092999999999999,-0.009,-0.15,8.099999999999999e-05,0.0225
synthetic,natural,LAB004,Xd,98.0,0.0438000000000002,0.0092999999999999,-0.0345000000000003,-0.5750000000000051,0.0011902500000000207,0.33062500000000583
synthetic,natural,LAB004,Xd,115.0,0.069,0.0092999999999999,-0.05970000000000011,-0.9950000000000018,0.003564090000000013,0.9900250000000035
synthetic,natural,LAB004,Xd,122.0,0.0621000000000002,0.01649998527398964,-0.04560001472601056,-0.7600002454335093,0.00207936134301238,0.5776003730589944
synthetic,natural,LAB004,Xd,163.0,0.0162000000000001,0.1207197912842116,0.1045197912842115,1.7419965214035251,0.010924386770095135,3.034551880581982
synthetic,natural,LAB004,N,19.0,0.18272,0.009691588764750477,-0.1730284112352495,-11.836991793129481,0.02993883109459462,140.1143747106147
synthetic,natural,LAB004,N,26.0,0.15742,1.809659080647876e-07,-0.15741981903409194,-12.499985630327464,0.024780999424726256,156.24964075839307
synthetic,natural,LAB004,N,43.0,0.06016,0.0,-0.06016,-5.013333333333333,0.0036192256,25.133511111111105
synthetic,natural,LAB004,N,50.0,0.019,0.0,-0.019,-1.5833333333333333,0.000361,2.506944444444444
synthetic,natural,LAB004,N,67.0,0.005,0.0,-0.005,-0.4166666666666667,2.5e-05,0.17361111111111113
synthetic,natural,LAB004,N,74.0,0.03586,0.0002862830857111052,-0.0355737169142889,-2.964476409524075,0.0012654893350979642,8.78812038262475
synthetic,natural,LAB004,N,91.0,0.009,6.923639793996954e-14,-0.008999999999930763,-0.7499999999942303,8.099999999875374e-05,0.5624999999913455
synthetic,natural,LAB004,N,98.0,0.007,4.8537535805305274e-17,-0.006999999999999952,-0.5833333333333293,4.899999999999932e-05,0.340277777777773
synthetic,natural,LAB004,N,115.0,0.043,9.760172331265648e-26,-0.043,-3.583333333333333,0.0018489999999999997,12.840277777777775
synthetic,natural,LAB004,N,122.0,0.011,7.549459269650796e-31,-0.011,-0.9166666666666666,0.00012099999999999999,0.8402777777777777
synthetic,natural,LAB004,N,146.0,0.025,0.0,-0.025,-2.0833333333333335,0.0006250000000000001,4.340277777777779
synthetic,natural,LAB004,N,163.0,0.02846,0.0,-0.02846,-2.3716666666666666,0.0008099715999999999,5.624802777777777
synthetic,natural,LAB004,G,19.0,70.28,59.96077320347618,-10.319226796523822,-4.127690718609529,106.48644167809529,17.037830668495246
synthetic,natural,LAB004,G,26.0,68.27,53.22756945213199,-15.042430547868008,-6.0169722191472035,226.27471678743262,36.203954685989224
synthetic,natural,LAB004,G,43.0,52.25,40.098839005679,-12.151160994321003,-4.860464397728402,147.6507135099082,23.624114161585315
synthetic,natural,LAB004,G,50.0,45.2,35.61946460977863,-9.580535390221371,-3.8322141560885483,91.78665836328416,14.685865338125465
synthetic,natural,LAB004,G,67.0,26.84,26.365471248979915,-0.4745287510200846,-0.18981150040803385,0.22517753554468148,0.03602840568714903
synthetic,natural,LAB004,G,74.0,18.85,22.532841146574306,3.6828411465743045,1.4731364586297218,13.563318910900739,2.170131025744118
synthetic,natural,LAB004,G,91.0,8.72,14.53336094684399,5.813360946843989,2.325344378737596,33.79516549829084,5.4072264797265355
synthetic,natural,LAB004,G,98.0,5.28,11.876145124173762,6.596145124173762,2.638458049669505,43.509130499161294,6.9614608798658075
synthetic,natural,LAB004,G,115.0,0.46,6.463263743708757,6.003263743708757,2.401305497483503,36.03917557652808,5.766268092244494
synthetic,natural,LAB004,G,122.0,0.15,4.860609351796235,4.710609351796235,1.8842437407184938,22.18984046523014,3.5503744744368224
synthetic,natural,LAB004,G,146.0,0.04,1.5726267091887252,1.5326267091887251,0.6130506836754901,2.348944629718661,0.3758311407549858
synthetic,natural,LAB004,G,163.0,0.0,0.600616928288447,0.600616928288447,0.2402467713153788,0.36074069454664953,0.05771851112746392
synthetic,natural,LAB004,F,19.0,75.43,62.18512537939794,-13.244874620602069,-5.297949848240828,175.4267037154688,28.06827259447501
synthetic,natural,LAB004,F,26.0,70.58,57.90208473716692,-12.677915262833075,-5.07116610513323,160.72953541157582,25.716725665852135
synthetic,natural,LAB004,F,43.0,65.46,48.29265958782541,-17.167340412174582,-6.866936164869832,294.71757682748256,47.1548122923972
synthetic,natural,LAB004,F,50.0,59.53999999999999,44.52421050772711,-15.01578949227288,-6.006315796909152,225.47393407625265,36.075829452200416
synthetic,natural,LAB004,F,67.0,48.19,35.669067021745086,-12.520932978254912,-5.008373191301965,156.77376264595142,25.08380202335223
synthetic,natural,LAB004,F,74.0,38.6,31.47285003665442,-7.12714996334558,-2.850859985338232,50.79626660001691,8.127402656002705
synthetic,natural,LAB004,F,91.0,27.94,21.20481974342284,-6.735180256577163,-2.694072102630865,45.36265308858682,7.25802449417389
synthetic,natural,LAB004,F,98.0,23.02,17.221045148857144,-5.798954851142856,-2.3195819404571423,33.627877365593264,5.380460378494922
synthetic,natural,LAB004,F,115.0,6.19,7.590532536934462,1.4005325369344614,0.5602130147737846,1.9614913870120787,0.3138386219219326
synthetic,natural,LAB004,F,122.0,3.54,4.747159888867658,1.2071598888676576,0.482863955547063,1.4572349972909753,0.23315759956655605
synthetic,natural,LAB004,F,146.0,0.1099999999999999,0.5388452814219027,0.4288452814219028,0.17153811256876111,0.18390827539783103,0.02942532406365296
synthetic,natural,LAB004,F,163.0,0.06,0.08334741413166843,0.023347414131668437,0.009338965652667374,0.000545101746635631,8.721627946170096e-05
synthetic,natural,LAB004,E,50.0,30.543588000000003,40.755380246301854,10.211792246301851,5.1058961231509254,104.28070088163061,26.070175220407652
synthetic,natural,LAB004,E,91.0,63.69166799999999,61.30540886808976,-2.3862591319102293,-1.1931295659551147,5.694232644624961,1.4235581611562402
synthetic,natural,LAB004,E,146.0,83.501592,76.42561673234569,-7.075975267654314,-3.3896241248450996,50.06942598845555,11.489551707731907
synthetic,natural,LAB004,E,163.0,82.396656,77.00297471229227,-5.393681287707722,-2.6183981484431706,29.091797833368425,6.856008863770624
synthetic,natural,LAB004,Gly,19.0,1.2,1.8966402662736634,0.6966402662736635,1.9904007607818959,0.4853076605938408,3.96169518852115
synthetic,natural,LAB004,Gly,26.0,1.28,2.3162324905595497,1.0362324905595497,2.960664258741571,1.0737777744912473,8.765532852989775
synthetic,natural,LAB004,Gly,43.0,2.9,3.1453201195485674,0.24532011954856747,0.7009146272816213,0.06018196105532344,0.49128131473733416
synthetic,natural,LAB004,Gly,50.0,3.58,3.4315425904337236,-0.1484574095662765,-0.42416402733221864,0.02203960245512917,0.17991512208268712
synthetic,natural,LAB004,Gly,67.0,4.47,4.03028665337095,-0.43971334662905015,-1.256323847511572,0.1933478272037192,1.5783496098262793
synthetic,natural,LAB004,Gly,74.0,4.43,4.2711566206030795,-0.15884337939692017,-0.45383822684834335,0.025231219178233923,0.20596913614884835
synthetic,natural,LAB004,Gly,91.0,5.7,4.806826354996046,-0.8931736450039542,-2.551924700011298,0.7977591601296496,6.5123196745277525
synthetic,natural,LAB004,Gly,98.0,5.68,4.988571252994534,-0.6914287470054656,-1.975510705729902,0.4780737121855482,3.9026425484534553
synthetic,natural,LAB004,Gly,115.0,6.62,5.3671393665317435,-1.2528606334682566,-3.5796018099093048,1.5696597668944812,12.813549117505971
synthetic,natural,LAB004,Gly,122.0,6.4,5.477228573967257,-0.9227714260327433,-2.636489788664981,0.8515071047025027,6.951078405734716
synthetic,natural,LAB004,Gly,146.0,6.15,5.681139676499972,-0.46886032350002793,-1.3396009242857942,0.21983000295255084,1.7945306363473543
synthetic,natural,LAB004,Gly,163.0,6.28,5.729184555618227,-0.5508154443817732,-1.5737584125193522,0.3033976537694903,2.4767155409754316
joint_reference,natural,LAB004,X,19.0,0.8421,0.6798272775774316,-0.1622727224225684,-2.4087507781523634,0.026332436442431936,5.802080311249616
joint_reference,natural,LAB004,X,26.0,0.7707,0.8277056321887727,0.05700563218877264,0.9245755837026832,0.003249642101241631,0.8548400099791574
joint_reference,natural,LAB004,X,43.0,0.5369999999999999,1.295099448970554,0.7580994489705541,12.634990816175902,0.5747147745294579,159.64299292484938
joint_reference,natural,LAB004,X,50.0,1.7649,1.3443041875219517,-0.4205958124780482,-2.978892660193554,0.1769008374740695,8.873801480955029
joint_reference,natural,LAB004,X,67.0,1.7328,1.3443101647391822,-0.3884898352608177,-2.802471687881014,0.1509243521009773,7.85384756137466
joint_reference,natural,LAB004,X,74.0,1.6889999999999998,1.5735266401250818,-0.11547335987491802,-0.8545985781151424,0.013334096840802327,0.7303387297164231
joint_reference,natural,LAB004,X,91.0,1.9563,1.6737988680554141,-0.2825011319445858,-1.8050729179099947,0.07980688954997228,3.2582882389721024
joint_reference,natural,LAB004,X,98.0,2.0415,1.6737988680635567,-0.3677011319364434,-2.251415209015695,0.13520412242734176,5.068870443387186
joint_reference,natural,LAB004,X,115.0,0.8688,1.6737988680635643,0.8049988680635642,11.582050933234983,0.6480231775836197,134.14390382004936
joint_reference,natural,LAB004,X,122.0,2.0415,1.6737988680635643,-0.36770113193643583,-2.251415209015649,0.1352041224273362,5.068870443386978
joint_reference,natural,LAB004,X,163.0,2.1267,1.5710065107532152,-0.5556934892467849,-3.266172293029017,0.3087952539912666,10.667881447750428
joint_reference,natural,LAB004,Xd,19.0,0.0138,0.0092999999999999,-0.004500000000000099,-0.07500000000000166,2.0250000000000895e-05,0.00562500000000025
joint_reference,natural,LAB004,Xd,26.0,0.0011999999999999,0.0092999999999999,0.0081,0.135,6.560999999999999e-05,0.018225
joint_reference,natural,LAB004,Xd,43.0,0.5343,0.0092999999999999,-0.5250000000000001,-8.188283735728994,0.2756250000000001,67.04799053680398
joint_reference,natural,LAB004,Xd,50.0,0.0207000000000001,0.0092999999999999,-0.0114000000000002,-0.19000000000000333,0.00012996000000000456,0.03610000000000127
joint_reference,natural,LAB004,Xd,67.0,0.0044999999999999,0.0092999999999999,0.0048000000000000004,0.08000000000000002,2.3040000000000003e-05,0.006400000000000003
joint_reference,natural,LAB004,Xd,74.0,0.0021,0.0092999999999999,0.007199999999999901,0.11999999999999836,5.1839999999998575e-05,0.014399999999999606
joint_reference,natural,LAB004,Xd,91.0,0.0182999999999999,0.0092999999999999,-0.009,-0.15,8.099999999999999e-05,0.0225
joint_reference,natural,LAB004,Xd,98.0,0.0438000000000002,0.0092999999999999,-0.0345000000000003,-0.5750000000000051,0.0011902500000000207,0.33062500000000583
joint_reference,natural,LAB004,Xd,115.0,0.069,0.0092999999999999,-0.05970000000000011,-0.9950000000000018,0.003564090000000013,0.9900250000000035
joint_reference,natural,LAB004,Xd,122.0,0.0621000000000002,0.0092999999999999,-0.0528000000000003,-0.880000000000005,0.0027878400000000314,0.7744000000000087
joint_reference,natural,LAB004,Xd,163.0,0.0162000000000001,0.11209235731035005,0.09589235731034995,1.5982059551724992,0.009195344190535826,2.5542622751488406
joint_reference,natural,LAB004,N,19.0,0.18272,0.16133673305517002,-0.021383266944829976,-1.4628438967292836,0.0004572441052338583,2.139912266198115
joint_reference,natural,LAB004,N,26.0,0.15742,0.12543180445049995,-0.031988195549500054,-2.5400358554742133,0.001023244654513055,6.451782147094619
joint_reference,natural,LAB004,N,43.0,0.06016,0.011948383121391295,-0.048211616878608705,-4.017634739884059,0.0023243600020497477,16.14138890312325
joint_reference,natural,LAB004,N,50.0,0.019,1.4512709346324545e-06,-0.018998548729065368,-1.5832123940887806,0.0003609448538106713,2.506561484796328
joint_reference,natural,LAB004,N,67.0,0.005,0.0,-0.005,-0.4166666666666667,2.5e-05,0.17361111111111113
joint_reference,natural,LAB004,N,74.0,0.03586,0.024346140411318242,-0.011513859588681761,-0.9594882990568134,0.00013256896262787892,0.920617796026937
joint_reference,natural,LAB004,N,91.0,0.009,1.9789400382844823e-12,-0.00899999999802106,-0.7499999998350882,8.099999996437907e-05,0.5624999997526324
joint_reference,natural,LAB004,N,98.0,0.007,1.930025515111092e-15,-0.00699999999999807,-0.5833333333331725,4.899999999997298e-05,0.34027777777759016
joint_reference,natural,LAB004,N,115.0,0.043,0.0,-0.043,-3.583333333333333,0.0018489999999999997,12.840277777777775
joint_reference,natural,LAB004,N,122.0,0.011,0.0,-0.011,-0.9166666666666666,0.00012099999999999999,0.8402777777777777
joint_reference,natural,LAB004,N,146.0,0.025,0.0,-0.025,-2.0833333333333335,0.0006250000000000001,4.340277777777779
joint_reference,natural,LAB004,N,163.0,0.02846,0.0,-0.02846,-2.3716666666666666,0.0008099715999999999,5.624802777777777
joint_reference,natural,LAB004,G,19.0,70.28,65.22981617796796,-5.050183822032039,-2.0200735288128158,25.50435663631414,4.080697061810262
joint_reference,natural,LAB004,G,26.0,68.27,60.58714917402279,-7.682850825977205,-3.073140330390882,59.02619681421862,9.44419149027498
joint_reference,natural,LAB004,G,43.0,52.25,46.73544488843351,-5.514555111566487,-2.205822044626595,30.410318078504073,4.865650892560652
joint_reference,natural,LAB004,G,50.0,45.2,40.66690763349052,-4.533092366509486,-1.8132369466037943,20.54892640330657,3.287828224529051
joint_reference,natural,LAB004,G,67.0,26.84,27.97600521163714,1.1360052116371406,0.45440208465485626,1.2905078408667447,0.20648125453867916
joint_reference,natural,LAB004,G,74.0,18.85,22.806172038455284,3.956172038455282,1.582468815382113,15.651297197855422,2.504207551656868
joint_reference,natural,LAB004,G,91.0,8.72,11.512821164660961,2.7928211646609604,1.117128465864384,7.799850057778204,1.2479760092445122
joint_reference,natural,LAB004,G,98.0,5.28,7.967733150993623,2.6877331509936226,1.075093260397449,7.223909490950107,1.1558255185520172
joint_reference,natural,LAB004,G,115.0,0.46,2.206282875657445,1.746282875657445,0.698513150262978,3.0495038818144358,0.4879206210903097
joint_reference,natural,LAB004,G,122.0,0.15,1.1384429501329938,0.9884429501329938,0.3953771800531975,0.977019465667616,0.15632311450681854
joint_reference,natural,LAB004,G,146.0,0.04,0.07359019942571923,0.03359019942571923,0.013436079770287693,0.0011283014974595887,0.0001805282395935342
joint_reference,natural,LAB004,G,163.0,0.0,0.008168649873593389,0.008168649873593389,0.0032674599494373555,6.672684075735729e-05,1.0676294521177165e-05
joint_reference,natural,LAB004,F,19.0,75.43,65.23952120144794,-10.190478798552064,-4.076191519420826,103.84585814373912,16.615337302998263
joint_reference,natural,LAB004,F,26.0,70.58,62.488362712671126,-8.091637287328872,-3.236654914931549,65.47459398969094,10.475935038350553
joint_reference,natural,LAB004,F,43.0,65.46,53.72355472601113,-11.736445273988863,-4.694578109595545,137.74414766933552,22.039063627093682
joint_reference,natural,LAB004,F,50.0,59.53999999999999,49.62436815082799,-9.915631849172001,-3.9662527396688008,98.31975496831417,15.731160794930268
joint_reference,natural,LAB004,F,67.0,48.19,40.25878338319947,-7.931216616800526,-3.1724866467202104,62.904197022612784,10.064671523618046
joint_reference,natural,LAB004,F,74.0,38.6,35.9854281182793,-2.6145718817206998,-1.04582875268828,6.835986124684521,1.0937577799495233
joint_reference,natural,LAB004,F,91.0,27.94,25.14630245427991,-2.793697545720093,-1.1174790182880372,7.804745976962471,1.2487593563139954
joint_reference,natural,LAB004,F,98.0,23.02,20.886129685443315,-2.1338703145566846,-0.8535481258226738,4.553402519346244,0.728544403095399
joint_reference,natural,LAB004,F,115.0,6.19,9.770857856177585,3.580857856177585,1.432343142471034,12.82254298614873,2.051606877783797
joint_reference,natural,LAB004,F,122.0,3.54,5.818397392189694,2.278397392189694,0.9113589568758776,5.191094676736799,0.8305751482778878
joint_reference,natural,LAB004,F,146.0,0.1099999999999999,0.07680523519823261,-0.03319476480176729,-0.013277905920706917,0.0011018924102446487,0.00017630278563914378
joint_reference,natural,LAB004,F,163.0,0.06,0.0009581259601375268,-0.05904187403986247,-0.02361674961594499,0.0034859428901389856,0.0005577508624222378
joint_reference,natural,LAB004,E,50.0,30.543588000000003,34.28849893156188,3.744910931561879,1.8724554657809396,14.024357885331662,3.5060894713329156
joint_reference,natural,LAB004,E,91.0,63.69166799999999,58.152812251347676,-5.538855748652317,-2.7694278743261584,30.678923004378817,7.669730751094704
joint_reference,natural,LAB004,E,146.0,83.501592,73.52701292769952,-9.974579072300486,-4.778150372175173,99.49222766957482,22.83072097911774
joint_reference,natural,LAB004,E,163.0,82.396656,73.57999074353151,-8.816665256468482,-4.2801082881171695,77.73358624461845,18.319326958009288
joint_reference,natural,LAB004,Gly,19.0,1.2,1.5878446360500467,0.3878446360500467,1.1081275315715622,0.1504234617127932,1.2279466262268834
joint_reference,natural,LAB004,Gly,26.0,1.28,1.8695903990898137,0.5895903990898137,1.6845439973994678,0.34761683869888577,2.8376884791745782
joint_reference,natural,LAB004,Gly,43.0,2.9,2.7076824217239,-0.19231757827609997,-0.5494787950745713,0.03698605091398384,0.3019269462366027
joint_reference,natural,LAB004,Gly,50.0,3.58,3.088143849702274,-0.4918561502977261,-1.4053032865649318,0.24192247258569935,1.9748773272301987
joint_reference,natural,LAB004,Gly,67.0,4.47,3.8927105127834785,-0.5772894872165213,-1.6493985349043467,0.3332631520507141,2.7205155269446055
joint_reference,natural,LAB004,Gly,74.0,4.43,4.200940555268512,-0.22905944473148754,-0.6544555563756788,0.052468229220697396,0.42831207527099924
joint_reference,natural,LAB004,Gly,91.0,5.7,4.909668932685722,-0.7903310673142778,-2.2580887637550795,0.6246231959621256,5.098964864996943
joint_reference,natural,LAB004,Gly,98.0,5.68,5.135492503661113,-0.5445074963388867,-1.5557357038253907,0.29648841356924277,2.420313580157084
joint_reference,natural,LAB004,Gly,115.0,6.62,5.505125940519906,-1.114874059480094,-3.185354455657412,1.2429441685016245,10.146483008176528
joint_reference,natural,LAB004,Gly,122.0,6.4,5.574759237578883,-0.8252407624211173,-2.357830749774621,0.681022315961387,5.559365844582751
joint_reference,natural,LAB004,Gly,146.0,6.15,5.642530033447896,-0.5074699665521045,-1.4499141901488701,0.2575257669523941,2.102251158795054
joint_reference,natural,LAB004,Gly,163.0,6.28,5.645819396530082,-0.6341806034699182,-1.8119445813426236,0.40218503781746967,3.2831431658568957
natural,natural,LAB005,X,19.0,0.6462,1.0017257047407695,0.3555257047407695,5.925428412346158,0.12639852673142082,35.11070186983911
natural,natural,LAB005,X,26.0,0.7605000000000001,1.266625109986997,0.5061251099869969,8.318953155604813,0.2561626269593497,69.20498160514728
natural,natural,LAB005,X,43.0,0.9516,1.3420866625359587,0.39048666253595865,5.129343507460574,0.15247983361847164,26.310164817527948
natural,natural,LAB005,X,50.0,1.7166,1.342086662555502,-0.374513337444498,-2.7271447734220113,0.14026023992381642,7.437318615202994
natural,natural,LAB005,X,67.0,1.7628,1.3420866625555188,-0.42071333744448114,-2.9832747436215192,0.17699971230367387,8.899928195930041
natural,natural,LAB005,X,74.0,1.9977,1.6168193931252772,-0.3808806068747228,-2.383244524169813,0.14507003669325713,5.679854461985397
natural,natural,LAB005,X,91.0,1.8363,1.6408589183590685,-0.19544108164093155,-1.3304000002786278,0.03819721639297727,1.769964160741373
natural,natural,LAB005,X,98.0,2.136,1.6408589183590685,-0.4951410816409316,-2.8975952811384107,0.2451646907285517,8.396058413275584
natural,natural,LAB005,X,115.0,1.0598999999999998,1.6338920648030764,0.5739920648030765,6.769412972958257,0.3294668904568992,45.824951998455546
natural,natural,LAB005,X,122.0,2.0667,1.6275741666327632,-0.43912583336723676,-2.6559601863310878,0.1928314975304702,7.054124511375867
natural,natural,LAB005,X,163.0,1.8342,1.5813899979091852,-0.25281000209081483,-1.722890102570704,0.0639128971571578,2.9683503055360907
natural,natural,LAB005,Xd,19.0,0.0048,0.0158999999999999,0.011099999999999902,0.18499999999999836,0.0001232099999999978,0.034224999999999395
natural,natural,LAB005,Xd,26.0,0.0021,0.0158999999999999,0.013799999999999901,0.22999999999999834,0.00019043999999999726,0.05289999999999924
natural,natural,LAB005,Xd,43.0,0.6291,0.0158999999999999,-0.6132000000000001,-8.12271498966778,0.3760142400000001,65.97849880337365
natural,natural,LAB005,Xd,50.0,0.0093,0.0158999999999999,0.006599999999999901,0.10999999999999835,4.3559999999998695e-05,0.012099999999999637
natural,natural,LAB005,Xd,67.0,0.0021,0.0158999999999999,0.013799999999999901,0.22999999999999834,0.00019043999999999726,0.05289999999999924
natural,natural,LAB005,Xd,74.0,0.0068999999999996,0.0158999999999999,0.0090000000000003,0.150000000000005,8.100000000000538e-05,0.022500000000001498
natural,natural,LAB005,Xd,91.0,0.0093,0.0158999999999999,0.006599999999999901,0.10999999999999835,4.3559999999998695e-05,0.012099999999999637
natural,natural,LAB005,Xd,98.0,0.0320999999999997,0.0158999999999999,-0.016199999999999798,-0.26999999999999663,0.00026243999999999346,0.07289999999999817
natural,natural,LAB005,Xd,115.0,0.0323999999999999,0.02286685355599266,-0.00953314644400724,-0.15888577406678733,9.088088112288788e-05,0.02524468920080219
natural,natural,LAB005,Xd,122.0,0.0669000000000001,0.029184751726305948,-0.03771524827369415,-0.6285874712282359,0.0014224399523463896,0.39512220898510825
natural,natural,LAB005,Xd,163.0,0.0089999999999999,0.07536892044988394,0.06636892044988404,1.1061486741647342,0.004404833601683036,1.2235648893563993
natural,natural,LAB005,N,19.0,0.19154,0.09113589495963181,-0.10040410504036817,-6.552424104649694,0.010080984308957286,42.93426164719434
natural,natural,LAB005,N,26.0,0.15824,0.020205772637760987,-0.138034227362239,-10.90386654466625,0.01905344792349029,118.89430562389192
natural,natural,LAB005,N,43.0,0.0532399999999999,5.2370467678636495e-12,-0.05323999999476285,-4.436666666230238,0.0028344975994423482,19.684011107238533
natural,natural,LAB005,N,50.0,0.019,3.9760993987897416e-15,-0.018999999999996024,-1.583333333333002,0.0003609999999998489,2.5069444444433953
natural,natural,LAB005,N,67.0,0.012,0.0,-0.012,-1.0,0.000144,1.0
natural,natural,LAB005,N,74.0,0.03568,0.006436882079740913,-0.02924311792025909,-2.436926493354924,0.0008551599456981784,5.9386107340151275
natural,natural,LAB005,N,91.0,0.011,0.0,-0.011,-0.9166666666666666,0.00012099999999999999,0.8402777777777777
natural,natural,LAB005,N,98.0,0.01,0.0,-0.01,-0.8333333333333334,0.0001,0.6944444444444445
natural,natural,LAB005,N,115.0,0.046,0.0,-0.046,-3.833333333333333,0.002116,14.694444444444443
natural,natural,LAB005,N,122.0,0.014,0.0,-0.014,-1.1666666666666667,0.00019600000000000002,1.3611111111111114
natural,natural,LAB005,N,146.0,0.027,0.0,-0.027,-2.25,0.0007289999999999999,5.0625
natural,natural,LAB005,N,163.0,0.03228,0.0,-0.03228,-2.6900000000000004,0.0010419984000000003,7.236100000000002
natural,natural,LAB005,G,19.0,70.76,64.19603035544633,-6.56396964455368,-2.625587857821472,43.08569749462216,6.893711599139546
natural,natural,LAB005,G,26.0,66.58,57.47859510634315,-9.101404893656849,-3.6405619574627393,82.83557103828083,13.253691366124931
natural,natural,LAB005,G,43.0,49.85,41.81960321020689,-8.030396789793109,-3.2121587159172433,64.48727260151946,10.317963616243114
natural,natural,LAB005,G,50.0,44.05,36.3260397971837,-7.723960202816301,-3.08958408112652,59.65956121469003,9.545529794350402
natural,natural,LAB005,G,67.0,25.97,24.760718481566133,-1.2092815184338654,-0.48371260737354616,1.4623617908257152,0.23397788653211443
natural,natural,LAB005,G,74.0,20.27,19.98383783667973,-0.2861621633202702,-0.1144648653281081,0.081888783716137,0.013102205394581923
natural,natural,LAB005,G,91.0,9.32,9.880493946140742,0.5604939461407419,0.22419757845629676,0.31415346366042085,0.05026455418566734
natural,natural,LAB005,G,98.0,6.3,6.649087066997586,0.34908706699758607,0.13963482679903444,0.12186178034497715,0.019497884855196348
natural,natural,LAB005,G,115.0,0.67,1.3958002911722533,0.7258002911722533,0.2903201164689013,0.5267860626657277,0.08428577002651642
natural,natural,LAB005,G,122.0,0.27,0.5912827485383043,0.3212827485383043,0.1285130994153217,0.10322260450832728,0.016515616721332362
natural,natural,LAB005,G,146.0,0.03,0.02047872366570823,-0.00952127633429177,-0.003808510533716708,9.065470303394453e-05,1.4504752485431125e-05
natural,natural,LAB005,G,163.0,0.0,0.001501713665268583,0.001501713665268583,0.0006006854661074332,2.2551439324544018e-06,3.6082302919270434e-07
natural,natural,LAB005,F,19.0,71.95,81.25740299219984,9.30740299219984,3.722961196879936,86.62775045921055,13.860440073473686
natural,natural,LAB005,F,26.0,71.73,77.53474886848235,5.804748868482349,2.3218995473929396,33.69510942614711,5.391217508183538
natural,natural,LAB005,F,43.0,61.56,67.55628738601402,5.996287386014018,2.398514954405607,35.95546241567082,5.752873986507331
natural,natural,LAB005,F,50.0,60.540000000000006,63.41301946455573,2.8730194645557248,1.14920778582229,8.254240843716063,1.3206785349945704
natural,natural,LAB005,F,67.0,47.91,53.04771788714901,5.137717887149016,2.0550871548596064,26.396145087930947,4.223383214068952
natural,natural,LAB005,F,74.0,43.31,47.90966499808183,4.599664998081828,1.839865999232731,21.156918094579098,3.385106895132656
natural,natural,LAB005,F,91.0,29.3,33.87626089114992,4.576260891149918,1.8305043564599672,20.94216374386824,3.3507461990189187
natural,natural,LAB005,F,98.0,24.38,27.84252088989552,3.462520889895522,1.385008355958209,11.98905091296288,1.9182481460740608
natural,natural,LAB005,F,115.0,7.529999999999999,12.599051452108428,5.069051452108429,2.0276205808433714,25.695282624122573,4.111245219859611
natural,natural,LAB005,F,122.0,4.73,8.048144508624555,3.3181445086245542,1.3272578034498217,11.010082980115284,1.7616132768184456
natural,natural,LAB005,F,146.0,0.09,1.0293533240025077,0.9393533240025077,0.3757413296010031,0.8823846673145602,0.14118154677032965
natural,natural,LAB005,F,163.0,0.01,0.16436555105614437,0.15436555105614436,0.06174622042245774,0.02382872335286711,0.003812595736458737
natural,natural,LAB005,E,50.0,31.253904,35.763339421395386,4.509435421395388,2.254717710697694,20.3350078197354,5.08375195493385
natural,natural,LAB005,E,91.0,61.95534000000001,61.79884402915874,-0.1564959708412701,-0.07824798542063505,0.02449098888955166,0.006122747222387915
natural,natural,LAB005,E,146.0,83.97513599999999,85.83660652174429,1.8614705217442946,0.8866769905531535,3.4650725033229763,0.7861960855763971
natural,natural,LAB005,E,163.0,80.66032799999999,86.32382341267933,5.663495412679339,2.8085655256345294,32.07518028943991,7.888040311782761
natural,natural,LAB005,Gly,19.0,8.19,1.9594199814068638,-6.230580018593136,-15.21509162049606,38.82012736809204,231.4990130200894
natural,natural,LAB005,Gly,26.0,1.28,2.3903679269534726,1.1103679269534725,3.172479791295636,1.232916933206952,10.064628026179204
natural,natural,LAB005,Gly,43.0,2.87,3.431522845725888,0.5615228457258881,1.6043509877882518,0.3153079062720995,2.5739420920171394
natural,natural,LAB005,Gly,50.0,3.58,3.798328999880754,0.21832899988075383,0.6237971425164396,0.04766755218893021,0.38912287501167525
natural,natural,LAB005,Gly,67.0,4.5,4.5701498123690625,0.07014981236906248,0.20042803534017853,0.004920996175414671,0.04017139735032385
natural,natural,LAB005,Gly,74.0,4.96,4.8698504966486,-0.09014950335139993,-0.25757000957542836,0.008126932954504068,0.06634230983268626
natural,natural,LAB005,Gly,91.0,5.61,5.542070079919262,-0.06792992008073817,-0.19408548594496622,0.004614474042175475,0.037669175854493676
natural,natural,LAB005,Gly,98.0,5.87,5.7575587568399085,-0.11244124316009163,-0.32126069474311897,0.012643033163386852,0.10320843398683147
natural,natural,LAB005,Gly,115.0,6.63,6.107228126648372,-0.522771873351628,-1.4936339238617944,0.2732904315675706,2.2309422985107807
natural,natural,LAB005,Gly,122.0,6.3,6.160468858861946,-0.13953114113805398,-0.3986604032515828,0.01946893934728754,0.15893011712071461
natural,natural,LAB005,Gly,146.0,6.22,6.197594018826106,-0.02240598117389414,-0.06401708906826897,0.0005020279923648986,0.004098187692774683
natural,natural,LAB005,Gly,163.0,6.17,6.198728388459198,0.02872838845919823,0.08208110988342351,0.000825320303462594,0.0067373085996946455
synthetic,natural,LAB005,X,19.0,0.6462,1.2818334132077487,0.6356334132077487,10.593890220129145,0.40402983598613257,112.23050999614794
synthetic,natural,LAB005,X,26.0,0.7605000000000001,1.2823270478525162,0.5218270478525161,8.577038919337872,0.2723034678704721,73.56559662383657
synthetic,natural,LAB005,X,43.0,0.9516,1.2823270571733925,0.33072705717339246,4.344354996497904,0.1093803863465724,18.8734203355963
synthetic,natural,LAB005,X,50.0,1.7166,1.2823270571733967,-0.4342729428266032,-3.1623044304628567,0.1885929888712782,10.000169310925012
synthetic,natural,LAB005,X,67.0,1.7628,1.2823270571733967,-0.48047294282660324,-3.4070296036603924,0.23085424878845634,11.607850720218291
synthetic,natural,LAB005,X,74.0,1.9977,1.5596536204538485,-0.43804637954615155,-2.740941955412171,0.19188463063349107,7.5127628029386955
synthetic,natural,LAB005,X,91.0,1.8363,1.5600664538153657,-0.27623354618463436,-1.880367765238757,0.07630497203773852,3.535782932548997
synthetic,natural,LAB005,X,98.0,2.136,1.5600664538153657,-0.5759335461846344,-3.3703976251441623,0.33169944962080844,11.35958015157741
synthetic,natural,LAB005,X,115.0,1.0598999999999998,1.5325030202283085,0.4726030202283087,5.573674641809472,0.22335361472891915,31.065849012749943
synthetic,natural,LAB005,X,122.0,2.0667,1.5118245990042571,-0.5548754009957428,-3.356047085908349,0.3078867106301864,11.263052042833921
synthetic,natural,LAB005,X,163.0,1.8342,1.3657999957123053,-0.4684000042876948,-3.192127387196699,0.2193985640167125,10.189677256091223
synthetic,natural,LAB005,Xd,19.0,0.0048,0.0158999999999999,0.011099999999999902,0.18499999999999836,0.0001232099999999978,0.034224999999999395
synthetic,natural,LAB005,Xd,26.0,0.0021,0.0158999999999999,0.013799999999999901,0.22999999999999834,0.00019043999999999726,0.05289999999999924
synthetic,natural,LAB005,Xd,43.0,0.6291,0.0158999999999999,-0.6132000000000001,-8.12271498966778,0.3760142400000001,65.97849880337365
synthetic,natural,LAB005,Xd,50.0,0.0093,0.0158999999999999,0.006599999999999901,0.10999999999999835,4.3559999999998695e-05,0.012099999999999637
synthetic,natural,LAB005,Xd,67.0,0.0021,0.0158999999999999,0.013799999999999901,0.22999999999999834,0.00019043999999999726,0.05289999999999924
synthetic,natural,LAB005,Xd,74.0,0.0068999999999996,0.0158999999999999,0.0090000000000003,0.150000000000005,8.100000000000538e-05,0.022500000000001498
synthetic,natural,LAB005,Xd,91.0,0.0093,0.0158999999999999,0.006599999999999901,0.10999999999999835,4.3559999999998695e-05,0.012099999999999637
synthetic,natural,LAB005,Xd,98.0,0.0320999999999997,0.0158999999999999,-0.016199999999999798,-0.26999999999999663,0.00026243999999999346,0.07289999999999817
synthetic,natural,LAB005,Xd,115.0,0.0323999999999999,0.043463433587057315,0.011063433587057414,0.18439055978429025,0.00012239956273523008,0.03399987853756392
synthetic,natural,LAB005,Xd,122.0,0.0669000000000001,0.0641418548111083,-0.0027581451888917946,-0.04596908648152991,7.607364883006953e-06,0.002113156911946376
synthetic,natural,LAB005,Xd,163.0,0.0089999999999999,0.21016645810306,0.2011664581030601,3.3527743017176688,0.04046794386573024,11.241095518258401
synthetic,natural,LAB005,N,19.0,0.19154,0.00014218910930968858,-0.1913978108906903,-12.490720664788707,0.036633122013748444,156.01810272577964
synthetic,natural,LAB005,N,26.0,0.15824,2.6847846207591527e-09,-0.15823999731521537,-12.499999787918304,0.025039896750319368,156.24999469795765
synthetic,natural,LAB005,N,43.0,0.0532399999999999,1.3045910583778606e-15,-0.053239999999998594,-4.436666666666549,0.00283449759999985,19.68401111111007
synthetic,natural,LAB005,N,50.0,0.019,1.1453238724332996e-18,-0.019,-1.5833333333333333,0.000361,2.506944444444444
synthetic,natural,LAB005,N,67.0,0.012,0.0,-0.012,-1.0,0.000144,1.0
synthetic,natural,LAB005,N,74.0,0.03568,0.00011891208059878298,-0.03556108791940122,-2.9634239932834348,0.0012645909740113834,8.781881763967938
synthetic,natural,LAB005,N,91.0,0.011,0.0,-0.011,-0.9166666666666666,0.00012099999999999999,0.8402777777777777
synthetic,natural,LAB005,N,98.0,0.01,0.0,-0.01,-0.8333333333333334,0.0001,0.6944444444444445
synthetic,natural,LAB005,N,115.0,0.046,0.0,-0.046,-3.833333333333333,0.002116,14.694444444444443
synthetic,natural,LAB005,N,122.0,0.014,0.0,-0.014,-1.1666666666666667,0.00019600000000000002,1.3611111111111114
synthetic,natural,LAB005,N,146.0,0.027,0.0,-0.027,-2.25,0.0007289999999999999,5.0625
synthetic,natural,LAB005,N,163.0,0.03228,0.0,-0.03228,-2.6900000000000004,0.0010419984000000003,7.236100000000002
synthetic,natural,LAB005,G,19.0,70.76,59.79642200076001,-10.963577999239995,-4.385431199695998,120.20004254541925,19.23200680726708
synthetic,natural,LAB005,G,26.0,66.58,52.92147416603373,-13.658525833966266,-5.4634103335865065,186.55532795712386,29.84885247313982
synthetic,natural,LAB005,G,43.0,49.85,39.48892433062631,-10.36107566937369,-4.144430267749476,107.35188902648747,17.17630224423799
synthetic,natural,LAB005,G,50.0,44.05,34.910769314354155,-9.139230685645842,-3.6556922742583366,83.52553752545056,13.364086004072089
synthetic,natural,LAB005,G,67.0,25.97,25.479716696328616,-0.49028330367138295,-0.19611332146855318,0.2403777178589255,0.03846043485742808
synthetic,natural,LAB005,G,74.0,20.27,21.626636388032843,1.3566363880328431,0.5426545552131372,1.840462289334799,0.29447396629356776
synthetic,natural,LAB005,G,91.0,9.32,13.705181486106202,4.385181486106202,1.7540725944424806,19.229816666088595,3.076770666574175
synthetic,natural,LAB005,G,98.0,6.3,11.102252446377577,4.802252446377577,1.9209009785510307,23.06162855873942,3.6898605693983075
synthetic,natural,LAB005,G,115.0,0.67,5.985209617827048,5.3152096178270485,2.126083847130819,28.251453281441158,4.520232525030584
synthetic,natural,LAB005,G,122.0,0.27,4.541541699229492,4.271541699229491,1.7086166796917965,18.24606848825637,2.919370958121019
synthetic,natural,LAB005,G,146.0,0.03,1.606582733587131,1.576582733587131,0.6306330934348524,2.4856131158450703,0.39769809853521126
synthetic,natural,LAB005,G,163.0,0.0,0.6873968590514948,0.6873968590514948,0.2749587436205979,0.47251444183386065,0.07560231069341769
synthetic,natural,LAB005,F,19.0,71.95,77.54667599841137,5.596675998411371,2.2386703993645485,31.322782231193912,5.011645156991027
synthetic,natural,LAB005,F,26.0,71.73,72.98523983474976,1.2552398347497586,0.5020959338999035,1.5756270427426013,0.2521003268388162
synthetic,natural,LAB005,F,43.0,61.56,62.601184582663194,1.0411845826631918,0.41647383306527674,1.084065335175525,0.173450453628084
synthetic,natural,LAB005,F,50.0,60.540000000000006,58.48396877401095,-2.0560312259890594,-0.8224124903956238,4.227264402242075,0.676362304358732
synthetic,natural,LAB005,F,67.0,47.91,48.676225745189356,0.7662257451893595,0.3064902980757438,0.5871018925909892,0.09393630281455828
synthetic,natural,LAB005,F,74.0,43.31,44.02429385461151,0.7142938546115047,0.2857175418446019,0.5102157107357614,0.08163451371772185
synthetic,natural,LAB005,F,91.0,29.3,32.36196394921649,3.061963949216487,1.224785579686595,9.375623226301427,1.5000997162082284
synthetic,natural,LAB005,F,98.0,24.38,27.637819125836707,3.2578191258367077,1.3031276503346831,10.61338545666745,1.6981416730667922
synthetic,natural,LAB005,F,115.0,7.529999999999999,15.258667854762177,7.728667854762177,3.0914671419048707,59.732306809234196,9.55716908947747
synthetic,natural,LAB005,F,122.0,4.73,11.04952691350828,6.31952691350828,2.527810765403312,39.93642041055549,6.3898272656888775
synthetic,natural,LAB005,F,146.0,0.09,2.2040164999723997,2.1140164999724,0.8456065999889599,4.469065762155555,0.7150505219448889
synthetic,natural,LAB005,F,163.0,0.01,0.4547415734962012,0.4447415734962012,0.17789662939848047,0.19779506719587692,0.031647210751340304
synthetic,natural,LAB005,E,50.0,31.253904,43.933141113715024,12.679237113715025,6.339618556857513,160.76305378580852,40.19076344645213
synthetic,natural,LAB005,E,91.0,61.95534000000001,65.74641501545166,3.7910750154516535,1.8955375077258267,14.372249772781755,3.5930624431954388
synthetic,natural,LAB005,E,146.0,83.97513599999999,84.55408515620555,0.5789491562055531,0.27577170280762775,0.3351821254711219,0.07605003206941856
synthetic,natural,LAB005,E,163.0,80.66032799999999,85.64882589563184,4.988497895631852,2.473829710006561,24.885111254723416,6.119833434111145
synthetic,natural,LAB005,Gly,19.0,8.19,2.1735437161448563,-6.016456283855144,-14.6922009373752,36.19774621554004,215.86076838420868
synthetic,natural,LAB005,Gly,26.0,1.28,2.60494980559441,1.3249498055944098,3.7855708731268853,1.7554919873446642,14.330546835466649
synthetic,natural,LAB005,Gly,43.0,2.87,3.4581325144133968,0.5881325144133966,1.680378612609705,0.3458998545102242,2.823672281716117
synthetic,natural,LAB005,Gly,50.0,3.58,3.7530447389038413,0.1730447389038412,0.4944135397252606,0.029944481662298572,0.24444474826366183
synthetic,natural,LAB005,Gly,67.0,4.5,4.3702301186808645,-0.12976988131913547,-0.3707710894832442,0.016840222097582506,0.1374712007965919
synthetic,natural,LAB005,Gly,74.0,4.96,4.61627739073436,-0.34372260926564024,-0.9820645979018293,0.11814523212038,0.9644508744520817
synthetic,natural,LAB005,Gly,91.0,5.61,5.159911567132938,-0.45008843286706224,-1.2859669510487493,0.20257959740072798,1.6537109991896162
synthetic,natural,LAB005,Gly,98.0,5.87,5.345101896469597,-0.5248981035304032,-1.4997088672297236,0.2755180190898139,2.2491266864474606
synthetic,natural,LAB005,Gly,115.0,6.63,5.731274229675051,-0.8987257703249485,-2.5677879152141387,0.8077080102461721,6.593534777519773
synthetic,natural,LAB005,Gly,122.0,6.3,5.844754371333378,-0.45524562866662155,-1.3007017961903473,0.20724858242006747,1.6918251626127958
synthetic,natural,LAB005,Gly,146.0,6.22,6.071561053273259,-0.14843894672674107,-0.4241112763621174,0.022034120905344273,0.1798703747375043
synthetic,natural,LAB005,Gly,163.0,6.17,6.128797253779662,-0.04120274622033815,-0.11772213205810901,0.0016976662960975896,0.013858500376306856
joint_reference,natural,LAB005,X,19.0,0.6462,0.8556157549789186,0.20941575497891862,3.4902625829819773,0.04385495843339048,12.181932898164025
joint_reference,natural,LAB005,X,26.0,0.7605000000000001,1.0436141341504883,0.28311413415048825,4.6534210083906675,0.08015361295578066,21.654327081331616
joint_reference,natural,LAB005,X,43.0,0.9516,1.4293511163950814,0.4777511163950814,6.275629418808866,0.2282461292167466,39.38352460221931
joint_reference,natural,LAB005,X,50.0,1.7166,1.4293597758524368,-0.2872402241475631,-2.091636258793277,0.0825069463683423,4.374942239098736
joint_reference,natural,LAB005,X,67.0,1.7628,1.429359778722293,-0.333440221277707,-2.3644218096047975,0.11118238116572621,5.590490493734825
joint_reference,natural,LAB005,X,74.0,1.9977,1.6746396596665527,-0.3230603403334473,-2.0214517966501933,0.10436798349636281,4.086267366180294
joint_reference,natural,LAB005,X,91.0,1.8363,1.7588484847911299,-0.07745151520887017,-0.527225366285943,0.005998737208149847,0.2779665868553467
joint_reference,natural,LAB005,X,98.0,2.136,1.7588484847911299,-0.37715151520887025,-2.207113267842171,0.14224326542434668,4.871348977084947
joint_reference,natural,LAB005,X,115.0,1.0598999999999998,1.7545165411436596,0.6946165411436598,8.192005627224972,0.4824921392303816,67.10895619648561
joint_reference,natural,LAB005,X,122.0,2.0667,1.7304721957933231,-0.33622780420667686,-2.0336031124901828,0.11304913632164343,4.135541619129759
joint_reference,natural,LAB005,X,163.0,1.8342,1.5618298663081405,-0.2723701336918596,-1.8561916209509566,0.07418548972732146,3.4454473336885396
joint_reference,natural,LAB005,Xd,19.0,0.0048,0.0158999999999999,0.011099999999999902,0.18499999999999836,0.0001232099999999978,0.034224999999999395
joint_reference,natural,LAB005,Xd,26.0,0.0021,0.0158999999999999,0.013799999999999901,0.22999999999999834,0.00019043999999999726,0.05289999999999924
joint_reference,natural,LAB005,Xd,43.0,0.6291,0.0158999999999999,-0.6132000000000001,-8.12271498966778,0.3760142400000001,65.97849880337365
joint_reference,natural,LAB005,Xd,50.0,0.0093,0.0158999999999999,0.006599999999999901,0.10999999999999835,4.3559999999998695e-05,0.012099999999999637
joint_reference,natural,LAB005,Xd,67.0,0.0021,0.0158999999999999,0.013799999999999901,0.22999999999999834,0.00019043999999999726,0.05289999999999924
joint_reference,natural,LAB005,Xd,74.0,0.0068999999999996,0.0158999999999999,0.0090000000000003,0.150000000000005,8.100000000000538e-05,0.022500000000001498
joint_reference,natural,LAB005,Xd,91.0,0.0093,0.0158999999999999,0.006599999999999901,0.10999999999999835,4.3559999999998695e-05,0.012099999999999637
joint_reference,natural,LAB005,Xd,98.0,0.0320999999999997,0.0158999999999999,-0.016199999999999798,-0.26999999999999663,0.00026243999999999346,0.07289999999999817
joint_reference,natural,LAB005,Xd,115.0,0.0323999999999999,0.02023194364747026,-0.012168056352529641,-0.20280093920882736,0.00014806159539833695,0.04112822094398249
joint_reference,natural,LAB005,Xd,122.0,0.0669000000000001,0.04427628899780623,-0.022623711002193868,-0.3770618500365645,0.0005118322995107878,0.14217563875299666
joint_reference,natural,LAB005,Xd,163.0,0.0089999999999999,0.21291861848298876,0.20391861848298887,3.398643641383148,0.04158280296401077,11.550778601114102
joint_reference,natural,LAB005,N,19.0,0.19154,0.1393052975844529,-0.05223470241554709,-3.4088638414656924,0.002728464136440761,11.620352689652238
joint_reference,natural,LAB005,N,26.0,0.15824,0.09365920962459097,-0.06458079037540902,-5.101490645175764,0.004170678485512522,26.025206802815827
joint_reference,natural,LAB005,N,43.0,0.0532399999999999,2.103119222754898e-06,-0.053237896880777145,-4.436491406731428,0.002834273664288261,19.682456002001807
joint_reference,natural,LAB005,N,50.0,0.019,5.992230944160251e-10,-0.018999999400776905,-1.5833332833980753,0.00036099997722952276,2.5069442863161298
joint_reference,natural,LAB005,N,67.0,0.012,0.0,-0.012,-1.0,0.000144,1.0
joint_reference,natural,LAB005,N,74.0,0.03568,0.020445938480707835,-0.015234061519292168,-1.2695051266076807,0.0002320766303735784,1.6116432664831832
joint_reference,natural,LAB005,N,91.0,0.011,0.0,-0.011,-0.9166666666666666,0.00012099999999999999,0.8402777777777777
joint_reference,natural,LAB005,N,98.0,0.01,0.0,-0.01,-0.8333333333333334,0.0001,0.6944444444444445
joint_reference,natural,LAB005,N,115.0,0.046,0.0,-0.046,-3.833333333333333,0.002116,14.694444444444443
joint_reference,natural,LAB005,N,122.0,0.014,0.0,-0.014,-1.1666666666666667,0.00019600000000000002,1.3611111111111114
joint_reference,natural,LAB005,N,146.0,0.027,0.0,-0.027,-2.25,0.0007289999999999999,5.0625
joint_reference,natural,LAB005,N,163.0,0.03228,0.0,-0.03228,-2.6900000000000004,0.0010419984000000003,7.236100000000002
joint_reference,natural,LAB005,G,19.0,70.76,65.5369938783979,-5.223006121602111,-2.0892024486408447,27.279792946293128,4.364766871406902
joint_reference,natural,LAB005,G,26.0,66.58,59.8653852077164,-6.714614792283598,-2.685845916913439,45.0860518087537,7.2137682894005914
joint_reference,natural,LAB005,G,43.0,49.85,43.95937782526788,-5.890622174732123,-2.356248869892849,34.6994296054458,5.551908736871329
joint_reference,natural,LAB005,G,50.0,44.05,37.92601152927855,-6.12398847072145,-2.44959538828858,37.503234789529245,6.000517566324679
joint_reference,natural,LAB005,G,67.0,25.97,25.267347126904273,-0.702652873095726,-0.2810611492382904,0.4937210600696784,0.07899536961114854
joint_reference,natural,LAB005,G,74.0,20.27,20.139329301149544,-0.13067069885045512,-0.05226827954018205,0.017074831538066333,0.002731973046090614
joint_reference,natural,LAB005,G,91.0,9.32,9.34724293198198,0.027242931981978913,0.010897172792791565,0.0007421773429747295,0.00011874837487595672
joint_reference,natural,LAB005,G,98.0,6.3,6.1302535063998445,-0.16974649360015537,-0.06789859744006214,0.02881387208954759,0.004610219534327614
joint_reference,natural,LAB005,G,115.0,0.67,1.481204442543013,0.811204442543013,0.3244817770172052,0.6580526476015206,0.10528842361624328
joint_reference,natural,LAB005,G,122.0,0.27,0.7447316492541338,0.4747316492541338,0.18989265970165353,0.22537013880354992,0.03605922220856799
joint_reference,natural,LAB005,G,146.0,0.03,0.06403743731293361,0.03403743731293361,0.013614974925173445,0.0011585471388318854,0.00018536754221310165
joint_reference,natural,LAB005,G,163.0,0.0,0.009624270726564056,0.009624270726564056,0.0038497082906256224,9.262658701819782e-05,1.4820253922911652e-05
joint_reference,natural,LAB005,F,19.0,71.95,81.00967100444264,9.059671004442635,3.6238684017770537,82.07763870873862,13.132422193398178
joint_reference,natural,LAB005,F,26.0,71.73,77.58773000705871,5.857730007058706,2.3430920028234823,34.313000835595986,5.490080133695358
joint_reference,natural,LAB005,F,43.0,61.56,67.2494891009616,5.689489100961595,2.2757956403846378,32.370286229960776,5.179245796793723
joint_reference,natural,LAB005,F,50.0,60.540000000000006,62.993922142204525,2.4539221422045188,0.9815688568818075,6.021733880001614,0.9634774208002583
joint_reference,natural,LAB005,F,67.0,47.91,53.10449712375212,5.194497123752122,2.077798849500849,26.982800368669064,4.317248058987051
joint_reference,natural,LAB005,F,74.0,43.31,48.574156683351596,5.264156683351594,2.1056626733406376,27.711345586875254,4.43381529390004
joint_reference,natural,LAB005,F,91.0,29.3,37.06393860769209,7.763938607692086,3.1055754430768348,60.278742704011734,9.64459883264188
joint_reference,natural,LAB005,F,98.0,24.38,32.451330298705045,8.071330298705046,3.2285321194820185,65.14637279079409,10.423419646527055
joint_reference,natural,LAB005,F,115.0,7.529999999999999,20.09298178503759,12.562981785037591,5.025192714015036,157.8285113311863,25.252561812989804
joint_reference,natural,LAB005,F,122.0,4.73,15.386168014703241,10.65616801470324,4.262467205881296,113.5539167575844,18.168626681213503
joint_reference,natural,LAB005,F,146.0,0.09,2.687971592618379,2.597971592618379,1.0391886370473515,6.749456396052077,1.079913023368332
joint_reference,natural,LAB005,F,163.0,0.01,0.10963393170281209,0.0996339317028121,0.03985357268112484,0.009926920346560624,0.0015883072554497002
joint_reference,natural,LAB005,E,50.0,31.253904,38.589856406986115,7.335952406986117,3.6679762034930583,53.816197717565394,13.454049429391349
joint_reference,natural,LAB005,E,91.0,61.95534000000001,62.726579003868984,0.7712390038689776,0.3856195019344888,0.5948096010888129,0.14870240027220322
joint_reference,natural,LAB005,E,146.0,83.97513599999999,80.65872328142314,-3.3164127185768564,-1.5797117463801935,10.998593319938335,2.495489201651561
joint_reference,natural,LAB005,E,163.0,80.66032799999999,81.63955318362812,0.9792251836281309,0.4856043648263523,0.9588819602515467,0.23581159913840505
joint_reference,natural,LAB005,Gly,19.0,8.19,1.8316974055648871,-6.358302594435113,-15.52699046260101,40.428011882400284,241.0874328257027
joint_reference,natural,LAB005,Gly,26.0,1.28,2.1755349889484856,0.8955349889484856,2.558671396995673,0.8019829164309642,6.5467993178037895
joint_reference,natural,LAB005,Gly,43.0,2.87,3.1519648344439215,0.2819648344439214,0.8056138126969183,0.079504167862988,0.6490136152080654
joint_reference,natural,LAB005,Gly,50.0,3.58,3.5350127123429695,-0.04498728765703053,-0.1285351075915158,0.0020238560507364113,0.01652127388356254
joint_reference,natural,LAB005,Gly,67.0,4.5,4.339296035152938,-0.16070396484706162,-0.45915418527731894,0.025825764317565617,0.21082256585767853
joint_reference,natural,LAB005,Gly,74.0,4.96,4.6444336399524655,-0.31556636004753447,-0.9016181715643843,0.09958212759365016,0.8129153272951035
joint_reference,natural,LAB005,Gly,91.0,5.61,5.3259125423354075,-0.28408745766459287,-0.8116784504702654,0.08070568360233185,0.6588219069578112
joint_reference,natural,LAB005,Gly,98.0,5.87,5.532472709199599,-0.3375272908004012,-0.9643636880011465,0.11392467203505861,0.9299973227351725
joint_reference,natural,LAB005,Gly,115.0,6.63,5.836398318170781,-0.7936016818292186,-2.2674333766549104,0.6298036294021644,5.141254117568689
joint_reference,natural,LAB005,Gly,122.0,6.3,5.887246234634253,-0.41275376536574715,-1.1792964724735633,0.17036567082360224,1.3907401699885897
joint_reference,natural,LAB005,Gly,146.0,6.22,5.942367037583291,-0.27763296241670865,-0.7932370354763105,0.07708006182027756,0.6292249944512456
joint_reference,natural,LAB005,Gly,163.0,6.17,5.94794740601238,-0.22205259398761967,-0.6344359828217705,0.04930735449663067,0.40250901629902586
natural,natural,LAB006,X,19.0,0.5841,0.18190678352658451,-0.40219321647341544,-6.703220274556924,0.1617593833772316,44.933162049231
natural,natural,LAB006,X,26.0,0.5817,0.22706282495394026,-0.35463717504605974,-5.910619584100996,0.12576752592464963,34.93542386795823
natural,natural,LAB006,X,43.0,0.447,0.38904779604539236,-0.05795220395460765,-0.9658700659101276,0.0033584579431964424,0.9329049842212342
natural,natural,LAB006,X,50.0,1.2372,0.4845161711686118,-0.7526838288313883,-7.604710524080466,0.5665329461842786,57.831622155060195
natural,natural,LAB006,X,67.0,1.9515,0.8105188656463239,-1.1409811343536762,-7.308359815229799,1.3018379489510017,53.412123188865735
natural,natural,LAB006,X,74.0,1.3779,0.944529260038965,-0.4333707399610349,-3.9314422305776446,0.18781019825437495,15.456238012369326
natural,natural,LAB006,X,98.0,2.3319,0.9546837313010412,-1.3772162686989589,-7.382479248139707,1.896724650769083,54.500999849213414
natural,natural,LAB006,X,115.0,1.2327,1.2534537647531014,0.020753764753101533,0.21045027939788202,0.00043071875142707954,0.044289320098646605
natural,natural,LAB006,X,122.0,1.8156,1.2534559861432462,-0.5621440138567539,-3.8702358301439874,0.3160058923149824,14.97872538093032
natural,natural,LAB006,X,139.0,1.8642,1.2534559861432462,-0.6107440138567539,-4.095215198588898,0.3730082504618588,16.770787522753505
natural,natural,LAB006,X,170.0,1.4748,1.2534559861432462,-0.22134401385675395,-1.876051107410784,0.048993172470218886,3.519567757617229
natural,natural,LAB006,X,194.0,1.7004,1.2534559861432462,-0.44694401385675375,-3.2855799654254425,0.1997589515223861,10.795035709205052
natural,natural,LAB006,X,211.0,2.5047,1.2486677449097023,-1.2560322550902978,-6.268376727204344,1.5776170258272189,39.29254679415704
natural,natural,LAB006,Xd,19.0,0.0080999999999999,0.0275999999999999,0.019499999999999997,0.32499999999999996,0.00038024999999999984,0.10562499999999997
natural,natural,LAB006,Xd,26.0,0.0036,0.0275999999999999,0.0239999999999999,0.39999999999999836,0.0005759999999999952,0.1599999999999987
natural,natural,LAB006,Xd,43.0,0.5390999999999999,0.0275999999999999,-0.5115000000000001,-7.906696345761457,0.26163225000000007,62.51584710407758
natural,natural,LAB006,Xd,50.0,0.0092999999999998,0.0275999999999999,0.0183000000000001,0.3050000000000017,0.0003348900000000037,0.09302500000000105
natural,natural,LAB006,Xd,67.0,0.0023999999999999,0.0275999999999999,0.0252,0.42000000000000004,0.00063504,0.17640000000000003
natural,natural,LAB006,Xd,74.0,0.0044999999999999,0.0275999999999999,0.0231,0.385,0.0005336099999999999,0.148225
natural,natural,LAB006,Xd,98.0,0.0551999999999996,0.0275999999999999,-0.027599999999999698,-0.45999999999999497,0.0007617599999999833,0.21159999999999538
natural,natural,LAB006,Xd,115.0,0.0575999999999998,0.0275999999999999,-0.0299999999999999,-0.49999999999999833,0.0008999999999999939,0.24999999999999833
natural,natural,LAB006,Xd,122.0,0.0944999999999999,0.0275999999999999,-0.0669,-1.115,0.0044756100000000005,1.243225
natural,natural,LAB006,Xd,139.0,0.0689999999999999,0.0275999999999999,-0.04139999999999999,-0.69,0.0017139599999999994,0.4760999999999999
natural,natural,LAB006,Xd,170.0,0.0183000000000001,0.0275999999999999,0.009299999999999798,0.15499999999999664,8.648999999999624e-05,0.024024999999998957
natural,natural,LAB006,Xd,194.0,0.0117,0.0275999999999999,0.0158999999999999,0.26499999999999835,0.0002528099999999968,0.07022499999999912
natural,natural,LAB006,Xd,211.0,0.0069000000000001,0.0323882412335439,0.025488241233543797,0.4248040205590633,0.0006496504411793222,0.18045845588314507
natural,natural,LAB006,N,19.0,0.199,0.20692067383923554,0.007920673839235531,0.4975297637710761,6.273707406755013e-05,0.2475358658381028
natural,natural,LAB006,N,26.0,0.1808999999999999,0.1948295800935298,0.013929580093529903,0.9625193541687335,0.00019403320158206455,0.9264435071493957
natural,natural,LAB006,N,43.0,0.1321,0.1514560821306271,0.019356082130627117,1.6130068442189265,0.0003746579154475824,2.6017910794971
natural,natural,LAB006,N,50.0,0.1016,0.12589323302167607,0.024293233021676075,2.0244360851396728,0.0005901611706454529,4.098341462815644
natural,natural,LAB006,N,67.0,0.0404,0.03860194229540906,-0.0017980577045909399,-0.14983814204924498,3.2330115090388398e-06,0.022451468812769715
natural,natural,LAB006,N,74.0,0.021,0.0027189864320810663,-0.018281013567918936,-1.523417797326578,0.00033419545707043626,2.3208017852113625
natural,natural,LAB006,N,98.0,0.0,0.0,0.0,0.0,0.0,0.0
natural,natural,LAB006,N,115.0,0.058,5.941909604087489e-07,-0.057999405809039596,-4.833283817419966,0.0033639310742016562,23.360632459733722
natural,natural,LAB006,N,122.0,0.027,0.0,-0.027,-2.25,0.0007289999999999999,5.0625
natural,natural,LAB006,N,139.0,0.039,0.0,-0.039,-3.25,0.001521,10.5625
natural,natural,LAB006,N,146.0,0.041,0.0,-0.041,-3.4166666666666665,0.0016810000000000002,11.67361111111111
natural,natural,LAB006,N,170.0,0.04474,0.0,-0.04474,-3.7283333333333335,0.0020016676,13.900469444444445
natural,natural,LAB006,N,194.0,0.04164,0.0,-0.04164,-3.47,0.0017338896000000004,12.0409
natural,natural,LAB006,N,211.0,0.032,0.0,-0.032,-2.6666666666666665,0.001024,7.111111111111111
natural,natural,LAB006,G,19.0,71.62,79.02798035607186,7.40798035607186,2.963192142428744,54.87817295594657,8.780507672951451
natural,natural,LAB006,G,26.0,70.18,77.64599553060673,7.465995530606719,2.9863982122426878,55.741089263039505,8.918574282086322
natural,natural,LAB006,G,43.0,60.47,72.90556951153908,12.435569511539086,4.9742278046156345,154.64338907632046,24.742942252211275
natural,natural,LAB006,G,50.0,61.47,70.23819471999471,8.76819471999471,3.5072778879978843,76.88123864774312,12.3009981836389
natural,natural,LAB006,G,67.0,44.39,61.52099679982565,17.130996799825652,6.852398719930261,293.47105135563675,46.95536821690188
natural,natural,LAB006,G,74.0,38.91,57.03055169901647,18.120551699016474,7.24822067960659,328.3543938767288,52.53670302027661
natural,natural,LAB006,G,98.0,20.89,42.988124135425544,22.098124135425543,8.839249654170217,488.3270903046769,78.13233444874831
natural,natural,LAB006,G,115.0,11.13,32.66833339024803,21.538333390248027,8.61533335609921,463.8998052294731,74.22396883671568
natural,natural,LAB006,G,122.0,9.46,28.622148804839153,19.162148804839152,7.664859521935661,367.18794681879854,58.750071491007766
natural,natural,LAB006,G,139.0,2.45,19.080409442213927,16.630409442213928,6.652163776885571,276.5705182156782,44.2512829145085
natural,natural,LAB006,G,146.0,1.33,15.61705372707357,14.28705372707357,5.7148214908294275,204.11990420028678,32.65918467204588
natural,natural,LAB006,G,170.0,0.19,6.15742344572267,5.96742344572267,2.3869693782890677,35.61014258056062,5.697622812889699
natural,natural,LAB006,G,194.0,0.0,1.1345719229222462,1.1345719229222462,0.45382876916889847,1.2872534482834834,0.20596055172535732
natural,natural,LAB006,G,211.0,0.0,0.19403337648417635,0.19403337648417635,0.07761335059367054,0.037648951189850115,0.0060238321903760194
natural,natural,LAB006,F,19.0,72.32,74.77201535081981,2.4520153508198206,0.9808061403279282,6.012379280656048,0.9619806849049677
natural,natural,LAB006,F,26.0,66.37,74.21165181747394,7.841651817473931,3.1366607269895725,61.491503226492206,9.838640516238753
natural,natural,LAB006,F,43.0,69.49000000000001,72.22138722168067,2.731387221680663,1.0925548886722651,7.460476154760411,1.1936761847616657
natural,natural,LAB006,F,50.0,66.07000000000001,71.05615233226735,4.986152332267338,1.9944609329069352,24.861715080575014,3.9778744128920023
natural,natural,LAB006,F,67.0,61.11,66.99148337753763,5.881483377537634,2.3525933510150536,34.591846720251496,5.534695475240239
natural,natural,LAB006,F,74.0,56.09,64.74604840597961,8.656048405979604,3.4624193623918416,74.92717400666204,11.988347841065927
natural,natural,LAB006,F,98.0,43.04,56.90284960057774,13.86284960057774,5.545139840231096,192.1785990482384,30.748575847718147
natural,natural,LAB006,F,115.0,32.08,49.778853733516144,17.698853733516145,7.079541493406458,313.2494234803984,50.11990775686374
natural,natural,LAB006,F,122.0,29.25,46.5855141842148,17.3355141842148,6.934205673685921,300.5200520311126,48.08320832497802
natural,natural,LAB006,F,139.0,18.82,37.222880872438836,18.402880872438836,7.361152348975534,338.66602440517516,54.18656390482803
natural,natural,LAB006,F,146.0,12.38,33.16913181790224,20.789131817902238,8.315652727160895,432.1880017421152,69.15008027873843
natural,natural,LAB006,F,170.0,4.5,19.171849474780284,14.671849474780284,5.868739789912114,215.26316701061052,34.442106721697684
natural,natural,LAB006,F,194.0,0.88,7.178403753783003,6.2984037537830035,2.5193615015132016,39.66988984566783,6.347182375306853
natural,natural,LAB006,F,211.0,0.17,2.502463620486565,2.332463620486565,0.932985448194626,5.440386540893295,0.8704618465429272
natural,natural,LAB006,E,50.0,21.072708,15.552408077133673,-5.520299922866325,-2.7601499614331626,30.473711238397957,7.618427809599489
natural,natural,LAB006,E,115.0,61.718568,38.42883110455632,-23.289736895443674,-11.644868447721837,542.4118446589904,135.6029611647476
natural,natural,LAB006,E,146.0,77.108748,53.7484867974657,-23.360261202534303,-11.680130601267152,545.7018034506294,136.42545086265736
natural,natural,LAB006,E,211.0,82.712352,77.88353924127625,-4.828812758723743,-2.3352317480821934,23.317432658813203,5.453307317251016
natural,natural,LAB006,Gly,19.0,0.9,1.338441841959403,0.43844184195940306,1.252690977026866,0.19223124878075418,1.569234683924524
natural,natural,LAB006,Gly,26.0,0.99,1.427809638572767,0.437809638572767,1.2508846816364771,0.19167727962721687,1.5647124867527908
natural,natural,LAB006,Gly,43.0,2.34,1.7337663447072147,-0.6062336552927852,-1.7320961579793863,0.3675192448096515,3.0001571004869514
natural,natural,LAB006,Gly,50.0,2.83,1.905561083899529,-0.9244389161004711,-2.6412540460013463,0.8545873096010139,6.976222935518482
natural,natural,LAB006,Gly,67.0,3.45,2.465717886078209,-0.984282113921791,-2.8122346112051173,0.9688112797863495,7.908663508459997
natural,natural,LAB006,Gly,74.0,3.67,2.7564342968919835,-0.9135657031080164,-2.6101877231657613,0.8346022938952444,6.813079950165261
natural,natural,LAB006,Gly,98.0,4.89,3.693033217944041,-1.1969667820559589,-3.419905091588454,1.4327294773453974,11.695750835472634
natural,natural,LAB006,Gly,115.0,5.56,4.36054048441013,-1.1994595155898695,-3.427027187399627,1.4387031295390844,11.7445153431762
natural,natural,LAB006,Gly,122.0,5.75,4.630200495704698,-1.119799504295302,-3.199427155129434,1.253950929820004,10.236334120979624
natural,natural,LAB006,Gly,139.0,6.24,5.26576654832389,-0.9742334516761106,-2.7835241476460304,0.9491308183647486,7.74800668052856
natural,natural,LAB006,Gly,146.0,6.01,5.496329602709886,-0.513670397290114,-1.467629706543183,0.26385727705218354,2.1539369555280294
natural,natural,LAB006,Gly,170.0,5.78,6.125611974571728,0.3456119745717281,0.9874627844906517,0.11944763696736883,0.9750827507540313
natural,natural,LAB006,Gly,194.0,5.62,6.4587166546910435,0.8387166546910434,2.396333299117267,0.7034456268561349,5.742413280458244
natural,natural,LAB006,Gly,211.0,6.34,6.520279702778516,0.1802797027785159,0.515084865081474,0.032500771233910035,0.26531241823600027
synthetic,natural,LAB006,X,19.0,0.5841,0.27114201028654983,-0.3129579897134501,-5.215966495224169,0.09794270332548395,27.2063064793011
synthetic,natural,LAB006,X,26.0,0.5817,0.3897567645724624,-0.1919432354275376,-3.1990539237922935,0.03684220562639113,10.23394600733087
synthetic,natural,LAB006,X,43.0,0.447,0.8592660383212265,0.4122660383212265,6.871100638687109,0.169963286353079,47.21202398696639
synthetic,natural,LAB006,X,50.0,1.2372,0.8944265771124636,-0.3427734228875364,-3.4631973699435865,0.11749361943803788,11.993736023184175
synthetic,natural,LAB006,X,67.0,1.9515,0.8944456284101017,-1.0570543715898983,-6.7707812681904835,1.117363944497315,45.843478981679134
synthetic,natural,LAB006,X,74.0,1.3779,0.8944456284186973,-0.48345437158130256,-4.385789712436521,0.23372812940107215,19.235151401714024
synthetic,natural,LAB006,X,98.0,2.3319,0.8944456284186973,-1.4374543715813028,-7.705381725102399,2.0662750703781985,59.37290752954202
synthetic,natural,LAB006,X,115.0,1.2327,1.1721850124896371,-0.06051498751036277,-0.6136426899322907,0.0036620637133793622,0.3765573509073374
synthetic,natural,LAB006,X,122.0,1.8156,1.1721850245233922,-0.6434149754766079,-4.4297682272844225,0.4139828306675639,19.622846547458575
synthetic,natural,LAB006,X,139.0,1.8642,1.1721850245233922,-0.6920149754766078,-4.640160494291169,0.47888472628389017,21.531089412780464
synthetic,natural,LAB006,X,170.0,1.4748,1.1721850245233922,-0.3026149754766079,-2.564881471018171,0.09157582338270799,6.578616960372337
synthetic,natural,LAB006,X,194.0,1.7004,1.162102794305837,-0.5382972056941628,-3.9571365979634416,0.2897638816581439,15.658930054941681
synthetic,natural,LAB006,X,211.0,2.5047,1.1397759137071255,-1.3649240862928746,-6.811814220729401,1.8630177613424388,46.4008129777313
synthetic,natural,LAB006,Xd,19.0,0.0080999999999999,0.0275999999999999,0.019499999999999997,0.32499999999999996,0.00038024999999999984,0.10562499999999997
synthetic,natural,LAB006,Xd,26.0,0.0036,0.0275999999999999,0.0239999999999999,0.39999999999999836,0.0005759999999999952,0.1599999999999987
synthetic,natural,LAB006,Xd,43.0,0.5390999999999999,0.0275999999999999,-0.5115000000000001,-7.906696345761457,0.26163225000000007,62.51584710407758
synthetic,natural,LAB006,Xd,50.0,0.0092999999999998,0.0275999999999999,0.0183000000000001,0.3050000000000017,0.0003348900000000037,0.09302500000000105
synthetic,natural,LAB006,Xd,67.0,0.0023999999999999,0.0275999999999999,0.0252,0.42000000000000004,0.00063504,0.17640000000000003
synthetic,natural,LAB006,Xd,74.0,0.0044999999999999,0.0275999999999999,0.0231,0.385,0.0005336099999999999,0.148225
synthetic,natural,LAB006,Xd,98.0,0.0551999999999996,0.0275999999999999,-0.027599999999999698,-0.45999999999999497,0.0007617599999999833,0.21159999999999538
synthetic,natural,LAB006,Xd,115.0,0.0575999999999998,0.0275999999999999,-0.0299999999999999,-0.49999999999999833,0.0008999999999999939,0.24999999999999833
synthetic,natural,LAB006,Xd,122.0,0.0944999999999999,0.0275999999999999,-0.0669,-1.115,0.0044756100000000005,1.243225
synthetic,natural,LAB006,Xd,139.0,0.0689999999999999,0.0275999999999999,-0.04139999999999999,-0.69,0.0017139599999999994,0.4760999999999999
synthetic,natural,LAB006,Xd,170.0,0.0183000000000001,0.0275999999999999,0.009299999999999798,0.15499999999999664,8.648999999999624e-05,0.024024999999998957
synthetic,natural,LAB006,Xd,194.0,0.0117,0.03768223021755479,0.02598223021755479,0.4330371702925798,0.0006750762870780172,0.18752119085500477
synthetic,natural,LAB006,Xd,211.0,0.0069000000000001,0.06000911081626765,0.05310911081626755,0.8851518469377925,0.0028205776516945866,0.7834937921373852
synthetic,natural,LAB006,N,19.0,0.199,0.17953624972499813,-0.019463750275001884,-1.222597379083033,0.0003788375747676359,1.4947443513407013
synthetic,natural,LAB006,N,26.0,0.1808999999999999,0.1453704795817705,-0.035529520418229404,-2.4550525441009827,0.0012623468211493802,6.027282994296708
synthetic,natural,LAB006,N,43.0,0.1321,0.010133122108112872,-0.12196687789188712,-10.163906490990593,0.014875919302694503,103.30499515760071
synthetic,natural,LAB006,N,50.0,0.1016,5.487534442486372e-06,-0.10159451246555751,-8.466209372129793,0.01032144496311432,71.67670113273834
synthetic,natural,LAB006,N,67.0,0.0404,2.4745725610860033e-12,-0.04039999999752543,-3.3666666664604525,0.0016321599998000546,11.334444443055936
synthetic,natural,LAB006,N,74.0,0.021,0.0,-0.021,-1.75,0.00044100000000000004,3.0625
synthetic,natural,LAB006,N,98.0,0.0,0.0,0.0,0.0,0.0,0.0
synthetic,natural,LAB006,N,115.0,0.058,3.262524206070589e-09,-0.057999996737475794,-4.833333061456316,0.003363999621547203,23.361108482966685
synthetic,natural,LAB006,N,122.0,0.027,0.0,-0.027,-2.25,0.0007289999999999999,5.0625
synthetic,natural,LAB006,N,139.0,0.039,0.0,-0.039,-3.25,0.001521,10.5625
synthetic,natural,LAB006,N,146.0,0.041,0.0,-0.041,-3.4166666666666665,0.0016810000000000002,11.67361111111111
synthetic,natural,LAB006,N,170.0,0.04474,0.0,-0.04474,-3.7283333333333335,0.0020016676,13.900469444444445
synthetic,natural,LAB006,N,194.0,0.04164,0.0,-0.04164,-3.47,0.0017338896000000004,12.0409
synthetic,natural,LAB006,N,211.0,0.032,0.0,-0.032,-2.6666666666666665,0.001024,7.111111111111111
synthetic,natural,LAB006,G,19.0,71.62,77.77945853163764,6.15945853163764,2.4637834126550557,37.93892940296371,6.070228704474193
synthetic,natural,LAB006,G,26.0,70.18,75.29910290461301,5.119102904613001,2.0476411618452004,26.205214548017267,4.192834327682762
synthetic,natural,LAB006,G,43.0,60.47,65.63285903522534,5.162859035225338,2.065143614090135,26.65511341760791,4.264818146817265
synthetic,natural,LAB006,G,50.0,61.47,60.843456238504466,-0.6265437614955331,-0.25061750459821325,0.3925570850689715,0.06280913361103543
synthetic,natural,LAB006,G,67.0,44.39,50.88367394022255,6.49367394022255,2.59746957608902,42.16780124192545,6.746848198708072
synthetic,natural,LAB006,G,74.0,38.91,47.312422535700634,8.402422535700637,3.360969014280255,70.60070446844993,11.29611271495199
synthetic,natural,LAB006,G,98.0,20.89,36.70896599040979,15.818965990409787,6.327586396163914,250.23968500574148,40.03834960091863
synthetic,natural,LAB006,G,115.0,11.13,28.878219054722937,17.748219054722938,7.099287621889175,314.99927961443035,50.39988473830886
synthetic,natural,LAB006,G,122.0,9.46,25.899011706103,16.439011706103,6.5756046824412,270.24110587339146,43.23857693974263
synthetic,natural,LAB006,G,139.0,2.45,19.019382155044934,16.569382155044934,6.6277528620179735,274.5444249999215,43.92710799998744
synthetic,natural,LAB006,G,146.0,1.33,16.55443916105973,15.22443916105973,6.089775664423891,231.7835477688091,37.08536764300945
synthetic,natural,LAB006,G,170.0,0.19,9.741489494360104,9.551489494360105,3.820595797744042,91.23095156087146,14.596952249739433
synthetic,natural,LAB006,G,194.0,0.0,5.1458495982386365,5.1458495982386365,2.0583398392954546,26.479768087692737,4.2367628940308375
synthetic,natural,LAB006,G,211.0,0.0,3.064308214522337,3.064308214522337,1.2257232858089346,9.389984833589072,1.5023975733742512
synthetic,natural,LAB006,F,19.0,72.32,74.02445681646175,1.7044568164617573,0.681782726584703,2.9051730391829484,0.46482768626927184
synthetic,natural,LAB006,F,26.0,66.37,72.84092573916352,6.470925739163519,2.5883702956654075,41.872879921768934,6.69966078748303
synthetic,natural,LAB006,F,43.0,69.49000000000001,67.9124693720763,-1.5775306279237071,-0.6310122511694829,2.4886028820373656,0.39817646112597854
synthetic,natural,LAB006,F,50.0,66.07000000000001,65.30726567973441,-0.7627343202655936,-0.30509372810623747,0.5817636433110172,0.09308218292976275
synthetic,natural,LAB006,F,67.0,61.11,59.351629444362,-1.7583705556380025,-0.703348222255201,3.0918670109346977,0.4946987217495516
synthetic,natural,LAB006,F,74.0,56.09,57.007408503201624,0.9174085032016208,0.3669634012806483,0.8416383617466383,0.1346621378794621
synthetic,natural,LAB006,F,98.0,43.04,49.19720014816572,6.157200148165721,2.4628800592662885,37.91111366457198,6.065778186331516
synthetic,natural,LAB006,F,115.0,32.08,42.34709353585239,10.26709353585239,4.106837414340956,105.41320967394192,16.866113547830707
synthetic,natural,LAB006,F,122.0,29.25,39.41569169361118,10.16569169361118,4.066276677444472,103.34128760955534,16.53460601752886
synthetic,natural,LAB006,F,139.0,18.82,31.220959273213328,12.400959273213328,4.960383709285331,153.78379089589563,24.6054065433433
synthetic,natural,LAB006,F,146.0,12.38,27.850705934880107,15.470705934880106,6.188282373952043,239.34274212353455,38.29483873976553
synthetic,natural,LAB006,F,170.0,4.5,16.959988065042076,12.459988065042076,4.98399522601683,155.25130258099097,24.840208412958557
synthetic,natural,LAB006,F,194.0,0.88,7.8067549438380395,6.92675494383804,2.7707019775352157,47.97993405198472,7.676789448317555
synthetic,natural,LAB006,F,211.0,0.17,3.4651613459502526,3.2951613459502527,1.318064538380101,10.85808829584468,1.737294127335149
synthetic,natural,LAB006,E,50.0,21.072708,24.61068965107883,3.5379816510788302,1.7689908255394151,12.517314163370486,3.1293285408426215
synthetic,natural,LAB006,E,115.0,61.718568,50.603017309009765,-11.115550690990233,-5.557775345495116,123.55546716397345,30.88886679099336
synthetic,natural,LAB006,E,146.0,77.108748,63.056616072417185,-14.05213192758282,-7.02606596379141,197.46241171019247,49.36560292754812
synthetic,natural,LAB006,E,211.0,82.712352,80.17271889003884,-2.5396331099611587,-1.2281759851109826,6.4497363332109865,1.5084162504033325
synthetic,natural,LAB006,Gly,19.0,0.9,1.3993931746723294,0.49939317467232935,1.4268376419209412,0.24939354290930765,2.035865656402512
synthetic,natural,LAB006,Gly,26.0,0.99,1.547038471623827,0.557038471623827,1.5915384903537917,0.3102918588690091,2.532994766277626
synthetic,natural,LAB006,Gly,43.0,2.34,2.1240449081567347,-0.2159550918432651,-0.6170145481236147,0.04663660169303307,0.3807069525961884
synthetic,natural,LAB006,Gly,50.0,2.83,2.418627935858796,-0.411372064141204,-1.1753487546891543,0.16922697515579482,1.381444695149346
synthetic,natural,LAB006,Gly,67.0,3.45,3.037551165497137,-0.4124488345028632,-1.178425241436752,0.17011404108277023,1.388686049655267
synthetic,natural,LAB006,Gly,74.0,3.67,3.26085961059062,-0.40914038940938013,-1.1689725411696577,0.1673958582460592,1.366496802008647
synthetic,natural,LAB006,Gly,98.0,4.89,3.929734509158537,-0.9602654908414627,-2.743615688118465,0.9221098129009954,7.527427044089758
synthetic,natural,LAB006,Gly,115.0,5.56,4.420502762073754,-1.1394972379262454,-3.255706394074987,1.2984539552415422,10.599624124420753
synthetic,natural,LAB006,Gly,122.0,5.75,4.613675166679396,-1.1363248333206037,-3.2466423809160108,1.2912341268210978,10.540686749559983
synthetic,natural,LAB006,Gly,139.0,6.24,5.070289492744375,-1.1697105072556253,-3.342030020730358,1.3682226707842122,11.169164659462957
synthetic,natural,LAB006,Gly,146.0,6.01,5.236980797170051,-0.773019202829949,-2.2086262937998544,0.5975586879438498,4.878030105664081
synthetic,natural,LAB006,Gly,170.0,5.78,5.708479204332084,-0.07152079566791603,-0.20434513047976008,0.005115224212971795,0.04175693235079017
synthetic,natural,LAB006,Gly,194.0,5.62,6.037367497392067,0.4173674973920667,1.1924785639773334,0.1741956278793168,1.4220051255454433
synthetic,natural,LAB006,Gly,211.0,6.34,6.184778252967381,-0.15522174703261893,-0.4434907058074827,0.024093790751858343,0.19668400613761916
joint_reference,natural,LAB006,X,19.0,0.5841,0.15817724110340575,-0.4259227588965942,-7.09871264827657,0.1814101965460863,50.39172126280175
joint_reference,natural,LAB006,X,26.0,0.5817,0.18768333034331905,-0.3940166696566809,-6.566944494278015,0.15524913596734202,43.12475999092834
joint_reference,natural,LAB006,X,43.0,0.447,0.28472572908472227,-0.16227427091527774,-2.704571181921296,0.026332939001084955,7.314705278079155
joint_reference,natural,LAB006,X,50.0,1.2372,0.3378432937577479,-0.8993567062422522,-9.086613989676811,0.8088424850629127,82.56655379739034
joint_reference,natural,LAB006,X,67.0,1.9515,0.5112184799147537,-1.4402815200852463,-9.225477325680542,2.074410857099068,85.10943188664581
joint_reference,natural,LAB006,X,74.0,1.3779,0.60499387426772,-0.7729061257322799,-7.011631157307133,0.5973838791944829,49.16297148612016
joint_reference,natural,LAB006,X,98.0,2.3319,1.0235587170899911,-1.308341282910009,-7.01327931574043,1.7117569125666081,49.18608676059255
joint_reference,natural,LAB006,X,115.0,1.2327,1.3718531262767906,0.13915312627679066,1.411060337843663,0.019363592552604447,1.9910912770354725
joint_reference,natural,LAB006,X,122.0,1.8156,1.3721443466341996,-0.4434556533658005,-3.053093008962605,0.19665291650208902,9.321376921376332
joint_reference,natural,LAB006,X,139.0,1.8642,1.3721443496981043,-0.4920556503018958,-3.2993754043416463,0.24211876299402157,10.885878058774603
joint_reference,natural,LAB006,X,170.0,1.4748,1.3721443496981043,-0.10265565030189583,-0.8700811152520327,0.010538182538905125,0.757041147118221
joint_reference,natural,LAB006,X,194.0,1.7004,1.3721443496981043,-0.32825565030189563,-2.4130767047598773,0.1077517719551204,5.822939183054788
joint_reference,natural,LAB006,X,211.0,2.5047,1.357260823249103,-1.1474391767508971,-5.726430194987907,1.3166166643427766,32.79200277806924
joint_reference,natural,LAB006,Xd,19.0,0.0080999999999999,0.0275999999999999,0.019499999999999997,0.32499999999999996,0.00038024999999999984,0.10562499999999997
joint_reference,natural,LAB006,Xd,26.0,0.0036,0.0275999999999999,0.0239999999999999,0.39999999999999836,0.0005759999999999952,0.1599999999999987
joint_reference,natural,LAB006,Xd,43.0,0.5390999999999999,0.0275999999999999,-0.5115000000000001,-7.906696345761457,0.26163225000000007,62.51584710407758
joint_reference,natural,LAB006,Xd,50.0,0.0092999999999998,0.0275999999999999,0.0183000000000001,0.3050000000000017,0.0003348900000000037,0.09302500000000105
joint_reference,natural,LAB006,Xd,67.0,0.0023999999999999,0.0275999999999999,0.0252,0.42000000000000004,0.00063504,0.17640000000000003
joint_reference,natural,LAB006,Xd,74.0,0.0044999999999999,0.0275999999999999,0.0231,0.385,0.0005336099999999999,0.148225
joint_reference,natural,LAB006,Xd,98.0,0.0551999999999996,0.0275999999999999,-0.027599999999999698,-0.45999999999999497,0.0007617599999999833,0.21159999999999538
joint_reference,natural,LAB006,Xd,115.0,0.0575999999999998,0.0275999999999999,-0.0299999999999999,-0.49999999999999833,0.0008999999999999939,0.24999999999999833
joint_reference,natural,LAB006,Xd,122.0,0.0944999999999999,0.0275999999999999,-0.0669,-1.115,0.0044756100000000005,1.243225
joint_reference,natural,LAB006,Xd,139.0,0.0689999999999999,0.0275999999999999,-0.04139999999999999,-0.69,0.0017139599999999994,0.4760999999999999
joint_reference,natural,LAB006,Xd,170.0,0.0183000000000001,0.0275999999999999,0.009299999999999798,0.15499999999999664,8.648999999999624e-05,0.024024999999998957
joint_reference,natural,LAB006,Xd,194.0,0.0117,0.0275999999999999,0.0158999999999999,0.26499999999999835,0.0002528099999999968,0.07022499999999912
joint_reference,natural,LAB006,Xd,211.0,0.0069000000000001,0.04248352644900056,0.03558352644900046,0.5930587741500076,0.0012661873545467151,0.35171870959630974
joint_reference,natural,LAB006,N,19.0,0.199,0.21475174020685106,0.01575174020685105,0.9894309175157695,0.000248117319544128,0.9789735405360974
joint_reference,natural,LAB006,N,26.0,0.1808999999999999,0.20758764894855627,0.02668764894855638,1.8440885121998616,0.0007122306064013825,3.400662440827499
joint_reference,natural,LAB006,N,43.0,0.1321,0.18402571246641475,0.05192571246641475,4.327142705534563,0.0026962796151447804,18.724163994060973
joint_reference,natural,LAB006,N,50.0,0.1016,0.17112874473742254,0.06952874473742254,5.7940620614518785,0.004834246344761663,33.57115517195599
joint_reference,natural,LAB006,N,67.0,0.0404,0.12903317438062828,0.08863317438062829,7.386097865052357,0.007855839600786863,54.55444167213099
joint_reference,natural,LAB006,N,74.0,0.021,0.10626446798024046,0.08526446798024045,7.105372331686705,0.00727002949995345,50.48631597189896
joint_reference,natural,LAB006,N,98.0,0.0,0.004636742695785136,0.004636742695785136,0.38639522464876136,2.1499382826916813e-05,0.14930126963136675
joint_reference,natural,LAB006,N,115.0,0.058,7.0709160145968e-05,-0.057929290839854035,-4.827440903321169,0.0033558027372083965,23.304185675058307
joint_reference,natural,LAB006,N,122.0,0.027,7.311235545847649e-10,-0.026999999268876446,-2.249999939073037,0.0007289999605193286,5.06249972582867
joint_reference,natural,LAB006,N,139.0,0.039,0.0,-0.039,-3.25,0.001521,10.5625
joint_reference,natural,LAB006,N,146.0,0.041,0.0,-0.041,-3.4166666666666665,0.0016810000000000002,11.67361111111111
joint_reference,natural,LAB006,N,170.0,0.04474,0.0,-0.04474,-3.7283333333333335,0.0020016676,13.900469444444445
joint_reference,natural,LAB006,N,194.0,0.04164,0.0,-0.04164,-3.47,0.0017338896000000004,12.0409
joint_reference,natural,LAB006,N,211.0,0.032,0.0,-0.032,-2.6666666666666665,0.001024,7.111111111111111
joint_reference,natural,LAB006,G,19.0,71.62,79.24632121849977,7.626321218499768,3.0505284873999075,58.16077532773979,9.305724052438368
joint_reference,natural,LAB006,G,26.0,70.18,78.08509528761837,7.905095287618366,3.162038115047346,62.49053150632609,9.998485041012174
joint_reference,natural,LAB006,G,43.0,60.47,74.41536089917363,13.945360899173636,5.578144359669454,194.47309060820092,31.115694497312145
joint_reference,natural,LAB006,G,50.0,61.47,72.48669062746978,11.016690627469785,4.406676250987914,121.36747238138061,19.4187955810209
joint_reference,natural,LAB006,G,67.0,44.39,66.52711087590366,22.13711087590366,8.854844350361464,490.05167793205203,78.40826846912834
joint_reference,natural,LAB006,G,74.0,38.91,63.472909948762094,24.562909948762098,9.82516397950484,603.336545150996,96.53384722415937
joint_reference,natural,LAB006,G,98.0,20.89,49.967307232377685,29.077307232377684,11.630922892951073,845.4897958860836,135.27836734177336
joint_reference,natural,LAB006,G,115.0,11.13,37.899478161581136,26.769478161581134,10.707791264632453,716.6049610433693,114.65679376693907
joint_reference,natural,LAB006,G,122.0,9.46,33.117322481720116,23.657322481720115,9.462928992688045,559.6689070041,89.54702512065599
joint_reference,natural,LAB006,G,139.0,2.45,22.092940592728414,19.642940592728415,7.857176237091366,385.8451151294577,61.73521842071324
joint_reference,natural,LAB006,G,146.0,1.33,18.12497107895207,16.794971078952067,6.717988431580826,282.07105354283635,45.13136856685381
joint_reference,natural,LAB006,G,170.0,0.19,7.4397440369859,7.249744036985899,2.8998976147943596,52.55878860181261,8.409406176290016
joint_reference,natural,LAB006,G,194.0,0.0,1.807646456967684,1.807646456967684,0.7230585827870736,3.2675857133878212,0.5228137141420514
joint_reference,natural,LAB006,G,211.0,0.0,0.48300643361217915,0.48300643361217915,0.19320257344487166,0.23329521491075642,0.037327234385721025
joint_reference,natural,LAB006,F,19.0,72.32,74.60328446684234,2.283284466842346,0.9133137867369385,5.213387956523537,0.834142073043766
joint_reference,natural,LAB006,F,26.0,66.37,74.01055592597976,7.640555925979754,3.0562223703919016,58.37809485802434,9.340495177283893
joint_reference,natural,LAB006,F,43.0,69.49000000000001,72.10520039413029,2.6152003941302837,1.0460801576521135,6.839273101459192,1.0942836962334705
joint_reference,natural,LAB006,F,50.0,66.07000000000001,71.08582539689743,5.0158253968974265,2.0063301587589706,25.158504412161225,4.025360705945796
joint_reference,natural,LAB006,F,67.0,61.11,67.85092239905255,6.74092239905255,2.69636895962102,45.440034790048394,7.270405566407742
joint_reference,natural,LAB006,F,74.0,56.09,66.14372240023732,10.05372240023732,4.021488960094928,101.07733410103364,16.172373456165385
joint_reference,natural,LAB006,F,98.0,43.04,58.14505385378031,15.105053853780312,6.042021541512125,228.16265192560346,36.506024308096556
joint_reference,natural,LAB006,F,115.0,32.08,50.24686862633446,18.166868626334463,7.266747450533785,330.0351156864954,52.80561850983926
joint_reference,natural,LAB006,F,122.0,29.25,46.89301329371022,17.64301329371022,7.057205317484088,311.2759180820355,49.80414689312568
joint_reference,natural,LAB006,F,139.0,18.82,38.03087359350545,19.210873593505447,7.684349437402179,369.0576642256449,59.04922627610318
joint_reference,natural,LAB006,F,146.0,12.38,34.436915028999906,22.056915028999903,8.822766011599962,486.50750059652177,77.8412000954435
joint_reference,natural,LAB006,F,170.0,4.5,22.646552054444953,18.146552054444953,7.258620821777981,329.29735146468033,52.68757623434885
joint_reference,natural,LAB006,F,194.0,0.88,11.661424437931286,10.781424437931285,4.3125697751725145,116.23911291082193,18.598258065731514
joint_reference,natural,LAB006,F,211.0,0.17,5.029809404309638,4.8598094043096385,1.9439237617238554,23.617747446216402,3.7788395913946244
joint_reference,natural,LAB006,E,50.0,21.072708,16.069387786484135,-5.003320213515863,-2.5016601067579316,25.033213158976423,6.258303289744106
joint_reference,natural,LAB006,E,115.0,61.718568,40.49398330693541,-21.224584693064585,-10.612292346532293,450.4829953930715,112.62074884826788
joint_reference,natural,LAB006,E,146.0,77.108748,56.61708926504743,-20.491658734952573,-10.245829367476286,419.90807770975806,104.97701942743952
joint_reference,natural,LAB006,E,211.0,82.712352,76.8712935842398,-5.841058415760202,-2.824757499707034,34.11796341632308,7.979254932151134
joint_reference,natural,LAB006,Gly,19.0,0.9,1.3161115208971985,0.4161115208971985,1.1888900597062815,0.17314879782337966,1.4134595740684055
joint_reference,natural,LAB006,Gly,26.0,0.99,1.387224078362566,0.397224078362566,1.1349259381787602,0.15778696843099,1.288056885150939
joint_reference,natural,LAB006,Gly,43.0,2.34,1.6115971578182091,-0.7284028421817907,-2.081150977662259,0.5305707004985107,4.331189391824577
joint_reference,natural,LAB006,Gly,50.0,2.83,1.729318011471862,-1.100681988528138,-3.144805681508966,1.2115008398702563,9.889802774451072
joint_reference,natural,LAB006,Gly,67.0,3.45,2.092206201072986,-1.3577937989270144,-3.879410854077184,1.8436040004046534,15.049828574731867
joint_reference,natural,LAB006,Gly,74.0,3.67,2.277718725127391,-1.3922812748726088,-3.977946499636025,1.9384471483608967,15.824058353966505
joint_reference,natural,LAB006,Gly,98.0,4.89,3.097488401659538,-1.7925115983404618,-5.121461709544177,3.213097830185077,26.229370042327165
joint_reference,natural,LAB006,Gly,115.0,5.56,3.8320976198420276,-1.727902380157972,-4.9368639433084915,2.985646635355585,24.372625594739468
joint_reference,natural,LAB006,Gly,122.0,5.75,4.135077508531863,-1.6149224914681373,-4.6140642613375356,2.6079746534496557,21.289589007752298
joint_reference,natural,LAB006,Gly,139.0,6.24,4.834160085139137,-1.405839914860863,-4.016685471031037,1.9763858662159983,16.133762173191826
joint_reference,natural,LAB006,Gly,146.0,6.01,5.086036589884274,-0.9239634101157259,-2.6398954574735027,0.8537083832326812,6.969048026389235
joint_reference,natural,LAB006,Gly,170.0,5.78,5.7660536818801065,-0.013946318119893775,-0.0398466231996965,0.00019449978910127743,0.0015877533804185913
joint_reference,natural,LAB006,Gly,194.0,5.62,6.128553689860445,0.5085536898604452,1.453010542458415,0.25862685547067393,2.1112396364952972
joint_reference,natural,LAB006,Gly,211.0,6.34,6.217183523549589,-0.12281647645041094,-0.35090421842974556,0.015083886887694345,0.12313377051179059
natural,natural,LAB007,X,16.0,0.6312,0.5242023025983215,-0.10699769740167853,-1.783294956694642,0.011448507249261164,3.1801409025725453
natural,natural,LAB007,X,24.0,0.7338,0.6995403234520706,-0.034259676547929385,-0.5709946091321565,0.0011737254371687426,0.3260348436579842
natural,natural,LAB007,X,40.0,1.2477,1.1719402544593331,-0.07575974554066689,-0.7589940043747183,0.005739539044386597,0.5760718986767699
natural,natural,LAB007,X,48.0,1.4124,1.184331392280317,-0.22806860771968318,-2.018449162061767,0.05201528982719473,4.07413701982785
natural,natural,LAB007,X,64.0,1.7004,1.1843314906260254,-0.5160685093739745,-3.7937287503967787,0.266326706367476,14.392377831587105
natural,natural,LAB007,X,72.0,1.7004,1.4643232994306825,-0.2360767005693174,-1.7354497513034979,0.055732208551695146,3.011785839299373
natural,natural,LAB007,X,88.0,1.9446,1.483103743162766,-0.46149625683723405,-2.9665243291501726,0.2129787950747783,8.800266595439881
natural,natural,LAB007,X,96.0,1.6959,1.4831037431682086,-0.21279625683179137,-1.568461118224773,0.045282246921621715,2.4600702793829052
natural,natural,LAB007,X,112.0,1.7949,1.4831037431682086,-0.31179625683179135,-2.1714040951570515,0.0972169057743164,4.714995744464813
natural,natural,LAB007,X,120.0,1.7673,1.4831037431682086,-0.2841962568317915,-2.0101019693302744,0.0807675123972016,4.040509927105448
natural,natural,LAB007,X,144.0,1.7973,1.4709715938286874,-0.32632840617131254,-2.269573848072891,0.10649022867430913,5.15096545185639
natural,natural,LAB007,X,160.0,0.8964,1.4591043426116777,0.5627043426116777,7.846724991796041,0.31663617719404036,61.57109309687658
natural,natural,LAB007,Xd,16.0,0.0080999999999999,0.0008999999999999,-0.007200000000000001,-0.12000000000000001,5.184000000000001e-05,0.014400000000000003
natural,natural,LAB007,Xd,24.0,0.0011999999999999,0.0008999999999999,-0.0002999999999999999,-0.004999999999999999,8.999999999999995e-08,2.499999999999999e-05
natural,natural,LAB007,Xd,40.0,0.0035999999999999,0.0008999999999999,-0.0027,-0.045000000000000005,7.2900000000000005e-06,0.0020250000000000003
natural,natural,LAB007,Xd,48.0,0.0,0.0008999999999999,0.0008999999999999,0.014999999999998334,8.0999999999982e-07,0.00022499999999995
natural,natural,LAB007,Xd,64.0,0.0093,0.0008999999999999,-0.008400000000000098,-0.14000000000000165,7.056000000000166e-05,0.01960000000000046
natural,natural,LAB007,Xd,72.0,0.0093,0.0008999999999999,-0.008400000000000098,-0.14000000000000165,7.056000000000166e-05,0.01960000000000046
natural,natural,LAB007,Xd,88.0,0.0117,0.0008999999999999,-0.010800000000000101,-0.1800000000000017,0.00011664000000000219,0.03240000000000061
natural,natural,LAB007,Xd,96.0,0.0093,0.0008999999999999,-0.008400000000000098,-0.14000000000000165,7.056000000000166e-05,0.01960000000000046
natural,natural,LAB007,Xd,112.0,0.0138,0.0008999999999999,-0.012900000000000099,-0.21500000000000166,0.00016641000000000255,0.04622500000000072
natural,natural,LAB007,Xd,120.0,0.0162000000000001,0.0008999999999999,-0.015300000000000199,-0.25500000000000334,0.00023409000000000607,0.0650250000000017
natural,natural,LAB007,Xd,144.0,0.0276,0.013032149339521805,-0.014567850660478195,-0.24279751100796992,0.000212222272865995,0.05895063135166528
natural,natural,LAB007,Xd,160.0,0.3432,0.024899400556532145,-0.31830059944346784,-5.305009990724464,0.10131527160607096,28.14313100168638
natural,natural,LAB007,N,16.0,0.19044,0.17675783005585766,-0.013682169944142342,-0.8980630345609077,0.00018720177438039204,0.8065172140447462
natural,natural,LAB007,N,24.0,0.1777,0.12980888634165397,-0.04789111365834603,-3.3688177868842173,0.0022935587674366175,11.348933281227476
natural,natural,LAB007,N,40.0,0.06224,0.0033179081529978323,-0.058922091847002166,-4.910174320583514,0.003471812907626559,24.109811858517773
natural,natural,LAB007,N,48.0,0.0391,2.6330905496178115e-08,-0.039099973669094505,-3.258331139091209,0.0015288079409238836,10.616721811971415
natural,natural,LAB007,N,64.0,0.002,0.0,-0.002,-0.16666666666666666,4e-06,0.027777777777777776
natural,natural,LAB007,N,72.0,0.04778,0.005028698234304764,-0.04275130176569524,-3.562608480474603,0.0018276738026615372,12.692179185149561
natural,natural,LAB007,N,88.0,0.019,9.603554402350868e-13,-0.018999999999039643,-1.5833333332533035,0.0003609999999635064,2.5069444441910167
natural,natural,LAB007,N,96.0,0.03,0.0,-0.03,-2.5,0.0009,6.25
natural,natural,LAB007,N,112.0,0.006,0.0,-0.006,-0.5,3.6e-05,0.25
natural,natural,LAB007,N,120.0,0.006,0.0,-0.006,-0.5,3.6e-05,0.25
natural,natural,LAB007,N,144.0,0.027,0.0,-0.027,-2.25,0.0007289999999999999,5.0625
natural,natural,LAB007,N,160.0,0.016,0.0,-0.016,-1.3333333333333333,0.000256,1.7777777777777777
natural,natural,LAB007,G,16.0,70.58,71.28762967113379,0.7076296711337875,0.283051868453515,0.5007397514689123,0.08011836023502596
natural,natural,LAB007,G,24.0,71.45,66.88645894271721,-4.563541057282791,-1.8254164229131162,20.82590698150573,3.3321451170409166
natural,natural,LAB007,G,40.0,56.1,54.732302782812546,-1.3676972171874553,-0.5470788868749821,1.8705956779023092,0.2992953084643694
natural,natural,LAB007,G,48.0,49.74,48.346470988163965,-1.393529011836037,-0.5574116047344149,1.941923106828722,0.31070769709259555
natural,natural,LAB007,G,64.0,29.71,36.97623810355473,7.266238103554727,2.906495241421891,52.79821617755059,8.447714588408097
natural,natural,LAB007,G,72.0,24.29,31.134787698954874,6.844787698954875,2.73791507958195,46.85111864376397,7.496178983002236
natural,natural,LAB007,G,88.0,11.91,20.297931914236823,8.387931914236823,3.3551727656947294,70.35740179787261,11.25718428765962
natural,natural,LAB007,G,96.0,7.07,15.307829234905704,8.237829234905703,3.2951316939622814,67.86183050346709,10.857892880554735
natural,natural,LAB007,G,112.0,0.48,6.901267271461956,6.421267271461955,2.5685069085847823,41.232673371548465,6.597227739447755
natural,natural,LAB007,G,120.0,0.08,3.917874826223646,3.8378748262236457,1.5351499304894582,14.72928318176118,2.3566853090817883
natural,natural,LAB007,G,144.0,0.0,0.2857352313129847,0.2857352313129847,0.11429409252519389,0.08164462241348489,0.013063139586157582
natural,natural,LAB007,G,160.0,0.0,0.03055903774922573,0.03055903774922573,0.012223615099690293,0.0009338547881586032,0.00014941676610537652
natural,natural,LAB007,F,16.0,72.39999999999999,71.70825542363588,-0.6917445763641155,-0.2766978305456462,0.47851055892916955,0.07656168942866712
natural,natural,LAB007,F,24.0,76.46,69.58269137310671,-6.8773086268932815,-2.7509234507573126,47.297373949540756,7.567579831926521
natural,natural,LAB007,F,40.0,65.10999999999999,63.08612897130258,-2.023871028697407,-0.8095484114789627,4.0960539408007,0.6553686305281119
natural,natural,LAB007,F,48.0,55.43,59.37417490715177,3.944174907151769,1.5776699628607076,15.556515698205667,2.4890425117129067
natural,natural,LAB007,F,64.0,51.91,51.71316575620911,-0.19683424379088876,-0.0787336975163555,0.038743719528731034,0.006198995124596965
natural,natural,LAB007,F,72.0,45.88,47.123390345121074,1.243390345121071,0.49735613804842843,1.5460195503402963,0.2473631280544474
natural,natural,LAB007,F,88.0,25.860000000000003,37.052348103571205,11.192348103571202,4.4769392414284805,125.26865607151389,20.04298497144222
natural,natural,LAB007,F,96.0,23.94,31.189357643804655,7.249357643804654,2.8997430575218615,52.553186247788965,8.408509799646234
natural,natural,LAB007,F,112.0,6.52,18.745118579569986,12.225118579569987,4.890047431827995,149.45352428454729,23.912563885527568
natural,natural,LAB007,F,120.0,3.34,13.081605149081982,9.741605149081982,3.896642059632793,94.89887088062059,15.183819340899294
natural,natural,LAB007,F,144.0,0.03,2.558095502145314,2.528095502145314,1.0112382008581258,6.391266867967368,1.0226026988747792
natural,natural,LAB007,F,160.0,0.01,0.5722630037557415,0.5622630037557415,0.2249052015022966,0.3161396853924289,0.050582349662788635
natural,natural,LAB007,E,24.0,21.467328,17.382032399084075,-4.085295600915924,-2.042647800457962,16.689640146863,4.17241003671575
natural,natural,LAB007,E,48.0,30.306816,28.399905709922482,-1.9069102900775192,-0.9534551450387596,3.6363068544035286,0.9090767136008822
natural,natural,LAB007,E,88.0,63.454896,50.00864649436811,-13.44624950563189,-6.723124752815945,180.80162576770584,45.20040644192646
natural,natural,LAB007,E,144.0,82.396656,77.8077968003358,-4.588859199664199,-2.227691958598028,21.057628754342755,4.962611462402319
natural,natural,LAB007,E,160.0,81.29172,79.06709507255981,-2.224624927440189,-1.0946378929810756,4.9489560677882665,1.1982321167500487
natural,natural,LAB007,Gly,16.0,1.5,1.290783159116816,-0.20921684088318404,-0.597762402523383,0.04377168650913955,0.35731988987052693
natural,natural,LAB007,Gly,24.0,1.46,1.5728906344924836,0.1128906344924836,0.3225446699785246,0.012744295356115527,0.10403506413155535
natural,natural,LAB007,Gly,40.0,3.37,2.3521092119258915,-1.0178907880741086,-2.9082593944974535,1.0361016564461298,8.457972705682694
natural,natural,LAB007,Gly,48.0,3.36,2.7774481430513887,-0.5825518569486112,-1.664433876996032,0.3393666660342752,2.7703401308920426
natural,natural,LAB007,Gly,64.0,4.17,3.535651694334466,-0.6343483056655339,-1.8124237304729542,0.40239777290073364,3.2848797787815
natural,natural,LAB007,Gly,72.0,3.6,3.9055689611646693,0.30556896116466925,0.873054174756198,0.09337239002725514,0.7622235920592259
natural,natural,LAB007,Gly,88.0,5.42,4.625849829477403,-0.7941501705225971,-2.2690004872074203,0.63067449334107,5.148363210947511
natural,natural,LAB007,Gly,96.0,5.35,4.957833645528891,-0.3921663544711089,-1.1204752984888826,0.15379444957915944,1.2554648945237505
natural,natural,LAB007,Gly,112.0,5.76,5.516358476768507,-0.24364152323149302,-0.6961186378042659,0.05936119184256215,0.4845811578984667
natural,natural,LAB007,Gly,120.0,5.69,5.714090336611163,0.024090336611162222,0.06882953317474921,0.000580344318039103,0.004737504637053903
natural,natural,LAB007,Gly,144.0,6.06,5.952796175616519,-0.10720382438348075,-0.3062966410956593,0.011492659962444182,0.09381763234648312
natural,natural,LAB007,Gly,160.0,5.85,5.96875789281578,0.11875789281577998,0.3393082651879428,0.014103437106044284,0.11513009882485134
synthetic,natural,LAB007,X,16.0,0.6312,0.7606570416007846,0.12945704160078464,2.1576173600130772,0.016759125620027286,4.655312672229801
synthetic,natural,LAB007,X,24.0,0.7338,1.104006967145814,0.3702069671458139,6.170116119096899,0.13705319852330175,38.070332923139375
synthetic,natural,LAB007,X,40.0,1.2477,1.1214853133330072,-0.12621468666699287,-1.2644734979060759,0.015930147130447186,1.5988932269068268
synthetic,natural,LAB007,X,48.0,1.4124,1.1214853134480318,-0.2909146865519683,-2.5746485286743157,0.08463135485162995,6.628815046204819
synthetic,natural,LAB007,X,64.0,1.7004,1.1214853134480318,-0.5789146865519681,-4.255724289519879,0.33514221430556346,18.11118922840948
synthetic,natural,LAB007,X,72.0,1.7004,1.3989506768571913,-0.3014493231428086,-2.2160177248206936,0.09087169442325743,4.910734556719484
synthetic,natural,LAB007,X,88.0,1.9446,1.3992247147782078,-0.5453752852217923,-3.505703520144196,0.29743420173075136,12.289957171151409
synthetic,natural,LAB007,X,96.0,1.6959,1.3992247147782078,-0.2966752852217922,-2.1867097501458828,0.08801622486143176,4.781699531383069
synthetic,natural,LAB007,X,112.0,1.7949,1.3992247147782078,-0.3956752852217922,-2.7555524348277913,0.1565589313353466,7.593069221085369
synthetic,natural,LAB007,X,120.0,1.7673,1.3992247147782078,-0.36807528522179234,-2.603372978708993,0.13547941559110377,6.7775508662721355
synthetic,natural,LAB007,X,144.0,1.7973,1.3427412535615801,-0.45455874643841976,-3.16140006147012,0.20662365396366758,9.994450348663278
synthetic,natural,LAB007,X,160.0,0.8964,1.2999749737701018,0.4035749737701019,5.62771884440682,0.1628727594535384,31.671219391691633
synthetic,natural,LAB007,Xd,16.0,0.0080999999999999,0.0008999999999999,-0.007200000000000001,-0.12000000000000001,5.184000000000001e-05,0.014400000000000003
synthetic,natural,LAB007,Xd,24.0,0.0011999999999999,0.0008999999999999,-0.0002999999999999999,-0.004999999999999999,8.999999999999995e-08,2.499999999999999e-05
synthetic,natural,LAB007,Xd,40.0,0.0035999999999999,0.0008999999999999,-0.0027,-0.045000000000000005,7.2900000000000005e-06,0.0020250000000000003
synthetic,natural,LAB007,Xd,48.0,0.0,0.0008999999999999,0.0008999999999999,0.014999999999998334,8.0999999999982e-07,0.00022499999999995
synthetic,natural,LAB007,Xd,64.0,0.0093,0.0008999999999999,-0.008400000000000098,-0.14000000000000165,7.056000000000166e-05,0.01960000000000046
synthetic,natural,LAB007,Xd,72.0,0.0093,0.0008999999999999,-0.008400000000000098,-0.14000000000000165,7.056000000000166e-05,0.01960000000000046
synthetic,natural,LAB007,Xd,88.0,0.0117,0.0008999999999999,-0.010800000000000101,-0.1800000000000017,0.00011664000000000219,0.03240000000000061
synthetic,natural,LAB007,Xd,96.0,0.0093,0.0008999999999999,-0.008400000000000098,-0.14000000000000165,7.056000000000166e-05,0.01960000000000046
synthetic,natural,LAB007,Xd,112.0,0.0138,0.0008999999999999,-0.012900000000000099,-0.21500000000000166,0.00016641000000000255,0.04622500000000072
synthetic,natural,LAB007,Xd,120.0,0.0162000000000001,0.0008999999999999,-0.015300000000000199,-0.25500000000000334,0.00023409000000000607,0.0650250000000017
synthetic,natural,LAB007,Xd,144.0,0.0276,0.05738346121662859,0.029783461216628587,0.49639102027714316,0.0008870545620424192,0.24640404501178315
synthetic,natural,LAB007,Xd,160.0,0.3432,0.10014974100810647,-0.24305025899189353,-4.050837649864892,0.05907342839602652,16.409285665562923
synthetic,natural,LAB007,N,16.0,0.19044,0.1039329033839589,-0.0865070966160411,-5.678107055768293,0.007483477764937069,32.24089973676567
synthetic,natural,LAB007,N,24.0,0.1777,0.00503445937934965,-0.17266554062065034,-12.145859638481314,0.029813388917821454,147.52190635768943
synthetic,natural,LAB007,N,40.0,0.06224,3.3120241844441443e-11,-0.062239999966879754,-5.186666663906646,0.0038738175958771917,26.901511082480496
synthetic,natural,LAB007,N,48.0,0.0391,0.0,-0.0391,-3.2583333333333333,0.0015288100000000002,10.616736111111111
synthetic,natural,LAB007,N,64.0,0.002,0.0,-0.002,-0.16666666666666666,4e-06,0.027777777777777776
synthetic,natural,LAB007,N,72.0,0.04778,7.893211922513058e-05,-0.04770106788077487,-3.9750889900645725,0.002275391876966292,15.801332478932583
synthetic,natural,LAB007,N,88.0,0.019,0.0,-0.019,-1.5833333333333333,0.000361,2.506944444444444
synthetic,natural,LAB007,N,96.0,0.03,0.0,-0.03,-2.5,0.0009,6.25
synthetic,natural,LAB007,N,112.0,0.006,0.0,-0.006,-0.5,3.6e-05,0.25
synthetic,natural,LAB007,N,120.0,0.006,0.0,-0.006,-0.5,3.6e-05,0.25
synthetic,natural,LAB007,N,144.0,0.027,0.0,-0.027,-2.25,0.0007289999999999999,5.0625
synthetic,natural,LAB007,N,160.0,0.016,0.0,-0.016,-1.3333333333333333,0.000256,1.7777777777777777
synthetic,natural,LAB007,G,16.0,70.58,68.84322376297757,-1.7367762370224256,-0.6947104948089702,3.0163916974857767,0.4826226715977242
synthetic,natural,LAB007,G,24.0,71.45,61.9652224256468,-9.484777574353203,-3.793911029741281,89.96100563495342,14.393760901592547
synthetic,natural,LAB007,G,40.0,56.1,49.02934562499299,-7.07065437500701,-2.8282617500028038,49.99415329080577,7.999064526528922
synthetic,natural,LAB007,G,48.0,49.74,43.73393652191834,-6.006063478081664,-2.402425391232666,36.072798502746416,5.771647760439428
synthetic,natural,LAB007,G,64.0,29.71,34.48971895064613,4.779718950646128,1.9118875802584512,22.845713247165722,3.6553141195465155
synthetic,natural,LAB007,G,72.0,24.29,29.76054467369328,5.470544673693279,2.188217869477312,29.926859026873906,4.788297444299825
synthetic,natural,LAB007,G,88.0,11.91,21.355841477153817,9.445841477153817,3.7783365908615267,89.2239212115194,14.275827393843104
synthetic,natural,LAB007,G,96.0,7.07,17.59223021816011,10.52223021816011,4.2088920872640445,110.71732876396177,17.714772602233886
synthetic,natural,LAB007,G,112.0,0.48,11.23048746891484,10.750487468914839,4.300194987565936,115.57298081929498,18.491676931087202
synthetic,natural,LAB007,G,120.0,0.08,8.737730368304438,8.657730368304438,3.4630921473217753,74.95629513026091,11.993007220841745
synthetic,natural,LAB007,G,144.0,0.0,3.720484305248301,3.720484305248301,1.4881937220993204,13.842003465598934,2.2147205544958295
synthetic,natural,LAB007,G,160.0,0.0,1.916613090258207,1.916613090258207,0.7666452361032828,3.673405737749114,0.5877449180398583
synthetic,natural,LAB007,F,16.0,72.39999999999999,69.91139710173941,-2.488602898260581,-0.9954411593042323,6.193144385230963,0.9909031016369539
synthetic,natural,LAB007,F,24.0,76.46,65.91746569435084,-10.542534305649156,-4.217013722259662,111.14502958578932,17.783204733726294
synthetic,natural,LAB007,F,40.0,65.10999999999999,57.455570191041524,-7.6544298089584615,-3.0617719235833847,58.59029570027187,9.3744473120435
synthetic,natural,LAB007,F,48.0,55.43,53.577718359210145,-1.8522816407898546,-0.7409126563159418,3.430947276807156,0.5489515642891449
synthetic,natural,LAB007,F,64.0,51.91,45.85734630690961,-6.0526536930903845,-2.4210614772361536,36.63461672848067,5.861538676556906
synthetic,natural,LAB007,F,72.0,45.88,41.38479748683179,-4.495202513168209,-1.7980810052672838,20.206845634393783,3.2330953015030057
synthetic,natural,LAB007,F,88.0,25.860000000000003,32.22354307885373,6.363543078853727,2.545417231541491,40.494680516427174,6.479148882628348
synthetic,natural,LAB007,F,96.0,23.94,27.18346629724326,3.243466297243259,1.2973865188973037,10.520073621352898,1.6832117794164638
synthetic,natural,LAB007,F,112.0,6.52,17.024324769799996,10.504324769799997,4.201729907919999,110.34083886943375,17.654534219109404
synthetic,natural,LAB007,F,120.0,3.34,12.504874066321173,9.164874066321174,3.6659496265284695,83.99491665152641,13.439186664244225
synthetic,natural,LAB007,F,144.0,0.03,3.2641857523406266,3.2341857523406268,1.2936743009362508,10.459957480643107,1.6735931969028972
synthetic,natural,LAB007,F,160.0,0.01,0.9087567360758122,0.8987567360758122,0.3595026944303249,0.8077636706416471,0.12924218730266357
synthetic,natural,LAB007,E,24.0,21.467328,23.01201141965714,1.5446834196571402,0.7723417098285701,2.3860468669636767,0.5965117167409192
synthetic,natural,LAB007,E,48.0,30.306816,37.61932190228778,7.3125059022877785,3.6562529511438893,53.472742570993596,13.368185642748399
synthetic,natural,LAB007,E,88.0,63.454896,58.00164156650049,-5.4532544334995094,-2.7266272167497547,29.737983916482055,7.434495979120514
synthetic,natural,LAB007,E,144.0,82.396656,79.15932957612321,-3.2373264238767803,-1.5715814602363378,10.480282374730823,2.46986828615858
synthetic,natural,LAB007,E,160.0,81.29172,80.9662845187246,-0.3254354812753917,-0.16013216660953497,0.10590825247294582,0.025642310783063865
synthetic,natural,LAB007,Gly,16.0,1.5,1.4081017357717323,-0.09189826422826775,-0.26256646922362215,0.008445290968168515,0.06894115076055932
synthetic,natural,LAB007,Gly,24.0,1.46,1.8218793815947187,0.3618793815947188,1.0339410902706252,0.13095668682337608,1.0690341781500092
synthetic,natural,LAB007,Gly,40.0,3.37,2.6308669150112447,-0.7391330849887554,-2.111808814253587,0.5463177173249947,4.459736467959142
synthetic,natural,LAB007,Gly,48.0,3.36,2.9650223454717843,-0.39497765452821554,-1.1285075843663301,0.1560073475766104,1.2735293679723299
synthetic,natural,LAB007,Gly,64.0,4.17,3.555007574711964,-0.6149924252880359,-1.7571212151086741,0.3782156831616604,3.0874749645849837
synthetic,natural,LAB007,Gly,72.0,3.6,3.849655134033509,0.24965513403350892,0.7133003829528827,0.0623276859492893,0.508797436320729
synthetic,natural,LAB007,Gly,88.0,5.42,4.401088509262371,-1.0189114907376293,-2.9111756878217983,1.0381806259571782,8.47494388536472
synthetic,natural,LAB007,Gly,96.0,5.35,4.654753410030292,-0.6952465899697078,-1.9864188284848796,0.48336782086450697,3.9458597621592415
synthetic,natural,LAB007,Gly,112.0,5.76,5.094557102192655,-0.6654428978073446,-1.901265422306699,0.44281425024223603,3.61481020605907
synthetic,natural,LAB007,Gly,120.0,5.69,5.269927037483794,-0.4200729625162065,-1.2002084643320188,0.17646129383714224,1.4405003578542228
synthetic,natural,LAB007,Gly,144.0,6.06,5.6178939615906405,-0.44210603840935914,-1.263160109741026,0.19545774919801773,1.595573462840961
synthetic,natural,LAB007,Gly,160.0,5.85,5.7292091826055005,-0.12079081739449915,-0.3451166211271405,0.01459042156683124,0.11910548217821422
joint_reference,natural,LAB007,X,16.0,0.6312,0.458553427053804,-0.172646572946196,-2.8774428824366,0.02980683915006618,8.27967754168505
joint_reference,natural,LAB007,X,24.0,0.7338,0.5740042520923301,-0.15979574790766993,-2.6632624651278323,0.025534681049371597,7.092966958158778
joint_reference,natural,LAB007,X,40.0,1.2477,0.9031491218245072,-0.3445508781754928,-3.451860204531265,0.11871530765150327,11.915338871626627
joint_reference,natural,LAB007,X,48.0,1.4124,1.1151973865202391,-0.29720261347976096,-2.6302978394909458,0.08832939345920018,6.918466724430737
joint_reference,natural,LAB007,X,64.0,1.7004,1.2761122415526909,-0.42428775844730904,-3.1190290405736083,0.18002010196824206,9.728342155941524
joint_reference,natural,LAB007,X,72.0,1.7004,1.5307393773642803,-0.16966062263571957,-1.2472111167645819,0.02878472687314004,1.5555355697811555
joint_reference,natural,LAB007,X,88.0,1.9446,1.6056009487340903,-0.3389990512659098,-2.1791052868579,0.11492035675918694,4.74849985121205
joint_reference,natural,LAB007,X,96.0,1.6959,1.6056009489468106,-0.09029905105318936,-0.6655688060409618,0.0081539186211065,0.4429818355747914
joint_reference,natural,LAB007,X,112.0,1.7949,1.6056009489468106,-0.18929905105318934,-1.3183119606467584,0.03583413072963798,1.7379464255843002
joint_reference,natural,LAB007,X,120.0,1.7673,1.6056009489468106,-0.1616990510531895,-1.1436870583176986,0.026146583111501982,1.308020087363391
joint_reference,natural,LAB007,X,144.0,1.7973,1.5544817580660482,-0.24281824193395174,-1.6887709476294424,0.05896069861589512,2.8519473135572446
joint_reference,natural,LAB007,X,160.0,0.8964,1.5015126524465767,0.6051126524465767,8.438094774188096,0.3661613221509316,71.20144341818046
joint_reference,natural,LAB007,Xd,16.0,0.0080999999999999,0.0008999999999999,-0.007200000000000001,-0.12000000000000001,5.184000000000001e-05,0.014400000000000003
joint_reference,natural,LAB007,Xd,24.0,0.0011999999999999,0.0008999999999999,-0.0002999999999999999,-0.004999999999999999,8.999999999999995e-08,2.499999999999999e-05
joint_reference,natural,LAB007,Xd,40.0,0.0035999999999999,0.0008999999999999,-0.0027,-0.045000000000000005,7.2900000000000005e-06,0.0020250000000000003
joint_reference,natural,LAB007,Xd,48.0,0.0,0.0008999999999999,0.0008999999999999,0.014999999999998334,8.0999999999982e-07,0.00022499999999995
joint_reference,natural,LAB007,Xd,64.0,0.0093,0.0008999999999999,-0.008400000000000098,-0.14000000000000165,7.056000000000166e-05,0.01960000000000046
joint_reference,natural,LAB007,Xd,72.0,0.0093,0.0008999999999999,-0.008400000000000098,-0.14000000000000165,7.056000000000166e-05,0.01960000000000046
joint_reference,natural,LAB007,Xd,88.0,0.0117,0.0008999999999999,-0.010800000000000101,-0.1800000000000017,0.00011664000000000219,0.03240000000000061
joint_reference,natural,LAB007,Xd,96.0,0.0093,0.0008999999999999,-0.008400000000000098,-0.14000000000000165,7.056000000000166e-05,0.01960000000000046
joint_reference,natural,LAB007,Xd,112.0,0.0138,0.0008999999999999,-0.012900000000000099,-0.21500000000000166,0.00016641000000000255,0.04622500000000072
joint_reference,natural,LAB007,Xd,120.0,0.0162000000000001,0.0008999999999999,-0.015300000000000199,-0.25500000000000334,0.00023409000000000607,0.0650250000000017
joint_reference,natural,LAB007,Xd,144.0,0.0276,0.05201919088076299,0.02441919088076299,0.4069865146793832,0.0005962968832711384,0.16563802313087178
joint_reference,natural,LAB007,Xd,160.0,0.3432,0.10498829650023486,-0.23821170349976514,-3.970195058329419,0.05674481568426002,15.76244880118334
joint_reference,natural,LAB007,N,16.0,0.19044,0.19850363553728562,0.008063635537285618,0.5292766446968611,6.502221807817553e-05,0.2801337666215673
joint_reference,natural,LAB007,N,24.0,0.1777,0.17047212517017848,-0.007227874829821512,-0.508432388141637,5.224217455556735e-05,0.25850349331140826
joint_reference,natural,LAB007,N,40.0,0.06224,0.09055560811541716,0.02831560811541716,2.3596340096180968,0.0008017736629458782,5.567872659346376
joint_reference,natural,LAB007,N,48.0,0.0391,0.03907019752470091,-2.9802475299094133e-05,-0.0024835396082578446,8.88187533953116e-10,6.167968985785528e-06
joint_reference,natural,LAB007,N,64.0,0.002,9.664825048258918e-10,-0.0019999990335174953,-0.16666658612645793,3.999996134070916e-06,0.02777775093104802
joint_reference,natural,LAB007,N,72.0,0.04778,0.01817642201096166,-0.029603577989038343,-2.466964832419862,0.0008763718297530755,6.085915484396357
joint_reference,natural,LAB007,N,88.0,0.019,2.9997135148567177e-11,-0.018999999970002863,-1.583333330833572,0.0003609999988601088,2.5069444365285336
joint_reference,natural,LAB007,N,96.0,0.03,0.0,-0.03,-2.5,0.0009,6.25
joint_reference,natural,LAB007,N,112.0,0.006,0.0,-0.006,-0.5,3.6e-05,0.25
joint_reference,natural,LAB007,N,120.0,0.006,0.0,-0.006,-0.5,3.6e-05,0.25
joint_reference,natural,LAB007,N,144.0,0.027,0.0,-0.027,-2.25,0.0007289999999999999,5.0625
joint_reference,natural,LAB007,N,160.0,0.016,0.0,-0.016,-1.3333333333333333,0.000256,1.7777777777777777
joint_reference,natural,LAB007,G,16.0,70.58,71.77365010164556,1.1936501016455594,0.4774600406582238,1.4248005651584543,0.2279680904253527
joint_reference,natural,LAB007,G,24.0,71.45,68.04865340222204,-3.401346597777959,-1.3605386391111836,11.569158678215697,1.8510653885145114
joint_reference,natural,LAB007,G,40.0,56.1,58.34402702629948,2.2440270262994773,0.8976108105197909,5.0356572947624745,0.8057051671619959
joint_reference,natural,LAB007,G,48.0,49.74,52.36561420604437,2.625614206044368,1.050245682417747,6.893849958981996,1.1030159934371193
joint_reference,natural,LAB007,G,64.0,29.71,39.62464733690302,9.914647336903016,3.9658589347612065,98.30023181515807,15.728037090425293
joint_reference,natural,LAB007,G,72.0,24.29,33.174814287694495,8.884814287694496,3.5539257150777983,78.93992492682025,12.63038798829124
joint_reference,natural,LAB007,G,88.0,11.91,21.030534645768903,9.120534645768902,3.648213858307561,83.18415222467088,13.309464355947343
joint_reference,natural,LAB007,G,96.0,7.07,15.661114285459846,8.591114285459845,3.436445714183938,73.80724466583223,11.809159146533156
joint_reference,natural,LAB007,G,112.0,0.48,7.062720345003313,6.582720345003313,2.6330881380013254,43.33220714052054,6.933153142483286
joint_reference,natural,LAB007,G,120.0,0.08,4.18704892013249,4.10704892013249,1.642819568052996,16.86785083236145,2.6988561331778325
joint_reference,natural,LAB007,G,144.0,0.0,0.5432839719140684,0.5432839719140684,0.21731358876562737,0.2951574741387263,0.04722519586219621
joint_reference,natural,LAB007,G,160.0,0.0,0.10553067996054771,0.10553067996054771,0.042212271984219084,0.011136724412935547,0.0017818759060696874
joint_reference,natural,LAB007,F,16.0,72.39999999999999,71.38847610629917,-1.0115238937008257,-0.4046095574803303,1.0231805875276794,0.1637088940044287
joint_reference,natural,LAB007,F,24.0,76.46,69.27755364662568,-7.182446353374317,-2.8729785413497266,51.587535619100024,8.254005699056004
joint_reference,natural,LAB007,F,40.0,65.10999999999999,63.495447083158155,-1.6145529168418307,-0.6458211667367323,2.6067811212824634,0.4170849794051942
joint_reference,natural,LAB007,F,48.0,55.43,59.766770582502325,4.336770582502325,1.73470823300093,18.807579085257554,3.009212653641209
joint_reference,natural,LAB007,F,64.0,51.91,51.25357515191801,-0.6564248480819899,-0.2625699392327959,0.43089358117946347,0.06894297298871414
joint_reference,natural,LAB007,F,72.0,45.88,46.52571783135231,0.6457178313523073,0.25828713254092295,0.41695151772632677,0.0667122428362123
joint_reference,natural,LAB007,F,88.0,25.860000000000003,36.686446154233444,10.826446154233441,4.330578461693376,117.21193633051607,18.75390981288257
joint_reference,natural,LAB007,F,96.0,23.94,31.48776057287055,7.547760572870548,3.019104229148219,56.96868966537914,9.114990346460662
joint_reference,natural,LAB007,F,112.0,6.52,20.87603879434202,14.35603879434202,5.7424155177368075,206.09584986465308,32.97533597834449
joint_reference,natural,LAB007,F,120.0,3.34,15.828332252352403,12.488332252352404,4.995332900940961,155.95844244514527,24.95335079122324
joint_reference,natural,LAB007,F,144.0,0.03,3.405785243480482,3.375785243480482,1.3503140973921928,11.395926010100577,1.8233481616160923
joint_reference,natural,LAB007,F,160.0,0.01,0.24636883427234657,0.23636883427234656,0.09454753370893862,0.055870225815268036,0.008939236130442884
joint_reference,natural,LAB007,E,24.0,21.467328,18.292945151766652,-3.1743828482333463,-1.5871914241166731,10.076706467158052,2.519176616789513
joint_reference,natural,LAB007,E,48.0,30.306816,29.318058079083162,-0.9887579209168393,-0.49437896045841967,0.9776422261757907,0.24441055654394767
joint_reference,natural,LAB007,E,88.0,63.454896,53.56238132449019,-9.892514675509808,-4.946257337754904,97.86184660517692,24.46546165129423
joint_reference,natural,LAB007,E,144.0,82.396656,76.7356162210894,-5.661039778910592,-2.7481890910284474,32.04737137840808,7.5525432800477645
joint_reference,natural,LAB007,E,160.0,81.29172,78.12527716229826,-3.1664428377017373,-1.5580641362745122,10.026360244432631,2.427563852744842
joint_reference,natural,LAB007,Gly,16.0,1.5,1.2401282887755387,-0.2598717112244613,-0.7424906034984609,0.0675333062947298,0.5512922962835086
joint_reference,natural,LAB007,Gly,24.0,1.46,1.4664182716428937,0.006418271642893769,0.018337918979696485,4.119421088197428e-05,0.00033627927250591257
joint_reference,natural,LAB007,Gly,40.0,3.37,2.0533672812491615,-1.3166327187508386,-3.761807767859539,1.733521716085225,14.151197682328368
joint_reference,natural,LAB007,Gly,48.0,3.36,2.41405356762959,-0.9459464323704099,-2.7027040924868855,0.8948146529143064,7.304609411545359
joint_reference,natural,LAB007,Gly,64.0,4.17,3.2076381229695365,-0.9623618770304634,-2.7496053629441812,0.9261403823615967,7.5603296519314025
joint_reference,natural,LAB007,Gly,72.0,3.6,3.594553597066221,-0.005446402933779293,-0.01556115123936941,2.966330491707969e-05,0.00024214942789452812
joint_reference,natural,LAB007,Gly,88.0,5.42,4.358270051428484,-1.0617299485715161,-3.0335141387757605,1.1272704836936742,9.202208030152445
joint_reference,natural,LAB007,Gly,96.0,5.35,4.699274711490697,-0.6507252885093022,-1.859215110026578,0.4234434011055146,3.4566808253511403
joint_reference,natural,LAB007,Gly,112.0,5.76,5.246878235631529,-0.5131217643684707,-1.4660621839099164,0.26329394506861237,2.1493383270907134
joint_reference,natural,LAB007,Gly,120.0,5.69,5.431100139217257,-0.2588998607827433,-0.7397138879506951,0.06702913791332386,0.5471766360271336
joint_reference,natural,LAB007,Gly,144.0,6.06,5.668536212423131,-0.3914637875768685,-1.1184679645053386,0.15324389698402763,1.2509705876247152
joint_reference,natural,LAB007,Gly,160.0,5.85,5.696595312670878,-0.15340468732912171,-0.4382991066546335,0.023532998094545596,0.1921061068942498
natural,natural,LAB008,X,16.0,0.6692999999999999,0.45675307758302314,-0.21254692241697676,-3.542448706949613,0.04517619422892834,12.548942841368984
natural,natural,LAB008,X,24.0,0.7476,0.6104853936187605,-0.1371146063812395,-2.285243439687325,0.018800415283082246,5.222337578633957
natural,natural,LAB008,X,40.0,1.2582,1.0611033049402219,-0.19709669505977812,-1.9581216724266624,0.03884710720348716,3.834240484026989
natural,natural,LAB008,X,48.0,1.4793,1.1468893438621164,-0.3324106561378837,-2.8088509441786966,0.11049684431401834,7.889643626613555
natural,natural,LAB008,X,64.0,1.8711,1.14690372818387,-0.7241962718161299,-4.838038265032132,0.5244602401123819,23.406614253915127
natural,natural,LAB008,X,72.0,1.5507,1.4225827275507879,-0.12811727244921212,-1.0327374125331472,0.016414035499825647,1.0665465632456599
natural,natural,LAB008,X,88.0,1.7697,1.445675982201352,-0.324024017798648,-2.2886931245313327,0.10499156411037854,5.2381162182769945
natural,natural,LAB008,X,96.0,1.8594,1.445675982201352,-0.41372401779864787,-2.781300539143325,0.1711675629034559,7.73563268903895
natural,natural,LAB008,X,112.0,1.9032,1.445675982201352,-0.45752401779864793,-3.004965438463167,0.2093282268626175,9.029817286358133
natural,natural,LAB008,X,120.0,1.7418,1.445675982201352,-0.29612401779864794,-2.1251293044454584,0.08768943391721397,4.516174560612838
natural,natural,LAB008,X,144.0,1.9032,1.4388622437907654,-0.46433775620923456,-3.0497172933036105,0.21560955184142655,9.3007755690751
natural,natural,LAB008,X,160.0,0.6129,1.42840679691635,0.8155067969163501,13.591779948605835,0.665051335816765,184.73648217132362
natural,natural,LAB008,Xd,16.0,0.0024,0.0033,0.0009000000000000002,0.015000000000000003,8.100000000000004e-07,0.00022500000000000008
natural,natural,LAB008,Xd,24.0,0.0,0.0033,0.0033,0.055,1.0889999999999999e-05,0.003025
natural,natural,LAB008,Xd,40.0,0.0057000000000001,0.0033,-0.0024000000000001,-0.040000000000001666,5.76000000000048e-06,0.0016000000000001332
natural,natural,LAB008,Xd,48.0,0.0023999999999999,0.0033,0.0009000000000000999,0.015000000000001667,8.100000000001799e-07,0.00022500000000005
natural,natural,LAB008,Xd,64.0,0.0045000000000001,0.0033,-0.0012000000000001003,-0.020000000000001673,1.4400000000002407e-06,0.0004000000000000669
natural,natural,LAB008,Xd,72.0,0.0069000000000001,0.0033,-0.0036000000000000996,-0.06000000000000166,1.2960000000000718e-05,0.0036000000000001994
natural,natural,LAB008,Xd,88.0,0.0113999999999998,0.0033,-0.008099999999999798,-0.13499999999999665,6.560999999999674e-05,0.018224999999999096
natural,natural,LAB008,Xd,96.0,0.0186000000000001,0.0033,-0.015300000000000098,-0.25500000000000167,0.000234090000000003,0.06502500000000085
natural,natural,LAB008,Xd,112.0,0.0138,0.0033,-0.010499999999999999,-0.175,0.00011024999999999998,0.030624999999999996
natural,natural,LAB008,Xd,120.0,0.03,0.0033,-0.026699999999999998,-0.445,0.0007128899999999999,0.198025
natural,natural,LAB008,Xd,144.0,0.03,0.010113738410586545,-0.019886261589413454,-0.3314376931568909,0.00039546340000258095,0.10985094444516139
natural,natural,LAB008,Xd,160.0,0.3249,0.020569185285002175,-0.30433081471499784,-5.072180245249965,0.09261724478509435,25.72701244030399
natural,natural,LAB008,N,16.0,0.18498,0.1847964514010139,-0.0001835485989861163,-0.012403273258333082,3.369008818976614e-08,0.00015384118752088054
natural,natural,LAB008,N,24.0,0.17888,0.14363270484181073,-0.03524729515818928,-2.4630545028922515,0.0012423718159685134,6.066637484217796
natural,natural,LAB008,N,40.0,0.0638799999999999,0.022974134314829787,-0.04090586568517011,-3.4088221404308423,0.0016732898474531774,11.620068385091509
natural,natural,LAB008,N,48.0,0.0371,3.851582096405909e-06,-0.037096148417903596,-3.0913457014919663,0.0013761242274431314,9.556418246132857
natural,natural,LAB008,N,64.0,0.011,3.9691840622323596e-13,-0.01099999999960308,-0.9166666666335901,0.00012099999999126778,0.8402777777171374
natural,natural,LAB008,N,72.0,0.04778,0.006183506798040328,-0.041596493201959676,-3.4663744334966395,0.0017302682467006775,12.01575171319915
natural,natural,LAB008,N,88.0,0.018,0.0,-0.018,-1.4999999999999998,0.00032399999999999996,2.2499999999999996
natural,natural,LAB008,N,96.0,0.02,0.0,-0.02,-1.6666666666666667,0.0004,2.777777777777778
natural,natural,LAB008,N,112.0,0.005,0.0,-0.005,-0.4166666666666667,2.5e-05,0.17361111111111113
natural,natural,LAB008,N,120.0,0.006,0.0,-0.006,-0.5,3.6e-05,0.25
natural,natural,LAB008,N,144.0,0.027,0.0,-0.027,-2.25,0.0007289999999999999,5.0625
natural,natural,LAB008,N,160.0,0.015,0.0,-0.015,-1.25,0.000225,1.5625
natural,natural,LAB008,G,16.0,69.44,70.36554051282079,0.9255405128207883,0.3702162051283153,0.8566252408725679,0.13706003853961085
natural,natural,LAB008,G,24.0,70.84,66.24106041447278,-4.598939585527219,-1.8395758342108877,21.15024531132927,3.3840392498126834
natural,natural,LAB008,G,40.0,57.24,54.829097990271904,-2.4109020097280975,-0.964360803891239,5.81244850051098,0.9299917600817568
natural,natural,LAB008,G,48.0,50.13,48.220978107027825,-1.9090218929721772,-0.7636087571888709,3.6443645878470745,0.583098334055532
natural,natural,LAB008,G,64.0,29.88,36.6695855172082,6.789585517208199,2.7158342068832795,46.098471495483324,7.375755439277332
natural,natural,LAB008,G,72.0,23.94,30.73671425830542,6.796714258305418,2.718685703322167,46.195324709052166,7.391251953448346
natural,natural,LAB008,G,88.0,11.46,19.815748542605704,8.355748542605703,3.3422994170422813,69.81853370725733,11.170965393161174
natural,natural,LAB008,G,96.0,6.84,14.772441022801154,7.932441022801154,3.1729764091204613,62.92362058021861,10.067779292834977
natural,natural,LAB008,G,112.0,0.36,6.4949821411702455,6.134982141170245,2.453992856468098,37.63800587247785,6.022080939596456
natural,natural,LAB008,G,120.0,0.05,3.625305203545543,3.5753052035455433,1.4301220814182174,12.782807298499838,2.0452491677599745
natural,natural,LAB008,G,144.0,0.0,0.2499627762278273,0.2499627762278273,0.09998511049113093,0.06248138949952287,0.00999702231992366
natural,natural,LAB008,G,160.0,0.0,0.02640327151200481,0.02640327151200481,0.010561308604801924,0.0006971327465366447,0.00011154123944586316
natural,natural,LAB008,F,16.0,71.93,72.19500404397928,0.2650040439792747,0.10600161759170987,0.07022714332536935,0.011236342932059095
natural,natural,LAB008,F,24.0,74.78,70.18578154464467,-4.594218455355332,-1.8376873821421327,21.10684321552753,3.3770949144844047
natural,natural,LAB008,F,40.0,62.2,64.08614014308628,1.8861401430862799,0.7544560572345119,3.557524639361532,0.5692039422978451
natural,natural,LAB008,F,48.0,55.37,60.20288656127884,4.8328865612788405,1.9331546245115363,23.356792514189618,3.7370868022703387
natural,natural,LAB008,F,64.0,51.32000000000001,52.4171207977345,1.0971207977344903,0.4388483190937961,1.2036740448215644,0.1925878471714503
natural,natural,LAB008,F,72.0,45.39,47.704024499935265,2.3140244999352646,0.9256097999741059,5.354709386300652,0.8567535018081043
natural,natural,LAB008,F,88.0,25.83,37.425723044884485,11.595723044884487,4.638289217953795,134.46079293366515,21.513726869386428
natural,natural,LAB008,F,96.0,23.66,31.33975146415198,7.67975146415198,3.071900585660792,58.978582551144484,9.436573208183118
natural,natural,LAB008,F,112.0,6.05,18.712916592341458,12.662916592341457,5.065166636936583,160.34945662459657,25.655913059935454
natural,natural,LAB008,F,120.0,2.8400000000000003,13.020932579962496,10.180932579962496,4.0723730319849984,103.65138819774181,16.584222111638688
natural,natural,LAB008,F,144.0,0.03,2.507071946322293,2.477071946322293,0.9908287785289172,6.1358854272569125,0.981741668361106
natural,natural,LAB008,F,160.0,0.0,0.5572647904530234,0.5572647904530234,0.22290591618120933,0.31054404667865204,0.04968704746858432
natural,natural,LAB008,E,24.0,20.835936,14.564979846765375,-6.270956153234625,-3.1354780766173125,39.32489107579121,9.831222768947802
natural,natural,LAB008,E,48.0,30.070044000000006,25.270593014348268,-4.799450985651738,-2.399725492825869,23.034729763673443,5.758682440918361
natural,natural,LAB008,E,88.0,62.113188,47.29371354776171,-14.819474452238289,-7.4097372261191445,219.61682304054335,54.90420576013584
natural,natural,LAB008,E,144.0,82.396656,75.28900789960515,-7.10764810039484,-3.450454640001332,50.51866151904638,11.905637222706723
natural,natural,LAB008,E,160.0,81.92311199999999,76.52079008675848,-5.402321913241508,-2.63775229302398,29.185082054289385,6.957737159353265
natural,natural,LAB008,Gly,16.0,1.51,1.227137947161832,-0.282862052838168,-0.8081772938233373,0.08001094093582255,0.6531505382516128
natural,natural,LAB008,Gly,24.0,1.42,1.492439505531329,0.07243950553132916,0.20697001580379762,0.005247481961623468,0.04283658744182424
natural,natural,LAB008,Gly,40.0,3.23,2.2241716797712234,-1.0058283202287766,-2.8737952006536474,1.0116906097742422,8.258698855299937
natural,natural,LAB008,Gly,48.0,3.3,2.659627695475136,-0.6403723045248637,-1.829635155785325,0.4100766884024848,3.3475648032855903
natural,natural,LAB008,Gly,64.0,4.16,3.430519817923563,-0.7294801820764372,-2.0842290916469635,0.5321413360422719,4.344010906467527
natural,natural,LAB008,Gly,72.0,3.53,3.8071149380783966,0.2771149380783968,0.7917569659382767,0.0767926889061937,0.6268790931117855
natural,natural,LAB008,Gly,88.0,5.27,4.533255751663385,-0.7367442483366142,-2.1049835666760406,0.5427920874570827,4.430955815976185
natural,natural,LAB008,Gly,96.0,5.33,4.86902665297006,-0.46097334702994,-1.3170667057998287,0.21249642667198546,1.7346647075264123
natural,natural,LAB008,Gly,112.0,5.67,5.419407195459646,-0.2505928045403536,-0.7159794415438675,0.06279675368739986,0.5126265607134683
natural,natural,LAB008,Gly,120.0,5.48,5.6097707281805125,0.12977072818051205,0.3707735090871773,0.016840441892500346,0.13747299504081917
natural,natural,LAB008,Gly,144.0,5.82,5.831811128422211,0.011811128422210437,0.03374608120631554,0.0001395027546059472,0.0011387979967832427
natural,natural,LAB008,Gly,160.0,5.87,5.845814540017814,-0.024185459982185797,-0.06910131423481657,0.0005849364745499106,0.004774991628978862
synthetic,natural,LAB008,X,16.0,0.6692999999999999,0.665684329436375,-0.0036156705636248843,-0.06026117606041474,1.3073073624663488e-05,0.003631409340184303
synthetic,natural,LAB008,X,24.0,0.7476,1.0138183993456036,0.26621839934560354,4.436973322426726,0.07087223615013524,19.686732263926462
synthetic,natural,LAB008,X,40.0,1.2582,1.0840102264388742,-0.17418977356112575,-1.7305453580623684,0.030342077213276263,2.994787236311211
synthetic,natural,LAB008,X,48.0,1.4793,1.0840102270872503,-0.3952897729127498,-3.340175867916834,0.1562540045694133,11.156774828613974
synthetic,natural,LAB008,X,64.0,1.8711,1.0840102270876386,-0.7870897729123614,-5.258202213352849,0.6195103106232326,27.6486905165088
synthetic,natural,LAB008,X,72.0,1.5507,1.3613471315799555,-0.1893528684200445,-1.526349942123271,0.03585450877889869,2.3297441458197126
synthetic,natural,LAB008,X,88.0,1.7697,1.3617496225144925,-0.40795037748550755,-2.8814938795099985,0.1664235104905681,8.303006977653581
synthetic,natural,LAB008,X,96.0,1.8594,1.3617496225144925,-0.49765037748550744,-3.3455037746417355,0.24765589821146805,11.1923955061421
synthetic,natural,LAB008,X,112.0,1.9032,1.3617496225144925,-0.5414503774855075,-3.556184173270725,0.2931685112791986,12.64644587422119
synthetic,natural,LAB008,X,120.0,1.7418,1.3617496225144925,-0.3800503774855075,-2.7274254900498587,0.14443828942687675,7.438849803773712
synthetic,natural,LAB008,X,144.0,1.9032,1.327948242041632,-0.575251757958368,-3.7781877755777638,0.33091458503419285,14.274702867525251
synthetic,natural,LAB008,X,160.0,0.6129,1.2901615760808918,0.6772615760808918,11.28769293468153,0.45868324243557357,127.41201178765934
synthetic,natural,LAB008,Xd,16.0,0.0024,0.0033,0.0009000000000000002,0.015000000000000003,8.100000000000004e-07,0.00022500000000000008
synthetic,natural,LAB008,Xd,24.0,0.0,0.0033,0.0033,0.055,1.0889999999999999e-05,0.003025
synthetic,natural,LAB008,Xd,40.0,0.0057000000000001,0.0033,-0.0024000000000001,-0.040000000000001666,5.76000000000048e-06,0.0016000000000001332
synthetic,natural,LAB008,Xd,48.0,0.0023999999999999,0.0033,0.0009000000000000999,0.015000000000001667,8.100000000001799e-07,0.00022500000000005
synthetic,natural,LAB008,Xd,64.0,0.0045000000000001,0.0033,-0.0012000000000001003,-0.020000000000001673,1.4400000000002407e-06,0.0004000000000000669
synthetic,natural,LAB008,Xd,72.0,0.0069000000000001,0.0033,-0.0036000000000000996,-0.06000000000000166,1.2960000000000718e-05,0.0036000000000001994
synthetic,natural,LAB008,Xd,88.0,0.0113999999999998,0.0033,-0.008099999999999798,-0.13499999999999665,6.560999999999674e-05,0.018224999999999096
synthetic,natural,LAB008,Xd,96.0,0.0186000000000001,0.0033,-0.015300000000000098,-0.25500000000000167,0.000234090000000003,0.06502500000000085
synthetic,natural,LAB008,Xd,112.0,0.0138,0.0033,-0.010499999999999999,-0.175,0.00011024999999999998,0.030624999999999996
synthetic,natural,LAB008,Xd,120.0,0.03,0.0033,-0.026699999999999998,-0.445,0.0007128899999999999,0.198025
synthetic,natural,LAB008,Xd,144.0,0.03,0.03710138047286048,0.007101380472860484,0.11835634121434141,5.042960462032419e-05,0.01400822350564561
synthetic,natural,LAB008,Xd,160.0,0.3249,0.07488804643360043,-0.2500119535663996,-4.166865892773327,0.06250597692608754,17.362771368357656
synthetic,natural,LAB008,N,16.0,0.18498,0.12049450804122985,-0.06448549195877015,-4.35759892682791,0.00415837867316461,18.98866840709175
synthetic,natural,LAB008,N,24.0,0.17888,0.020218040049105105,-0.1586619599508949,-11.087178552024744,0.02517361753545938,122.92552824447749
synthetic,natural,LAB008,N,40.0,0.0638799999999999,1.8686978555073982e-10,-0.06387999981313011,-5.323333317760842,0.004080654376125503,28.33787761198266
synthetic,natural,LAB008,N,48.0,0.0371,1.115559468545545e-13,-0.037099999999888444,-3.09166666665737,0.0013764099999917226,9.558402777720294
synthetic,natural,LAB008,N,64.0,0.011,0.0,-0.011,-0.9166666666666666,0.00012099999999999999,0.8402777777777777
synthetic,natural,LAB008,N,72.0,0.04778,0.00011593339999715157,-0.04766406660000285,-3.9720055500002376,0.0022718632448495073,15.77682808923269
synthetic,natural,LAB008,N,88.0,0.018,0.0,-0.018,-1.4999999999999998,0.00032399999999999996,2.2499999999999996
synthetic,natural,LAB008,N,96.0,0.02,0.0,-0.02,-1.6666666666666667,0.0004,2.777777777777778
synthetic,natural,LAB008,N,112.0,0.005,0.0,-0.005,-0.4166666666666667,2.5e-05,0.17361111111111113
synthetic,natural,LAB008,N,120.0,0.006,0.0,-0.006,-0.5,3.6e-05,0.25
synthetic,natural,LAB008,N,144.0,0.027,0.0,-0.027,-2.25,0.0007289999999999999,5.0625
synthetic,natural,LAB008,N,160.0,0.015,0.0,-0.015,-1.25,0.000225,1.5625
synthetic,natural,LAB008,G,16.0,69.44,67.9559312549401,-1.4840687450599006,-0.5936274980239602,2.2024600400636682,0.35239360641018685
synthetic,natural,LAB008,G,24.0,70.84,61.33005397109464,-9.509946028905361,-3.8039784115621442,90.43907347269284,14.470251755630853
synthetic,natural,LAB008,G,40.0,57.24,48.114044558958724,-9.125955441041278,-3.650382176416511,83.2830627118709,13.325290033899345
synthetic,natural,LAB008,G,48.0,50.13,42.728530416485334,-7.401469583514668,-2.9605878334058673,54.781751995692794,8.765080319310847
synthetic,natural,LAB008,G,64.0,29.88,33.51475936018512,3.634759360185118,1.4539037440740472,13.211475606453329,2.1138360970325327
synthetic,natural,LAB008,G,72.0,23.94,28.78268161072736,4.842681610727357,1.937072644290943,23.451565182876912,3.752250429260306
synthetic,natural,LAB008,G,88.0,11.46,20.454054930751365,8.994054930751364,3.5976219723005456,80.89302409737293,12.942883855579668
synthetic,natural,LAB008,G,96.0,6.84,16.721450839467554,9.881450839467554,3.9525803357870215,97.64307069281404,15.622891310850244
synthetic,natural,LAB008,G,112.0,0.36,10.548642413528292,10.188642413528292,4.075456965411317,103.80843423074762,16.609349476919622
synthetic,natural,LAB008,G,120.0,0.05,8.162865839105612,8.112865839105611,3.2451463356422443,65.8185921233268,10.530974739732287
synthetic,natural,LAB008,G,144.0,0.0,3.371245710302057,3.371245710302057,1.3484982841208228,11.365297639230022,1.8184476222768033
synthetic,natural,LAB008,G,160.0,0.0,1.6885227435193693,1.6885227435193693,0.6754090974077477,2.8511090553821776,0.4561774488611484
synthetic,natural,LAB008,F,16.0,71.93,70.42679447701377,-1.503205522986235,-0.601282209194494,2.2596268443363208,0.3615402950938113
synthetic,natural,LAB008,F,24.0,74.78,66.53481742626319,-8.245182573736813,-3.298073029494725,67.9830356742532,10.877285707880512
synthetic,natural,LAB008,F,40.0,62.2,57.82510431066936,-4.374895689330643,-1.7499582757322572,19.13971229252384,3.0623539668038147
synthetic,natural,LAB008,F,48.0,55.37,53.80539636996417,-1.5646036300358261,-0.6258414520143305,2.447984519121284,0.39167752305940556
synthetic,natural,LAB008,F,64.0,51.32000000000001,46.00840539874639,-5.311594601253617,-2.124637840501447,28.21303720806657,4.514085953290652
synthetic,natural,LAB008,F,72.0,45.39,41.42546128685457,-3.96453871314543,-1.585815485258172,15.717567208028822,2.514810753284612
synthetic,natural,LAB008,F,88.0,25.83,32.12756726667332,6.297567266673319,2.5190269066693274,39.65935347827526,6.34549655652404
synthetic,natural,LAB008,F,96.0,23.66,26.92974369007137,3.269743690071369,1.3078974760285476,10.691223798761532,1.710595807801845
synthetic,natural,LAB008,F,112.0,6.05,16.711263061675755,10.661263061675754,4.264505224670302,113.66253007025188,18.1860048112403
synthetic,natural,LAB008,F,120.0,2.8400000000000003,12.216302908838363,9.376302908838364,3.7505211635353453,87.91505623829076,14.06640899812652
synthetic,natural,LAB008,F,144.0,0.03,3.025422536507108,2.995422536507108,1.1981690146028432,8.972556172214677,1.4356089875543483
synthetic,natural,LAB008,F,160.0,0.0,0.7973954090742948,0.7973954090742948,0.31895816362971796,0.635839438412762,0.10173431014604194
synthetic,natural,LAB008,E,24.0,20.835936,20.059248134136794,-0.7766878658632059,-0.38834393293160296,0.6032440409791414,0.15081101024478535
synthetic,natural,LAB008,E,48.0,30.070044000000006,35.00828472259054,4.938240722590532,2.469120361295266,24.386221434251457,6.096555358562864
synthetic,natural,LAB008,E,88.0,62.113188,55.49377922126147,-6.619408778738531,-3.3097043893692657,43.816572580040734,10.954143145010184
synthetic,natural,LAB008,E,144.0,82.396656,76.44784247859317,-5.948813521406819,-2.8878907519775168,35.3883823124726,8.339912995357267
synthetic,natural,LAB008,E,160.0,81.92311199999999,78.14104718481663,-3.782064815183361,-1.846641184814054,14.30401426624795,3.4100836654514532
synthetic,natural,LAB008,Gly,16.0,1.51,1.3449770900638471,-0.16502290993615287,-0.4714940283890082,0.027232560803795623,0.22230661880649488
synthetic,natural,LAB008,Gly,24.0,1.42,1.743581991309277,0.323581991309277,0.9245199751693629,0.10470530509967702,0.8547371844871594
synthetic,natural,LAB008,Gly,40.0,3.23,2.569225677769034,-0.6607743222309659,-1.887926634945617,0.4366227049197923,3.5642669789370807
synthetic,natural,LAB008,Gly,48.0,3.3,2.909939491998705,-0.3900605080012949,-1.114458594289414,0.15214719990222822,1.2420179583855369
synthetic,natural,LAB008,Gly,64.0,4.16,3.4992573312529816,-0.6607426687470186,-1.8878361964200532,0.43658087430293235,3.5639255045137337
synthetic,natural,LAB008,Gly,72.0,3.53,3.795186230587828,0.2651862305878283,0.7576749445366524,0.07032373689338085,0.5740713215786193
synthetic,natural,LAB008,Gly,88.0,5.27,4.343806035878277,-0.9261939641217225,-2.6462684689192075,0.8578352591755106,7.002736809596007
synthetic,natural,LAB008,Gly,96.0,5.33,4.597140397689503,-0.732859602310497,-2.0938845780299915,0.5370831966986997,4.384352626111836
synthetic,natural,LAB008,Gly,112.0,5.67,5.027040879580814,-0.642959120419186,-1.8370260583405316,0.41339643053021335,3.3746647390221503
synthetic,natural,LAB008,Gly,120.0,5.48,5.196334176363035,-0.2836658236369658,-0.8104737818199024,0.08046629949963818,0.6568677510174548
synthetic,natural,LAB008,Gly,144.0,5.82,5.53145792619924,-0.2885420738007607,-0.8244059251450306,0.08325652835324363,0.6796451294142338
synthetic,natural,LAB008,Gly,160.0,5.87,5.635112523634391,-0.2348874763656088,-0.6711070753303109,0.055172126553404435,0.45038470655840357
joint_reference,natural,LAB008,X,16.0,0.6692999999999999,0.3992788215559628,-0.2700211784440371,-4.500352974067285,0.07291143680830653,20.253176891196258
joint_reference,natural,LAB008,X,24.0,0.7476,0.5001736107970425,-0.24742638920295756,-4.1237731533826265,0.061219818074013437,17.00550502055929
joint_reference,natural,LAB008,X,40.0,1.2582,0.7848801141858758,-0.4733198858141242,-4.702351432742452,0.2240317143070956,22.11210899701499
joint_reference,natural,LAB008,X,48.0,1.4793,0.9751439929320724,-0.5041560070679276,-4.260089291116809,0.2541732794626763,18.148360768288114
joint_reference,natural,LAB008,X,64.0,1.8711,1.2387497923993827,-0.6323502076006173,-4.22445491689793,0.39986678505254386,17.846019344903095
joint_reference,natural,LAB008,X,72.0,1.5507,1.487548995567163,-0.06315100443283694,-0.5090523991813128,0.003988049360876191,0.2591343451122507
joint_reference,natural,LAB008,X,88.0,1.7697,1.5682422985921074,-0.20145770140789265,-1.4229650605179738,0.040585205456551636,2.024829563454921
joint_reference,natural,LAB008,X,96.0,1.8594,1.5682422985921074,-0.29115770140789254,-1.9573363814126368,0.08477280708912752,3.8311657100015153
joint_reference,natural,LAB008,X,112.0,1.9032,1.5682422985921074,-0.3349577014078926,-2.199963885875713,0.11219666173245894,4.8398410991573675
joint_reference,natural,LAB008,X,120.0,1.7418,1.5682422985921074,-0.17355770140789262,-1.2455340840502112,0.030122275717991212,1.5513551545307984
joint_reference,natural,LAB008,X,144.0,1.9032,1.557363895712418,-0.34583610428758194,-2.2714119922208775,0.11960261102881124,5.1593124384048155
joint_reference,natural,LAB008,X,160.0,0.6129,1.5106236444529213,0.8977236444529213,14.962060740882022,0.805907741809835,223.86326161384306
joint_reference,natural,LAB008,Xd,16.0,0.0024,0.0033,0.0009000000000000002,0.015000000000000003,8.100000000000004e-07,0.00022500000000000008
joint_reference,natural,LAB008,Xd,24.0,0.0,0.0033,0.0033,0.055,1.0889999999999999e-05,0.003025
joint_reference,natural,LAB008,Xd,40.0,0.0057000000000001,0.0033,-0.0024000000000001,-0.040000000000001666,5.76000000000048e-06,0.0016000000000001332
joint_reference,natural,LAB008,Xd,48.0,0.0023999999999999,0.0033,0.0009000000000000999,0.015000000000001667,8.100000000001799e-07,0.00022500000000005
joint_reference,natural,LAB008,Xd,64.0,0.0045000000000001,0.0033,-0.0012000000000001003,-0.020000000000001673,1.4400000000002407e-06,0.0004000000000000669
joint_reference,natural,LAB008,Xd,72.0,0.0069000000000001,0.0033,-0.0036000000000000996,-0.06000000000000166,1.2960000000000718e-05,0.0036000000000001994
joint_reference,natural,LAB008,Xd,88.0,0.0113999999999998,0.0033,-0.008099999999999798,-0.13499999999999665,6.560999999999674e-05,0.018224999999999096
joint_reference,natural,LAB008,Xd,96.0,0.0186000000000001,0.0033,-0.015300000000000098,-0.25500000000000167,0.000234090000000003,0.06502500000000085
joint_reference,natural,LAB008,Xd,112.0,0.0138,0.0033,-0.010499999999999999,-0.175,0.00011024999999999998,0.030624999999999996
joint_reference,natural,LAB008,Xd,120.0,0.03,0.0033,-0.026699999999999998,-0.445,0.0007128899999999999,0.198025
joint_reference,natural,LAB008,Xd,144.0,0.03,0.014178402879689439,-0.01582159712031056,-0.26369328533850933,0.0002503229354374194,0.0695341487326165
joint_reference,natural,LAB008,Xd,160.0,0.3249,0.0609186541391849,-0.2639813458608151,-4.399689097680252,0.06968615096248729,19.35726415624647
joint_reference,natural,LAB008,N,16.0,0.18498,0.20382483893131992,0.018844838931319913,1.2734375967212612,0.0003551279543473906,1.6216433127432215
joint_reference,natural,LAB008,N,24.0,0.17888,0.17932754036585163,0.00044754036585162305,0.03127378450998036,2.002923790666046e-07,0.0009780495975766877
joint_reference,natural,LAB008,N,40.0,0.0638799999999999,0.11020067792321704,0.046320677923217146,3.8600564936014288,0.0021456052032664164,14.900036133794558
joint_reference,natural,LAB008,N,48.0,0.0371,0.06400452568454529,0.026904525684545287,2.2420438070454405,0.000723853502310357,5.026760432710812
joint_reference,natural,LAB008,N,64.0,0.011,9.233011788612863e-07,-0.010999076698821138,-0.9165897249017615,0.0001209796882265501,0.8401367237954868
joint_reference,natural,LAB008,N,72.0,0.04778,0.019592368917974622,-0.02818763108202538,-2.3489692568354483,0.0007945425460163634,5.517656569558079
joint_reference,natural,LAB008,N,88.0,0.018,0.0,-0.018,-1.4999999999999998,0.00032399999999999996,2.2499999999999996
joint_reference,natural,LAB008,N,96.0,0.02,0.0,-0.02,-1.6666666666666667,0.0004,2.777777777777778
joint_reference,natural,LAB008,N,112.0,0.005,0.0,-0.005,-0.4166666666666667,2.5e-05,0.17361111111111113
joint_reference,natural,LAB008,N,120.0,0.006,0.0,-0.006,-0.5,3.6e-05,0.25
joint_reference,natural,LAB008,N,144.0,0.027,0.0,-0.027,-2.25,0.0007289999999999999,5.0625
joint_reference,natural,LAB008,N,160.0,0.015,0.0,-0.015,-1.25,0.000225,1.5625
joint_reference,natural,LAB008,G,16.0,69.44,70.92551903577979,1.485519035779788,0.5942076143119153,2.2067668056641114,0.3530826889062578
joint_reference,natural,LAB008,G,24.0,70.84,67.49357924215445,-3.34642075784555,-1.33856830313822,11.198531888539586,1.791765102166334
joint_reference,natural,LAB008,G,40.0,57.24,58.594371036275206,1.3543710362752037,0.5417484145100815,1.8343209039011692,0.2934913446241871
joint_reference,natural,LAB008,G,48.0,50.13,53.0480900462823,2.9180900462822947,1.1672360185129178,8.515249518211805,1.3624399229138886
joint_reference,natural,LAB008,G,64.0,29.88,40.42006452925833,10.540064529258334,4.216025811703334,111.0929602809297,17.774873644948755
joint_reference,natural,LAB008,G,72.0,23.94,33.805294991181896,9.865294991181894,3.9461179964727577,97.32404526303857,15.571847242086172
joint_reference,natural,LAB008,G,88.0,11.46,21.3928787923692,9.932878792369198,3.9731515169476794,98.66208110389779,15.785932976623647
joint_reference,natural,LAB008,G,96.0,6.84,15.879996535056751,9.039996535056751,3.6159986140227005,81.72153735383807,13.075445976614091
joint_reference,natural,LAB008,G,112.0,0.36,7.160288460173062,6.8002884601730615,2.7201153840692247,46.24392314156291,7.3990277026500655
joint_reference,natural,LAB008,G,120.0,0.05,4.247958780514741,4.197958780514742,1.6791835122058967,17.622857922900817,2.8196572676641307
joint_reference,natural,LAB008,G,144.0,0.0,0.5383201034696798,0.5383201034696798,0.21532804138787193,0.28978853379960684,0.04636616540793709
joint_reference,natural,LAB008,G,160.0,0.0,0.10141533868497787,0.10141533868497787,0.04056613547399115,0.01028507092058877,0.0016456113472942031
joint_reference,natural,LAB008,F,16.0,71.93,71.96508529974264,0.03508529974263297,0.014034119897053188,0.001230978258030401,0.00019695652128486418
joint_reference,natural,LAB008,F,24.0,74.78,70.01275928726406,-4.767240712735941,-1.9068962850943763,22.72658401316708,3.6362534421067325
joint_reference,natural,LAB008,F,40.0,62.2,64.7285283350627,2.5285283350627026,1.011411334025081,6.393455541214963,1.022952886594394
joint_reference,natural,LAB008,F,48.0,55.37,61.27682734932026,5.90682734932026,2.3627309397281038,34.890609334677805,5.582497493548448
joint_reference,natural,LAB008,F,64.0,51.32000000000001,52.891788692746275,1.5717886927462672,0.6287154770985068,2.4705196946450196,0.39528315114320306
joint_reference,natural,LAB008,F,72.0,45.39,48.072596631792585,2.6825966317925847,1.073038652717034,7.19632468890492,1.1514119502247873
joint_reference,natural,LAB008,F,88.0,25.83,38.09487918117601,12.264879181176013,4.9059516724704055,150.4272613288448,24.06836181261517
joint_reference,natural,LAB008,F,96.0,23.66,32.75702703206459,9.097027032064592,3.6388108128258367,82.75590082211392,13.240944131538226
joint_reference,natural,LAB008,F,112.0,6.05,22.045907724932608,15.995907724932607,6.398363089973043,255.86906394455866,40.939050231129386
joint_reference,natural,LAB008,F,120.0,2.8400000000000003,16.966413711052002,14.126413711052002,5.650565484420801,199.555564335798,31.928890293727676
joint_reference,natural,LAB008,F,144.0,0.03,4.018994670340601,3.988994670340601,1.5955978681362404,15.912078480005722,2.5459325568009152
joint_reference,natural,LAB008,F,160.0,0.0,0.31733127891985813,0.31733127891985813,0.12693251156794325,0.1006991405809128,0.016111862492946046
joint_reference,natural,LAB008,E,24.0,20.835936,15.275792320816846,-5.560143679183154,-2.780071839591577,30.915197733160383,7.728799433290096
joint_reference,natural,LAB008,E,48.0,30.070044000000006,25.45630142824617,-4.613742571753836,-2.306871285876918,21.2866205184137,5.321655129603425
joint_reference,natural,LAB008,E,88.0,62.113188,49.80456838635597,-12.308619613644034,-6.154309806822017,151.5021167933826,37.87552919834565
joint_reference,natural,LAB008,E,144.0,82.396656,73.49906684313584,-8.897589156864157,-4.319393329197319,79.16709280434662,18.6571587323143
joint_reference,natural,LAB008,E,160.0,81.92311199999999,75.10092011020477,-6.822191889795221,-3.3310218438944172,46.54230218118769,11.095706524501763
joint_reference,natural,LAB008,Gly,16.0,1.51,1.1728572111030138,-0.33714278889698623,-0.9632651111342464,0.11366526010523782,0.9278796743284721
joint_reference,natural,LAB008,Gly,24.0,1.42,1.3819520323844507,-0.03804796761554918,-0.1087084789015691,0.0014476478396738793,0.011817533385092893
joint_reference,natural,LAB008,Gly,40.0,3.23,1.9220231154434035,-1.3079768845565964,-3.7370768130188474,1.71080353053438,13.965743106403105
joint_reference,natural,LAB008,Gly,48.0,3.3,2.2574321522589673,-1.0425678477410325,-2.978765279260093,1.0869477171433688,8.87304258892546
joint_reference,natural,LAB008,Gly,64.0,4.16,3.0355887691064645,-1.1244112308935357,-3.2126035168386737,1.264300616159516,10.320821356404215
joint_reference,natural,LAB008,Gly,72.0,3.53,3.433744662576056,-0.09625533742394365,-0.27501524978269615,0.009265089982597247,0.07563338761303876
joint_reference,natural,LAB008,Gly,88.0,5.27,4.214523999007369,-1.0554760009926305,-3.0156457171218016,1.1140295886713953,9.094119091195065
joint_reference,natural,LAB008,Gly,96.0,5.33,4.564919854368543,-0.7650801456314573,-2.1859432732327355,0.5853476292394519,4.778347993791446
joint_reference,natural,LAB008,Gly,112.0,5.67,5.120768371081036,-0.5492316289189638,-1.569233225482754,0.3016553822049784,2.4624929159590074
joint_reference,natural,LAB008,Gly,120.0,5.48,5.30758262728053,-0.17241737271947066,-0.49262106491277335,0.029727750415484866,0.24267551359579487
joint_reference,natural,LAB008,Gly,144.0,5.82,5.550327252302582,-0.26967274769741856,-0.7704935648497674,0.07272339085067557,0.5936603334749027
joint_reference,natural,LAB008,Gly,160.0,5.87,5.579245279915853,-0.2907547200841467,-0.8307277716689907,0.0845383072512105,0.6901086306221268
natural,natural,LAB009,X,16.0,0.8765999999999999,0.7535511072908035,-0.12304889270919639,-1.754632852914619,0.015141029996959324,3.0787364485272946
natural,natural,LAB009,X,24.0,0.8328,1.0139579352544927,0.18115793525449275,2.7191092587429866,0.032818197505670985,7.393555160981834
natural,natural,LAB009,X,40.0,1.5681,1.2469066528513808,-0.32119334714861925,-2.560370409640801,0.10316516625253344,6.555496634564204
natural,natural,LAB009,X,48.0,1.719,1.5439097113699298,-0.17509028863007026,-1.2731987247678174,0.03065660917256131,1.6210349927503964
natural,natural,LAB009,X,64.0,1.9287,1.545678915180073,-0.38302108481992714,-2.4823785763722137,0.14670515141663382,6.162203396431739
natural,natural,LAB009,X,72.0,1.818,1.545678915180073,-0.2723210848199271,-1.8723946976067594,0.07415877323750195,3.5058619036259078
natural,natural,LAB009,X,88.0,1.7718,1.545678915180073,-0.2261210848199271,-1.5952779999148259,0.051130745000140664,2.544911897012247
natural,natural,LAB009,X,96.0,1.7925,1.545678915180073,-0.24682108481992704,-1.7212070071124619,0.06092064791168562,2.9625535613330385
natural,natural,LAB009,X,120.0,1.8732,1.544705546446962,-0.3284944535530381,-2.1920674083989837,0.1079086060151091,4.805159522965037
natural,natural,LAB009,X,144.0,1.719,1.5340947561538414,-0.1849052438461587,-1.3445698359959184,0.03418994920180741,1.807868043870091
natural,natural,LAB009,X,160.0,0.1383,1.5264265940453274,1.3881265940453273,23.13544323408879,1.926895441095881,535.2487336377447
natural,natural,LAB009,Xd,16.0,0.0093,0.0008999999999999,-0.008400000000000098,-0.14000000000000165,7.056000000000166e-05,0.01960000000000046
natural,natural,LAB009,Xd,24.0,0.0023999999999999,0.0008999999999999,-0.0015,-0.025,2.25e-06,0.0006250000000000001
natural,natural,LAB009,Xd,40.0,0.0044999999999999,0.0008999999999999,-0.0036,-0.06,1.296e-05,0.0036
natural,natural,LAB009,Xd,48.0,0.0,0.0008999999999999,0.0008999999999999,0.014999999999998334,8.0999999999982e-07,0.00022499999999995
natural,natural,LAB009,Xd,64.0,0.0230999999999998,0.0008999999999999,-0.0221999999999999,-0.36999999999999833,0.0004928399999999956,0.13689999999999877
natural,natural,LAB009,Xd,72.0,0.0023999999999999,0.0008999999999999,-0.0015,-0.025,2.25e-06,0.0006250000000000001
natural,natural,LAB009,Xd,88.0,0.0138,0.0008999999999999,-0.012900000000000099,-0.21500000000000166,0.00016641000000000255,0.04622500000000072
natural,natural,LAB009,Xd,96.0,0.0323999999999999,0.0008999999999999,-0.0315,-0.525,0.00099225,0.275625
natural,natural,LAB009,Xd,120.0,0.0117,0.0018733687331111205,-0.00982663126688888,-0.16377718778148134,9.656268205539815e-05,0.0268229672376106
natural,natural,LAB009,Xd,144.0,0.0507000000000001,0.012484159026231633,-0.03821584097376847,-0.6369306828961412,0.0014604505013323611,0.4056806948145448
natural,natural,LAB009,Xd,160.0,0.0644999999999999,0.020152321134745924,-0.04434767886525398,-0.7391279810875664,0.0019667166207356945,0.5463101724265819
natural,natural,LAB009,N,16.0,0.16704,0.13210210732477606,-0.03493789267522393,-2.6144855031148175,0.001220656344585466,6.83553444599754
natural,natural,LAB009,N,24.0,0.1480199999999999,0.062374928648228516,-0.08564507135177138,-7.1370892793142815,0.007335078246850011,50.93804338090285
natural,natural,LAB009,N,40.0,0.021,1.7641465821800145e-09,-0.02099999823585342,-1.749999852987785,0.0004409999259058467,3.062499485457269
natural,natural,LAB009,N,48.0,0.07072,0.0004737255495626816,-0.07024627445043732,-5.85385620420311,0.004934539074166164,34.267632459487245
natural,natural,LAB009,N,64.0,0.019,0.0,-0.019,-1.5833333333333333,0.000361,2.506944444444444
natural,natural,LAB009,N,72.0,0.017,0.0,-0.017,-1.4166666666666667,0.00028900000000000003,2.0069444444444446
natural,natural,LAB009,N,88.0,0.017,0.0,-0.017,-1.4166666666666667,0.00028900000000000003,2.0069444444444446
natural,natural,LAB009,N,96.0,0.019,0.0,-0.019,-1.5833333333333333,0.000361,2.506944444444444
natural,natural,LAB009,N,120.0,0.005,0.0,-0.005,-0.4166666666666667,2.5e-05,0.17361111111111113
natural,natural,LAB009,N,144.0,0.025,0.0,-0.025,-2.0833333333333335,0.0006250000000000001,4.340277777777779
natural,natural,LAB009,N,160.0,0.0,0.0,0.0,0.0,0.0,0.0
natural,natural,LAB009,G,16.0,67.56,66.22096557460503,-1.3390344253949706,-0.5356137701579883,1.7930131923928392,0.2868821107828543
natural,natural,LAB009,G,24.0,66.45,59.82651581448379,-6.623484185516212,-2.6493936742064848,43.870542755783354,7.0192868409253375
natural,natural,LAB009,G,40.0,43.64,44.212121760087335,0.5721217600873345,0.2288487040349338,0.32732330836542955,0.052371729338468724
natural,natural,LAB009,G,48.0,31.9,36.35799464859426,4.4579946485942585,1.7831978594377034,19.873716286895046,3.1797946059032074
natural,natural,LAB009,G,64.0,12.94,22.383814528475963,9.443814528475963,3.7775258113903853,89.18563284825368,14.26970125572059
natural,natural,LAB009,G,72.0,9.42,16.98131059702935,7.561310597029349,3.0245242388117397,57.17341794474834,9.147746871159734
natural,natural,LAB009,G,88.0,4.38,8.61509960705049,4.235099607050491,1.6940398428201964,17.93606868163922,2.8697709890622756
natural,natural,LAB009,G,96.0,2.69,5.375901318326618,2.6859013183266183,1.0743605273306474,7.214065891788666,1.1542505426861867
natural,natural,LAB009,G,120.0,0.08,0.5000944863532532,0.42009448635325314,0.16803779454130124,0.1764793774644036,0.02823670039430457
natural,natural,LAB009,G,144.0,0.0,0.015534779154947212,0.015534779154947212,0.006213911661978885,0.0002413293633929824,3.8612698142877184e-05
natural,natural,LAB009,G,160.0,0.0,0.0012373502774833437,0.0012373502774833437,0.0004949401109933375,1.5310357091881077e-06,2.449657134700972e-07
natural,natural,LAB009,F,16.0,72.1,71.59482234996426,-0.5051776500357334,-0.20207106001429337,0.255204458095626,0.04083271329530015
natural,natural,LAB009,F,24.0,74.92999999999999,68.17689342658863,-6.753106573411358,-2.7012426293645433,45.6044483918517,7.296711742696272
natural,natural,LAB009,F,40.0,55.64,58.01424490273211,2.3742449027321086,0.9496979610928434,5.6370388581494,0.901926217303904
natural,natural,LAB009,F,48.0,42.53000000000001,51.96394800007222,9.433948000072213,3.7735792000288852,88.99937486806651,14.23989997889064
natural,natural,LAB009,F,64.0,32.97,38.91636425112441,5.946364251124415,2.3785457004497657,35.35924780705042,5.657479649128066
natural,natural,LAB009,F,72.0,34.55,32.93276022266241,-1.6172397773375877,-0.6468959109350351,2.61546449740293,0.41847431958446885
natural,natural,LAB009,F,88.0,14.32,21.80797425653364,7.48797425653364,2.995189702613456,56.06975846651052,8.971161354641684
natural,natural,LAB009,F,96.0,13.7,16.314612241371528,2.6146122413715283,1.0458448965486113,6.836197172729847,1.0937915476367757
natural,natural,LAB009,F,120.0,3.32,3.909758941528778,0.5897589415287783,0.23590357661151132,0.3478156091131449,0.05565049745810319
natural,natural,LAB009,F,144.0,0.2,0.401635465801493,0.201635465801493,0.0806541863205972,0.04065686106898505,0.006505097771037609
natural,natural,LAB009,F,160.0,0.02,0.06702489765704092,0.04702489765704092,0.018809959062816368,0.0022113409996551724,0.00035381455994482763
natural,natural,LAB009,E,48.0,38.988456000000006,35.04835869004317,-3.9400973099568333,-1.9700486549784166,15.524366811929074,3.8810917029822685
natural,natural,LAB009,E,64.0,57.456672000000005,47.24290098550541,-10.213771014494597,-5.1068855072472985,104.32111833652999,26.080279584132498
natural,natural,LAB009,E,144.0,78.371532,78.22281014934552,-0.14872185065448207,-0.07436092532724103,0.02211818886209407,0.0055295472155235175
natural,natural,LAB009,E,160.0,80.89710000000001,78.41312966760754,-2.483970332392474,-1.2282123005113772,6.1701086122059765,1.5085054551274495
natural,natural,LAB009,Gly,16.0,1.84,1.3601966326984631,-0.47980336730153694,-1.370866763718677,0.23021127127389357,1.8792756838685192
natural,natural,LAB009,Gly,24.0,1.79,1.7697123665092256,-0.020287633490774448,-0.057964667116498426,0.00041158807265599304,0.003359902633926474
natural,natural,LAB009,Gly,40.0,4.13,2.7961895460483674,-1.3338104539516324,-3.8108870112903785,1.77905032707066,14.522859812821714
natural,natural,LAB009,Gly,48.0,4.07,3.299483296899248,-0.7705167031007525,-2.201476294573579,0.5936959897572531,4.846497875569415
natural,natural,LAB009,Gly,64.0,5.0,4.230235567768116,-0.7697644322318844,-2.1993269492339556,0.5925372811292754,4.837039029626738
natural,natural,LAB009,Gly,72.0,4.38,4.5897563983059815,0.20975639830598158,0.5993039951599474,0.043997746630297596,0.35916527861467423
natural,natural,LAB009,Gly,88.0,5.59,5.146100762979297,-0.44389923702070266,-1.2682835343448648,0.19704653262756197,1.608543123490302
natural,natural,LAB009,Gly,96.0,6.58,5.361248624439575,-1.2187513755604247,-3.482146787315499,1.4853549154304273,12.125346248411653
natural,natural,LAB009,Gly,120.0,5.95,5.683640543814519,-0.26635945618548096,-0.7610270176728028,0.07094735989942515,0.5791621216279604
natural,natural,LAB009,Gly,144.0,5.63,5.714653684186102,0.08465368418610186,0.2418676691031482,0.0071662462462802725,0.058499969357389985
natural,natural,LAB009,Gly,160.0,5.81,5.715501128105122,-0.09449887189487782,-0.26999677684250806,0.00893003678940453,0.0728982595053431
synthetic,natural,LAB009,X,16.0,0.8765999999999999,1.126529840739709,0.24992984073970914,3.5639094333177783,0.06246492529217638,12.701450448891448
synthetic,natural,LAB009,X,24.0,0.8328,1.1844913199311675,0.35169131993116753,5.278748197814114,0.12368678451492685,27.865182535925754
synthetic,natural,LAB009,X,40.0,1.5681,1.184491655842153,-0.38360834415784706,-3.0579072138084866,0.14715536170752525,9.35079652826198
synthetic,natural,LAB009,X,48.0,1.719,1.4622039251354513,-0.2567960748645488,-1.8673362046578592,0.06594422406583896,3.4869445012260183
synthetic,natural,LAB009,X,64.0,1.9287,1.4622310515417232,-0.4664689484582769,-3.023208303898201,0.2175932798757706,9.139788448759038
synthetic,natural,LAB009,X,72.0,1.818,1.4622310515417232,-0.3557689484582769,-2.4461561362642796,0.12657154468710807,5.983679842983389
synthetic,natural,LAB009,X,88.0,1.7718,1.4622310515417232,-0.30956894845827687,-2.1840003700916926,0.09583293384956328,4.76985761656065
synthetic,natural,LAB009,X,96.0,1.7925,1.4622310515417232,-0.3302689484582768,-2.3031307423868674,0.1090775783157359,5.304411216527483
synthetic,natural,LAB009,X,120.0,1.8732,1.4565142734810663,-0.41668572651893365,-2.780574194686457,0.17362699468461157,7.731592852156238
synthetic,natural,LAB009,X,144.0,1.719,1.41841267493365,-0.30058732506635,-2.1857717064161575,0.09035273999054357,4.777597952569401
synthetic,natural,LAB009,X,160.0,0.1383,1.3906256518275995,1.2523256518275994,20.872094197126657,1.5683195382254216,435.64431617372827
synthetic,natural,LAB009,Xd,16.0,0.0093,0.0008999999999999,-0.008400000000000098,-0.14000000000000165,7.056000000000166e-05,0.01960000000000046
synthetic,natural,LAB009,Xd,24.0,0.0023999999999999,0.0008999999999999,-0.0015,-0.025,2.25e-06,0.0006250000000000001
synthetic,natural,LAB009,Xd,40.0,0.0044999999999999,0.0008999999999999,-0.0036,-0.06,1.296e-05,0.0036
synthetic,natural,LAB009,Xd,48.0,0.0,0.0008999999999999,0.0008999999999999,0.014999999999998334,8.0999999999982e-07,0.00022499999999995
synthetic,natural,LAB009,Xd,64.0,0.0230999999999998,0.0008999999999999,-0.0221999999999999,-0.36999999999999833,0.0004928399999999956,0.13689999999999877
synthetic,natural,LAB009,Xd,72.0,0.0023999999999999,0.0008999999999999,-0.0015,-0.025,2.25e-06,0.0006250000000000001
synthetic,natural,LAB009,Xd,88.0,0.0138,0.0008999999999999,-0.012900000000000099,-0.21500000000000166,0.00016641000000000255,0.04622500000000072
synthetic,natural,LAB009,Xd,96.0,0.0323999999999999,0.0008999999999999,-0.0315,-0.525,0.00099225,0.275625
synthetic,natural,LAB009,Xd,120.0,0.0117,0.006616778060657204,-0.005083221939342796,-0.08472036565571327,2.5839145284615936e-05,0.00717754035683776
synthetic,natural,LAB009,Xd,144.0,0.0507000000000001,0.0447183766080738,-0.005981623391926302,-0.0996937231987717,3.577981840283992e-05,0.009938838445233312
synthetic,natural,LAB009,Xd,160.0,0.0644999999999999,0.0725053997141254,0.008005399714125491,0.1334233285687582,6.40864245829205e-05,0.017801784606366805
synthetic,natural,LAB009,N,16.0,0.16704,0.016695309650158877,-0.1503446903498411,-11.250650319522352,0.022603525916389606,126.5771326121684
synthetic,natural,LAB009,N,24.0,0.1480199999999999,9.675578775595052e-08,-0.14801990324421216,-12.33499193701768,0.02190989175642593,152.1520260862912
synthetic,natural,LAB009,N,40.0,0.021,5.476500327014878e-14,-0.020999999999945236,-1.7499999999954363,0.0004409999999976999,3.062499999984027
synthetic,natural,LAB009,N,48.0,0.07072,7.81339771862816e-06,-0.07071218660228137,-5.892682216856781,0.0050002133340758615,34.72370370886015
synthetic,natural,LAB009,N,64.0,0.019,0.0,-0.019,-1.5833333333333333,0.000361,2.506944444444444
synthetic,natural,LAB009,N,72.0,0.017,0.0,-0.017,-1.4166666666666667,0.00028900000000000003,2.0069444444444446
synthetic,natural,LAB009,N,88.0,0.017,0.0,-0.017,-1.4166666666666667,0.00028900000000000003,2.0069444444444446
synthetic,natural,LAB009,N,96.0,0.019,0.0,-0.019,-1.5833333333333333,0.000361,2.506944444444444
synthetic,natural,LAB009,N,120.0,0.005,0.0,-0.005,-0.4166666666666667,2.5e-05,0.17361111111111113
synthetic,natural,LAB009,N,144.0,0.025,0.0,-0.025,-2.0833333333333335,0.0006250000000000001,4.340277777777779
synthetic,natural,LAB009,N,160.0,0.0,0.0,0.0,0.0,0.0,0.0
synthetic,natural,LAB009,G,16.0,67.56,62.29244219209615,-5.267557807903849,-2.1070231231615395,27.7471652596088,4.439546441537408
synthetic,natural,LAB009,G,24.0,66.45,54.35827467093206,-12.091725329067941,-4.836690131627177,146.2098214336232,23.393571429379715
synthetic,natural,LAB009,G,40.0,43.64,40.77516534144049,-2.8648346585595093,-1.1459338634238037,8.20727762088378,1.3131644193414047
synthetic,natural,LAB009,G,48.0,31.9,34.288128440077514,2.388128440077516,0.9552513760310063,5.703157446307069,0.912505191409131
synthetic,natural,LAB009,G,64.0,12.94,23.270632469136856,10.330632469136857,4.132252987654743,106.72196721238467,17.07551475398155
synthetic,natural,LAB009,G,72.0,9.42,19.07779134003762,9.65779134003762,3.863116536015048,93.27293356770566,14.923669370832904
synthetic,natural,LAB009,G,88.0,4.38,12.552688637379728,8.172688637379729,3.2690754549518912,66.79283956355572,10.686854330168915
synthetic,natural,LAB009,G,96.0,2.69,9.921043573262136,7.231043573262136,2.8924174293048543,52.28799115841564,8.366078585346502
synthetic,natural,LAB009,G,120.0,0.08,4.3176997506510215,4.2376997506510214,1.6950799002604087,17.95809917666773,2.873295868266837
synthetic,natural,LAB009,G,144.0,0.0,1.5110420123653205,1.5110420123653205,0.6044168049461283,2.2832479631330376,0.3653196741012861
synthetic,natural,LAB009,G,160.0,0.0,0.6480505684304102,0.6480505684304102,0.2592202273721641,0.41996953924297775,0.06719512627887646
synthetic,natural,LAB009,F,16.0,72.1,68.14805345634146,-3.9519465436585364,-1.5807786174634146,15.617881483934651,2.4988610374295446
synthetic,natural,LAB009,F,24.0,74.92999999999999,63.0263540647194,-11.903645935280593,-4.761458374112237,141.69678655252218,22.671485848403552
synthetic,natural,LAB009,F,40.0,55.64,52.0365286447536,-3.6034713552463984,-1.4413885420985593,12.985005808081315,2.07760092929301
synthetic,natural,LAB009,F,48.0,42.53000000000001,45.91692589591438,3.3869258959143735,1.3547703583657493,11.471267024415383,1.8354027239064608
synthetic,natural,LAB009,F,64.0,32.97,33.6012505830153,0.6312505830153015,0.2525002332061206,0.398477298557158,0.06375636776914528
synthetic,natural,LAB009,F,72.0,34.55,28.324873715530114,-6.225126284469884,-2.4900505137879536,38.75219725759782,6.200351561215652
synthetic,natural,LAB009,F,88.0,14.32,19.171605694065615,4.851605694065615,1.940642277626246,23.5380778106899,3.7660924497103836
synthetic,natural,LAB009,F,96.0,13.7,14.884548634437314,1.1845486344373146,0.47381945377492585,1.4031554673473068,0.2245048747755691
synthetic,natural,LAB009,F,120.0,3.32,4.691776372225843,1.3717763722258431,0.5487105488903372,1.8817704153970949,0.30108326646353517
synthetic,natural,LAB009,F,144.0,0.2,0.6513430371944666,0.4513430371944666,0.18053721487778665,0.20371053722392568,0.03259368595582811
synthetic,natural,LAB009,F,160.0,0.02,0.12404158876844297,0.10404158876844297,0.04161663550737719,0.010824652193461798,0.0017319443509538877
synthetic,natural,LAB009,E,48.0,38.988456000000006,43.56608103715877,4.577625037158761,2.2888125185793804,20.954650980822745,5.238662745205686
synthetic,natural,LAB009,E,64.0,57.456672000000005,54.45142707478832,-3.0052449252116844,-1.5026224626058422,9.031497060510583,2.2578742651276458
synthetic,natural,LAB009,E,144.0,78.371532,79.31478452736455,0.9432525273645496,0.4716262636822748,0.8897253303796103,0.22243133259490258
synthetic,natural,LAB009,E,160.0,80.89710000000001,79.88783672886956,-1.0092632711304503,-0.4990355753817875,1.018612350452937,0.24903650549663173
synthetic,natural,LAB009,Gly,16.0,1.84,1.5626248962122868,-0.27737510378771324,-0.7925002965363236,0.07693694820124469,0.6280567200101608
synthetic,natural,LAB009,Gly,24.0,1.79,2.0570996754120126,0.2670996754120125,0.7631419297486073,0.07134223660520245,0.5823856049404282
synthetic,natural,LAB009,Gly,40.0,4.13,2.9232751140628825,-1.2067248859371174,-3.447785388391764,1.4561849503399489,11.887224084407748
synthetic,natural,LAB009,Gly,48.0,4.07,3.3320743703709312,-0.737925629629069,-2.10835894179734,0.544534234863458,4.4451774274568
synthetic,natural,LAB009,Gly,64.0,5.0,4.058219105596362,-0.9417808944036379,-2.6908025554389656,0.8869512530637161,7.240418392356868
synthetic,natural,LAB009,Gly,72.0,4.38,4.3384380375775375,-0.04156196242246235,-0.11874846406417815,0.0017273967204061726,0.014101197717601408
synthetic,natural,LAB009,Gly,88.0,5.59,4.780634081704454,-0.8093659182955459,-2.3124740522729885,0.6550731896983923,5.347536242435856
synthetic,natural,LAB009,Gly,96.0,6.58,4.96282758482315,-1.6171724151768503,-4.620492614791001,2.615246620408927,21.34895200333818
synthetic,natural,LAB009,Gly,120.0,5.95,5.354515595011668,-0.5954844049883325,-1.7013840142523788,0.35460167658430847,2.894707563953539
synthetic,natural,LAB009,Gly,144.0,5.63,5.533266579614563,-0.09673342038543709,-0.2763812011012488,0.009357354619465696,0.07638656832216893
synthetic,natural,LAB009,Gly,160.0,5.81,5.577924679892841,-0.2320753201071586,-0.6630723431633103,0.05385895420284013,0.4396649322680828
joint_reference,natural,LAB009,X,16.0,0.8765999999999999,0.6386458914766946,-0.23795410852330534,-3.393139808967964,0.056622157763120975,11.51339776320315
joint_reference,natural,LAB009,X,24.0,0.8328,0.8092042194172396,-0.02359578058276035,-0.35416337330031744,0.0005567608613097704,0.12543169498746
joint_reference,natural,LAB009,X,40.0,1.5681,1.3233597739941387,-0.24474022600586132,-1.9509296760877919,0.05989777822540008,3.8061266010400168
joint_reference,natural,LAB009,X,48.0,1.719,1.6413008732495926,-0.07769912675040747,-0.5650023760209967,0.006037154297775885,0.3192276849093717
joint_reference,natural,LAB009,X,64.0,1.9287,1.6675464304447634,-0.2611535695552367,-1.6925491882825006,0.06820118689144186,2.8647227547557517
joint_reference,natural,LAB009,X,72.0,1.818,1.6675464304447634,-0.1504535695552367,-1.0344717378660389,0.022636276591912446,1.0701317764435827
joint_reference,natural,LAB009,X,88.0,1.7718,1.6675464304447634,-0.10425356955523668,-0.7355060500284786,0.010868806765008572,0.5409691496284948
joint_reference,natural,LAB009,X,96.0,1.7925,1.6675464304447634,-0.12495356955523662,-0.871363804429823,0.015613394544595356,0.7592748796704147
joint_reference,natural,LAB009,X,120.0,1.8732,1.6675464304447634,-0.20565356955523661,-1.3723412446297554,0.042293390670810546,1.8833204917119462
joint_reference,natural,LAB009,X,144.0,1.719,1.6463826513849553,-0.07261734861504476,-0.5280493645654797,0.005273279319878943,0.2788361314180069
joint_reference,natural,LAB009,X,160.0,0.1383,1.6131161920889352,1.474816192088935,24.58026986814892,2.1750828004477065,604.1896667910298
joint_reference,natural,LAB009,Xd,16.0,0.0093,0.0008999999999999,-0.008400000000000098,-0.14000000000000165,7.056000000000166e-05,0.01960000000000046
joint_reference,natural,LAB009,Xd,24.0,0.0023999999999999,0.0008999999999999,-0.0015,-0.025,2.25e-06,0.0006250000000000001
joint_reference,natural,LAB009,Xd,40.0,0.0044999999999999,0.0008999999999999,-0.0036,-0.06,1.296e-05,0.0036
joint_reference,natural,LAB009,Xd,48.0,0.0,0.0008999999999999,0.0008999999999999,0.014999999999998334,8.0999999999982e-07,0.00022499999999995
joint_reference,natural,LAB009,Xd,64.0,0.0230999999999998,0.0008999999999999,-0.0221999999999999,-0.36999999999999833,0.0004928399999999956,0.13689999999999877
joint_reference,natural,LAB009,Xd,72.0,0.0023999999999999,0.0008999999999999,-0.0015,-0.025,2.25e-06,0.0006250000000000001
joint_reference,natural,LAB009,Xd,88.0,0.0138,0.0008999999999999,-0.012900000000000099,-0.21500000000000166,0.00016641000000000255,0.04622500000000072
joint_reference,natural,LAB009,Xd,96.0,0.0323999999999999,0.0008999999999999,-0.0315,-0.525,0.00099225,0.275625
joint_reference,natural,LAB009,Xd,120.0,0.0117,0.0008999999999999,-0.010800000000000101,-0.1800000000000017,0.00011664000000000219,0.03240000000000061
joint_reference,natural,LAB009,Xd,144.0,0.0507000000000001,0.02206377905980821,-0.02863622094019189,-0.4772703490031982,0.0008200331497354845,0.22778698603763461
joint_reference,natural,LAB009,Xd,160.0,0.0644999999999999,0.05533023835582723,-0.009169761644172672,-0.1528293607362112,8.40845286109403e-05,0.023356813503038972
joint_reference,natural,LAB009,N,16.0,0.16704,0.16981749688694783,0.002777496886947839,0.2078466899356321,7.714488957004937e-06,0.04320024651719879
joint_reference,natural,LAB009,N,24.0,0.1480199999999999,0.1284058609262139,-0.019614139073786008,-1.6345115894821673,0.000384714451605819,2.6716281361515213
joint_reference,natural,LAB009,N,40.0,0.021,0.0035686693893102173,-0.017431330610689785,-1.4526108842241487,0.0003038512868591707,2.1100783809664634
joint_reference,natural,LAB009,N,48.0,0.07072,0.0063724326631145415,-0.06434756733688546,-5.362297278073788,0.0041406094221750084,28.754232098437555
joint_reference,natural,LAB009,N,64.0,0.019,0.0,-0.019,-1.5833333333333333,0.000361,2.506944444444444
joint_reference,natural,LAB009,N,72.0,0.017,0.0,-0.017,-1.4166666666666667,0.00028900000000000003,2.0069444444444446
joint_reference,natural,LAB009,N,88.0,0.017,0.0,-0.017,-1.4166666666666667,0.00028900000000000003,2.0069444444444446
joint_reference,natural,LAB009,N,96.0,0.019,0.0,-0.019,-1.5833333333333333,0.000361,2.506944444444444
joint_reference,natural,LAB009,N,120.0,0.005,0.0,-0.005,-0.4166666666666667,2.5e-05,0.17361111111111113
joint_reference,natural,LAB009,N,144.0,0.025,0.0,-0.025,-2.0833333333333335,0.0006250000000000001,4.340277777777779
joint_reference,natural,LAB009,N,160.0,0.0,0.0,0.0,0.0,0.0,0.0
joint_reference,natural,LAB009,G,16.0,67.56,67.37713988046634,-0.18286011953365744,-0.07314404781346298,0.03343782331586349,0.005350051730538158
joint_reference,natural,LAB009,G,24.0,66.45,62.110695960889906,-4.339304039110097,-1.7357216156440387,18.8295595438372,3.0127295270139522
joint_reference,natural,LAB009,G,40.0,43.64,47.64208392230244,4.00208392230244,1.6008335689209758,16.016675721151678,2.5626681153842688
joint_reference,natural,LAB009,G,48.0,31.9,39.03612468413833,7.136124684138331,2.8544498736553323,50.92427550756839,8.147884081210943
joint_reference,natural,LAB009,G,64.0,12.94,23.577664119772194,10.637664119772195,4.255065647908878,113.15989792508874,18.105583668014198
joint_reference,natural,LAB009,G,72.0,9.42,17.59810940965915,8.178109409659148,3.2712437638636596,66.8814735163555,10.701035762616883
joint_reference,natural,LAB009,G,88.0,4.38,8.525585964395017,4.145585964395017,1.6582343857580066,17.18588298818896,2.7497412781102337
joint_reference,natural,LAB009,G,96.0,2.69,5.253540227372273,2.563540227372273,1.0254160909489092,6.571738497355886,1.0514781595769416
joint_reference,natural,LAB009,G,120.0,0.08,0.6728888185612145,0.5928888185612146,0.2371555274244858,0.3515171511749128,0.05624274418798604
joint_reference,natural,LAB009,G,144.0,0.0,0.046597376325974854,0.046597376325974854,0.01863895053038994,0.002171315480464522,0.0003474104768743235
joint_reference,natural,LAB009,G,160.0,0.0,0.006141838419495197,0.006141838419495197,0.002456735367798079,3.772217917118726e-05,6.0355486673899635e-06
joint_reference,natural,LAB009,F,16.0,72.1,71.61684648262178,-0.4831535173782129,-0.19326140695128516,0.23343732135493905,0.03734997141679025
joint_reference,natural,LAB009,F,24.0,74.92999999999999,68.47185030355483,-6.458149696445162,-2.5832598785780645,41.70769750169473,6.673231600271157
joint_reference,natural,LAB009,F,40.0,55.64,58.80680065427376,3.1668006542737572,1.2667202617095028,10.028626383908698,1.6045802214253913
joint_reference,natural,LAB009,F,48.0,42.53000000000001,52.54597290492389,10.015972904923885,4.006389161969554,100.3197132321694,16.051154117147103
joint_reference,natural,LAB009,F,64.0,32.97,39.91497267317628,6.944972673176281,2.7779890692705123,48.232645431165295,7.717223268986447
joint_reference,natural,LAB009,F,72.0,34.55,34.40742816678086,-0.14257183321913658,-0.057028733287654634,0.020326727627465298,0.0032522764203944477
joint_reference,natural,LAB009,F,88.0,14.32,24.582504758102456,10.262504758102455,4.105001903240982,105.31900391007554,16.851040625612086
joint_reference,natural,LAB009,F,96.0,13.7,19.835899182768536,6.1358991827685365,2.4543596731074144,37.6492587810996,6.023881404975934
joint_reference,natural,LAB009,F,120.0,3.32,6.88454781600857,3.5645478160085697,1.425819126403428,12.706001132611464,2.032960181217834
joint_reference,natural,LAB009,F,144.0,0.2,0.21209798933105067,0.012097989331050663,0.004839195732420265,0.00014636134585421564,2.3417815336674508e-05
joint_reference,natural,LAB009,F,160.0,0.02,0.003656588577893307,-0.016343411422106692,-0.0065373645688426765,0.0002671070969122475,4.273713550595959e-05
joint_reference,natural,LAB009,E,48.0,38.988456000000006,36.24443901795847,-2.7440169820415363,-1.3720084910207682,7.5296291977323415,1.8824072994330854
joint_reference,natural,LAB009,E,64.0,57.456672000000005,48.9398865096396,-8.516785490360405,-4.258392745180203,72.53563508881352,18.13390877220338
joint_reference,natural,LAB009,E,144.0,78.371532,76.13090044733968,-2.240631552660318,-1.120315776330159,5.020429754776988,1.255107438694247
joint_reference,natural,LAB009,E,160.0,80.89710000000001,76.22384622547415,-4.673253774525861,-2.310715105745872,21.839300841120206,5.339404299922157
joint_reference,natural,LAB009,Gly,16.0,1.84,1.257489773073737,-0.582510226926263,-1.6643149340750372,0.3393181644736864,2.7699441997851952
joint_reference,natural,LAB009,Gly,24.0,1.79,1.5769752034566273,-0.2130247965433727,-0.6086422758382077,0.04537956394234533,0.37044541993751295
joint_reference,natural,LAB009,Gly,40.0,4.13,2.4506186642039816,-1.6793813357960183,-4.798232387988624,2.820321671020019,23.023034049143014
joint_reference,natural,LAB009,Gly,48.0,4.07,2.969172575890747,-1.1008274241092533,-3.145221211740724,1.2118210176710138,9.892416470783788
joint_reference,natural,LAB009,Gly,64.0,5.0,3.947834888384064,-1.052165111615936,-3.006186033188389,1.107051422101775,9.037154466136942
joint_reference,natural,LAB009,Gly,72.0,4.38,4.327642574027668,-0.05235742597233184,-0.14959264563523383,0.0027413000544482084,0.022377959628148644
joint_reference,natural,LAB009,Gly,88.0,5.59,4.905237124095127,-0.6847628759048732,-1.9564653597282091,0.4689001962175127,3.827756703816431
joint_reference,natural,LAB009,Gly,96.0,6.58,5.114602131487618,-1.4653978685123823,-4.186851052892521,2.1473909130406335,17.529721739107213
joint_reference,natural,LAB009,Gly,120.0,5.95,5.413167733878686,-0.5368322661213139,-1.5338064746323254,0.28818888194894515,2.3525623016240425
joint_reference,natural,LAB009,Gly,144.0,5.63,5.457432351183505,-0.17256764881649467,-0.4930504251899848,0.029779593418053033,0.2430987217800248
joint_reference,natural,LAB009,Gly,160.0,5.81,5.459712244086783,-0.35028775591321626,-1.0008221597520466,0.12270151194271697,1.0016449954507511
natural,natural,LAB010,X,18.999999999941792,0.9492,1.6533588702676576,0.7041588702676576,9.273057183255077,0.4958397145766238,85.98958952391857
natural,natural,LAB010,X,24.0,1.2789,1.8027268420126867,0.5238268420126868,5.119896415011795,0.2743945604129843,26.213339300450635
natural,natural,LAB010,X,42.99999999994179,0.7845,1.8038112202512855,1.0193112202512855,16.24141523663616,1.0389953637301648,263.78356888883724
natural,natural,LAB010,X,66.99999999994179,0.9378,1.8038112202512855,0.8660112202512855,11.543122470826477,0.7499754336011205,133.24367637649914
natural,natural,LAB010,X,72.0,1.1844,1.8038112202512855,0.6194112202512856,6.537183597721269,0.38367025977318664,42.73476939031599
natural,natural,LAB010,X,138.9999999999418,3.3363,2.0911556060543526,-1.2451443939456475,-4.665139503138384,1.5503845617742738,21.76352658374225
natural,natural,LAB010,X,162.9999999999418,2.5737,2.081835453480343,-0.49186454651965716,-2.388898018998218,0.241930732122988,5.7068337451736095
natural,natural,LAB010,X,186.9999999999418,3.4239,2.072367721703789,-1.3515322782962111,-4.934184257338893,1.8266394992765471,24.346174285370967
natural,natural,LAB010,Xd,18.999999999941792,0.0206999999999999,0.1127999999999999,0.0921,1.5350000000000001,0.008482410000000001,2.3562250000000002
natural,natural,LAB010,Xd,24.0,0.0206999999999999,0.1127999999999999,0.0921,1.5350000000000001,0.008482410000000001,2.3562250000000002
natural,natural,LAB010,Xd,42.99999999994179,0.0024,0.1127999999999999,0.1103999999999999,1.8399999999999985,0.012188159999999977,3.3855999999999944
natural,natural,LAB010,Xd,66.99999999994179,0.0068999999999999,0.1127999999999999,0.1059,1.765,0.011214809999999999,3.1152249999999997
natural,natural,LAB010,Xd,72.0,0.0231,0.1127999999999999,0.0896999999999999,1.4949999999999986,0.008046089999999983,2.235024999999996
natural,natural,LAB010,Xd,138.9999999999418,0.0186000000000001,0.12422786859117219,0.10562786859117208,1.7604644765195347,0.011157246623113917,3.0992351730871994
natural,natural,LAB010,Xd,162.9999999999418,0.0117,0.13354802116517875,0.12184802116517875,2.030800352752979,0.014846940261869848,4.124150072741624
natural,natural,LAB010,Xd,186.9999999999418,0.0069000000000001,0.14301575294173421,0.13611575294173411,2.268595882362235,0.0185274981988952,5.146527277470889
natural,natural,LAB010,N,72.0,0.15162,0.0,-0.15162,-12.5,0.0229886244,156.25
natural,natural,LAB010,N,162.9999999999418,0.016,0.0,-0.016,-1.3333333333333333,0.000256,1.7777777777777777
natural,natural,LAB010,N,186.9999999999418,0.02,0.0,-0.02,-1.6666666666666667,0.0004,2.777777777777778
natural,natural,LAB010,G,72.0,59.59,12.694910839260187,-46.895089160739815,-18.758035664295925,2199.149387393737,351.86390198299785
natural,natural,LAB010,G,162.9999999999418,0.3,2.991194722958984e-06,-0.299997008805277,-0.11999880352211081,0.08999820529211346,0.014399712846738156
natural,natural,LAB010,G,186.9999999999418,0.25,1.804018395639364e-08,-0.24999998195981604,-0.09999999278392642,0.06249999097990835,0.009999998556785336
natural,natural,LAB010,F,72.0,81.95,33.60906604889604,-48.34093395110396,-19.336373580441585,2336.8458952649958,373.8953432423993
natural,natural,LAB010,F,162.9999999999418,15.39,0.002036113291820336,-15.38796388670818,-6.155185554683272,236.78943257863511,37.88630921258162
natural,natural,LAB010,F,186.9999999999418,3.0,5.278746590525328e-05,-2.999947212534095,-1.199978885013638,8.999683277991085,1.4399493244785737
natural,natural,LAB010,E,72.0,16.416192000000002,53.94328499310513,37.52709299310513,18.763546496552564,1408.28270851316,352.07067712829
natural,natural,LAB010,E,162.9999999999418,73.79394,78.98506605372351,5.191126053723508,2.595563026861754,26.947789705647,6.73694742641175
natural,natural,LAB010,E,186.9999999999418,80.02893599999999,78.98616191785048,-1.0427740821495064,-0.5211985235687785,1.0873777864027456,0.2716479009702745
natural,natural,LAB010,Gly,72.0,2.05,5.586430525922379,3.5364305259223796,10.104087216921085,12.506340864675638,102.09257848714809
natural,natural,LAB010,Gly,162.9999999999418,5.49,6.411102147146502,0.9211021471465015,2.631720420418576,0.8484291654778954,6.925952371248126
natural,natural,LAB010,Gly,186.9999999999418,5.66,6.411102351783822,0.751102351783822,2.1460067193823487,0.5641547428551883,4.60534483963419
synthetic,natural,LAB010,X,18.999999999941792,0.9492,1.7444722004441575,0.7952722004441575,10.472927207703295,0.6324578727992922,109.68220429785194
synthetic,natural,LAB010,X,24.0,1.2789,1.7444722691285752,0.4655722691285753,4.550514789355846,0.21675753778153056,20.70718484814628
synthetic,natural,LAB010,X,42.99999999994179,0.7845,1.7444722692654464,0.9599722692654464,15.295925259169001,0.9215467577586508,233.96532953408428
synthetic,natural,LAB010,X,66.99999999994179,0.9378,1.7444722692654464,0.8066722692654464,10.752189556214631,0.6507201500018649,115.60958025277098
synthetic,natural,LAB010,X,72.0,1.1844,1.7444722692654464,0.5600722692654465,5.9109282048447165,0.3136809468001468,34.939072242828786
synthetic,natural,LAB010,X,138.9999999999418,3.3363,1.9766556204376846,-1.3596443795623154,-5.094132645304361,1.8486328388753936,25.950187407955607
synthetic,natural,LAB010,X,162.9999999999418,2.5737,1.9406334816448232,-0.6330665183551769,-3.0746907096552474,0.40077321666234555,9.453722960040288
synthetic,natural,LAB010,X,186.9999999999418,3.4239,1.9044120905708204,-1.5194879094291798,-5.547357944993938,2.3088435069014595,30.773180169887368
synthetic,natural,LAB010,Xd,18.999999999941792,0.0206999999999999,0.1127999999999999,0.0921,1.5350000000000001,0.008482410000000001,2.3562250000000002
synthetic,natural,LAB010,Xd,24.0,0.0206999999999999,0.1127999999999999,0.0921,1.5350000000000001,0.008482410000000001,2.3562250000000002
synthetic,natural,LAB010,Xd,42.99999999994179,0.0024,0.1127999999999999,0.1103999999999999,1.8399999999999985,0.012188159999999977,3.3855999999999944
synthetic,natural,LAB010,Xd,66.99999999994179,0.0068999999999999,0.1127999999999999,0.1059,1.765,0.011214809999999999,3.1152249999999997
synthetic,natural,LAB010,Xd,72.0,0.0231,0.1127999999999999,0.0896999999999999,1.4949999999999986,0.008046089999999983,2.235024999999996
synthetic,natural,LAB010,Xd,138.9999999999418,0.0186000000000001,0.15835604422535043,0.13975604422535035,2.329267403755839,0.01953175189751808,5.425486638199468
synthetic,natural,LAB010,Xd,162.9999999999418,0.0117,0.19437818301821194,0.18267818301821195,3.044636383636866,0.03337131855083534,9.269810708565373
synthetic,natural,LAB010,Xd,186.9999999999418,0.0069000000000001,0.2305995740922155,0.2236995740922154,3.7283262348702566,0.05004149944903856,13.900416513621824
synthetic,natural,LAB010,N,72.0,0.15162,0.0,-0.15162,-12.5,0.0229886244,156.25
synthetic,natural,LAB010,N,162.9999999999418,0.016,0.0,-0.016,-1.3333333333333333,0.000256,1.7777777777777777
synthetic,natural,LAB010,N,186.9999999999418,0.02,0.0,-0.02,-1.6666666666666667,0.0004,2.777777777777778
synthetic,natural,LAB010,G,72.0,59.59,16.16217562314028,-43.427824376859725,-17.37112975074389,1885.9759301073718,301.7561488171795
synthetic,natural,LAB010,G,162.9999999999418,0.3,0.07050159648025575,-0.22949840351974424,-0.0917993614078977,0.052669517218111354,0.008427122754897817
synthetic,natural,LAB010,G,186.9999999999418,0.25,0.00860865873629256,-0.24139134126370743,-0.09655653650548297,0.05826977963709166,0.009323164741934667
synthetic,natural,LAB010,F,72.0,81.95,32.02839784374523,-49.92160215625477,-19.968640862501907,2492.166361847381,398.7466178955809
synthetic,natural,LAB010,F,162.9999999999418,15.39,0.007391253097210256,-15.38260874690279,-6.153043498761116,236.62465186029021,37.859944297646436
synthetic,natural,LAB010,F,186.9999999999418,3.0,0.00016571264756687094,-2.9998342873524333,-1.1999337149409732,8.99900575157528,1.4398409202520448
synthetic,natural,LAB010,E,72.0,16.416192000000002,60.02063480155787,43.604442801557866,21.802221400778933,1901.3474320343316,475.3368580085829
synthetic,natural,LAB010,E,162.9999999999418,73.79394,81.38814913124776,7.5942091312477515,3.7971045656238758,57.67201232912673,14.418003082281682
synthetic,natural,LAB010,E,186.9999999999418,80.02893599999999,81.41315720819743,1.3842212081974452,0.6918603582071592,1.916068353223595,0.47867075525853864
synthetic,natural,LAB010,Gly,72.0,2.05,5.1510553117348925,3.1010553117348927,8.860158033528265,9.616544046439193,78.50240037909545
synthetic,natural,LAB010,Gly,162.9999999999418,5.49,6.2838999351520854,0.7938999351520852,2.268285529005958,0.6302771070344851,5.145119241097838
synthetic,natural,LAB010,Gly,186.9999999999418,5.66,6.286462821756848,0.6264628217568475,1.789893776448136,0.3924556670435517,3.20371973096777
joint_reference,natural,LAB010,X,18.999999999941792,0.9492,1.4698212084985247,0.5206212084985247,6.85605257715082,0.2710464427384643,47.005456940656394
joint_reference,natural,LAB010,X,24.0,1.2789,1.6464187752909336,0.3675187752909337,3.592137533143069,0.1350700501913478,12.903452057015173
joint_reference,natural,LAB010,X,42.99999999994179,0.7845,1.8904700042531295,1.1059700042531295,17.62221166751322,1.2231696503076674,310.54234405463905
joint_reference,natural,LAB010,X,66.99999999994179,0.9378,1.8904700042539138,0.9526700042539138,12.698203298330053,0.9075801370051522,161.24436700572025
joint_reference,natural,LAB010,X,72.0,1.1844,1.8904700042539138,0.7060700042539139,7.451768872993857,0.49853485090712196,55.52885933652014
joint_reference,natural,LAB010,X,138.9999999999418,3.3363,2.2199587124019975,-1.1163412875980026,-4.182557352448829,1.2462178703959663,17.49378600652376
joint_reference,natural,LAB010,X,162.9999999999418,2.5737,2.2199587124019975,-0.3537412875980026,-1.7180580856257652,0.1251328985514928,2.951723585584069
joint_reference,natural,LAB010,X,186.9999999999418,3.4239,2.2199587124019975,-1.2039412875980027,-4.395357952911893,1.4494746239831366,19.319171534225827
joint_reference,natural,LAB010,Xd,18.999999999941792,0.0206999999999999,0.1127999999999999,0.0921,1.5350000000000001,0.008482410000000001,2.3562250000000002
joint_reference,natural,LAB010,Xd,24.0,0.0206999999999999,0.1127999999999999,0.0921,1.5350000000000001,0.008482410000000001,2.3562250000000002
joint_reference,natural,LAB010,Xd,42.99999999994179,0.0024,0.1127999999999999,0.1103999999999999,1.8399999999999985,0.012188159999999977,3.3855999999999944
joint_reference,natural,LAB010,Xd,66.99999999994179,0.0068999999999999,0.1127999999999999,0.1059,1.765,0.011214809999999999,3.1152249999999997
joint_reference,natural,LAB010,Xd,72.0,0.0231,0.1127999999999999,0.0896999999999999,1.4949999999999986,0.008046089999999983,2.235024999999996
joint_reference,natural,LAB010,Xd,138.9999999999418,0.0186000000000001,0.1127999999999999,0.0941999999999998,1.5699999999999967,0.008873639999999962,2.46489999999999
joint_reference,natural,LAB010,Xd,162.9999999999418,0.0117,0.1127999999999999,0.1010999999999999,1.6849999999999983,0.010221209999999979,2.839224999999994
joint_reference,natural,LAB010,Xd,186.9999999999418,0.0069000000000001,0.1127999999999999,0.1058999999999998,1.7649999999999968,0.011214809999999957,3.1152249999999886
joint_reference,natural,LAB010,N,72.0,0.15162,0.0,-0.15162,-12.5,0.0229886244,156.25
joint_reference,natural,LAB010,N,162.9999999999418,0.016,0.0,-0.016,-1.3333333333333333,0.000256,1.7777777777777777
joint_reference,natural,LAB010,N,186.9999999999418,0.02,0.0,-0.02,-1.6666666666666667,0.0004,2.777777777777778
joint_reference,natural,LAB010,G,72.0,59.59,12.39221253287999,-47.197787467120015,-18.879114986848005,2227.631141791431,356.420982686629
joint_reference,natural,LAB010,G,162.9999999999418,0.3,5.889845860430876e-05,-0.2999411015413957,-0.11997644061655828,0.08996466439386584,0.014394346303018536
joint_reference,natural,LAB010,G,186.9999999999418,0.25,1.0029695158317745e-06,-0.24999899703048417,-0.09999959881219367,0.06249949851624803,0.009999919762599686
joint_reference,natural,LAB010,F,72.0,81.95,33.17631975471667,-48.77368024528333,-19.50947209811333,2378.8718846691413,380.6195015470626
joint_reference,natural,LAB010,F,162.9999999999418,15.39,4.290768130941268e-06,-15.38999570923187,-6.155998283692748,236.8519679301754,37.89631486882806
joint_reference,natural,LAB010,F,186.9999999999418,3.0,9.874749263523473e-10,-2.999999999012525,-1.19999999960501,8.99999999407515,1.4399999990520238
joint_reference,natural,LAB010,E,72.0,16.416192000000002,58.74852264210315,42.332330642103145,21.166165321051572,1792.026217592345,448.0065543980862
joint_reference,natural,LAB010,E,162.9999999999418,73.79394,77.41092017867318,3.616980178673174,1.808490089336587,13.082545612914625,3.2706364032286563
joint_reference,natural,LAB010,E,186.9999999999418,80.02893599999999,77.41094565588102,-2.617990344118965,-1.3085218796955969,6.853873441900138,1.712229509642098
joint_reference,natural,LAB010,Gly,72.0,2.05,5.363817549743232,3.3138175497432325,9.468050142123522,10.981386752986241,89.64397349376524
joint_reference,natural,LAB010,Gly,162.9999999999418,5.49,6.145273830993261,0.6552738309932611,1.8722109456950318,0.4293837935845849,3.505173825180285
joint_reference,natural,LAB010,Gly,186.9999999999418,5.66,6.145276823425853,0.48527682342585265,1.3865052097881505,0.23549359535428618,1.9223966967696833
natural,natural,LAB011,X,18.999999999941792,0.7536,1.8880865446152424,1.1344865446152423,18.81778371508828,1.2870597199130323,354.10898394784164
natural,natural,LAB011,X,24.0,0.7488,1.8881200108130878,1.1393200108130879,18.988666846884797,1.2980500870391347,360.56946862198185
natural,natural,LAB011,X,42.99999999994179,0.9771,1.8881200112680472,0.9110200112680472,11.654641429588159,0.8299574609308329,135.8306668522727
natural,natural,LAB011,X,66.99999999994179,1.3743,1.8881200112680472,0.5138200112680471,4.673470232737094,0.26401100397949606,21.841324016279703
natural,natural,LAB011,X,138.9999999999418,2.4771,2.131865127772722,-0.345234872227278,-1.7421322929397178,0.11918711700178497,3.035024926103399
natural,natural,LAB011,X,162.9999999999418,2.871,2.105713859083992,-0.7652861409160079,-3.3319668273946705,0.5856628774781159,11.102002938858506
natural,natural,LAB011,Xd,18.999999999941792,0.009,0.0380999999999998,0.0290999999999998,0.48499999999999666,0.0008468099999999883,0.23522499999999677
natural,natural,LAB011,Xd,24.0,0.0069,0.0380999999999998,0.0311999999999998,0.5199999999999967,0.0009734399999999875,0.27039999999999653
natural,natural,LAB011,Xd,42.99999999994179,0.0068999999999999,0.0380999999999998,0.0311999999999999,0.5199999999999984,0.0009734399999999938,0.2703999999999983
natural,natural,LAB011,Xd,66.99999999994179,0.0128999999999999,0.0380999999999998,0.025199999999999903,0.4199999999999984,0.0006350399999999951,0.17639999999999864
natural,natural,LAB011,Xd,138.9999999999418,0.0183000000000004,0.09312713606371788,0.07482713606371748,1.2471189343952913,0.005599100291498089,1.5553056365272468
natural,natural,LAB011,Xd,162.9999999999418,0.0344999999999997,0.11927840475244451,0.08477840475244482,1.412973412540747,0.007187377912369358,1.9964938645470438
natural,natural,LAB011,N,18.999999999941792,0.22324,8.96111403073129e-06,-0.22323103888596926,-12.49949823541756,0.04983209672210912,156.2374561372067
natural,natural,LAB011,N,66.99999999994179,0.11794,0.0,-0.11794,-9.828333333333333,0.013909843600000001,96.59613611111111
natural,natural,LAB011,N,162.9999999999418,0.02564,0.0,-0.02564,-2.1366666666666667,0.0006574096,4.565344444444444
natural,natural,LAB011,G,18.999999999941792,68.25,49.785034440579786,-18.464965559420214,-7.385986223768086,340.95495311057465,54.55279249769195
natural,natural,LAB011,G,66.99999999994179,53.99,10.167055079130607,-43.822944920869396,-17.52917796834776,1920.4505015375528,307.2720802460085
natural,natural,LAB011,G,162.9999999999418,0.02,4.488363356889396e-08,-0.01999995511636643,-0.007999982046546571,0.00039999820465667175,6.399971274506747e-05
natural,natural,LAB011,F,18.999999999941792,88.24000000000001,62.99564492182471,-25.244355078175296,-10.09774203127012,637.2774633129949,101.96439413007919
natural,natural,LAB011,F,66.99999999994179,79.00999999999999,29.15898386271598,-49.851016137284006,-19.940406454913603,2485.1238099197503,397.6198095871601
natural,natural,LAB011,F,162.9999999999418,0.12,5.949269544871503e-05,-0.11994050730455127,-0.04797620292182051,0.014385725292473117,0.002301716046795699
natural,natural,LAB011,E,18.999999999941792,10.102272,24.19615123612617,14.09387923612617,7.046939618063085,198.6374319225084,49.6593579806271
natural,natural,LAB011,E,66.99999999994179,19.33638,56.616323852773235,37.279943852773236,18.639971926386618,1389.794213665925,347.4485534164813
natural,natural,LAB011,E,162.9999999999418,81.133872,77.9636953512157,-3.1701766487842917,-1.5629362043928048,10.050019984497203,2.442769579001787
natural,natural,LAB011,Gly,18.999999999941792,1.32,2.920150508483989,1.600150508483989,4.571858595668541,2.560481649801569,20.901891018788323
natural,natural,LAB011,Gly,66.99999999994179,2.34,5.56300827698457,3.2230082769845705,9.208595077098773,10.38778235351105,84.79822329396775
natural,natural,LAB011,Gly,162.9999999999418,5.75,6.217172042018909,0.46717204201890894,1.3347772629111685,0.21824971684411723,1.7816303415846306
synthetic,natural,LAB011,X,18.999999999941792,0.7536,1.830216555508621,1.076616555508621,17.857891379853715,1.1591032075952474,318.90428453465364
synthetic,natural,LAB011,X,24.0,0.7488,1.8302165555295642,1.081416555529564,18.023609258826067,1.1694617665734268,324.8504907148407
synthetic,natural,LAB011,X,42.99999999994179,0.9771,1.8302165555295642,0.8531165555295642,10.91388490852477,0.7278078573186281,119.11288379652471
synthetic,natural,LAB011,X,66.99999999994179,1.3743,1.8302165555295642,0.4559165555295641,4.1468070611362515,0.2078599056059421,17.196008802289477
synthetic,natural,LAB011,X,138.9999999999418,2.4771,1.903872703316023,-0.5732272966839771,-2.8926330017156,0.3285895336636203,8.367325682614203
synthetic,natural,LAB011,X,162.9999999999418,2.871,1.8117356268635303,-1.0592643731364697,-4.61191385029811,1.1220410121961981,21.269749362571535
synthetic,natural,LAB011,Xd,18.999999999941792,0.009,0.0380999999999998,0.0290999999999998,0.48499999999999666,0.0008468099999999883,0.23522499999999677
synthetic,natural,LAB011,Xd,24.0,0.0069,0.0380999999999998,0.0311999999999998,0.5199999999999967,0.0009734399999999875,0.27039999999999653
synthetic,natural,LAB011,Xd,42.99999999994179,0.0068999999999999,0.0380999999999998,0.0311999999999999,0.5199999999999984,0.0009734399999999938,0.2703999999999983
synthetic,natural,LAB011,Xd,66.99999999994179,0.0128999999999999,0.0380999999999998,0.025199999999999903,0.4199999999999984,0.0006350399999999951,0.17639999999999864
synthetic,natural,LAB011,Xd,138.9999999999418,0.0183000000000004,0.24218324761263588,0.22388324761263548,3.7313874602105916,0.050123708561580646,13.92325237821685
synthetic,natural,LAB011,Xd,162.9999999999418,0.0344999999999997,0.33432032406512746,0.29982032406512776,4.997005401085463,0.08989222672251823,24.97006297847729
synthetic,natural,LAB011,N,18.999999999941792,0.22324,6.03131829542913e-12,-0.22323999999396868,-12.499999999662286,0.04983609759730714,156.24999999155716
synthetic,natural,LAB011,N,66.99999999994179,0.11794,0.0,-0.11794,-9.828333333333333,0.013909843600000001,96.59613611111111
synthetic,natural,LAB011,N,162.9999999999418,0.02564,0.0,-0.02564,-2.1366666666666667,0.0006574096,4.565344444444444
synthetic,natural,LAB011,G,18.999999999941792,68.25,47.3847018927883,-20.8652981072117,-8.34611924288468,435.36066510281216,69.65770641644993
synthetic,natural,LAB011,G,66.99999999994179,53.99,13.876701804868954,-40.11329819513105,-16.04531927805242,1609.0766920915041,257.45227073464065
synthetic,natural,LAB011,G,162.9999999999418,0.02,0.008881448222069864,-0.011118551777930136,-0.004447420711172054,0.0001236221936385134,1.977955098216214e-05
synthetic,natural,LAB011,F,18.999999999941792,88.24000000000001,59.143500748181914,-29.096499251818095,-11.638599700727237,846.6062687110509,135.45700299376813
synthetic,natural,LAB011,F,66.99999999994179,79.00999999999999,27.46440687117115,-51.54559312882884,-20.618237251531536,2656.948171002767,425.1117073604427
synthetic,natural,LAB011,F,162.9999999999418,0.12,0.00012140394033479342,-0.11987859605966521,-0.04795143842386608,0.014370877793236378,0.0022993404469178204
synthetic,natural,LAB011,E,18.999999999941792,10.102272,30.911369338196778,20.80909733819678,10.40454866909839,433.0185320305483,108.25463300763707
synthetic,natural,LAB011,E,66.99999999994179,19.33638,61.53058685188633,42.194206851886335,21.097103425943168,1780.3510918597717,445.0877729649429
synthetic,natural,LAB011,E,162.9999999999418,81.133872,79.71486410462846,-1.4190078953715357,-0.6995884014368429,2.013583407126755,0.4894239314249572
synthetic,natural,LAB011,Gly,18.999999999941792,1.32,2.9830135072113455,1.6630135072113454,4.751467163460987,2.7656139251673797,22.576440205447998
synthetic,natural,LAB011,Gly,66.99999999994179,2.34,5.14940524055729,2.8094052405572905,8.026872115877973,7.892757805670767,64.43067596465933
synthetic,natural,LAB011,Gly,162.9999999999418,5.75,6.107084161652047,0.3570841616520468,1.020240461862991,0.1275090985027451,1.0408906000224092
joint_reference,natural,LAB011,X,18.999999999941792,0.7536,1.8223987692629322,1.0687987692629322,17.728217377636213,1.1423308091779585,314.2896913887226
joint_reference,natural,LAB011,X,24.0,0.7488,1.9716803685434812,1.222880368543481,20.381339475724683,1.49543639576904,415.3989988247333
joint_reference,natural,LAB011,X,42.99999999994179,0.9771,1.972682404348032,0.995582404348032,12.736444636526866,0.9911843238474083,162.21702197931396
joint_reference,natural,LAB011,X,66.99999999994179,1.3743,1.972682404348032,0.5983824043480319,5.442610823219383,0.3580615018333316,29.622012573024765
joint_reference,natural,LAB011,X,138.9999999999418,2.4771,2.096711641393791,-0.3803883586062091,-1.9195246387217366,0.14469530336312594,3.6845748386598136
joint_reference,natural,LAB011,X,162.9999999999418,2.871,1.9938783781976255,-0.8771216218023745,-3.8188855007069598,0.7693423394332277,14.583886467509847
joint_reference,natural,LAB011,Xd,18.999999999941792,0.009,0.0380999999999998,0.0290999999999998,0.48499999999999666,0.0008468099999999883,0.23522499999999677
joint_reference,natural,LAB011,Xd,24.0,0.0069,0.0380999999999998,0.0311999999999998,0.5199999999999967,0.0009734399999999875,0.27039999999999653
joint_reference,natural,LAB011,Xd,42.99999999994179,0.0068999999999999,0.0380999999999998,0.0311999999999999,0.5199999999999984,0.0009734399999999938,0.2703999999999983
joint_reference,natural,LAB011,Xd,66.99999999994179,0.0128999999999999,0.0380999999999998,0.025199999999999903,0.4199999999999984,0.0006350399999999951,0.17639999999999864
joint_reference,natural,LAB011,Xd,138.9999999999418,0.0183000000000004,0.24355946288363045,0.22525946288363005,3.7543243813938343,0.050741825618621506,14.094951560728196
joint_reference,natural,LAB011,Xd,162.9999999999418,0.0344999999999997,0.3463927260797944,0.3118927260797947,5.198212101329911,0.09727707258148584,27.021409050412732
joint_reference,natural,LAB011,N,18.999999999941792,0.22324,0.036488930751871713,-0.1867510692481283,-10.456855248170596,0.03487596186531921,109.34582168119294
joint_reference,natural,LAB011,N,66.99999999994179,0.11794,0.0,-0.11794,-9.828333333333333,0.013909843600000001,96.59613611111111
joint_reference,natural,LAB011,N,162.9999999999418,0.02564,0.0,-0.02564,-2.1366666666666667,0.0006574096,4.565344444444444
joint_reference,natural,LAB011,G,18.999999999941792,68.25,51.554304201488684,-16.695695798511316,-6.6782783194045265,278.7462581964284,44.59940131142855
joint_reference,natural,LAB011,G,66.99999999994179,53.99,9.410333043687283,-44.57966695631272,-17.83186678252509,1987.3467059357604,317.9754729497217
joint_reference,natural,LAB011,G,162.9999999999418,0.02,4.8434967095854235e-06,-0.019995156503290416,-0.007998062601316167,0.00039980628359107705,6.396900537457234e-05
joint_reference,natural,LAB011,F,18.999999999941792,88.24000000000001,62.318213304393474,-25.921786695606535,-10.368714678242615,671.9390254925239,107.51024407880385
joint_reference,natural,LAB011,F,66.99999999994179,79.00999999999999,29.753230993427373,-49.25676900657262,-19.702707602629047,2426.229292966853,388.19668687469647
joint_reference,natural,LAB011,F,162.9999999999418,0.12,4.391859566259881e-09,-0.11999999560814043,-0.04799999824325617,0.01439999894595372,0.002303999831352595
joint_reference,natural,LAB011,E,18.999999999941792,10.102272,26.236362948885034,16.134090948885035,8.067045474442518,260.308890746894,65.0772226867235
joint_reference,natural,LAB011,E,66.99999999994179,19.33638,60.02129176532688,40.68491176532688,20.34245588266344,1655.2620453524337,413.8155113381084
joint_reference,natural,LAB011,E,162.9999999999418,81.133872,75.82138148570935,-5.312490514290644,-2.6191233739174407,28.222555464428073,6.859807247800678
joint_reference,natural,LAB011,Gly,18.999999999941792,1.32,2.7113909331788215,1.3913909331788215,3.975402666225204,1.9359687289322316,15.803826358630463
joint_reference,natural,LAB011,Gly,66.99999999994179,2.34,5.374729378313491,3.034729378313491,8.670655366609976,9.20958239959899,75.18026448652238
joint_reference,natural,LAB011,Gly,162.9999999999418,5.75,5.9628795040530465,0.21287950405304645,0.6082271544372756,0.04531768324587102,0.3699402713948655
natural,natural,LAB012,X,18.999999999941792,0.9573,1.4747908774206757,0.5174908774206757,6.757166998598606,0.2677968082136208,45.6593058469501
natural,natural,LAB012,X,24.0,0.978,1.6655822665650386,0.6875822665650386,8.788116903949879,0.47276937329471586,77.23099871748961
natural,natural,LAB012,X,42.99999999994179,1.1946,1.6807170866749548,0.4861170866749547,5.086609395142251,0.2363098219573454,25.873595138749412
natural,natural,LAB012,X,48.0,1.1739,1.6807170866749548,0.5068170866749548,5.396723386520944,0.25686355934568866,29.124623310622084
natural,natural,LAB012,X,66.99999999994179,1.4964,1.6807170866749548,0.18431708667495483,1.5396709325293607,0.033972788440342815,2.3705865804758313
natural,natural,LAB012,X,138.9999999999418,2.9124,1.9347846856327657,-0.9776153143672341,-4.195917947256705,0.955731702885346,17.60572742011092
natural,natural,LAB012,X,162.9999999999418,3.1083,1.9094357228595253,-1.1988642771404745,-4.82122171741979,1.4372755550035525,23.244178848520228
natural,natural,LAB012,Xd,18.999999999941792,0.0146999999999999,0.1208999999999999,0.10619999999999999,1.7699999999999998,0.011278439999999997,3.1328999999999994
natural,natural,LAB012,Xd,24.0,0.0105,0.1208999999999999,0.1103999999999999,1.8399999999999985,0.012188159999999977,3.3855999999999944
natural,natural,LAB012,Xd,42.99999999994179,0.0035999999999999,0.1208999999999999,0.1173,1.955,0.01375929,3.8220250000000004
natural,natural,LAB012,Xd,48.0,0.0056999999999999,0.1208999999999999,0.1152,1.92,0.01327104,3.6864
natural,natural,LAB012,Xd,66.99999999994179,0.0230999999999998,0.1208999999999999,0.0978000000000001,1.6300000000000017,0.009564840000000019,2.6569000000000056
natural,natural,LAB012,Xd,138.9999999999418,0.0206999999999999,0.16560464704592026,0.14490464704592038,2.41507745076534,0.02099735673550276,5.8325990931952125
natural,natural,LAB012,Xd,162.9999999999418,0.0045000000000001,0.19095360981916087,0.1864536098191608,3.1075601636526797,0.03476494861459585,9.65693017072107
natural,natural,LAB012,N,48.0,0.27752,0.0,-0.27752,-12.5,0.07701735039999999,156.25
natural,natural,LAB012,N,66.99999999994179,0.23418,0.0,-0.23418,-12.499999999999998,0.0548402724,156.24999999999994
natural,natural,LAB012,N,162.9999999999418,0.12548,0.0,-0.12548,-10.456666666666667,0.0157452304,109.34187777777778
natural,natural,LAB012,G,48.0,63.23,28.819426993161862,-34.410573006838135,-13.764229202735255,1184.0875346589373,189.45400554543
natural,natural,LAB012,G,66.99999999994179,55.44,15.053937246091918,-40.38606275390808,-16.15442510156323,1631.0340647626012,260.9654503620162
natural,natural,LAB012,G,162.9999999999418,0.0,2.7004104378580377e-06,2.7004104378580377e-06,1.080164175143215e-06,7.292216532892638e-12,1.1667546452628222e-12
natural,natural,LAB012,F,48.0,81.06,53.77940485593731,-27.280595144062694,-10.912238057625078,744.2308714142571,119.07693942628114
natural,natural,LAB012,F,66.99999999994179,77.59,39.243802585541644,-38.34619741445836,-15.338478965783343,1470.430856148613,235.26893698377808
natural,natural,LAB012,F,162.9999999999418,0.09,0.0015440486246073065,-0.0884559513753927,-0.03538238055015708,0.007824455333725836,0.001251912853396134
natural,natural,LAB012,E,48.0,11.996448,37.60689103220632,25.61044303220632,12.80522151610316,655.8947923058852,163.9736980764713
natural,natural,LAB012,E,66.99999999994179,17.521128,50.74022961250234,33.21910161250234,16.60955080625117,1103.5087119417558,275.87717798543895
natural,natural,LAB012,E,162.9999999999418,81.054948,80.03555064562691,-1.0193973543730834,-0.503064836645424,1.0391709661028419,0.2530742298690871
natural,natural,LAB012,Gly,48.0,1.74,4.3004631159903095,2.5604631159903093,7.315608902829456,6.555971368346804,53.518133619157595
natural,natural,LAB012,Gly,66.99999999994179,2.16,5.21908964958005,3.0590896495800495,8.740256141657285,9.35802948416779,76.3920774217779
natural,natural,LAB012,Gly,162.9999999999418,5.68,6.200708404593599,0.5207084045935995,1.4877382988388557,0.2711372426144117,2.213365245831932
synthetic,natural,LAB012,X,18.999999999941792,0.9573,1.6223338404497805,0.6650338404497804,8.68371775370548,0.44227000894338403,75.40695402601975
synthetic,natural,LAB012,X,24.0,0.978,1.622335128975351,0.644335128975351,8.235367190380252,0.41516775843168213,67.82127276039152
synthetic,natural,LAB012,X,42.99999999994179,1.1946,1.622335128975351,0.4277351289753508,4.475714977558919,0.18295734055956,20.032024560345235
synthetic,natural,LAB012,X,48.0,1.1739,1.622335128975351,0.448435128975351,4.775056744349508,0.20109406489913967,22.801166911757726
synthetic,natural,LAB012,X,66.99999999994179,1.4964,1.622335128975351,0.12593512897535097,1.0519841701362518,0.015859656710038285,1.1066706942172584
synthetic,natural,LAB012,X,138.9999999999418,2.9124,1.7463695810333606,-1.1660304189666393,-5.004594230560016,1.3596269379555164,25.045963412554602
synthetic,natural,LAB012,X,162.9999999999418,3.1083,1.6596114673817166,-1.4486885326182832,-5.82588767420408,2.098698464539715,33.940967192443026
synthetic,natural,LAB012,Xd,18.999999999941792,0.0146999999999999,0.1208999999999999,0.10619999999999999,1.7699999999999998,0.011278439999999997,3.1328999999999994
synthetic,natural,LAB012,Xd,24.0,0.0105,0.1208999999999999,0.1103999999999999,1.8399999999999985,0.012188159999999977,3.3855999999999944
synthetic,natural,LAB012,Xd,42.99999999994179,0.0035999999999999,0.1208999999999999,0.1173,1.955,0.01375929,3.8220250000000004
synthetic,natural,LAB012,Xd,48.0,0.0056999999999999,0.1208999999999999,0.1152,1.92,0.01327104,3.6864
synthetic,natural,LAB012,Xd,66.99999999994179,0.0230999999999998,0.1208999999999999,0.0978000000000001,1.6300000000000017,0.009564840000000019,2.6569000000000056
synthetic,natural,LAB012,Xd,138.9999999999418,0.0206999999999999,0.2746049453616208,0.2539049453616209,4.231749089360348,0.06446772127908769,17.907700355302136
synthetic,natural,LAB012,Xd,162.9999999999418,0.0045000000000001,0.36136305901326343,0.3568630590132633,5.947717650221056,0.12735124288830385,35.375345246751074
synthetic,natural,LAB012,N,48.0,0.27752,0.0,-0.27752,-12.5,0.07701735039999999,156.25
synthetic,natural,LAB012,N,66.99999999994179,0.23418,0.0,-0.23418,-12.499999999999998,0.0548402724,156.24999999999994
synthetic,natural,LAB012,N,162.9999999999418,0.12548,0.0,-0.12548,-10.456666666666667,0.0157452304,109.34187777777778
synthetic,natural,LAB012,G,48.0,63.23,28.89038287300166,-34.339617126998334,-13.735846850799334,1179.2093044288374,188.67348870861397
synthetic,natural,LAB012,G,66.99999999994179,55.44,17.750874210354596,-37.6891257896454,-15.07565031585816,1420.4702027877142,227.27523244603427
synthetic,natural,LAB012,G,162.9999999999418,0.0,0.05093084623723618,0.05093084623723618,0.02037233849489447,0.0025939510984409947,0.00041503217575055904
synthetic,natural,LAB012,F,48.0,81.06,50.06826592530565,-30.99173407469435,-12.39669362987774,960.4875809565708,153.67801295305134
synthetic,natural,LAB012,F,66.99999999994179,77.59,36.9931778690987,-40.5968221309013,-16.23872885236052,1648.1019671280378,263.696314740486
synthetic,natural,LAB012,F,162.9999999999418,0.09,0.004116874252427833,-0.08588312574757216,-0.034353250299028866,0.007375911288173292,0.0011801458061077269
synthetic,natural,LAB012,E,48.0,11.996448,45.370318198335546,33.373870198335545,16.686935099167773,1113.8152120153495,278.4538030038374
synthetic,natural,LAB012,E,66.99999999994179,17.521128,56.63833158918847,39.11720358918846,19.55860179459423,1530.1556166380187,382.5389041595047
synthetic,natural,LAB012,E,162.9999999999418,81.054948,80.87304830791822,-0.18189969208177104,-0.08976611376360195,0.03308749797944312,0.008057955180219928
synthetic,natural,LAB012,Gly,48.0,1.74,4.126147256491539,2.3861472564915385,6.8175635899758245,5.693698729662096,46.47917330336405
synthetic,natural,LAB012,Gly,66.99999999994179,2.16,4.866250020665191,2.706250020665191,7.732142916186261,7.323789174350347,59.78603407632937
synthetic,natural,LAB012,Gly,162.9999999999418,5.68,6.123353713284555,0.4433537132845551,1.2667248950987289,0.19656251508320347,1.6045919598628857
joint_reference,natural,LAB012,X,18.999999999941792,0.9573,1.3069418795712737,0.3496418795712737,4.565469021874983,0.12224944395013305,20.843507389700115
joint_reference,natural,LAB012,X,24.0,0.978,1.4723336575605308,0.4943336575605308,6.318170469843185,0.24436576499717216,39.91927808599846
joint_reference,natural,LAB012,X,42.99999999994179,1.1946,1.765978267892796,0.5713782678927959,5.978761383442112,0.3264731250201716,35.74558768013864
joint_reference,natural,LAB012,X,48.0,1.1739,1.7659782682531717,0.5920782682531718,6.304607166849516,0.35055667573767485,39.74807152829028
joint_reference,natural,LAB012,X,66.99999999994179,1.4964,1.7659782682531717,0.26957826825317177,2.2518901050285,0.07267244271437905,5.071009045125269
joint_reference,natural,LAB012,X,138.9999999999418,2.9124,1.9479888256143032,-0.9644111743856967,-4.139245872758278,0.9300889132799987,17.13335639514644
joint_reference,natural,LAB012,X,162.9999999999418,3.1083,1.850294714713196,-1.2580052852868038,-5.0590567403677404,1.5825772978095325,25.594055102260267
joint_reference,natural,LAB012,Xd,18.999999999941792,0.0146999999999999,0.1208999999999999,0.10619999999999999,1.7699999999999998,0.011278439999999997,3.1328999999999994
joint_reference,natural,LAB012,Xd,24.0,0.0105,0.1208999999999999,0.1103999999999999,1.8399999999999985,0.012188159999999977,3.3855999999999944
joint_reference,natural,LAB012,Xd,42.99999999994179,0.0035999999999999,0.1208999999999999,0.1173,1.955,0.01375929,3.8220250000000004
joint_reference,natural,LAB012,Xd,48.0,0.0056999999999999,0.1208999999999999,0.1152,1.92,0.01327104,3.6864
joint_reference,natural,LAB012,Xd,66.99999999994179,0.0230999999999998,0.1208999999999999,0.0978000000000001,1.6300000000000017,0.009564840000000019,2.6569000000000056
joint_reference,natural,LAB012,Xd,138.9999999999418,0.0206999999999999,0.2683781526666755,0.2476781526666756,4.12796921111126,0.06134446730837706,17.040129807882522
joint_reference,natural,LAB012,Xd,162.9999999999418,0.0045000000000001,0.36607226356778233,0.3615722635677822,6.02620439279637,0.13073450178152976,36.31513938375827
joint_reference,natural,LAB012,N,48.0,0.27752,0.0,-0.27752,-12.5,0.07701735039999999,156.25
joint_reference,natural,LAB012,N,66.99999999994179,0.23418,0.0,-0.23418,-12.499999999999998,0.0548402724,156.24999999999994
joint_reference,natural,LAB012,N,162.9999999999418,0.12548,0.0,-0.12548,-10.456666666666667,0.0157452304,109.34187777777778
joint_reference,natural,LAB012,G,48.0,63.23,29.450957323568385,-33.779042676431615,-13.511617070572646,1141.0237241361883,182.5637958617901
joint_reference,natural,LAB012,G,66.99999999994179,55.44,14.983532142023453,-40.45646785797655,-16.18258714319062,1636.7257915434895,261.87612664695837
joint_reference,natural,LAB012,G,162.9999999999418,0.0,9.19753987074881e-05,9.19753987074881e-05,3.679015948299524e-05,8.459473967401403e-09,1.3535158347842248e-09
joint_reference,natural,LAB012,F,48.0,81.06,52.129573439689715,-28.930426560310288,-11.572170624124116,836.969580961507,133.91513295384112
joint_reference,natural,LAB012,F,66.99999999994179,77.59,39.535066047287316,-38.05493395271269,-15.221973581085075,1448.1779981453249,231.70847970325198
joint_reference,natural,LAB012,F,162.9999999999418,0.09,5.485941602773166e-06,-0.08999451405839723,-0.03599780562335889,0.008099012560607056,0.0012958420096971291
joint_reference,natural,LAB012,E,48.0,11.996448,42.21960158400389,30.22315358400389,15.111576792001944,913.4390125622871,228.35975314057177
joint_reference,natural,LAB012,E,66.99999999994179,17.521128,54.42599064673134,36.904862646731345,18.452431323365673,1361.9688869741065,340.4922217435266
joint_reference,natural,LAB012,E,162.9999999999418,81.054948,76.84189416542682,-4.213053834573174,-2.0791100055104215,17.749822613011723,4.322698415013544
joint_reference,natural,LAB012,Gly,48.0,1.74,4.0820435555881645,2.3420435555881642,6.691553015966184,5.48516801627205,44.77688176548613
joint_reference,natural,LAB012,Gly,66.99999999994179,2.16,5.002322545697183,2.842322545697183,8.120921559134809,8.078797453778513,65.94936696962053
joint_reference,natural,LAB012,Gly,162.9999999999418,5.68,5.952212746231076,0.2722127462310766,0.7777507035173618,0.07409977921066452,0.6048961568217511
natural,synthetic,MS007,X,3.5,0.3329999999999999,0.368177125713038,0.035177125713038104,0.5862854285506351,0.0012374301734308865,0.3437306037308019
natural,synthetic,MS007,X,22.5,0.5001,0.6328975514375019,0.13279755143750194,2.2132925239583656,0.017635189667795974,4.898663796609992
natural,synthetic,MS007,X,46.5,0.6980999999999999,1.2489490257952083,0.5508490257952083,9.180817096586805,0.3034346492195301,84.28740256098058
natural,synthetic,MS007,X,70.0,1.2372,1.5430276261421998,0.3058276261421997,3.089917011620996,0.09353053691177309,9.547587138704825
natural,synthetic,MS007,X,94.0,1.4379,1.5430276261421998,0.10512762614219984,0.9138989684800737,0.01105181777829414,0.8352113245889428
natural,synthetic,MS007,X,165.5,1.6152,1.5430276261421998,-0.07217237385780018,-0.5585405356751499,0.005208851548270078,0.31196752999228344
natural,synthetic,MS007,X,190.0,1.3178999999999998,1.5394526714781818,0.22155267147818192,2.1013797658982276,0.049085586239119204,4.41579692052649
natural,synthetic,MS007,X,213.0,1.3872,1.5292730697307098,0.14207306973070977,1.2802143682481777,0.020184757142707118,1.6389488286690808
natural,synthetic,MS007,Xd,3.5,0.3801,0.117,-0.2631,-4.385,0.06922161,19.228225
natural,synthetic,MS007,Xd,22.5,0.6218999999999999,0.117,-0.5048999999999999,-6.765557163531114,0.2549240099999999,45.772763733007174
natural,synthetic,MS007,Xd,46.5,0.7812,0.117,-0.6642,-7.085253456221198,0.44116164,50.200816538894436
natural,synthetic,MS007,Xd,70.0,0.9264,0.117,-0.8094,-7.28087219343696,0.65512836,53.01109989716353
natural,synthetic,MS007,Xd,94.0,0.8201999999999998,0.117,-0.7031999999999998,-7.144598878322361,0.49449023999999975,51.04529313212514
natural,synthetic,MS007,Xd,165.5,0.6635999999999996,0.117,-0.5465999999999996,-6.864074743821579,0.2987715599999996,47.115522088769275
natural,synthetic,MS007,Xd,190.0,0.7212,0.12057495466401769,-0.6006250453359823,-6.940111912275632,0.36075044508485077,48.165153354910125
natural,synthetic,MS007,Xd,213.0,0.7947000000000001,0.13075455641148914,-0.6639454435885109,-6.962223098742826,0.44082355206194457,48.47255047666816
natural,synthetic,MS007,N,3.5,0.287,0.21458088549712534,-0.07241911450287464,-3.1541426177210212,0.005244528145380467,9.948615652924016
natural,synthetic,MS007,N,22.5,0.277,0.14369868717629167,-0.13330131282370836,-6.0154022032359356,0.017769240000524152,36.18506366669575
natural,synthetic,MS007,N,46.5,0.335,0.07874321514665669,-0.25625678485334336,-9.561820330348633,0.06566753978337271,91.42840802986844
natural,synthetic,MS007,N,70.0,0.286,0.0,-0.286,-12.5,0.08179599999999998,156.25
natural,synthetic,MS007,N,94.0,0.214,0.0,-0.214,-12.5,0.045795999999999996,156.25
natural,synthetic,MS007,N,165.5,0.131,0.0,-0.131,-10.916666666666666,0.017161000000000003,119.1736111111111
natural,synthetic,MS007,N,190.0,0.117,0.0,-0.117,-9.75,0.013689000000000002,95.0625
natural,synthetic,MS007,N,213.0,0.119,0.0,-0.119,-9.916666666666666,0.014160999999999998,98.34027777777777
natural,synthetic,MS007,G,3.5,119.63,123.52304983504214,3.8930498350421487,1.3016968436151963,15.155837018121701,1.694414672677765
natural,synthetic,MS007,G,22.5,120.58,111.59352264307105,-8.986477356928944,-2.9810838802219086,80.75677528659662,8.88686110091891
natural,synthetic,MS007,G,46.5,109.59,90.54393081444442,-19.04606918555558,-6.951754424876569,362.75275142096984,48.32688958379095
natural,synthetic,MS007,G,70.0,97.28,66.56741113848767,-30.71258886151233,-12.285035544604932,943.2631145762913,150.92209833220662
natural,synthetic,MS007,G,94.0,74.03,47.52489389937648,-26.50510610062352,-10.60204244024941,702.5206494053102,112.40330390484965
natural,synthetic,MS007,G,165.5,30.35,9.970325534458206,-20.379674465541797,-8.151869786216718,415.3311313214563,66.452981011433
natural,synthetic,MS007,G,190.0,20.42,2.9859005487657644,-17.43409945123424,-6.973639780493696,303.947823675526,48.63165178808416
natural,synthetic,MS007,G,213.0,14.64,0.4037891870771065,-14.236210812922893,-5.6944843251691575,202.6696983099827,32.427151729597234
natural,synthetic,MS007,F,3.5,114.87,120.03263806513031,5.162638065130309,1.7977324158197296,26.652831791532424,3.2318418388890415
natural,synthetic,MS007,F,22.5,115.91,116.6476749305834,0.7376749305834096,0.25456817550976085,0.5441643032112382,0.0648049559823684
natural,synthetic,MS007,F,46.5,109.99,109.7529247934923,-0.2370752065076971,-0.0862170039122455,0.05620465354066722,0.007433371763604156
natural,synthetic,MS007,F,70.0,105.39,100.2532478225347,-5.136752177465297,-1.949616539506707,26.386222932694473,3.8010046511181077
natural,synthetic,MS007,F,94.0,96.56,90.4978322356921,-6.062167764307901,-2.4248671057231603,36.749878002613855,5.879980480418216
natural,synthetic,MS007,F,165.5,64.52000000000001,54.479121091777465,-10.040878908222545,-4.016351563289018,100.81924924958838,16.13107987993414
natural,synthetic,MS007,F,190.0,56.05,37.62412116537358,-18.425878834626417,-7.370351533850567,339.51301082833373,54.322081732533405
natural,synthetic,MS007,F,213.0,49.08,21.352977003800813,-27.727022996199185,-11.090809198479674,768.7878042317584,123.00604867708134
natural,synthetic,MS007,E,94.0,30.543588000000003,38.26373549348309,7.720147493483086,3.860073746741543,59.600677321133176,14.900169330283294
natural,synthetic,MS007,E,165.5,66.611856,71.46508733210563,4.853231332105622,2.426615666052811,23.553854362931713,5.888463590732928
natural,synthetic,MS007,E,213.0,79.239696,95.9051966396501,16.665500639650105,8.332750319825053,277.73891157017806,69.43472789254452
natural,synthetic,MS007,Gly,3.5,0.44,0.45955457597713184,0.01955457597713184,0.05587021707751954,0.00038238144164542157,0.003121481156289156
natural,synthetic,MS007,Gly,22.5,0.81,1.2416615096787358,0.43166150967873573,1.233318599082102,0.18633165893812526,1.5210747668418387
natural,synthetic,MS007,Gly,46.5,1.74,2.609352214688447,0.8693522146884469,2.4838634705384197,0.7557732731837075,6.169577740275163
natural,synthetic,MS007,Gly,70.0,2.87,4.192737594686656,1.3227375946866555,3.7792502705333018,1.749634744397439,14.282732607326034
natural,synthetic,MS007,Gly,94.0,4.34,5.464837654380095,1.1248376543800953,3.2138218696574152,1.2652597487113149,10.328651009888285
natural,synthetic,MS007,Gly,165.5,6.3,7.97312801172816,1.67312801172816,4.780365747794743,2.799357343629426,22.851896682689194
natural,synthetic,MS007,Gly,190.0,6.3,8.4406959250803,2.1406959250803004,6.116274071658001,4.582579043655403,37.40880851963594
natural,synthetic,MS007,Gly,213.0,6.76,8.613863131731952,1.853863131731952,5.296751804948435,3.436808511195001,28.0555796832245
synthetic,synthetic,MS007,X,3.5,0.3329999999999999,0.39349962092164914,0.06049962092164923,1.0083270153608206,0.003660204131663258,1.0167233699064606
synthetic,synthetic,MS007,X,22.5,0.5001,0.9418471857523525,0.4417471857523525,7.362453095872542,0.19514057612012342,54.205715588923184
synthetic,synthetic,MS007,X,46.5,0.6980999999999999,1.4578445562760498,0.7597445562760499,12.662409271267498,0.5772117907910919,160.33660855308108
synthetic,synthetic,MS007,X,70.0,1.2372,1.4578445562760498,0.22064455627604973,2.229273321573409,0.04868402021425488,4.969659542278939
synthetic,synthetic,MS007,X,94.0,1.4379,1.4578445562760498,0.019944556276049852,0.17338267852467013,0.0003977853250485195,0.030061553212389108
synthetic,synthetic,MS007,X,165.5,1.6152,1.450885617914439,-0.16431438208556104,-1.2716256662144088,0.026999216160159743,1.6170318349752388
synthetic,synthetic,MS007,X,190.0,1.3178999999999998,1.421486373465589,0.10358637346558908,0.9824946265421228,0.010730136767752496,0.9652956911841454
synthetic,synthetic,MS007,X,213.0,1.3872,1.3854348556673386,-0.0017651443326613947,-0.01590564025249959,3.1157345151266404e-06,0.0002529893918419352
synthetic,synthetic,MS007,Xd,3.5,0.3801,0.117,-0.2631,-4.385,0.06922161,19.228225
synthetic,synthetic,MS007,Xd,22.5,0.6218999999999999,0.117,-0.5048999999999999,-6.765557163531114,0.2549240099999999,45.772763733007174
synthetic,synthetic,MS007,Xd,46.5,0.7812,0.117,-0.6642,-7.085253456221198,0.44116164,50.200816538894436
synthetic,synthetic,MS007,Xd,70.0,0.9264,0.117,-0.8094,-7.28087219343696,0.65512836,53.01109989716353
synthetic,synthetic,MS007,Xd,94.0,0.8201999999999998,0.117,-0.7031999999999998,-7.144598878322361,0.49449023999999975,51.04529313212514
synthetic,synthetic,MS007,Xd,165.5,0.6635999999999996,0.12395893836161093,-0.5396410616383887,-6.776686026200384,0.2912124754062072,45.92347349769955
synthetic,synthetic,MS007,Xd,190.0,0.7212,0.15335818281046115,-0.5678418171895387,-6.561307741605874,0.32244432934911754,43.05075928005717
synthetic,synthetic,MS007,Xd,213.0,0.7947000000000001,0.1894097006087111,-0.605290299391289,-6.347157201787771,0.36637634653719625,40.28640454420636
synthetic,synthetic,MS007,N,3.5,0.287,0.20657370126840144,-0.08042629873159854,-3.5028875754180553,0.006468389527664329,12.270221366018182
synthetic,synthetic,MS007,N,22.5,0.277,0.04862777817146793,-0.2283722218285321,-10.305605678182856,0.05215387170290027,106.20550839419471
synthetic,synthetic,MS007,N,46.5,0.335,0.0,-0.335,-12.5,0.11222500000000002,156.25
synthetic,synthetic,MS007,N,70.0,0.286,0.0,-0.286,-12.5,0.08179599999999998,156.25
synthetic,synthetic,MS007,N,94.0,0.214,0.0,-0.214,-12.5,0.045795999999999996,156.25
synthetic,synthetic,MS007,N,165.5,0.131,0.0,-0.131,-10.916666666666666,0.017161000000000003,119.1736111111111
synthetic,synthetic,MS007,N,190.0,0.117,0.0,-0.117,-9.75,0.013689000000000002,95.0625
synthetic,synthetic,MS007,N,213.0,0.119,0.0,-0.119,-9.916666666666666,0.014160999999999998,98.34027777777777
synthetic,synthetic,MS007,G,3.5,119.63,122.77610200805424,3.1461020080542426,1.0519441638566387,9.897957845082937,1.1065865238720427
synthetic,synthetic,MS007,G,22.5,120.58,105.9529974995903,-14.627002500409702,-4.852215127022625,213.94920214699167,23.543991638907183
synthetic,synthetic,MS007,G,46.5,109.59,80.15143580284932,-29.438564197150683,-10.744981913368257,866.629061989762,115.45463631861097
synthetic,synthetic,MS007,G,70.0,97.28,61.87025298973866,-35.40974701026134,-14.163898804104537,1253.850183330712,200.61602933291394
synthetic,synthetic,MS007,G,94.0,74.03,47.39143876741049,-26.63856123258951,-10.655424493035804,709.6129445424207,113.53807112678733
synthetic,synthetic,MS007,G,165.5,30.35,17.883576822720272,-12.46642317727973,-4.986569270911891,155.4117068350172,24.86587309360275
synthetic,synthetic,MS007,G,190.0,20.42,11.419467515305277,-9.000532484694725,-3.60021299387789,81.009585008045,12.9615336012872
synthetic,synthetic,MS007,G,213.0,14.64,6.965757530612049,-7.674242469387951,-3.0696969877551803,58.89399747895768,9.423039596633227
synthetic,synthetic,MS007,F,3.5,114.87,119.73493035214827,4.864930352148264,1.694064717384265,23.667547331253427,2.8698552666862294
synthetic,synthetic,MS007,F,22.5,115.91,114.14727395512494,-1.762726044875052,-0.6083085307135024,3.1072031092808436,0.37003926853882013
synthetic,synthetic,MS007,F,46.5,109.99,104.00656267283152,-5.983437327168474,-2.175993209262105,35.80152224815301,4.734946446754796
synthetic,synthetic,MS007,F,70.0,105.39,95.11726404239229,-10.272735957607708,-3.8989414394563835,105.52910405472635,15.201744348310216
synthetic,synthetic,MS007,F,94.0,96.56,86.40351348880442,-10.156486511195581,-4.062594604478233,103.15421825209779,16.50467492033565
synthetic,synthetic,MS007,F,165.5,64.52000000000001,58.9528973679204,-5.56710263207961,-2.226841052831844,30.992631716107724,4.958821074577235
synthetic,synthetic,MS007,F,190.0,56.05,48.668132007559976,-7.3818679924400215,-2.9527471969760084,54.49197505781047,8.718716009249675
synthetic,synthetic,MS007,F,213.0,49.08,38.83270148881699,-10.247298511183011,-4.098919404473205,105.00712677729356,16.80114028436697
synthetic,synthetic,MS007,E,94.0,30.543588000000003,53.837126903406315,23.29353890340631,11.646769451703156,542.5889546445034,135.64723866112584
synthetic,synthetic,MS007,E,165.5,66.611856,80.45241184920101,13.84055584920101,6.920277924600505,191.5609862148523,47.89024655371308
synthetic,synthetic,MS007,E,213.0,79.239696,94.50019397197555,15.260497971975553,7.630248985987777,232.88279835266997,58.22069958816749
synthetic,synthetic,MS007,Gly,3.5,0.44,0.4921233539399943,0.05212335393999429,0.1489238683999837,0.002716844025953918,0.022178318579215664
synthetic,synthetic,MS007,Gly,22.5,0.81,1.486211263937793,0.6762112639377929,1.9320321826794082,0.45726167347634733,3.732748354908958
synthetic,synthetic,MS007,Gly,46.5,1.74,3.0310551408093294,1.2910551408093294,3.6887289737409414,1.6668233766101972,13.6067214417159
synthetic,synthetic,MS007,Gly,70.0,2.87,4.150017721615878,1.2800177216158781,3.6571934903310805,1.6384453676507036,13.375064225720031
synthetic,synthetic,MS007,Gly,94.0,4.34,5.047633135353113,0.7076331353531131,2.0218089581517518,0.5007446542496773,4.087711463262672
synthetic,synthetic,MS007,Gly,165.5,6.3,6.9490056731256695,0.6490056731256697,1.8543019232161992,0.42120836374930365,3.4384356224432953
synthetic,synthetic,MS007,Gly,190.0,6.3,7.39823038673217,1.0982303867321699,3.137801104949057,1.2061099823418915,9.845795774219523
synthetic,synthetic,MS007,Gly,213.0,6.76,7.728844017963191,0.9688440179631916,2.768125765609119,0.9386587311430612,7.662520254229072
joint_reference,synthetic,MS007,X,3.5,0.3329999999999999,0.3597560295724492,0.02675602957244927,0.44593382620748784,0.0007158851184817798,0.19885697735604996
joint_reference,synthetic,MS007,X,22.5,0.5001,0.5466339489491465,0.04653394894914653,0.7755658158191089,0.0021654084048017756,0.60150233466716
joint_reference,synthetic,MS007,X,46.5,0.6980999999999999,0.928599836024167,0.23049983602416702,3.841663933736117,0.053130174407167885,14.758381779768856
joint_reference,synthetic,MS007,X,70.0,1.2372,1.5360037059454565,0.29880370594545647,3.018951118912226,0.08928365468673882,9.11406585838138
joint_reference,synthetic,MS007,X,94.0,1.4379,1.6674292485849667,0.2295292485849667,1.9953512812518839,0.05268367595597944,3.9814267355935344
joint_reference,synthetic,MS007,X,165.5,1.6152,1.663528261468589,0.04832826146858893,0.3740114340994066,0.0023356208565762974,0.13988455283709478
joint_reference,synthetic,MS007,X,190.0,1.3178999999999998,1.6247350550358863,0.3068350550358865,2.910264957848533,0.09414775099887548,8.469642124881124
joint_reference,synthetic,MS007,X,213.0,1.3872,1.577534550122148,0.19033455012214806,1.715096508453612,0.03622724097020049,2.941556033309771
joint_reference,synthetic,MS007,Xd,3.5,0.3801,0.117,-0.2631,-4.385,0.06922161,19.228225
joint_reference,synthetic,MS007,Xd,22.5,0.6218999999999999,0.117,-0.5048999999999999,-6.765557163531114,0.2549240099999999,45.772763733007174
joint_reference,synthetic,MS007,Xd,46.5,0.7812,0.117,-0.6642,-7.085253456221198,0.44116164,50.200816538894436
joint_reference,synthetic,MS007,Xd,70.0,0.9264,0.117,-0.8094,-7.28087219343696,0.65512836,53.01109989716353
joint_reference,synthetic,MS007,Xd,94.0,0.8201999999999998,0.117,-0.7031999999999998,-7.144598878322361,0.49449023999999975,51.04529313212514
joint_reference,synthetic,MS007,Xd,165.5,0.6635999999999996,0.12090098711637723,-0.5426990128836224,-6.815087061528315,0.29452221858485816,46.445411656210645
joint_reference,synthetic,MS007,Xd,190.0,0.7212,0.15969419354907985,-0.5615058064509201,-6.488096303047238,0.31528877067809813,42.09539363761523
joint_reference,synthetic,MS007,Xd,213.0,0.7947000000000001,0.20689469846281786,-0.5878053015371822,-6.163807113136847,0.34551507251521774,37.99251812795639
joint_reference,synthetic,MS007,N,3.5,0.287,0.21750362442111218,-0.0694963755788878,-3.0268456262581798,0.004829746218601832,9.161794445198273
joint_reference,synthetic,MS007,N,22.5,0.277,0.1721295845851629,-0.10487041541483713,-4.732419468178571,0.01099780402928051,22.395794022795545
joint_reference,synthetic,MS007,N,46.5,0.335,0.1793881016217305,-0.15561189837826953,-5.806414118592146,0.024215062916888883,33.71444491658621
joint_reference,synthetic,MS007,N,70.0,0.286,0.031910178696209344,-0.25408982130379065,-11.105324357683159,0.06456163729019226,123.32822908935087
joint_reference,synthetic,MS007,N,94.0,0.214,0.0,-0.214,-12.5,0.045795999999999996,156.25
joint_reference,synthetic,MS007,N,165.5,0.131,0.0,-0.131,-10.916666666666666,0.017161000000000003,119.1736111111111
joint_reference,synthetic,MS007,N,190.0,0.117,0.0,-0.117,-9.75,0.013689000000000002,95.0625
joint_reference,synthetic,MS007,N,213.0,0.119,0.0,-0.119,-9.916666666666666,0.014160999999999998,98.34027777777777
joint_reference,synthetic,MS007,G,3.5,119.63,123.75004397217012,4.120043972170123,1.3775955770860562,16.974762332615366,1.8977695740070641
joint_reference,synthetic,MS007,G,22.5,120.58,113.87320399142344,-6.7067960085765606,-2.224845250813256,44.981112700658485,4.9499363900663
joint_reference,synthetic,MS007,G,46.5,109.59,97.85447132340768,-11.735528676592324,-4.283430486939437,137.72263331912077,18.347776736442224
joint_reference,synthetic,MS007,G,70.0,97.28,77.4966610439603,-19.7833389560397,-7.91333558241588,391.38050024955794,62.620880039929276
joint_reference,synthetic,MS007,G,94.0,74.03,56.26090666985054,-17.76909333014946,-7.107637332059784,315.740677775562,50.51850844408992
joint_reference,synthetic,MS007,G,165.5,30.35,13.9021314074988,-16.4478685925012,-6.579147437000481,270.53238123618746,43.28518099779
joint_reference,synthetic,MS007,G,190.0,20.42,5.456012024438266,-14.963987975561736,-5.985595190224695,223.92093613275622,35.827349781241
joint_reference,synthetic,MS007,G,213.0,14.64,1.4025167524847209,-13.23748324751528,-5.294993299006112,175.2309627282477,28.03695403651963
joint_reference,synthetic,MS007,F,3.5,114.87,119.9062158603267,5.036215860326692,1.7537097102208379,25.363470191806123,3.075497747722855
joint_reference,synthetic,MS007,F,22.5,115.91,115.97289423436195,0.06289423436194852,0.02170450672485498,0.003955684715975706,0.00047108561216927506
joint_reference,synthetic,MS007,F,46.5,109.99,109.1141806374945,-0.8758193625054957,-0.3185087235223186,0.767059555739533,0.10144780695981681
joint_reference,synthetic,MS007,F,70.0,105.39,99.41482425867326,-5.975175741326737,-2.2678340416839307,35.70272513973952,5.143071240620472
joint_reference,synthetic,MS007,F,94.0,96.56,88.11342119696536,-8.44657880303464,-3.378631521213856,71.3446934758741,11.415150956139854
joint_reference,synthetic,MS007,F,165.5,64.52000000000001,57.270898546661535,-7.249101453338476,-2.8996405813353903,52.549471880794,8.40791550092704
joint_reference,synthetic,MS007,F,190.0,56.05,46.92709488388088,-9.122905116119114,-3.6491620464476453,83.2273977577123,13.316383641233967
joint_reference,synthetic,MS007,F,213.0,49.08,37.51969749670156,-11.560302503298438,-4.624121001319375,133.64059396776813,21.382495034842904
joint_reference,synthetic,MS007,E,94.0,30.543588000000003,45.99402787695962,15.450439876959617,7.725219938479809,238.71609239154392,59.67902309788598
joint_reference,synthetic,MS007,E,165.5,66.611856,79.23688199844155,12.625025998441544,6.312512999220772,159.3912814613249,39.84782036533122
joint_reference,synthetic,MS007,E,213.0,79.239696,93.12846921483647,13.888773214836476,6.944386607418238,192.89802141315914,48.224505353289786
joint_reference,synthetic,MS007,Gly,3.5,0.44,0.43859757717423736,-0.0014024228257626392,-0.004006922359321826,1.966789782220066e-06,1.605542679363319e-05
joint_reference,synthetic,MS007,Gly,22.5,0.81,1.0490356596309256,0.23903565963092555,0.6829590275169302,0.05713804657519169,0.46643303326687097
joint_reference,synthetic,MS007,Gly,46.5,1.74,2.031406698887929,0.2914066988879289,0.8325905682512256,0.08491786415676007,0.6932070543408987
joint_reference,synthetic,MS007,Gly,70.0,2.87,3.268234904465798,0.3982349044657978,1.1378140127594223,0.1585910391348831,1.2946207276316988
joint_reference,synthetic,MS007,Gly,94.0,4.34,4.60082276692522,0.26082276692522033,0.7452079055006295,0.06802851574652781,0.5553348224206353
joint_reference,synthetic,MS007,Gly,165.5,6.3,7.287681378469881,0.9876813784698815,2.821946795628233,0.9755145053761652,7.963383717356453
joint_reference,synthetic,MS007,Gly,190.0,6.3,7.828787532883588,1.5287875328835883,4.367964379667395,2.3371913207002883,19.07911282204317
joint_reference,synthetic,MS007,Gly,213.0,6.76,8.093484880359332,1.3334848803593324,3.8099568010266642,1.7781819261469431,14.515770825689332
natural,synthetic,MS008,X,3.5,0.32835,0.3630068554093916,0.03465685540939162,0.5776142568231937,0.0012010976268674771,0.33363822968541035
natural,synthetic,MS008,X,22.5,0.2799,0.6236491825419647,0.3437491825419647,5.729153042366078,0.11816350049826896,32.82319458285249
natural,synthetic,MS008,X,46.5,0.8985,1.1368622848065364,0.23836228480653643,3.3161141458894883,0.05681657881819239,10.99661302856837
natural,synthetic,MS008,X,70.0,1.1106,1.1425043925997282,0.031904392599728215,0.3590895979620049,0.0010178902671575925,0.12894533936451433
natural,synthetic,MS008,X,94.0,1.6059,1.1425043925997282,-0.46339560740027186,-3.6069774534550083,0.2147354889578669,13.010286349732777
natural,synthetic,MS008,X,165.5,1.8018,1.515969705099453,-0.2858302949005471,-1.9829496538221991,0.08169895748293374,3.9320893295935795
natural,synthetic,MS008,X,190.0,1.7787,1.515969705099453,-0.262730294900547,-1.8463645843913181,0.0690272078585284,3.409062178494525
natural,synthetic,MS008,X,213.0,1.6476,1.5094341644303761,-0.1381658355696238,-1.0482355818282942,0.019089798118652322,1.0987978350109024
natural,synthetic,MS008,Xd,3.5,0.2798999999999999,0.1216499999999999,-0.15825000000000003,-2.6375000000000006,0.025043062500000008,6.956406250000003
natural,synthetic,MS008,Xd,22.5,0.8631000000000001,0.1216499999999999,-0.7414500000000002,-7.158788089445024,0.5497481025000003,51.24824690957994
natural,synthetic,MS008,Xd,46.5,0.4632,0.1216499999999999,-0.34155000000000013,-5.692500000000003,0.11665640250000009,32.40455625000003
natural,synthetic,MS008,Xd,70.0,0.5321999999999998,0.1216499999999999,-0.41054999999999986,-6.428504321683578,0.1685513024999999,41.32566781390444
natural,synthetic,MS008,Xd,94.0,0.4470000000000002,0.1216499999999999,-0.32535000000000025,-5.422500000000005,0.10585262250000016,29.403506250000053
natural,synthetic,MS008,Xd,165.5,0.6867,0.1216499999999999,-0.56505,-6.857070045143441,0.31928150250000004,47.01940960400348
natural,synthetic,MS008,Xd,190.0,0.7788,0.1216499999999999,-0.6571500000000001,-7.031651258346175,0.43184612250000015,49.444119419001346
natural,synthetic,MS008,Xd,213.0,0.7143,0.12818554066907784,-0.5861144593309222,-6.837865268222061,0.3435301594367793,46.75640142635756
natural,synthetic,MS008,N,3.5,0.285,0.20872019436512293,-0.07627980563487705,-3.3456055103016253,0.00581860874769462,11.1930762305606
natural,synthetic,MS008,N,22.5,0.272,0.13892995784652373,-0.1330700421534763,-6.115351201906079,0.017707636118727957,37.397520322654124
natural,synthetic,MS008,N,46.5,0.229,0.0015107436094192535,-0.22748925639058076,-12.417535829180173,0.05175136177313939,154.1951960689733
natural,synthetic,MS008,N,70.0,0.166,0.0,-0.166,-12.5,0.027556000000000004,156.25
natural,synthetic,MS008,N,94.0,0.063,0.0,-0.063,-5.25,0.003969,27.5625
natural,synthetic,MS008,N,165.5,0.071,0.0,-0.071,-5.916666666666666,0.0050409999999999995,35.006944444444436
natural,synthetic,MS008,N,190.0,0.065,0.0,-0.065,-5.416666666666667,0.0042250000000000005,29.340277777777782
natural,synthetic,MS008,N,213.0,0.06,0.0,-0.06,-5.0,0.0036,25.0
natural,synthetic,MS008,G,3.5,118.87,122.48849804222893,3.6184980422289215,1.2176320492063335,13.093528081614538,1.482627807254415
natural,synthetic,MS008,G,22.5,118.47,110.7145188389731,-7.755481161026893,-2.6185468594671706,60.14748803904304,6.856787655225382
natural,synthetic,MS008,G,46.5,112.06,90.32763141858757,-21.73236858141243,-7.757404455260549,472.2958441583621,60.17732388249621
natural,synthetic,MS008,G,70.0,93.06,71.4057195105812,-21.654280489418795,-8.661712195767517,468.9078635144235,75.02525816230775
natural,synthetic,MS008,G,94.0,59.38,55.98146207398916,-3.398537926010846,-1.3594151704043385,11.550060034534102,1.8480096055254565
natural,synthetic,MS008,G,165.5,25.65,15.23731465647026,-10.412685343529738,-4.165074137411895,108.42401606335902,17.34784257013744
natural,synthetic,MS008,G,190.0,15.65,6.427426800416047,-9.222573199583953,-3.6890292798335813,85.0558564216842,13.608937027469471
natural,synthetic,MS008,G,213.0,9.99,1.5190208399152763,-8.470979160084724,-3.3883916640338896,71.75748793058969,11.48119806889435
natural,synthetic,MS008,F,3.5,115.39,119.1463347269881,3.7563347269881007,1.3021352723764972,14.110050581176768,1.6955562675670144
natural,synthetic,MS008,F,22.5,116.72,115.78521071501699,-0.9347892849830117,-0.32035273645750917,0.8738310073190503,0.10262587575581432
natural,synthetic,MS008,F,46.5,111.07,109.1305696682778,-1.9394303317221926,-0.698453347158438,3.761390011604054,0.4878370781568255
natural,synthetic,MS008,F,70.0,105.2,101.96060941656899,-3.2393905834310175,-1.2317074461714894,10.493651352021548,1.5171032329542924
natural,synthetic,MS008,F,94.0,74.02000000000001,94.78354891750251,20.763548917502504,8.305419567001001,431.12496364951943,68.9799941839231
natural,synthetic,MS008,F,165.5,59.92,62.119936832238494,2.1999368322384925,0.879974732895397,4.839722065839533,0.7743555305343253
natural,synthetic,MS008,F,190.0,50.440000000000005,46.93640251426245,-3.503597485737558,-1.4014389942950232,12.275195342066537,1.964031254730646
natural,synthetic,MS008,F,213.0,42.07,30.674076270018652,-11.395923729981348,-4.558369491992539,129.867077659552,20.778732425528318
natural,synthetic,MS008,E,94.0,28.965108,32.81881954506988,3.853711545069878,1.926855772534939,14.851092672604866,3.7127731681512164
natural,synthetic,MS008,E,165.5,61.876416,64.25112353028406,2.374707530284063,1.1873537651420314,5.639235854387833,1.4098089635969582
natural,synthetic,MS008,E,213.0,83.975136,88.60407685605185,4.628940856051841,2.2049102039212367,21.42709344882595,4.861629007355989
natural,synthetic,MS008,Gly,22.5,0.79,1.2698429363691222,0.4798429363691221,1.370979818197492,0.23024924358334137,1.8795856619048281
natural,synthetic,MS008,Gly,46.5,1.77,2.6003113221098397,0.8303113221098397,2.3723180631709706,0.6894168916237899,5.627892992847265
natural,synthetic,MS008,Gly,70.0,3.09,3.8658386524260884,0.7758386524260885,2.216681864074539,0.6019256145983289,4.9136784865169725
natural,synthetic,MS008,Gly,94.0,3.5,4.896596139653106,1.3965961396531057,3.9902746847231594,1.9504807772939572,15.922292059542508
natural,synthetic,MS008,Gly,165.5,6.55,7.591809667414622,1.041809667414622,2.976599049756063,1.0853673831185653,8.860141903008698
natural,synthetic,MS008,Gly,190.0,6.74,8.181003951895358,1.4410039518953575,4.1171541482724505,2.076492389378038,16.950958280637046
natural,synthetic,MS008,Gly,213.0,6.91,8.509836971487603,1.599836971487603,4.570962775678866,2.5594783353386257,20.89370069664184
synthetic,synthetic,MS008,X,3.5,0.32835,0.3879167982947208,0.059566798294720835,0.9927799715786806,0.003548203459083957,0.9856120719677658
synthetic,synthetic,MS008,X,22.5,0.2799,0.9258687337858207,0.6459687337858206,10.76614556309701,0.4172756050288564,115.90989028579345
synthetic,synthetic,MS008,X,46.5,0.8985,1.0851898533390854,0.1866898533390854,2.5972433686572813,0.03485310133976921,6.745673116034222
synthetic,synthetic,MS008,X,70.0,1.1106,1.0851898533390854,-0.02541014666091468,-0.28599570796095214,0.0006456755533291934,0.08179354497208623
synthetic,synthetic,MS008,X,94.0,1.6059,1.0851898533390854,-0.5207101466609148,-4.053102206402288,0.27113905683563133,16.427637495543095
synthetic,synthetic,MS008,X,165.5,1.8018,1.4323640980411758,-0.36943590195882425,-2.562964132803476,0.13648288565613,6.568785146037072
synthetic,synthetic,MS008,X,190.0,1.7787,1.420114127208014,-0.35858587279198595,-2.519999668240751,0.12858382816599032,6.350398327933496
synthetic,synthetic,MS008,X,213.0,1.6476,1.3916830050138649,-0.25591699498613507,-1.9415892433398205,0.06549350832273348,3.769768789852897
synthetic,synthetic,MS008,Xd,3.5,0.2798999999999999,0.1216499999999999,-0.15825000000000003,-2.6375000000000006,0.025043062500000008,6.956406250000003
synthetic,synthetic,MS008,Xd,22.5,0.8631000000000001,0.1216499999999999,-0.7414500000000002,-7.158788089445024,0.5497481025000003,51.24824690957994
synthetic,synthetic,MS008,Xd,46.5,0.4632,0.1216499999999999,-0.34155000000000013,-5.692500000000003,0.11665640250000009,32.40455625000003
synthetic,synthetic,MS008,Xd,70.0,0.5321999999999998,0.1216499999999999,-0.41054999999999986,-6.428504321683578,0.1685513024999999,41.32566781390444
synthetic,synthetic,MS008,Xd,94.0,0.4470000000000002,0.1216499999999999,-0.32535000000000025,-5.422500000000005,0.10585262250000016,29.403506250000053
synthetic,synthetic,MS008,Xd,165.5,0.6867,0.1216499999999999,-0.56505,-6.857070045143441,0.31928150250000004,47.01940960400348
synthetic,synthetic,MS008,Xd,190.0,0.7788,0.13389997083316144,-0.6449000291668386,-6.900573844021129,0.4158960476193893,47.61791937678854
synthetic,synthetic,MS008,Xd,213.0,0.7143,0.16233109302731089,-0.5519689069726892,-6.43950845784555,0.3046696742646252,41.467269178664374
synthetic,synthetic,MS008,N,3.5,0.285,0.2008423913116252,-0.08415760868837477,-3.691123188086613,0.007082503100145613,13.624390389630683
synthetic,synthetic,MS008,N,22.5,0.272,0.04589082321419679,-0.22610917678580322,-10.39104672728875,0.05112535982675361,107.97385208869824
synthetic,synthetic,MS008,N,46.5,0.229,0.0,-0.229,-12.5,0.052441,156.25
synthetic,synthetic,MS008,N,70.0,0.166,0.0,-0.166,-12.5,0.027556000000000004,156.25
synthetic,synthetic,MS008,N,94.0,0.063,0.0,-0.063,-5.25,0.003969,27.5625
synthetic,synthetic,MS008,N,165.5,0.071,0.0,-0.071,-5.916666666666666,0.0050409999999999995,35.006944444444436
synthetic,synthetic,MS008,N,190.0,0.065,0.0,-0.065,-5.416666666666667,0.0042250000000000005,29.340277777777782
synthetic,synthetic,MS008,N,213.0,0.06,0.0,-0.06,-5.0,0.0036,25.0
synthetic,synthetic,MS008,G,3.5,118.87,121.75195619955214,2.8819561995521354,0.9697842010775252,8.305671536136987,0.9404813966595738
synthetic,synthetic,MS008,G,22.5,118.47,105.13537866742017,-13.334621332579829,-4.502277819728143,177.81212608329304,20.270505566016
synthetic,synthetic,MS008,G,46.5,112.06,83.6824966592404,-28.377503340759603,-10.129396159471568,805.2826958548225,102.60466655551735
synthetic,synthetic,MS008,G,70.0,93.06,68.67547807595466,-24.384521924045345,-9.753808769618137,594.6049094642481,95.13678551427968
synthetic,synthetic,MS008,G,94.0,59.38,56.389098282459486,-2.990901717540517,-1.1963606870162067,8.945493083986813,1.43127889343789
synthetic,synthetic,MS008,G,165.5,25.65,23.467590316998095,-2.1824096830019037,-0.8729638732007615,4.76291202446047,0.7620659239136752
synthetic,synthetic,MS008,G,190.0,15.65,15.80215313646208,0.15215313646207917,0.06086125458483167,0.023150576935248086,0.0037040923096396945
synthetic,synthetic,MS008,G,213.0,9.99,10.219691738532871,0.22969173853287117,0.09187669541314847,0.05275829475025286,0.008441327160040457
synthetic,synthetic,MS008,F,3.5,115.39,118.85070594391536,3.4607059439153574,1.199655409971525,11.976485630251085,1.439173102673948
synthetic,synthetic,MS008,F,22.5,116.72,113.29836850103632,-3.421631498963677,-1.172594756327511,11.70756211470042,1.374978462566775
synthetic,synthetic,MS008,F,46.5,111.07,105.07122003097362,-5.998779969026373,-2.1603601220946693,35.98536111679205,4.667155857136895
synthetic,synthetic,MS008,F,70.0,105.2,98.20480402576136,-6.995195974238641,-2.659770332410129,48.93276671800449,7.074378221169089
synthetic,synthetic,MS008,F,94.0,74.02000000000001,91.58753869769262,17.567538697692612,7.027015479077045,308.6184158949274,49.37894654318839
synthetic,synthetic,MS008,F,165.5,59.92,65.4104711181725,5.4904711181724934,2.196188447268997,30.14527309948631,4.823243695917809
synthetic,synthetic,MS008,F,190.0,50.440000000000005,55.50951141578883,5.069511415788824,2.0278045663155297,25.69994599481321,4.111991359170114
synthetic,synthetic,MS008,F,213.0,42.07,45.87940267048337,3.8094026704833723,1.5237610681933489,14.511548705885849,2.321847792941736
synthetic,synthetic,MS008,E,94.0,28.965108,46.339509844264114,17.374401844264113,8.687200922132057,301.86983944596824,75.46745986149206
synthetic,synthetic,MS008,E,165.5,61.876416,73.98690475225028,12.110488752250284,6.055244376125142,146.66393781838062,36.665984454595154
synthetic,synthetic,MS008,E,213.0,83.975136,88.97594575743794,5.000809757437935,2.3820430644794355,25.008098230086457,5.67412916103458
synthetic,synthetic,MS008,Gly,22.5,0.79,1.5123584494767885,0.7223584494767885,2.063881284219396,0.5218017295305101,4.259605955351103
synthetic,synthetic,MS008,Gly,46.5,1.77,2.8062514738714786,1.0362514738714785,2.960718496775653,1.0738171171008115,8.765854017149483
synthetic,synthetic,MS008,Gly,70.0,3.09,3.7221394362635474,0.6321394362635475,1.8061126750387073,0.39960026687959566,3.262042994935475
synthetic,synthetic,MS008,Gly,94.0,3.5,4.478497826180186,0.9784978261801864,2.7957080748005327,0.9574579958393503,7.815983639504901
synthetic,synthetic,MS008,Gly,165.5,6.55,6.5530170750705325,0.0030170750705327265,0.008620214487236362,9.102741981230057e-06,7.430809780595965e-05
synthetic,synthetic,MS008,Gly,190.0,6.74,7.068114151143903,0.32811415114390297,0.9374690032682943,0.107658896180884,0.8788481320888492
synthetic,synthetic,MS008,Gly,213.0,6.91,7.46183990282971,0.5518399028297098,1.5766854366563139,0.3045272783551036,2.485936966164111
joint_reference,synthetic,MS008,X,3.5,0.32835,0.3547157487227585,0.026365748722758542,0.43942914537930905,0.0006951527057116437,0.19309797380878993
joint_reference,synthetic,MS008,X,22.5,0.2799,0.5388115717108637,0.2589115717108637,4.315192861847729,0.06703520196578971,18.620889434941592
joint_reference,synthetic,MS008,X,46.5,0.8985,0.9066852375405278,0.008185237540527801,0.11387364413644688,6.699811359486561e-05,0.012967206828914142
joint_reference,synthetic,MS008,X,70.0,1.1106,1.2262062532372082,0.11560625323720819,1.301168886606431,0.013364805787545508,1.6930404714726195
joint_reference,synthetic,MS008,X,94.0,1.6059,1.2262067169152178,-0.37969328308478234,-2.9554555318262525,0.14416698921970067,8.734717400602397
joint_reference,synthetic,MS008,X,165.5,1.8018,1.6380675958151214,-0.16373240418487867,-1.1358946899272855,0.026808300180160474,1.2902567466050041
joint_reference,synthetic,MS008,X,190.0,1.7787,1.6155647797416104,-0.16313522025838956,-1.1464497966098102,0.026613100088753276,1.3143471361466752
joint_reference,synthetic,MS008,X,213.0,1.6476,1.5745832942710247,-0.07301670572897523,-0.5539626254019121,0.005331439315511764,0.3068745903421792
joint_reference,synthetic,MS008,Xd,3.5,0.2798999999999999,0.1216499999999999,-0.15825000000000003,-2.6375000000000006,0.025043062500000008,6.956406250000003
joint_reference,synthetic,MS008,Xd,22.5,0.8631000000000001,0.1216499999999999,-0.7414500000000002,-7.158788089445024,0.5497481025000003,51.24824690957994
joint_reference,synthetic,MS008,Xd,46.5,0.4632,0.1216499999999999,-0.34155000000000013,-5.692500000000003,0.11665640250000009,32.40455625000003
joint_reference,synthetic,MS008,Xd,70.0,0.5321999999999998,0.1216499999999999,-0.41054999999999986,-6.428504321683578,0.1685513024999999,41.32566781390444
joint_reference,synthetic,MS008,Xd,94.0,0.4470000000000002,0.1216499999999999,-0.32535000000000025,-5.422500000000005,0.10585262250000016,29.403506250000053
joint_reference,synthetic,MS008,Xd,165.5,0.6867,0.1216499999999999,-0.56505,-6.857070045143441,0.31928150250000004,47.01940960400348
joint_reference,synthetic,MS008,Xd,190.0,0.7788,0.14415281607351066,-0.6346471839264893,-6.790866118028691,0.4027770480658232,46.115862632990066
joint_reference,synthetic,MS008,Xd,213.0,0.7143,0.1851343015440966,-0.5291656984559034,-6.173476345791958,0.28001633642232415,38.11181019205282
joint_reference,synthetic,MS008,N,3.5,0.285,0.21159838478060322,-0.07340161521939675,-3.2193690885700335,0.0053877971168163775,10.364337328440248
joint_reference,synthetic,MS008,N,22.5,0.272,0.16689983915383852,-0.1051001608461615,-4.8299706271213925,0.011046043809889019,23.328616258855416
joint_reference,synthetic,MS008,N,46.5,0.229,0.07757995361773465,-0.15142004638226536,-8.265286374577803,0.022928030446407392,68.31495885378149
joint_reference,synthetic,MS008,N,70.0,0.166,1.1249471775053469e-07,-0.16599988750528225,-12.499991529012217,0.02755596265176636,156.2497882253772
joint_reference,synthetic,MS008,N,94.0,0.063,0.0,-0.063,-5.25,0.003969,27.5625
joint_reference,synthetic,MS008,N,165.5,0.071,0.0,-0.071,-5.916666666666666,0.0050409999999999995,35.006944444444436
joint_reference,synthetic,MS008,N,190.0,0.065,0.0,-0.065,-5.416666666666667,0.0042250000000000005,29.340277777777782
joint_reference,synthetic,MS008,N,213.0,0.06,0.0,-0.06,-5.0,0.0036,25.0
joint_reference,synthetic,MS008,G,3.5,118.87,122.7125270725826,3.842527072582598,1.2930182796610072,14.765014303530192,1.6718962715375107
joint_reference,synthetic,MS008,G,22.5,118.47,112.96443032195232,-5.505569678047678,-1.8588907497417666,30.31129747983801,3.455474819475507
joint_reference,synthetic,MS008,G,46.5,112.06,97.19485389411524,-14.865146105884762,-5.30613817807773,220.9725687493009,28.155102364854052
joint_reference,synthetic,MS008,G,70.0,93.06,78.48226173218576,-14.57773826781424,-5.831095307125696,212.51045300489574,34.00167248078331
joint_reference,synthetic,MS008,G,94.0,59.38,62.122523045002936,2.742523045002933,1.0970092180011732,7.521432652372161,1.2034292243795457
joint_reference,synthetic,MS008,G,165.5,25.65,18.169199492426294,-7.480800507573704,-2.9923202030294815,55.96237623411499,8.953980197458398
joint_reference,synthetic,MS008,G,190.0,15.65,8.377334471055384,-7.272665528944616,-2.9090662115778465,52.89166389589927,8.462666223343884
joint_reference,synthetic,MS008,G,213.0,9.99,2.704460854199298,-7.285539145800702,-2.914215658320281,53.07908064499443,8.492652903199108
joint_reference,synthetic,MS008,F,3.5,115.39,119.02207264040966,3.6320726404096604,1.2590597592199184,13.191951665212402,1.585231477286919
joint_reference,synthetic,MS008,F,22.5,116.72,115.12306740552765,-1.5969325944723494,-0.5472695663030669,2.550193711288189,0.29950397820154695
joint_reference,synthetic,MS008,F,46.5,111.07,108.3508461125106,-2.719153887489398,-0.9792577248543795,7.393797863848706,0.9589456916869755
joint_reference,synthetic,MS008,F,70.0,105.2,99.57650594288157,-5.623494057118435,-2.138210668105869,31.62368541044636,4.571944861201746
joint_reference,synthetic,MS008,F,94.0,74.02000000000001,91.14237889292632,17.122378892926307,6.848951557170523,293.1758589529283,46.90813743246853
joint_reference,synthetic,MS008,F,165.5,59.92,60.95845571794217,1.0384557179421705,0.4153822871768682,1.078390278126789,0.17254244450028622
joint_reference,synthetic,MS008,F,190.0,50.440000000000005,50.65572854972083,0.21572854972082212,0.08629141988832885,0.04653880716464922,0.007446209146343876
joint_reference,synthetic,MS008,F,213.0,42.07,41.194178779511866,-0.8758212204881346,-0.35032848819525386,0.7670628102573257,0.12273004964117212
joint_reference,synthetic,MS008,E,94.0,28.965108,41.486089123065916,12.520981123065916,6.260490561532958,156.77496828417299,39.193742071043246
joint_reference,synthetic,MS008,E,165.5,61.876416,74.82326486267364,12.94684886267364,6.47342443133682,167.62089547291373,41.90522386822843
joint_reference,synthetic,MS008,E,213.0,83.975136,90.22178993218996,6.2466539321899575,2.975477852010841,39.020685348544255,8.85346844780705
joint_reference,synthetic,MS008,Gly,22.5,0.79,1.0797435277655056,0.2897435277655056,0.8278386507585875,0.08395131188200032,0.6853168316897986
joint_reference,synthetic,MS008,Gly,46.5,1.77,2.0475891399417487,0.2775891399417487,0.7931118284049964,0.07705573061359976,0.6290263723559164
joint_reference,synthetic,MS008,Gly,70.0,3.09,3.205037464715536,0.11503746471553633,0.3286784706158181,0.013233618288178267,0.10802953704635321
joint_reference,synthetic,MS008,Gly,94.0,3.5,4.240368047230279,0.7403680472302794,2.115337277800798,0.5481448453595772,4.474651798853691
joint_reference,synthetic,MS008,Gly,165.5,6.55,6.991084181679202,0.4410841816792024,1.2602405190834354,0.19455525532761161,1.5882061659396867
joint_reference,synthetic,MS008,Gly,190.0,6.74,7.616252448517499,0.8762524485174987,2.5035784243357107,0.7678183535329117,6.26790492679928
joint_reference,synthetic,MS008,Gly,213.0,6.91,7.9826474706268336,1.0726474706268334,3.06470705893381,1.1505725962421434,9.392429357078724
natural,synthetic,MS009,X,3.5,0.3374999999999999,0.4092870440453587,0.0717870440453588,1.1964507340893134,0.0051533796927702834,1.4314943591028568
natural,synthetic,MS009,X,22.5,0.606,1.1094108031724812,0.5034108031724812,8.390180052874687,0.25342243675076265,70.39512131965628
natural,synthetic,MS009,X,46.5,1.8501,1.5923434653090072,-0.2577565346909929,-1.7415040720163295,0.06643843117590903,3.032836432849457
natural,synthetic,MS009,X,70.0,2.0139,1.5923434653090072,-0.42155653469099286,-2.616543365428974,0.17770991194067826,6.84629918317038
natural,synthetic,MS009,X,94.0,1.7811,1.5923434653090072,-0.18875653469099274,-1.3247188162581602,0.03562902938855195,1.7548799421484214
natural,synthetic,MS009,X,165.5,1.3803,1.4482811054022362,0.06798110540223612,0.6156370481257346,0.004621430691709937,0.37900897502496805
natural,synthetic,MS009,X,190.0,1.3040999999999998,1.3731337459650224,0.06903374596502254,0.6616991216645823,0.004765658081963266,0.4378457276116797
natural,synthetic,MS009,X,213.0,1.1775,1.3049362495901387,0.12743624959013866,1.3528264287700493,0.016239997709600117,1.8301393463787254
natural,synthetic,MS009,Xd,3.5,0.31695,0.1124999999999999,-0.2044500000000001,-3.407500000000002,0.041799802500000045,11.611056250000013
natural,synthetic,MS009,Xd,22.5,1.0485,0.1124999999999999,-0.936,-7.439198855507869,0.8760960000000001,55.341679611789594
natural,synthetic,MS009,Xd,46.5,0.6128999999999998,0.1124999999999999,-0.5003999999999998,-6.803720019579051,0.25040015999999987,46.29060610482075
natural,synthetic,MS009,Xd,70.0,0.7395000000000002,0.1124999999999999,-0.6270000000000002,-7.065584854631509,0.3931290000000003,49.922489337998165
natural,synthetic,MS009,Xd,94.0,0.924,0.1124999999999999,-0.8115000000000001,-7.318722943722944,0.6585322500000002,53.56370552697664
natural,synthetic,MS009,Xd,165.5,0.9606,0.2565623599067704,-0.7040376400932296,-6.107620585165778,0.4956689986680438,37.30302921234076
natural,synthetic,MS009,Xd,190.0,1.1129999999999998,0.3317097193439843,-0.7812902806560155,-5.849732559568851,0.6104145026475554,34.21937101847994
natural,synthetic,MS009,Xd,213.0,1.251,0.39990721571886867,-0.8510927842811312,-5.669416362117848,0.7243589274554082,32.14228188704957
natural,synthetic,MS009,N,3.5,0.291,0.21677812288581821,-0.07422187711418177,-3.188224961949389,0.005508887042352699,10.164778407997183
natural,synthetic,MS009,N,22.5,0.156,0.029311247189455724,-0.1266887528105443,-10.151342372639768,0.01605004008869119,103.04975196655158
natural,synthetic,MS009,N,46.5,0.053,0.0,-0.053,-4.416666666666666,0.002809,19.50694444444444
natural,synthetic,MS009,N,70.0,0.031,0.0,-0.031,-2.5833333333333335,0.0009609999999999999,6.673611111111112
natural,synthetic,MS009,N,94.0,0.017,0.0,-0.017,-1.4166666666666667,0.00028900000000000003,2.0069444444444446
natural,synthetic,MS009,N,165.5,0.026,0.0,-0.026,-2.1666666666666665,0.000676,4.694444444444444
natural,synthetic,MS009,N,190.0,0.027,0.0,-0.027,-2.25,0.0007289999999999999,5.0625
natural,synthetic,MS009,N,213.0,0.034,0.0,-0.034,-2.8333333333333335,0.0011560000000000001,8.027777777777779
natural,synthetic,MS009,G,3.5,117.57,118.70261276587223,1.1326127658722385,0.3853407385803312,1.2828116774167622,0.14848748480963514
natural,synthetic,MS009,G,22.5,98.16,99.39858031371861,1.2385803137186144,0.49543212548744575,1.5340811935313015,0.2454529909650082
natural,synthetic,MS009,G,46.5,44.39,64.42556250285311,20.03556250285311,8.014225001141245,401.4237648057336,64.2278023689174
natural,synthetic,MS009,G,70.0,17.32,39.50334671509232,22.18334671509232,8.873338686036927,492.1008714819972,78.73613943711955
natural,synthetic,MS009,G,94.0,6.87,20.5799549387177,13.7099549387177,5.48398197548708,187.96286442166988,30.07405830746718
natural,synthetic,MS009,G,165.5,1.58,0.09777925139402388,-1.4822207486059762,-0.5928882994423905,2.1969783475980607,0.35151653561568974
natural,synthetic,MS009,G,190.0,0.77,0.005477596991594118,-0.7645224030084059,-0.3058089612033624,0.5844945047017475,0.0935191207522796
natural,synthetic,MS009,G,213.0,1.13,0.0003321941734923075,-1.1296678058265075,-0.451867122330603,1.276149351520876,0.20418389624334013
natural,synthetic,MS009,F,3.5,115.11,113.29678678317588,-1.8132132168241242,-0.6300801726432539,3.2877421696656883,0.3970010239581526
natural,synthetic,MS009,F,22.5,105.15,104.78383554449869,-0.3661644555013197,-0.13929223224015966,0.13407640847257793,0.019402325962446575
natural,synthetic,MS009,F,46.5,79.03,85.85033676014825,6.820336760148251,2.7281347040593005,46.51699352182954,7.442718963492727
natural,synthetic,MS009,F,70.0,51.96,67.26243717675436,15.30243717675436,6.120974870701744,234.16458354851395,37.46633336776223
natural,synthetic,MS009,F,94.0,26.37,47.27068682316084,20.900686823160836,8.360274729264335,436.838709679849,69.89419354877585
natural,synthetic,MS009,F,165.5,1.56,2.1008885146163565,0.5408885146163565,0.2163554058465426,0.29256038524388844,0.04680966163902216
natural,synthetic,MS009,F,190.0,0.0,0.2832428609221759,0.2832428609221759,0.11329714436887035,0.08022651826337907,0.012836242922140651
natural,synthetic,MS009,F,213.0,0.8900000000000001,0.036056265294353206,-0.8539437347056469,-0.3415774938822588,0.7292199020430282,0.11667518432688453
natural,synthetic,MS009,E,94.0,86.263932,68.496845453117,-17.767086546882993,-8.238477488776185,315.66936436443063,67.87251133307196
natural,synthetic,MS009,E,165.5,107.652336,103.2531436203207,-4.399192379679306,-1.634592445696415,19.352893593428476,2.671892463527787
natural,synthetic,MS009,E,213.0,110.651448,104.4193796285928,-6.232068371407209,-2.2528646426415344,38.8386761858941,5.075399098064368
natural,synthetic,MS009,Gly,3.5,0.54,0.521625115106419,-0.018374884893581078,-0.052499671124517366,0.0003376363948523541,0.0027562154681824826
natural,synthetic,MS009,Gly,22.5,2.63,1.7656308261652276,-0.8643691738347723,-2.4696262109564926,0.7471340686758068,6.099053621843322
natural,synthetic,MS009,Gly,46.5,5.95,4.068207913730461,-1.881792086269539,-5.376548817912969,3.541141455946664,28.907277191401345
natural,synthetic,MS009,Gly,70.0,6.8,5.728708867115926,-1.071291132884074,-3.0608318082402115,1.1476646913960427,9.368691358335044
natural,synthetic,MS009,Gly,94.0,5.64,6.98750131293243,1.3475013129324305,3.850003751235516,1.815759788354624,14.822528884527546
natural,synthetic,MS009,Gly,165.5,7.34,8.344741984140922,1.0047419841409226,2.7377165780406614,1.009506454695438,7.495092061678669
natural,synthetic,MS009,Gly,190.0,7.52,8.350275214890313,0.8302752148903139,2.208178763006154,0.6893569324611568,4.876053449391389
natural,synthetic,MS009,Gly,213.0,7.24,8.350556029791532,1.1105560297915318,3.0678343364406953,1.2333346953063296,9.411607515844521
synthetic,synthetic,MS009,X,3.5,0.3374999999999999,0.4630411287348431,0.1255411287348432,2.09235214558072,0.01576057500401847,4.377937501116242
synthetic,synthetic,MS009,X,22.5,0.606,1.156831150048293,0.5508311500482931,9.180519167471552,0.3034149558635252,84.28193218431255
synthetic,synthetic,MS009,X,46.5,1.8501,1.5040054632994058,-0.3460945367005943,-2.3383502020201226,0.11978142833399902,5.467881667287548
synthetic,synthetic,MS009,X,70.0,2.0139,1.5040054632994058,-0.5098945367005943,-3.164845180375107,0.2599924385571137,10.016245015743543
synthetic,synthetic,MS009,X,94.0,1.7811,1.4632471564480811,-0.3178528435519188,-2.230734121834251,0.10103043015404056,4.976174722315627
synthetic,synthetic,MS009,X,165.5,1.3803,1.0005585215171926,-0.3797414784828075,-3.43893970950887,0.14420359048030854,11.826306325636951
synthetic,synthetic,MS009,X,190.0,1.3040999999999998,0.813156868788575,-0.49094313121142485,-4.705765769605714,0.24102515808367833,22.144231478392857
synthetic,synthetic,MS009,X,213.0,1.1775,0.6575267579514971,-0.5199732420485029,-5.519885796693237,0.270372172446431,30.469139208535733
synthetic,synthetic,MS009,Xd,3.5,0.31695,0.1124999999999999,-0.2044500000000001,-3.407500000000002,0.041799802500000045,11.611056250000013
synthetic,synthetic,MS009,Xd,22.5,1.0485,0.1124999999999999,-0.936,-7.439198855507869,0.8760960000000001,55.341679611789594
synthetic,synthetic,MS009,Xd,46.5,0.6128999999999998,0.1124999999999999,-0.5003999999999998,-6.803720019579051,0.25040015999999987,46.29060610482075
synthetic,synthetic,MS009,Xd,70.0,0.7395000000000002,0.1124999999999999,-0.6270000000000002,-7.065584854631509,0.3931290000000003,49.922489337998165
synthetic,synthetic,MS009,Xd,94.0,0.924,0.15325830685132508,-0.770741693148675,-6.951133596218209,0.5940427575576863,48.318258272473486
synthetic,synthetic,MS009,Xd,165.5,0.9606,0.6159469417822133,-0.3446530582177867,-2.9899113246736997,0.11878573053887306,8.939569729412037
synthetic,synthetic,MS009,Xd,190.0,1.1129999999999998,0.803348594510831,-0.3096514054891688,-2.318444186052478,0.09588399292141764,5.375183443840537
synthetic,synthetic,MS009,Xd,213.0,1.251,0.9589787053479089,-0.29202129465209103,-1.945252429070684,0.08527643653028337,3.7840070128053966
synthetic,synthetic,MS009,N,3.5,0.291,0.19983915834334437,-0.09116084165665561,-3.915843713773867,0.008310299051549837,15.33383199070231
synthetic,synthetic,MS009,N,22.5,0.156,1.9118523975817535e-08,-0.155999980881476,-12.49999846806699,0.02433599403502088,156.24996170167708
synthetic,synthetic,MS009,N,46.5,0.053,0.0,-0.053,-4.416666666666666,0.002809,19.50694444444444
synthetic,synthetic,MS009,N,70.0,0.031,0.0,-0.031,-2.5833333333333335,0.0009609999999999999,6.673611111111112
synthetic,synthetic,MS009,N,94.0,0.017,0.0,-0.017,-1.4166666666666667,0.00028900000000000003,2.0069444444444446
synthetic,synthetic,MS009,N,165.5,0.026,0.0,-0.026,-2.1666666666666665,0.000676,4.694444444444444
synthetic,synthetic,MS009,N,190.0,0.027,0.0,-0.027,-2.25,0.0007289999999999999,5.0625
synthetic,synthetic,MS009,N,213.0,0.034,0.0,-0.034,-2.8333333333333335,0.0011560000000000001,8.027777777777779
synthetic,synthetic,MS009,G,3.5,117.57,117.79990972446886,0.22990972446886815,0.0782205407736219,0.05285848140535087,0.006118452998917845
synthetic,synthetic,MS009,G,22.5,98.16,91.55968667807537,-6.600313321924631,-2.6401253287698525,43.56413594757576,6.970261751612122
synthetic,synthetic,MS009,G,46.5,44.39,61.548250381664154,17.158250381664153,6.863300152665661,294.4055561598781,47.10488898558049
synthetic,synthetic,MS009,G,70.0,17.32,41.34886477073535,24.028864770735346,9.611545908294138,577.3863421702862,92.38181474724578
synthetic,synthetic,MS009,G,94.0,6.87,26.36597535966784,19.49597535966784,7.7983901438671355,380.09305522477547,60.814888835964084
synthetic,synthetic,MS009,G,165.5,1.58,5.610825182407145,4.030825182407145,1.6123300729628578,16.24755165112759,2.5996082641804144
synthetic,synthetic,MS009,G,190.0,0.77,3.3535908981801215,2.5835908981801214,1.0334363592720486,6.674941929159167,1.0679907086654667
synthetic,synthetic,MS009,G,213.0,1.13,2.1559054999443443,1.0259054999443444,0.41036219997773776,1.0524820948160554,0.16839713517056884
synthetic,synthetic,MS009,F,3.5,115.11,112.73166432310782,-2.3783356768921777,-0.8264566681929207,5.656480591978173,0.6830306244005435
synthetic,synthetic,MS009,F,22.5,105.15,99.07107807499779,-6.07892192500222,-2.312476243462566,36.95329177027269,5.34754637657874
synthetic,synthetic,MS009,F,46.5,79.03,79.3238915507141,0.29389155071409334,0.11755662028563733,0.0863722435811345,0.01381955897298152
synthetic,synthetic,MS009,F,70.0,51.96,61.784547444538916,9.824547444538915,3.929818977815566,96.52173248999613,15.443477198399378
synthetic,synthetic,MS009,F,94.0,26.37,44.72950567334022,18.35950567334022,7.343802269336088,337.0714485694117,53.93143177110587
synthetic,synthetic,MS009,F,165.5,1.56,8.404790568246943,6.8447905682469425,2.737916227298777,46.851157923162305,7.496185267705968
synthetic,synthetic,MS009,F,190.0,0.0,3.608451016378825,3.608451016378825,1.44338040655153,13.020918737605376,2.0833469980168604
synthetic,synthetic,MS009,F,213.0,0.8900000000000001,1.6001765159638945,0.7101765159638944,0.28407060638555776,0.5043506838266156,0.0806961094122585
synthetic,synthetic,MS009,E,94.0,86.263932,77.3846631215815,-8.8792688784185,-4.1172567364160955,78.84141581525134,16.951803033563717
synthetic,synthetic,MS009,E,165.5,107.652336,103.17589081354296,-4.476445186457042,-1.6632969995029336,20.03856150735442,2.766556908555462
synthetic,synthetic,MS009,E,213.0,110.651448,107.59970564558259,-3.0517423544174136,-1.103191113926467,9.313131397745138,1.217030633846319
synthetic,synthetic,MS009,Gly,3.5,0.54,0.5651133398799387,0.02511333987993869,0.07175239965696768,0.0006306798399253191,0.005148406856533216
synthetic,synthetic,MS009,Gly,22.5,2.63,2.1583116608421644,-0.4716883391578355,-1.3476809690223872,0.22248988929747723,1.8162439942651205
synthetic,synthetic,MS009,Gly,46.5,5.95,4.022701256209338,-1.9272987437906623,-5.506567839401892,3.714480447817065,30.322289369935227
synthetic,synthetic,MS009,Gly,70.0,6.8,5.314923410030634,-1.485076589969366,-4.243075971341046,2.2054524780750406,18.003693698571762
synthetic,synthetic,MS009,Gly,94.0,5.64,6.301557276052362,0.6615572760523625,1.8901636458638928,0.43765802949782173,3.572718608145484
synthetic,synthetic,MS009,Gly,165.5,7.34,7.750942089999048,0.4109420899990486,1.1197332152562631,0.16887340133278614,1.253802473348129
synthetic,synthetic,MS009,Gly,190.0,7.52,7.907889093090184,0.3878890930901848,1.0316199284313425,0.15045794853832606,1.0642396767366884
synthetic,synthetic,MS009,Gly,213.0,7.24,7.983327823341706,0.7433278233417058,2.0533917771870325,0.5525362529539182,4.216417790619319
joint_reference,synthetic,MS009,X,3.5,0.3374999999999999,0.39175478341289555,0.054254783412895635,0.9042463902149273,0.0029435815231802155,0.8176615342167265
joint_reference,synthetic,MS009,X,22.5,0.606,0.8704528845702016,0.26445288457020166,4.407548076170028,0.0699353281575004,19.426480043750114
joint_reference,synthetic,MS009,X,46.5,1.8501,1.7213525424664458,-0.12874745753355432,-0.8698682337005724,0.016575907821354374,0.7566707440013537
joint_reference,synthetic,MS009,X,70.0,2.0139,1.7213525561839473,-0.2925474438160527,-1.8158017020212813,0.0855840068833065,3.297135821063382
joint_reference,synthetic,MS009,X,94.0,1.7811,1.704848967716899,-0.07625103228310093,-0.5351400278135767,0.0058142199242385,0.28637484936831564
joint_reference,synthetic,MS009,X,165.5,1.3803,1.1469284537679245,-0.23337154623207557,-2.1134132637114718,0.054462278590749785,4.466515623231575
joint_reference,synthetic,MS009,X,190.0,1.3040999999999998,0.9284447672846899,-0.3756552327153099,-3.6007134490770447,0.1411168538663936,12.965137342364308
joint_reference,synthetic,MS009,X,213.0,1.1775,0.7500088747801434,-0.42749112521985655,-4.53812234840612,0.18274866214173907,20.594554449103082
joint_reference,synthetic,MS009,Xd,3.5,0.31695,0.1124999999999999,-0.2044500000000001,-3.407500000000002,0.041799802500000045,11.611056250000013
joint_reference,synthetic,MS009,Xd,22.5,1.0485,0.1124999999999999,-0.936,-7.439198855507869,0.8760960000000001,55.341679611789594
joint_reference,synthetic,MS009,Xd,46.5,0.6128999999999998,0.1124999999999999,-0.5003999999999998,-6.803720019579051,0.25040015999999987,46.29060610482075
joint_reference,synthetic,MS009,Xd,70.0,0.7395000000000002,0.1124999999999999,-0.6270000000000002,-7.065584854631509,0.3931290000000003,49.922489337998165
joint_reference,synthetic,MS009,Xd,94.0,0.924,0.12900358846704896,-0.7949964115329511,-7.169881056393859,0.6320192943502693,51.40719436283551
joint_reference,synthetic,MS009,Xd,165.5,0.9606,0.6869241024160233,-0.2736758975839767,-2.374174973835595,0.0748984969183953,5.636706806387248
joint_reference,synthetic,MS009,Xd,190.0,1.1129999999999998,0.9054077888992571,-0.20759221110074266,-1.5542992744889392,0.0430945261096953,2.415846234676843
joint_reference,synthetic,MS009,Xd,213.0,1.251,1.0838436814038033,-0.16715631859619662,-1.1134846695723197,0.027941234846633186,1.239848109372578
joint_reference,synthetic,MS009,N,3.5,0.291,0.22282691506798477,-0.06817308493201521,-2.9283971190728186,0.004647569509147759,8.575509686993984
joint_reference,synthetic,MS009,N,22.5,0.156,0.10659880859210913,-0.04940119140789087,-3.9584287987092046,0.002440477712519071,15.669158554450396
joint_reference,synthetic,MS009,N,46.5,0.053,2.791224112117052e-09,-0.052999997208775886,-4.416666434064657,0.0028089997041302515,19.506942389793416
joint_reference,synthetic,MS009,N,70.0,0.031,0.0,-0.031,-2.5833333333333335,0.0009609999999999999,6.673611111111112
joint_reference,synthetic,MS009,N,94.0,0.017,0.0,-0.017,-1.4166666666666667,0.00028900000000000003,2.0069444444444446
joint_reference,synthetic,MS009,N,165.5,0.026,0.0,-0.026,-2.1666666666666665,0.000676,4.694444444444444
joint_reference,synthetic,MS009,N,190.0,0.027,0.0,-0.027,-2.25,0.0007289999999999999,5.0625
joint_reference,synthetic,MS009,N,213.0,0.034,0.0,-0.034,-2.8333333333333335,0.0011560000000000001,8.027777777777779
joint_reference,synthetic,MS009,G,3.5,117.57,119.0141714644476,1.4441714644476065,0.4913401256945161,2.0856312187247443,0.2414151191175029
joint_reference,synthetic,MS009,G,22.5,98.16,104.01789657369702,5.857896573697019,2.3431586294788076,34.31495226813127,5.490392362901004
joint_reference,synthetic,MS009,G,46.5,44.39,71.48969760517188,27.099697605171883,10.839879042068754,734.3936102917587,117.5029776466814
joint_reference,synthetic,MS009,G,70.0,17.32,44.04273807929364,26.72273807929364,10.689095231717456,714.1047304545305,114.25675687272485
joint_reference,synthetic,MS009,G,94.0,6.87,23.14336807328508,16.27336807328508,6.509347229314033,264.8225084486142,42.371601351778274
joint_reference,synthetic,MS009,G,165.5,1.58,0.6759687798485422,-0.9040312201514579,-0.36161248806058316,0.8172724470085337,0.1307635915213654
joint_reference,synthetic,MS009,G,190.0,0.77,0.1828266167983191,-0.5871733832016809,-0.23486935328067235,0.34477258194050797,0.05516361311048128
joint_reference,synthetic,MS009,G,213.0,1.13,0.05981825568259679,-1.070181744317403,-0.4280726977269612,1.1452889658702394,0.1832462345392383
joint_reference,synthetic,MS009,F,3.5,115.11,113.22254014814293,-1.8874598518570735,-0.6558804106878893,3.562504692372326,0.4301791131241143
joint_reference,synthetic,MS009,F,22.5,105.15,105.20487921870168,0.05487921870167156,0.020876545392932596,0.0030117286453058977,0.0004358301475431752
joint_reference,synthetic,MS009,F,46.5,79.03,85.96195065648286,6.931950656482854,2.772780262593142,48.05193990391307,7.688310384626093
joint_reference,synthetic,MS009,F,70.0,51.96,67.0077736626988,15.047773662698795,6.019109465079518,226.4354922038115,36.22967875260984
joint_reference,synthetic,MS009,F,94.0,26.37,49.22692301143253,22.85692301143253,9.142769204573012,522.438929550554,83.59022872808863
joint_reference,synthetic,MS009,F,165.5,1.56,9.506846378503202,7.946846378503201,3.1787385514012803,63.15236736352944,10.10437877816471
joint_reference,synthetic,MS009,F,190.0,0.0,2.85158521264308,2.85158521264308,1.140634085057232,8.13153822496468,1.301046115994349
joint_reference,synthetic,MS009,F,213.0,0.8900000000000001,0.49747191945080244,-0.3925280805491977,-0.15701123221967908,0.15407829401963744,0.02465252704314199
joint_reference,synthetic,MS009,E,94.0,86.263932,73.02906483435461,-13.234867165645383,-6.136918111103668,175.16170889227826,37.66176390239222
joint_reference,synthetic,MS009,E,165.5,107.652336,99.58719628678551,-8.065139713214492,-2.9967356075634033,65.04647859366955,8.9804243016384
joint_reference,synthetic,MS009,E,213.0,110.651448,103.25860099101598,-7.39284700898402,-2.672480891161594,54.65418689824398,7.142154113623868
joint_reference,synthetic,MS009,Gly,3.5,0.54,0.49437225454345,-0.04562774545655002,-0.13036498701871435,0.002081891155447721,0.016995029840389562
joint_reference,synthetic,MS009,Gly,22.5,2.63,1.4043782935155138,-1.225621706484486,-3.501776304241389,1.5021485674059438,12.26243728494648
joint_reference,synthetic,MS009,Gly,46.5,5.95,3.391976718517112,-2.558023281482888,-7.308637947093966,6.543483108608482,53.4161886417019
joint_reference,synthetic,MS009,Gly,70.0,6.8,5.129373338516182,-1.6706266614838174,-4.773219032810907,2.7909934420605658,22.78361993518829
joint_reference,synthetic,MS009,Gly,94.0,5.64,6.453524229451595,0.8135242294515956,2.3243549412902733,0.6618216719048124,5.40262589310051
joint_reference,synthetic,MS009,Gly,165.5,7.34,7.894587899742721,0.5545878997427209,1.5111386913970597,0.3075677385410423,2.283540144637218
joint_reference,synthetic,MS009,Gly,190.0,7.52,7.930959881136941,0.41095988113694126,1.0929784072790991,0.16888802390408889,1.1946017987783564
joint_reference,synthetic,MS009,Gly,213.0,7.24,7.939987966436899,0.6999879664368986,1.933668415571543,0.48998315315646473,3.739073541378961
natural,synthetic,MS010,X,3.0,0.5609999999999999,0.6323392990019591,0.07133929900195912,1.1889883166993187,0.0050892955820909256,1.4136932172474794
natural,synthetic,MS010,X,21.0,0.5045999999999999,1.2611906043527088,0.7565906043527089,12.60984340587848,0.5724293425947973,159.008150720777
natural,synthetic,MS010,X,46.0,1.2441,1.7598236652857588,0.5157236652857589,5.181694249716249,0.2659708989357774,26.84995529754244
natural,synthetic,MS010,X,70.5,1.4262,1.7598236652857588,0.33362366528575893,2.9240610125311925,0.1113047500387041,8.550132805004942
natural,synthetic,MS010,X,93.5,1.5045,1.7598236652857588,0.2553236652857589,2.121333211081413,0.06519017405495424,4.500054592436979
natural,synthetic,MS010,X,166.0,2.175,1.700868558147193,-0.47413144185280687,-2.7248933439816487,0.22480062415342159,7.425043736075492
natural,synthetic,MS010,X,191.0,1.56,1.6570377115395596,0.09703771153955953,0.7775457655413424,0.009416317460834765,0.6045774175112721
natural,synthetic,MS010,X,213.5,2.4147,1.616953514163634,-0.7977464858363659,-4.129635595707365,0.6363994556642711,17.05389015333332
natural,synthetic,MS010,Xd,3.0,0.3814499999999999,0.0,-0.3814499999999999,-6.357499999999998,0.14550410249999993,40.41780624999998
natural,synthetic,MS010,Xd,21.0,0.4884,0.0,-0.4884,-8.14,0.23853456,66.2596
natural,synthetic,MS010,Xd,46.0,0.6984,0.0,-0.6984,-8.333333333333334,0.48776256,69.44444444444446
natural,synthetic,MS010,Xd,70.5,0.6981,0.0,-0.6981,-8.333333333333334,0.4873436100000001,69.44444444444446
natural,synthetic,MS010,Xd,93.5,0.7925999999999999,0.0,-0.7925999999999999,-8.333333333333334,0.6282147599999998,69.44444444444446
natural,synthetic,MS010,Xd,166.0,0.8067,0.058955107138565006,-0.747744892861435,-7.724318136248864,0.5591224248003589,59.66509066998312
natural,synthetic,MS010,Xd,191.0,0.8685,0.10278595374619787,-0.7657140462538021,-7.347093132352735,0.5863180006303699,53.979777495464724
natural,synthetic,MS010,Xd,213.5,0.9609,0.14287015112212267,-0.8180298488778773,-7.094302640561604,0.6691728336551628,50.329129955879345
natural,synthetic,MS010,N,3.0,0.271,0.20189801221009904,-0.06910198778990098,-3.1873610604197866,0.004775084716515624,10.159270529480347
natural,synthetic,MS010,N,21.0,0.246,0.033515225660101206,-0.2124847743398988,-10.796990566051768,0.045149779326277714,116.57500528341089
natural,synthetic,MS010,N,46.0,0.204,0.0,-0.204,-12.500000000000002,0.04161599999999999,156.25000000000006
natural,synthetic,MS010,N,70.5,0.107,0.0,-0.107,-8.916666666666666,0.011448999999999999,79.50694444444443
natural,synthetic,MS010,N,93.5,0.066,0.0,-0.066,-5.5,0.0043560000000000005,30.25
natural,synthetic,MS010,N,166.0,0.037,0.0,-0.037,-3.083333333333333,0.0013689999999999998,9.506944444444443
natural,synthetic,MS010,N,191.0,0.036,0.0,-0.036,-2.9999999999999996,0.0012959999999999998,8.999999999999998
natural,synthetic,MS010,G,3.0,125.78,121.84589478008235,-3.9341052199176545,-1.251106764165258,15.477183881383336,1.5652681353400626
natural,synthetic,MS010,G,21.0,114.16,100.72423447697007,-13.435765523029929,-4.7076963990994845,180.5197951898397,22.162405386094253
natural,synthetic,MS010,G,46.0,85.65,65.96816069507312,-19.681839304926882,-7.872735721970753,387.3747984249647,61.97996774799435
natural,synthetic,MS010,G,70.5,50.56,41.10712540545315,-9.452874594546856,-3.7811498378187425,89.35683810022938,14.297094096036702
natural,synthetic,MS010,G,93.5,29.71,23.42071237248575,-6.289287627514252,-2.5157150510057007,39.55513886160385,6.328822217856615
natural,synthetic,MS010,G,166.0,2.78,0.10968657088069284,-2.670313429119307,-1.0681253716477228,7.130573809734912,1.140891809557586
natural,synthetic,MS010,G,191.0,1.1,0.004173706559931138,-1.0958262934400689,-0.4383305173760276,1.2008352653946,0.19213364246313602
natural,synthetic,MS010,G,213.5,0.96,0.00017901140687591,-0.959820988593124,-0.3839283954372496,0.921256330143882,0.1474010128230211
natural,synthetic,MS010,F,3.0,111.53,112.28386615319882,0.753866153198814,0.2703725107859101,0.5683141769387777,0.07310129458867709
natural,synthetic,MS010,F,21.0,114.71,104.63707266201341,-10.072927337986584,-3.5124844697015374,101.4638651563575,12.33754714989449
natural,synthetic,MS010,F,46.0,97.47,88.92074389689375,-8.549256103106245,-3.419702441242498,73.08977991649938,11.694364786639902
natural,synthetic,MS010,F,70.5,80.56,73.18052149372373,-7.379478506276271,-2.9517914025105085,54.456703024593466,8.713072483934955
natural,synthetic,MS010,F,93.5,64.03999999999999,57.05158403948104,-6.9884159605189495,-2.79536638420758,48.837957637235995,7.814073221957759
natural,synthetic,MS010,F,166.0,22.77,4.411418793384277,-18.358581206615725,-7.34343248264629,337.03750391990405,53.926000627184656
natural,synthetic,MS010,F,191.0,11.36,0.539577139469788,-10.820422860530211,-4.328169144212085,117.0815508806848,18.73304814090957
natural,synthetic,MS010,F,213.5,3.92,0.056273303531491056,-3.863726696468509,-1.5454906785874036,14.928383985003457,2.388541437600553
natural,synthetic,MS010,E,93.5,66.29616,61.51594597106739,-4.780214028932612,-2.390107014466306,22.850446162404154,5.7126115406010385
natural,synthetic,MS010,E,166.0,99.44424,102.12508700448112,2.680847004481123,1.0783317382610087,7.18694066143541,1.1627993377410086
natural,synthetic,MS010,E,213.5,110.809296,104.76020111644912,-6.049094883550879,-2.1836055644829213,36.59154891020142,4.768133261240777
natural,synthetic,MS010,Gly,3.0,0.59,0.6131383560395347,0.023138356039534735,0.06610958868438496,0.0005353835202122736,0.004370477716018561
natural,synthetic,MS010,Gly,21.0,1.19,1.9847174346740537,0.7947174346740538,2.270621241925868,0.631575800974909,5.1557208242849715
natural,synthetic,MS010,Gly,46.0,3.56,4.273253196781778,0.7132531967817779,2.0378662765193654,0.5087301227194256,4.152898960974903
natural,synthetic,MS010,Gly,70.5,5.65,5.931284225934172,0.28128422593417124,0.803669216954775,0.0791208157593859,0.6458842102807012
natural,synthetic,MS010,Gly,93.5,6.54,7.1096409826635645,0.5696409826635644,1.6275456647530413,0.32449084912991133,2.6489048908564192
natural,synthetic,MS010,Gly,166.0,7.93,8.661898262453759,0.7318982624537593,1.8458972571343235,0.5356750665828319,3.407336683896019
natural,synthetic,MS010,Gly,191.0,7.46,8.668632404398446,1.208632404398446,3.240301352274654,1.4607922889619687,10.49955285355295
natural,synthetic,MS010,Gly,213.5,7.99,8.668867560960079,0.6788675609600787,1.6992930186735387,0.4608611653238862,2.8875967633126276
synthetic,synthetic,MS010,X,3.0,0.5609999999999999,0.6834057996116751,0.12240579961167519,2.0400966601945867,0.014983179778573583,4.161994382937107
synthetic,synthetic,MS010,X,21.0,0.5045999999999999,1.3282549568155173,0.8236549568155174,13.727582613591956,0.6784074878867717,188.44652441299215
synthetic,synthetic,MS010,X,46.0,1.2441,1.6754293252220231,0.43132932522202316,4.333748545354304,0.18604498679648582,18.781376454360544
synthetic,synthetic,MS010,X,70.5,1.4262,1.6754293252220231,0.24922932522202323,2.1843826709264413,0.062115256550625025,4.771527653043734
synthetic,synthetic,MS010,X,93.5,1.5045,1.6754293252220231,0.1709293252220232,1.420150591741635,0.029216834220856178,2.016827703224116
synthetic,synthetic,MS010,X,166.0,2.175,1.4352975494974012,-0.7397024505025986,-4.251163508635624,0.5471597152795494,18.07239117715515
synthetic,synthetic,MS010,X,191.0,1.56,1.2974522883371644,-0.26254771166283564,-2.1037476896060547,0.06893130089939148,4.425754341522813
synthetic,synthetic,MS010,X,213.5,2.4147,1.1668528516102135,-1.2478471483897864,-6.459638611368837,1.5571225057445215,41.72693098948712
synthetic,synthetic,MS010,Xd,3.0,0.3814499999999999,0.0,-0.3814499999999999,-6.357499999999998,0.14550410249999993,40.41780624999998
synthetic,synthetic,MS010,Xd,21.0,0.4884,0.0,-0.4884,-8.14,0.23853456,66.2596
synthetic,synthetic,MS010,Xd,46.0,0.6984,0.0,-0.6984,-8.333333333333334,0.48776256,69.44444444444446
synthetic,synthetic,MS010,Xd,70.5,0.6981,0.0,-0.6981,-8.333333333333334,0.4873436100000001,69.44444444444446
synthetic,synthetic,MS010,Xd,93.5,0.7925999999999999,0.0,-0.7925999999999999,-8.333333333333334,0.6282147599999998,69.44444444444446
synthetic,synthetic,MS010,Xd,166.0,0.8067,0.24013177572462244,-0.5665682242753776,-5.852735674924359,0.3209995527585545,34.25451488053229
synthetic,synthetic,MS010,Xd,191.0,0.8685,0.3779770368848592,-0.4905229631151409,-4.706610661246794,0.24061277734325787,22.15218391656198
synthetic,synthetic,MS010,Xd,213.5,0.9609,0.5085764736118105,-0.4523235263881895,-3.9227419293387236,0.20459657252424718,15.387904244192091
synthetic,synthetic,MS010,N,3.0,0.271,0.18574225791801713,-0.08525774208198289,-3.9325526790582512,0.007268882584917916,15.464970573568229
synthetic,synthetic,MS010,N,21.0,0.246,3.54203465413249e-08,-0.24599996457965345,-12.499998200185644,0.060515982573190755,156.24995500464433
synthetic,synthetic,MS010,N,46.0,0.204,0.0,-0.204,-12.500000000000002,0.04161599999999999,156.25000000000006
synthetic,synthetic,MS010,N,70.5,0.107,0.0,-0.107,-8.916666666666666,0.011448999999999999,79.50694444444443
synthetic,synthetic,MS010,N,93.5,0.066,0.0,-0.066,-5.5,0.0043560000000000005,30.25
synthetic,synthetic,MS010,N,166.0,0.037,0.0,-0.037,-3.083333333333333,0.0013689999999999998,9.506944444444443
synthetic,synthetic,MS010,N,191.0,0.036,0.0,-0.036,-2.9999999999999996,0.0012959999999999998,8.999999999999998
synthetic,synthetic,MS010,G,3.0,125.78,120.76218846877784,-5.017811531222165,-1.595742258299305,25.178432562866128,2.546393354922166
synthetic,synthetic,MS010,G,21.0,114.16,94.37622747115613,-19.78377252884387,-6.931945525173044,391.39765547303733,48.051868763966596
synthetic,synthetic,MS010,G,46.0,85.65,64.62831085143878,-21.021689148561222,-8.408675659424489,441.91141465873665,70.70582634539787
synthetic,synthetic,MS010,G,70.5,50.56,44.235538942398556,-6.324461057601447,-2.529784423040579,39.998807669117205,6.399809227058754
synthetic,synthetic,MS010,G,93.5,29.71,29.81026760372452,0.10026760372451804,0.04010704148980722,0.010053592356656984,0.0016085747770651175
synthetic,synthetic,MS010,G,166.0,2.78,5.434045292328978,2.6540452923289783,1.0616181169315912,7.043956413733612,1.1270330261973778
synthetic,synthetic,MS010,G,191.0,1.1,2.6120291213539284,1.5120291213539283,0.6048116485415713,2.2862320638223323,0.3657971302115732
synthetic,synthetic,MS010,G,213.5,0.96,1.3111733941824193,0.35117339418241933,0.14046935767296773,0.12332275278160086,0.019731640445056136
synthetic,synthetic,MS010,F,3.0,111.53,111.73216625092753,0.20216625092753304,0.07250650082579863,0.040871193014094254,0.005257192662001537
synthetic,synthetic,MS010,F,21.0,114.71,100.57394985075173,-14.136050149248263,-4.929317461162327,199.82791382206182,24.29817063291981
synthetic,synthetic,MS010,F,46.0,97.47,84.58812263286008,-12.881877367139921,-5.152750946855969,165.94276450203176,26.550842320325085
synthetic,synthetic,MS010,F,70.5,80.56,70.0133441504691,-10.546655849530907,-4.218662339812363,111.23194960844451,17.797111937351122
synthetic,synthetic,MS010,F,93.5,64.03999999999999,56.42312445972962,-7.616875540270371,-3.0467502161081486,58.016792995969055,9.28268687935505
synthetic,synthetic,MS010,F,166.0,22.77,15.913771516739006,-6.856228483260994,-2.7424913933043973,47.00786901467934,7.521259042348694
synthetic,synthetic,MS010,F,191.0,11.36,6.682816578156178,-4.6771834218438215,-1.8708733687375285,21.87604476157068,3.500167161851308
synthetic,synthetic,MS010,F,213.5,3.92,2.254968761571384,-1.665031238428616,-0.6660124953714464,2.7723290249431303,0.44357264399090085
synthetic,synthetic,MS010,E,93.5,66.29616,72.11560429316053,5.8194442931605295,2.9097221465802647,33.865931881198655,8.466482970299664
synthetic,synthetic,MS010,E,166.0,99.44424,101.58625786488493,2.1420178648849344,0.8615955493792037,4.588240533486213,0.7423468907100518
synthetic,synthetic,MS010,E,213.5,110.809296,109.2683398395787,-1.5409561604213025,-0.5562551937596651,2.374545888340363,0.3094198405846026
synthetic,synthetic,MS010,Gly,3.0,0.59,0.6615816925343007,0.07158169253430069,0.20451912152657342,0.005123938706075159,0.041828071070001305
synthetic,synthetic,MS010,Gly,21.0,1.19,2.2458023850766256,1.0558023850766256,3.0165782430760735,1.1147186763334913,9.09974429659993
synthetic,synthetic,MS010,Gly,46.0,3.56,4.066059506670454,0.5060595066704541,1.4458843047727261,0.25609622429154333,2.0905814227881097
synthetic,synthetic,MS010,Gly,70.5,5.65,5.347075785056421,-0.30292421494357935,-0.8654977569816553,0.09176307999918386,0.7490863673402764
synthetic,synthetic,MS010,Gly,93.5,6.54,6.276586764605268,-0.26341323539473205,-0.7526092439849488,0.06938653258112051,0.5664206741315961
synthetic,synthetic,MS010,Gly,166.0,7.93,7.9746935546955,0.04469355469549985,0.11272018838713707,0.0019975138313196366,0.012705840870031671
synthetic,synthetic,MS010,Gly,191.0,7.46,8.201393297455217,0.7413932974552173,1.9876495910327543,0.5496640215115204,3.9507508967326754
synthetic,synthetic,MS010,Gly,213.5,7.99,8.302934398310995,0.3129343983109951,0.7833151397021154,0.09792793764626455,0.6135826080865446
joint_reference,synthetic,MS010,X,3.0,0.5609999999999999,0.6152818810282604,0.05428188102826048,0.9046980171376747,0.002946522607966225,0.8184785022128404
joint_reference,synthetic,MS010,X,21.0,0.5045999999999999,1.0638143799193778,0.5592143799193778,9.320239665322964,0.31272072270861423,86.86686741905952
joint_reference,synthetic,MS010,X,46.0,1.2441,1.883073144753207,0.638973144753207,6.420034008050066,0.4082866797158028,41.21683666451939
joint_reference,synthetic,MS010,X,70.5,1.4262,1.8830734288426747,0.4568734288426748,4.00428962314783,0.20873332998246263,16.034335386049392
joint_reference,synthetic,MS010,X,93.5,1.5045,1.8830734288426747,0.37857342884267475,3.145342546050804,0.14331784102569972,9.893179731997353
joint_reference,synthetic,MS010,X,166.0,2.175,1.585344579365984,-0.5896554206340159,-3.3888242565173328,0.3476935150830782,11.484129841560254
joint_reference,synthetic,MS010,X,191.0,1.56,1.4279437767825611,-0.13205622321743893,-1.058142814242299,0.017438846090454055,1.1196662153326127
joint_reference,synthetic,MS010,X,213.5,2.4147,1.2841816442948528,-1.130518355705147,-5.852271274408555,1.2780717525862693,34.24907906926754
joint_reference,synthetic,MS010,Xd,3.0,0.3814499999999999,0.0,-0.3814499999999999,-6.357499999999998,0.14550410249999993,40.41780624999998
joint_reference,synthetic,MS010,Xd,21.0,0.4884,0.0,-0.4884,-8.14,0.23853456,66.2596
joint_reference,synthetic,MS010,Xd,46.0,0.6984,0.0,-0.6984,-8.333333333333334,0.48776256,69.44444444444446
joint_reference,synthetic,MS010,Xd,70.5,0.6981,0.0,-0.6981,-8.333333333333334,0.4873436100000001,69.44444444444446
joint_reference,synthetic,MS010,Xd,93.5,0.7925999999999999,0.0,-0.7925999999999999,-8.333333333333334,0.6282147599999998,69.44444444444446
joint_reference,synthetic,MS010,Xd,166.0,0.8067,0.2977288494766913,-0.5089711505233087,-5.257749168663575,0.2590516320650205,27.643926320582516
joint_reference,synthetic,MS010,Xd,191.0,0.8685,0.4551296520601146,-0.4133703479398855,-3.9663245820368975,0.170875044555942,15.73173069007017
joint_reference,synthetic,MS010,Xd,213.5,0.9609,0.5988917845478227,-0.3620082154521773,-3.139489154717603,0.13104994805487002,9.856392152589448
joint_reference,synthetic,MS010,N,3.0,0.271,0.20782033575522743,-0.06317966424477259,-2.9141911552016873,0.003991669974082196,8.492510089055745
joint_reference,synthetic,MS010,N,21.0,0.246,0.09891645058632421,-0.1470835494136758,-7.473757592158323,0.02163357050812521,55.85705254634418
joint_reference,synthetic,MS010,N,46.0,0.204,6.733727110194906e-08,-0.2039999326627289,-12.499995873941723,0.041615972526397926,156.2498968485601
joint_reference,synthetic,MS010,N,70.5,0.107,0.0,-0.107,-8.916666666666666,0.011448999999999999,79.50694444444443
joint_reference,synthetic,MS010,N,93.5,0.066,0.0,-0.066,-5.5,0.0043560000000000005,30.25
joint_reference,synthetic,MS010,N,166.0,0.037,0.0,-0.037,-3.083333333333333,0.0013689999999999998,9.506944444444443
joint_reference,synthetic,MS010,N,191.0,0.036,0.0,-0.036,-2.9999999999999996,0.0012959999999999998,8.999999999999998
joint_reference,synthetic,MS010,G,3.0,125.78,122.20804183362496,-3.5719581663750404,-1.1359383578867992,12.758885142333341,1.290355952918558
joint_reference,synthetic,MS010,G,21.0,114.16,104.80982110164744,-9.350178898352553,-3.2761663974606,87.42584543119736,10.733266263849966
joint_reference,synthetic,MS010,G,46.0,85.65,72.59520360981828,-13.054796390181721,-5.221918556072689,170.4277087891017,27.268433406256275
joint_reference,synthetic,MS010,G,70.5,50.56,45.890006272131714,-4.669993727868288,-1.8679974911473152,21.808841418329152,3.489414626932664
joint_reference,synthetic,MS010,G,93.5,29.71,26.677400255500096,-3.0325997444999047,-1.213039897799962,9.196661210340887,1.471465793654542
joint_reference,synthetic,MS010,G,166.0,2.78,0.5263556527759574,-2.2536443472240424,-0.901457738889617,5.07891284377488,0.8126260550039809
joint_reference,synthetic,MS010,G,191.0,1.1,0.0770731662499718,-1.0229268337500284,-0.4091707335000113,1.046379307205858,0.16742068915293729
joint_reference,synthetic,MS010,G,213.5,0.96,0.014455894204848944,-0.945544105795151,-0.37821764231806043,0.8940536560039517,0.1430485849606323
joint_reference,synthetic,MS010,F,3.0,111.53,112.11567886539748,0.5856788653974832,0.21005249364206335,0.3430197333732832,0.04412205008524907
joint_reference,synthetic,MS010,F,21.0,114.71,103.93830581825681,-10.771694181743186,-3.756148263183048,116.029395545,14.108649775013026
joint_reference,synthetic,MS010,F,46.0,97.47,86.85897042375453,-10.611029576245471,-4.244411830498189,112.59394866795614,18.015031786872985
joint_reference,synthetic,MS010,F,70.5,80.56,70.24632155592083,-10.313678444079173,-4.125471377631669,106.37196304786339,17.01951408765814
joint_reference,synthetic,MS010,F,93.5,64.03999999999999,55.68033734809846,-8.35966265190153,-3.343865060760612,69.88395965359733,11.181433544575572
joint_reference,synthetic,MS010,F,166.0,22.77,15.346201687185147,-7.423798312814853,-2.9695193251259413,55.112781389352655,8.818045022296426
joint_reference,synthetic,MS010,F,191.0,11.36,5.545314013736621,-5.814685986263378,-2.3258743945053513,33.81057311884772,5.409691699015634
joint_reference,synthetic,MS010,F,213.5,3.92,0.7533351099086594,-3.1666648900913406,-1.2666659560365363,10.027766526137201,1.6044426441819526
joint_reference,synthetic,MS010,E,93.5,66.29616,70.30779848736522,4.011638487365218,2.005819243682609,16.093243353309894,4.023310838327474
joint_reference,synthetic,MS010,E,166.0,99.44424,98.97957652898798,-0.46466347101201677,-0.18690412677979812,0.21591214129293534,0.03493315260731885
joint_reference,synthetic,MS010,E,213.5,110.809296,104.75523772383241,-6.054058276167595,-2.1853972526520136,36.65162161123335,4.775961151898969
joint_reference,synthetic,MS010,Gly,3.0,0.59,0.5802755960810776,-0.009724403918922375,-0.027784011196921074,9.456403157835285e-05,0.0007719512781906356
joint_reference,synthetic,MS010,Gly,21.0,1.19,1.6448811232737075,0.45488112327370755,1.2996603522105932,0.20691683631074992,1.6891170311081631
joint_reference,synthetic,MS010,Gly,46.0,3.56,3.614314857910706,0.05431485791070578,0.15518530831630226,0.0029501037898601585,0.02408247991722579
joint_reference,synthetic,MS010,Gly,70.5,5.65,5.303886826857305,-0.34611317314269563,-0.9888947804077018,0.11979432862290561,0.9779128867175969
joint_reference,synthetic,MS010,Gly,93.5,6.54,6.520552598576368,-0.01944740142363166,-0.05556400406751903,0.00037820142213187074,0.0030873585480152717
joint_reference,synthetic,MS010,Gly,166.0,7.93,8.197455879346728,0.26745587934672876,0.6745419403448393,0.07153264739713193,0.4550068292841807
joint_reference,synthetic,MS010,Gly,191.0,7.46,8.235301657287527,0.7753016572875273,2.0785567219504753,0.6010926597927865,4.320398046365505
joint_reference,synthetic,MS010,Gly,213.5,7.99,8.243824905928426,0.25382490592842544,0.6353564603965592,0.06442708286957402,0.40367783176764455
natural,synthetic,MS011,X,3.0,0.3697499999999999,0.41677154736197564,0.047021547361975724,0.7836924560329288,0.002211025916314526,0.6141738656429241
natural,synthetic,MS011,X,21.0,0.4031999999999999,0.8446396704433471,0.4414396704433472,7.357327840722453,0.19486898264113098,54.130272955869714
natural,synthetic,MS011,X,46.0,0.8733,1.1839043909949685,0.3106043909949685,4.445843223905996,0.09647508770535528,19.76552197155086
natural,synthetic,MS011,X,70.5,1.3641,1.1839043909949685,-0.18019560900503162,-1.6512316637804378,0.03247045750469423,2.726566007471113
natural,synthetic,MS011,X,93.5,1.3824,1.1839043909949685,-0.1984956090050316,-1.794846001564594,0.03940050679427838,3.22147216933241
natural,synthetic,MS011,X,166.0,2.3709,1.5444886999825866,-0.8264113000174131,-4.3570548105013565,0.6829556367964709,18.98392662171301
natural,synthetic,MS011,X,191.0,1.7052,1.5175083250424823,-0.1876916749575177,-1.3758772794798095,0.03522816484835848,1.893038288188762
natural,synthetic,MS011,X,213.5,2.196,1.4823006298441752,-0.713699370155825,-4.062496414821407,0.5093667909608213,16.503877120436783
natural,synthetic,MS011,Xd,3.0,0.3423,0.23025,-0.11204999999999998,-1.8674999999999997,0.012555202499999996,3.487556249999999
natural,synthetic,MS011,Xd,21.0,0.4677,0.23025,-0.23745,-3.9575,0.0563825025,15.66180625
natural,synthetic,MS011,Xd,46.0,0.4584,0.23025,-0.22814999999999996,-3.8024999999999993,0.05205242249999999,14.459006249999995
natural,synthetic,MS011,Xd,70.5,0.5415000000000001,0.23025,-0.3112500000000001,-4.789935364727609,0.09687656250000005,22.94348079826821
natural,synthetic,MS011,Xd,93.5,0.4745999999999999,0.23025,-0.2443499999999999,-4.072499999999999,0.059706922499999954,16.58525624999999
natural,synthetic,MS011,Xd,166.0,1.0485,0.24313100390063525,-0.8053689960993647,-6.400961660303329,0.6486192198780986,40.97231017667315
natural,synthetic,MS011,Xd,191.0,0.7556999999999999,0.2701113788407394,-0.48558862115926055,-5.354733152036308,0.23579630899935186,28.6731671295167
natural,synthetic,MS011,Xd,213.5,0.8985000000000001,0.30531907403904684,-0.5931809259609533,-5.501585289936498,0.35186361092389395,30.267440702445665
natural,synthetic,MS011,N,3.0,0.279,0.20540939375440115,-0.07359060624559888,-3.2970701722938562,0.005415577327594776,10.870671721029838
natural,synthetic,MS011,N,21.0,0.25,0.09084236299953244,-0.15915763700046756,-7.957881850023378,0.0253311534155726,63.32788353893151
natural,synthetic,MS011,N,46.0,0.146,0.0,-0.146,-12.166666666666666,0.021315999999999998,148.02777777777777
natural,synthetic,MS011,N,70.5,0.048,0.0,-0.048,-4.0,0.002304,16.0
natural,synthetic,MS011,N,93.5,0.032,0.0,-0.032,-2.6666666666666665,0.001024,7.111111111111111
natural,synthetic,MS011,N,166.0,0.098,0.0,-0.098,-8.166666666666666,0.009604000000000001,66.69444444444443
natural,synthetic,MS011,N,191.0,0.097,0.0,-0.097,-8.083333333333334,0.009409,65.34027777777779
natural,synthetic,MS011,G,3.0,121.0,121.70677211135975,0.7067721113597543,0.23364367317677825,0.49952681739592486,0.05458936601553717
natural,synthetic,MS011,G,21.0,114.85,106.80136588954505,-8.048634110454941,-2.80318123132954,64.7805110439788,7.857825015678196
natural,synthetic,MS011,G,46.0,89.91,79.75413299177214,-10.155867008227858,-4.062346803291144,103.14163468881107,16.502661550209773
natural,synthetic,MS011,G,70.5,63.99,59.344178692974154,-4.645821307025848,-1.8583285228103392,21.58365561681536,3.4533848986904574
natural,synthetic,MS011,G,93.5,43.87,43.95583311887962,0.08583311887961997,0.03433324755184799,0.007367324296602975,0.0011787718874564758
natural,synthetic,MS011,G,166.0,7.49,4.599623642546794,-2.8903763574532064,-1.1561505429812826,8.354275487724466,1.3366840780359146
natural,synthetic,MS011,G,191.0,3.12,0.5924128940485704,-2.5275871059514294,-1.0110348423805717,6.388696578171922,1.0221914525075075
natural,synthetic,MS011,G,213.5,2.48,0.05570473736231992,-2.42429526263768,-0.9697181050550719,5.877207520447498,0.9403532032715995
natural,synthetic,MS011,F,3.0,119.14,119.14749967180613,0.007499671806129982,0.002517935808672144,5.624507719966094e-05,6.340000736593443e-06
natural,synthetic,MS011,F,21.0,113.04,113.83518912299438,0.7951891229943726,0.2813832706986456,0.6323257413285595,0.07917654502906726
natural,synthetic,MS011,F,46.0,105.29,102.64061852048295,-2.6493814795170607,-1.00650830259932,7.0192222240080095,1.0130589632013642
natural,synthetic,MS011,F,70.5,90.63,92.03341855088303,1.403418550883032,0.5613674203532127,1.9695836289626292,0.31513338063402063
natural,synthetic,MS011,F,93.5,76.72999999999999,81.93236425704468,5.202364257044692,2.080945702817877,27.064593862976174,4.330335018076188
natural,synthetic,MS011,F,166.0,35.04,31.888028098517058,-3.1519719014829413,-1.2607887605931765,9.934926867737989,1.589588298838078
natural,synthetic,MS011,F,191.0,23.81,13.844044265996386,-9.965955734003613,-3.9863822936014452,99.32027369211949,15.89124379073912
natural,synthetic,MS011,F,213.5,11.8,4.311019507273398,-7.488980492726602,-2.995592197090641,56.08482882043958,8.973572611270333
natural,synthetic,MS011,E,93.5,54.615408,44.31213147120252,-10.303276528797483,-5.151638264398741,106.15750722886911,26.539376807217277
natural,synthetic,MS011,E,166.0,89.97336,87.03149051757005,-2.9418694824299507,-1.307884681612402,8.654596051652666,1.710562340396374
natural,synthetic,MS011,E,213.5,105.36354,106.29723175200385,0.9336917520038526,0.35446483745851837,0.8717802877600237,0.12564532099449385
natural,synthetic,MS011,Gly,3.0,0.56,0.9217428013477732,0.36174280134777315,1.0335508609936377,0.13085785432693448,1.0682273822606898
natural,synthetic,MS011,Gly,21.0,1.29,1.8913237106659517,0.6013237106659517,1.718067744759862,0.3615902050090692,2.951756775584238
natural,synthetic,MS011,Gly,46.0,3.04,3.677790170941418,0.6377901709414178,1.8222576312611938,0.4067763021494829,3.320622874689657
natural,synthetic,MS011,Gly,70.5,5.09,5.041087959841652,-0.04891204015834827,-0.13974868616670935,0.002392387672451874,0.019529695285321422
natural,synthetic,MS011,Gly,93.5,6.39,6.067828284159621,-0.32217171584037896,-0.9204906166867971,0.10379461448753388,0.84730297540844
natural,synthetic,MS011,Gly,166.0,7.34,8.666695100710218,1.326695100710218,3.6149730264583595,1.7601198902484951,13.06802998202151
natural,synthetic,MS011,Gly,191.0,7.42,8.933972801773907,1.5139728017739067,4.08078922311026,2.292113644511133,16.65284068345284
natural,synthetic,MS011,Gly,213.5,7.93,8.969520712089636,1.0395207120896366,2.6217420229246824,1.080603310863345,6.873531234769206
synthetic,synthetic,MS011,X,3.0,0.3697499999999999,0.4505141814102319,0.080764181410232,1.3460696901705336,0.006522852998864865,1.8119036107957962
synthetic,synthetic,MS011,X,21.0,0.4031999999999999,1.1260054650482432,0.7228054650482433,12.046757750804055,0.5224477403036072,145.12437230655758
synthetic,synthetic,MS011,X,46.0,0.8733,1.1265898558029175,0.2532898558029175,3.625470282304442,0.06415575105266275,13.14403476787265
synthetic,synthetic,MS011,X,70.5,1.3641,1.1265898558029175,-0.2375101441970826,-2.1764363334532164,0.056411068596518975,4.73687511357528
synthetic,synthetic,MS011,X,93.5,1.3824,1.1265898558029175,-0.2558101441970826,-2.3130980920598465,0.06543882987413219,5.350422783490902
synthetic,synthetic,MS011,X,166.0,2.3709,1.388137285792041,-0.9827627142079587,-5.1813800361042155,0.9658225524373939,26.84669907853932
synthetic,synthetic,MS011,X,191.0,1.7052,1.300616838528917,-0.4045831614710831,-2.965804315264214,0.16368753454593649,8.795995236439834
synthetic,synthetic,MS011,X,213.5,2.196,1.2029883075821015,-0.9930116924178987,-5.652388959573648,0.9860722212786593,31.94950095031007
synthetic,synthetic,MS011,Xd,3.0,0.3423,0.23025,-0.11204999999999998,-1.8674999999999997,0.012555202499999996,3.487556249999999
synthetic,synthetic,MS011,Xd,21.0,0.4677,0.23025,-0.23745,-3.9575,0.0563825025,15.66180625
synthetic,synthetic,MS011,Xd,46.0,0.4584,0.23025,-0.22814999999999996,-3.8024999999999993,0.05205242249999999,14.459006249999995
synthetic,synthetic,MS011,Xd,70.5,0.5415000000000001,0.23025,-0.3112500000000001,-4.789935364727609,0.09687656250000005,22.94348079826821
synthetic,synthetic,MS011,Xd,93.5,0.4745999999999999,0.23025,-0.2443499999999999,-4.072499999999999,0.059706922499999954,16.58525624999999
synthetic,synthetic,MS011,Xd,166.0,1.0485,0.3158768112813969,-0.7326231887186031,-5.822788020335425,0.536736736648214,33.90486032976174
synthetic,synthetic,MS011,Xd,191.0,0.7556999999999999,0.4033972585445208,-0.35230274145547913,-3.8849492904534335,0.12411722163704618,15.092830989394637
synthetic,synthetic,MS011,Xd,213.5,0.8985000000000001,0.5010257894913362,-0.3974742105086638,-3.686460865411462,0.15798574801948562,13.589993712210225
synthetic,synthetic,MS011,N,3.0,0.279,0.19473670131106413,-0.0842632986889359,-3.775237396457701,0.007100303505940825,14.252417399612721
synthetic,synthetic,MS011,N,21.0,0.25,0.00016832683295742528,-0.24983167316704258,-12.491583658352129,0.06241586491744398,156.03966229360995
synthetic,synthetic,MS011,N,46.0,0.146,0.0,-0.146,-12.166666666666666,0.021315999999999998,148.02777777777777
synthetic,synthetic,MS011,N,70.5,0.048,0.0,-0.048,-4.0,0.002304,16.0
synthetic,synthetic,MS011,N,93.5,0.032,0.0,-0.032,-2.6666666666666665,0.001024,7.111111111111111
synthetic,synthetic,MS011,N,166.0,0.098,0.0,-0.098,-8.166666666666666,0.009604000000000001,66.69444444444443
synthetic,synthetic,MS011,N,191.0,0.097,0.0,-0.097,-8.083333333333334,0.009409,65.34027777777779
synthetic,synthetic,MS011,G,3.0,121.0,120.94992182366867,-0.05007817633132561,-0.01655476903514896,0.0025078237446713404,0.00027406037780712685
synthetic,synthetic,MS011,G,21.0,114.85,99.69354434887067,-15.15645565112932,-5.278695916806033,229.71814790464992,27.864630582104684
synthetic,synthetic,MS011,G,46.0,89.91,75.3951724233337,-14.514827576666292,-5.805931030666517,210.68021958035226,33.70883513285636
synthetic,synthetic,MS011,G,70.5,63.99,58.580580349634346,-5.409419650365656,-2.1637678601462627,29.261820953762097,4.681891352601936
synthetic,synthetic,MS011,G,93.5,43.87,46.019161176974734,2.1491611769747365,0.8596644707898946,4.618893764615435,0.7390230023384695
synthetic,synthetic,MS011,G,166.0,7.49,13.508855258417942,6.018855258417942,2.4075421033671764,36.226618621785306,5.796258979485648
synthetic,synthetic,MS011,G,191.0,3.12,7.78823715903216,4.66823715903216,1.8672948636128641,21.792438172968655,3.486790107674985
synthetic,synthetic,MS011,G,213.5,2.48,4.544663983836618,2.0646639838366183,0.8258655935346473,4.2628373661520955,0.6820539785843353
synthetic,synthetic,MS011,F,3.0,119.14,118.76706732557307,-0.37293267442693434,-0.12520821703103385,0.1390787796552258,0.015677097612090476
synthetic,synthetic,MS011,F,21.0,113.04,109.88628912258932,-3.1537108774106883,-1.1159628016315244,9.945892298298494,1.245372974625281
synthetic,synthetic,MS011,F,46.0,105.29,97.81919698202519,-7.470803017974816,-2.8381814105707344,55.812897733381625,8.055273719309284
synthetic,synthetic,MS011,F,70.5,90.63,87.49569979873831,-3.1343002012616807,-1.2537200805046722,9.823837751629013,1.5718140402606418
synthetic,synthetic,MS011,F,93.5,76.72999999999999,78.188929088724,1.4589290887240054,0.5835716354896021,2.1284740859250566,0.34055585374800906
synthetic,synthetic,MS011,F,166.0,35.04,40.05479175129263,5.014791751292634,2.0059167005170537,25.148136308832644,4.0237018094132235
synthetic,synthetic,MS011,F,191.0,23.81,27.566841879150576,3.7568418791505778,1.502736751660231,14.113860904939644,2.258217744790343
synthetic,synthetic,MS011,F,213.5,11.8,17.74508043414002,5.945080434140021,2.3780321736560084,35.343981368394495,5.65503701894312
synthetic,synthetic,MS011,E,93.5,54.615408,57.069115911331224,2.4537079113312217,1.2268539556656108,6.020682514129426,1.5051706285323565
synthetic,synthetic,MS011,E,166.0,89.97336,89.57835531456158,-0.3950046854384226,-0.17560961841968448,0.1560287015183072,0.030838738081507184
synthetic,synthetic,MS011,E,213.5,105.36354,103.52488912730969,-1.8386508726903088,-0.6980216772102792,3.380637031644834,0.4872342618554512
synthetic,synthetic,MS011,Gly,3.0,0.56,0.9562252867025036,0.39622528670250357,1.1320722477214389,0.15699447782248116,1.281587574061071
synthetic,synthetic,MS011,Gly,21.0,1.29,2.2264426466162215,0.9364426466162215,2.67555041890349,0.8769248304015934,7.158570044094641
synthetic,synthetic,MS011,Gly,46.0,3.04,3.7189601201787217,0.6789601201787216,1.9398860576534906,0.46098684479310414,3.763157916678402
synthetic,synthetic,MS011,Gly,70.5,5.09,4.764354876977184,-0.3256451230228157,-0.9304146372080448,0.10604474614854476,0.8656713971309777
synthetic,synthetic,MS011,Gly,93.5,6.39,5.556316012695238,-0.8336839873047621,-2.3819542494421775,0.6950289906883668,5.6737060464356475
synthetic,synthetic,MS011,Gly,166.0,7.34,7.695515363289208,0.3555153632892081,0.968706711959695,0.1263911735346576,0.9383926937957636
synthetic,synthetic,MS011,Gly,191.0,7.42,8.117142682621743,0.6971426826217435,1.8790907887378532,0.486007919933041,3.5309821923194473
synthetic,synthetic,MS011,Gly,213.5,7.93,8.376009797121823,0.44600979712182287,1.1248670797523905,0.1989247391286496,1.2653259471106708
joint_reference,synthetic,MS011,X,3.0,0.3697499999999999,0.40552286395493564,0.03577286395493573,0.5962143992489288,0.00127969779553834,0.35547160987176113
joint_reference,synthetic,MS011,X,21.0,0.4031999999999999,0.703167040565481,0.29996704056548107,4.999450676091351,0.08998022542561296,24.99450706267027
joint_reference,synthetic,MS011,X,46.0,0.8733,1.267545628789526,0.39424562878952596,5.643044039698929,0.1554296158196487,31.84394603398161
joint_reference,synthetic,MS011,X,70.5,1.3641,1.2676067188944584,-0.09649328110554167,-0.8842211082906465,0.009310953298513086,0.7818469683467392
joint_reference,synthetic,MS011,X,93.5,1.3824,1.2676067188944584,-0.11479328110554166,-1.0379890146262085,0.013177497386975908,1.0774211944846874
joint_reference,synthetic,MS011,X,166.0,2.3709,1.571158536988055,-0.7997414630119448,-4.2164445095319545,0.6395864076604859,17.778404301962166
joint_reference,synthetic,MS011,X,191.0,1.7052,1.4582368881893268,-0.2469631118106732,-1.8103676387716485,0.06099077859521108,3.277430987511634
joint_reference,synthetic,MS011,X,213.5,2.196,1.3413570078396617,-0.8546429921603385,-4.8647711302387195,0.7304146440487763,23.66599814960411
joint_reference,synthetic,MS011,Xd,3.0,0.3423,0.23025,-0.11204999999999998,-1.8674999999999997,0.012555202499999996,3.487556249999999
joint_reference,synthetic,MS011,Xd,21.0,0.4677,0.23025,-0.23745,-3.9575,0.0563825025,15.66180625
joint_reference,synthetic,MS011,Xd,46.0,0.4584,0.23025,-0.22814999999999996,-3.8024999999999993,0.05205242249999999,14.459006249999995
joint_reference,synthetic,MS011,Xd,70.5,0.5415000000000001,0.23025,-0.3112500000000001,-4.789935364727609,0.09687656250000005,22.94348079826821
joint_reference,synthetic,MS011,Xd,93.5,0.4745999999999999,0.23025,-0.2443499999999999,-4.072499999999999,0.059706922499999954,16.58525624999999
joint_reference,synthetic,MS011,Xd,166.0,1.0485,0.338559058363266,-0.7099409416367339,-5.642512650109156,0.5040161406120525,31.83794900664185
joint_reference,synthetic,MS011,Xd,191.0,0.7556999999999999,0.4514807075282968,-0.30421929247170315,-3.3547185001952187,0.09254937791198366,11.254136215552057
joint_reference,synthetic,MS011,Xd,213.5,0.8985000000000001,0.5683605878779612,-0.3301394121220389,-3.0619496579673426,0.10899203143628544,9.375535707926327
joint_reference,synthetic,MS011,N,3.0,0.279,0.20931433312426076,-0.06968566687573927,-3.122117691565379,0.004856092167916505,9.74761887998553
joint_reference,synthetic,MS011,N,21.0,0.25,0.13704619801493317,-0.11295380198506683,-5.647690099253341,0.012758561382881686,31.89640345720422
joint_reference,synthetic,MS011,N,46.0,0.146,1.4832136895671722e-05,-0.1459851678631043,-12.165430655258692,0.021311669236018745,147.99770302790793
joint_reference,synthetic,MS011,N,70.5,0.048,0.0,-0.048,-4.0,0.002304,16.0
joint_reference,synthetic,MS011,N,93.5,0.032,0.0,-0.032,-2.6666666666666665,0.001024,7.111111111111111
joint_reference,synthetic,MS011,N,166.0,0.098,8.810730967204706e-11,-0.09799999991189269,-8.16666665932439,0.009603999982730968,66.69444432452059
joint_reference,synthetic,MS011,N,191.0,0.097,0.0,-0.097,-8.083333333333334,0.009409,65.34027777777779
joint_reference,synthetic,MS011,G,3.0,121.0,121.9500080430672,0.9500080430672,0.31405224564204953,0.902515281892371,0.09862881299281422
joint_reference,synthetic,MS011,G,21.0,114.85,109.8493474356996,-5.000652564300395,-1.7416291038051008,25.00652606884412,3.0332719352209585
joint_reference,synthetic,MS011,G,46.0,89.91,85.70544040809487,-4.204559591905124,-1.6818238367620495,17.67832136188138,2.828531417901021
joint_reference,synthetic,MS011,G,70.5,63.99,64.157774647287,0.16777464728699698,0.06710985891479879,0.028148332272276245,0.004503733163564198
joint_reference,synthetic,MS011,G,93.5,43.87,47.80007881126905,3.9300788112690554,1.5720315245076222,15.445519462785992,2.4712831140457587
joint_reference,synthetic,MS011,G,166.0,7.49,5.69073935845293,-1.79926064154707,-0.719704256618828,3.237338856220374,0.5179742169952598
joint_reference,synthetic,MS011,G,191.0,3.12,1.2819494146020152,-1.838050585397985,-0.735220234159194,3.378429954481875,0.5405487927171001
joint_reference,synthetic,MS011,G,213.5,2.48,0.2776802335125618,-2.202319766487438,-0.8809279065949752,4.850212353861284,0.7760339766178054
joint_reference,synthetic,MS011,F,3.0,119.14,119.04084631674147,-0.09915368325853535,-0.0332898046864312,0.009831452903733953,0.0011082110960607368
joint_reference,synthetic,MS011,F,21.0,113.04,113.41156543965711,0.371565439657104,0.1314810472955074,0.138060875947577,0.017287265797923456
joint_reference,synthetic,MS011,F,46.0,105.29,101.1960326049362,-4.0939673950638,-1.5553110058177602,16.760569031845474,2.418992324817853
joint_reference,synthetic,MS011,F,70.5,90.63,89.09247849163842,-1.5375215083615785,-0.6150086033446314,2.3639723886744637,0.37823558218791414
joint_reference,synthetic,MS011,F,93.5,76.72999999999999,78.65072176184476,1.9207217618447743,0.7682887047379097,3.6891720864240938,0.5902675338278549
joint_reference,synthetic,MS011,F,166.0,35.04,39.229664804621166,4.189664804621167,1.6758659218484666,17.55329117508132,2.808526588013011
joint_reference,synthetic,MS011,F,191.0,23.81,27.232103935778444,3.422103935778445,1.368841574311378,11.710795347270322,1.8737272555632518
joint_reference,synthetic,MS011,F,213.5,11.8,17.770838655686852,5.970838655686851,2.3883354622747404,35.65091425224436,5.704146280359097
joint_reference,synthetic,MS011,E,93.5,54.615408,53.26791632859827,-1.347491671401734,-0.673745835700867,1.8157338044970386,0.45393345112425965
joint_reference,synthetic,MS011,E,166.0,89.97336,89.23153335602596,-0.7418266439740364,-0.3297983509670135,0.5503067697097818,0.10876695230056141
joint_reference,synthetic,MS011,E,213.5,105.36354,100.1835615732323,-5.179978426767704,-1.966516473067516,26.832176501778818,3.8671870388459024
joint_reference,synthetic,MS011,Gly,3.0,0.56,0.8997409292111669,0.33974092921116683,0.9706883691747624,0.11542389898126708,0.9422359100511598
joint_reference,synthetic,MS011,Gly,21.0,1.29,1.6418010260343057,0.35180102603430563,1.0051457886694448,0.12376396191879019,1.0103180564799201
joint_reference,synthetic,MS011,Gly,46.0,3.04,3.123390331976218,0.08339033197621815,0.2382580913606233,0.006953947467103871,0.056766918098807115
joint_reference,synthetic,MS011,Gly,70.5,5.09,4.4877013880529635,-0.6022986119470364,-1.7208531769915325,0.36276361795332673,2.9613356567618507
joint_reference,synthetic,MS011,Gly,93.5,6.39,5.523330206615181,-0.8666697933848191,-2.4761994096709117,0.751116530765685,6.131563516454571
joint_reference,synthetic,MS011,Gly,166.0,7.34,8.165453120914183,0.8254531209141831,2.249191065161262,0.681372854826965,5.058860447601252
joint_reference,synthetic,MS011,Gly,191.0,7.42,8.454220101260821,1.0342201012608214,2.7876552594631305,1.0696112178519437,7.771021845612454
joint_reference,synthetic,MS011,Gly,213.5,7.93,8.52682978744134,0.5968297874413402,1.5052453655519298,0.3562057951772753,2.2657636105155627
natural,synthetic,MS012,X,3.0,0.4757999999999999,0.5610263507805613,0.0852263507805614,1.4204391796760234,0.007263530867371299,2.0176474631586943
natural,synthetic,MS012,X,21.0,0.8201999999999999,1.3053466869313228,0.4851466869313229,7.393725416534426,0.23536730784043902,54.66717553510718
natural,synthetic,MS012,X,46.0,1.6314,1.3086276563786678,-0.3227723436213321,-2.473123878427517,0.10418198580680729,6.116341718048364
natural,synthetic,MS012,X,70.5,1.4055,1.3086276563786678,-0.09687234362133212,-0.8615469905845974,0.009384250958689448,0.7422632169853763
natural,synthetic,MS012,X,93.5,1.4931,1.3086276563786678,-0.18447234362133225,-1.5443736489629984,0.03403004556114688,2.385089967611287
natural,synthetic,MS012,X,166.0,1.3803,1.5536626631794148,0.17336266317941473,1.5699726796657858,0.0300546129846592,2.4648142148969683
natural,synthetic,MS012,X,191.0,0.9999,1.4709006222029026,0.4710006222029026,5.888096587195002,0.2218415861155214,34.66968142013743
natural,synthetic,MS012,X,213.5,1.5252,1.3981245483659182,-0.12707545163408174,-1.0414654769381206,0.016148170408005848,1.084650339653947
natural,synthetic,MS012,Xd,3.0,0.44235,0.0,-0.44235,-7.3725000000000005,0.19567352250000003,54.35375625000001
natural,synthetic,MS012,Xd,21.0,0.4517999999999999,0.0,-0.4517999999999999,-7.529999999999999,0.20412323999999993,56.70089999999999
natural,synthetic,MS012,Xd,46.0,0.4607999999999997,0.0,-0.4607999999999997,-7.679999999999995,0.21233663999999974,58.98239999999993
natural,synthetic,MS012,Xd,70.5,0.4931999999999999,0.0,-0.4931999999999999,-8.219999999999999,0.24324623999999992,67.56839999999998
natural,synthetic,MS012,Xd,93.5,0.5990999999999997,0.0,-0.5990999999999997,-8.333333333333334,0.3589208099999997,69.44444444444446
natural,synthetic,MS012,Xd,166.0,0.8984999999999999,0.1284303088317085,-0.7700696911682914,-7.142178549140155,0.5930073292560276,51.01071442779777
natural,synthetic,MS012,Xd,191.0,0.8412,0.21119234980822085,-0.6300076501917791,-6.241159951971183,0.39690963930016704,38.952077546088944
natural,synthetic,MS012,Xd,213.5,1.1523,0.28396842364520525,-0.8683315763547949,-6.279698402866693,0.753999726494803,39.43461203096649
natural,synthetic,MS012,N,3.0,0.274,0.20017958075333206,-0.07382041924666796,-3.3677198561436112,0.005449454297753825,11.341537029463945
natural,synthetic,MS012,N,21.0,0.165,0.0008785198817298603,-0.16412148011827016,-12.433445463505313,0.026935860236211747,154.59056609396086
natural,synthetic,MS012,N,46.0,0.016,0.0,-0.016,-1.3333333333333333,0.000256,1.7777777777777777
natural,synthetic,MS012,N,70.5,1.0000000000000001e-07,0.0,-1.0000000000000001e-07,-8.333333333333334e-06,1.0000000000000002e-14,6.944444444444445e-11
natural,synthetic,MS012,N,93.5,1.0000000000000001e-07,0.0,-1.0000000000000001e-07,-8.333333333333334e-06,1.0000000000000002e-14,6.944444444444445e-11
natural,synthetic,MS012,N,166.0,0.1,0.0,-0.1,-8.333333333333334,0.010000000000000002,69.44444444444446
natural,synthetic,MS012,N,191.0,0.095,0.0,-0.095,-7.916666666666667,0.009025,62.673611111111114
natural,synthetic,MS012,G,3.0,118.27,119.96157655270986,1.6915765527098614,0.5721067228239998,2.8614312336777785,0.3273061023004169
natural,synthetic,MS012,G,21.0,101.07,96.96015327216827,-4.109846727831723,-1.626534769103284,16.890840126269122,2.6456153551018735
natural,synthetic,MS012,G,46.0,54.09,66.37588609350448,12.285886093504473,4.914354437401789,150.9429971025666,24.150879536410653
natural,synthetic,MS012,G,70.5,28.02,44.42014701279737,16.400147012797373,6.560058805118949,268.9648220413666,43.034371526618656
natural,synthetic,MS012,G,93.5,15.36,28.206949425432505,12.846949425432506,5.138779770173002,165.0441095396206,26.407057526339294
natural,synthetic,MS012,G,166.0,1.05,0.20255773618281173,-0.8474422638171883,-0.3389769055268753,0.7181583905036011,0.11490534248057616
natural,synthetic,MS012,G,191.0,0.56,0.00956115330568768,-0.5504388466943124,-0.22017553867772496,0.3029829239501648,0.04847726783202636
natural,synthetic,MS012,G,213.5,2.97,0.0005246403374455706,-2.9694753596625545,-1.1877901438650218,8.817783911643057,1.410845425862889
natural,synthetic,MS012,F,3.0,116.08,113.1795492758861,-2.9004507241138953,-0.9994661351185028,8.41261440301282,0.9989325552487173
natural,synthetic,MS012,F,21.0,104.25,103.03402777095536,-1.2159722290446382,-0.46656008788283476,1.478588461807786,0.2176783156052385
natural,synthetic,MS012,F,46.0,83.54999999999998,86.65493517049774,3.104935170497754,1.2419740681991016,9.640622412993917,1.5424995860790267
natural,synthetic,MS012,F,70.5,63.86,71.04667713271037,7.186677132710372,2.8746708530841487,51.648328209822175,8.263732513571547
natural,synthetic,MS012,F,93.5,49.73,55.85378841012884,6.123788410128846,2.449515364051538,37.50078449202838,6.0001255187245395
natural,synthetic,MS012,F,166.0,4.44,3.3019268222913074,-1.138073177708693,-0.4552292710834772,1.2952105578199622,0.20723368925119398
natural,synthetic,MS012,F,191.0,0.0,0.41592239244187507,0.41592239244187507,0.16636895697675003,0.17299143653457313,0.0276786298455317
natural,synthetic,MS012,F,213.5,0.0,0.049668032773203495,0.049668032773203495,0.019867213109281398,0.0024669134795600165,0.00039470615672960264
natural,synthetic,MS012,E,93.5,78.608304,61.68403051188743,-16.924273488112576,-8.462136744056288,286.4310331004302,71.60775827510756
natural,synthetic,MS012,E,166.0,108.5205,102.96327145700255,-5.55722854299745,-2.0483608324685014,30.88278907910556,4.195782099991052
natural,synthetic,MS012,E,213.5,112.07208,104.87528251159176,-7.196797488408237,-2.5686317193035895,51.7938940891591,6.597868909412514
natural,synthetic,MS012,Gly,3.0,0.14,0.8282315388310755,0.6882315388310755,1.9663758252316443,0.4736626510417901,3.86663388605543
natural,synthetic,MS012,Gly,21.0,1.69,2.316360203642256,0.626360203642256,1.7896005818350171,0.39232710470676835,3.2026702425042317
natural,synthetic,MS012,Gly,46.0,5.39,4.358462684975844,-1.0315373150241554,-2.947249471497587,1.0640692322872436,8.686279447242805
natural,synthetic,MS012,Gly,70.5,6.36,5.821363127245585,-0.5386368727544157,-1.5389624935840451,0.29012968069065664,2.368405556658422
natural,synthetic,MS012,Gly,93.5,6.64,6.900098454498417,0.26009845449841773,0.7431384414240507,0.06765120603246548,0.5522547431221673
natural,synthetic,MS012,Gly,166.0,7.08,8.73183081578151,1.6518308157815103,4.666188745145509,2.7285450439654095,21.77331740532262
natural,synthetic,MS012,Gly,191.0,7.27,8.743703348571916,1.4737033485719166,4.054204535273499,2.17180155959208,16.436574413832208
natural,synthetic,MS012,Gly,213.5,7.68,8.744201557041796,1.0642015570417964,2.7713582214630113,1.1325249540101838,7.680426391670625
synthetic,synthetic,MS012,X,3.0,0.4757999999999999,0.622888675289547,0.14708867528954706,2.451477921492451,0.02163507839843381,6.0097439995649475
synthetic,synthetic,MS012,X,21.0,0.8201999999999999,1.2499985640926652,0.42979856409266526,6.55020976732299,0.18472680569611688,42.90524799593349
synthetic,synthetic,MS012,X,46.0,1.6314,1.2499985647748846,-0.3814014352251154,-2.9223476402561865,0.14546705479177788,8.540115730510902
synthetic,synthetic,MS012,X,70.5,1.4055,1.2499985647748846,-0.1555014352251154,-1.3829725651468818,0.024180696357070756,1.9126131159489463
synthetic,synthetic,MS012,X,93.5,1.4931,1.242108506639706,-0.25099149336029414,-2.1012615812763222,0.06299672973923058,4.41530023294787
synthetic,synthetic,MS012,X,166.0,1.3803,1.122341192731635,-0.2579588072683652,-2.3360755566576574,0.06654274624731757,5.457249006413384
synthetic,synthetic,MS012,X,191.0,0.9999,0.9077137888931782,-0.09218621110682179,-1.1524428831235847,0.008498297518231513,1.3281245988622001
synthetic,synthetic,MS012,X,213.5,1.5252,0.7336184427899388,-0.7915815572100611,-6.487522597118911,0.6266013617151052,42.0879494481285
synthetic,synthetic,MS012,Xd,3.0,0.44235,0.0,-0.44235,-7.3725000000000005,0.19567352250000003,54.35375625000001
synthetic,synthetic,MS012,Xd,21.0,0.4517999999999999,0.0,-0.4517999999999999,-7.529999999999999,0.20412323999999993,56.70089999999999
synthetic,synthetic,MS012,Xd,46.0,0.4607999999999997,0.0,-0.4607999999999997,-7.679999999999995,0.21233663999999974,58.98239999999993
synthetic,synthetic,MS012,Xd,70.5,0.4931999999999999,0.0,-0.4931999999999999,-8.219999999999999,0.24324623999999992,67.56839999999998
synthetic,synthetic,MS012,Xd,93.5,0.5990999999999997,0.007890058135178627,-0.5912099418648211,-8.223584569421096,0.34952919535980514,67.62734317042074
synthetic,synthetic,MS012,Xd,166.0,0.8984999999999999,0.47483161815567404,-0.4236683818443258,-3.929404394772082,0.17949489777458946,15.440218897654152
synthetic,synthetic,MS012,Xd,191.0,0.8412,0.6894590219941307,-0.15174097800586928,-1.5032193890262848,0.023025324406177702,2.259668531544557
synthetic,synthetic,MS012,Xd,213.5,1.1523,0.8635543680973701,-0.28874563190263003,-2.088183284898536,0.08337403994284912,4.360509431329641
synthetic,synthetic,MS012,N,3.0,0.274,0.18063260733566802,-0.093367392664332,-4.25946134417573,0.008717470012935557,18.143010942527315
synthetic,synthetic,MS012,N,21.0,0.165,1.6651892924011787e-10,-0.16499999983348107,-12.499999987384928,0.027224999945048754,156.24999968462322
synthetic,synthetic,MS012,N,46.0,0.016,0.0,-0.016,-1.3333333333333333,0.000256,1.7777777777777777
synthetic,synthetic,MS012,N,70.5,1.0000000000000001e-07,0.0,-1.0000000000000001e-07,-8.333333333333334e-06,1.0000000000000002e-14,6.944444444444445e-11
synthetic,synthetic,MS012,N,93.5,1.0000000000000001e-07,0.0,-1.0000000000000001e-07,-8.333333333333334e-06,1.0000000000000002e-14,6.944444444444445e-11
synthetic,synthetic,MS012,N,166.0,0.1,0.0,-0.1,-8.333333333333334,0.010000000000000002,69.44444444444446
synthetic,synthetic,MS012,N,191.0,0.095,0.0,-0.095,-7.916666666666667,0.009025,62.673611111111114
synthetic,synthetic,MS012,G,3.0,118.27,118.9396667576024,0.6696667576023998,0.2264874465553056,0.44845356623771127,0.0512965634471424
synthetic,synthetic,MS012,G,21.0,101.07,90.8155473460315,-10.2544526539685,-4.058356645480756,105.1537992324816,16.470258661917814
synthetic,synthetic,MS012,G,46.0,54.09,64.27325807364838,10.183258073648375,4.07330322945935,103.69874499452482,16.591799199123972
synthetic,synthetic,MS012,G,70.5,28.02,46.00201165415772,17.98201165415772,7.192804661663088,323.35274313026406,51.736438900842245
synthetic,synthetic,MS012,G,93.5,15.36,32.801812523166696,17.441812523166696,6.976725009266678,304.2168240932946,48.67469185492713
synthetic,synthetic,MS012,G,166.0,1.05,6.593735280612885,5.543735280612885,2.217494112245154,30.73300086151202,4.9172801378419235
synthetic,synthetic,MS012,G,191.0,0.56,3.7486405002223147,3.1886405002223146,1.2754562000889258,10.167428239658012,1.626788518345282
synthetic,synthetic,MS012,G,213.5,2.97,2.3464719982379116,-0.6235280017620886,-0.2494112007048354,0.3887871689814231,0.06220594703702769
synthetic,synthetic,MS012,F,3.0,116.08,112.53746985003238,-3.542530149967618,-1.2207202446476975,12.549519863429595,1.4901579156927343
synthetic,synthetic,MS012,F,21.0,104.25,97.94274298392928,-6.3072570160707215,-2.4200506536482385,39.78149106677334,5.856645166223267
synthetic,synthetic,MS012,F,46.0,83.54999999999998,80.73792152490955,-2.8120784750904306,-1.1248313900361722,7.907785350066922,1.2652456560107073
synthetic,synthetic,MS012,F,70.5,63.86,65.64943797782016,1.7894379778201568,0.7157751911280628,3.202088276465092,0.5123341242344148
synthetic,synthetic,MS012,F,93.5,49.73,52.046230976471485,2.3162309764714877,0.9264923905885951,5.3649259363660615,0.8583881498185699
synthetic,synthetic,MS012,F,166.0,4.44,10.326716821120186,5.886716821120186,2.3546867284480744,34.65343493205935,5.544549589129495
synthetic,synthetic,MS012,F,191.0,0.0,4.229957980317112,4.229957980317112,1.6919831921268447,17.892544515248417,2.862807122439747
synthetic,synthetic,MS012,F,213.5,0.0,1.8020531635033332,1.8020531635033332,0.7208212654013333,3.247395604092371,0.5195832966547793
synthetic,synthetic,MS012,E,93.5,78.608304,72.07602639166676,-6.532277608333246,-3.266138804166623,42.67065075233191,10.667662688082977
synthetic,synthetic,MS012,E,166.0,108.5205,102.76169077156257,-5.758809228437428,-2.1226622540211033,33.16388372953609,4.505695044645951
synthetic,synthetic,MS012,E,213.5,112.07208,108.30195027096572,-3.770129729034281,-1.3456089077794506,14.2138781737481,1.810663332695406
synthetic,synthetic,MS012,Gly,3.0,0.14,0.8767350125362326,0.7367350125362326,2.1049571786749506,0.5427784786967629,4.430844724055208
synthetic,synthetic,MS012,Gly,21.0,1.69,2.588081804934068,0.8980818049340682,2.565948014097338,0.8065509283536337,6.584089211050073
synthetic,synthetic,MS012,Gly,46.0,5.39,4.246674119458393,-1.1433258805416067,-3.2666453729760194,1.3071940691162403,10.670971992785637
synthetic,synthetic,MS012,Gly,70.5,6.36,5.409797020757806,-0.950202979242194,-2.7148656549776975,0.9028857017607413,7.370495524577483
synthetic,synthetic,MS012,Gly,93.5,6.64,6.268744512596258,-0.3712554874037419,-1.0607299640106913,0.13783063692738998,1.1251480565501224
synthetic,synthetic,MS012,Gly,166.0,7.08,8.058505667571474,0.9785056675714738,2.7641403038742194,0.9574733414694957,7.640471619501862
synthetic,synthetic,MS012,Gly,191.0,7.27,8.258345732597554,0.9883457325975549,2.718970378535227,0.9768272871437974,7.392799919351995
synthetic,synthetic,MS012,Gly,213.5,7.68,8.348064197200674,0.6680641972006747,1.7397505135434237,0.4463097715813819,3.0267318493746065
joint_reference,synthetic,MS012,X,3.0,0.4757999999999999,0.5404898992636804,0.06468989926368052,1.0781649877280086,0.004184783066745133,1.1624397407625369
joint_reference,synthetic,MS012,X,21.0,0.8201999999999999,1.1399986100653576,0.3197986100653577,4.873790082683457,0.1022711509997347,23.753829770063618
joint_reference,synthetic,MS012,X,46.0,1.6314,1.3942497641820697,-0.23715023581793027,-1.8170760988869246,0.05624023434849994,3.3017655491461246
joint_reference,synthetic,MS012,X,70.5,1.4055,1.3942497641820697,-0.011250235817930276,-0.10005545907088471,0.00012656780595904132,0.010011094889885486
joint_reference,synthetic,MS012,X,93.5,1.4931,1.3942497641820697,-0.0988502358179304,-0.8275587353319469,0.00977136912126045,0.6848534604242114
joint_reference,synthetic,MS012,X,166.0,1.3803,1.2529832589199819,-0.12731674108001823,-1.1529807023837049,0.0162095525592364,1.3293645000692214
joint_reference,synthetic,MS012,X,191.0,0.9999,1.0064507889879428,0.006550788987942813,0.0818930516544506,4.291283636455282e-05,0.006706471909278514
joint_reference,synthetic,MS012,X,213.5,1.5252,0.8113620016570381,-0.7138379983429618,-5.850363873122884,0.5095646878782863,34.226757447941395
joint_reference,synthetic,MS012,Xd,3.0,0.44235,0.0,-0.44235,-7.3725000000000005,0.19567352250000003,54.35375625000001
joint_reference,synthetic,MS012,Xd,21.0,0.4517999999999999,0.0,-0.4517999999999999,-7.529999999999999,0.20412323999999993,56.70089999999999
joint_reference,synthetic,MS012,Xd,46.0,0.4607999999999997,0.0,-0.4607999999999997,-7.679999999999995,0.21233663999999974,58.98239999999993
joint_reference,synthetic,MS012,Xd,70.5,0.4931999999999999,0.0,-0.4931999999999999,-8.219999999999999,0.24324623999999992,67.56839999999998
joint_reference,synthetic,MS012,Xd,93.5,0.5990999999999997,0.0,-0.5990999999999997,-8.333333333333334,0.3589208099999997,69.44444444444446
joint_reference,synthetic,MS012,Xd,166.0,0.8984999999999999,0.5531273807597494,-0.3453726192402504,-3.2032333448363057,0.119282246120871,10.260703861471187
joint_reference,synthetic,MS012,Xd,191.0,0.8412,0.7996598506917882,-0.041540149308211705,-0.41151677472867837,0.0017255840045485213,0.16934605588309382
joint_reference,synthetic,MS012,Xd,213.5,1.1523,0.9947486380226931,-0.15755136197730701,-1.1393977405862694,0.024822431660904424,1.2982272112530957
joint_reference,synthetic,MS012,N,3.0,0.274,0.20729326441580778,-0.06670673558419224,-3.0431904919795727,0.0044497885722993395,9.261008370474874
joint_reference,synthetic,MS012,N,21.0,0.165,0.061732289547067706,-0.1032677104529323,-7.823311397949416,0.010664220022190663,61.204201229285246
joint_reference,synthetic,MS012,N,46.0,0.016,0.0,-0.016,-1.3333333333333333,0.000256,1.7777777777777777
joint_reference,synthetic,MS012,N,70.5,1.0000000000000001e-07,0.0,-1.0000000000000001e-07,-8.333333333333334e-06,1.0000000000000002e-14,6.944444444444445e-11
joint_reference,synthetic,MS012,N,93.5,1.0000000000000001e-07,0.0,-1.0000000000000001e-07,-8.333333333333334e-06,1.0000000000000002e-14,6.944444444444445e-11
joint_reference,synthetic,MS012,N,166.0,0.1,0.0,-0.1,-8.333333333333334,0.010000000000000002,69.44444444444446
joint_reference,synthetic,MS012,N,191.0,0.095,0.0,-0.095,-7.916666666666667,0.009025,62.673611111111114
joint_reference,synthetic,MS012,G,3.0,118.27,120.32175686020517,2.051756860205174,0.6939230101311149,4.209706213398993,0.4815291439894274
joint_reference,synthetic,MS012,G,21.0,101.07,101.74756896271911,0.6775689627191213,0.26815829136998964,0.45909969924026595,0.07190886923047227
joint_reference,synthetic,MS012,G,46.0,54.09,70.54144974784799,16.451449747847988,6.580579899139195,270.65019880596765,43.30403180895482
joint_reference,synthetic,MS012,G,70.5,28.02,47.42582436574039,19.40582436574039,7.762329746296156,376.5860193139634,60.253763090234145
joint_reference,synthetic,MS012,G,93.5,15.36,30.182308769094597,14.822308769094597,5.928923507637839,219.7008372463786,35.152133959420574
joint_reference,synthetic,MS012,G,166.0,1.05,0.9584232528788748,-0.09157674712112529,-0.03663069884845012,0.008386300613286529,0.0013418080981258448
joint_reference,synthetic,MS012,G,191.0,0.56,0.2322315423004784,-0.3277684576995217,-0.13110738307980868,0.10743216186272313,0.017189145898035704
joint_reference,synthetic,MS012,G,213.5,2.97,0.07325983849457077,-2.8967401615054293,-1.1586960646021718,8.3911035632785,1.3425765701245602
joint_reference,synthetic,MS012,F,3.0,116.08,113.0823039417876,-2.997696058212398,-1.0329758987637483,8.986181657422149,1.0670392074267736
joint_reference,synthetic,MS012,F,21.0,104.25,103.129218394985,-1.1207816050149972,-0.4300361074398071,1.2561514061399932,0.1849310537019813
joint_reference,synthetic,MS012,F,46.0,83.54999999999998,84.75407146904548,1.2040714690455019,0.48162858761820077,1.449788102569393,0.23196609641110288
joint_reference,synthetic,MS012,F,70.5,63.86,68.94710931459001,5.087109314590009,2.0348437258360037,25.878681178588433,4.14058898857415
joint_reference,synthetic,MS012,F,93.5,49.73,55.117374304525036,5.387374304525039,2.1549497218100155,29.02380189705665,4.643808303529063
joint_reference,synthetic,MS012,F,166.0,4.44,11.362214176799583,6.922214176799582,2.768885670719833,47.91704910948512,7.666727857517619
joint_reference,synthetic,MS012,F,191.0,0.0,3.4929096257260563,3.4929096257260563,1.3971638502904224,12.200417653489739,1.952066824558358
joint_reference,synthetic,MS012,F,213.5,0.0,0.6284890432248886,0.6284890432248886,0.25139561728995546,0.39499847745373595,0.06319975639259776
joint_reference,synthetic,MS012,E,93.5,78.608304,68.58509447892689,-10.023209521073113,-5.011604760536557,100.46472910333071,25.116182275832678
joint_reference,synthetic,MS012,E,166.0,108.5205,99.64184491914986,-8.878655080850137,-3.2726185673122172,78.83051604470596,10.71003228711667
joint_reference,synthetic,MS012,E,213.5,112.07208,104.1053021057754,-7.966777894224606,-2.843447857566168,63.469550015905845,8.085195718697632
joint_reference,synthetic,MS012,Gly,3.0,0.14,0.7964578606716366,0.6564578606716366,1.8755938876332474,0.43093692283758184,3.517852431327199
joint_reference,synthetic,MS012,Gly,21.0,1.69,1.9227430292153231,0.2327430292153232,0.664980083472352,0.054169317648324784,0.4421985114148963
joint_reference,synthetic,MS012,Gly,46.0,5.39,3.877137142938165,-1.5128628570618345,-4.322465305890956,2.288754024277297,18.683706320631
joint_reference,synthetic,MS012,Gly,70.5,6.36,5.33989688620848,-1.02010311379152,-2.914580325118629,1.0406103627671548,8.494778471568612
joint_reference,synthetic,MS012,Gly,93.5,6.64,6.431561848608985,-0.20843815139101451,-0.5955375754028986,0.04344646295530349,0.3546650037167632
joint_reference,synthetic,MS012,Gly,166.0,7.08,8.263097134917354,1.1830971349173538,3.342082302026423,1.3997188306496513,11.169514113518234
joint_reference,synthetic,MS012,Gly,191.0,7.27,8.31506030557707,1.0450603055770706,2.8749939630730967,1.0921510422928402,8.26559028770675
joint_reference,synthetic,MS012,Gly,213.5,7.68,8.326720147668,0.6467201476680007,1.6841670512187517,0.4182469493997206,2.8364186564108653
natural,synthetic,MS013,X,22.0,0.4597499999999999,1.0820607959041553,0.6223107959041554,10.37184659840259,0.38727072669886337,107.57520186079536
natural,synthetic,MS013,X,45.0,0.9492,1.2739043925624394,0.3247043925624393,4.276027082838697,0.1054329425493427,18.284407613170014
natural,synthetic,MS013,X,69.0,1.6406999999999998,1.2739043925624394,-0.36679560743756046,-2.794505450703667,0.13453901763548895,7.809260714012504
natural,synthetic,MS013,X,93.5,1.3962,1.647369703994191,0.2511697039941909,2.2486902305739767,0.06308622020452949,5.056607753078844
natural,synthetic,MS013,X,165.5,1.9953,1.6204873942622873,-0.3748126057377128,-2.348096813372129,0.14048448941989414,5.513558644968348
natural,synthetic,MS013,X,191.5,2.5599,1.5828206652723849,-0.977079334727615,-4.7710815594730995,0.9546840263517586,22.763219247144264
natural,synthetic,MS013,X,213.0,1.719,1.545049779336198,-0.17395022066380217,-1.2649085272236924,0.030258679268985466,1.5999935822432105
natural,synthetic,MS013,Xd,22.0,0.34095,0.0,-0.34095,-5.6825,0.11624690249999999,32.29080625
natural,synthetic,MS013,Xd,45.0,0.5369999999999999,0.0,-0.5369999999999999,-8.333333333333334,0.28836899999999993,69.44444444444446
natural,synthetic,MS013,Xd,69.0,0.516,0.0,-0.516,-8.333333333333334,0.266256,69.44444444444446
natural,synthetic,MS013,Xd,93.5,0.6935999999999999,0.0,-0.6935999999999999,-8.333333333333334,0.48108095999999984,69.44444444444446
natural,synthetic,MS013,Xd,165.5,0.7442999999999996,0.026882309731903548,-0.7174176902680961,-8.032353556676256,0.5146881423096099,64.5187036594497
natural,synthetic,MS013,Xd,191.5,0.9216,0.0645490387218062,-0.8570509612781938,-7.749665086789224,0.734536350227876,60.05730895739983
natural,synthetic,MS013,Xd,213.0,0.8385,0.10231992465799301,-0.736180075342007,-7.316438832657593,0.5419611033305631,53.53027719202001
natural,synthetic,MS013,N,22.0,0.263,0.05136851649525843,-0.2116314835047416,-10.058530584826121,0.04478788481041771,101.17403752588251
natural,synthetic,MS013,N,45.0,0.162,0.0,-0.162,-12.5,0.026244,156.25
natural,synthetic,MS013,N,69.0,0.036,0.0,-0.036,-2.9999999999999996,0.0012959999999999998,8.999999999999998
natural,synthetic,MS013,N,93.5,0.118,0.0,-0.118,-9.833333333333332,0.013923999999999999,96.69444444444441
natural,synthetic,MS013,N,165.5,0.092,0.0,-0.092,-7.666666666666666,0.008464,58.77777777777777
natural,synthetic,MS013,N,191.5,0.086,0.0,-0.086,-7.166666666666666,0.007395999999999999,51.3611111111111
natural,synthetic,MS013,N,213.0,0.09,0.0,-0.09,-7.5,0.0081,56.25
natural,synthetic,MS013,G,22.0,116.07,103.60463943225473,-12.465360567745265,-4.295807897904804,155.38521408389855,18.45396549570129
natural,synthetic,MS013,G,45.0,96.42,77.30159443486673,-19.118405565133273,-7.647362226053309,365.5134313529189,58.48214901646702
natural,synthetic,MS013,G,69.0,52.17,56.68689827021035,4.516898270210348,1.806759308084139,20.40236998342923,3.264379197348677
natural,synthetic,MS013,G,93.5,39.8,36.39430361108266,-3.4056963889173346,-1.362278555566934,11.598767893484572,1.8558028629575318
natural,synthetic,MS013,G,165.5,4.42,1.5836069748964972,-2.8363930251035026,-1.134557210041401,8.045125392855798,1.2872200628569277
natural,synthetic,MS013,G,191.5,1.79,0.09692633175339074,-1.6930736682466092,-0.6772294672986436,2.8664984461100294,0.45863975137760465
natural,synthetic,MS013,G,213.0,1.09,0.007626156913248688,-1.0823738430867513,-0.43294953723470053,1.1715331361983834,0.18744530179174135
natural,synthetic,MS013,F,22.0,115.70000000000002,108.5778054019271,-7.122194598072923,-2.462297181701961,50.72565589281913,6.06290741101742
natural,synthetic,MS013,F,45.0,104.85,97.5425315241714,-7.3074684758286,-2.7877800575407155,53.39909552522876,7.771717649221714
natural,synthetic,MS013,F,69.0,71.3,86.57443659389872,15.274436593898727,6.109774637559491,233.30841326103254,37.32934612176521
natural,synthetic,MS013,F,93.5,74.94,72.14449438916996,-2.795505610830034,-1.1182022443320137,7.814851620182202,1.2503762592291523
natural,synthetic,MS013,F,165.5,29.629999999999995,18.334092211663233,-11.295907788336763,-4.518363115334705,127.59753276260713,20.415605242017143
natural,synthetic,MS013,F,191.5,16.41,4.77582334446849,-11.63417665553151,-4.653670662212604,135.35406645211435,21.656650632338295
natural,synthetic,MS013,F,213.0,8.43,0.9808500656316108,-7.449149934368389,-2.9796599737473555,55.48983474470057,8.878373559152092
natural,synthetic,MS013,E,93.5,56.272812,50.36597337690458,-5.906838623095425,-2.9534193115477123,34.890742519291855,8.722685629822964
natural,synthetic,MS013,E,165.5,95.89266,94.7597040999026,-1.1329559000974,-0.47259337684339975,1.28358907156551,0.22334449983624766
natural,synthetic,MS013,E,213.0,109.70436,106.33559755969979,-3.368762440300202,-1.2283057629797767,11.348560379177371,1.5087350473693313
natural,synthetic,MS013,Gly,22.0,0.88,1.6655110580055965,0.7855110580055965,2.244317308587419,0.6170276222490716,5.0369601816250755
natural,synthetic,MS013,Gly,45.0,2.83,3.411429160742955,0.5814291607429549,1.6612261735512999,0.3380598689622569,2.7596723996918935
natural,synthetic,MS013,Gly,69.0,4.03,4.787646913222068,0.757646913222068,2.164705466348766,0.5740288451149278,4.685949756040229
natural,synthetic,MS013,Gly,93.5,6.39,6.114947745385081,-0.275052254614919,-0.7858635846140544,0.07565374276875023,0.617581573622451
natural,synthetic,MS013,Gly,165.5,7.15,8.434938102787386,1.284938102787386,3.5942324553493314,1.6510659279948472,12.918506943086484
natural,synthetic,MS013,Gly,191.5,7.79,8.533566187704157,0.7435661877041566,1.9090274395485407,0.5528906754968931,3.644385764949257
natural,synthetic,MS013,Gly,213.0,8.08,8.539306805886246,0.4593068058862464,1.1368980343718968,0.210962741933426,1.2925371405586827
synthetic,synthetic,MS013,X,22.0,0.4597499999999999,1.2165883531173116,0.7568383531173117,12.613972551955197,0.5728042927493247,159.1123035414791
synthetic,synthetic,MS013,X,45.0,0.9492,1.2165898589542832,0.26738985895428313,3.5212528834055403,0.07149733667159143,12.399221868891832
synthetic,synthetic,MS013,X,69.0,1.6406999999999998,1.2165898589542832,-0.42411014104571665,-3.231167649827183,0.17986941173781767,10.440444381289721
synthetic,synthetic,MS013,X,93.5,1.3962,1.5637640968588769,0.16756409685887674,1.5001799246067604,0.028077726556131027,2.2505398061931454
synthetic,synthetic,MS013,X,165.5,1.9953,1.4258476535359608,-0.5694523464640393,-3.567460698040641,0.32427597489340027,12.726775832064616
synthetic,synthetic,MS013,X,191.5,2.5599,1.3117291635991426,-1.2481708364008572,-6.094822241107354,1.5579304368416156,37.14685815069687
synthetic,synthetic,MS013,X,213.0,1.719,1.2009935061010037,-0.5180064938989963,-3.766772061511026,0.26833072772153094,14.188571763380025
synthetic,synthetic,MS013,Xd,22.0,0.34095,0.0,-0.34095,-5.6825,0.11624690249999999,32.29080625
synthetic,synthetic,MS013,Xd,45.0,0.5369999999999999,0.0,-0.5369999999999999,-8.333333333333334,0.28836899999999993,69.44444444444446
synthetic,synthetic,MS013,Xd,69.0,0.516,0.0,-0.516,-8.333333333333334,0.266256,69.44444444444446
synthetic,synthetic,MS013,Xd,93.5,0.6935999999999999,0.0,-0.6935999999999999,-8.333333333333334,0.48108095999999984,69.44444444444446
synthetic,synthetic,MS013,Xd,165.5,0.7442999999999996,0.13791644332291547,-0.6063835566770841,-6.789192940537915,0.36770101780835046,46.09314078384986
synthetic,synthetic,MS013,Xd,191.5,0.9216,0.2520349332597333,-0.6695650667402666,-6.054371624893904,0.4483173785988977,36.65541577232045
synthetic,synthetic,MS013,Xd,213.0,0.8385,0.3627705907578723,-0.4757294092421277,-4.727980612623014,0.22631847081786383,22.35380067333909
synthetic,synthetic,MS013,N,22.0,0.263,4.318699157273837e-07,-0.2629995681300843,-12.499979473863322,0.06916877283661085,156.24948684700436
synthetic,synthetic,MS013,N,45.0,0.162,0.0,-0.162,-12.5,0.026244,156.25
synthetic,synthetic,MS013,N,69.0,0.036,0.0,-0.036,-2.9999999999999996,0.0012959999999999998,8.999999999999998
synthetic,synthetic,MS013,N,93.5,0.118,0.0,-0.118,-9.833333333333332,0.013923999999999999,96.69444444444441
synthetic,synthetic,MS013,N,165.5,0.092,0.0,-0.092,-7.666666666666666,0.008464,58.77777777777777
synthetic,synthetic,MS013,N,191.5,0.086,0.0,-0.086,-7.166666666666666,0.007395999999999999,51.3611111111111
synthetic,synthetic,MS013,N,213.0,0.09,0.0,-0.09,-7.5,0.0081,56.25
synthetic,synthetic,MS013,G,22.0,116.07,96.68467274373077,-19.38532725626922,-6.680564230643309,375.7909128326544,44.62993843975083
synthetic,synthetic,MS013,G,45.0,96.42,74.00022602939673,-22.419773970603273,-8.967909588241309,502.64626489294005,80.42340238287039
synthetic,synthetic,MS013,G,69.0,52.17,56.91075240837549,4.740752408375485,1.896300963350194,22.474733397517962,3.5959573436028736
synthetic,synthetic,MS013,G,93.5,39.8,40.25294123217309,0.4529412321730959,0.18117649286923837,0.20515575980248235,0.03282492156839718
synthetic,synthetic,MS013,G,165.5,4.42,10.125353924025848,5.705353924025848,2.2821415696103395,32.55106339839715,5.208170143743544
synthetic,synthetic,MS013,G,191.5,1.79,5.324862877404473,3.534862877404473,1.4139451509617893,12.49525556205223,1.9992408899283571
synthetic,synthetic,MS013,G,213.0,1.09,3.0247409539110435,1.9347409539110434,0.7738963815644173,3.743222558740614,0.5989156093984982
synthetic,synthetic,MS013,F,22.0,115.70000000000002,104.44123877930157,-11.258761220698446,-3.8923980019700757,126.75970422470316,15.150762205740637
synthetic,synthetic,MS013,F,45.0,104.85,92.98760965586612,-11.862390344133871,-4.525470803675296,140.71630467660052,20.479885994917534
synthetic,synthetic,MS013,F,69.0,71.3,82.35389321669955,11.05389321669955,4.421557286679819,122.18855524619632,19.550168839391407
synthetic,synthetic,MS013,F,93.5,74.94,69.33328220113708,-5.606717798862917,-2.2426871195451668,31.43528447608623,5.029645516173797
synthetic,synthetic,MS013,F,165.5,29.629999999999995,29.813002663635153,0.1830026636351576,0.07320106545406305,0.033489974897562634,0.005358395983610023
synthetic,synthetic,MS013,F,191.5,16.41,17.50104774067464,1.0910477406746395,0.4364190962698558,1.1903851724312353,0.19046162758899768
synthetic,synthetic,MS013,F,213.0,8.43,9.564252806737892,1.1342528067378925,0.453701122695157,1.286529429592787,0.2058447087348459
synthetic,synthetic,MS013,E,93.5,56.272812,62.81792140662424,6.545109406624235,3.2725547033121174,42.838457144681044,10.709614286170261
synthetic,synthetic,MS013,E,165.5,95.89266,94.8521002477163,-1.0405597522837127,-0.43405188771850217,1.0827645980727414,0.18840104123199522
synthetic,synthetic,MS013,E,213.0,109.70436,106.93181096169761,-2.7725490383023867,-1.0109166265779725,7.68702816979149,1.021952425891788
synthetic,synthetic,MS013,Gly,22.0,0.88,1.9707109941158922,1.0907109941158923,3.116317126045407,1.1896504726852781,9.711432430083905
synthetic,synthetic,MS013,Gly,45.0,2.83,3.3645877514595415,0.5345877514595414,1.5273935755986898,0.28578406401056844,2.3329311347801505
synthetic,synthetic,MS013,Gly,69.0,4.03,4.427457188477395,0.39745718847739475,1.1355919670782708,0.1579722166723553,1.2895691156926965
synthetic,synthetic,MS013,Gly,93.5,6.39,5.468365397282561,-0.9216346027174387,-2.633241722049825,0.849410340926131,6.9339619667439285
synthetic,synthetic,MS013,Gly,165.5,7.15,7.492221234114384,0.3422212341143833,0.9572621933269463,0.11711537307877155,0.9163509067731159
synthetic,synthetic,MS013,Gly,191.5,7.79,7.858307183329636,0.06830718332963581,0.17537145912615099,0.004665871294428477,0.030755148676035245
synthetic,synthetic,MS013,Gly,213.0,8.08,8.047222561328704,-0.03277743867129601,-0.0811322739388515,0.0010743604858505713,0.006582445874488843
joint_reference,synthetic,MS013,X,22.0,0.4597499999999999,0.8996894356398564,0.4399394356398565,7.3323239273309415,0.19354670703111543,53.76297417530984
joint_reference,synthetic,MS013,X,45.0,0.9492,1.357606657662576,0.408406657662576,5.378300906850189,0.16679599802311654,28.926120644625566
joint_reference,synthetic,MS013,X,69.0,1.6406999999999998,1.3576067197321546,-0.2830932802678452,-2.156802586303447,0.08014180533280875,4.651797396285238
joint_reference,synthetic,MS013,X,93.5,1.3962,1.769467596655788,0.3732675966557879,3.34181704497733,0.13932869871318795,11.167741162101015
joint_reference,synthetic,MS013,X,165.5,1.9953,1.589630356400872,-0.40566964359912805,-2.5414075803082743,0.16456785973784357,6.458752489248358
joint_reference,synthetic,MS013,X,191.5,2.5599,1.4484627889466601,-1.1114372110533397,-5.427151505202057,1.235292674114026,29.453973460416957
joint_reference,synthetic,MS013,X,213.0,1.719,1.3213595199328572,-0.3976404800671429,-2.8915101808256467,0.1581179513880279,8.360831125818365
joint_reference,synthetic,MS013,Xd,22.0,0.34095,0.0,-0.34095,-5.6825,0.11624690249999999,32.29080625
joint_reference,synthetic,MS013,Xd,45.0,0.5369999999999999,0.0,-0.5369999999999999,-8.333333333333334,0.28836899999999993,69.44444444444446
joint_reference,synthetic,MS013,Xd,69.0,0.516,0.0,-0.516,-8.333333333333334,0.266256,69.44444444444446
joint_reference,synthetic,MS013,Xd,93.5,0.6935999999999999,0.0,-0.6935999999999999,-8.333333333333334,0.48108095999999984,69.44444444444446
joint_reference,synthetic,MS013,Xd,165.5,0.7442999999999996,0.17983724025491687,-0.5644627597450828,-6.319839219681614,0.318618207139035,39.94036776262591
joint_reference,synthetic,MS013,Xd,191.5,0.9216,0.32100480770912926,-0.6005951922908708,-5.430729096958829,0.36071458500290804,29.492818524555258
joint_reference,synthetic,MS013,Xd,213.0,0.8385,0.44810807672293185,-0.3903919232770682,-3.879864075502566,0.1524058537599683,15.05334524437538
joint_reference,synthetic,MS013,N,22.0,0.263,0.11118251431358242,-0.1518174856864176,-7.215659966084487,0.02304854896014561,52.06574874615438
joint_reference,synthetic,MS013,N,45.0,0.162,1.4300063093004262e-08,-0.1619999856999369,-12.499998896600069,0.02624399536677976,156.24997241500293
joint_reference,synthetic,MS013,N,69.0,0.036,0.0,-0.036,-2.9999999999999996,0.0012959999999999998,8.999999999999998
joint_reference,synthetic,MS013,N,93.5,0.118,0.0,-0.118,-9.833333333333332,0.013923999999999999,96.69444444444441
joint_reference,synthetic,MS013,N,165.5,0.092,0.0,-0.092,-7.666666666666666,0.008464,58.77777777777777
joint_reference,synthetic,MS013,N,191.5,0.086,0.0,-0.086,-7.166666666666666,0.007395999999999999,51.3611111111111
joint_reference,synthetic,MS013,N,213.0,0.09,0.0,-0.09,-7.5,0.0081,56.25
joint_reference,synthetic,MS013,G,22.0,116.07,107.43802392970426,-8.631976070295735,-2.9747483657433396,74.5110108781582,8.84912783949267
joint_reference,synthetic,MS013,G,45.0,96.42,82.68493704741995,-13.735062952580051,-5.49402518103202,188.65195431133705,30.184312689813922
joint_reference,synthetic,MS013,G,69.0,52.17,61.13982485110509,8.969824851105088,3.5879299404420353,80.45775785950241,12.873241257520387
joint_reference,synthetic,MS013,G,93.5,39.8,39.65698313832648,-0.1430168616735159,-0.05720674466940636,0.02045382272294158,0.003272611635670653
joint_reference,synthetic,MS013,G,165.5,4.42,2.6308360212891437,-1.7891639787108562,-0.7156655914843425,3.201107742716461,0.5121772388346338
joint_reference,synthetic,MS013,G,191.5,1.79,0.4305713862699559,-1.3594286137300442,-0.5437714454920177,1.8480461558279897,0.2956873849324784
joint_reference,synthetic,MS013,G,213.0,1.09,0.09552311403633752,-0.9944768859636626,-0.397790754385465,0.9889842767159835,0.15823748427455736
joint_reference,synthetic,MS013,F,22.0,115.70000000000002,108.01270949143839,-7.687290508561631,-2.657663097169103,59.09443536302174,7.063173138054468
joint_reference,synthetic,MS013,F,45.0,104.85,95.39246988955513,-9.457530110444864,-3.6080229319770587,89.44487578997125,13.017829477672331
joint_reference,synthetic,MS013,F,69.0,71.3,83.08271627364736,11.782716273647367,4.713086509458947,138.8324027852745,22.21318444564392
joint_reference,synthetic,MS013,F,93.5,74.94,68.6436987016203,-6.296301298379703,-2.518520519351881,39.64341003997793,6.342945606396469
joint_reference,synthetic,MS013,F,165.5,29.629999999999995,28.497096169083058,-1.1329038309169377,-0.4531615323667751,1.2834710901062734,0.20535537441700374
joint_reference,synthetic,MS013,F,191.5,16.41,16.62075693063128,0.21075693063128043,0.08430277225251218,0.04441848380911835,0.007106957409458937
joint_reference,synthetic,MS013,F,213.0,8.43,8.548312896364324,0.11831289636432452,0.04732515854572981,0.013997941446115393,0.002239670631378463
joint_reference,synthetic,MS013,E,93.5,56.272812,60.14199699378415,3.8691849937841454,1.9345924968920727,14.970592516124418,3.7426481290311044
joint_reference,synthetic,MS013,E,165.5,95.89266,94.26092573104621,-1.6317342689537924,-0.6806503308819642,2.662556724478167,0.4632848729297274
joint_reference,synthetic,MS013,E,213.0,109.70436,103.1567957757421,-6.547564224257897,-2.387348770553111,42.870597270781914,5.69943415226145
joint_reference,synthetic,MS013,Gly,22.0,0.88,1.3504221790249034,0.47042217902490335,1.3440633686425811,0.22129702651853822,1.806506338926843
joint_reference,synthetic,MS013,Gly,45.0,2.83,2.8789828360126277,0.04898283601262765,0.13995096003607901,0.0023993182238399723,0.019586271215020185
joint_reference,synthetic,MS013,Gly,69.0,4.03,4.242430200595671,0.21243020059567108,0.606943430273346,0.04512659012511706,0.368380327551976
joint_reference,synthetic,MS013,Gly,93.5,6.39,5.566773714376177,-0.8232262856238224,-2.35207510178235,0.6777015173419952,5.5322572844244515
joint_reference,synthetic,MS013,Gly,165.5,7.15,7.925010899539254,0.7750108995392537,2.1678626560538565,0.6006418944046432,4.699628495512881
joint_reference,synthetic,MS013,Gly,191.5,7.79,8.074820721329415,0.2848207213294147,0.7312470380729518,0.08112284329860811,0.534722230690465
joint_reference,synthetic,MS013,Gly,213.0,8.08,8.103922502546876,0.02392250254687589,0.05921411521503933,0.0005722861281052834,0.0035063114406999525
natural,synthetic,MS014,X,22.0,0.4849499999999999,1.1423246097467652,0.6573746097467653,10.956243495779422,0.432141377539712,120.03927153880888
natural,synthetic,MS014,X,45.0,0.9216,1.3289816183886627,0.4073816183886627,5.525466829273311,0.165959783000966,30.530783681399658
natural,synthetic,MS014,X,69.0,1.5324,1.3289816183886627,-0.2034183816113373,-1.659312040029833,0.041379037977375646,2.753316446187966
natural,synthetic,MS014,X,93.5,1.857,1.7024469317397763,-0.15455306826022364,-1.0403410626024747,0.023886650908649346,1.0823095265368463
natural,synthetic,MS014,X,165.5,1.7121,1.6682582461709121,-0.04384175382908784,-0.3200875666512458,0.001922099378810338,0.10245605032471573
natural,synthetic,MS014,X,191.5,2.0577,1.6207411208769233,-0.43695887912307674,-2.65441317443673,0.1909330620444956,7.045909300623277
natural,synthetic,MS014,X,213.0,1.5806999999999998,1.5705713446274228,-0.010128655372577011,-0.0800962814937766,0.00010258965965643316,0.006415414309130299
natural,synthetic,MS014,Xd,22.0,0.3561,0.0,-0.3561,-5.9350000000000005,0.12680721000000003,35.224225000000004
natural,synthetic,MS014,Xd,45.0,0.4590000000000001,0.0,-0.4590000000000001,-7.650000000000001,0.21068100000000006,58.52250000000002
natural,synthetic,MS014,Xd,69.0,0.5205000000000002,0.0,-0.5205000000000002,-8.333333333333334,0.2709202500000002,69.44444444444446
natural,synthetic,MS014,Xd,93.5,0.7698,0.0,-0.7698,-8.333333333333334,0.5925920400000001,69.44444444444446
natural,synthetic,MS014,Xd,165.5,0.7994999999999999,0.034188685568864355,-0.7653113144311355,-7.976978470201539,0.5857014079963124,63.63218551405888
natural,synthetic,MS014,Xd,191.5,0.9099,0.08170581086285282,-0.8281941891371473,-7.585029390932586,0.6859056149205368,57.53267086131116
natural,synthetic,MS014,Xd,213.0,0.7719000000000001,0.13187558711235298,-0.6400244128876471,-6.909621419955597,0.4096312490921774,47.7428681671092
natural,synthetic,MS014,N,22.0,0.275,0.04997974266008944,-0.22502025733991057,-10.22819351545048,0.05063411621331958,104.61594258950325
natural,synthetic,MS014,N,45.0,0.175,0.0,-0.175,-12.5,0.030624999999999996,156.25
natural,synthetic,MS014,N,69.0,0.073,0.0,-0.073,-6.083333333333333,0.0053289999999999995,37.00694444444444
natural,synthetic,MS014,N,93.5,0.132,0.0,-0.132,-11.0,0.017424000000000002,121.0
natural,synthetic,MS014,N,165.5,0.102,0.0,-0.102,-8.5,0.010403999999999998,72.25
natural,synthetic,MS014,N,191.5,0.101,0.0,-0.101,-8.416666666666668,0.010201000000000002,70.8402777777778
natural,synthetic,MS014,N,213.0,0.098,0.0,-0.098,-8.166666666666666,0.009604000000000001,66.69444444444443
natural,synthetic,MS014,G,22.0,121.23,104.6632759404999,-16.566724059500103,-5.466212673265727,274.4563460636196,29.879480989370848
natural,synthetic,MS014,G,45.0,100.2,77.62746234023888,-22.572537659761124,-9.010993077748951,509.5194564013342,81.19799624723952
natural,synthetic,MS014,G,69.0,68.48,56.56102439101337,-11.918975608986635,-4.767590243594654,142.06197956761832,22.729916730818932
natural,synthetic,MS014,G,93.5,44.45,36.00567847031694,-8.444321529683066,-3.377728611873226,71.30656609666896,11.409050575467031
natural,synthetic,MS014,G,165.5,6.17,1.4188310909354942,-4.751168909064505,-1.9004675636258022,22.5736060024612,3.6117769603937924
natural,synthetic,MS014,G,191.5,2.69,0.08829244990211778,-2.601707550097882,-1.0406830200391528,6.768882176236324,1.0830211481978118
natural,synthetic,MS014,G,213.0,1.54,0.007797231209664335,-1.5322027687903357,-0.6128811075161342,2.347645324688771,0.3756232519502033
natural,synthetic,MS014,F,22.0,120.88,118.5092725929986,-2.3707274070013966,-0.7844895456655845,5.620348438307565,0.6154238472585951
natural,synthetic,MS014,F,45.0,104.93999999999998,107.08276301343169,2.142763013431704,0.8167573902922448,4.591433331730918,0.6670926345969983
natural,synthetic,MS014,F,69.0,96.54,95.69474706888279,-0.8452529311172157,-0.33810117244688626,0.7144525175622445,0.11431240280995912
natural,synthetic,MS014,F,93.5,80.41,80.70828638426343,0.29828638426343446,0.11931455370537378,0.08897476703695328,0.014235962725912524
natural,synthetic,MS014,F,165.5,35.53,23.237367084943173,-12.292632915056828,-4.917053166022731,151.10882398433853,24.177411837494162
natural,synthetic,MS014,F,191.5,22.82,7.168198306552959,-15.651801693447041,-6.260720677378816,244.97889625099165,39.196623400158664
natural,synthetic,MS014,F,213.0,12.28,1.7636690564870885,-10.51633094351291,-4.206532377405164,110.59321651348714,17.694914642157944
natural,synthetic,MS014,E,93.5,55.878192000000006,52.084758917737894,-3.793433082262112,-1.896716541131056,14.390134549600628,3.597533637400157
natural,synthetic,MS014,E,165.5,95.182344,98.86294913257775,3.680605132577753,1.5467596101973504,13.5468541419577,2.3924652917378593
natural,synthetic,MS014,E,213.0,109.70436,113.14786335023803,3.443503350238032,1.255557518493534,11.857715323100551,1.5764246822456407
natural,synthetic,MS014,Gly,22.0,0.95,1.671814463003486,0.721814463003486,2.062327037152817,0.5210161190010107,4.253192808171517
natural,synthetic,MS014,Gly,45.0,2.99,3.4675475884309788,0.47754758843097855,1.3644216812313674,0.22805169921624327,1.8616465242142313
natural,synthetic,MS014,Gly,69.0,5.17,4.8744552242023245,-0.29554477579767546,-0.8444136451362156,0.08734671450129826,0.7130344040922307
natural,synthetic,MS014,Gly,93.5,6.62,6.220050452847138,-0.399949547152862,-1.14271299186532,0.1599596402677794,1.305792981777791
natural,synthetic,MS014,Gly,165.5,7.1,8.527942029081915,1.4279420290819154,4.022371912906804,2.0390184384185774,16.179475805741543
natural,synthetic,MS014,Gly,191.5,8.01,8.6166456518602,0.6066456518601999,1.5147207287395752,0.3680189469208869,2.29437888607335
natural,synthetic,MS014,Gly,213.0,7.92,8.621936675346513,0.7019366753465128,1.7725673619861435,0.49271509619651577,3.141995052778516
synthetic,synthetic,MS014,X,22.0,0.4849499999999999,1.2695631579331002,0.7846131579331003,13.076885965551671,0.6156178076017521,171.00494655604226
synthetic,synthetic,MS014,X,45.0,0.9216,1.269563795196754,0.347963795196754,4.719561024261529,0.12107880276772857,22.274256261728535
synthetic,synthetic,MS014,X,69.0,1.5324,1.269563795196754,-0.262836204803246,-2.1439914904989394,0.06908287055537386,4.596699511331864
synthetic,synthetic,MS014,X,93.5,1.857,1.6167380363742931,-0.24026196362570684,-1.6172722376528463,0.05772581116528048,2.6155694906826445
synthetic,synthetic,MS014,X,165.5,1.7121,1.4543716663570307,-0.2577283336429692,-1.8816682264687314,0.06642389396238166,3.540675314501981
synthetic,synthetic,MS014,X,191.5,2.0577,1.3255918967709868,-0.7321081032290133,-4.447369048142424,0.5359822748135836,19.779091450375255
synthetic,synthetic,MS014,X,213.0,1.5806999999999998,1.2000297201742172,-0.3806702798257826,-3.0102982841919927,0.14490986194263963,9.061895759809255
synthetic,synthetic,MS014,Xd,22.0,0.3561,0.0,-0.3561,-5.9350000000000005,0.12680721000000003,35.224225000000004
synthetic,synthetic,MS014,Xd,45.0,0.4590000000000001,0.0,-0.4590000000000001,-7.650000000000001,0.21068100000000006,58.52250000000002
synthetic,synthetic,MS014,Xd,69.0,0.5205000000000002,0.0,-0.5205000000000002,-8.333333333333334,0.2709202500000002,69.44444444444446
synthetic,synthetic,MS014,Xd,93.5,0.7698,0.0,-0.7698,-8.333333333333334,0.5925920400000001,69.44444444444446
synthetic,synthetic,MS014,Xd,165.5,0.7994999999999999,0.16236637001726162,-0.6371336299827383,-6.640959245181763,0.40593926245498085,44.10233969616514
synthetic,synthetic,MS014,Xd,191.5,0.9099,0.2911461396033061,-0.618753860396694,-5.666866875450544,0.3828563397558115,32.11338018407861
synthetic,synthetic,MS014,Xd,213.0,0.7719000000000001,0.4167083162000754,-0.3551916837999247,-3.8346038325336256,0.1261611322406257,14.70418655248157
synthetic,synthetic,MS014,N,22.0,0.275,1.8263598069341275e-07,-0.27499981736401935,-12.499991698364514,0.075624899550244,156.24979245918178
synthetic,synthetic,MS014,N,45.0,0.175,0.0,-0.175,-12.5,0.030624999999999996,156.25
synthetic,synthetic,MS014,N,69.0,0.073,0.0,-0.073,-6.083333333333333,0.0053289999999999995,37.00694444444444
synthetic,synthetic,MS014,N,93.5,0.132,0.0,-0.132,-11.0,0.017424000000000002,121.0
synthetic,synthetic,MS014,N,165.5,0.102,0.0,-0.102,-8.5,0.010403999999999998,72.25
synthetic,synthetic,MS014,N,191.5,0.101,0.0,-0.101,-8.416666666666668,0.010201000000000002,70.8402777777778
synthetic,synthetic,MS014,N,213.0,0.098,0.0,-0.098,-8.166666666666666,0.009604000000000001,66.69444444444443
synthetic,synthetic,MS014,G,22.0,121.23,97.6676577597318,-23.562342240268208,-7.774426211422323,555.1839718475275,60.44170291685046
synthetic,synthetic,MS014,G,45.0,100.2,74.45611081181205,-25.74388918818795,-10.277001671931316,662.7478305337004,105.61676336487906
synthetic,synthetic,MS014,G,69.0,68.48,56.99508400244935,-11.484915997550651,-4.59396639902026,131.90329547079486,21.10452727532718
synthetic,synthetic,MS014,G,93.5,44.45,40.112763289456275,-4.337236710543728,-1.734894684217491,18.811622283288177,3.0098595653261078
synthetic,synthetic,MS014,G,165.5,6.17,9.933817902062504,3.763817902062504,1.5055271608250016,14.16632519988619,2.2666120319817904
synthetic,synthetic,MS014,G,191.5,2.69,5.239582279814288,2.5495822798142878,1.019832911925715,6.500369801543021,1.0400591682468832
synthetic,synthetic,MS014,G,213.0,1.54,3.0209909872811576,1.4809909872811575,0.592396394912463,2.1933343044080176,0.3509334887052828
synthetic,synthetic,MS014,F,22.0,120.88,114.33243814557129,-6.547561854428707,-2.1666319835965275,42.87056623756989,4.694294152343423
synthetic,synthetic,MS014,F,45.0,104.93999999999998,102.5809286314835,-2.3590713685164815,-0.8992076876373095,5.565217721754225,0.8085744655060372
synthetic,synthetic,MS014,F,69.0,96.54,91.6241336651633,-4.915866334836707,-1.9663465339346828,24.16574182198088,3.8665186915169407
synthetic,synthetic,MS014,F,93.5,80.41,78.2304475152777,-2.1795524847222936,-0.8718209938889174,4.750449033659124,0.7600718453854598
synthetic,synthetic,MS014,F,165.5,35.53,37.182885772220914,1.6528857722209125,0.661154308888365,2.732031376010322,0.43712502016165156
synthetic,synthetic,MS014,F,191.5,22.82,24.002843394415958,1.1828433944159578,0.4731373577663831,1.399118495713465,0.2238589593141544
synthetic,synthetic,MS014,F,213.0,12.28,15.020146743252136,2.7401467432521365,1.0960586973008546,7.50840417455529,1.2013446679288464
synthetic,synthetic,MS014,E,93.5,55.878192000000006,64.52820411028256,8.650012110282553,4.325006055141277,74.82270950803483,18.70567737700871
synthetic,synthetic,MS014,E,165.5,95.182344,97.2388752627359,2.056531262735902,0.8642490513727638,4.229320834610124,0.746926422798722
synthetic,synthetic,MS014,E,213.0,109.70436,110.05635058624618,0.3519905862461883,0.12834151213176515,0.12389737280593531,0.01647154373626802
synthetic,synthetic,MS014,Gly,22.0,0.95,1.9763191521652421,1.0263191521652422,2.932340434757835,1.0533310021011815,8.598620425315769
synthetic,synthetic,MS014,Gly,45.0,2.99,3.403066703770378,0.4130667037703777,1.1801905822010792,0.17062410176372494,1.3928498103161222
synthetic,synthetic,MS014,Gly,69.0,5.17,4.490084076267861,-0.679915923732139,-1.9426169249489689,0.4622856633445279,3.7737605170981876
synthetic,synthetic,MS014,Gly,93.5,6.62,5.547265087559527,-1.072734912440473,-3.064956892687066,1.1507601923686694,9.393960754029955
synthetic,synthetic,MS014,Gly,165.5,7.1,7.588442986287054,0.48844298628705474,1.3758957360198725,0.23857655085301593,1.8930890763976667
synthetic,synthetic,MS014,Gly,191.5,8.01,7.956569477243442,-0.053430522756557686,-0.13340954496019397,0.0028548207620390288,0.017798106686486015
synthetic,synthetic,MS014,Gly,213.0,7.92,8.150432317197184,0.2304323171971845,0.581899790901981,0.053099052808863845,0.33860736665176916
joint_reference,synthetic,MS014,X,22.0,0.4849499999999999,0.9496874692286154,0.4647374692286155,7.7456244871435915,0.2159809153050183,59.99469869583842
joint_reference,synthetic,MS014,X,45.0,0.9216,1.4157555704779619,0.4941555704779619,6.70241387909562,0.24418972783439996,44.9223518066936
joint_reference,synthetic,MS014,X,69.0,1.5324,1.4157555889600522,-0.11664441103994783,-0.9514846893757164,0.013605918626856303,0.9053231141164035
joint_reference,synthetic,MS014,X,93.5,1.857,1.8276164680735696,-0.029383531926430395,-0.19778898711921375,0.0008633919484715544,0.0391204834256445
joint_reference,synthetic,MS014,X,165.5,1.7121,1.6173327404221596,-0.09476725957784038,-0.691893431880734,0.00898083348789378,0.4787165210797
joint_reference,synthetic,MS014,X,191.5,2.0577,1.4614248283220448,-0.5962751716779553,-3.622218810309783,0.3555440803595751,13.12046910976202
joint_reference,synthetic,MS014,X,213.0,1.5806999999999998,1.3216468272526747,-0.2590531727473251,-2.0485637118628226,0.06710854631045546,4.196613281561186
joint_reference,synthetic,MS014,Xd,22.0,0.3561,0.0,-0.3561,-5.9350000000000005,0.12680721000000003,35.224225000000004
joint_reference,synthetic,MS014,Xd,45.0,0.4590000000000001,0.0,-0.4590000000000001,-7.650000000000001,0.21068100000000006,58.52250000000002
joint_reference,synthetic,MS014,Xd,69.0,0.5205000000000002,0.0,-0.5205000000000002,-8.333333333333334,0.2709202500000002,69.44444444444446
joint_reference,synthetic,MS014,Xd,93.5,0.7698,0.0,-0.7698,-8.333333333333334,0.5925920400000001,69.44444444444446
joint_reference,synthetic,MS014,Xd,165.5,0.7994999999999999,0.2102837276514105,-0.5892162723485894,-6.141507946097452,0.3471758156003671,37.71811985197814
joint_reference,synthetic,MS014,Xd,191.5,0.9099,0.3661916397515249,-0.5437083602484751,-4.97956149254932,0.2956187810040856,24.796032658080012
joint_reference,synthetic,MS014,Xd,213.0,0.7719000000000001,0.5059696408208955,-0.2659303591791047,-2.8709500278436826,0.07071895593312763,8.242354062375641
joint_reference,synthetic,MS014,N,22.0,0.275,0.11316154100832272,-0.16183845899167731,-7.356293590530786,0.02619168680880082,54.11505539008432
joint_reference,synthetic,MS014,N,45.0,0.175,3.9851850982611556e-09,-0.1749999960148149,-12.499999715343922,0.03062499860518523,156.2499928835981
joint_reference,synthetic,MS014,N,69.0,0.073,0.0,-0.073,-6.083333333333333,0.0053289999999999995,37.00694444444444
joint_reference,synthetic,MS014,N,93.5,0.132,0.0,-0.132,-11.0,0.017424000000000002,121.0
joint_reference,synthetic,MS014,N,165.5,0.102,0.0,-0.102,-8.5,0.010403999999999998,72.25
joint_reference,synthetic,MS014,N,191.5,0.101,0.0,-0.101,-8.416666666666668,0.010201000000000002,70.8402777777778
joint_reference,synthetic,MS014,N,213.0,0.098,0.0,-0.098,-8.166666666666666,0.009604000000000001,66.69444444444443
joint_reference,synthetic,MS014,G,22.0,121.23,108.64968916674756,-12.58031083325244,-4.150890318651304,158.26422066124871,17.229890437473124
joint_reference,synthetic,MS014,G,45.0,100.2,83.0408925471674,-17.1591074528326,-6.849943094943153,294.4349685778553,46.92172040395938
joint_reference,synthetic,MS014,G,69.0,68.48,60.98602967289801,-7.493970327101991,-2.9975881308407963,56.15959126348512,8.98553460215762
joint_reference,synthetic,MS014,G,93.5,44.45,39.160921909359075,-5.289078090640928,-2.115631236256371,27.97434704889788,4.475895527823661
joint_reference,synthetic,MS014,G,165.5,6.17,2.379396218813545,-3.790603781186455,-1.516241512474582,14.36867702594505,2.298988324151208
joint_reference,synthetic,MS014,G,191.5,2.69,0.38359401452147845,-2.3064059854785217,-0.9225623941914087,5.319508569851151,0.8511213711761842
joint_reference,synthetic,MS014,G,213.0,1.54,0.08728343045683071,-1.4527165695431694,-0.5810866278172677,2.110385431425274,0.33766166902804384
joint_reference,synthetic,MS014,F,22.0,120.88,117.94465203290086,-2.9353479670991334,-0.9713262631036178,8.616267687953014,0.9434747093948386
joint_reference,synthetic,MS014,F,45.0,104.93999999999998,104.89551904615068,-0.04448095384930184,-0.01695481374091932,0.0019785552553437205,0.00028746570898926664
joint_reference,synthetic,MS014,F,69.0,96.54,92.24170919877085,-4.298290801229157,-1.719316320491663,18.47530381193119,2.956048609908991
joint_reference,synthetic,MS014,F,93.5,80.41,77.44573841495497,-2.9642615850450227,-1.185704634018009,8.78684674457363,1.4058954791317808
joint_reference,synthetic,MS014,F,165.5,35.53,36.364851363281545,0.834851363281544,0.3339405453126176,0.6969767987730525,0.1115162878036884
joint_reference,synthetic,MS014,F,191.5,22.82,24.14583259222812,1.3258325922281209,0.5303330368912483,1.7578320626143387,0.28125313001829416
joint_reference,synthetic,MS014,F,213.0,12.28,15.580216469495197,3.300216469495197,1.320086587798079,10.891428745527344,1.7426285992843753
joint_reference,synthetic,MS014,E,93.5,55.878192000000006,61.98139605857192,6.103204058571912,3.051602029285956,37.249099780568656,9.312274945142164
joint_reference,synthetic,MS014,E,165.5,95.182344,96.3356072601079,1.1532632601079058,0.4846542800450074,1.3300161471147152,0.23488977116594445
joint_reference,synthetic,MS014,E,213.0,109.70436,105.43473828750702,-4.269621712492977,-1.5567737553887475,18.229669567791465,2.4235445254671837
joint_reference,synthetic,MS014,Gly,22.0,0.95,1.3435647008612872,0.39356470086128725,1.1244705738893923,0.15489317376403453,1.2644340715431392
joint_reference,synthetic,MS014,Gly,45.0,2.99,2.9260421543077304,-0.06395784569226981,-0.18273670197791375,0.004090606025596196,0.033392702249764865
joint_reference,synthetic,MS014,Gly,69.0,5.17,4.322370163956917,-0.8476298360430832,-2.4217995315516663,0.7184763389504241,5.86511297102387
joint_reference,synthetic,MS014,Gly,93.5,6.62,5.669384302194695,-0.9506156978053051,-2.7160448508723003,0.9036702049138671,7.376899631949936
joint_reference,synthetic,MS014,Gly,165.5,7.1,8.016486163142451,0.9164861631424515,2.5816511637815536,0.8399468872315722,6.6649227314546495
joint_reference,synthetic,MS014,Gly,191.5,8.01,8.154301407459851,0.1443014074598512,0.3603031397249718,0.020822896194894,0.12981835249567256
joint_reference,synthetic,MS014,Gly,213.0,7.92,8.181674670059827,0.26167467005982736,0.6607946213632003,0.06847363295091952,0.4366495316225353
natural,synthetic,MS015,X,22.0,0.3813,0.713666760349804,0.33236676034980406,5.539446005830068,0.11046766338542409,30.685462051506693
natural,synthetic,MS015,X,45.0,0.4194,1.2025964556362265,0.7831964556362265,13.053274260603777,0.6133966881211478,170.38796892254106
natural,synthetic,MS015,X,69.0,0.6659999999999999,1.2029236989531142,0.5369236989531143,8.948728315885239,0.28828705849749453,80.07973847152627
natural,synthetic,MS015,X,93.5,1.6314,1.5763890098844926,-0.05501099011550736,-0.4215013953928173,0.0030262090334884487,0.1776634263180921
natural,synthetic,MS015,X,165.5,1.4631,1.5763890102376057,0.11328901023760563,0.9678850577336273,0.012834399840616312,0.936801484984027
natural,synthetic,MS015,X,191.5,1.6821,1.5715945448128605,-0.11050545518713939,-0.8211867248316048,0.012211455626116871,0.6743476370396578
natural,synthetic,MS015,X,213.0,1.6727999999999998,1.5613316963531982,-0.1114683036468016,-0.8329470322722502,0.012425182717895564,0.693800758571149
natural,synthetic,MS015,Xd,22.0,0.3214499999999999,0.0686999999999999,-0.25275000000000003,-4.2125,0.06388256250000002,17.745156250000004
natural,synthetic,MS015,Xd,45.0,0.4538999999999999,0.0686999999999999,-0.3852,-6.42,0.14837904,41.2164
natural,synthetic,MS015,Xd,69.0,0.4698,0.0686999999999999,-0.4011000000000001,-6.685000000000002,0.1608812100000001,44.68922500000003
natural,synthetic,MS015,Xd,93.5,0.7808999999999998,0.0686999999999999,-0.7121999999999999,-7.600204891791524,0.5072288399999999,57.76311439721181
natural,synthetic,MS015,Xd,165.5,0.6635999999999999,0.0686999999999999,-0.5949,-7.470614828209767,0.35390601,55.810085911467645
natural,synthetic,MS015,Xd,191.5,0.7557000000000001,0.073494465424745,-0.6822055345752551,-7.522887549901361,0.46540439140510964,56.5938370884609
natural,synthetic,MS015,Xd,213.0,0.6611999999999999,0.08375731388440684,-0.577442686115593,-7.2777108050462935,0.3334400557483913,52.96507456188757
natural,synthetic,MS015,N,22.0,0.286,0.13100465119798052,-0.15499534880201946,-6.774272237850502,0.024023558150259673,45.89076435251204
natural,synthetic,MS015,N,45.0,0.249,8.762229326970749e-05,-0.2489123777067303,-12.49560129049851,0.06195737177561797,156.14005161110802
natural,synthetic,MS015,N,69.0,0.191,0.0,-0.191,-12.5,0.036481,156.25
natural,synthetic,MS015,N,93.5,0.232,8.366216591127727e-11,-0.23199999991633785,-12.499999995492342,0.053823999961180764,156.24999988730855
natural,synthetic,MS015,N,165.5,0.126,0.0,-0.126,-10.5,0.015876,110.25
natural,synthetic,MS015,N,191.5,0.118,0.0,-0.118,-9.833333333333332,0.013923999999999999,96.69444444444441
natural,synthetic,MS015,N,213.0,0.111,0.0,-0.111,-9.25,0.012321,85.5625
natural,synthetic,MS015,G,22.0,119.1,106.87611240828203,-12.223887591717968,-4.10541984608496,149.42342785495651,16.854472112628255
natural,synthetic,MS015,G,45.0,109.73,85.82621481643989,-23.903785183560117,-8.713673629293764,571.3909461017882,75.92810811784955
natural,synthetic,MS015,G,69.0,94.4,66.27874611079953,-28.121253889200474,-11.248501555680189,790.8049203008728,126.52878724813964
natural,synthetic,MS015,G,93.5,74.85,47.20808860267444,-27.641911397325558,-11.056764558930222,764.0752656975966,122.25204251161543
natural,synthetic,MS015,G,165.5,26.41,8.553786239844213,-17.85621376015579,-7.142485504062316,318.84436984837697,51.01509917574032
natural,synthetic,MS015,G,191.5,17.21,1.848432224587828,-15.361567775412173,-6.144627110164869,235.9777645185817,37.75644232297307
natural,synthetic,MS015,G,213.0,11.15,0.2174791490041132,-10.932520850995887,-4.373008340398355,119.52001215745985,19.12320194519358
natural,synthetic,MS015,F,22.0,116.71,114.13048835912595,-2.5795116408740455,-0.8840756202121655,6.65388030540471,0.781589702253525
natural,synthetic,MS015,F,45.0,112.7,107.03743121792508,-5.662568782074928,-2.009784838358448,32.06468521172953,4.039235096495492
natural,synthetic,MS015,F,69.0,104.15,99.22988288419887,-4.920117115801133,-1.889627312837689,24.207552433199265,3.5706913814221855
natural,synthetic,MS015,F,93.5,100.14,89.28886529411689,-10.851134705883112,-4.334385742314005,117.74712440522097,18.78689976317493
natural,synthetic,MS015,F,165.5,63.650000000000006,50.949594194380964,-12.700405805619042,-5.080162322247617,161.30030762740185,25.808049220384298
natural,synthetic,MS015,F,191.5,52.51,32.01889412967309,-20.491105870326905,-8.196442348130763,419.88541978894574,67.18166716623134
natural,synthetic,MS015,F,213.0,43.0,17.048836431364972,-25.951163568635028,-10.380465427454011,673.46289056605,107.75406249056797
natural,synthetic,MS015,E,93.5,28.01802,36.97480560354678,8.956785603546777,4.4783928017733885,80.2240083479028,20.0560020869757
natural,synthetic,MS015,E,165.5,66.69078,72.01356028090233,5.322780280902322,2.661390140451161,28.3319899187626,7.08299747969065
natural,synthetic,MS015,E,213.0,85.23792,96.6600950396403,11.422175039640294,5.360137853969357,130.46608263618174,28.731077813555228
natural,synthetic,MS015,Gly,22.0,0.62,1.2057651849827802,0.5857651849827802,1.6736148142365148,0.3431208519379107,2.800986546431924
natural,synthetic,MS015,Gly,45.0,1.15,2.5821667522381593,1.4321667522381594,4.091905006394741,2.051101606216397,16.743686581358347
natural,synthetic,MS015,Gly,69.0,2.57,3.8897269257613782,1.3197269257613784,3.770648359318224,1.7416791585795788,14.217789049629214
natural,synthetic,MS015,Gly,93.5,4.18,5.1381316753222555,0.9581316753222557,2.7375190723493024,0.9180163072558325,7.494010671476185
natural,synthetic,MS015,Gly,165.5,6.09,7.720340978355182,1.630340978355182,4.658117081014806,2.658011705704132,21.6980547404419
natural,synthetic,MS015,Gly,191.5,6.73,8.169390857113314,1.4393908571133132,4.1125453060380375,2.0718460395413985,16.913028894215497
natural,synthetic,MS015,Gly,213.0,7.39,8.278813056013423,0.8888130560134231,2.405448054163527,0.7899886485399203,5.786180341279097
synthetic,synthetic,MS015,X,22.0,0.3813,1.0399248241366938,0.6586248241366939,10.977080402278231,0.4337866589690909,120.49629415808081
synthetic,synthetic,MS015,X,45.0,0.4194,1.1450833386133272,0.7256833386133272,12.09472231022212,0.5266163079409849,146.28230776138471
synthetic,synthetic,MS015,X,69.0,0.6659999999999999,1.1450833386133272,0.4790833386133273,7.984722310222122,0.22952084533689202,63.755790371358906
synthetic,synthetic,MS015,X,93.5,1.6314,1.4922575828516862,-0.13914241714831377,-1.0661273840590426,0.019360612249875363,1.1366275990405774
synthetic,synthetic,MS015,X,165.5,1.4631,1.4906295465396846,0.027529546539684535,0.23519877776369125,0.0007578759326806568,0.055318465061534226
synthetic,synthetic,MS015,X,191.5,1.6821,1.4603108864331757,-0.22178911356682418,-1.6481564232716857,0.04919041089675764,2.7164195955717156
synthetic,synthetic,MS015,X,213.0,1.6727999999999998,1.427196179284827,-0.24560382071517295,-1.8352748439381048,0.060321236749890816,3.368233752792035
synthetic,synthetic,MS015,Xd,22.0,0.3214499999999999,0.0686999999999999,-0.25275000000000003,-4.2125,0.06388256250000002,17.745156250000004
synthetic,synthetic,MS015,Xd,45.0,0.4538999999999999,0.0686999999999999,-0.3852,-6.42,0.14837904,41.2164
synthetic,synthetic,MS015,Xd,69.0,0.4698,0.0686999999999999,-0.4011000000000001,-6.685000000000002,0.1608812100000001,44.68922500000003
synthetic,synthetic,MS015,Xd,93.5,0.7808999999999998,0.0686999999999999,-0.7121999999999999,-7.600204891791524,0.5072288399999999,57.76311439721181
synthetic,synthetic,MS015,Xd,165.5,0.6635999999999999,0.07032803631200181,-0.5932719636879981,-7.4501703296162125,0.35197162289821327,55.50503794029375
synthetic,synthetic,MS015,Xd,191.5,0.7557000000000001,0.10064669641851079,-0.6550533035814894,-7.223471655214694,0.4290948305330229,52.17854275369011
synthetic,synthetic,MS015,Xd,213.0,0.6611999999999999,0.13376140356686028,-0.5274385964331396,-6.647491888903253,0.2781914730073603,44.18914841303454
synthetic,synthetic,MS015,N,22.0,0.286,0.03028983714928531,-0.2557101628507147,-11.176143481237531,0.06538768738513902,124.90618311320817
synthetic,synthetic,MS015,N,45.0,0.249,0.0,-0.249,-12.5,0.062001,156.25
synthetic,synthetic,MS015,N,69.0,0.191,0.0,-0.191,-12.5,0.036481,156.25
synthetic,synthetic,MS015,N,93.5,0.232,0.0,-0.232,-12.5,0.053824000000000004,156.25
synthetic,synthetic,MS015,N,165.5,0.126,0.0,-0.126,-10.5,0.015876,110.25
synthetic,synthetic,MS015,N,191.5,0.118,0.0,-0.118,-9.833333333333332,0.013923999999999999,96.69444444444441
synthetic,synthetic,MS015,N,213.0,0.111,0.0,-0.111,-9.25,0.012321,85.5625
synthetic,synthetic,MS015,G,22.0,119.1,101.14625686962331,-17.95374313037668,-6.029804577792335,322.3368923915478,36.3585432463654
synthetic,synthetic,MS015,G,45.0,109.73,80.07137424455506,-29.658625755444945,-10.811492118999341,879.6340817015422,116.88836183918487
synthetic,synthetic,MS015,G,69.0,94.4,64.4396357666165,-29.9603642333835,-11.984145693353401,897.6234249970054,143.61974799952088
synthetic,synthetic,MS015,G,93.5,74.85,49.01609778434779,-25.833902215652202,-10.33356088626088,667.3905036878798,106.78248059006074
synthetic,synthetic,MS015,G,165.5,26.41,17.482797626253223,-8.927202373746777,-3.5708809494987106,79.69494222183009,12.751190755492813
synthetic,synthetic,MS015,G,191.5,17.21,10.484357327642021,-6.72564267235798,-2.690257068943192,45.234269356242585,7.237483096998814
synthetic,synthetic,MS015,G,213.0,11.15,6.354614538712126,-4.795385461287874,-1.9181541845151497,22.99572172233112,3.679315475572979
synthetic,synthetic,MS015,F,22.0,116.71,111.45662255642306,-5.253377443576937,-1.8004892275133022,27.597974564682957,3.241761458391448
synthetic,synthetic,MS015,F,45.0,112.7,103.10703097934568,-9.592969020654323,-3.4047804864789075,92.02505463123356,11.592530161107547
synthetic,synthetic,MS015,F,69.0,104.15,95.63542069534397,-8.514579304656039,-3.2701216724555113,72.49806073527691,10.693695752663231
synthetic,synthetic,MS015,F,93.5,100.14,86.57373144911273,-13.566268550887273,-5.418920931051437,184.04364239479307,29.36470405698737
synthetic,synthetic,MS015,F,165.5,63.650000000000006,57.55196200980735,-6.098037990192658,-2.4392151960770634,37.186067329832916,5.949770772773267
synthetic,synthetic,MS015,F,191.5,52.51,46.046712409171754,-6.463287590828244,-2.5853150363312976,41.774086481754374,6.683853837080698
synthetic,synthetic,MS015,F,213.0,43.0,36.377195338274795,-6.622804661725205,-2.649121864690082,43.8615415873691,7.017846653979056
synthetic,synthetic,MS015,E,93.5,28.01802,50.348664602110915,22.330644602110915,11.165322301055458,498.65768834578535,124.66442208644634
synthetic,synthetic,MS015,E,165.5,66.69078,78.67796203096555,11.987182030965542,5.993591015482771,143.69253304350318,35.923133260875794
synthetic,synthetic,MS015,E,213.0,85.23792,93.28569317845282,8.047773178452815,3.776616406619408,64.76665313182451,14.26283148274689
synthetic,synthetic,MS015,Gly,22.0,0.62,1.448896456046729,0.828896456046729,2.36827558870494,0.687069334846827,5.6087292640557305
synthetic,synthetic,MS015,Gly,45.0,1.15,2.7238895786691084,1.5738895786691085,4.496827367626024,2.477128405843224,20.2214563742304
synthetic,synthetic,MS015,Gly,69.0,2.57,3.680259581091672,1.1102595810916722,3.172170231690492,1.2326763374058556,10.06266397882331
synthetic,synthetic,MS015,Gly,93.5,4.18,4.621775079624582,0.4417750796245823,1.2622145132130924,0.19516522097730601,1.5931854773657639
synthetic,synthetic,MS015,Gly,165.5,6.09,6.652083691601244,0.5620836916012442,1.6059534045749835,0.31593807636408255,2.5790863376659807
synthetic,synthetic,MS015,Gly,191.5,6.73,7.141431173685674,0.4114311736856733,1.1755176391019238,0.16927561068037064,1.3818417198397606
synthetic,synthetic,MS015,Gly,213.0,7.39,7.452281628613259,0.0622816286132597,0.1685565050426514,0.0038790012627200094,0.028411295392193368
joint_reference,synthetic,MS015,X,22.0,0.3813,0.6187978320515117,0.23749783205151176,3.9582972008585293,0.056405220229168086,15.668116730324469
joint_reference,synthetic,MS015,X,45.0,0.4194,1.0171921668904065,0.5977921668904065,9.963202781506775,0.3573554747955276,99.26540966542433
joint_reference,synthetic,MS015,X,69.0,0.6659999999999999,1.2873939324776502,0.6213939324776503,10.356565541294172,0.3861304193200386,107.25844981112185
joint_reference,synthetic,MS015,X,93.5,1.6314,1.699254796743277,0.06785479674327699,0.5199123202715229,0.004604273441071434,0.2703088207701186
joint_reference,synthetic,MS015,X,165.5,1.4631,1.6922987892037409,0.22919878920374082,1.9581606623243524,0.05253208497246082,3.8343931794745463
joint_reference,synthetic,MS015,X,191.5,1.6821,1.6489948436551178,-0.03310515634488209,-0.24601061429821425,0.001095951376619087,0.06052122234738474
joint_reference,synthetic,MS015,X,213.0,1.6727999999999998,1.6038132046893105,-0.0689867953106893,-0.5155039104397514,0.004759177927238943,0.26574428167867525
joint_reference,synthetic,MS015,Xd,22.0,0.3214499999999999,0.0686999999999999,-0.25275000000000003,-4.2125,0.06388256250000002,17.745156250000004
joint_reference,synthetic,MS015,Xd,45.0,0.4538999999999999,0.0686999999999999,-0.3852,-6.42,0.14837904,41.2164
joint_reference,synthetic,MS015,Xd,69.0,0.4698,0.0686999999999999,-0.4011000000000001,-6.685000000000002,0.1608812100000001,44.68922500000003
joint_reference,synthetic,MS015,Xd,93.5,0.7808999999999998,0.0686999999999999,-0.7121999999999999,-7.600204891791524,0.5072288399999999,57.76311439721181
joint_reference,synthetic,MS015,Xd,165.5,0.6635999999999999,0.07565602573631147,-0.5879439742636884,-7.383262686654718,0.34567811687298067,54.51256790014785
joint_reference,synthetic,MS015,Xd,191.5,0.7557000000000001,0.11895997128493473,-0.6367400287150654,-7.02152561328421,0.4054378641680623,49.3018219380062
joint_reference,synthetic,MS015,Xd,213.0,0.6611999999999999,0.1641416102507425,-0.4970583897492574,-6.264599588491348,0.2470670428201247,39.24520800412596
joint_reference,synthetic,MS015,N,22.0,0.286,0.16233542342295243,-0.12366457657704755,-5.40492030494089,0.015292927499980458,29.213163502762324
joint_reference,synthetic,MS015,N,45.0,0.249,0.0656051062207448,-0.18339489377925522,-9.206570972854177,0.03363368706430431,84.76094907820111
joint_reference,synthetic,MS015,N,69.0,0.191,4.041172243429579e-10,-0.1909999995958828,-12.499999973552539,0.03648099984562723,156.24999933881347
joint_reference,synthetic,MS015,N,93.5,0.232,4.019379415851465e-09,-0.2319999959806206,-12.499999783438609,0.053823998135007975,156.24999458596528
joint_reference,synthetic,MS015,N,165.5,0.126,0.0,-0.126,-10.5,0.015876,110.25
joint_reference,synthetic,MS015,N,191.5,0.118,0.0,-0.118,-9.833333333333332,0.013923999999999999,96.69444444444441
joint_reference,synthetic,MS015,N,213.0,0.111,0.0,-0.111,-9.25,0.012321,85.5625
joint_reference,synthetic,MS015,G,22.0,119.1,109.31681448558143,-9.783185514418562,-3.2857046228106004,95.7107188095292,10.79585486835895
joint_reference,synthetic,MS015,G,45.0,109.73,92.67088306019896,-17.059116939801044,-6.218579035742657,291.0134707658069,38.67072522377807
joint_reference,synthetic,MS015,G,69.0,94.4,72.80116693809786,-21.59883306190214,-8.639533224760857,466.509589635917,74.64153434174673
joint_reference,synthetic,MS015,G,93.5,74.85,52.70795062073334,-22.142049379266652,-8.856819751706661,490.27035071388275,78.44325611422124
joint_reference,synthetic,MS015,G,165.5,26.41,10.607380399310667,-15.802619600689333,-6.3210478402757335,249.72278624409068,39.955645799054516
joint_reference,synthetic,MS015,G,191.5,17.21,3.030043437800156,-14.179956562199845,-5.671982624879938,201.07116810587445,32.17138689693991
joint_reference,synthetic,MS015,G,213.0,11.15,0.6494650838822218,-10.500534916117779,-4.200213966447111,110.26123352460861,17.641797363937375
joint_reference,synthetic,MS015,F,22.0,116.71,113.39988988846201,-3.3101101115379805,-1.134473519505777,10.956828950505981,1.2870301664598243
joint_reference,synthetic,MS015,F,45.0,112.7,106.09334599245922,-6.606654007540783,-2.344863889100544,43.64787717535469,5.498386658407728
joint_reference,synthetic,MS015,F,69.0,104.15,96.52428342349408,-7.625716576505923,-2.928743764380575,58.15155330519721,8.577540037398101
joint_reference,synthetic,MS015,F,93.5,100.14,85.38396572007358,-14.756034279926425,-5.894161885331106,217.74054767036375,34.74114433048994
joint_reference,synthetic,MS015,F,165.5,63.650000000000006,53.10689769199658,-10.543102308003427,-4.217240923201371,111.15700627702718,17.78512100432435
joint_reference,synthetic,MS015,F,191.5,52.51,41.75194812937816,-10.758051870621841,-4.303220748248736,115.7356800509901,18.517708808158414
joint_reference,synthetic,MS015,F,213.0,43.0,32.74938116705279,-10.250618832947211,-4.100247533178885,105.07518645837204,16.81202983333953
joint_reference,synthetic,MS015,E,93.5,28.01802,46.35431891741295,18.336298917412947,9.168149458706473,336.2198579887192,84.0549644971798
joint_reference,synthetic,MS015,E,165.5,66.69078,80.03144730463553,13.34066730463553,6.670333652317765,177.97340413297144,44.49335103324286
joint_reference,synthetic,MS015,E,213.0,85.23792,92.8764732953644,7.638553295364403,3.584579865564248,58.347496446122385,12.849212812608602
joint_reference,synthetic,MS015,Gly,22.0,0.62,0.9985113144617082,0.37851131446170816,1.0814608984620233,0.14327081517553011,1.1695576749022867
joint_reference,synthetic,MS015,Gly,45.0,1.15,2.019296028809544,0.8692960288095439,2.48370293945584,0.7556755857040435,6.168780291461579
joint_reference,synthetic,MS015,Gly,69.0,2.57,3.2543084919108027,0.6843084919108029,1.9551671197451512,0.4682781121012374,3.8226784661325506
joint_reference,synthetic,MS015,Gly,93.5,4.18,4.4909189583049285,0.31091895830492877,0.8883398808712252,0.09667059863342203,0.7891477439463025
joint_reference,synthetic,MS015,Gly,165.5,6.09,7.163914310548231,1.073914310548231,3.0683266015663744,1.1532919464002822,9.414628133879857
joint_reference,synthetic,MS015,Gly,191.5,6.73,7.651879301475496,0.9218793014754958,2.6339408613585595,0.849861446488948,6.937644461134271
joint_reference,synthetic,MS015,Gly,213.0,7.39,7.811009855754005,0.4210098557540052,1.1394042104303252,0.17724929864200825,1.2982419547463528
natural,synthetic,MS016,X,17.0,0.4907999999999999,1.1921861297299385,0.7013861297299386,11.68976882883231,0.49194250297754233,136.65069527153952
natural,synthetic,MS016,X,40.0,1.2765,1.2900157811335766,0.013515781133576654,0.13235194999585442,0.00018267633965074663,0.01751703866770515
natural,synthetic,MS016,X,64.0,1.44,1.2900157811335766,-0.14998421886642332,-1.3019463443265913,0.022495265908971173,1.695064283505375
natural,synthetic,MS016,X,88.5,1.4562,1.6634810925234391,0.20728109252343918,1.779297937469434,0.042965451317710554,3.165901150282982
natural,synthetic,MS016,X,160.5,1.2857999999999998,1.539117770844743,0.25331777084474316,2.4626474844915927,0.06416989302574981,6.064632632872769
natural,synthetic,MS016,X,186.5,1.2513,1.447326428534041,0.19602642853404095,1.9582277285027665,0.038426360683811465,3.8346558366771046
natural,synthetic,MS016,X,208.0,1.1751,1.372069474224318,0.196969474224318,2.0952416201208193,0.038796973776204266,4.390037446686516
natural,synthetic,MS016,Xd,17.0,0.3225,0.0,-0.3225,-5.375,0.10400625000000001,28.890625
natural,synthetic,MS016,Xd,40.0,0.4794000000000001,0.0,-0.4794000000000001,-7.990000000000002,0.2298243600000001,63.840100000000035
natural,synthetic,MS016,Xd,64.0,0.4887000000000002,0.0,-0.4887000000000002,-8.145000000000003,0.23882769000000018,66.34102500000004
natural,synthetic,MS016,Xd,88.5,0.8433000000000002,0.0,-0.8433000000000002,-8.333333333333334,0.7111548900000003,69.44444444444446
natural,synthetic,MS016,Xd,160.5,0.9192,0.12436332167869671,-0.7948366783213033,-7.205873570507899,0.6317653452048431,51.92461391414426
natural,synthetic,MS016,Xd,186.5,0.9974999999999996,0.21615466398939814,-0.7813453360106015,-6.527529958317476,0.6105005341055197,42.608647356732156
natural,synthetic,MS016,Xd,208.0,0.9978,0.2914116182991211,-0.7063883817008789,-5.899548854988299,0.4989845458019866,34.80467669239375
natural,synthetic,MS016,N,17.0,0.252,0.02619510881738133,-0.22580489118261868,-11.200639443582276,0.050987848881994265,125.45432394513107
natural,synthetic,MS016,N,40.0,0.077,0.0,-0.077,-6.416666666666666,0.005929,41.1736111111111
natural,synthetic,MS016,N,64.0,0.026,0.0,-0.026,-2.1666666666666665,0.000676,4.694444444444444
natural,synthetic,MS016,N,88.5,0.13,0.0,-0.13,-10.833333333333334,0.016900000000000002,117.36111111111113
natural,synthetic,MS016,N,160.5,0.123,0.0,-0.123,-10.25,0.015129,105.0625
natural,synthetic,MS016,N,186.5,0.137,0.0,-0.137,-11.416666666666668,0.018769000000000004,130.3402777777778
natural,synthetic,MS016,N,208.0,0.129,0.0,-0.129,-10.75,0.016641,115.5625
natural,synthetic,MS016,G,17.0,113.46,105.20561800702517,-8.254381992974828,-2.910058872897877,68.13482208594709,8.468442643731661
natural,synthetic,MS016,G,40.0,72.34,75.2428141097162,2.9028141097162035,1.1611256438864814,8.426329755567474,1.3482127608907961
natural,synthetic,MS016,G,64.0,39.09,52.336643837540024,13.24664383754002,5.298657535016008,175.473572958637,28.075771673381915
natural,synthetic,MS016,G,88.5,20.31,31.071283578471956,10.761283578471957,4.3045134313887825,115.80522425629022,18.52883588100643
natural,synthetic,MS016,G,160.5,1.43,0.3794241455726849,-1.050575854427315,-0.420230341770926,1.103709625905683,0.17659354014490927
natural,synthetic,MS016,G,186.5,0.93,0.019376196662680017,-0.9106238033373201,-0.36424952133492805,0.8292357112045262,0.1326777137927242
natural,synthetic,MS016,G,208.0,0.6,0.0014049903604984718,-0.5985950096395015,-0.2394380038558006,0.3583159855653149,0.05733055769045039
natural,synthetic,MS016,F,17.0,117.3,108.4078765630501,-8.892123436949902,-3.0322671566751582,79.06985921795373,9.194644109450849
natural,synthetic,MS016,F,40.0,97.2,93.47795552989989,-3.7220444701001156,-1.4888177880400462,13.85361503740285,2.216578405984456
natural,synthetic,MS016,F,64.0,75.33,78.68897232270803,3.358972322708027,1.3435889290832108,11.282695064718558,1.8052312103549693
natural,synthetic,MS016,F,88.5,55.35,60.245219482594905,4.895219482594904,1.9580877930379614,23.963173782776714,3.8341078052442743
natural,synthetic,MS016,F,160.5,9.7,5.162333817417176,-4.537666182582823,-1.8150664730331294,20.59041438455577,3.294466301528924
natural,synthetic,MS016,F,186.5,0.7199999999999999,0.7385996915871385,0.01859969158713859,0.007439876634855435,0.000345948527136674,5.535176434186784e-05
natural,synthetic,MS016,F,208.0,0.12,0.11071916385366641,-0.009280836146333585,-0.0037123344585334337,8.613391957509203e-05,1.3781427132014722e-05
natural,synthetic,MS016,E,88.5,75.845964,60.168150052597206,-15.67781394740279,-7.838906973701395,245.79385016937744,61.44846254234436
natural,synthetic,MS016,E,160.5,108.91512000000002,104.1721424566026,-4.742977543397416,-1.7418986614153902,22.495835977172185,3.0342109466407283
natural,synthetic,MS016,E,208.0,114.4398,107.25218516690413,-7.1876148330958785,-2.512278012752863,51.661806988939894,6.311540813361474
natural,synthetic,MS016,Gly,17.0,1.4,1.3716655415528198,-0.028334458447180078,-0.08095559556337166,0.0008028415354949744,0.006553808453020202
natural,synthetic,MS016,Gly,40.0,4.84,3.366856493711468,-1.4731435062885319,-4.208981446538663,2.1701517901200695,17.715524817306694
natural,synthetic,MS016,Gly,64.0,6.39,4.893901949488632,-1.4960980505113675,-4.274565858603907,2.2383093767439144,18.271913279542158
natural,synthetic,MS016,Gly,88.5,6.78,6.283543836364531,-0.49645616363546896,-1.4184461818156258,0.24646872241164752,2.0119895707073274
natural,synthetic,MS016,Gly,160.5,7.37,8.32045176230207,0.9504517623020705,2.5792449451887935,0.9033585524631116,6.652504487281942
natural,synthetic,MS016,Gly,186.5,7.9,8.343126901479126,0.4431269014791255,1.1218402569091783,0.19636145081449058,1.2585255620220512
natural,synthetic,MS016,Gly,208.0,7.86,8.344140008658943,0.4841400086589429,1.2319084189794984,0.23439154798428133,1.5175983527525674
synthetic,synthetic,MS016,X,17.0,0.4907999999999999,1.2337517402277758,0.7429517402277759,12.382529003796265,0.5519772883074806,153.32702452985572
synthetic,synthetic,MS016,X,40.0,1.2765,1.233752884406618,-0.04274711559338207,-0.41859690161948754,0.0018273158915539684,0.17522336604543493
synthetic,synthetic,MS016,X,64.0,1.44,1.233752884406618,-0.20624711559338205,-1.7903395450814414,0.042537872690589895,3.2053156866824226
synthetic,synthetic,MS016,X,88.5,1.4562,1.5778031728842075,0.12160317288420752,1.0438398990884452,0.014787331655506464,1.0896017349289755
synthetic,synthetic,MS016,X,160.5,1.2857999999999998,1.116392484938626,-0.16940751506137386,-1.6469077136935555,0.02869890615926961,2.712305017423334
synthetic,synthetic,MS016,X,186.5,1.2513,0.8886372855021436,-0.3626627144978565,-3.6228593712324826,0.13152424448695377,13.12511002372702
synthetic,synthetic,MS016,X,208.0,1.1751,0.7163279810416836,-0.45877201895831643,-4.8801380622746615,0.21047176537908985,23.81574750686189
synthetic,synthetic,MS016,Xd,17.0,0.3225,0.0,-0.3225,-5.375,0.10400625000000001,28.890625
synthetic,synthetic,MS016,Xd,40.0,0.4794000000000001,0.0,-0.4794000000000001,-7.990000000000002,0.2298243600000001,63.840100000000035
synthetic,synthetic,MS016,Xd,64.0,0.4887000000000002,0.0,-0.4887000000000002,-8.145000000000003,0.23882769000000018,66.34102500000004
synthetic,synthetic,MS016,Xd,88.5,0.8433000000000002,0.003123956294970742,-0.8401760437050294,-8.302462979811743,0.7058957844158354,68.93089153114448
synthetic,synthetic,MS016,Xd,160.5,0.9192,0.4645346442405527,-0.45466535575944733,-4.1219299006332255,0.2067205857278648,16.99030610573423
synthetic,synthetic,MS016,Xd,186.5,0.9974999999999996,0.6922898436770345,-0.3052101563229651,-2.5497924504842544,0.0931532395226888,6.501441540546499
synthetic,synthetic,MS016,Xd,208.0,0.9978,0.8645991481374945,-0.13320085186250552,-1.112454498751466,0.01774246693689714,1.2375550117923755
synthetic,synthetic,MS016,N,17.0,0.252,3.290741728623117e-07,-0.25199967092582715,-12.499983676876345,0.06350383414672517,156.24959192217509
synthetic,synthetic,MS016,N,40.0,0.077,0.0,-0.077,-6.416666666666666,0.005929,41.1736111111111
synthetic,synthetic,MS016,N,64.0,0.026,0.0,-0.026,-2.1666666666666665,0.000676,4.694444444444444
synthetic,synthetic,MS016,N,88.5,0.13,0.0,-0.13,-10.833333333333334,0.016900000000000002,117.36111111111113
synthetic,synthetic,MS016,N,160.5,0.123,0.0,-0.123,-10.25,0.015129,105.0625
synthetic,synthetic,MS016,N,186.5,0.137,0.0,-0.137,-11.416666666666668,0.018769000000000004,130.3402777777778
synthetic,synthetic,MS016,N,208.0,0.129,0.0,-0.129,-10.75,0.016641,115.5625
synthetic,synthetic,MS016,G,17.0,113.46,98.88976236623479,-14.570237633765203,-5.136695798965346,212.2918247043878,26.38564373110823
synthetic,synthetic,MS016,G,40.0,72.34,72.28198728272547,-0.058012717274536385,-0.023205086909814553,0.0033654753655752924,0.0005384760584920467
synthetic,synthetic,MS016,G,64.0,39.09,52.96044760643895,13.870447606438944,5.548179042575578,192.38931680296784,30.782290688474856
synthetic,synthetic,MS016,G,88.5,20.31,35.49976878212294,15.189768782122943,6.075907512849177,230.72907565435673,36.91665210469708
synthetic,synthetic,MS016,G,160.5,1.43,7.868011090267501,6.438011090267501,2.5752044361070006,41.44798679840734,6.631677887745175
synthetic,synthetic,MS016,G,186.5,0.93,4.574415599157461,3.6444155991574605,1.4577662396629842,13.281765059382233,2.1250824095011573
synthetic,synthetic,MS016,G,208.0,0.6,3.0526584722211227,2.4526584722211227,0.981063388888449,6.015533581358051,0.9624853730172882
synthetic,synthetic,MS016,F,17.0,117.3,103.85226711774169,-13.447732882258308,-4.585757163600445,180.84151967257134,21.0291687635128
synthetic,synthetic,MS016,F,40.0,97.2,87.8086837431673,-9.39131625683271,-3.7565265027330836,88.19682103585033,14.111491365736052
synthetic,synthetic,MS016,F,64.0,75.33,73.16985518661852,-2.1601448133814785,-0.8640579253525914,4.666225614778902,0.7465960983646244
synthetic,synthetic,MS016,F,88.5,55.35,56.38014479089886,1.0301447908988592,0.4120579163595437,1.0611982902160544,0.16979172643456872
synthetic,synthetic,MS016,F,160.5,9.7,13.87997756040401,4.17997756040401,1.671991024161604,17.472212405481063,2.7955539848769697
synthetic,synthetic,MS016,F,186.5,0.7199999999999999,6.393941347580549,5.673941347580549,2.2695765390322196,32.19361041578418,5.150977666525468
synthetic,synthetic,MS016,F,208.0,0.12,3.214806206348061,3.094806206348061,1.2379224825392243,9.577825454850478,1.5324520727760762
synthetic,synthetic,MS016,E,88.5,75.845964,71.16504743134738,-4.68091656865262,-2.34045828432631,21.910979922686618,5.4777449806716545
synthetic,synthetic,MS016,E,160.5,108.91512000000002,103.11482888229261,-5.800291117707403,-2.130206023812819,33.64337705015539,4.537777703888421
synthetic,synthetic,MS016,E,208.0,114.4398,109.88313085779846,-4.556669142201542,-1.592686859711933,20.76323367149174,2.536651433099059
synthetic,synthetic,MS016,Gly,17.0,1.4,1.6721382837743684,0.27213828377436844,0.7775379536410527,0.07405924549565869,0.6045652693523158
synthetic,synthetic,MS016,Gly,40.0,4.84,3.326800858064378,-1.5131991419356217,-4.323426119816062,2.2897716431547015,18.692013413507773
synthetic,synthetic,MS016,Gly,64.0,6.39,4.547591720579197,-1.8424082794208028,-5.264023655488009,3.394468268078323,27.70994504553734
synthetic,synthetic,MS016,Gly,88.5,6.78,5.661683405177009,-1.118316594822991,-3.1951902709228315,1.2506320062564897,10.209240867399917
synthetic,synthetic,MS016,Gly,160.5,7.37,7.554678267284363,0.18467826728436254,0.5011621907309702,0.03410606240715445,0.2511635414182654
synthetic,synthetic,MS016,Gly,186.5,7.9,7.792099322936434,-0.10790067706356599,-0.2731662710470025,0.011642556110775954,0.07461981163772442
synthetic,synthetic,MS016,Gly,208.0,7.86,7.896128398122657,0.036128398122656336,0.09192976621541052,0.0013052611509091578,0.008451081916420033
joint_reference,synthetic,MS016,X,17.0,0.4907999999999999,0.9993320440485562,0.5085320440485563,8.47553406747594,0.25860483982420285,71.83467772894524
joint_reference,synthetic,MS016,X,40.0,1.2765,1.372182284158666,0.09568228415866598,0.9369593043347627,0.009155099501819702,0.8778927379794825
joint_reference,synthetic,MS016,X,64.0,1.44,1.372182284158666,-0.067817715841334,-0.5886954500115799,0.004599242581935925,0.3465623328643365
joint_reference,synthetic,MS016,X,88.5,1.4562,1.7840431604343792,0.3278431604343792,2.8142010063382368,0.10748113784360211,7.919727304075145
joint_reference,synthetic,MS016,X,160.5,1.2857999999999998,1.2354101205692714,-0.05038987943072848,-0.48986894764668387,0.002539139949043353,0.2399715858684695
joint_reference,synthetic,MS016,X,186.5,1.2513,0.9741752196764083,-0.2771247803235918,-2.768368699788138,0.076798143869399,7.663865257966664
joint_reference,synthetic,MS016,X,208.0,1.1751,0.7822164116762026,-0.39288358832379744,-4.179256960299096,0.15435751397418315,17.466188740208437
joint_reference,synthetic,MS016,Xd,17.0,0.3225,0.0,-0.3225,-5.375,0.10400625000000001,28.890625
joint_reference,synthetic,MS016,Xd,40.0,0.4794000000000001,0.0,-0.4794000000000001,-7.990000000000002,0.2298243600000001,63.840100000000035
joint_reference,synthetic,MS016,Xd,64.0,0.4887000000000002,0.0,-0.4887000000000002,-8.145000000000003,0.23882769000000018,66.34102500000004
joint_reference,synthetic,MS016,Xd,88.5,0.8433000000000002,0.0,-0.8433000000000002,-8.333333333333334,0.7111548900000003,69.44444444444446
joint_reference,synthetic,MS016,Xd,160.5,0.9192,0.548633040064755,-0.370566959935245,-3.359506091667075,0.1373198717956495,11.286281179948185
joint_reference,synthetic,MS016,Xd,186.5,0.9974999999999996,0.8098679409576187,-0.1876320590423809,-1.567519290245455,0.03520578958048351,2.4571167252916153
joint_reference,synthetic,MS016,Xd,208.0,0.9978,1.0018267489578245,0.004026748957824511,0.03363022781640034,1.6214707169340783e-05,0.0011309922229829873
joint_reference,synthetic,MS016,N,17.0,0.252,0.09052819925716105,-0.16147180074283896,-8.009513925736059,0.026073142435135088,64.15231332655985
joint_reference,synthetic,MS016,N,40.0,0.077,0.0,-0.077,-6.416666666666666,0.005929,41.1736111111111
joint_reference,synthetic,MS016,N,64.0,0.026,0.0,-0.026,-2.1666666666666665,0.000676,4.694444444444444
joint_reference,synthetic,MS016,N,88.5,0.13,2.7635954252821927e-11,-0.12999999997236406,-10.833333331030337,0.016899999992814656,117.36111106121285
joint_reference,synthetic,MS016,N,160.5,0.123,0.0,-0.123,-10.25,0.015129,105.0625
joint_reference,synthetic,MS016,N,186.5,0.137,0.0,-0.137,-11.416666666666668,0.018769000000000004,130.3402777777778
joint_reference,synthetic,MS016,N,208.0,0.129,0.0,-0.129,-10.75,0.016641,115.5625
joint_reference,synthetic,MS016,G,17.0,113.46,108.90696613620639,-4.553033863793601,-1.6051591270204835,20.73011736485129,2.5765358230571604
joint_reference,synthetic,MS016,G,40.0,72.34,79.5267164427455,7.186716442745492,2.874686577098197,51.64889322842843,8.263822916548547
joint_reference,synthetic,MS016,G,64.0,39.09,55.62774019078264,16.537740190782635,6.615096076313054,273.49685061782725,43.75949609885236
joint_reference,synthetic,MS016,G,88.5,20.31,33.06833901630163,12.75833901630163,5.103335606520652,162.77521445488443,26.04403431278151
joint_reference,synthetic,MS016,G,160.5,1.43,1.4222382466396475,-0.0077617533603524524,-0.003104701344140981,6.024481522694259e-05,9.639170436310814e-06
joint_reference,synthetic,MS016,G,186.5,0.93,0.3596286817561718,-0.5703713182438283,-0.2281485272975313,0.3253234406752024,0.05205175050803238
joint_reference,synthetic,MS016,G,208.0,0.6,0.13487306751536504,-0.46512693248463494,-0.18605077299385397,0.21634306332256614,0.034614890131610586
joint_reference,synthetic,MS016,F,17.0,117.3,108.34662549991734,-8.95337450008266,-3.0531541347255446,80.16291493873042,9.32175017039169
joint_reference,synthetic,MS016,F,40.0,97.2,91.6435121764387,-5.556487823561298,-2.222595129424519,30.87455693338497,4.939929109341596
joint_reference,synthetic,MS016,F,64.0,75.33,76.14826078656004,0.818260786560046,0.3273043146240184,0.6695507148218651,0.10712811437149841
joint_reference,synthetic,MS016,F,88.5,55.35,58.82219514410682,3.47219514410682,1.388878057642728,12.05613911875898,1.928982259001437
joint_reference,synthetic,MS016,F,160.5,9.7,15.151799715025504,5.451799715025505,2.180719886010202,29.722120132752178,4.7555392212403484
joint_reference,synthetic,MS016,F,186.5,0.7199999999999999,6.226337692641615,5.506337692641615,2.202535077056646,30.319754785405788,4.851160765664926
joint_reference,synthetic,MS016,F,208.0,0.12,2.099564591999449,1.979564591999449,0.7918258367997796,3.9186759738979444,0.6269881558236712
joint_reference,synthetic,MS016,E,88.5,75.845964,67.62952313243545,-8.216440867564543,-4.108220433782272,67.50990053018478,16.877475132546195
joint_reference,synthetic,MS016,E,160.5,108.91512000000002,100.34836724960151,-8.566752750398507,-3.146212481939516,73.38925268646038,9.89865298151201
joint_reference,synthetic,MS016,E,208.0,114.4398,105.92170133940586,-8.518098660594148,-2.977320359033884,72.55800479161583,8.864436520317657
joint_reference,synthetic,MS016,Gly,17.0,1.4,1.0708526895414952,-0.32914731045850476,-0.9404208870242994,0.10833795198206732,0.88439144475157
joint_reference,synthetic,MS016,Gly,40.0,4.84,2.8997361652890095,-1.9402638347109904,-5.543610956317115,3.7646237482873977,30.731622434999164
joint_reference,synthetic,MS016,Gly,64.0,6.39,4.4119961719190295,-1.9780038280809702,-5.651439508802772,3.912499143902972,31.938768521656918
joint_reference,synthetic,MS016,Gly,88.5,6.78,5.804484504652312,-0.9755154953476879,-2.7871871295648227,0.9516304816634449,7.768412095211796
joint_reference,synthetic,MS016,Gly,160.5,7.37,7.823212795571981,0.45321279557198046,1.2298854696661612,0.20540183807016976,1.512618268495954
joint_reference,synthetic,MS016,Gly,186.5,7.9,7.897459123204699,-0.002540876795301017,-0.006432599481774726,6.456054888899166e-06,4.1378336092928474e-05
joint_reference,synthetic,MS016,Gly,208.0,7.86,7.914805441928376,0.054805441928375664,0.13945405070833503,0.0030036364649645574,0.019447432258962876
natural,synthetic,lot2_F1,X,4.5,0.18213027,0.08793928283170603,-0.09419098716829398,-1.569849786138233,0.00887194206373772,2.464428351038256
natural,synthetic,lot2_F1,X,21.0,0.2799195,0.15378335136564567,-0.12613614863435432,-2.1022691439059056,0.015910327992307925,4.419535553418869
natural,synthetic,lot2_F1,X,24.0,0.35486688,0.1703530829302424,-0.1845137970697576,-3.0752299511626267,0.03404534130909969,9.457039252527691
natural,synthetic,lot2_F1,X,27.0,0.42852582,0.18822342983023665,-0.24030239016976335,-4.005039836162722,0.057745238721301176,16.040344089250326
natural,synthetic,lot2_F1,X,29.0,0.3202747199999999,0.20154255583527436,-0.11873216416472554,-1.9788694027454257,0.014097326807239336,3.9159241131220375
natural,synthetic,lot2_F1,X,45.0,1.24642962,0.3491438403115612,-0.8972857796884388,-8.998560421009158,0.8051217704310896,80.97408965055251
natural,synthetic,lot2_F1,X,50.5,1.43323416,0.4214321200942034,-1.0118020399057968,-8.82446557010786,1.0237433679575316,77.87119259801904
natural,synthetic,lot2_F1,X,52.0,1.3848408,0.444012927274269,-0.9408278727257311,-8.492202431551437,0.8851570860976244,72.11750213844815
natural,synthetic,lot2_F1,X,69.5,1.3802010000000002,0.8945977026962534,-0.48560329730374685,-4.397940021994502,0.23581056235227116,19.341876437061003
natural,synthetic,lot2_F1,X,72.5,1.5344721,0.9778030183282097,-0.5566690816717902,-4.534695365850821,0.3098804664893142,20.56346206106891
natural,synthetic,lot2_F1,X,76.5,1.73031936,1.0081935283547423,-0.7221258316452577,-5.216709183422488,0.521465716729355,27.214054704404518
natural,synthetic,lot2_F1,X,93.5,1.37340852,1.0085527392085367,-0.3648557807914632,-3.320714261983237,0.13311974077694824,11.027143209738874
natural,synthetic,lot2_F1,X,96.5,0.7708153799999999,1.0085527392161473,0.23773735921614736,3.85529021255627,0.05651905196706748,14.86326262303217
natural,synthetic,lot2_F1,X,168.0,0.7765543199999999,1.0085527392163611,0.23199841921636122,3.7344203303183163,0.05382326651889048,13.945895203494763
natural,synthetic,lot2_F1,X,172.5,0.7256975399999999,1.0085527392163611,0.28285519921636126,4.714253320272688,0.08000706372372741,22.224184367702062
natural,synthetic,lot2_F1,X,190.0,0.63127296,1.0085527392163611,0.37727977921636113,6.287996320272685,0.1423400318055462,39.53889772376283
natural,synthetic,lot2_F1,Xd,4.5,0.02996973,0.03341055,0.003440819999999997,0.057346999999999954,1.183924227239998e-05,0.0032886784089999946
natural,synthetic,lot2_F1,Xd,21.0,0.0218804999999999,0.03341055,0.011530050000000097,0.19216750000000163,0.00013294205300250225,0.03692834805625063
natural,synthetic,lot2_F1,Xd,24.0,0.0207331199999999,0.03341055,0.012677430000000097,0.21129050000000163,0.00016071723140490246,0.04464367539025069
natural,synthetic,lot2_F1,Xd,27.0,0.0241741799999999,0.03341055,0.009236370000000098,0.15393950000000164,8.531053077690181e-05,0.023697369660250506
natural,synthetic,lot2_F1,Xd,29.0,0.0184252799999999,0.03341055,0.014985270000000096,0.2497545000000016,0.00022455831697290287,0.0623773102702508
natural,synthetic,lot2_F1,Xd,45.0,0.04147038,0.03341055,-0.008059830000000004,-0.13433050000000007,6.496085962890006e-05,0.01804468323025002
natural,synthetic,lot2_F1,Xd,50.5,0.0391658399999998,0.03341055,-0.005755289999999802,-0.0959214999999967,3.312336298409772e-05,0.009200934162249368
natural,synthetic,lot2_F1,Xd,52.0,0.0599591999999999,0.03341055,-0.026548649999999903,-0.4424774999999984,0.0007048308168224949,0.1957863380062486
natural,synthetic,lot2_F1,Xd,69.5,0.0252989999999997,0.03341055,0.008111550000000297,0.13519250000000496,6.579724340250482e-05,0.018277012056251343
natural,synthetic,lot2_F1,Xd,72.5,0.0369278999999997,0.03341055,-0.003517349999999704,-0.05862249999999507,1.2371751022497918e-05,0.0034365975062494217
natural,synthetic,lot2_F1,Xd,76.5,0.0483806399999999,0.03341055,-0.014970089999999901,-0.24950149999999835,0.00022410359460809705,0.062250998502249175
natural,synthetic,lot2_F1,Xd,93.5,0.0437914800000001,0.03341055,-0.0103809300000001,-0.17301550000000168,0.00010776370766490209,0.029934363240250582
natural,synthetic,lot2_F1,Xd,96.5,0.0322846199999999,0.03341055,0.0011259300000000944,0.018765500000001573,1.2677183649002125e-06,0.000352143990250059
natural,synthetic,lot2_F1,Xd,168.0,0.08984568,0.03341055,-0.05643513,-0.9405855000000001,0.0031849238981169,0.8847010828102502
natural,synthetic,lot2_F1,Xd,172.5,0.10140246,0.03341055,-0.06799191,-1.1331985,0.0046228998254481,1.28413884040225
natural,synthetic,lot2_F1,Xd,190.0,0.0599270399999999,0.03341055,-0.0265164899999999,-0.4419414999999983,0.0007031242419200947,0.19531228942224851
natural,synthetic,lot2_F1,N,3.174722222222222,0.187,0.19755783791979406,0.01055783791979406,0.7057378288632393,0.00011146794154064139,0.4980658830885989
natural,synthetic,lot2_F1,N,4.5,0.187,0.19650574436672485,0.009505744366724855,0.6354107197008593,9.035917596552132e-05,0.403746782710764
natural,synthetic,lot2_F1,N,21.0,0.133,0.17887517312802825,0.045875173128028246,3.8229310940023535,0.002104531509526565,14.614802149490032
natural,synthetic,lot2_F1,N,24.0,0.154,0.17443842067241228,0.020438420672412277,1.658962716916581,0.0004177290395824895,2.752157296119244
natural,synthetic,lot2_F1,N,27.0,0.146,0.2196534122260073,0.0736534122260073,6.137784352167275,0.005424825132534161,37.67239675370946
natural,synthetic,lot2_F1,N,45.0,0.03,0.1765649636546847,0.1465649636546847,12.213746971223724,0.021481288571099044,149.17561507707669
natural,synthetic,lot2_F1,N,50.5,0.024,0.15720887441524511,0.13320887441524512,11.10073953460376,0.017744604222976548,123.22641821511489
natural,synthetic,lot2_F1,N,52.0,0.027,0.1511625814312353,0.12416258143123529,10.346881785936274,0.015416346627668135,107.05796269213982
natural,synthetic,lot2_F1,N,69.5,0.018,0.03051288345495305,0.01251288345495305,1.042740287912754,0.00015657225235723779,1.0873073080363733
natural,synthetic,lot2_F1,N,72.5,0.02,0.008233621596592985,-0.011766378403407015,-0.9805315336172512,0.00013844766073216303,0.9614420884177987
natural,synthetic,lot2_F1,N,96.5,0.018,5.738677550590926e-14,-0.01799999999994261,-1.4999999999952176,0.00032399999999793396,2.249999999985653
natural,synthetic,lot2_F1,N,168.0,0.017,0.0,-0.017,-1.4166666666666667,0.00028900000000000003,2.0069444444444446
natural,synthetic,lot2_F1,N,190.0,0.012,0.0,-0.012,-1.0,0.000144,1.0
natural,synthetic,lot2_F1,G,3.174722222222222,117.48,120.00021354954293,2.5202135495429303,0.8580910962012019,6.351476335299776,0.7363203293797804
natural,synthetic,lot2_F1,G,4.5,116.81,119.84049630535753,3.0304963053575307,1.0377523518046505,9.183907856785643,1.076929943676083
natural,synthetic,lot2_F1,G,21.0,110.38,117.19192036215166,6.8119203621516675,2.4685342859763244,46.402259020296505,6.093661521040642
natural,synthetic,lot2_F1,G,24.0,106.38,116.54614691428256,10.166146914282564,3.822578271961859,103.3505430827769,14.612104645274911
natural,synthetic,lot2_F1,G,27.0,101.75,115.8459078210595,14.095907821059498,5.541388824003733,198.69461729980634,30.706990098793476
natural,synthetic,lot2_F1,G,45.0,83.87,109.99715441144917,26.12715441144917,10.450861764579667,682.6281976397078,109.22051162235323
natural,synthetic,lot2_F1,G,50.5,74.31,107.51639599751168,33.20639599751168,13.282558399004671,1102.6647351435595,176.42635762296953
natural,synthetic,lot2_F1,G,52.0,73.66,106.76673756300757,33.10673756300757,13.242695025203028,1096.0560720658564,175.36897153053704
natural,synthetic,lot2_F1,G,69.5,48.3,93.86780450551734,45.567804505517344,18.227121802206938,2076.424807453047,332.2279691924875
natural,synthetic,lot2_F1,G,72.5,47.22,90.9643229672357,43.7443229672357,17.497729186894283,1913.5657918618251,306.17052669789206
natural,synthetic,lot2_F1,G,76.5,35.07,87.12556356066774,52.05556356066774,20.822225424267096,2709.781697618719,433.56507161899503
natural,synthetic,lot2_F1,G,96.5,27.36,70.32304519006604,42.96304519006604,17.185218076026416,1845.8232520036568,295.3317203205851
natural,synthetic,lot2_F1,G,168.0,24.4,27.681783181321766,3.2817831813217673,1.312713272528707,10.77010084920642,1.7232161358730274
natural,synthetic,lot2_F1,G,190.0,0.24,18.384856540187606,18.144856540187607,7.257942616075043,329.235818863989,52.67773101823824
natural,synthetic,lot2_F1,F,3.174722222222222,47.36,50.310572949269634,2.9505729492696346,1.180229179707854,8.70588072896171,1.3929409166338738
natural,synthetic,lot2_F1,F,4.5,47.47,50.26740669490092,2.7974066949009213,1.1189626779603685,7.825484216676497,1.2520774746682395
natural,synthetic,lot2_F1,F,21.0,42.56,49.550940917810934,6.990940917810931,2.7963763671243727,48.87325491632315,7.819720786611704
natural,synthetic,lot2_F1,F,24.0,44.170000000000016,49.373409922283884,5.203409922283868,2.0813639689135472,27.075474819322206,4.3320759710915535
natural,synthetic,lot2_F1,F,27.0,43.78,49.18273970724695,5.402739707246951,2.1610958828987803,29.18959634426287,4.670335415082059
natural,synthetic,lot2_F1,F,45.0,37.42999999999999,47.525881622753595,10.095881622753602,4.038352649101441,101.9268257406539,16.308292118504625
natural,synthetic,lot2_F1,F,50.5,38.50999999999999,46.80197428660227,8.291974286602276,3.3167897146409104,68.75683756967332,11.001094011147732
natural,synthetic,lot2_F1,F,52.0,37.73,46.57828408713488,8.848284087134886,3.5393136348539542,78.29213128664443,12.52674100586311
natural,synthetic,lot2_F1,F,69.5,27.40000000000001,42.17078441890604,14.770784418906029,5.9083137675624116,218.17607234979712,34.908171575967536
natural,synthetic,lot2_F1,F,72.5,72.73,76.09539326240618,3.3653932624061724,1.3461573049624689,11.325871810648861,1.8121394897038174
natural,synthetic,lot2_F1,F,76.5,55.86000000000001,74.50070347998223,18.64070347998223,7.456281391992891,347.47582622862154,55.59613219657945
natural,synthetic,lot2_F1,F,96.5,48.790000000000006,66.8750839776844,18.08508397768439,7.234033591073756,327.07026247989666,52.33124199678347
natural,synthetic,lot2_F1,F,168.0,47.91,38.42789511164146,-9.482104888358535,-3.792841955343414,89.91031311383283,14.385650098213251
natural,synthetic,lot2_F1,F,190.0,11.19,29.169426117986383,17.979426117986385,7.191770447194554,323.259763532131,51.72156216514096
natural,synthetic,lot2_F1,E,4.5,2.5248,2.581098520782298,0.056298520782298134,0.028149260391149067,0.003169523442274855,0.0007923808605687137
natural,synthetic,lot2_F1,E,21.0,5.523,3.665920952390931,-1.8570790476090688,-0.9285395238045344,3.448742589068606,0.8621856472671515
natural,synthetic,lot2_F1,E,29.0,8.5212,4.4277866106424915,-4.093413389357509,-2.0467066946787544,16.75603317617133,4.189008294042832
natural,synthetic,lot2_F1,E,45.0,20.0406,6.649516604733704,-13.391083395266296,-6.695541697633148,179.32111449897673,44.83027862474418
natural,synthetic,lot2_F1,E,52.0,21.1452,8.007785914231853,-13.137414085768146,-6.568707042884073,172.5916488609393,43.147912215234825
natural,synthetic,lot2_F1,E,69.5,40.0023,13.783718614222474,-26.218581385777526,-13.109290692888763,687.4140098826398,171.85350247065995
natural,synthetic,lot2_F1,E,76.5,45.8409,17.14851912124361,-28.69238087875639,-14.346190439378194,823.2527204916253,205.81318012290632
natural,synthetic,lot2_F1,E,93.5,55.5456,25.079427655414598,-30.466172344585402,-15.233086172292701,928.1876573299804,232.0469143324951
natural,synthetic,lot2_F1,E,96.5,59.0172,26.413002688303123,-32.60419731169688,-16.30209865584844,1063.033682340062,265.7584205850155
natural,synthetic,lot2_F1,E,168.0,85.52759999999999,55.93160877361935,-29.59599122638064,-13.841609598015443,875.9226966719998,191.59015626387324
natural,synthetic,lot2_F1,E,172.5,87.02669999999999,57.68025281376161,-29.34644718623838,-13.488479828024447,861.2139624546785,181.9390880710224
natural,synthetic,lot2_F1,E,190.0,87.4212,64.39327136195821,-23.027928638041786,-10.53654200035771,530.285497358745,111.01871732530203
natural,synthetic,lot2_F1,Gly,3.174722222222222,0.31,0.33344555685845567,0.023445556858455674,0.06698730530987336,0.0005496941364030778,0.004487299072678187
natural,synthetic,lot2_F1,Gly,4.5,0.39,0.34386304418331043,-0.046136955816689584,-0.13181987376197024,0.002128618692031167,0.01737647911862177
natural,synthetic,lot2_F1,Gly,21.0,1.13,0.516543719143161,-0.6134562808568389,-1.75273223101954,0.37632860852270483,3.0720702736547336
natural,synthetic,lot2_F1,Gly,24.0,0.91,0.5586002675249305,-0.3513997324750695,-1.0039992356430558,0.12348177198355041,1.0080144651718403
natural,synthetic,lot2_F1,Gly,27.0,1.08,0.6042101973427753,-0.4757898026572248,-1.3593994361634996,0.22637593631260094,1.8479668270416405
natural,synthetic,lot2_F1,Gly,45.0,2.99,0.984156737140561,-2.005843262859439,-5.730980751026969,4.023407195158601,32.844140368641646
natural,synthetic,lot2_F1,Gly,50.5,2.98,1.144940160233204,-1.8350598397667959,-5.243028113619417,3.3674446155249385,27.48934380020358
natural,synthetic,lot2_F1,Gly,52.0,2.51,1.1934627891568639,-1.316537210843136,-3.7615348881232458,1.7332702275346237,14.14914471456836
natural,synthetic,lot2_F1,Gly,69.5,4.28,2.022847866264241,-2.2571521337357594,-6.449006096387884,5.094735754827892,41.589679631248096
natural,synthetic,lot2_F1,Gly,72.5,4.65,2.2106921095911107,-2.4393078904088896,-6.969451115453971,5.950222984211067,48.573248850702605
natural,synthetic,lot2_F1,Gly,76.5,4.75,2.464962114697219,-2.285037885302781,-6.52867967229366,5.221398137269005,42.62365826342045
natural,synthetic,lot2_F1,Gly,96.5,4.73,3.585853075299845,-1.1441469247001552,-3.268991213429015,1.3090721853008227,10.686303553476105
natural,synthetic,lot2_F1,Gly,168.0,4.95,6.421382231533237,1.4713822315332372,4.203949232952106,2.164965671271729,17.673189153238603
natural,synthetic,lot2_F1,Gly,190.0,5.73,7.037731546490632,1.3077315464906318,3.7363758471160913,1.7101617976867796,13.960504470912488
synthetic,synthetic,lot2_F1,X,4.5,0.18213027,0.09766443674217905,-0.08446583325782096,-1.4077638876303495,0.007134476987938014,1.9817991633161154
synthetic,synthetic,lot2_F1,X,21.0,0.2799195,0.24494843819364046,-0.03497106180635953,-0.5828510301059923,0.0012229751638642185,0.3397153232956163
synthetic,synthetic,lot2_F1,X,24.0,0.35486688,0.289299982879752,-0.06556689712024799,-1.0927816186708,0.004299017997977184,1.1941716661047737
synthetic,synthetic,lot2_F1,X,27.0,0.42852582,0.34020936718194095,-0.08831645281805905,-1.4719408803009844,0.007799795838364451,2.1666099551012366
synthetic,synthetic,lot2_F1,X,29.0,0.3202747199999999,0.380372924185953,0.060098204185953075,1.0016367364325514,0.0036117941463765075,1.0032761517712523
synthetic,synthetic,lot2_F1,X,45.0,1.24642962,0.8729980999889339,-0.37343152001106616,-3.7450120931323236,0.1394511001377753,14.025115577707348
synthetic,synthetic,lot2_F1,X,50.5,1.43323416,0.9425126630360092,-0.4907214969639908,-4.279844064036182,0.24080758758258003,18.317065212465746
synthetic,synthetic,lot2_F1,X,52.0,1.3848408,0.9427802037034017,-0.44206059629659844,-3.9901752271506443,0.19541757079810418,15.921498343366697
synthetic,synthetic,lot2_F1,X,69.5,1.3802010000000002,0.9428250606171776,-0.4373759393828226,-3.9611616295635788,0.1912977123510065,15.690801455526787
synthetic,synthetic,lot2_F1,X,72.5,1.5344721,0.9428250606174514,-0.5916470393825485,-4.819630146603419,0.35004621921013485,23.228834750048495
synthetic,synthetic,lot2_F1,X,76.5,1.73031936,0.9428250606174622,-0.7874942993825378,-5.688937527857125,0.620147271559994,32.36401019586114
synthetic,synthetic,lot2_F1,X,93.5,1.37340852,0.9428250606174623,-0.4305834593825376,-3.9189310128072603,0.18540211549383342,15.358020283142539
synthetic,synthetic,lot2_F1,X,96.5,0.7708153799999999,0.9428250606174623,0.17200968061746236,2.7894111398221964,0.029587330226121405,7.780814506964164
synthetic,synthetic,lot2_F1,X,168.0,0.7765543199999999,0.9428250606174623,0.1662707406174624,2.676418383350543,0.027645959185479456,7.163215362736733
synthetic,synthetic,lot2_F1,X,172.5,0.7256975399999999,0.9428250606174623,0.21712752061746243,3.6187920102910405,0.04714436020948658,13.09565561374627
synthetic,synthetic,lot2_F1,X,190.0,0.63127296,0.9220331062673846,0.29076014626738456,4.846002437789743,0.08454146265743086,23.48373962706413
synthetic,synthetic,lot2_F1,Xd,4.5,0.02996973,0.03341055,0.003440819999999997,0.057346999999999954,1.183924227239998e-05,0.0032886784089999946
synthetic,synthetic,lot2_F1,Xd,21.0,0.0218804999999999,0.03341055,0.011530050000000097,0.19216750000000163,0.00013294205300250225,0.03692834805625063
synthetic,synthetic,lot2_F1,Xd,24.0,0.0207331199999999,0.03341055,0.012677430000000097,0.21129050000000163,0.00016071723140490246,0.04464367539025069
synthetic,synthetic,lot2_F1,Xd,27.0,0.0241741799999999,0.03341055,0.009236370000000098,0.15393950000000164,8.531053077690181e-05,0.023697369660250506
synthetic,synthetic,lot2_F1,Xd,29.0,0.0184252799999999,0.03341055,0.014985270000000096,0.2497545000000016,0.00022455831697290287,0.0623773102702508
synthetic,synthetic,lot2_F1,Xd,45.0,0.04147038,0.03341055,-0.008059830000000004,-0.13433050000000007,6.496085962890006e-05,0.01804468323025002
synthetic,synthetic,lot2_F1,Xd,50.5,0.0391658399999998,0.03341055,-0.005755289999999802,-0.0959214999999967,3.312336298409772e-05,0.009200934162249368
synthetic,synthetic,lot2_F1,Xd,52.0,0.0599591999999999,0.03341055,-0.026548649999999903,-0.4424774999999984,0.0007048308168224949,0.1957863380062486
synthetic,synthetic,lot2_F1,Xd,69.5,0.0252989999999997,0.03341055,0.008111550000000297,0.13519250000000496,6.579724340250482e-05,0.018277012056251343
synthetic,synthetic,lot2_F1,Xd,72.5,0.0369278999999997,0.03341055,-0.003517349999999704,-0.05862249999999507,1.2371751022497918e-05,0.0034365975062494217
synthetic,synthetic,lot2_F1,Xd,76.5,0.0483806399999999,0.03341055,-0.014970089999999901,-0.24950149999999835,0.00022410359460809705,0.062250998502249175
synthetic,synthetic,lot2_F1,Xd,93.5,0.0437914800000001,0.03341055,-0.0103809300000001,-0.17301550000000168,0.00010776370766490209,0.029934363240250582
synthetic,synthetic,lot2_F1,Xd,96.5,0.0322846199999999,0.03341055,0.0011259300000000944,0.018765500000001573,1.2677183649002125e-06,0.000352143990250059
synthetic,synthetic,lot2_F1,Xd,168.0,0.08984568,0.03341055,-0.05643513,-0.9405855000000001,0.0031849238981169,0.8847010828102502
synthetic,synthetic,lot2_F1,Xd,172.5,0.10140246,0.03341055,-0.06799191,-1.1331985,0.0046228998254481,1.28413884040225
synthetic,synthetic,lot2_F1,Xd,190.0,0.0599270399999999,0.05420250435007792,-0.00572453564992198,-0.09540892749869967,3.2770308407227666e-05,0.00910286344645213
synthetic,synthetic,lot2_F1,N,3.174722222222222,0.187,0.19548756974008716,0.008487569740087159,0.567350918455024,7.20388400928432e-05,0.3218870646717592
synthetic,synthetic,lot2_F1,N,4.5,0.187,0.19343989736578027,0.006439897365780267,0.4304744228462745,4.1472278081783626e-05,0.18530822872483316
synthetic,synthetic,lot2_F1,N,21.0,0.133,0.15101624299276703,0.018016242992767023,1.5013535827305853,0.00032458501157442687,2.2540625803779646
synthetic,synthetic,lot2_F1,N,24.0,0.154,0.13824123291610962,-0.015758767083890374,-1.2791207048612316,0.0002483387400043067,1.636149777604694
synthetic,synthetic,lot2_F1,N,27.0,0.146,0.17357730402570168,0.027577304025701688,2.298108668808474,0.0007605076973259825,5.281303453652656
synthetic,synthetic,lot2_F1,N,45.0,0.03,0.020112943798576498,-0.009887056201423501,-0.8239213501186251,9.77538803301069e-05,0.678846391181298
synthetic,synthetic,lot2_F1,N,50.5,0.024,8.998293699201769e-05,-0.023910017063007983,-1.9925014219173318,0.0005716889159533329,3.970061916342589
synthetic,synthetic,lot2_F1,N,52.0,0.027,1.2920576570514536e-05,-0.026987079423429487,-2.2489232852857906,0.0007283024558064912,5.057655943100634
synthetic,synthetic,lot2_F1,N,69.5,0.018,8.215844322718088e-14,-0.01799999999991784,-1.4999999999931533,0.0003239999999970422,2.24999999997946
synthetic,synthetic,lot2_F1,N,72.5,0.02,3.15379627211652e-15,-0.019999999999996847,-1.6666666666664038,0.00039999999999987387,2.7777777777769015
synthetic,synthetic,lot2_F1,N,96.5,0.018,0.0,-0.018,-1.4999999999999998,0.00032399999999999996,2.2499999999999996
synthetic,synthetic,lot2_F1,N,168.0,0.017,0.0,-0.017,-1.4166666666666667,0.00028900000000000003,2.0069444444444446
synthetic,synthetic,lot2_F1,N,190.0,0.012,0.0,-0.012,-1.0,0.000144,1.0
synthetic,synthetic,lot2_F1,G,3.174722222222222,117.48,119.85814655214378,2.3781465521437752,0.8097196296029197,5.655581023473326,0.6556458785642894
synthetic,synthetic,lot2_F1,G,4.5,116.81,119.62553169938064,2.8155316993806423,0.964140638431861,7.927218750217247,0.9295671706757966
synthetic,synthetic,lot2_F1,G,21.0,110.38,115.09788475670724,4.7178847567072495,1.709688261173129,22.258436577570624,2.9230339503931972
synthetic,synthetic,lot2_F1,G,24.0,106.38,113.84521716494847,7.46521716494847,2.8070002500276257,55.72946731984127,7.879250403655153
synthetic,synthetic,lot2_F1,G,27.0,101.75,112.44191599956802,10.691915999568025,4.203210220960402,114.31706774181872,17.666976161585993
synthetic,synthetic,lot2_F1,G,45.0,83.87,99.53026926238297,15.660269262382968,6.2641077049531875,245.2440333703368,39.23904533925389
synthetic,synthetic,lot2_F1,G,50.5,74.31,94.46173626076232,20.15173626076232,8.060694504304928,406.0924743233229,64.97479589173167
synthetic,synthetic,lot2_F1,G,52.0,73.66,93.13857555315798,19.47857555315798,7.791430221263193,379.41490558008377,60.706384892813404
synthetic,synthetic,lot2_F1,G,69.5,48.3,78.43591216846417,30.135912168464174,12.054364867385669,908.1732022253871,145.3077123560619
synthetic,synthetic,lot2_F1,G,72.5,47.22,76.22995791491763,29.009957914917635,11.603983165967055,841.5776582252923,134.6524253160468
synthetic,synthetic,lot2_F1,G,76.5,35.07,73.43275851241715,38.36275851241715,15.34510340496686,1471.7012406820347,235.47219850912552
synthetic,synthetic,lot2_F1,G,96.5,27.36,61.07728090490131,33.71728090490131,13.486912361960524,1136.8550316200224,181.8968050592036
synthetic,synthetic,lot2_F1,G,168.0,24.4,29.429143794684574,5.029143794684575,2.01165751787383,25.29228730761437,4.046765969218299
synthetic,synthetic,lot2_F1,G,190.0,0.24,22.600827718702135,22.360827718702136,8.944331087480855,500.0066162654778,80.00105860247645
synthetic,synthetic,lot2_F1,F,3.174722222222222,47.36,50.24233661939707,2.8823366193970728,1.1529346477588291,8.307864387517347,1.3292583020027755
synthetic,synthetic,lot2_F1,F,4.5,47.47,50.166368306202244,2.6963683062022454,1.0785473224808981,7.270402042691966,1.1632643268307146
synthetic,synthetic,lot2_F1,F,21.0,42.56,48.67627406235545,6.116274062355451,2.4465096249421805,37.40880840584205,5.9854093449347285
synthetic,synthetic,lot2_F1,F,24.0,44.170000000000016,48.25326134031716,4.083261340317144,1.6333045361268574,16.673023173328556,2.667683707732569
synthetic,synthetic,lot2_F1,F,27.0,43.78,47.78198021094128,4.0019802109412765,1.6007920843765107,16.015845608765584,2.5625352974024938
synthetic,synthetic,lot2_F1,F,45.0,37.42999999999999,43.140218601242864,5.710218601242872,2.2840874404971485,32.6065964739801,5.217055435836815
synthetic,synthetic,lot2_F1,F,50.5,38.50999999999999,41.24697149824199,2.7369714982419993,1.0947885992967996,7.491012982189054,1.1985620771502485
synthetic,synthetic,lot2_F1,F,52.0,37.73,40.74102557974422,3.0110255797442207,1.2044102318976884,9.06627504187402,1.4506040066998436
synthetic,synthetic,lot2_F1,F,69.5,27.40000000000001,34.17951707617689,6.779517076176884,2.7118068304707537,45.96185178617396,7.353896285787835
synthetic,synthetic,lot2_F1,F,72.5,72.73,68.09186418922171,-4.638135810778294,-1.8552543243113178,21.512303799224025,3.441968607875844
synthetic,synthetic,lot2_F1,F,76.5,55.86000000000001,66.5315114874668,10.671511487466795,4.2686045949867175,113.88115742713576,18.220985188341718
synthetic,synthetic,lot2_F1,F,96.5,48.790000000000006,59.071981651191095,10.281981651191089,4.112792660476435,105.71914667543022,16.915063468068833
synthetic,synthetic,lot2_F1,F,168.0,47.91,33.13040121906283,-14.779598780937164,-5.911839512374866,218.4365401254793,34.94984642007669
synthetic,synthetic,lot2_F1,F,190.0,11.19,25.615163478026336,14.425163478026336,5.770065391210535,208.08534136778488,33.29365461884558
synthetic,synthetic,lot2_F1,E,4.5,2.5248,2.8374459438574324,0.3126459438574325,0.15632297192871625,0.09774748621050483,0.024436871552626208
synthetic,synthetic,lot2_F1,E,21.0,5.523,5.727172413574163,0.20417241357416316,0.10208620678708158,0.041686374464699125,0.010421593616174781
synthetic,synthetic,lot2_F1,E,29.0,8.5212,8.093963683640458,-0.42723631635954185,-0.21361815817977092,0.18253087001647053,0.04563271750411763
synthetic,synthetic,lot2_F1,E,45.0,20.0406,15.754042929768318,-4.286557070231684,-2.143278535115842,18.374571516353235,4.593642879088309
synthetic,synthetic,lot2_F1,E,52.0,21.1452,20.0173570452686,-1.127842954731399,-0.5639214773656995,1.2720297305372528,0.3180074326343132
synthetic,synthetic,lot2_F1,E,69.5,40.0023,30.33981389447337,-9.662486105526629,-4.831243052763314,93.36363773949516,23.34090943487379
synthetic,synthetic,lot2_F1,E,76.5,45.8409,34.026601559359314,-11.814298440640684,-5.907149220320342,139.5776476445249,34.89441191113122
synthetic,synthetic,lot2_F1,E,93.5,55.5456,42.17035734335938,-13.375242656640623,-6.687621328320311,178.8971161240189,44.72427903100473
synthetic,synthetic,lot2_F1,E,96.5,59.0172,43.51518039185756,-15.50201960814244,-7.75100980407122,240.31261193123268,60.07815298280817
synthetic,synthetic,lot2_F1,E,168.0,85.52759999999999,70.64232141720747,-14.885278582792523,-6.961625759540791,221.5715184873418,48.46423321590189
synthetic,synthetic,lot2_F1,E,172.5,87.02669999999999,72.06598819986064,-14.96071180013935,-6.87637784732242,223.8228975668288,47.28457229914652
synthetic,synthetic,lot2_F1,E,190.0,87.4212,77.28567678293606,-10.135523217063934,-4.637558494765084,102.72883088364203,21.506948792367794
synthetic,synthetic,lot2_F1,Gly,3.174722222222222,0.31,0.33967008498757717,0.029670084987577172,0.08477167139307765,0.0008803139431700522,0.007186236270775939
synthetic,synthetic,lot2_F1,Gly,4.5,0.39,0.35341489288171385,-0.036585107118286164,-0.10452887748081761,0.0013384700628564729,0.01092628622739978
synthetic,synthetic,lot2_F1,Gly,21.0,1.13,0.6205571057535472,-0.5094428942464527,-1.4555511264184364,0.25953206249820243,2.118629081617979
synthetic,synthetic,lot2_F1,Gly,24.0,0.91,0.6943637449696255,-0.21563625503037454,-0.6161035858010702,0.04649899448352473,0.3795836284369366
synthetic,synthetic,lot2_F1,Gly,27.0,1.08,0.7769568541536782,-0.30304314584632186,-0.8658375595609197,0.0918351482444351,0.7496746795464091
synthetic,synthetic,lot2_F1,Gly,45.0,2.99,1.5355640371054944,-1.4544359628945058,-4.155531322555731,2.1153839701608685,17.268440572741785
synthetic,synthetic,lot2_F1,Gly,50.5,2.98,1.8388042838875671,-1.1411957161124329,-3.2605591888926657,1.3023276624733684,10.631246224272399
synthetic,synthetic,lot2_F1,Gly,52.0,2.51,1.9187012160671515,-0.5912987839328483,-1.6894250969509952,0.3496342518804652,2.8541571582078795
synthetic,synthetic,lot2_F1,Gly,69.5,4.28,2.81222200935876,-1.46777799064124,-4.193651401832114,2.154372229810836,17.586712080088457
synthetic,synthetic,lot2_F1,Gly,72.5,4.65,2.946916641749295,-1.7030833582507054,-4.865952452144873,2.9004929251505005,23.6774932665347
synthetic,synthetic,lot2_F1,Gly,76.5,4.75,3.119505138275836,-1.6304948617241641,-4.658556747783327,2.658513494108901,21.702150972317565
synthetic,synthetic,lot2_F1,Gly,96.5,4.73,3.885252966778835,-0.8447470332211653,-2.4135629520604724,0.7135975501359605,5.825286123558862
synthetic,synthetic,lot2_F1,Gly,168.0,4.95,5.891021694142354,0.9410216941423535,2.688633411835296,0.8855218288465451,7.228749623237104
synthetic,synthetic,lot2_F1,Gly,190.0,5.73,6.336078878768642,0.606078878768642,1.7316539393389772,0.3673316072894542,2.998625365628198
joint_reference,synthetic,lot2_F1,X,4.5,0.18213027,0.08476557562698639,-0.09736469437301362,-1.6227449062168937,0.009479883710350351,2.6333010306528752
joint_reference,synthetic,lot2_F1,X,21.0,0.2799195,0.1304719415958693,-0.14944755840413068,-2.490792640068845,0.022334572712956052,6.204047975821126
joint_reference,synthetic,lot2_F1,X,24.0,0.35486688,0.14120817234323146,-0.21365870765676853,-3.560978460946142,0.04565004335756048,12.680567599322355
joint_reference,synthetic,lot2_F1,X,27.0,0.42852582,0.15251783924025408,-0.2760079807597459,-4.6001330126624325,0.07618040544307228,21.16122373418675
joint_reference,synthetic,lot2_F1,X,29.0,0.3202747199999999,0.16077697407658012,-0.15949774592341978,-2.6582957653903296,0.025439530954651773,7.0665363762921585
joint_reference,synthetic,lot2_F1,X,45.0,1.24642962,0.24587715511749844,-1.0005524648825015,-10.034185332527052,1.0011052349824494,100.68487528750103
joint_reference,synthetic,lot2_F1,X,50.5,1.43323416,0.28457632068951505,-1.148657839310485,-10.01805803413244,1.3194148318094319,100.36148677524554
joint_reference,synthetic,lot2_F1,X,52.0,1.3848408,0.2963880797756021,-1.088452720224398,-9.824709817045377,1.1847293241638919,96.52492298914781
joint_reference,synthetic,lot2_F1,X,69.5,1.3802010000000002,0.5244337922603861,-0.8557672077396141,-7.750385702332612,0.7323375138424558,60.06847853492178
joint_reference,synthetic,lot2_F1,X,72.5,1.5344721,0.578731991060966,-0.9557401089390339,-7.785577438480586,0.9134391558347965,60.61521605057792
joint_reference,synthetic,lot2_F1,X,76.5,1.73031936,0.6585506847707109,-1.071768675229289,-7.742564031859478,1.148688093202745,59.9472977874441
joint_reference,synthetic,lot2_F1,X,93.5,1.37340852,1.0795588737595532,-0.29384964624044674,-2.6744559426539634,0.0863476145956357,7.1527145891971
joint_reference,synthetic,lot2_F1,X,96.5,0.7708153799999999,1.1034752698802435,0.33265988988024353,5.394610345609664,0.11066260233513575,29.101820780958814
joint_reference,synthetic,lot2_F1,X,168.0,0.7765543199999999,1.1045416478886938,0.3279873278886939,5.279529703226265,0.1075756872555656,27.873433887248414
joint_reference,synthetic,lot2_F1,X,172.5,0.7256975399999999,1.1045416478886938,0.37884410788869394,6.314068464811566,0.14352285808198037,39.867460578327886
joint_reference,synthetic,lot2_F1,X,190.0,0.63127296,1.1045416478886938,0.4732686878886938,7.887811464811564,0.22398325093588586,62.217569704412746
joint_reference,synthetic,lot2_F1,Xd,4.5,0.02996973,0.03341055,0.003440819999999997,0.057346999999999954,1.183924227239998e-05,0.0032886784089999946
joint_reference,synthetic,lot2_F1,Xd,21.0,0.0218804999999999,0.03341055,0.011530050000000097,0.19216750000000163,0.00013294205300250225,0.03692834805625063
joint_reference,synthetic,lot2_F1,Xd,24.0,0.0207331199999999,0.03341055,0.012677430000000097,0.21129050000000163,0.00016071723140490246,0.04464367539025069
joint_reference,synthetic,lot2_F1,Xd,27.0,0.0241741799999999,0.03341055,0.009236370000000098,0.15393950000000164,8.531053077690181e-05,0.023697369660250506
joint_reference,synthetic,lot2_F1,Xd,29.0,0.0184252799999999,0.03341055,0.014985270000000096,0.2497545000000016,0.00022455831697290287,0.0623773102702508
joint_reference,synthetic,lot2_F1,Xd,45.0,0.04147038,0.03341055,-0.008059830000000004,-0.13433050000000007,6.496085962890006e-05,0.01804468323025002
joint_reference,synthetic,lot2_F1,Xd,50.5,0.0391658399999998,0.03341055,-0.005755289999999802,-0.0959214999999967,3.312336298409772e-05,0.009200934162249368
joint_reference,synthetic,lot2_F1,Xd,52.0,0.0599591999999999,0.03341055,-0.026548649999999903,-0.4424774999999984,0.0007048308168224949,0.1957863380062486
joint_reference,synthetic,lot2_F1,Xd,69.5,0.0252989999999997,0.03341055,0.008111550000000297,0.13519250000000496,6.579724340250482e-05,0.018277012056251343
joint_reference,synthetic,lot2_F1,Xd,72.5,0.0369278999999997,0.03341055,-0.003517349999999704,-0.05862249999999507,1.2371751022497918e-05,0.0034365975062494217
joint_reference,synthetic,lot2_F1,Xd,76.5,0.0483806399999999,0.03341055,-0.014970089999999901,-0.24950149999999835,0.00022410359460809705,0.062250998502249175
joint_reference,synthetic,lot2_F1,Xd,93.5,0.0437914800000001,0.03341055,-0.0103809300000001,-0.17301550000000168,0.00010776370766490209,0.029934363240250582
joint_reference,synthetic,lot2_F1,Xd,96.5,0.0322846199999999,0.03341055,0.0011259300000000944,0.018765500000001573,1.2677183649002125e-06,0.000352143990250059
joint_reference,synthetic,lot2_F1,Xd,168.0,0.08984568,0.03341055,-0.05643513,-0.9405855000000001,0.0031849238981169,0.8847010828102502
joint_reference,synthetic,lot2_F1,Xd,172.5,0.10140246,0.03341055,-0.06799191,-1.1331985,0.0046228998254481,1.28413884040225
joint_reference,synthetic,lot2_F1,Xd,190.0,0.0599270399999999,0.03341055,-0.0265164899999999,-0.4419414999999983,0.0007031242419200947,0.19531228942224851
joint_reference,synthetic,lot2_F1,N,3.174722222222222,0.187,0.19831481693852365,0.011314816938523653,0.7563380306499767,0.00012802508235230177,0.5720472166074851
joint_reference,synthetic,lot2_F1,N,4.5,0.187,0.1976020724164827,0.0106020724164827,0.7086946802461697,0.00011240393952434331,0.5022481498092206
joint_reference,synthetic,lot2_F1,N,21.0,0.133,0.18650454694559934,0.053504546945599335,4.458712245466611,0.0028627365438538433,19.88011488787391
joint_reference,synthetic,lot2_F1,N,24.0,0.154,0.1838977854660005,0.029897785466000498,2.426768300811729,0.0008938775757709906,5.889204385824646
joint_reference,synthetic,lot2_F1,N,27.0,0.146,0.2311517934406804,0.08515179344068041,7.095982786723368,0.007250827926164304,50.35297170947433
joint_reference,synthetic,lot2_F1,N,45.0,0.03,0.2084841110745673,0.1784841110745673,14.873675922880608,0.03185657790607848,221.2262354588783
joint_reference,synthetic,lot2_F1,N,50.5,0.024,0.19908793689765353,0.17508793689765353,14.590661408137795,0.030655785647076706,212.88740032692158
joint_reference,synthetic,lot2_F1,N,52.0,0.027,0.19622003667117233,0.16922003667117233,14.101669722597693,0.02863542081099291,198.85708896522848
joint_reference,synthetic,lot2_F1,N,69.5,0.018,0.1408504388224055,0.1228504388224055,10.237536568533791,0.015092230318857596,104.80715499206663
joint_reference,synthetic,lot2_F1,N,72.5,0.02,0.12766681261544005,0.10766681261544005,8.972234384620004,0.01159214253876828,80.5009898525575
joint_reference,synthetic,lot2_F1,N,96.5,0.018,0.0002589170427249958,-0.017741082957275004,-1.478423579772917,0.0003147460244969136,2.185736281228567
joint_reference,synthetic,lot2_F1,N,168.0,0.017,0.0,-0.017,-1.4166666666666667,0.00028900000000000003,2.0069444444444446
joint_reference,synthetic,lot2_F1,N,190.0,0.012,0.0,-0.012,-1.0,0.000144,1.0
joint_reference,synthetic,lot2_F1,G,3.174722222222222,117.48,120.03655851290418,2.556558512904175,0.8704659560450033,6.535991429902807,0.7577109806333416
joint_reference,synthetic,lot2_F1,G,4.5,116.81,119.89522273182848,3.0852227318284804,1.0564926741986063,9.518599304991191,1.1161767706353225
joint_reference,synthetic,lot2_F1,G,21.0,110.38,117.71149467630222,7.331494676302228,2.6568199587976906,53.75081418864791,7.0586922934657625
joint_reference,synthetic,lot2_F1,G,24.0,106.38,117.21355425681352,10.833554256813528,4.073530459414751,117.36589783532251,16.593650403779748
joint_reference,synthetic,lot2_F1,G,27.0,101.75,116.68407137384513,14.934071373845129,5.8708880093740055,223.02648779910052,34.46732601861147
joint_reference,synthetic,lot2_F1,G,45.0,83.87,112.58679900108848,28.716799001088475,11.48671960043539,824.654544868916,131.94472717902656
joint_reference,synthetic,lot2_F1,G,50.5,74.31,110.96467032949198,36.65467032949198,14.66186813179679,1343.5648569637397,214.9703771141983
joint_reference,synthetic,lot2_F1,G,52.0,73.66,110.48439614843657,36.82439614843658,14.729758459374631,1356.0361516969906,216.96578427151852
joint_reference,synthetic,lot2_F1,G,69.5,48.3,102.73491121549382,54.43491121549383,21.77396448619753,2963.1595590386955,474.1055294461913
joint_reference,synthetic,lot2_F1,G,72.5,47.22,100.99974494888419,53.779744948884186,21.511897979553673,2892.260966767034,462.7617546827254
joint_reference,synthetic,lot2_F1,G,76.5,35.07,98.48922180389816,63.41922180389816,25.367688721559265,4021.997694212032,643.5196310739251
joint_reference,synthetic,lot2_F1,G,96.5,27.36,82.31963091402346,54.959630914023464,21.983852365609387,3020.5610302056834,483.28976483290944
joint_reference,synthetic,lot2_F1,G,168.0,24.4,34.22513095369071,9.82513095369071,3.930052381476284,96.53319825717132,15.445311721147412
joint_reference,synthetic,lot2_F1,G,190.0,0.24,23.697439408938088,23.45743940893809,9.382975763575235,550.2514636240018,88.04023417984027
joint_reference,synthetic,lot2_F1,F,3.174722222222222,47.36,50.27322651103295,2.9132265110329527,1.165290604413181,8.48688870458523,1.3579021927336368
joint_reference,synthetic,lot2_F1,F,4.5,47.47,50.21449112190132,2.7444911219013193,1.0977964487605276,7.532231518195162,1.2051570429112257
joint_reference,synthetic,lot2_F1,F,21.0,42.56,49.30823515533186,6.748235155331855,2.699294062132742,45.538677711656746,7.28618843386508
joint_reference,synthetic,lot2_F1,F,24.0,44.170000000000016,49.09950744459767,4.929507444597654,1.9718029778390616,24.300043646343692,3.8880069834149906
joint_reference,synthetic,lot2_F1,F,27.0,43.78,48.879483149397394,5.099483149397393,2.0397932597589574,26.004728390987957,4.160756542558073
joint_reference,synthetic,lot2_F1,F,45.0,37.42999999999999,47.136478478670526,9.706478478670533,3.882591391468213,94.21572445689422,15.074515913103076
joint_reference,synthetic,lot2_F1,F,50.5,38.50999999999999,46.436625104726126,7.926625104726135,3.170650041890454,62.83138555087461,10.053021688139937
joint_reference,synthetic,lot2_F1,F,52.0,37.73,46.22664966141831,8.49664966141831,3.398659864567324,72.19305546887988,11.55088887502078
joint_reference,synthetic,lot2_F1,F,69.5,27.40000000000001,42.5233394570332,15.123339457033193,6.049335782813277,228.71539633265704,36.59446341322513
joint_reference,synthetic,lot2_F1,F,72.5,72.73,76.6665335995999,3.9365335995998976,1.574613439839959,15.496296780778927,2.479407484924628
joint_reference,synthetic,lot2_F1,F,76.5,55.86000000000001,75.38569094536693,19.525690945366925,7.81027637814677,381.2526068939839,61.00041710303743
joint_reference,synthetic,lot2_F1,F,96.5,48.790000000000006,66.80303823979165,18.01303823979164,7.205215295916656,324.4695466281959,51.91512746051135
joint_reference,synthetic,lot2_F1,F,168.0,47.91,36.07268729021433,-11.837312709785664,-4.734925083914265,140.12197218925323,22.41951555028051
joint_reference,synthetic,lot2_F1,F,190.0,11.19,27.561121378542467,16.37112137854247,6.548448551416987,268.01361519097026,42.882178430555236
joint_reference,synthetic,lot2_F1,E,4.5,2.5248,2.6675546558993255,0.14275465589932557,0.07137732794966278,0.020378891780934848,0.005094722945233712
joint_reference,synthetic,lot2_F1,E,21.0,5.523,4.075468226889402,-1.4475317731105974,-0.7237658865552987,2.0953482341647103,0.5238370585411776
joint_reference,synthetic,lot2_F1,E,29.0,8.5212,4.980690287946689,-3.5405097120533116,-1.7702548560266558,12.535209021143823,3.1338022552859557
joint_reference,synthetic,lot2_F1,E,45.0,20.0406,7.386148159530555,-12.654451840469445,-6.3272259202347225,160.1351513827605,40.03378784569013
joint_reference,synthetic,lot2_F1,E,52.0,21.1452,8.747447043363792,-12.397752956636207,-6.198876478318104,153.70427837378182,38.426069593445455
joint_reference,synthetic,lot2_F1,E,69.5,40.0023,13.850376114379284,-26.151923885620715,-13.075961942810357,683.9231229192992,170.9807807298248
joint_reference,synthetic,lot2_F1,E,76.5,45.8409,16.67734209586731,-29.163557904132688,-14.581778952066344,850.5131096277001,212.62827740692504
joint_reference,synthetic,lot2_F1,E,93.5,55.5456,25.797407384767478,-29.748192615232522,-14.874096307616261,884.9549638729748,221.2387409682437
joint_reference,synthetic,lot2_F1,E,96.5,59.0172,27.68185388496489,-31.33534611503511,-15.667673057517556,981.903916149046,245.4759790372615
joint_reference,synthetic,lot2_F1,E,168.0,85.52759999999999,63.8330368975599,-21.694563102440092,-10.1462279322418,470.6540682057551,102.94594125300371
joint_reference,synthetic,lot2_F1,E,172.5,87.02669999999999,65.66777830983536,-21.358921690164635,-9.817181021532305,456.20353576658533,96.37704320953407
joint_reference,synthetic,lot2_F1,E,190.0,87.4212,72.4128236380258,-15.0083763619742,-6.867156416052033,225.25136102266592,47.15783724252461
joint_reference,synthetic,lot2_F1,Gly,3.174722222222222,0.31,0.32987166916851074,0.01987166916851074,0.05677619762431641,0.0003948832355427404,0.0032235366166754324
joint_reference,synthetic,lot2_F1,Gly,4.5,0.39,0.3385636481549314,-0.05143635184506862,-0.14696100527162462,0.002645698291129694,0.02159753707044648
joint_reference,synthetic,lot2_F1,Gly,21.0,1.13,0.4728110863709493,-0.6571889136290505,-1.8776826103687159,0.43189726819693164,3.5256919852810746
joint_reference,synthetic,lot2_F1,Gly,24.0,0.91,0.5033898022014086,-0.4066101977985914,-1.1617434222816898,0.16533185295380964,1.3496477792147727
joint_reference,synthetic,lot2_F1,Gly,27.0,1.08,0.5359131903134771,-0.544086809686523,-1.5545337419614944,0.2960304564748587,2.416575154896806
joint_reference,synthetic,lot2_F1,Gly,45.0,2.99,0.7870008656721206,-2.2029991343278796,-6.2942832409367995,4.853205185849387,39.61800151713786
joint_reference,synthetic,lot2_F1,Gly,50.5,2.98,0.8862195590461667,-2.093780440953833,-5.982229831296666,4.383916534920828,35.78707375445574
joint_reference,synthetic,lot2_F1,Gly,52.0,2.51,0.9155609008162043,-1.5944390991837953,-4.555540283382273,2.5422360410060327,20.75294727351864
joint_reference,synthetic,lot2_F1,Gly,69.5,4.28,1.3854461519160306,-2.8945538480839694,-8.270153851668484,8.378441979457715,68.39544473026706
joint_reference,synthetic,lot2_F1,Gly,72.5,4.65,1.4903754186733318,-3.1596245813266686,-9.027498803790483,9.983227494923726,81.4957346524386
joint_reference,synthetic,lot2_F1,Gly,76.5,4.75,1.64237673607217,-3.10762326392783,-8.878923611222373,9.65732235050546,78.83528449392213
joint_reference,synthetic,lot2_F1,Gly,96.5,4.73,2.626576724153249,-2.1034232758467515,-6.009780788133576,4.424389477373879,36.11746512141943
joint_reference,synthetic,lot2_F1,Gly,168.0,4.95,5.660576008167547,0.7105760081675472,2.030217166192992,0.5049182633833261,4.121781741904703
joint_reference,synthetic,lot2_F1,Gly,190.0,5.73,6.32370887234713,0.59370887234713,1.696311063848943,0.3524902251037007,2.8774712253363326
natural,synthetic,lot2_F2,X,4.5,0.0945525599999999,0.09806635914789472,0.0035137991478948194,0.058563319131580326,1.2346784451746359e-05,0.003429662347707322
natural,synthetic,lot2_F2,X,21.0,0.2523631499999999,0.20343552022405856,-0.04892762977594137,-0.8154604962656895,0.002393912955491584,0.6649758209698846
natural,synthetic,lot2_F2,X,24.0,0.4411881599999999,0.23196597969096533,-0.20922218030903456,-3.4870363384839096,0.043773920733266164,12.159422425907271
natural,synthetic,lot2_F2,X,27.0,0.5990378100000001,0.26474236350883745,-0.33429544649116266,-5.571590774852711,0.1117534455447258,31.042623762423837
natural,synthetic,lot2_F2,X,29.0,0.40426764,0.2887267008357747,-0.11554093916422531,-1.9256823194037551,0.013349708622951213,3.708252395264226
natural,synthetic,lot2_F2,X,45.0,1.23269175,0.5768646974371959,-0.6558270525628042,-6.65035533582102,0.43010912287321507,44.22722609268311
natural,synthetic,lot2_F2,X,50.5,1.48374138,0.7290497247659209,-0.7546916552340792,-6.358012129058495,0.5695594944799542,40.42431823325494
natural,synthetic,lot2_F2,X,52.0,1.5644109599999998,0.7753272594562902,-0.7890837005437096,-6.304958549252539,0.6226530864637547,39.752502307792675
natural,synthetic,lot2_F2,X,69.5,1.42409616,1.208450400439445,-0.21564575956055498,-1.8928300421138258,0.04650309361644869,3.5828055683286273
natural,synthetic,lot2_F2,X,72.5,1.4953795800000005,1.2084527330966797,-0.2869268469033208,-2.398444939505934,0.0823270154738817,5.752538127841623
natural,synthetic,lot2_F2,X,76.5,1.68896274,1.2084527532558438,-0.48050998674415624,-3.556250645471287,0.2308898473608692,12.646918653414945
natural,synthetic,lot2_F2,X,93.5,0.82033659,1.208452753373363,0.3881161633733631,5.913977385998396,0.15063415627165905,34.97512852210042
natural,synthetic,lot2_F2,X,96.5,1.5230073600000005,1.208452753373363,-0.31455460662663737,-2.581689810634248,0.09894460055003858,6.665122278332699
natural,synthetic,lot2_F2,X,168.0,0.9377335200000002,1.1828841906831868,0.24515067068318663,3.2678616239929577,0.06009885133641622,10.67891959356589
natural,synthetic,lot2_F2,X,172.5,1.0254266399999998,1.177101284188778,0.15167464418877818,1.8489211986532041,0.023005197689792464,3.418509598829201
natural,synthetic,lot2_F2,X,190.0,0.9609743999999998,1.1499860761166256,0.18901167611662584,2.4585940597978713,0.03572541370841627,6.044684750873379
natural,synthetic,lot2_F2,Xd,4.5,0.05304744,0.0115125,-0.04153494,-0.692249,0.0017251512408036,0.479208678001
natural,synthetic,lot2_F2,Xd,21.0,0.01613685,0.0115125,-0.004624350000000001,-0.07707250000000002,2.138461292250001e-05,0.005940170256250003
natural,synthetic,lot2_F2,Xd,24.0,0.03341184,0.0115125,-0.021899339999999996,-0.36498899999999995,0.00047958109243559984,0.13321697012099998
natural,synthetic,lot2_F2,Xd,27.0,0.0126621899999999,0.0115125,-0.0011496899999998995,-0.019161499999998326,1.3217870960997688e-06,0.00036716308224993586
natural,synthetic,lot2_F2,Xd,29.0,0.0094323599999999,0.0115125,0.0020801400000001,0.03466900000000167,4.326982419600416e-06,0.001201939561000116
natural,synthetic,lot2_F2,Xd,45.0,0.0414082499999999,0.0115125,-0.0298957499999999,-0.4982624999999984,0.0008937558680624942,0.2482655189062484
natural,synthetic,lot2_F2,Xd,50.5,0.0276586199999999,0.0115125,-0.016146119999999903,-0.2691019999999984,0.00026069719105439686,0.07241588640399914
natural,synthetic,lot2_F2,Xd,52.0,0.01388904,0.0115125,-0.00237654,-0.039609,5.647942371599999e-06,0.001568872881
natural,synthetic,lot2_F2,Xd,69.5,0.01380384,0.0115125,-0.0022913399999999993,-0.038188999999999994,5.250238995599997e-06,0.0014583997209999995
natural,synthetic,lot2_F2,Xd,72.5,0.0277204199999998,0.0115125,-0.0162079199999998,-0.27013199999999665,0.0002626966707263935,0.07297129742399819
natural,synthetic,lot2_F2,Xd,76.5,0.0276372599999998,0.0115125,-0.0161247599999998,-0.2687459999999967,0.00026000788505759354,0.07222441251599823
natural,synthetic,lot2_F2,Xd,93.5,0.0115634099999999,0.0115125,-5.090999999990062e-05,-0.0008484999999983436,2.591828099989881e-09,7.199522499971891e-07
natural,synthetic,lot2_F2,Xd,96.5,0.0321926399999998,0.0115125,-0.0206801399999998,-0.3446689999999967,0.0004276681904195917,0.1187967195609977
natural,synthetic,lot2_F2,Xd,168.0,0.0690664799999999,0.037081062690176414,-0.03198541730982349,-0.5330902884970582,0.0010230669204835561,0.28418525568987674
natural,synthetic,lot2_F2,Xd,172.5,0.02997336,0.042863969184585675,0.012890609184585674,0.21484348640976125,0.00016616780514972453,0.046157723652701266
natural,synthetic,lot2_F2,Xd,190.0,0.0230256,0.06997917725673813,0.046953577256738134,0.7825596209456356,0.0022046384172044763,0.6123995603345769
natural,synthetic,lot2_F2,N,3.174722222222222,0.304,0.29878579454469156,-0.005214205455308429,-0.21439989536630052,2.7187938530168186e-05,0.04596731513308061
natural,synthetic,lot2_F2,N,4.5,0.298,0.2973198172859071,-0.0006801827140928696,-0.02853115411463379,4.6264852455074233e-07,0.0008140267551129848
natural,synthetic,lot2_F2,N,21.0,0.24,0.2691059091529758,0.029105909152975784,1.5159327683841555,0.0008471539476212795,2.2980521582608495
natural,synthetic,lot2_F2,N,24.0,0.225,0.26146652250351965,0.036466522503519644,2.0259179168622024,0.0013298072634997046,4.104343405863285
natural,synthetic,lot2_F2,N,27.0,0.217,0.2526902366099771,0.03569023660997708,2.055889205643841,0.0012737929892761486,4.226680425882864
natural,synthetic,lot2_F2,N,45.0,0.072,0.1691155856803235,0.09711558568032351,8.092965473360293,0.009431436982032257,65.49609015300179
natural,synthetic,lot2_F2,N,50.5,0.051,0.12836614498622267,0.07736614498622268,6.44717874885189,0.00598552039002923,41.56611381964742
natural,synthetic,lot2_F2,N,52.0,0.051,0.11597475742047321,0.0649747574204732,5.414563118372767,0.004221719101849338,29.317493762842624
natural,synthetic,lot2_F2,N,69.5,0.026,6.300274268296453e-07,-0.02599936997257317,-2.166614164381097,0.0006759672389707393,4.6942169372968
natural,synthetic,lot2_F2,N,72.5,0.035,5.429335240348043e-09,-0.034999994570664765,-2.916666214222064,0.001224999619946563,8.506941805184466
natural,synthetic,lot2_F2,N,76.5,0.029,3.146744484983788e-11,-0.028999999968532558,-2.4166666640443797,0.0008409999981748884,5.840277765103391
natural,synthetic,lot2_F2,N,96.5,0.026,0.0,-0.026,-2.1666666666666665,0.000676,4.694444444444444
natural,synthetic,lot2_F2,N,168.0,0.028,0.0,-0.028,-2.3333333333333335,0.0007840000000000001,5.4444444444444455
natural,synthetic,lot2_F2,N,190.0,0.025,0.0,-0.025,-2.0833333333333335,0.0006250000000000001,4.340277777777779
natural,synthetic,lot2_F2,G,3.174722222222222,96.91,93.7016881688721,-3.208311831127901,-1.2833247324511603,10.293264805755264,1.646922368920842
natural,synthetic,lot2_F2,G,4.5,97.61,93.51988729490267,-4.090112705097326,-1.6360450820389303,16.729021940398564,2.6766435104637702
natural,synthetic,lot2_F2,G,21.0,91.05,90.18082212438863,-0.8691778756113706,-0.34767115024454825,0.7554701794522952,0.12087522871236725
natural,synthetic,lot2_F2,G,24.0,85.76,89.30221598531006,3.542215985310051,1.4168863941240204,12.547294086586055,2.007567053853769
natural,synthetic,lot2_F2,G,27.0,85.54,88.31321048468234,2.7732104846823376,1.109284193872935,7.690696392352046,1.2305114227763272
natural,synthetic,lot2_F2,G,45.0,64.86,79.50707394396669,14.647073943966689,5.858829577586675,214.5367751200279,34.32588401920446
natural,synthetic,lot2_F2,G,50.5,57.91,75.56225269093254,17.652252690932542,7.060901076373017,311.60202506453516,49.85632401032562
natural,synthetic,lot2_F2,G,52.0,55.24,74.37926428070203,19.13926428070203,7.655705712280811,366.31143720655655,58.609829953049044
natural,synthetic,lot2_F2,G,69.5,37.48,57.51257338162255,20.032573381622555,8.013029352649022,401.3039962900925,64.2086394064148
natural,synthetic,lot2_F2,G,72.5,38.95,54.77446646212146,15.824466462121457,6.329786584848582,250.41373881080676,40.06619820972908
natural,synthetic,lot2_F2,G,76.5,32.44,51.14610656928649,18.70610656928649,7.482442627714596,349.91842298150317,55.986947677040504
natural,synthetic,lot2_F2,G,96.5,20.07,34.62407398564351,14.554073985643512,5.821629594257405,211.82106957958524,33.89137113273364
natural,synthetic,lot2_F2,G,168.0,17.74,2.200209355924917,-15.539790644075081,-6.215916257630033,241.48509326168343,38.63761492186935
natural,synthetic,lot2_F2,G,190.0,0.0,0.3968379313376206,0.3968379313376206,0.15873517253504824,0.15748034374832207,0.02519685499973153
natural,synthetic,lot2_F2,F,3.174722222222222,119.28,118.84475638718224,-0.43524361281775725,-0.14595694594827538,0.18943700249865378,0.02130343007054778
natural,synthetic,lot2_F2,F,4.5,115.01,118.7649209713613,3.754920971361301,1.3059459077858624,14.099431501168896,1.7054947140626402
natural,synthetic,lot2_F2,F,21.0,110.87,117.25556267874532,6.385562678745316,2.3038018142853125,40.77541072418506,5.307502799504298
natural,synthetic,lot2_F2,F,24.0,112.28,116.85279213617288,4.572792136172879,1.629067380182714,20.910427920644523,2.6538605291753714
natural,synthetic,lot2_F2,F,27.0,109.92,116.39346502149914,6.473465021499138,2.3557005172849843,41.90574938457283,5.549324927136743
natural,synthetic,lot2_F2,F,45.0,94.29,112.13286688229951,17.842866882299504,7.137146752919802,318.3678985794604,50.93886377271367
natural,synthetic,lot2_F2,F,50.5,86.41,110.09893105780007,23.688931057800076,9.475572423120031,561.165454661205,89.78647274579282
natural,synthetic,lot2_F2,F,52.0,86.85999999999999,109.48102627568699,22.621026275687,9.0484105102748,511.7108297653217,81.87373276245148
natural,synthetic,lot2_F2,F,69.5,72.59,99.65124535148206,27.061245351482057,10.824498140592823,732.3109999731092,117.16975999569748
natural,synthetic,lot2_F2,F,72.5,70.42,97.90001007606077,27.480010076060765,10.992004030424306,755.1509537804012,120.8241526048642
natural,synthetic,lot2_F2,F,76.5,69.95,95.37321333675703,25.42321333675703,10.169285334702812,646.3397763662605,103.41436421860168
natural,synthetic,lot2_F2,F,96.5,54.61000000000001,81.1047473957419,26.49474739574189,10.597898958296756,701.9716395641716,112.31546233026748
natural,synthetic,lot2_F2,F,168.0,52.27000000000001,24.530036247150306,-27.739963752849704,-11.095985501139882,769.5055890094154,123.12089424150648
natural,synthetic,lot2_F2,F,190.0,12.32,11.432379898047964,-0.8876201019520362,-0.3550480407808145,0.7878694453893432,0.1260591112622949
natural,synthetic,lot2_F2,E,4.5,3.156,3.141480046742245,-0.014519953257755347,-0.0072599766288776735,0.0002108290426074001,5.270726065185003e-05
natural,synthetic,lot2_F2,E,21.0,7.3377,4.897531566547473,-2.440168433452527,-1.2200842167262635,5.95442198361816,1.48860549590454
natural,synthetic,lot2_F2,E,29.0,11.5194,6.273149370369627,-5.246250629630373,-2.6231253148151863,27.52314566889708,6.88078641722427
natural,synthetic,lot2_F2,E,45.0,25.8003,10.673513102151878,-15.126786897848122,-7.563393448924061,228.8196818529096,57.2049204632274
natural,synthetic,lot2_F2,E,52.0,31.6389,13.556880913342535,-18.082019086657464,-9.041009543328732,326.95941425024483,81.73985356256121
natural,synthetic,lot2_F2,E,69.5,47.2611,23.95912082264821,-23.30197917735179,-11.650989588675895,542.9822335817364,135.7455583954341
natural,synthetic,lot2_F2,E,76.5,52.7841,28.401351915275107,-24.382748084724895,-12.191374042362447,594.5184041631555,148.62960104078888
natural,synthetic,lot2_F2,E,93.5,66.43379999999999,40.03555872357948,-26.398241276420514,-13.199120638210257,696.8671424881118,174.21678562202794
natural,synthetic,lot2_F2,E,96.5,68.1696,42.04615967063286,-26.123440329367142,-13.061720164683571,682.4341346420057,170.60853366050142
natural,synthetic,lot2_F2,E,172.5,95.1534,90.08327561893118,-5.070124381068823,-2.131347647511838,25.70616123950851,4.542642794554245
natural,synthetic,lot2_F2,E,190.0,98.0727,96.94532400525567,-1.1273759947443267,-0.4598123615417243,1.2709766335257602,0.21142740782657737
natural,synthetic,lot2_F2,Gly,3.174722222222222,0.32,0.29589016861152206,-0.024109831388477942,-0.06888523253850841,0.0005812839695808362,0.004745175261884378
natural,synthetic,lot2_F2,Gly,4.5,0.36,0.3077073794271727,-0.0522926205728273,-0.14940748735093515,0.002734518166373681,0.022322597276519845
natural,synthetic,lot2_F2,Gly,21.0,1.31,0.5243719859604702,-0.7856280140395299,-2.244651468684371,0.6172113764436957,5.038460215866904
natural,synthetic,lot2_F2,Gly,24.0,1.22,0.581317972625656,-0.638682027374344,-1.8248057924981258,0.40791473209100226,3.329916180334713
natural,synthetic,lot2_F2,Gly,27.0,1.51,0.645367474960633,-0.864632525039367,-2.4703786429696204,0.7475894033559517,6.102770639640423
natural,synthetic,lot2_F2,Gly,45.0,3.78,1.214045280116492,-2.565954719883508,-7.331299199667166,6.584123624492452,53.74794795504043
natural,synthetic,lot2_F2,Gly,50.5,3.75,1.4678059689876073,-2.2821940310123927,-6.520554374321122,5.208409595188594,42.51762934847832
natural,synthetic,lot2_F2,Gly,69.5,5.39,2.642996889431445,-2.7470031105685546,-7.848580315910157,7.546026089473314,61.60021297529238
natural,synthetic,lot2_F2,Gly,72.5,5.55,2.826187301857325,-2.723812698142675,-7.7823219946933575,7.419155614563278,60.564535629088
natural,synthetic,lot2_F2,Gly,76.5,5.68,3.068874767497726,-2.611125232502274,-7.460357807149355,6.817974979810053,55.656938610694326
natural,synthetic,lot2_F2,Gly,96.5,5.97,4.173194431646931,-1.7968055683530686,-5.133730195294482,3.228510250464594,26.355185718078317
natural,synthetic,lot2_F2,Gly,168.0,5.92,6.3384238195692015,0.4184238195692016,1.195496627340576,0.1750784927828798,1.429212185982692
natural,synthetic,lot2_F2,Gly,190.0,6.8,6.458459011224016,-0.34154098877598393,-0.9758313965028113,0.11665024701407678,0.9522469144006268
synthetic,synthetic,lot2_F2,X,4.5,0.0945525599999999,0.11169427060178473,0.017141710601784835,0.2856951766964139,0.0002938382423553426,0.08162173398759517
synthetic,synthetic,lot2_F2,X,21.0,0.2523631499999999,0.37329570143604285,0.12093255143604292,2.015542523934049,0.014624681996831167,4.062411665786437
synthetic,synthetic,lot2_F2,X,24.0,0.4411881599999999,0.462511278714718,0.021323118714718092,0.3553853119119682,0.00045467539172196095,0.12629871992276692
synthetic,synthetic,lot2_F2,X,27.0,0.5990378100000001,0.5726203094998565,-0.026417500500143576,-0.44029167500239297,0.0006978843326750861,0.19385675907641284
synthetic,synthetic,lot2_F2,X,29.0,0.40426764,0.6575194463477034,0.25325180634770345,4.220863439128391,0.0641364774183747,17.81568817177075
synthetic,synthetic,lot2_F2,X,45.0,1.23269175,1.129053343683033,-0.10363840631696708,-1.0509359529355886,0.010740919263920762,1.1044663771726337
synthetic,synthetic,lot2_F2,X,50.5,1.48374138,1.1290537173701853,-0.35468766262981477,-2.98811898261723,0.1258033380218013,8.92885505427743
synthetic,synthetic,lot2_F2,X,52.0,1.5644109599999998,1.1290537175834117,-0.43535724241658813,-3.4786035570904925,0.18953592852457588,12.100682707402628
synthetic,synthetic,lot2_F2,X,69.5,1.42409616,1.1290537176258977,-0.29504244237410227,-2.5897342000250028,0.08705004280207546,6.7067232267791415
synthetic,synthetic,lot2_F2,X,72.5,1.4953795800000005,1.1290537176258977,-0.3663258623741028,-3.0621477923861202,0.1341946374441301,9.37674910241519
synthetic,synthetic,lot2_F2,X,76.5,1.68896274,1.1290537176258977,-0.5599090223741023,-4.143882285808318,0.31349811333592303,17.17176039863597
synthetic,synthetic,lot2_F2,X,93.5,0.82033659,1.1290537176258977,0.30871712762589765,4.704122847090997,0.09530626488958478,22.12877176052351
synthetic,synthetic,lot2_F2,X,96.5,1.5230073600000005,1.1290537176258977,-0.3939536423741028,-3.2333530743254473,0.15519947233982248,10.454572103249822
synthetic,synthetic,lot2_F2,X,168.0,0.9377335200000002,1.0024865774352019,0.06475305743520166,0.8631590965629773,0.0041929584472065245,0.7450436259794152
synthetic,synthetic,lot2_F2,X,172.5,1.0254266399999998,0.9854425680101475,-0.03998407198985232,-0.4874077582704055,0.001598726012889693,0.23756632282218204
synthetic,synthetic,lot2_F2,X,190.0,0.9609743999999998,0.9141927024115047,-0.04678169758849504,-0.608519040524064,0.002188527229261403,0.3702954226803275
synthetic,synthetic,lot2_F2,Xd,4.5,0.05304744,0.0115125,-0.04153494,-0.692249,0.0017251512408036,0.479208678001
synthetic,synthetic,lot2_F2,Xd,21.0,0.01613685,0.0115125,-0.004624350000000001,-0.07707250000000002,2.138461292250001e-05,0.005940170256250003
synthetic,synthetic,lot2_F2,Xd,24.0,0.03341184,0.0115125,-0.021899339999999996,-0.36498899999999995,0.00047958109243559984,0.13321697012099998
synthetic,synthetic,lot2_F2,Xd,27.0,0.0126621899999999,0.0115125,-0.0011496899999998995,-0.019161499999998326,1.3217870960997688e-06,0.00036716308224993586
synthetic,synthetic,lot2_F2,Xd,29.0,0.0094323599999999,0.0115125,0.0020801400000001,0.03466900000000167,4.326982419600416e-06,0.001201939561000116
synthetic,synthetic,lot2_F2,Xd,45.0,0.0414082499999999,0.0115125,-0.0298957499999999,-0.4982624999999984,0.0008937558680624942,0.2482655189062484
synthetic,synthetic,lot2_F2,Xd,50.5,0.0276586199999999,0.0115125,-0.016146119999999903,-0.2691019999999984,0.00026069719105439686,0.07241588640399914
synthetic,synthetic,lot2_F2,Xd,52.0,0.01388904,0.0115125,-0.00237654,-0.039609,5.647942371599999e-06,0.001568872881
synthetic,synthetic,lot2_F2,Xd,69.5,0.01380384,0.0115125,-0.0022913399999999993,-0.038188999999999994,5.250238995599997e-06,0.0014583997209999995
synthetic,synthetic,lot2_F2,Xd,72.5,0.0277204199999998,0.0115125,-0.0162079199999998,-0.27013199999999665,0.0002626966707263935,0.07297129742399819
synthetic,synthetic,lot2_F2,Xd,76.5,0.0276372599999998,0.0115125,-0.0161247599999998,-0.2687459999999967,0.00026000788505759354,0.07222441251599823
synthetic,synthetic,lot2_F2,Xd,93.5,0.0115634099999999,0.0115125,-5.090999999990062e-05,-0.0008484999999983436,2.591828099989881e-09,7.199522499971891e-07
synthetic,synthetic,lot2_F2,Xd,96.5,0.0321926399999998,0.0115125,-0.0206801399999998,-0.3446689999999967,0.0004276681904195917,0.1187967195609977
synthetic,synthetic,lot2_F2,Xd,168.0,0.0690664799999999,0.13807964019069494,0.06901316019069503,1.150219336511584,0.004762816279506534,1.3230045220851485
synthetic,synthetic,lot2_F2,Xd,172.5,0.02997336,0.1551236496157494,0.1251502896157494,2.08583816026249,0.01566259499090595,4.350720830807208
synthetic,synthetic,lot2_F2,Xd,190.0,0.0230256,0.2263735152143921,0.2033479152143921,3.3891319202398686,0.0413503746220396,11.48621517278878
synthetic,synthetic,lot2_F2,N,3.174722222222222,0.304,0.2959703694499877,-0.008029630550012268,-0.3301657298524781,6.447496676969031e-05,0.10900940916901955
synthetic,synthetic,lot2_F2,N,4.5,0.298,0.2930400120062898,-0.004959987993710169,-0.20805318765562789,2.4601480897749025e-05,0.04328612889366791
synthetic,synthetic,lot2_F2,N,21.0,0.24,0.21768838809718746,-0.022311611902812528,-1.1620631199381526,0.0004978080257017257,1.3503906947203932
synthetic,synthetic,lot2_F2,N,24.0,0.225,0.19199075102961574,-0.033009248970384264,-1.8338471650213477,0.0010896105175888147,3.362995424656834
synthetic,synthetic,lot2_F2,N,27.0,0.217,0.16027496778539405,-0.05672503221460595,-3.2675709801040296,0.003217729279748083,10.677020110018008
synthetic,synthetic,lot2_F2,N,45.0,0.072,1.0771042790429532e-07,-0.07199989228957208,-5.999991024131007,0.005183984489709982,35.99989228965265
synthetic,synthetic,lot2_F2,N,50.5,0.051,7.365525464239077e-11,-0.05099999992634474,-4.249999993862062,0.0026009999924871637,18.062499947827526
synthetic,synthetic,lot2_F2,N,52.0,0.051,1.2237598666691451e-11,-0.0509999999877624,-4.2499999989802,0.0026009999987517646,18.0624999913317
synthetic,synthetic,lot2_F2,N,69.5,0.026,0.0,-0.026,-2.1666666666666665,0.000676,4.694444444444444
synthetic,synthetic,lot2_F2,N,72.5,0.035,0.0,-0.035,-2.916666666666667,0.0012250000000000002,8.506944444444446
synthetic,synthetic,lot2_F2,N,76.5,0.029,0.0,-0.029,-2.4166666666666665,0.0008410000000000001,5.840277777777777
synthetic,synthetic,lot2_F2,N,96.5,0.026,0.0,-0.026,-2.1666666666666665,0.000676,4.694444444444444
synthetic,synthetic,lot2_F2,N,168.0,0.028,0.0,-0.028,-2.3333333333333335,0.0007840000000000001,5.4444444444444455
synthetic,synthetic,lot2_F2,N,190.0,0.025,0.0,-0.025,-2.0833333333333335,0.0006250000000000001,4.340277777777779
synthetic,synthetic,lot2_F2,G,3.174722222222222,96.91,93.55513558072754,-3.3548644192724595,-1.3419457677089839,11.255115271700337,1.8008184434720542
synthetic,synthetic,lot2_F2,G,4.5,97.61,93.29227323474457,-4.317726765255429,-1.7270907061021716,18.64276441940311,2.9828423071044976
synthetic,synthetic,lot2_F2,G,21.0,91.05,87.24128954504651,-3.8087104549534843,-1.5234841819813938,14.506275329671977,2.3210040527475164
synthetic,synthetic,lot2_F2,G,24.0,85.76,85.36622056785717,-0.3937794321428356,-0.15751177285713425,0.15506224117873407,0.024809958588597452
synthetic,synthetic,lot2_F2,G,27.0,85.54,83.16231267152509,-2.37768732847492,-0.951074931389968,5.6533970319902025,0.9045435251184324
synthetic,synthetic,lot2_F2,G,45.0,64.86,64.74907678409114,-0.1109232159088549,-0.04436928636354196,0.01230395982756244,0.0019686335724099905
synthetic,synthetic,lot2_F2,G,50.5,57.91,59.64985315947906,1.7398531594790612,0.6959412637916245,3.0270890165492714,0.48433424264788344
synthetic,synthetic,lot2_F2,G,52.0,55.24,58.36435692334937,3.1243569233493673,1.249742769339747,9.761606184481124,1.5618569895169798
synthetic,synthetic,lot2_F2,G,69.5,37.48,45.21172166606262,7.731721666062626,3.09268866642505,59.779519921462224,9.564723187433955
synthetic,synthetic,lot2_F2,G,72.5,38.95,43.29785824490363,4.347858244903627,1.7391432979614507,18.903871317776446,3.0246194108442315
synthetic,synthetic,lot2_F2,G,76.5,32.44,40.7529655452671,8.312965545267105,3.325186218106842,69.10539615679801,11.056863385087683
synthetic,synthetic,lot2_F2,G,96.5,20.07,29.174449313096005,9.104449313096005,3.641779725238402,82.89099729473432,13.26255956715749
synthetic,synthetic,lot2_F2,G,168.0,17.74,6.59682918625437,-11.143170813745629,-4.4572683254982515,124.17025578431242,19.867240925489988
synthetic,synthetic,lot2_F2,G,190.0,0.0,3.9859079502741044,3.9859079502741044,1.5943631801096418,15.887462188058311,2.54199395008933
synthetic,synthetic,lot2_F2,F,3.174722222222222,119.28,118.7473592291744,-0.5326407708255942,-0.17861863542105774,0.2837061907456832,0.031904616919680745
synthetic,synthetic,lot2_F2,F,4.5,115.01,118.61591862107412,3.6059186210741103,1.2541235096336354,13.002649101809013,1.5728257774157872
synthetic,synthetic,lot2_F2,F,21.0,110.87,115.45903270278339,4.589032702783385,1.6556445216139206,21.05922114721538,2.741158781950188
synthetic,synthetic,lot2_F2,F,24.0,112.28,114.450088845448,2.1700888454479923,0.7730989830594913,4.7092855971378,0.5976820376076196
synthetic,synthetic,lot2_F2,F,27.0,109.92,113.23592744078871,3.3159274407887125,1.2066693743772607,10.99537479257558,1.4560509790600098
synthetic,synthetic,lot2_F2,F,45.0,94.29,102.11165298158214,7.821652981582133,3.1286611926328534,61.178255364292674,9.788520858286828
synthetic,synthetic,lot2_F2,F,50.5,86.41,98.62606262879764,12.216062628797644,4.8864250515190575,149.2321861507064,23.877149784113023
synthetic,synthetic,lot2_F2,F,52.0,86.85999999999999,97.72415517141434,10.864155171414353,4.345662068565741,118.02986758856923,18.884778814171078
synthetic,synthetic,lot2_F2,F,69.5,72.59,87.34133087234567,14.751330872345662,5.900532348938265,217.60176250541824,34.81628200086692
synthetic,synthetic,lot2_F2,F,72.5,70.42,85.67634217085978,15.256342170859782,6.102536868343913,232.75597643435455,37.24095622949673
synthetic,synthetic,lot2_F2,F,76.5,69.95,83.28241308495402,13.332413084954013,5.332965233981605,177.75323866785297,28.44051818685648
synthetic,synthetic,lot2_F2,F,96.5,54.61000000000001,70.09733509236106,15.487335092361057,6.194934036944423,239.8575482630783,38.37720772209252
synthetic,synthetic,lot2_F2,F,168.0,52.27000000000001,26.11605947799975,-26.15394052200026,-10.461576208800103,684.0286048283272,109.44457677253234
synthetic,synthetic,lot2_F2,F,190.0,12.32,16.296762028590017,3.9767620285900165,1.5907048114360065,15.814636232035383,2.530341797125661
synthetic,synthetic,lot2_F2,E,4.5,3.156,3.413904193430988,0.257904193430988,0.128952096715494,0.06651457298928849,0.016628643247322123
synthetic,synthetic,lot2_F2,E,21.0,7.3377,7.748147989155167,0.4104479891551671,0.20522399457758356,0.16846755180152018,0.042116887950380044
synthetic,synthetic,lot2_F2,E,29.0,11.5194,11.896174984946533,0.3767749849465343,0.18838749247326714,0.14195938928146112,0.03548984732036528
synthetic,synthetic,lot2_F2,E,45.0,25.8003,24.631021931288984,-1.1692780687110158,-0.5846390343555079,1.367211201968563,0.34180280049214073
synthetic,synthetic,lot2_F2,E,52.0,31.6389,29.785172748307907,-1.8537272516920922,-0.9268636258460461,3.436304723665917,0.8590761809164793
synthetic,synthetic,lot2_F2,E,69.5,47.2611,40.96340486595089,-6.297695134049107,-3.1488475670245535,39.660964001425796,9.915241000356449
synthetic,synthetic,lot2_F2,E,76.5,52.7841,44.978997373888554,-7.805102626111449,-3.9025513130557243,60.91962700413183,15.229906751032958
synthetic,synthetic,lot2_F2,E,93.5,66.43379999999999,54.896960752356726,-11.536839247643265,-5.768419623821632,133.09865982596202,33.274664956490504
synthetic,synthetic,lot2_F2,E,96.5,68.1696,56.53180929885545,-11.637790701144553,-5.8188953505722765,135.43817240364663,33.85954310091166
synthetic,synthetic,lot2_F2,E,172.5,95.1534,88.01978622947355,-7.133613770526452,-2.998784602768352,50.88844542704462,8.992709093800542
synthetic,synthetic,lot2_F2,E,190.0,98.0727,92.22290300308218,-5.849796996917817,-2.3859022936730883,34.220124905148715,5.692529754954504
synthetic,synthetic,lot2_F2,Gly,3.174722222222222,0.32,0.30283143411863894,-0.017168565881361064,-0.04905304537531733,0.00029475965442263524,0.0024062012605929406
synthetic,synthetic,lot2_F2,Gly,4.5,0.36,0.3186660945074716,-0.04133390549252841,-0.11809687283579547,0.0017084917432652704,0.013946871373594046
synthetic,synthetic,lot2_F2,Gly,21.0,1.31,0.6829574621313192,-0.6270425378686808,-1.791550108196231,0.393182344296796,3.209651790177927
synthetic,synthetic,lot2_F2,Gly,24.0,1.22,0.7957035733199208,-0.42429642668007916,-1.2122755048002263,0.1800274576934838,1.4696118995386434
synthetic,synthetic,lot2_F2,Gly,27.0,1.51,0.9282009866262129,-0.5817990133737871,-1.6622828953536777,0.3384900919627121,2.7631844241854058
synthetic,synthetic,lot2_F2,Gly,45.0,3.78,2.055694161872643,-1.7243058381273566,-4.926588108935305,2.973230623400086,24.271270395102743
synthetic,synthetic,lot2_F2,Gly,50.5,3.75,2.376693976973057,-1.373306023026943,-3.9237314943626944,1.8859694328820784,15.395668839853704
synthetic,synthetic,lot2_F2,Gly,69.5,5.39,3.2955801140407326,-2.094419885959267,-5.984056817026477,4.38659465870163,35.80893598940106
synthetic,synthetic,lot2_F2,Gly,72.5,5.55,3.4185864659097605,-2.1314135340902394,-6.089752954543542,4.542923653303044,37.0850910473718
synthetic,synthetic,lot2_F2,Gly,76.5,5.68,3.583523464044804,-2.096476535955196,-5.989932959871989,4.395213865810697,35.8792968637608
synthetic,synthetic,lot2_F2,Gly,96.5,5.97,4.351212306198516,-1.618787693801484,-4.625107696575669,2.620473597603127,21.391621204923492
synthetic,synthetic,lot2_F2,Gly,168.0,5.92,5.984467145852355,0.06446714585235469,0.18419184529244198,0.004156012894348773,0.03392663587223488
synthetic,synthetic,lot2_F2,Gly,190.0,6.8,6.207748718013032,-0.5922512819869681,-1.692146519962766,0.35076158101520716,2.8633598450221
joint_reference,synthetic,lot2_F2,X,4.5,0.0945525599999999,0.09372953642726585,-0.0008230235727340468,-0.013717059545567447,6.773678012759148e-07,0.00018815772257664302
joint_reference,synthetic,lot2_F2,X,21.0,0.2523631499999999,0.16443131059941019,-0.08793183940058974,-1.4655306566764956,0.007732008380371106,2.1477801056586405
joint_reference,synthetic,lot2_F2,X,24.0,0.4411881599999999,0.18194629017393116,-0.2592418698260687,-4.3206978304344785,0.06720634707091637,18.66842974192121
joint_reference,synthetic,lot2_F2,X,27.0,0.5990378100000001,0.20148521775542297,-0.3975525922445772,-6.62587653740962,0.15804806360038304,43.90223988899529
joint_reference,synthetic,lot2_F2,X,29.0,0.40426764,0.21544043346114167,-0.18882720653885832,-3.147120108980972,0.035655713929268654,9.904364980352405
joint_reference,synthetic,lot2_F2,X,45.0,1.23269175,0.3685925396402115,-0.8640992103597886,-8.762320449940026,0.7466674453444103,76.77825966743717
joint_reference,synthetic,lot2_F2,X,50.5,1.48374138,0.44310092872583995,-1.04064045127416,-8.767030303439403,1.0829325488280874,76.8608203414248
joint_reference,synthetic,lot2_F2,X,52.0,1.5644109599999998,0.46529553818997327,-1.0991154218100265,-8.782182638649715,1.2080547104606325,77.12673189860047
joint_reference,synthetic,lot2_F2,X,69.5,1.42409616,0.8328336802547789,-0.5912624797452211,-5.1898047367919755,0.34959131995446796,26.934073206028426
joint_reference,synthetic,lot2_F2,X,72.5,1.4953795800000005,0.9158155443182278,-0.5795640356817727,-4.844623092968915,0.33589447145574314,23.470372912927694
joint_reference,synthetic,lot2_F2,X,76.5,1.68896274,1.0470650651355307,-0.6418976748644694,-4.750679660230911,0.412032624996412,22.56895723413168
joint_reference,synthetic,lot2_F2,X,93.5,0.82033659,1.3244073500862399,0.5040707600862399,7.680852686429601,0.2540873311739196,58.99549799063282
joint_reference,synthetic,lot2_F2,X,96.5,1.5230073600000005,1.32440735509523,-0.19860000490477048,-1.629998729165452,0.039441961948174856,2.656895857080989
joint_reference,synthetic,lot2_F2,X,168.0,0.9377335200000002,1.270503290112966,0.3327697701129658,4.4358253573062765,0.11073571990103612,19.676546600521355
joint_reference,synthetic,lot2_F2,X,172.5,1.0254266399999998,1.2533552560696417,0.22792861606964188,2.7784607788915294,0.05195145402342221,7.719844299838524
joint_reference,synthetic,lot2_F2,X,190.0,0.9609743999999998,1.1803436498404407,0.21936924984044093,2.8534741643539228,0.04812286777555779,8.142314806635317
joint_reference,synthetic,lot2_F2,Xd,4.5,0.05304744,0.0115125,-0.04153494,-0.692249,0.0017251512408036,0.479208678001
joint_reference,synthetic,lot2_F2,Xd,21.0,0.01613685,0.0115125,-0.004624350000000001,-0.07707250000000002,2.138461292250001e-05,0.005940170256250003
joint_reference,synthetic,lot2_F2,Xd,24.0,0.03341184,0.0115125,-0.021899339999999996,-0.36498899999999995,0.00047958109243559984,0.13321697012099998
joint_reference,synthetic,lot2_F2,Xd,27.0,0.0126621899999999,0.0115125,-0.0011496899999998995,-0.019161499999998326,1.3217870960997688e-06,0.00036716308224993586
joint_reference,synthetic,lot2_F2,Xd,29.0,0.0094323599999999,0.0115125,0.0020801400000001,0.03466900000000167,4.326982419600416e-06,0.001201939561000116
joint_reference,synthetic,lot2_F2,Xd,45.0,0.0414082499999999,0.0115125,-0.0298957499999999,-0.4982624999999984,0.0008937558680624942,0.2482655189062484
joint_reference,synthetic,lot2_F2,Xd,50.5,0.0276586199999999,0.0115125,-0.016146119999999903,-0.2691019999999984,0.00026069719105439686,0.07241588640399914
joint_reference,synthetic,lot2_F2,Xd,52.0,0.01388904,0.0115125,-0.00237654,-0.039609,5.647942371599999e-06,0.001568872881
joint_reference,synthetic,lot2_F2,Xd,69.5,0.01380384,0.0115125,-0.0022913399999999993,-0.038188999999999994,5.250238995599997e-06,0.0014583997209999995
joint_reference,synthetic,lot2_F2,Xd,72.5,0.0277204199999998,0.0115125,-0.0162079199999998,-0.27013199999999665,0.0002626966707263935,0.07297129742399819
joint_reference,synthetic,lot2_F2,Xd,76.5,0.0276372599999998,0.0115125,-0.0161247599999998,-0.2687459999999967,0.00026000788505759354,0.07222441251599823
joint_reference,synthetic,lot2_F2,Xd,93.5,0.0115634099999999,0.0115125,-5.090999999990062e-05,-0.0008484999999983436,2.591828099989881e-09,7.199522499971891e-07
joint_reference,synthetic,lot2_F2,Xd,96.5,0.0321926399999998,0.0115125,-0.0206801399999998,-0.3446689999999967,0.0004276681904195917,0.1187967195609977
joint_reference,synthetic,lot2_F2,Xd,168.0,0.0690664799999999,0.06541656498226447,-0.003649915017735428,-0.060831916962257135,1.3321879636690609e-05,0.003700522121302947
joint_reference,synthetic,lot2_F2,Xd,172.5,0.02997336,0.0825645990255894,0.05259123902558939,0.8765206504264899,0.0027658384222466765,0.7682884506240768
joint_reference,synthetic,lot2_F2,Xd,190.0,0.0230256,0.1555762052547909,0.1325506052547909,2.2091767542465153,0.0175696629534114,4.880461931503168
joint_reference,synthetic,lot2_F2,N,3.174722222222222,0.304,0.29979336297584613,-0.004206637024153859,-0.17297027237474746,1.769579505298203e-05,0.029918715125394325
joint_reference,synthetic,lot2_F2,N,4.5,0.298,0.2988091078584075,0.0008091078584074873,0.033939088020448295,6.546555265367506e-07,0.001151861695659737
joint_reference,synthetic,lot2_F2,N,21.0,0.24,0.28164268644030194,0.041642686440301946,2.1688899187657267,0.0017341133339653075,4.7040834797236
joint_reference,synthetic,lot2_F2,N,24.0,0.225,0.27739004180689175,0.052390041806891746,2.910557878160652,0.002744716480527865,8.471347162123037
joint_reference,synthetic,lot2_F2,N,27.0,0.217,0.27264598172001087,0.05564598172001087,3.205413693549013,0.0030964752815837836,10.274676946791525
joint_reference,synthetic,lot2_F2,N,45.0,0.072,0.23207225152562022,0.1600722515256202,13.339354293801684,0.025623125708481423,177.93837297556541
joint_reference,synthetic,lot2_F2,N,50.5,0.051,0.21398158235635895,0.16298158235635896,13.581798529696579,0.02656299618738262,184.46525130126815
joint_reference,synthetic,lot2_F2,N,52.0,0.051,0.20859272155713873,0.15759272155713874,13.132726796428228,0.024835465887785863,172.46851310962404
joint_reference,synthetic,lot2_F2,N,69.5,0.026,0.11935430133659151,0.09335430133659152,7.779525111382626,0.008715025578043134,60.521010958632864
joint_reference,synthetic,lot2_F2,N,72.5,0.035,0.09920626876947726,0.06420626876947726,5.350522397456438,0.00412244494929835,28.628089925682993
joint_reference,synthetic,lot2_F2,N,76.5,0.029,0.06733882821857322,0.03833882821857322,3.194902351547768,0.0014698657491732663,10.207401035925459
joint_reference,synthetic,lot2_F2,N,96.5,0.026,0.0,-0.026,-2.1666666666666665,0.000676,4.694444444444444
joint_reference,synthetic,lot2_F2,N,168.0,0.028,0.0,-0.028,-2.3333333333333335,0.0007840000000000001,5.4444444444444455
joint_reference,synthetic,lot2_F2,N,190.0,0.025,0.0,-0.025,-2.0833333333333335,0.0006250000000000001,4.340277777777779
joint_reference,synthetic,lot2_F2,G,3.174722222222222,96.91,93.74592137073395,-3.1640786292660437,-1.2656314517064176,10.011393572178086,1.601822971548494
joint_reference,synthetic,lot2_F2,G,4.5,97.61,93.58762664421565,-4.022373355784353,-1.6089493423137413,16.179487413323876,2.5887179861318206
joint_reference,synthetic,lot2_F2,G,21.0,91.05,90.93433873908366,-0.11566126091634032,-0.04626450436653613,0.013377527276757754,0.002140404364281241
joint_reference,synthetic,lot2_F2,G,24.0,85.76,90.28904279185035,4.529042791850344,1.8116171167401376,20.512228610411558,3.2819565776658495
joint_reference,synthetic,lot2_F2,G,27.0,85.54,89.58067876661023,4.0406787666102275,1.616271506644091,16.32708489493475,2.6123335831895598
joint_reference,synthetic,lot2_F2,G,45.0,64.86,83.75910557253415,18.899105572534154,7.559642229013662,357.1761914417915,57.14819063068664
joint_reference,synthetic,lot2_F2,G,50.5,57.91,81.31033087960259,23.400330879602592,9.360132351841036,547.5754852748826,87.61207764398121
joint_reference,synthetic,lot2_F2,G,52.0,55.24,80.58413085113081,25.344130851130807,10.137652340452323,642.3249685992404,102.77199497587847
joint_reference,synthetic,lot2_F2,G,69.5,37.48,69.59756794574325,32.117567945743254,12.847027178297301,1031.5381707494346,165.0461073199095
joint_reference,synthetic,lot2_F2,G,72.5,38.95,67.2412438135681,28.2912438135681,11.316497525427241,800.3944765187554,128.06311624300088
joint_reference,synthetic,lot2_F2,G,76.5,32.44,63.741751160974424,31.301751160974426,12.52070046438977,979.7996257435639,156.76794011897022
joint_reference,synthetic,lot2_F2,G,96.5,20.07,43.940321106972235,23.870321106972234,9.548128442788894,569.7922297499641,91.16675675999427
joint_reference,synthetic,lot2_F2,G,168.0,17.74,3.7480298270959644,-13.991970172904034,-5.596788069161613,195.77522931943616,31.324036691109782
joint_reference,synthetic,lot2_F2,G,190.0,0.0,1.0066982465542975,1.0066982465542975,0.40267929862171903,1.0134413596154972,0.16215061753847956
joint_reference,synthetic,lot2_F2,F,3.174722222222222,119.28,118.83204486433515,-0.4479551356648557,-0.15021969673536406,0.20066380356851926,0.022565957287264748
joint_reference,synthetic,lot2_F2,F,4.5,115.01,118.74814763278745,3.738147632787445,1.3001122103425597,13.97374772451438,1.6902917594818163
joint_reference,synthetic,lot2_F2,F,21.0,110.87,117.31987291463629,6.449872914636288,2.327003847618395,41.6008606149588,5.4149469068308145
joint_reference,synthetic,lot2_F2,F,24.0,112.28,116.97059058773985,4.690590587739848,1.671033340840701,22.001640061793655,2.7923524262012345
joint_reference,synthetic,lot2_F2,F,27.0,109.92,116.58470229534223,6.664702295342224,2.425291956092512,44.4182566855399,5.882041072287043
joint_reference,synthetic,lot2_F2,F,45.0,94.29,113.36907595111556,19.079075951115556,7.631630380446222,364.011139148436,58.241782263749755
joint_reference,synthetic,lot2_F2,F,50.5,86.41,111.98459847224889,25.574598472248894,10.229839388899558,654.0600870167555,104.64961392268089
joint_reference,synthetic,lot2_F2,F,52.0,86.85999999999999,111.57382621828289,24.713826218282904,9.885530487313162,610.7732063474874,97.723713015598
joint_reference,synthetic,lot2_F2,F,69.5,72.59,105.07871295694551,32.488712956945506,12.995485182778202,1055.5164695987987,168.8826351358078
joint_reference,synthetic,lot2_F2,F,72.5,70.42,103.6427416742259,33.2227416742259,13.28909666969036,1103.7505643523464,176.60009029637544
joint_reference,synthetic,lot2_F2,F,76.5,69.95,101.41675527539839,31.466755275398384,12.586702110159354,990.1566875618121,158.42507000988994
joint_reference,synthetic,lot2_F2,F,96.5,54.61000000000001,87.44731723912679,32.83731723912678,13.134926895650713,1078.289403463053,172.52630455408848
joint_reference,synthetic,lot2_F2,F,168.0,52.27000000000001,42.5201655183808,-9.74983448161921,-3.8999337926476842,95.05927241897093,15.20948358703535
joint_reference,synthetic,lot2_F2,F,190.0,12.32,30.883033438446233,18.563033438446233,7.425213375378493,344.586210436873,55.133793669899674
joint_reference,synthetic,lot2_F2,E,4.5,3.156,3.191730265004475,0.03573026500447485,0.017865132502237424,0.00127665183729,0.0003191629593225
joint_reference,synthetic,lot2_F2,E,21.0,7.3377,5.015743217886607,-2.321956782113393,-1.1609783910566964,5.391483298002382,1.3478708245005955
joint_reference,synthetic,lot2_F2,E,29.0,11.5194,6.2964747105629115,-5.222925289437088,-2.611462644718544,27.278948579041487,6.819737144760372
joint_reference,synthetic,lot2_F2,E,45.0,25.8003,9.965667811249485,-15.834632188750515,-7.917316094375257,250.7355765530139,62.68389413825348
joint_reference,synthetic,lot2_F2,E,52.0,31.6389,12.165959419316499,-19.4729405806835,-9.73647029034175,379.1954148588302,94.79885371470755
joint_reference,synthetic,lot2_F2,E,69.5,47.2611,19.847529636441735,-27.413570363558264,-13.706785181779132,751.50384007776,187.87596001944
joint_reference,synthetic,lot2_F2,E,76.5,52.7841,23.995841253375207,-28.788258746624795,-14.394129373312397,828.763841662619,207.19096041565476
joint_reference,synthetic,lot2_F2,E,93.5,66.43379999999999,36.958684719316686,-29.475115280683305,-14.737557640341652,868.7824208095705,217.1956052023926
joint_reference,synthetic,lot2_F2,E,96.5,68.1696,39.13906006359039,-29.03053993640961,-14.515269968204805,842.7722489994733,210.69306224986832
joint_reference,synthetic,lot2_F2,E,172.5,95.1534,78.26060493333931,-16.892795066660696,-7.101289104398034,285.36652516419593,50.42830694424223
joint_reference,synthetic,lot2_F2,E,190.0,98.0727,82.7437847530581,-15.328915246941904,-6.252062091465577,234.97564264792797,39.08828039554092
joint_reference,synthetic,lot2_F2,Gly,3.174722222222222,0.32,0.2917239349421687,-0.028276065057831312,-0.08078875730808947,0.0007995358551547089,0.00652682330738538
joint_reference,synthetic,lot2_F2,Gly,4.5,0.36,0.3014365275033415,-0.0585634724966585,-0.16732420713331,0.003429680310866876,0.02799739029279083
joint_reference,synthetic,lot2_F2,Gly,21.0,1.31,0.46399086846028237,-0.8460091315397177,-2.4171689472563362,0.7157314506485873,5.842705719580305
joint_reference,synthetic,lot2_F2,Gly,24.0,1.22,0.5034948339111631,-0.7165051660888369,-2.047157617396677,0.5133796530319917,4.190854310465238
joint_reference,synthetic,lot2_F2,Gly,27.0,1.51,0.5468318935487165,-0.9631681064512835,-2.751908875575096,0.9276928012849509,7.573002459468988
joint_reference,synthetic,lot2_F2,Gly,45.0,3.78,0.902385908806254,-2.877614091193746,-8.221754546267846,8.280662857836807,67.59724781907599
joint_reference,synthetic,lot2_F2,Gly,50.5,3.75,1.051563601337078,-2.6984363986629223,-7.709818281894064,7.281558997628921,59.44129793982793
joint_reference,synthetic,lot2_F2,Gly,69.5,5.39,1.7621249866862891,-3.6278750133137105,-10.365357180896316,13.161477112225956,107.44062948755882
joint_reference,synthetic,lot2_F2,Gly,72.5,5.55,1.904663017142029,-3.645336982857971,-10.415248522451346,13.288481718592054,108.47740178442496
joint_reference,synthetic,lot2_F2,Gly,76.5,5.68,2.115683237136142,-3.5643167628638577,-10.183762179611023,12.70435398603229,103.70901213087585
joint_reference,synthetic,lot2_F2,Gly,96.5,5.97,3.3502062413368825,-2.6197937586631173,-7.485125024751764,6.863319337930223,56.0270966361651
joint_reference,synthetic,lot2_F2,Gly,168.0,5.92,5.919903317135313,-9.66828646866702e-05,-0.00027623675624762915,9.34757632402098e-09,7.630674550221208e-08
joint_reference,synthetic,lot2_F2,Gly,190.0,6.8,6.104084005771999,-0.6959159942280007,-1.988331412080002,0.48429907102234665,3.953461804264055
natural,synthetic,lot2_F3,X,4.5,0.13360464,0.09333589604160406,-0.04026874395839594,-0.6711457326399324,0.0016215717399868496,0.4504365944407916
natural,synthetic,lot2_F3,X,21.0,0.23858184,0.17217729906104273,-0.06640454093895726,-1.106742348982621,0.00440956305731365,1.2248786270315695
natural,synthetic,lot2_F3,X,24.0,0.502281,0.19220224801192518,-0.3100787519880748,-5.1679791998012465,0.09614883243448198,26.708009009578333
natural,synthetic,lot2_F3,X,27.0,0.3645228,0.2141997535162151,-0.1503230464837849,-2.5053841080630814,0.022597018304166154,6.276949528935042
natural,synthetic,lot2_F3,X,29.0,0.42749304,0.23062412168117272,-0.19686891831882727,-3.2811486386471214,0.03875737100002508,10.765936388895858
natural,synthetic,lot2_F3,X,45.0,1.09670085,0.41941304912180527,-0.6772878008781946,-7.719605132956205,0.45871876521842103,59.59230340876378
natural,synthetic,lot2_F3,X,50.5,2.5989264000000003,1.5303049118045589,-1.0686214881954414,-5.139725619949459,1.14195188503304,26.416779448364853
natural,synthetic,lot2_F3,X,52.0,2.458638,1.6186338914864253,-0.8400041085135748,-4.270678056883398,0.7056069023196855,18.238691065545353
natural,synthetic,lot2_F3,X,69.5,1.4054775000000002,1.9746739076475732,0.5691964076475731,5.0623045161481866,0.3239845504789022,25.626927014214324
natural,synthetic,lot2_F3,X,72.5,2.8686319200000003,1.9746739076477051,-0.8939580123522952,-3.8954022216986584,0.7991609278488664,15.174158468814843
natural,synthetic,lot2_F3,X,76.5,2.98821222,1.974673907647706,-1.0135383123522939,-4.2397353238866256,1.027259910605936,17.97535561661203
natural,synthetic,lot2_F3,X,93.5,2.5900056,1.974673907647706,-0.615331692352294,-2.9697411289009086,0.3786330916131382,8.819362372685642
natural,synthetic,lot2_F3,X,96.5,2.66123466,1.974673907647706,-0.6865607523522939,-3.2248224981421494,0.4713656666705478,10.399480144523773
natural,synthetic,lot2_F3,X,168.0,0.6889612799999999,1.9096706483087427,1.2207093683087429,20.345156138479048,1.49013136187673,413.9253782990917
natural,synthetic,lot2_F3,Xd,4.5,0.0310953599999999,0.04494285,0.013847490000000101,0.2307915000000017,0.0001917529793001028,0.053264716472250784
natural,synthetic,lot2_F3,Xd,21.0,0.00921816,0.04494285,0.03572469,0.5954115000000001,0.0012762534755961002,0.3545148543322501
natural,synthetic,lot2_F3,Xd,24.0,0.0242189999999999,0.04494285,0.0207238500000001,0.3453975000000017,0.00042947795882250414,0.11929943300625116
natural,synthetic,lot2_F3,Xd,27.0,0.0167771999999999,0.04494285,0.0281656500000001,0.4694275000000017,0.0007933038399225057,0.2203621777562516
natural,synthetic,lot2_F3,Xd,29.0,0.0069069599999999,0.04494285,0.0380358900000001,0.6339315000000016,0.0014467289280921075,0.4018691466922521
natural,synthetic,lot2_F3,Xd,45.0,0.01839915,0.04494285,0.0265437,0.44239500000000004,0.00070456800969,0.19571333602500005
natural,synthetic,lot2_F3,Xd,50.5,0.0230735999999995,0.04494285,0.0218692500000005,0.36448750000000835,0.0004782640955625218,0.13285113765625609
natural,synthetic,lot2_F3,Xd,52.0,0.029862,0.04494285,0.01508085,0.2513475,0.0002274320367225,0.06317556575625
natural,synthetic,lot2_F3,Xd,69.5,0.0195224999999998,0.04494285,0.0254203500000002,0.42367250000000334,0.0006461941941225102,0.17949838725625283
natural,synthetic,lot2_F3,Xd,72.5,0.0254680799999995,0.04494285,0.0194747700000005,0.32457950000000835,0.0003792666665529194,0.10535185182025542
natural,synthetic,lot2_F3,Xd,76.5,0.0231877799999997,0.04494285,0.0217550700000003,0.36258450000000503,0.000473283070704913,0.13146751964025363
natural,synthetic,lot2_F3,Xd,93.5,0.0229943999999999,0.04494285,0.0219484500000001,0.3658075000000017,0.0004817344574025043,0.13381512705625123
natural,synthetic,lot2_F3,Xd,96.5,0.03696534,0.04494285,0.00797751,0.1329585,6.36406658001e-05,0.01767796272225
natural,synthetic,lot2_F3,Xd,168.0,0.0691387200000001,0.10994610933896505,0.04080738933896495,0.680123155649416,0.0016652430246618705,0.46256750685051967
natural,synthetic,lot2_F3,N,3.1806944444438887,0.174,0.18719576346721206,0.013195763467212074,0.9479715134491432,0.00017412817348260882,0.8986499903110591
natural,synthetic,lot2_F3,N,4.5,0.176,0.1859892537774041,0.009989253777404117,0.7094640466906333,9.978519102938241e-05,0.5033392335466492
natural,synthetic,lot2_F3,N,21.0,0.19,0.1648784839929319,-0.025121516007068107,-1.6527313162544808,0.0006310905664933791,2.7315208037282686
natural,synthetic,lot2_F3,N,24.0,0.145,0.15951655395290384,0.014516553952903855,1.2097128294086545,0.00021073033866756853,1.4634051296358925
natural,synthetic,lot2_F3,N,27.0,0.138,0.20362644727355889,0.06562644727355887,5.468870606129906,0.004306830581749203,29.90854570659169
natural,synthetic,lot2_F3,N,45.0,0.02,0.14867802583090226,0.12867802583090227,10.723168819241856,0.01655803433173835,114.98634952596078
natural,synthetic,lot2_F3,N,50.5,0.027,0.11898534540651007,0.09198534540651007,7.665445450542506,0.008461303769554963,58.7590539552428
natural,synthetic,lot2_F3,N,52.0,0.028,0.09533415854341658,0.06733415854341658,5.6111798786180485,0.0045338889067499605,31.485339630208056
natural,synthetic,lot2_F3,N,69.5,0.025,3.586453305509174e-14,-0.024999999999964138,-2.0833333333303448,0.0006249999999982069,4.340277777765325
natural,synthetic,lot2_F3,N,72.5,0.02,3.065239844966549e-16,-0.019999999999999695,-1.6666666666666412,0.0003999999999999878,2.777777777777693
natural,synthetic,lot2_F3,N,76.5,0.016,6.802618172205406e-20,-0.016,-1.3333333333333333,0.000256,1.7777777777777777
natural,synthetic,lot2_F3,N,96.5,0.015,0.0,-0.015,-1.25,0.000225,1.5625
natural,synthetic,lot2_F3,N,168.0,0.016,0.0,-0.016,-1.3333333333333333,0.000256,1.7777777777777777
natural,synthetic,lot2_F3,G,3.1806944444438887,71.3,71.45270429131239,0.15270429131238927,0.06108171652495571,0.023318600585219045,0.0037309760936350476
natural,synthetic,lot2_F3,G,4.5,71.03,71.28531850586663,0.25531850586662586,0.10212740234665034,0.06518753943796626,0.010430006310074602
natural,synthetic,lot2_F3,G,21.0,66.61,68.42676389077695,1.8167638907769543,0.7267055563107817,3.3006310348310173,0.5281009655729627
natural,synthetic,lot2_F3,G,24.0,61.92,67.72199369861899,5.801993698618986,2.3207974794475943,33.66313087881442,5.386100940610307
natural,synthetic,lot2_F3,G,27.0,61.55,66.95240513445992,5.402405134459926,2.16096205378397,29.18598123683897,4.669756997894234
natural,synthetic,lot2_F3,G,45.0,45.91,60.43852800842005,14.528528008420054,5.811411203368022,211.07812609144597,33.77250017463136
natural,synthetic,lot2_F3,G,50.5,39.65,57.16565532274074,17.51565532274074,7.006262129096297,306.79818138505607,49.08770902160897
natural,synthetic,lot2_F3,G,52.0,36.61,54.72341205574767,18.113412055747673,7.245364822299069,328.09569630130517,52.49531140820882
natural,synthetic,lot2_F3,G,69.5,15.46,26.60784753761925,11.14784753761925,4.4591390150476995,124.27450472200356,19.883920755520567
natural,synthetic,lot2_F3,G,72.5,14.82,22.919934494494786,8.099934494494786,3.2399737977979144,65.6089388151065,10.49743021041704
natural,synthetic,lot2_F3,G,76.5,10.1,18.498618765448963,8.398618765448964,3.3594475061795857,70.53679716735148,11.285887546776237
natural,synthetic,lot2_F3,G,96.5,1.16,3.7285709137018976,2.5685709137018975,1.027428365480759,6.5975565387154,1.055609046194464
natural,synthetic,lot2_F3,G,168.0,0.82,4.390413956543076e-06,-0.8199956095860435,-0.3279982438344174,0.672392799740387,0.10758284795846193
natural,synthetic,lot2_F3,F,3.1806944444438887,87.38000000000001,87.42166882862055,0.04166882862054422,0.016667531448217688,0.001736291278608285,0.0002778066045773256
natural,synthetic,lot2_F3,F,4.5,85.62,87.34001678908784,1.7200167890878362,0.6880067156351345,2.95845775474403,0.47335324075904484
natural,synthetic,lot2_F3,F,21.0,85.11999999999999,85.92816798053512,0.8081679805351314,0.32326719221405253,0.6531354847622325,0.10450167756195719
natural,synthetic,lot2_F3,F,24.0,83.39,85.57425218587892,2.1842521858789183,0.8737008743515673,4.770957611516833,0.7633532178426932
natural,synthetic,lot2_F3,F,27.0,78.67999999999999,85.18813327590239,6.508133275902395,2.603253310360958,42.35579873690804,6.7769277979052855
natural,synthetic,lot2_F3,F,45.0,70.97,81.7121536411115,10.7421536411115,4.2968614564446,115.39386484924506,18.463018375879212
natural,synthetic,lot2_F3,F,50.5,64.27000000000001,79.87053868657897,15.600538686578957,6.240215474631583,243.3768073114467,38.94028916983147
natural,synthetic,lot2_F3,F,52.0,62.82000000000001,78.41043100778549,15.590431007785483,6.236172403114193,243.06153900851908,38.88984624136305
natural,synthetic,lot2_F3,F,69.5,42.0,54.52885950239429,12.52885950239429,5.011543800957716,156.9723204307357,25.11557126891771
natural,synthetic,lot2_F3,F,72.5,40.83,50.323418600501164,9.493418600501165,3.7973674402004662,90.1249967243415,14.419999475894642
natural,synthetic,lot2_F3,F,76.5,33.99,44.79910029892925,10.809100298929245,4.323640119571698,116.83664927231229,18.693863883569964
natural,synthetic,lot2_F3,F,96.5,17.5,18.761259756802232,1.2612597568022323,0.504503902720893,1.5907761741288262,0.2545241878606122
natural,synthetic,lot2_F3,F,168.0,15.87,0.0019335537297969487,-15.868066446270202,-6.347226578508081,251.79553274324624,40.287285238919395
natural,synthetic,lot2_F3,E,4.5,2.5248,2.7508879450501103,0.22608794505011032,0.11304397252505516,0.0511157588969817,0.012778939724245425
natural,synthetic,lot2_F3,E,21.0,6.0753,4.347432113698431,-1.7278678863015697,-0.8639339431507849,2.9855274325122543,0.7463818581280636
natural,synthetic,lot2_F3,E,29.0,9.5469,5.493529227134963,-4.053370772865038,-2.026685386432519,16.429814622316513,4.107453655579128
natural,synthetic,lot2_F3,E,45.0,21.1452,8.964353992453344,-12.180846007546656,-6.090423003773328,148.3730094595653,37.09325236489133
natural,synthetic,lot2_F3,E,52.0,26.037,12.43715937180325,-13.599840628196748,-6.799920314098374,184.9556651123509,46.23891627808773
natural,synthetic,lot2_F3,E,69.5,45.6831,35.17093927469768,-10.512160725302323,-5.256080362651161,110.50552311458866,27.626380778647164
natural,synthetic,lot2_F3,E,76.5,52.3896,43.712613285641666,-8.676986714358335,-4.338493357179168,75.29009844115106,18.822524610287765
natural,synthetic,lot2_F3,E,93.5,65.48700000000001,62.02851543974055,-3.458484560259457,-1.7292422801297285,11.961115453553049,2.990278863388262
natural,synthetic,lot2_F3,E,96.5,66.5916,64.80136707015106,-1.7902329298489406,-0.8951164649244703,3.2049339431155217,0.8012334857788804
natural,synthetic,lot2_F3,E,168.0,76.8486,77.85051028726308,1.0019102872630725,0.5009551436315363,1.0038242237235724,0.2509560559308931
natural,synthetic,lot2_F3,Gly,3.1806944444438887,0.35,0.4445896310894799,0.09458963108947993,0.2702560888270855,0.008947198309643908,0.07303835354811354
natural,synthetic,lot2_F3,Gly,4.5,0.34,0.45550937866052443,0.11550937866052441,0.3300267961729269,0.013342416558540411,0.10891768619216664
natural,synthetic,lot2_F3,Gly,21.0,0.66,0.641837528612411,-0.018162471387589085,-0.05189277539311168,0.0003298753669049922,0.0026928601379999366
natural,synthetic,lot2_F3,Gly,24.0,0.99,0.6877283273645644,-0.30227167263543564,-0.863633350386959,0.09136816407782397,0.7458625639006039
natural,synthetic,lot2_F3,Gly,27.0,1.12,0.7378289018167378,-0.38217109818326234,-1.0919174233807496,0.14605474828660073,1.192283659482455
natural,synthetic,lot2_F3,Gly,45.0,2.15,1.160391659878937,-0.9896083401210629,-2.8274524003458943,0.9793246668371653,7.994487076221759
natural,synthetic,lot2_F3,Gly,50.5,2.93,1.3720764304839488,-1.5579235695160514,-4.45121019861729,2.427125848453635,19.813272232274578
natural,synthetic,lot2_F3,Gly,69.5,5.04,3.385413487409605,-1.6545865125903951,-4.727390035972558,2.737656527646046,22.348216552212623
natural,synthetic,lot2_F3,Gly,72.5,5.49,3.63171061980456,-1.85828938019544,-5.30939822912983,3.453239420547153,28.18970955548697
natural,synthetic,lot2_F3,Gly,76.5,5.18,3.9268868281647737,-1.253113171835226,-3.580323348100646,1.5702926214269406,12.81871527695462
natural,synthetic,lot2_F3,Gly,96.5,5.46,4.911927909937503,-0.5480720900624974,-1.565920257321421,0.3003830159054742,2.4521062522895853
natural,synthetic,lot2_F3,Gly,168.0,5.37,5.1583334739087014,-0.21166652609129866,-0.6047615031179961,0.04480271826755842,0.36573647565353806
synthetic,synthetic,lot2_F3,X,4.5,0.13360464,0.10452972339700861,-0.029074916602991385,-0.4845819433831898,0.0008453507754709041,0.23481965985302894
synthetic,synthetic,lot2_F3,X,21.0,0.23858184,0.28443701265719573,0.04585517265719574,0.7642528776199291,0.002102696859421232,0.5840824609503423
synthetic,synthetic,lot2_F3,X,24.0,0.502281,0.3393335716883314,-0.16294742831166859,-2.715790471861143,0.026551864393386373,7.375517887051771
synthetic,synthetic,lot2_F3,X,27.0,0.3645228,0.4034860768473096,0.0389632768473096,0.64938794745516,0.0015181369426800924,0.4217047063000257
synthetic,synthetic,lot2_F3,X,29.0,0.42749304,0.4543854051860282,0.026892365186028222,0.4482060864338037,0.0007231993052987028,0.20088869591630634
synthetic,synthetic,lot2_F3,X,45.0,1.09670085,0.9107669584759995,-0.18593389152400042,-2.1192412170100945,0.03457141201725875,4.491183335874426
synthetic,synthetic,lot2_F3,X,50.5,2.5989264000000003,1.9115749550188894,-0.6873514449811109,-3.305939353366792,0.4724520089176211,10.92923500813924
synthetic,synthetic,lot2_F3,X,52.0,2.458638,1.911575325502951,-0.547062674497049,-2.781329919741382,0.29927756982786424,7.735796122448603
synthetic,synthetic,lot2_F3,X,69.5,1.4054775000000002,1.9115753368437238,0.5060978368437237,4.501120053893816,0.2561350204578963,20.260081739565067
synthetic,synthetic,lot2_F3,X,72.5,2.8686319200000003,1.9115753368437238,-0.9570565831562765,-4.1703528452174,0.9159573033627668,17.391842853612868
synthetic,synthetic,lot2_F3,X,76.5,2.98821222,1.9115753368437238,-1.076636883156276,-4.503683155225652,1.1591469781724608,20.28316196266329
synthetic,synthetic,lot2_F3,X,93.5,2.5900056,1.9115753368437238,-0.6784302631562762,-3.2742702523320615,0.46026762196629417,10.720845685306662
synthetic,synthetic,lot2_F3,X,96.5,2.66123466,1.9115753368437238,-0.749659323156276,-3.521200772070754,0.5619891007951259,12.398854877231674
synthetic,synthetic,lot2_F3,X,168.0,0.6889612799999999,1.707381284658233,1.0184200046582332,16.973666744303888,1.0371793058880758,288.1053627466877
synthetic,synthetic,lot2_F3,Xd,4.5,0.0310953599999999,0.04494285,0.013847490000000101,0.2307915000000017,0.0001917529793001028,0.053264716472250784
synthetic,synthetic,lot2_F3,Xd,21.0,0.00921816,0.04494285,0.03572469,0.5954115000000001,0.0012762534755961002,0.3545148543322501
synthetic,synthetic,lot2_F3,Xd,24.0,0.0242189999999999,0.04494285,0.0207238500000001,0.3453975000000017,0.00042947795882250414,0.11929943300625116
synthetic,synthetic,lot2_F3,Xd,27.0,0.0167771999999999,0.04494285,0.0281656500000001,0.4694275000000017,0.0007933038399225057,0.2203621777562516
synthetic,synthetic,lot2_F3,Xd,29.0,0.0069069599999999,0.04494285,0.0380358900000001,0.6339315000000016,0.0014467289280921075,0.4018691466922521
synthetic,synthetic,lot2_F3,Xd,45.0,0.01839915,0.04494285,0.0265437,0.44239500000000004,0.00070456800969,0.19571333602500005
synthetic,synthetic,lot2_F3,Xd,50.5,0.0230735999999995,0.04494285,0.0218692500000005,0.36448750000000835,0.0004782640955625218,0.13285113765625609
synthetic,synthetic,lot2_F3,Xd,52.0,0.029862,0.04494285,0.01508085,0.2513475,0.0002274320367225,0.06317556575625
synthetic,synthetic,lot2_F3,Xd,69.5,0.0195224999999998,0.04494285,0.0254203500000002,0.42367250000000334,0.0006461941941225102,0.17949838725625283
synthetic,synthetic,lot2_F3,Xd,72.5,0.0254680799999995,0.04494285,0.0194747700000005,0.32457950000000835,0.0003792666665529194,0.10535185182025542
synthetic,synthetic,lot2_F3,Xd,76.5,0.0231877799999997,0.04494285,0.0217550700000003,0.36258450000000503,0.000473283070704913,0.13146751964025363
synthetic,synthetic,lot2_F3,Xd,93.5,0.0229943999999999,0.04494285,0.0219484500000001,0.3658075000000017,0.0004817344574025043,0.13381512705625123
synthetic,synthetic,lot2_F3,Xd,96.5,0.03696534,0.04494285,0.00797751,0.1329585,6.36406658001e-05,0.01767796272225
synthetic,synthetic,lot2_F3,Xd,168.0,0.0691387200000001,0.24913690218549214,0.17999818218549204,2.999969703091534,0.032399345590081584,8.999818219467107
synthetic,synthetic,lot2_F3,N,3.1806944444438887,0.174,0.18481861380080797,0.01081861380080798,0.7771992672994239,0.00011704240457103289,0.6040387010907614
synthetic,synthetic,lot2_F3,N,4.5,0.176,0.18246125718404704,0.006461257184047053,0.4588961068215237,4.174784439839966e-05,0.2105856368559513
synthetic,synthetic,lot2_F3,N,21.0,0.19,0.13064079750380703,-0.059359202496192975,-3.9052106905390116,0.0035235149209840422,15.250670537500184
synthetic,synthetic,lot2_F3,N,24.0,0.145,0.11482840360050771,-0.03017159639949228,-2.51429969995769,0.0009103252292938556,6.321702981207329
synthetic,synthetic,lot2_F3,N,27.0,0.138,0.14634992882248266,0.008349928822482644,0.6958274018735536,6.972131134052639e-05,0.4841757731980999
synthetic,synthetic,lot2_F3,N,45.0,0.02,0.00023284495614542887,-0.01976715504385457,-1.6472629203212141,0.0003907404185277852,2.713475128665175
synthetic,synthetic,lot2_F3,N,50.5,0.027,1.0979324690170873e-07,-0.0269998902067531,-2.2499908505627584,0.0007289940711767219,5.062458827616125
synthetic,synthetic,lot2_F3,N,52.0,0.028,3.079091691155515e-09,-0.02799999692090831,-2.3333330767423592,0.0007839998275708749,5.444443247019964
synthetic,synthetic,lot2_F3,N,69.5,0.025,0.0,-0.025,-2.0833333333333335,0.0006250000000000001,4.340277777777779
synthetic,synthetic,lot2_F3,N,72.5,0.02,0.0,-0.02,-1.6666666666666667,0.0004,2.777777777777778
synthetic,synthetic,lot2_F3,N,76.5,0.016,0.0,-0.016,-1.3333333333333333,0.000256,1.7777777777777777
synthetic,synthetic,lot2_F3,N,96.5,0.015,0.0,-0.015,-1.25,0.000225,1.5625
synthetic,synthetic,lot2_F3,N,168.0,0.016,0.0,-0.016,-1.3333333333333333,0.000256,1.7777777777777777
synthetic,synthetic,lot2_F3,G,3.1806944444438887,71.3,71.32404675275748,0.024046752757485024,0.00961870110299401,0.0005782463181796135,9.251941090873817e-05
synthetic,synthetic,lot2_F3,G,4.5,71.03,71.08839779092754,0.05839779092754327,0.023359116371017306,0.0034103019852170548,0.0005456483176347288
synthetic,synthetic,lot2_F3,G,21.0,66.61,66.29463425883309,-0.3153657411669144,-0.12614629646676576,0.09945555070175725,0.01591288811228116
synthetic,synthetic,lot2_F3,G,24.0,61.92,64.94847870310993,3.0284787031099256,1.2113914812439703,9.171683255190377,1.4674693208304606
synthetic,synthetic,lot2_F3,G,27.0,61.55,63.430294647132094,1.8802946471320965,0.7521178588528386,3.5355079600336152,0.5656812736053783
synthetic,synthetic,lot2_F3,G,45.0,45.91,50.05601466050557,4.146014660505571,1.6584058642022286,17.189437565127125,2.7503100104203404
synthetic,synthetic,lot2_F3,G,50.5,39.65,45.49184741858912,5.8418474185891185,2.3367389674356476,34.12718126207635,5.460349001932216
synthetic,synthetic,lot2_F3,G,52.0,36.61,43.26907715741382,6.659077157413819,2.6636308629655274,44.34330858839051,7.09492937414248
synthetic,synthetic,lot2_F3,G,69.5,15.46,22.245406126887765,6.785406126887764,2.7141624507551056,46.04173630680601,7.366677809088961
synthetic,synthetic,lot2_F3,G,72.5,14.82,19.658713359771735,4.8387133597717344,1.9354853439086939,23.413146978033467,3.746103516485355
synthetic,synthetic,lot2_F3,G,76.5,10.1,16.599582083242446,6.499582083242446,2.5998328332969782,42.244567256806214,6.7591307610889935
synthetic,synthetic,lot2_F3,G,96.5,1.16,6.400839656923782,5.240839656923782,2.096335862769513,27.466400309584987,4.394624049533599
synthetic,synthetic,lot2_F3,G,168.0,0.82,0.025315213393368473,-0.7946847866066314,-0.3178739146426526,0.6315239100640273,0.10104382561024437
synthetic,synthetic,lot2_F3,F,3.1806944444438887,87.38000000000001,87.3197011918091,-0.060298808190907494,-0.024119523276363,0.0036359462692438526,0.0005817514030790165
synthetic,synthetic,lot2_F3,F,4.5,85.62,87.18749675789903,1.567496757899022,0.6269987031596088,2.4570460860239454,0.3931273737638313
synthetic,synthetic,lot2_F3,F,21.0,85.11999999999999,84.43435899428324,-0.6856410057167466,-0.2742564022866986,0.4701035887202717,0.07521657419524347
synthetic,synthetic,lot2_F3,F,24.0,83.39,83.6364273828323,0.24642738283229448,0.09857095313291779,0.06072645500957423,0.009716232801531876
synthetic,synthetic,lot2_F3,F,27.0,78.67999999999999,82.72999800514404,4.049998005144047,1.619999202057619,16.40248384167076,2.6243974146673223
synthetic,synthetic,lot2_F3,F,45.0,70.97,73.80429436680758,2.8342943668075833,1.1337177467230333,8.0332245577172,1.2853159292347518
synthetic,synthetic,lot2_F3,F,50.5,64.27000000000001,70.4065690203489,6.136569020348887,2.4546276081395546,37.6574793415057,6.025196694640911
synthetic,synthetic,lot2_F3,F,52.0,62.82000000000001,68.61648668931863,5.796486689318627,2.318594675727451,33.599257939448016,5.375881270311683
synthetic,synthetic,lot2_F3,F,69.5,42.0,44.59269783594576,2.5926978359457635,1.0370791343783055,6.722082068517845,1.0755331309628553
synthetic,synthetic,lot2_F3,F,72.5,40.83,40.69269336597081,-0.13730663402918708,-0.05492265361167483,0.018853111748425116,0.0030164978797480183
synthetic,synthetic,lot2_F3,F,76.5,33.99,35.71419165605753,1.7241916560575277,0.6896766624230111,2.9728368668183998,0.475653898690944
synthetic,synthetic,lot2_F3,F,96.5,17.5,14.46698213887821,-3.03301786112179,-1.213207144448716,9.199197345883798,1.4718715753414078
synthetic,synthetic,lot2_F3,F,168.0,15.87,0.0009166466614644036,-15.869083353338535,-6.347633341335414,251.82780647520622,40.292449036033
synthetic,synthetic,lot2_F3,E,4.5,2.5248,2.99646090833475,0.47166090833475005,0.23583045416737503,0.22246401245116149,0.05561600311279037
synthetic,synthetic,lot2_F3,E,21.0,6.0753,6.557189129532146,0.4818891295321457,0.24094456476607284,0.2322171331612491,0.05805428329031227
synthetic,synthetic,lot2_F3,E,29.0,9.5469,9.554121613684135,0.007221613684134098,0.003610806842067049,5.215170420287286e-05,1.3037926050718216e-05
synthetic,synthetic,lot2_F3,E,45.0,21.1452,19.14950188472273,-1.9956981152772677,-0.9978490576386339,3.9828109673212384,0.9957027418303096
synthetic,synthetic,lot2_F3,E,52.0,26.037,24.864094733005007,-1.1729052669949915,-0.5864526334974958,1.3757067653445925,0.3439266913361481
synthetic,synthetic,lot2_F3,E,69.5,45.6831,45.95015444044153,0.2670544404415267,0.13352722022076335,0.07131807415953693,0.017829518539884234
synthetic,synthetic,lot2_F3,E,76.5,52.3896,52.63675224901196,0.2471522490119611,0.12357612450598054,0.061084234191670424,0.015271058547917606
synthetic,synthetic,lot2_F3,E,93.5,65.48700000000001,65.15868560179354,-0.3283143982064729,-0.16415719910323645,0.10779034406967845,0.026947586017419613
synthetic,synthetic,lot2_F3,E,96.5,66.5916,66.88831412783755,0.29671412783754647,0.14835706391877324,0.08803927365839587,0.022009818414598967
synthetic,synthetic,lot2_F3,E,168.0,76.8486,75.92147144497102,-0.9271285550289861,-0.46356427751449303,0.8595673575501356,0.2148918393875339
synthetic,synthetic,lot2_F3,Gly,3.1806944444438887,0.35,0.4508456823447287,0.10084568234472874,0.28813052098493924,0.010169851647573933,0.08301919712305252
synthetic,synthetic,lot2_F3,Gly,4.5,0.34,0.4651960749138341,0.12519607491383405,0.35770307118238304,0.015674057173830348,0.12795148713330898
synthetic,synthetic,lot2_F3,Gly,21.0,0.66,0.7569860642273448,0.09698606422734479,0.27710304064955654,0.009406296654310649,0.07678609513722978
synthetic,synthetic,lot2_F3,Gly,24.0,0.99,0.8389097921870569,-0.15109020781294313,-0.4316863080369804,0.022828250896958342,0.18635306854659872
synthetic,synthetic,lot2_F3,Gly,27.0,1.12,0.931247015893149,-0.18875298410685115,-0.539294240305289,0.0356276890092412,0.29083827762645886
synthetic,synthetic,lot2_F3,Gly,45.0,2.15,1.7534398113073455,-0.3965601886926544,-1.1330291105504413,0.15725998325595367,1.2837549653547242
synthetic,synthetic,lot2_F3,Gly,50.5,2.93,2.0431942684840823,-0.8868057315159179,-2.5337306614740513,0.7864244054494822,6.419791064893734
synthetic,synthetic,lot2_F3,Gly,69.5,5.04,3.58218923841503,-1.45781076158497,-4.165173604528486,2.12521221659295,17.34867115586082
synthetic,synthetic,lot2_F3,Gly,72.5,5.49,3.760963493415509,-1.729036506584491,-4.940104304527117,2.9895672411019008,24.40463053960735
synthetic,synthetic,lot2_F3,Gly,76.5,5.18,3.9750363875274344,-1.2049636124725653,-3.442753178493044,1.4519373073829347,11.852549448023957
synthetic,synthetic,lot2_F3,Gly,96.5,5.46,4.7214667524219545,-0.7385332475780455,-2.1100949930801303,0.5454313577781746,4.452500879821835
synthetic,synthetic,lot2_F3,Gly,168.0,5.37,5.166804215085547,-0.20319578491445345,-0.5805593854698671,0.04128852700700083,0.3370492000571497
joint_reference,synthetic,lot2_F3,X,4.5,0.13360464,0.0896873775779022,-0.0439172624220978,-0.73195437370163,0.0019287259386514034,0.5357572051809454
joint_reference,synthetic,lot2_F3,X,21.0,0.23858184,0.1439653810427857,-0.0946164589572143,-1.5769409826202383,0.008952274305602217,2.4867428626672825
joint_reference,synthetic,lot2_F3,X,24.0,0.502281,0.15677029965580422,-0.34551070034419573,-5.758511672403262,0.11937764405233661,33.160456681204614
joint_reference,synthetic,lot2_F3,X,27.0,0.3645228,0.17048734671058668,-0.1940354532894133,-3.2339242214902217,0.03764975713322809,10.458265870341137
joint_reference,synthetic,lot2_F3,X,29.0,0.42749304,0.18050373574185638,-0.2469893042581436,-4.116488404302394,0.061003716417921836,16.945476782756067
joint_reference,synthetic,lot2_F3,X,45.0,1.09670085,0.28708535078439296,-0.809615499215607,-9.227852554500243,0.6554772565701367,85.15326276759667
joint_reference,synthetic,lot2_F3,X,50.5,2.5989264000000003,1.350048559036666,-1.2488778409633343,-6.00670069457976,1.5596958616492393,36.08045323426497
joint_reference,synthetic,lot2_F3,X,52.0,2.458638,1.4115049024343647,-1.0471330975656354,-5.323745797295268,1.0964877240174027,28.342269314219028
joint_reference,synthetic,lot2_F3,X,69.5,1.4054775000000002,2.0668232495338743,0.6613457495338741,5.88185998649813,0.4373782004265218,34.596276900767776
joint_reference,synthetic,lot2_F3,X,72.5,2.8686319200000003,2.0668232598627734,-0.801808660137227,-3.4938634621744487,0.6428971274710551,12.207081892317625
joint_reference,synthetic,lot2_F3,X,76.5,2.98821222,2.0668232599728977,-0.9213889600271021,-3.8542650763735837,0.8489576156598249,14.855359278953067
joint_reference,synthetic,lot2_F3,X,93.5,2.5900056,2.066823259973243,-0.5231823400267572,-2.5250058340933568,0.2737197609158734,6.375654462205488
joint_reference,synthetic,lot2_F3,X,96.5,2.66123466,2.066823259973243,-0.5944114000267571,-2.791990729721844,0.35332491248176945,7.795212234852715
joint_reference,synthetic,lot2_F3,X,168.0,0.6889612799999999,2.066823259973243,1.3778619799732428,22.96436633288738,1.898503635855785,527.3621210710513
joint_reference,synthetic,lot2_F3,Xd,4.5,0.0310953599999999,0.04494285,0.013847490000000101,0.2307915000000017,0.0001917529793001028,0.053264716472250784
joint_reference,synthetic,lot2_F3,Xd,21.0,0.00921816,0.04494285,0.03572469,0.5954115000000001,0.0012762534755961002,0.3545148543322501
joint_reference,synthetic,lot2_F3,Xd,24.0,0.0242189999999999,0.04494285,0.0207238500000001,0.3453975000000017,0.00042947795882250414,0.11929943300625116
joint_reference,synthetic,lot2_F3,Xd,27.0,0.0167771999999999,0.04494285,0.0281656500000001,0.4694275000000017,0.0007933038399225057,0.2203621777562516
joint_reference,synthetic,lot2_F3,Xd,29.0,0.0069069599999999,0.04494285,0.0380358900000001,0.6339315000000016,0.0014467289280921075,0.4018691466922521
joint_reference,synthetic,lot2_F3,Xd,45.0,0.01839915,0.04494285,0.0265437,0.44239500000000004,0.00070456800969,0.19571333602500005
joint_reference,synthetic,lot2_F3,Xd,50.5,0.0230735999999995,0.04494285,0.0218692500000005,0.36448750000000835,0.0004782640955625218,0.13285113765625609
joint_reference,synthetic,lot2_F3,Xd,52.0,0.029862,0.04494285,0.01508085,0.2513475,0.0002274320367225,0.06317556575625
joint_reference,synthetic,lot2_F3,Xd,69.5,0.0195224999999998,0.04494285,0.0254203500000002,0.42367250000000334,0.0006461941941225102,0.17949838725625283
joint_reference,synthetic,lot2_F3,Xd,72.5,0.0254680799999995,0.04494285,0.0194747700000005,0.32457950000000835,0.0003792666665529194,0.10535185182025542
joint_reference,synthetic,lot2_F3,Xd,76.5,0.0231877799999997,0.04494285,0.0217550700000003,0.36258450000000503,0.000473283070704913,0.13146751964025363
joint_reference,synthetic,lot2_F3,Xd,93.5,0.0229943999999999,0.04494285,0.0219484500000001,0.3658075000000017,0.0004817344574025043,0.13381512705625123
joint_reference,synthetic,lot2_F3,Xd,96.5,0.03696534,0.04494285,0.00797751,0.1329585,6.36406658001e-05,0.01767796272225
joint_reference,synthetic,lot2_F3,Xd,168.0,0.0691387200000001,0.04494285,-0.0241958700000001,-0.40326450000000164,0.0005854401250569047,0.16262225696025132
joint_reference,synthetic,lot2_F3,N,3.1806944444438887,0.174,0.18806509216912162,0.014065092169121635,1.0104232880116117,0.00019782681772588672,1.0209552209561965
joint_reference,synthetic,lot2_F3,N,4.5,0.176,0.18724901583244932,0.011249015832449333,0.7989357835546402,0.00012654035719869574,0.638298386244067
joint_reference,synthetic,lot2_F3,N,21.0,0.19,0.17407029306174568,-0.015929706938254323,-1.0480070354114686,0.00025375556313866795,1.098318746271935
joint_reference,synthetic,lot2_F3,N,24.0,0.145,0.1709612532715925,0.025961253271592516,2.1634377726327094,0.0006739866714317731,4.680462996053979
joint_reference,synthetic,lot2_F3,N,27.0,0.138,0.21763074830037285,0.07963074830037284,6.635895691697736,0.006341056074877332,44.035111631092576
joint_reference,synthetic,lot2_F3,N,45.0,0.02,0.18932070236619927,0.16932070236619928,14.110058530516607,0.028669500249783042,199.09375173460447
joint_reference,synthetic,lot2_F3,N,50.5,0.027,0.1740332081080946,0.14703320810809462,12.252767342341217,0.02161876428655826,150.13030754554345
joint_reference,synthetic,lot2_F3,N,52.0,0.028,0.1591115812899042,0.13111158128990422,10.925965107492019,0.01719024674833916,119.37671353013307
joint_reference,synthetic,lot2_F3,N,69.5,0.025,2.5346605179066353e-09,-0.024999997465339485,-2.0833331221116236,0.0006249998732669806,4.340276897687365
joint_reference,synthetic,lot2_F3,N,72.5,0.02,2.6799393469209568e-11,-0.019999999973200608,-1.6666666644333838,0.00039999999892802434,2.777777770333502
joint_reference,synthetic,lot2_F3,N,76.5,0.016,6.131451170074289e-14,-0.015999999999938685,-1.3333333333282238,0.0002559999999980379,1.7777777777641524
joint_reference,synthetic,lot2_F3,N,96.5,0.015,0.0,-0.015,-1.25,0.000225,1.5625
joint_reference,synthetic,lot2_F3,N,168.0,0.016,0.0,-0.016,-1.3333333333333333,0.000256,1.7777777777777777
joint_reference,synthetic,lot2_F3,G,3.1806944444438887,71.3,71.49723673247145,0.19723673247145257,0.07889469298858102,0.03890232863601535,0.006224372581762456
joint_reference,synthetic,lot2_F3,G,4.5,71.03,71.35187632220664,0.3218763222066343,0.12875052888265373,0.10360436679726907,0.016576698687563052
joint_reference,synthetic,lot2_F3,G,21.0,66.61,69.04075565072523,2.4307556507252315,0.9723022602900926,5.908573033532644,0.945371685365223
joint_reference,synthetic,lot2_F3,G,24.0,61.92,68.50615935575675,6.586159355756749,2.6344637423026995,43.37749505942215,6.940399209507545
joint_reference,synthetic,lot2_F3,G,27.0,61.55,67.93289321364655,6.382893213646554,2.5531572854586218,40.74132577681523,6.5186121242904385
joint_reference,synthetic,lot2_F3,G,45.0,45.91,63.40652673546801,17.496526735468017,6.998610694187207,306.1284478049471,48.98055164879153
joint_reference,synthetic,lot2_F3,G,50.5,39.65,61.07424416205849,21.424244162058493,8.569697664823398,458.9982379154974,73.4397180664796
joint_reference,synthetic,lot2_F3,G,52.0,36.61,58.94235851581954,22.332358515819543,8.932943406327817,498.73423687909764,79.79747790065564
joint_reference,synthetic,lot2_F3,G,69.5,15.46,30.946388349160934,15.486388349160933,6.194555339664373,239.82822410102747,38.3725158561644
joint_reference,synthetic,lot2_F3,G,72.5,14.82,26.887350010343877,12.067350010343876,4.82694000413755,145.62093627214634,23.299349803543414
joint_reference,synthetic,lot2_F3,G,76.5,10.1,21.982296670295487,11.882296670295487,4.752918668118195,141.18897416091522,22.590235865746433
joint_reference,synthetic,lot2_F3,G,96.5,1.16,5.3477304872034965,4.187730487203496,1.6750921948813986,17.537086633453633,2.8059338613525813
joint_reference,synthetic,lot2_F3,G,168.0,0.82,0.0001460322859555732,-0.8198539677140444,-0.32794158708561777,0.6721605283764613,0.10754568454023382
joint_reference,synthetic,lot2_F3,F,3.1806944444438887,87.38000000000001,87.41860027098939,0.03860027098937735,0.01544010839575094,0.0014899809204533666,0.00023839694727253866
joint_reference,synthetic,lot2_F3,F,4.5,85.62,87.33621242517519,1.7162124251751862,0.6864849700700745,2.9453850883256942,0.47126161413211104
joint_reference,synthetic,lot2_F3,F,21.0,85.11999999999999,86.01979757189113,0.899797571891142,0.35991902875645676,0.8096356703811948,0.12954170726099115
joint_reference,synthetic,lot2_F3,F,24.0,83.39,85.7132235111587,2.3232235111587016,0.9292894044634806,5.397367482800566,0.8635787972480905
joint_reference,synthetic,lot2_F3,F,27.0,78.67999999999999,85.38523238565335,6.70523238565336,2.682092954261344,44.96014134561466,7.193622615298344
joint_reference,synthetic,lot2_F3,F,45.0,70.97,82.72214563223969,11.752145632239689,4.700858252895875,138.1129269613704,22.098068313819258
joint_reference,synthetic,lot2_F3,F,50.5,64.27000000000001,81.3238693339344,17.053869333934387,6.821547733573754,290.83445925890766,46.533513481425224
joint_reference,synthetic,lot2_F3,F,52.0,62.82000000000001,80.00715442995465,17.187154429954646,6.874861771981858,295.3982773991096,47.263724383857536
joint_reference,synthetic,lot2_F3,F,69.5,42.0,59.08155891354961,17.081558913549607,6.832623565419842,291.779654917066,46.68474478673056
joint_reference,synthetic,lot2_F3,F,72.5,40.83,55.51598340604454,14.685983406044542,5.874393362417817,215.67810860261565,34.508497376418504
joint_reference,synthetic,lot2_F3,F,76.5,33.99,50.941132720118446,16.951132720118444,6.780453088047378,287.3409004950701,45.97454407921122
joint_reference,synthetic,lot2_F3,F,96.5,17.5,30.125251424672854,12.625251424672854,5.050100569869142,159.39697353620392,25.50351576579263
joint_reference,synthetic,lot2_F3,F,168.0,15.87,1.6925042107191477e-05,-15.869983074957892,-6.347993229983157,251.85636279944995,40.29701804791199
joint_reference,synthetic,lot2_F3,E,4.5,2.5248,2.783057344514441,0.25825734451444093,0.12912867225722047,0.06669685599565063,0.016674213998912658
joint_reference,synthetic,lot2_F3,E,21.0,6.0753,4.410423799690371,-1.6648762003096298,-0.8324381001548149,2.7718127623574307,0.6929531905893577
joint_reference,synthetic,lot2_F3,E,29.0,9.5469,5.479073765018538,-4.067826234981463,-2.0339131174907314,16.547210278003465,4.136802569500866
joint_reference,synthetic,lot2_F3,E,45.0,21.1452,8.3983728477514,-12.7468271522486,-6.3734135761243,162.48160244930213,40.62040061232553
joint_reference,synthetic,lot2_F3,E,52.0,26.037,11.58391897008801,-14.453081029911989,-7.226540514955994,208.8915512572018,52.22288781430045
joint_reference,synthetic,lot2_F3,E,69.5,45.6831,33.19676448770176,-12.48633551229824,-6.24316775614912,155.90857452568014,38.977143631420034
joint_reference,synthetic,lot2_F3,E,76.5,52.3896,40.90824584576497,-11.481354154235035,-5.7406770771175175,131.8214932149701,32.955373303742526
joint_reference,synthetic,lot2_F3,E,93.5,65.48700000000001,55.42158243598535,-10.065417564014659,-5.0327087820073295,101.31263073797479,25.328157684493696
joint_reference,synthetic,lot2_F3,E,96.5,66.5916,57.42267002503949,-9.168929974960513,-4.584464987480256,84.0692768857294,21.01731922143235
joint_reference,synthetic,lot2_F3,E,168.0,76.8486,71.71703859166485,-5.131561408335159,-2.5657807041675795,26.332922487514722,6.5832306218786805
joint_reference,synthetic,lot2_F3,Gly,3.1806944444438887,0.35,0.44048332093086007,0.09048332093086009,0.2585237740881717,0.008187231366677023,0.06683454176879203
joint_reference,synthetic,lot2_F3,Gly,4.5,0.34,0.4494411727514284,0.1094411727514284,0.31268906500408117,0.011977370293207994,0.0977744513731265
joint_reference,synthetic,lot2_F3,Gly,21.0,0.66,0.5917850219782911,-0.06821497802170895,-0.19489993720488272,0.004653283226502235,0.03798598552246723
joint_reference,synthetic,lot2_F3,Gly,24.0,0.99,0.6246880069052454,-0.3653119930947546,-1.0437485516992988,0.13345285229886203,1.0894110391743839
joint_reference,synthetic,lot2_F3,Gly,27.0,1.12,0.6599712534218718,-0.4600287465781283,-1.314367847366081,0.2116264476782438,1.7275628381897454
joint_reference,synthetic,lot2_F3,Gly,45.0,2.15,0.9378286132662017,-1.2121713867337982,-3.4633468192394234,1.4693594708161393,11.994771190335833
joint_reference,synthetic,lot2_F3,Gly,50.5,2.93,1.0807373032994942,-1.849262696700506,-5.283607704858588,3.4197725214080275,27.91651037884104
joint_reference,synthetic,lot2_F3,Gly,69.5,5.04,2.9356927486337066,-2.1043072513662935,-6.012306432475125,4.428109008152765,36.14782863798176
joint_reference,synthetic,lot2_F3,Gly,72.5,5.49,3.1941947234567243,-2.295805276543276,-6.559443647266503,5.270721867803948,43.02630096166489
joint_reference,synthetic,lot2_F3,Gly,76.5,5.18,3.506790658848989,-1.6732093411510105,-4.780598117574316,2.7996294993149986,22.854118361755095
joint_reference,synthetic,lot2_F3,Gly,96.5,5.46,4.572030924763778,-0.8879690752362217,-2.537054500674919,0.7884890785758708,6.436645539394863
joint_reference,synthetic,lot2_F3,Gly,168.0,5.37,4.936753183620797,-0.4332468163792029,-1.2378480467977226,0.18770280390271477,1.532267786960937
